smiles,ID,active_ID,%C,real_activity,U5,U4,U1,U3,U2,autoph4,dbautoph4,elucidator,reversefp
S(=O)(=O)(Nc1c(O)cc(C(O)=O)cc1)c1c(C(O)=O)scc1,116,116,71.493423,1,1,0,1,0,0,1,1,1,1
S(=O)(=O)(Nc1ccc(C(O)=O)cc1)c1c(C(=O)[O-])scc1,113,113,79.309471,1,1,0,0,0,0,1,1,1,1
S(=O)(=O)(Nc1cc(C(O)=O)ccc1)c1c(C(=O)[O-])scc1,114,114,95.87426,1,1,0,1,0,1,1,1,1,1
Clc1c(C(O)=O)ccc(NS(=O)(=O)c2c(C(=O)[O-])scc2)c1,115,115,87.06395,1,1,0,1,0,0,1,1,1,1
OC(=O)[C@@H](Cc1cccc2ccccc12)N1C(=O)c2cc(C(O)=O)ccc2C1=O,211,211,99.463623,1,0,0,0,0,0,0,0,1,0
Clc1c(Cl)ccc(NS(=O)(=O)c2c(C(O)=O)scc2)c1,119,119,96.322487,1,1,0,0,0,1,1,1,1,1
S(=O)(=O)(Nc1c([N+](=O)[O-])cccc1)c1c(C(O)=O)scc1,118,118,50.621109,1,0,0,0,0,0,0,0,1,0
S(=O)(=O)(Nc1c(N2CCCCC2)cccc1)c1c(C(O)=O)scc1,104,104,97.749382,1,0,0,0,0,0,1,0,1,1
S(=O)(=O)(Nc1cc([N+](=O)[O-])ccc1)c1c(C(O)=O)scc1,117,117,93.822762,1,1,0,0,0,1,1,1,1,1
OC(=O)C[C@@H](Cc1cccc2ccccc12)N1C(=O)c2cc(C(O)=O)ccc2C1=O,208,208,99.060425,1,0,0,0,0,0,0,0,1,0
OC(=O)[C@@H](Cc1c[nH]c2ccccc12)N1C(=O)c2cc(C(O)=O)ccc2C1=O,210,210,99.458328,1,0,0,0,0,0,0,0,1,0
Clc1ccc(NS(=O)(=O)c2c(C(O)=O)scc2)cc1,106,106,96.714157,1,1,0,0,0,1,1,1,1,1
S(=O)(=O)(NCc1ccccc1)c1c(C(O)=O)scc1,111,111,94.891983,1,0,0,0,0,1,1,1,1,0
Brc1ccc(NS(=O)(=O)c2c(C(O)=O)scc2)cc1,112,112,97.057228,1,1,0,0,0,1,1,1,1,1
OC(=O)[C@@H](Cc1ccc(O)cc1)N1C(=O)c2cc(C(O)=O)ccc2C1=O,203,203,98.027191,1,0,0,0,0,0,0,0,0,0
OC(=O)c1ccc2C(=O)N([C@@H](Cc3[nH]nnc3)Cc3cccc4ccccc34)C(=O)c2c1,207,207,75.83654,1,0,0,0,0,1,0,0,0,0
Clc1ccc(NS(=O)(=O)c2c(C(O)=O)cccc2)cc1,109,109,96.59343,1,0,0,0,0,1,1,1,1,0
S(=O)(=O)(Nc1sc(C)c(C(O)=O)c1)c1ccc(C)cc1,107,107,81.985977,1,0,0,0,0,1,1,0,0,0
S(=O)(=O)(Nc1sccc1)c1c(C(O)=O)c(C)oc1C,105,105,82.090889,1,1,0,0,0,1,1,1,1,0
S(=O)(=O)(N)c1ccc(NS(=O)(=O)c2c(C(O)=O)scc2)cc1,103,103,94.115517,1,1,0,0,0,1,1,1,1,1
OC(=O)C(Cc1ccc(O)cc1)N1C(=O)c2cc(C(O)=O)ccc2C1=O,201,201,98.027191,1,0,0,0,0,0,0,0,1,0
Clc1c(Cl)ccc(NS(=O)(=O)c2c(C(OC)=O)scc2)c1,120,120,95.726715,1,0,0,0,0,1,0,0,0,0
OC(=O)C(Cc1ccccc1)N1C(=O)c2cc(C(O)=O)ccc2C1=O,202,202,99.461952,1,0,0,0,0,0,0,0,1,0
S(=O)(=O)(Nc1c(C(O)=O)scc1)c1cc([N+](=O)[O-])ccc1,121,121,76.631699,1,0,0,0,0,0,0,0,0,0
Clc1ccc(S(=O)(=O)Nc2c(C(O)=O)scc2)cc1,108,108,72.504967,1,0,0,0,0,0,0,0,0,0
S(O)(=O)(=O)CCCSc1sc2ccccc2n1,102,102,100,1,0,0,0,0,0,0,0,1,0
Clc1ccc(NC(=O)c2c(C(O)=O)cccc2)cc1,110,110,99.598602,1,1,0,0,0,1,0,0,1,0
OC(=O)c1ccc2C(=O)N(CCc3ccc(O)cc3)C(=O)c2c1,206,206,98.155289,1,0,0,0,0,0,0,0,0,0
S(CCC(O)=O)c1sc2ccccc2n1,101,101,99.174828,1,0,0,0,0,0,0,0,1,0
O=C([O-])c1c(NC(=O)c2c(C)cco2)cccc1,309,309,99.146111,1,1,0,0,0,1,1,1,1,0
OC(=O)C(Cc1ccccc1)N1C(=O)c2ccccc2C1=O,205,205,99.881256,1,0,0,0,0,0,0,0,1,0
O=C([O-])[C@@H]1[C@H](C(=O)NCC(C)C)[C@H]2C[C@@H]1C=C2,302,302,99.374275,1,0,0,0,0,0,0,0,0,0
O=C([O-])c1[nH]c(-c2ccccc2)nc1,312,312,86.776802,1,0,0,0,0,0,0,0,0,0
OC(=O)C(CC(C)C)N1C(=O)c2cc(C(O)=O)ccc2C1=O,213,213,99.446289,1,0,0,0,0,0,0,0,1,0
S(C)CCC(C(O)=O)N1C(=O)c2cc(C(O)=O)ccc2C1=O,212,212,99.449806,1,0,0,0,0,0,0,0,1,0
S(=O)(=O)([O-])C1=CC(=O)C(=O)[C@H]2[C@@H]1C=CC=C2,314,314,100,1,0,0,0,0,0,0,0,0,0
S(=O)(=O)(N)c1c(C(=O)[O-])cccc1,306,306,99.777451,1,0,0,0,0,1,0,1,0,0
O=C([O-])[C@@H](C)N1C(=O)[C@H]2[C@@H]3CC[C@@H](C3)[C@@H]2C1=O,301,301,99.858696,1,0,0,0,0,0,0,0,0,0
O[C@@H](C)[C@H](C(=O)[O-])N1C(=O)c2ccccc2C1=O,304,304,99.914398,1,0,0,0,0,0,0,0,0,0
P(=O)([O-])([O-])c1ccc2nc(C)sc2c1,319,319,99.074394,1,0,0,0,0,1,0,0,0,0
O=C([O-])[C@@H]1CN(c2ccc(CC)cc2)C(=O)C1,310,310,99.590118,1,0,0,0,0,0,0,0,0,0
Oc1c(N2C(=O)C[C@H](C(=O)[O-])C2)cccc1,308,308,97.086021,1,0,0,0,0,1,0,0,0,0
[P@@](O)(=O)(C)CC(=O)[O-],313,313,99.287292,1,0,0,0,0,0,0,0,0,0
O=C1N(c2nnn[n-]2)NC(C)=C1CC,303,303,70.493294,1,0,0,0,0,0,0,0,0,0
Clc1ccc(-c2c(C(=O)[O-])c(N)on2)cc1,317,317,97.254921,1,0,0,0,0,1,0,0,0,0
O=C([O-])CN1C(=O)[C@H](c2ccccc2)OC1=O,307,307,99.917015,1,0,0,0,0,0,0,0,0,0
Sc1[nH]c([C@@H]2[C@H](C(=O)[O-])CCCC2)nn1,320,320,98.25666,1,0,0,0,0,1,0,1,0,0
O=C(Nc1c(C(=O)[O-])ccs1)C,322,322,96.276443,1,0,0,0,0,0,0,0,0,0
Clc1c([C@@H](CC(=O)[O-])C(=O)[O-])ncc(C(F)(F)F)c1,C05753705,,98.946404,1,0,0,0,0,0,0,0,0,0
Clc1c([O-])ccc(C(=O)N2[C@@H](C(=O)[O-])CCCC2)c1,C19268850,,77.538612,1,0,0,0,0,0,0,0,0,0
Clc1c([O-])ccc(C(=O)N2[C@@H](C(=O)[O-])CSC2)c1,C19506390,,77.747215,1,0,0,0,0,0,0,0,0,0
O=[N+]([O-])c1c([O-])nc(/C=C/c2cc(OCC)c(OCC(=O)[O-])cc2)nc1[O-],C19799130,,97.882446,1,0,0,0,0,0,0,0,0,0
S=C1N(c2cc(C)cc(C)c2)C([O-])=C(C(=O)[O-])C=N1,C20156273,,99.407158,1,0,0,0,0,0,0,0,0,0
S=C1N(CCCC)C([O-])=C(CC(=O)[O-])C(C)=N1,C20156357,,99.542618,1,0,0,0,0,0,0,0,0,0
S(C)c1cc(N2C([O-])=C(CC(=O)[O-])C(C)=NC2=S)ccc1,C20156399,,99.557922,1,0,0,0,0,0,0,0,1,0
O=[N+]([O-])c1ccc(/C=C\2/C(=O)N=C([N-]c3cc(C(=O)[O-])cc(C(=O)[O-])c3)S/2)cc1,C16928391,,90.628014,1,0,0,0,0,0,0,0,0,0
[O-]/C(=N\c1sc(CC)nn1)/c1c([O-])cc(C)cc1,C21287922,,56.704468,1,0,0,0,0,1,0,0,0,0
[S-]c1c(/C(/[O-])=N/c2sc(c(C)n2)-c2ncccc2)cccn1,C30930829,,96.342834,1,0,0,0,0,1,0,0,0,0
Brc1cc(OC)c([O-])c(/C=C\2/C(=O)N=C([N-]c3ccc(F)cc3)S/2)c1,C15016123,,43.354633,1,0,0,0,0,0,0,0,0,0
O=C(c1c([O-])cccc1)c1ccc2nc(C(C)C)nc([O-])c2c1,C13145928,,47.414799,1,0,0,0,0,1,0,0,0,0
[O-]c1c(C#N)c2CCN(C3CCCCC3)Cc2c([O-])n1,C20548167,,99.840759,1,0,0,0,0,0,0,0,0,0
Clc1c([O-])ccc(C(=O)N(CC(=O)[O-])CC2CC2)c1,C36884130,,77.578537,1,0,0,0,0,0,0,0,1,0
O=C([O-])CCN(C(=O)c1c([O-])cc(C)cc1)C1CC1,C37582541,,67.614174,1,0,0,0,0,0,0,0,1,0
O=C([O-])c1c([O-])c2cc(OCCC)ccc2nc1,C19503901,,97.927704,1,0,0,0,0,0,0,0,0,0
O=C([O-])[C@@H](/N=C\1/C(C(=O)CCC)=C([O-])CCC/1)C,C17838160,,99.414154,1,0,0,0,0,0,0,0,0,0
O=C([O-])[C@H](/N=C\1/C(=C(\[O-])/CCC)/C(=O)CCC/1)C,C38596623,,99.414154,1,0,0,0,0,0,0,0,0,0
S=C1NC(=O)C([C@H](c2ccc(C(OC)=O)cc2)C2=C([O-])NC(=S)N=C2[O-])=C([O-])N1,C06879034,,98.697342,1,0,0,0,0,0,0,0,0,0
O=C([O-])c1ccc(/N=C\2/C(=C/c3c([O-])cccc3)/SC([O-])=N/2)cc1,C39886265,,51.27816,1,0,0,0,0,0,1,0,0,0
Clc1c(Cl)cc(C(=O)N2[C@H](CC(=O)[O-])CCC2)[n-]1,C42144547,,99.343445,1,0,0,0,0,0,0,0,1,0
FC(F)(F)Cc1nc([O-])c(CCC(=O)[O-])c(C)n1,C42413465,,98.449539,1,0,0,0,0,0,0,0,0,0
O=C(/C(/C#N)=C(/[O-])\CCCC)c1cnc([O-])cc1,C48539352,,94.249474,1,0,0,0,0,1,0,1,0,0
O=C([O-])C[C@@H](C(C)C)c1ccc2nc([O-])oc2c1,C49836788,,98.609711,1,0,0,0,0,0,0,0,1,0
O(C)c1ccc(C(C=2C(=O)CC(C)(C)CC=2[O-])C=2C(=O)CC(C)(C)CC=2[O-])cc1,C00725588,,79.74556,1,0,0,0,0,0,0,0,0,0
Clc1cc(C(=O)N2C[C@@H](CC(=O)[O-])CCC2)c([O-])cc1,C54294311,,65.214134,1,0,0,0,0,1,0,0,1,0
S(CC#N)c1c(C#N)c2nc([O-])cc([O-])c2s1,C04945409,,88.064369,1,0,0,0,0,0,0,0,0,0
P(=O)([O-])([O-])CCc1c(C=O)c([O-])c(C)nc1/N=N/c1ccc(C(=O)[O-])cc1,C13861566,,64.041313,1,0,0,0,0,0,1,0,0,0
S=C1N(c2c(F)cccc2)C(=O)/C(=C\c2c([O-])ccc3ccccc23)/C([O-])=N1,C59135701,,97.051659,1,0,0,0,0,0,0,0,0,0
O=C([O-])CCCCC[N-]C=1S/C(=C\c2c([O-])cccc2)/C(=O)N=1,C06889398,,77.140495,1,0,0,0,0,0,1,1,1,0
O=C(Nc1cc(C(=O)[O-])cc(C(=O)[O-])c1)C[C@H]1C(=O)N=C([NH-])S1,C16899462,,97.647659,1,0,0,0,0,0,0,1,0,0
S([C@H](C)C(=O)Nc1c([O-])ccc(C=O)c1)c1nc([O-])c2c(C)c(C(=O)[O-])sc2n1,C62038760,,49.983791,1,0,0,0,0,0,0,0,0,0
O=C([O-])CCc1c(C)n(-c2cc(C(=O)[O-])cc(C(=O)[O-])c2)nn1,C62265664,,98.101997,1,0,0,0,0,0,0,0,0,0
O=C([O-])Cc1n(-c2cc(C(=O)[O-])cc(C(=O)[O-])c2)nnn1,C62493672,,98.776123,1,0,0,0,0,0,0,0,0,0
S([C@H]1[C@H](C(=O)[O-])CC[C@H](C)C1)c1nc([O-])ccn1,C62765730,,97.008301,1,0,0,0,0,0,0,0,0,0
Clc1cc(C(=O)N2C[C@@](CC)(C(=O)[O-])CCC2)c([O-])cc1,C62869709,,65.204185,1,0,0,0,0,1,0,0,0,0
Clc1c([O-])ccc(C(=O)N2C[C@](CC)(C(=O)[O-])CC2)c1,C62914401,,77.219734,1,0,0,0,0,0,0,0,1,0
O=C([O-])c1cc([N-]C=2S/C(=C\c3c(OC)cc(OC)cc3)/C(=O)N=2)cc(C(=O)[O-])c1,C16928301,,89.802963,1,0,0,0,0,0,0,0,0,0
O=C([O-])c1cc([N-]C=2S/C(=C\c3ccc(N(C)C)cc3)/C(=O)N=2)cc(C(=O)[O-])c1,C16928381,,89.368591,1,0,0,0,0,0,0,0,0,0
P(=O)(Oc1c(C(=O)[O-])cc(-c2c(F)cc(F)cc2)cc1)([O-])[O-],C02387157,,94.98735,1,0,0,0,0,1,0,0,0,0
O=C([O-])CC[C@H](C)[C@@H]1[C@@]2(C)CC[C@@H]([C@H](C(=O)[O-])[C@@H]2CC1)[C@]1(C)[C@H](C(=O)[O-])CCCC1,C03850283,,96.940079,1,0,0,0,0,0,0,0,0,0
Clc1sc(C=2/C(=C(\[O-])/C(OC)=O)/[C@@H](c3sccc3)N=C([S-])N=2)cc1,C69903081,,44.280682,1,0,0,0,0,1,0,0,0,0
S(=O)(=O)([N-][C@@H]1C[C@H](C(=O)[O-])CCC1)C(F)(F)F,C70555997,,86.810257,1,0,0,0,0,0,0,0,0,0
S([C@H](C)C(=O)[O-])c1sc(C(=O)[O-])c(C)n1,C70652541,,99.058914,1,0,0,0,0,0,0,0,1,0
Brc1ccc([C@@H]2/C(=C(/[O-])\C(OC)=O)/C(C)=NC([S-])=N2)cc1,C08112057,,58.871979,1,0,0,0,0,0,0,0,0,0
O([C@H](C)/C(/[O-])=C(/C(/[O-])=N/CC#C)\C#N)c1ccccc1,C55660236,,96.577171,1,0,0,0,0,0,0,0,0,0
O=C([O-])c1cnn2C([O-])=C(CCCOc3ccccc3)C([O-])=Nc12,C71474389,,91.306831,1,0,0,0,0,0,0,0,0,0
O=C([O-])Cc1c(/N=N\c2c(C)cc([O-])cc2)n2C=CC(C(=O)[O-])=Cc2n1,C71593402,,92.571411,1,0,0,1,0,0,0,0,0,0
O=C([O-])Cc1ccc(/N=N\c2c(C(=O)[O-])nc3C([O-])=CC=Cn23)cc1,C71601996,,47.632015,1,0,0,0,0,0,0,0,0,0
OC[C@@H](O)[C@]1([O-])[C@H](c2ccc(C)cc2)[C@]2([O-])[C@@H]([O-])[C@H](c3ccc(C)cc3)[C@@]12O,C71618367,,100,1,0,0,0,0,0,0,0,0,0
P(=O)(Oc1ccc2C(C(F)(F)F)=CC(=O)Oc2c1)([O-])[O-],C02570016,,95.176498,1,0,0,0,0,1,0,0,0,0
Cl/C(=C\P(=O)([O-])[O-])/c1cc(OC)cc(OC)c1,C05512168,,87.349449,1,0,0,0,0,0,0,0,0,0
S=C1N(c2ccc(C(C)C)cc2)C([O-])=C(CC(=O)[O-])C(C)=N1,C20156374,,99.557976,1,0,0,0,0,0,0,0,1,0
S=C1N(c2ccc(OC)cc2)C([O-])=C(CC(=O)[O-])C(C)=N1,C20156393,,99.557076,1,0,0,0,0,0,0,0,1,0
S=C1N(c2ccc(OCC)cc2)C([O-])=C(CC(=O)[O-])C(C)=N1,C20156394,,99.557068,1,0,0,0,0,0,0,0,1,0
S(=O)(=O)(N=C1C=CC=C2[N-]C=CC=C12)CCCC(=O)[O-],C20245430,,51.241837,1,0,0,0,0,0,0,0,1,0
S(CC(=O)[O-])[C@@H](CC(=O)c1ccc(F)cc1)C(=O)[O-],C28466280,,98.875305,1,0,0,0,0,0,0,0,1,0
O=C([O-])CCN1CCN(C(=O)c2c([O-])ccc(C)c2)CC1,C35686963,,60.361599,1,0,0,0,0,1,0,0,0,0
Fc1c(F)c(/C(/[O-])=N/c2sc(CC(=O)[O-])nn2)ccc1F,C36238813,,96.312271,1,0,0,0,0,0,1,1,0,0
Fc1c([O-])c(F)c(C(=O)N(CCC(=O)[O-])C2CC2)cc1F,C37582546,,92.587074,1,0,0,0,0,0,0,0,1,0
O=C([O-])CCN(C(=O)c1c([O-])cc(OC)cc1)C1CC1,C37582539,,63.604721,1,0,0,0,0,1,0,0,1,0
O=C([O-])CCN(C(C)C)C(=O)c1c([O-])ccc(OC)c1,C37585162,,75.811714,1,0,0,0,0,1,0,0,1,0
Clc1cc(C(=O)N(CC(=O)[O-])C2CCCC2)c([O-])cc1,C37586298,,65.17955,1,0,0,0,0,0,0,0,1,0
Clc1cc(C(=O)N(CC(=O)[O-])[C@@H](C)CC)c([O-])cc1,C37589669,,65.231194,1,0,0,0,0,0,0,0,1,0
O=C([O-])CC1(CC(=O)N2CCC(C(=O)[O-])CC2)CCCC1,C05156435,,98.259567,1,0,0,0,0,0,0,0,0,0
Clc1c([C@H]2N(CCC(=O)[O-])C(=O)C([O-])=C2C(=O)C)ccc(Cl)c1,C19904195,,97.295891,1,0,0,0,0,0,0,0,0,0
S=C(/N=C(\[O-])/c1cc(F)ccc1)/N=C/1\C=CC2=NC([O-])=NC2=C\1,C38827276,,96.822166,1,0,0,0,0,0,0,0,0,0
O=C([O-])C[C@H](/C=C/1\C(=O)[C@]2(C)C(C)(C)[C@H]\1CC2)C(=O)[O-],C33939015,,98.694664,1,0,0,0,0,0,0,0,0,0
[S-]c1n(C)c(CCCCc2n(C)c([S-])nn2)nn1,C36646400,,99.024406,1,0,0,0,0,1,0,1,0,0
Clc1sc(S(=O)(=O)[N-]c2cccc3nc([O-])oc23)cc1,C41262041,,95.745979,1,0,0,0,0,1,1,0,0,0
ClC(CCCOc1ccc2ccccc2c1)(C(=O)[O-])C(=O)[O-],C44124445,,99.87532,1,0,0,0,0,0,0,0,1,0
Brc1cc([O-])c(C(=O)N2CCN(CCC(=O)[O-])CC2)cc1,C44483660,,75.320038,1,0,0,0,0,0,0,0,0,0
Brc1c(N2C([O-])=C(/C(/[O-])=N/S(=O)(=O)C)CC2)cccc1,C48486869,,75.559967,1,0,0,0,0,0,0,0,0,0
S(=O)(=O)([N-]c1c(C(F)(F)F)cc(C#N)cc1)[C@H](C)C(=O)[O-],C49046349,,87.15712,1,0,0,0,0,0,0,0,0,0
S(=O)(=O)(/N=C/1\C=CC=C2[N-]C=CC=C\12)[C@@H](C)C(=O)[O-],C49045292,,54.3242,1,0,0,0,0,0,0,0,0,0
S(=O)(=O)(/N=C/1\C=CC=C2[N-]C=CC=C\12)[C@H](C)C(=O)[O-],C49045296,,54.3242,1,0,0,0,0,0,0,0,0,0
Clc1c(/C(/[O-])=N/c2sc(C(F)F)nn2)c([O-])ccc1,C49094952,,86.991623,1,0,0,0,0,1,1,1,0,0
S(=O)(=O)([N-][C@H](C)c1sc(C)cc1)N1C[C@@H](C(=O)[O-])CCC1,C49162425,,94.229904,1,0,0,0,0,1,0,0,1,0
S(=O)(=O)(N(C)C)[N-]Cc1c(F)ccc(/C=C/C(=O)[O-])c1,C49593396,,92.080513,1,0,0,0,0,1,0,0,0,0
O=C([O-])C[C@H](Cc1c(C)cc(OCC)c(C)c1)C(=O)[O-],C49876652,,98.363045,1,0,0,0,0,0,0,0,0,0
O=C([O-])CCC(=O)/C=C(\[O-])/c1cc(C(C)C)c(OC)cc1,C49893572,,99.318779,1,0,0,0,0,0,0,0,1,0
S(=O)(=O)([N-]c1c(C(=O)[O-])c2CCCc2s1)C1CCOCC1,C50199382,,76.993904,1,0,0,0,0,0,0,1,0,0
O=C([O-])CC[C@H]1N(C(=O)c2c([O-])cc(C)cc2)CCCC1,C50921509,,67.592697,1,0,0,0,0,1,0,0,1,0
O=C([O-])CCc1c([O-])nc(Cc2scc(C)n2)nc1C,C55269585,,98.191391,1,0,0,0,0,1,1,0,1,0
O(CC)/C(/[O-])=C\1/[C@H](c2ccccc2)N2c3ccccc3[N-]C2=NC/1=O,C57256244,,78.130569,1,0,0,0,0,0,0,0,0,0
O=C([O-])CCC[N-]C=1S/C(=C\c2ccccc2)/C(=O)N=1,C06495801,,97.136116,1,0,0,0,0,0,0,0,1,0
Clc1cc(F)c(/N=C(\[O-])/CN(CC)C[C@H](C)C(=O)[O-])cc1,C61218352,,56.567169,1,0,0,0,0,1,0,0,1,0
Fc1c(/N=C(\[O-])/CN(CC)C[C@@H](C)C(=O)[O-])cc(F)cc1,C61219441,,54.754185,1,0,0,0,0,1,0,0,1,0
Fc1c(/N=C(\[O-])/CN(CC)C[C@H](C)C(=O)[O-])c(F)ccc1,C61221348,,51.95504,1,0,0,0,0,1,0,0,1,0
O=C([O-])CN(CC(C)C)C(=O)c1c([O-])cc(OC)cc1,C62742045,,63.546673,1,0,0,0,0,0,0,0,1,0
Fc1c(/N=C(\[O-])/C(/C#N)=C(\[O-])/[C@H](OCCC=C)C)cccc1,C65650543,,99.547714,1,0,0,0,0,0,0,0,0,0
S(=O)(=O)(/N=C(\[O-])/C1=C([O-])N(c2ccc(F)cc2)CC1)c1ccccc1,C65762906,,58.166866,1,0,0,0,0,0,0,0,0,0
S(=O)(=O)(/N=C(\[O-])/C1=C([O-])N(c2cc(C)cc(C)c2)CC1)C,C65764045,,75.263863,1,0,0,0,0,0,0,0,0,0
Clc1c(N2C([O-])=C(/C(/[O-])=N/S(=O)(=O)C)CC2)cc(Cl)cc1,C65764053,,75.591118,1,0,0,0,0,0,0,0,0,0
S(=O)(=O)(/N=C(\[O-])/C1=C([O-])N(c2cc(C)c(C)cc2)CC1)C,C65764054,,75.263504,1,0,0,0,0,0,0,0,0,0
FC(F)(F)CC1=C([O-])n2ncc(-c3sccc3)c2N=C1[O-],C71474555,,99.85585,1,0,0,0,0,0,0,0,0,0
Clc1c(N(CCC(=O)[O-])CC(=O)[O-])ccc(Cl)c1,C71716712,,98.930534,1,0,0,0,0,0,0,0,0,0
Clc1c(N(C[C@H](C)C(=O)[O-])CC(=O)[O-])c(C)cc(C)c1,C71716767,,98.860764,1,0,0,0,0,0,0,0,1,0
Clc1c(N(C[C@@H](C)C(=O)[O-])CC(=O)[O-])ccc(Cl)c1,C71716847,,98.862663,1,0,0,0,0,0,0,0,1,0
O=C[C@]12CCC[C@@](C)(C(=O)[O-])[C@@H]1[C@@H](C(=O)[O-])[C@@]13CC(=C)[C@@H](CC[C@@H]21)C3,C71757630,,98.266846,1,0,0,0,0,0,0,0,0,0
O=C([O-])CCN1[C@H](c2c(OC)cccc2)C(C(=O)c2ccc(C)cc2)=C([O-])C1=O,C19904219,,98.080605,1,0,0,0,0,0,0,0,0,0
O=C([O-])c1c([N-]C=2S/C(=C\c3cc(OC)c(OC)cc3)/C(=O)N=2)cccc1,C20226921,,88.810852,1,0,0,0,0,0,0,1,0,0
[S-]c1n(/N=C/c2c(OCC(=O)[O-])cccc2)c(-c2c(C)cccc2)nn1,C21188571,,88.989281,1,0,0,0,0,1,0,0,1,0
Clc1ccc(-c2n(C/C(/[O-])=N/c3sc(C4CC4)nn3)c([S-])nn2)cc1,C22738651,,95.485863,1,0,0,0,0,1,0,1,0,0
S(=O)(=O)([N-]c1c(C(C)C)cccc1)c1cc([N+](=O)[O-])c([O-])cc1,C24101098,,90.828354,1,0,0,0,0,1,1,0,0,0
Clc1ccc(/C(/[O-])=N/c2scc(Cc3n(CC=C)c([S-])nn3)n2)cc1,C24830297,,99.355835,1,0,0,0,0,1,0,1,0,0
Brc1c(F)cc([O-])c(/C(=N\OC(C)(C)C)/c2[n+]([O-])cccc2[O-])c1,C29402293,,83.67939,1,0,0,0,0,0,0,0,0,0
O=C1C(/C(/[O-])=N/c2sc(CC)nn2)=C([O-])N(CCCCC)c2ccccc12,C09043806,,98.77169,1,0,0,0,0,0,0,0,0,0
Clc1c(C)cc([N-]S(=O)(=O)c2ccc3nc([O-])oc3c2)c(OC)c1,C32686405,,94.91964,1,0,0,0,0,1,1,0,0,0
[S-]c1n(C)c(Cc2nc(/N=C(\[O-])/c3cc(OC)c(C)cc3)sc2)nn1,C32787114,,99.36908,1,0,0,0,0,1,0,0,0,0
O=C1C(/C(/[O-])=N/c2sc(CC(C)C)nn2)=C([O-])N(CCC)c2ccccc12,C18178002,,98.7836,1,0,0,0,0,0,0,0,0,0
FC(F)(F)c1cc(C(F)(F)F)cc(/C(/[O-])=N/c2sc(CC(=O)[O-])nn2)c1,C36238783,,96.805923,1,0,0,0,0,0,0,1,0,0
O=C1N(CC(C)C)C=2CCCCC=2C([O-])=C1/C(/[O-])=N/c1scc(C)n1,C18043175,,99.476883,1,0,0,0,0,0,1,1,0,0
Clc1cc(c([O-])cc1)C1=NN=C(/C(/[O-])=N/c2sc(SCC)nn2)C1,C05343109,,89.515053,1,0,0,0,0,1,0,0,0,0
Brc1cc(/C(/[O-])=N/C(=S)/N=C/2\C=CC3=NC([O-])=NC3=C\2)cnc1,C39280212,,96.66465,1,0,0,0,0,0,0,0,0,0
[S-][C@@H]1N(/N=C/c2c([O-])ccc3ccccc23)[C@H]([C@@H]2N=NC(C)=C2)N=N1,C39591478,,30.729607,1,0,0,0,0,0,0,0,0,0
S(=O)(=O)([N-]Cc1c(-c2sccn2)cccc1)c1ccc2nc([O-])oc2c1,C41594591,,94.633095,1,0,0,0,0,1,1,0,0,0
S(Cc1nc([O-])c2ccccc2n1)c1nc([O-])c(-c2ccccc2)nn1,C41633532,,42.148895,1,0,0,0,0,1,0,0,0,0
[S-]c1n(C)c(Cc2nc(/N=C(\[O-])/c3c(C)nc(CCC)s3)sc2)nn1,C43013335,,99.369583,1,0,0,0,0,1,0,0,0,0
[S-]c1n(C)c(-c2c(C)nc(/N=C(\[O-])/c3cc(-n4cccc4)ccc3)s2)nn1,C44380366,,98.553604,1,0,0,0,0,1,0,0,0,0
Brc1cc([O-])c(C(=O)N2[C@@H](CC(=O)[O-])CCCC2)cc1,C44483692,,79.41243,1,0,0,0,0,0,0,0,0,0
[S-]c1n(/N=C/c2c([O-])c(OCC)ccc2)c(-c2ccc(OC)cc2)nn1,C01239417,,73.489746,1,0,0,0,0,1,0,0,0,0
O=C1N(N(C)C(C)=C1/N=C(\[O-])/C(/C#N)=C(\[O-])/c1ccc(C)cc1)c1ccccc1,C51062416,,98.223129,1,0,0,0,0,0,0,0,0,0
S(=O)(=O)([N-]c1ncccc1)c1ccc(/N=C/c2c([O-])c(OC)ccc2)cc1,C01059225,,97.889442,1,0,0,0,0,0,0,0,0,0
[O-]/C(=N\c1nc(-c2ncccc2)n[n-]1)/c1c(C)nc(Cc2ccccc2)s1,C53527340,,95.891251,1,0,0,0,0,0,0,0,0,0
O(C)c1ccc([N-]C2=N[C@@H](c3ccccc3)N3C([O-])=CC(C)=NC3=N2)cc1,C09089950,,49.092178,1,0,0,0,0,0,0,0,0,0
O(C)c1c([N-]C2=N[C@H](c3ccccc3)N3C([O-])=CC(C)=NC3=N2)cccc1,C19944267,,46.328228,1,0,0,0,0,0,0,0,0,0
S(=O)(=O)([N-]c1c(C)cc(/N=C/c2c([O-])c(OCC)ccc2)cc1)CC,C54893945,,96.349854,1,0,0,0,0,1,0,0,0,0
S(CC(=O)c1ccc2OCOc2c1)c1c(C#N)c2nc([O-])cc([O-])c2s1,C04945415,,87.634842,1,0,0,0,0,0,0,0,0,0
O=C(/C=C(\[O-])/c1ccc(C)cc1)/C(/[O-])=N/C=1C(=O)N(N(C)C=1C)c1ccccc1,C16291675,,92.664886,1,0,0,0,0,0,0,0,0,0
S(=O)(=O)([N-]c1cc(F)c(S(=O)(=O)[N-]c2cccc3CCCCc23)cc1)C,C57115908,,92.159691,1,0,0,0,0,1,0,0,0,0
O(C)C(=O)C=1/C(=C(\[O-])/c2ccccc2)/[C@@H](c2cc(OC)ccc2)N=C([O-])N=1,C06759289,,87.996384,1,0,0,0,0,0,0,0,0,0
O=C([O-])CCOc1ccc(/C=C(/C(/[O-])=N/c2c(C)cccc2)\C#N)cc1,C58984111,,99.441841,1,0,0,0,0,0,0,0,0,0
S(=O)(=O)([N-]c1sccn1)c1ccc(/N=C/c2c([O-])c(OC)ccc2)cc1,C59466346,,55.618164,1,0,0,0,0,1,0,0,0,0
S(C)C1=C(C#N)[C@@]([O-])(c2ccc(OC)cc2)[N-]C(C(F)(F)F)=N1,C00124493,,56.649918,1,0,0,0,0,0,0,0,0,0
S(=O)(=O)([N-]c1ncccc1)c1ccc(/N=C/C=2C(=O)CC(C)(C)CC=2[O-])cc1,C28965441,,99.909515,1,0,0,0,0,0,0,0,0,0
S(=O)(=O)([N-]c1ncc(-c2ccccc2)cc1)c1ccc2nc([O-])oc2c1,C62545657,,99.577171,1,0,0,0,0,0,0,0,0,0
S(=O)(=O)([N-]c1cc(N(C)C)c(C)cc1)c1sc(-c2nnc([O-])cc2)cc1,C20574766,,51.83379,1,0,0,0,0,1,0,0,0,0
Fc1c(OCCC/C(/[O-])=C(/C(/[O-])=N/c2c(F)cccc2)\C#N)ccc(F)c1,C65650536,,98.690033,1,0,0,0,0,0,0,0,0,0
[O-]/C(=N\[C@@H](C#N)c1c(C)cccc1)/C1=C([O-])N(c2ccc3OCCOc3c2)CC1,C66398917,,89.231728,1,0,0,0,0,0,0,0,0,0
Clc1c([O-])c(OC)cc(/C=C(/C(/[O-])=N/c2ccc(C(=O)N(C)C)cc2)\C#N)c1,C43301106,,93.259598,1,0,0,0,0,0,0,0,0,0
Clc1c(Cl)cccc1/N=C(\[O-])/C(/C#N)=C(/[O-])\[C@@H](OCCC=C)C,C67798617,,99.525352,1,0,0,0,0,0,0,0,0,0
S(=O)(=O)([N-]c1c(F)ccc(C(F)(F)F)c1)c1cc([N+](=O)[O-])c([O-])cc1,C67946110,,80.152962,1,0,0,0,0,1,1,0,0,0
Clc1c([O-])ccc(CC(=O)N2CCc3n(CC(C)C)nc(C(=O)[O-])c3C2)c1,C67956246,,74.714951,1,0,0,0,0,0,0,0,0,0
S(=O)(=O)(/N=C(\[O-])/CCc1c([O-])nc(SC)nc1C)Cc1ccc(F)cc1,C48568467,,91.68396,1,0,0,0,0,0,0,0,0,0
O=C([O-])[C@H](Oc1cc(/C=C(/C#N)\c2nc([O-])c3c(C)c(C)sc3n2)ccc1)C,C58464599,,95.819702,1,0,0,0,0,0,0,0,0,0
S(=O)(=O)(N(C)c1cc([O-])ccc1)c1ccc(CCC(=O)[O-])cc1,C70003880,,98.095589,1,0,0,0,0,1,0,0,1,0
Brc1cc(F)c([C@@H]2/C(=C(/[O-])\C(OC)=O)/C(C)=NC([S-])=N2)cc1,C70704053,,51.576595,1,0,0,0,0,0,0,0,0,0
Brc1ccc(CC2=C([O-])n3ncc(C(OCC)=O)c3N=C2[O-])cc1,C71474668,,99.805092,1,0,0,0,0,0,0,0,0,0
O=C([O-])c1nn(c([O-])n1)-c1scc(-c2ccc([C@@H](C)CC)cc2)n1,C71676166,,99.38089,1,0,0,0,0,0,0,0,0,0
S=C1N(Cc2c(OC)cccc2)[C@H](N([O-])C(=O)NC(C)C)C(C)(C)S1,C04784653,,80.070969,1,0,0,0,0,0,0,0,0,0
S(=O)(=O)([N-]c1ccc2OC[C@@H](CC)NC(=O)c2c1)c1sc(C)cc1,C08962155,,97.22261,1,0,0,0,0,1,0,0,0,0
FC(F)(F)[C@@]1(NC(=O)C2CCCCC2)C(=O)N(C2CCCCC2)C([O-])=N1,C08970355,,86.978256,1,0,0,0,0,0,0,0,0,0
Clc1c(NC(=O)CSc2nc(-c3ccncc3)n[n-]2)ccc(Cl)c1,C06974354,,96.436142,1,0,0,0,0,1,0,0,0,0
O(Cc1ccccc1)c1ccc([C@H]2CC(=O)Nc3nc(C)nc([O-])c23)cc1,C17028379,,57.027439,1,0,0,0,0,0,0,0,0,0
Fc1ccc(NC(=O)Cc2c([O-])n(-c3sc(C)c(C)n3)nc2C)cc1,C21802344,,85.546852,1,0,0,0,0,0,0,0,0,0
S(CC(=O)Nc1ccc(F)cc1)c1nc(-c2ccc(OC)cc2)n[n-]1,C06457821,,99.14756,1,0,0,0,0,1,0,0,0,0
Clc1cc(Cl)cc(NC(=O)[C@H](Sc2nc([O-])c(C)nn2)C)c1,C05238341,,69.039597,1,0,0,0,0,1,0,0,0,0
O=C(NC1Cc2ccccc2C1)COc1cc([O-])c2C(=O)CC(C)(C)Oc2c1,C31810235,,59.299416,1,0,0,0,0,0,1,1,0,0
[S-]c1n(C)c(Cc2nc(NC(=O)c3cc(F)c(C)cc3)sc2)nn1,C32787112,,99.337112,1,0,0,0,0,1,1,0,0,0
Clc1c(NC(=O)[C@H](Sc2nc([O-])cnn2)C)cc(C(F)(F)F)cc1,C05237816,,65.397446,1,0,0,0,0,1,0,0,0,0
S(CC(=O)N[C@](C)(C(C)C)C#N)c1nc(-c2c(F)cccc2)n[n-]1,C05677224,,99.171104,1,0,0,0,0,0,0,0,0,0
Oc1c(OC)cc([C@H]2[C@H](C(OC)=O)CSc3nc([O-])sc23)cc1,C08671076,,86.282143,1,0,0,0,0,1,0,0,0,0
O[C@@H]1[C@H](c2nc([O-])c3ccccc3n2)C(=O)N(CCCC)c2ccccc12,C39579331,,64.928238,1,0,0,0,0,1,0,0,0,0
S([C@H](C)C(=O)Nc1c(OC)cccc1)c1nc([O-])c2CSCc2n1,C41606833,,98.581627,1,0,0,0,0,0,0,0,0,0
S([C@@H](CC)C(=O)Nc1c(F)c(F)c(F)cc1)c1nc([O-])c(C)nn1,C41632971,,68.822716,1,0,0,0,0,0,0,0,0,0
Brc1c(C)cc(NC(=O)CSc2nc([O-])c(C)nn2)cc1,C41633209,,68.551567,1,0,0,0,0,0,0,0,0,0
O=C(NC1CCCCC1)/C(/C#N)=C(/[O-])\C1CCN(C(=O)C(C)(C)C)CC1,C50679468,,95.309845,1,0,0,0,0,0,0,0,0,0
Fc1c(-n2nccc2)ccc(/N=C(\[O-])/C(=O)NCc2c(C)cc(C)cc2C)c1,C57680262,,99.969421,1,0,0,0,0,0,0,0,0,0
Fc1c(/N=C(\[O-])/C(=O)NCC(C)(C)c2ccc3OCOc3c2)c(F)ccc1,C57735716,,99.742439,1,0,0,0,0,0,0,0,0,0
S=C1N(C)C([O-])=C2C=CC(C(=O)NCCO[C@H]3[C@H](C)CCCC3)=CC2=N1,C47189659,,99.986694,1,0,0,0,0,0,0,0,0,0
FC(F)(F)c1c(C)c(NC(=O)[C@H]2ON=C(c3cc(F)ccc3)C2)n[n-]1,C58425195,,97.359535,1,0,0,0,0,1,0,0,0,0
Fc1c(COc2c(OC)cc([C@H]3CC(=O)N=C4[N-]NC=C34)cc2)cccc1,C15081881,,61.791542,1,0,0,0,0,1,0,0,0,0
Fc1ccc(COc2c(OC)cccc2[C@H]2CC(=O)N=C3[N-]NC=C23)cc1,C15083319,,61.715691,1,0,0,0,0,1,0,0,0,0
FC(F)(F)[C@@H]1[C@@H](NC(=O)c2cc(N3C(=O)C=CC([O-])=N3)ccc2)CCCC1,C61374472,,59.46246,1,0,0,0,0,0,0,0,0,0
Fc1c(CCNC(=O)c2cc(N3C(=O)C=CC([O-])=N3)ccc2)c(F)ccc1,C61406974,,59.484943,1,0,0,0,0,1,0,0,0,0
O=C(N[C@H](C)c1oc2ccccc2c1)/C(/[O-])=N/c1ccc2ncccc2c1,C61958281,,99.346634,1,0,0,0,0,1,0,0,0,0
S(CC=C)C=1NC=2N=C(C)/C(=C(/OC)\[O-])/[C@@H](c3ccccc3)C=2C(=O)N=1,C04292270,,67.148491,1,0,0,0,0,0,0,0,0,0
S(CC(=O)N[C@@H]1[C@H](C#N)[C@@H]2CCC[C@@H]2S1)c1nc([O-])cc(C)n1,C63767072,,98.829903,1,0,0,0,0,0,0,0,0,0
S=C1N(CC)C([O-])=C2C=CC(C(=O)Nc3c(OC)ccc(C)c3)=CC2=N1,C24602091,,99.986572,1,0,0,0,0,1,0,0,0,0
Clc1c(C#N)ccc(/N=C(\[O-])/C(=O)Nc2cc(F)c(OCC)cc2)c1,C65874641,,99.980057,1,0,0,0,0,0,0,0,0,0
O=C(N[C@@H](C)Cc1c(C)cc(C)cc1)Cc1nc(-c2ncn[n-]2)sc1,C66444480,,98.92382,1,0,0,0,0,1,0,0,0,0
O=C(NC1CCCCC1)[C@@H](C#N)C(=O)C1=C([O-])N(c2cc(C)cc(C)c2)CC1,C66507689,,98.771935,1,0,0,0,0,0,0,0,0,0
S(=O)(=O)(/N=C(\[O-])/Cc1c[nH]c2cccc(C)c12)c1cc(C#N)c(F)cc1,C66736539,,96.754631,1,0,0,0,0,0,0,0,0,0
S=C1N(CC=C)C([O-])=C2C=CC(C(=O)Nc3cc(C(=O)C)ccc3)=CC2=N1,C66778867,,99.985657,1,0,0,0,0,0,0,0,0,0
Clc1c(C#N)ccc(/N=C(\[O-])/C(=O)N2C[C@@H](Nc3ccccc3)CC2)c1,C67279299,,99.983978,1,0,0,0,0,0,0,0,0,0
FC(F)(F)c1cc([C@H]2[C@H](NC(=O)c3ccc(-c4nnn[n-]4)cc3)C2)ccc1,C67336342,,98.057404,1,0,0,0,0,0,0,0,0,0
Clc1c(-n2nccc2)ccc(/N=C(\[O-])/C(=O)N[C@@H](C)c2ccccc2)c1,C67488856,,99.967705,1,0,0,0,0,0,0,0,0,0
Clc1c(-n2nccc2)ccc(/N=C(\[O-])/C(=O)NCCC(C)(C)C)c1,C67525387,,99.967964,1,0,0,0,0,0,0,0,0,0
Clc1c(-n2nccc2)ccc(/N=C(\[O-])/C(=O)N[C@H](C)c2ccc(C)cc2)c1,C67528616,,99.967705,1,0,0,0,0,0,0,0,0,0
FC(F)(F)c1cc([C@@H]2[C@H](NC(=O)c3cc([O-])c([N+](=O)[O-])cc3)C2)ccc1,C67594451,,90.070175,1,0,0,0,0,0,0,0,0,0
Brc1cc(NC(=O)/C=C/c2c(OC)cc(OC)cc2)c([O-])nc1,C67941216,,94.08181,1,0,0,0,0,0,0,0,0,0
Clc1c(NC(=O)Cn2c([S-])nnc2-c2ccc(C)cc2)cccn1,C68122689,,98.230255,1,0,0,0,0,1,0,1,0,0
S(=O)(=O)([N-]c1c(C)ccc(C(=O)Nc2ccc3N(C)CCCc3c2)c1)C,C68610301,,97.80426,1,0,0,0,0,1,0,0,0,0
S(=O)(=O)([N-][C@H](C)c1cc(F)c(F)c(F)c1)c1ccc2C(=O)NC(=O)c2c1,C68918089,,95.828995,1,0,0,0,0,0,0,0,0,0
S(C(F)F)c1ccc(C(=O)NCc2ccc(-c3nnn[n-]3)cc2)cc1,C68973815,,97.280556,1,0,0,0,0,0,1,0,0,0
O=C(NCCO[C@H]1[C@@H](C)CCCC1)c1c([O-])nc(-c2ccncc2)cc1,C69001728,,72.999146,1,0,0,0,0,0,0,0,0,0
S(=O)(=O)(/N=C(\[O-])/C=1C(=O)NC(c2cc(C)ccc2)=CC=1)CCCC,C69591183,,85.832703,1,0,0,0,0,0,0,0,0,0
O(C)c1ccc(C[C@H]2C(=O)N/C(=N\N=C\c3c([O-])cccc3)/S2)cc1,C18209446,,52.20417,1,0,0,0,0,0,0,0,0,0
Oc1c(OC)ccc([C@H]2/C(=C(/OCC)\[O-])/C(C)=NC=3CC(C)(C)CC(=O)C2=3)c1,C00628576,,96.183861,1,0,0,0,0,0,0,0,0,0
O=C([O-])C[C@H]1[C@](C)(CC(=O)[O-])[C@@H]2CC[C@]3(C)C(=O)CC[C@H]3[C@@H]2CC1,C03849667,,98.015404,1,0,0,0,0,0,0,0,0,0
Brc1c(-c2nc([O-])c(C(=O)[O-])c(C)n2)cc(OC)cc1,C19519035,,98.154099,1,0,0,0,0,0,0,0,0,0
[S-]c1n(/N=C/c2c([O-])cccc2)c(-c2cnccc2)nn1,C01244854,,88.288521,1,0,0,0,0,1,0,0,0,0
S=C1S/C(=C/c2n(-c3ccc(C(=O)[O-])cc3)ccc2)/C([O-])=N1,C15013810,,97.829132,1,0,0,0,0,0,0,0,0,0
[O-]C=1CC(C)(C)C/C(=N/CC/N=C\2/CC(C)(C)CC([O-])=C/2)/C=1,C18283361,,95.18972,1,0,0,0,0,0,0,0,0,0
O=C(/C=C(/[O-])\c1c([O-])cc(OC)cc1)c1cc(OC)c(OC)cc1,C00209241,,52.916855,1,0,0,0,0,0,0,0,0,0
S=C1N(c2cc(C)cc(C)c2)C([O-])=C(CC(=O)[O-])C(C)=N1,C20156371,,99.557953,1,0,0,0,0,0,0,0,1,0
S(=O)(=O)(/N=C(\[O-])/C)c1ccc(/N=C/c2c([O-])cccc2)cc1,C17039928,,91.193703,1,0,0,0,0,0,0,0,0,0
[O-]/C(=N\c1sc(CCC)nn1)/c1c([O-])cc2ccccc2c1,C22746480,,63.413563,1,0,0,0,0,1,0,0,0,0
O(C)c1c([O-])c(/C=C\2/C(=O)N=C([N-]c3ccccc3)S/2)ccc1,C15009406,,47.789371,1,0,0,0,0,0,0,0,0,0
S(Cc1ccc(F)cc1)c1nc([O-])c([C@@H](C)C(=O)[O-])c(C)n1,C25502726,,98.166534,1,0,0,0,0,1,0,0,0,0
[O-]/C(=N\c1sc(C(CC)CC)nn1)/c1c([O-])cc(C)cc1,C26560104,,56.702042,1,0,0,0,0,1,0,0,0,0
Fc1ccc(O[C@@H](C)/C(/[O-])=N/c2sc(C(=O)[O-])cc2)cc1,C35424947,,97.177704,1,0,0,0,0,1,1,0,1,0
S(CC#C)c1nc([O-])c2c(C)c(C(=O)[O-])sc2n1,C35682025,,95.358574,1,0,0,0,0,0,0,0,0,0
[S-]C=1N(c2ccc(F)cc2)C(=O)/C(=C/c2ccc(C(=O)[O-])cc2)/N=1,C36395134,,98.829361,1,0,0,0,0,0,0,0,0,0
Clc1cc(-c2nc(SCC(=O)[O-])[n-]n2)c(OC)cc1,C37328743,,98.753708,1,1,0,0,0,0,1,0,1,0
O=C([O-])c1ccc(/N=C\2/C(=C/c3cnccc3)/SC([O-])=N/2)cc1,C39886262,,94.384491,1,0,0,0,0,0,1,0,0,0
S(=O)(=O)([N-][C@@]1(C(=O)[O-])C[C@@H](C)CCC1)C(F)(F)F,C41034819,,52.633987,1,0,0,0,0,0,0,0,0,0
S(=O)(=O)([N-]/N=C/c1c([O-])cc(OC)cc1)c1ccccc1,C46094527,,96.38475,1,0,0,0,0,1,0,0,0,0
Brc1cc(C(=O)/C(/C#N)=C(/[O-])\c2c(C)occ2)[n-]c1,C48529044,,98.733688,1,0,0,0,0,1,0,1,0,0
Clc1cc(/C(/[O-])=N/c2sc(C(C)(C)C)nn2)c([O-])cc1,C48748807,,53.888786,1,0,0,0,0,1,0,0,0,0
S(Cc1ccc(/C=C/C(=O)[O-])cc1)c1nc([O-])cc(C)n1,C49627935,,97.558777,1,0,0,0,0,1,0,0,0,0
O=C([O-])c1c(-c2c(OC)cc(C)c(C)c2)nc([O-])c(C#N)c1,C49903688,,75.905083,1,0,0,0,0,0,0,0,0,0
O=C1C(C(C)C=2C(=O)CC(C)(C)CC=2[O-])=C([O-])CC(C)(C)C1,C17988985,,77.330193,1,0,0,0,0,0,0,0,0,0
Clc1cc(N2C(=O)C(C(=O)C)=C([O-])C=C2C)c([O-])cc1,C16768626,,95.049812,1,0,0,0,0,0,0,0,0,0
Clc1cc(C(=O)N2C[C@H](CC(=O)[O-])CCC2)c([O-])cc1,C54294314,,65.214134,1,0,0,0,0,1,0,0,1,0
Clc1c(/N=C(\[O-])/C(/C#N)=C(\[O-])/[C@@H](C)CC)cccc1,C55606872,,98.17112,1,0,0,0,0,0,0,0,0,0
Clc1c(F)ccc(/N=C(\[O-])/C(/C#N)=C(/[O-])\CC(C)C)c1,C55607206,,98.240814,1,0,0,0,0,0,0,0,0,0
Clc1c(Cl)cccc1/N=C(\[O-])/C(/C#N)=C(\[O-])/C1CCC1,C55607229,,98.338493,1,0,0,0,0,0,0,0,0,0
Brc1c(/N=C(\[O-])/C(/C#N)=C(\[O-])/CCCOC)cccc1,C55659848,,98.456078,1,0,0,0,0,0,0,0,0,0
Clc1c(N2C([O-])=C(C(=O)[O-])CC2)c(Cl)cc(Cl)c1,C57348184,,97.880089,1,0,0,0,0,0,0,0,0,0
[S-]c1n(/N=C/c2c([O-])cc(N(CC)CC)cc2)c(C)nn1,C08123876,,94.851624,1,0,0,0,0,1,0,1,0,0
Clc1c(OC)ccc([C@@H](Cc2oc(C(=O)[O-])cc2)C(=O)[O-])c1,C57751386,,99.250183,1,0,0,0,0,0,0,0,0,0
S([C@H](C)C(=O)[O-])c1nc([O-])c2c(C)c(C)sc2n1,C58282207,,94.764481,1,0,0,0,0,0,0,0,1,0
Clc1c([O-])c(OC)cc(/C=N/n2c([S-])nnc2CC)c1,C08182918,,69.685837,1,0,0,0,0,1,0,0,0,0
Clc1c(Cl)cc(C(=O)N(CC)[C@H](C)CC(=O)[O-])[n-]1,C61178621,,99.326591,1,0,0,0,0,1,0,0,1,0
S([C@H]1[C@@H](C(=O)[O-])CC[C@@H](CCC)C1)c1nc([O-])ccn1,C62765735,,97.01062,1,0,0,0,0,0,0,0,1,0
S(C)C1=C(C#N)[C@@]([O-])(c2sccc2)[N-]C(C(F)(F)F)=N1,C00124470,,58.853054,1,0,0,0,0,0,0,0,0,0
S(=O)(=O)([N-]c1cc(-c2cc([O-])c(C#N)cc2)ccc1)C,C65341679,,71.592133,1,0,0,0,0,1,0,0,0,0
S(=O)(=O)([N-]c1c([N-]S(=O)(=O)C2CCCCC2)cccc1)C,C66580082,,96.899246,1,0,0,0,0,1,0,0,0,0
[O-]/C(=N\c1cc(C)ccc1)/C(/C#N)=C(/[O-])\c1sc(CC)nc1,C65043565,,99.340401,1,0,0,0,0,0,0,0,0,0
Brc1cc(C(=O)[O-])c(OC[C@H]([O-])C(F)(F)F)cc1,C68880478,,99.465256,1,0,0,0,0,0,0,0,0,0
[O-]/C(=N\c1cc(C)ccc1)/C(/C#N)=C(\[O-])/CCc1cscc1,C69633587,,98.319778,1,0,0,0,0,0,0,0,0,0
O=C([O-])[C@H](Oc1cc(-c2nc([O-])c3cc(C)ccc3n2)ccc1)C,C69843765,,82.814987,1,1,0,0,0,0,0,0,0,0
FC(F)(F)[C@H]([O-])COc1c(C(=O)[O-])sc(C(C)(C)C)c1,C70430209,,98.830956,1,0,0,0,0,0,0,0,0,0
[S-]C1=N[C@@H](c2ccccc2)/C(=C(/[O-])\C(OC)=O)/C(C)=N1,C70703883,,50.847198,1,0,0,0,0,0,0,0,0,0
[S-]C1=N[C@@H](c2c(F)cccc2F)/C(=C(/[O-])\C(OC)=O)/C(C)=N1,C08112212,,78.173965,1,0,0,0,0,0,0,0,0,0
Clc1c(/N=C(\[O-])/C(/C#N)=C(\[O-])/C(C)C)c(Cl)ccc1,C55607151,,98.244888,1,0,0,0,0,0,0,0,0,0
[O-]/C(=N\c1c(C)cccc1)/C(/C#N)=C(\[O-])/c1nnsc1,C55608932,,99.680626,1,0,0,0,0,0,0,0,0,0
N(=C\[N-]c1ccc(-c2ccc([N-]/C=N\C#N)cc2)cc1)\C#N,C04244998,,99.968735,1,0,0,0,0,0,0,0,0,0
P(=O)([O-])([O-])c1c(OC(=O)c2cc(OC)ccc2)cccc1,C09340495,,98.344879,1,0,0,0,0,0,0,0,1,0
S=C1S/C(=C/c2ccc(O[C@@H](C)C(=O)[O-])cc2)/C([O-])=N1,C16905198,,98.304848,1,0,0,0,0,0,0,0,0,0
S=C1S/C(=C/c2cc(O[C@@H](C)C(=O)[O-])ccc2)/C([O-])=N1,C16905247,,98.09668,1,0,0,0,0,0,0,0,0,0
Clc1c(C)ccc(N2C(=O)C=C([O-])C(C(=O)[O-])=N2)c1,C19946661,,95.179901,1,0,0,0,0,0,0,0,0,0
Clc1c(Cl)cc(C(=O)N2C[C@H](C(=O)[O-])CCC2)[n-]1,C20214720,,99.326141,1,0,0,0,0,0,0,0,0,0
S([C@H](C)C(=O)[O-])c1sc(/N=C(\[O-])/C(C)(C)C)nn1,C20395861,,98.782562,1,0,0,0,0,1,0,0,1,0
Fc1ccc([C@@H]([CH-][N+](=O)[O-])C=2C(=O)OC(C)=CC=2[O-])cc1,C06233010,,95.403236,1,0,0,0,0,0,0,0,0,0
Clc1cc(OCc2nc(SCC(=O)[O-])[n-]n2)ccc1,C26473437,,99.12899,1,0,0,0,0,1,1,1,1,0
[O-]/C(=N\c1scc(-c2cc(C)c(C)cc2)n1)/c1nnc([O-])cc1,C28715931,,80.325203,1,0,0,0,0,0,0,0,1,0
S(Sc1nnc([S-])cc1)c1nnc([S-])cc1,C05945177,,99.41156,1,0,0,0,0,0,0,0,1,0
S(CC(=O)[O-])c1nc(-c2sc3CCCCc3c2)n[n-]1,C36923317,,98.787956,1,0,0,0,0,0,1,0,1,0
S(CC(=O)[O-])c1nc(-c2cc(OC)c(C)cc2)n[n-]1,C36948388,,99.210388,1,0,0,0,0,0,1,0,1,0
S(CC(=O)[O-])c1nc(-c2c(C)cc(C)cc2C)n[n-]1,C37368398,,99.220535,1,0,0,0,0,0,1,0,1,0
S(Cc1nc([O-])c2cccc(C)c2n1)[C@@H](C)C(=O)[O-],C37429662,,79.528572,1,0,0,0,0,0,0,0,1,0
S(Cc1nc([O-])c2cccc(C)c2n1)[C@H](C)C(=O)[O-],C37429663,,79.528572,1,0,0,0,0,0,0,0,1,0
S(CC)c1sc(/N=C(\[O-])/[C@@H]2[C@H](C(=O)[O-])CC=CC2)nn1,C00113488,,98.105721,1,0,0,0,0,0,0,0,1,0
FC(F)(F)[C@]([O-])(C(OC)=O)c1c([O-])n(-c2ccccc2)nc1C,C02504004,,88.47068,1,0,0,0,0,1,0,0,0,0
S(CC(=O)[O-])c1nc(-c2cc(OC(C)C)ccc2)n[n-]1,C39757985,,99.210335,1,0,0,0,0,0,1,0,1,0
[O-]/C(=N\c1scc(C(C)C)n1)/C(=C/c1ccc([O-])cc1)/C#N,C41721189,,76.822823,1,0,0,0,0,0,0,0,0,0
O=C(C)c1c([O-])cc2oc3cc([O-])c(C(=O)C)cc3c2c1,C43214965,,57.612259,1,0,0,0,0,1,0,0,0,0
Brc1cnc2nc(C[C@](C)(C(C)C)C(=O)[O-])[n-]c2c1,C43460814,,89.665939,1,0,0,0,0,0,0,0,1,0
Clc1cc(OC)c(-c2nc(SCC(=O)[O-])[n-]n2)cc1,C43565711,,98.747391,1,1,0,0,0,0,1,0,1,0
Clc1cc(C(=O)/C(/C#N)=C(/[O-])\c2c(C)occ2)[n-]c1,C48529077,,98.751846,1,0,0,0,0,1,0,1,0,0
S([C@H](C)C(=O)[O-])c1nc([O-])cc(-c2ccc(OC)cc2)n1,C20395842,,97.049995,1,0,0,0,0,0,0,0,0,0
Clc1c([O-])ccc(C(=O)N2[C@@H](CCC(=O)[O-])CCCC2)c1,C50921335,,76.982475,1,0,0,0,0,0,0,0,1,0
Clc1c(/N=C(\[O-])/C(/C#N)=C(\[O-])/C2CC2)ccc(Cl)c1,C55607112,,98.376778,1,0,0,0,0,0,0,0,0,0
Fc1c(/N=C(\[O-])/C(/C#N)=C(/[O-])\C(C)(C)C)ccc(F)c1,C55607559,,98.574005,1,0,0,0,0,0,0,0,0,0
Brc1c(/N=C(\[O-])/C(/C#N)=C(\[O-])/CCC)cccc1,C55659837,,98.206123,1,0,0,0,0,0,0,0,0,0
Clc1c(Cc2nc([O-])cc(CC(=O)[O-])n2)cccc1,C58037345,,98.377495,1,0,0,0,0,1,0,0,1,0
S([C@@H](C)C(=O)[O-])c1nc([O-])c2c(-c3occc3)csc2n1,C20372917,,95.315445,1,0,0,0,0,0,0,0,1,0
Brc1c(O[C@@H](C)C(=O)[O-])c(OC)cc(/C=C/C(=O)[O-])c1,C43630461,,98.497337,1,0,0,0,0,0,0,0,0,0
Clc1c(/N=C/c2c([O-])n[n-]c2C(F)(F)F)cccc1,C17920592,,99.964622,1,0,0,0,0,0,0,0,0,0
S=C1N(Cc2c(C)cccc2)C2=C([O-])N=C([O-])N(C)C2=N1,C62720545,,99.99543,1,0,0,0,0,0,0,0,0,0
S([C@@H]1[C@@H](C(=O)[O-])CCC1)c1nc([O-])cc(CCC)n1,C62765086,,97.869965,1,0,0,0,0,0,0,0,0,0
Cl[C@H]1SC(Cl)=C(/C(/[O-])=N/c2nc(-c3ncccc3)n[n-]2)C1,C63958855,,95.923058,1,0,0,0,0,0,0,0,0,0
Clc1c(/N=C(\[O-])/C(/C#N)=C(/[O-])\[C@@H](OCC2CC2)C)cccc1,C64681707,,99.511383,1,0,0,0,0,0,0,0,0,0
O(C)Cc1scc(/C(/[O-])=C(/C(/[O-])=N/c2c(C)c(C)ccc2)\C#N)n1,C65046359,,99.32695,1,0,0,0,0,0,0,0,0,0
O=C([O-])c1ccc(/N=C(\[O-])/C(=C\c2ccc3ncccc3c2)/C#N)cc1,C68301457,,98.300415,1,0,0,0,0,0,0,0,0,0
O(C)Cc1scc(/C(/[O-])=C(\C(\[O-])=N\c2ccccc2)/C#N)n1,C68412926,,99.327385,1,0,0,0,0,0,0,0,0,0
FC(F)(F)C(C(F)(F)F)(C(F)(F)F)/C(/[O-])=N/c1ncn[n-]1,C68574376,,95.696426,1,0,0,0,0,0,0,0,0,0
O=C([O-])[C@@H](Oc1cc(/C=C(\C(\[O-])=N\c2ccccc2)/C#N)ccc1)C,C69620970,,99.813004,1,0,0,0,0,0,0,0,0,0
Clc1cc(C)c(O[C@H](C)/C(/[O-])=N\OCC(=O)[O-])cc1,C70185770,,99.700958,1,0,0,0,0,1,0,1,1,0
Clc1c([C@@H]2/C(=C(/[O-])\C(OC)=O)/C(C)=NC([S-])=N2)c(F)ccc1,C08112078,,63.200466,1,0,0,0,0,0,0,0,0,0
O=C1C(CC2=C([O-])Oc3ccccc3C2=O)=C([O-])Oc2ccccc12,C03869855,,95.29615,1,0,0,0,0,0,0,0,0,0
Clc1c(CC2=C([O-])n3ncc(C#N)c3N=C2[O-])cccc1,C71474371,,99.741714,1,0,0,0,0,0,0,0,0,0
Fc1ccc(CC2=C([O-])n3ncc(-c4ncccc4)c3N=C2[O-])cc1,C71474431,,70.386452,1,0,0,0,0,0,0,0,0,0
FC(F)(F)CC1=C([O-])n2ncc(-c3ccc(OC)cc3)c2N=C1[O-],C71474604,,99.837135,1,0,0,0,0,0,0,0,0,0
Fc1c(CC2=C([O-])n3ncc(CN(C)C)c3N=C2[O-])cccc1,C71474677,,99.058418,1,0,0,0,0,0,0,0,0,0
O=C([O-])[C@@H]1[C@H]2[C@](C)(C(=O)[O-])CC(=O)C=C2[C@@H]2CC[C@@H]3C(=C)C[C@]12C3,C71757460,,98.60183,1,0,0,0,0,0,0,0,0,0
O=C([O-])[C@@H]1[C@@H]2[C@](C)(C(=O)[O-])CC(=O)C=C2[C@@H]2CC[C@@H]3C(=C)C[C@]12C3,C71757462,,98.60183,1,0,0,0,0,0,0,0,0,0
S(=O)(=O)([N-]c1c(C)cc([N-]S(=O)(=O)C)cc1)C,C05516149,,98.793015,1,0,0,0,0,1,0,0,0,0
O=C([O-])c1c(C)n(-c2nc([O-])c3CCCCc3n2)nc1,C19936251,,96.809731,1,0,0,0,0,0,0,0,0,0
Brc1cc([C@@H]2n3nc(C)nc3[N-]C(C(=O)[O-])=C2)ccc1,C19962467,,97.330261,1,0,0,0,0,0,0,0,0,0
O=C([O-])C=1[N-]c2n([C@@H](c3cc(OC)ccc3)C=1)nc(C)n2,C19962483,,97.320152,1,0,0,0,0,0,0,0,0,0
S=C1N(c2cc(C)cc(C)c2)C([O-])=C(CC(=O)[O-])C=N1,C20156331,,99.568245,1,0,0,0,0,0,0,0,0,0
S(CC(=O)[O-])c1n(/N=C/c2c([O-])cccc2)c(C)nn1,C27525663,,89.594597,1,0,0,0,0,0,0,0,0,0
O=C([O-])c1ccc([C@@H]2n3c(C)nnc3N=C([O-])C2)cc1,C33464603,,96.379356,1,0,0,0,0,1,0,0,0,0
O=C([O-])C[C@@H]1C([O-])=Nn2c(CCCC)nnc2S1,C36154058,,91.062447,1,0,0,0,0,1,0,0,0,0
O=C([O-])C[C@H]1C([O-])=Nn2c(Cc3sccc3)nnc2S1,C36154092,,90.811356,1,0,0,0,0,1,0,0,1,0
S([C@H](C)C(=O)[O-])c1sc(/N=C(\[O-])/C2CC2)nn1,C36155851,,98.744995,1,0,0,0,0,1,0,0,1,0
S=C1N(CCCOC)c2nc(C)cc(C(=O)[O-])c2C([O-])=N1,C36617313,,98.460266,1,0,0,0,0,1,0,0,0,0
S(Cc1nc([O-])c2sccc2n1)[C@@H](C)C(=O)[O-],C36923106,,96.156754,1,0,0,0,0,1,0,0,1,0
O=C([O-])c1c(C)cc(/N=C(\[O-])/[C@@H]2OCCOC2)s1,C36975679,,97.134247,1,0,0,0,0,0,0,0,0,0
S(CC(=O)[O-])c1nc(-c2c(F)ccc(F)c2)n[n-]1,C37368377,,98.884834,1,0,0,0,0,0,1,0,1,0
S(=O)(=O)([N-]c1c(C(OC)=O)c2CCCc2s1)CC(=O)[O-],C37464682,,94.456398,1,0,0,0,0,0,0,0,0,0
S(=O)(=O)([N-]c1c(C(=O)[O-])c(C)ns1)N1CCC(C)CC1,C37675830,,95.816734,1,0,0,0,0,0,0,0,0,0
S(=O)(=O)([N-]c1c(C(=O)[O-])c(C)ns1)N1C[C@H](C)CCC1,C37675834,,95.816765,1,0,0,0,0,0,0,0,0,0
[O-]/C(=N\N=C\c1ccncc1)/c1nc([O-])c2ccccc2n1,C13638055,,63.35051,1,0,0,0,0,0,0,0,0,0
S(c1ncc(C(=O)[O-])cc1)c1ncnc2nc[n-]c12,C41669538,,93.718887,1,0,0,0,0,1,0,0,0,0
Clc1cc([O-])c(C(=O)N2C[C@H](C(=O)[O-])OCC2)cc1,C43700653,,81.6464,1,0,0,0,0,0,0,0,0,0
Clc1cc(C(=O)N2C[C@H](C(=O)[O-])OCC2)c([O-])cc1,C43700667,,64.61969,1,0,0,0,0,1,0,0,0,0
[S-]c1n(C)c(-c2c(C)nc(/N=C(\[O-])/COC)s2)nn1,C44380184,,98.523254,1,0,0,0,0,1,0,0,0,0
O=C1CCCc2nc(/N=C(\[O-])/c3nnc([O-])cc3)sc12,C44450606,,78.75473,1,0,0,0,0,0,0,0,0,0
Brc1cc([O-])c(C(=O)N2[C@@H](CC(=O)[O-])CCC2)cc1,C44483730,,79.456665,1,0,0,0,0,0,0,0,1,0
S(=O)(=O)([N-]c1sc(/N=C(\[O-])/c2sc(C)cc2)nn1)C,C47293046,,99.961014,1,0,0,0,0,0,0,0,0,0
S(=O)(=O)(/N=C(\[O-])/CSc1ncn[n-]1)c1sc(C)cc1,C48518215,,97.164024,1,0,0,0,0,1,0,0,0,0
S(=O)(=O)(/N=C(\[O-])/CSc1ncn[n-]1)c1c(F)cccc1,C48519188,,97.735252,1,0,0,0,0,1,0,0,0,0
[O-]/C(=N\c1sc(C(C)(C)C)nn1)/c1nnc([O-])cc1,C48748776,,77.853508,1,0,0,0,0,0,0,0,0,0
S(=O)(=O)([N-]c1sc(C)c(C)n1)N1C[C@H](C(=O)[O-])CCC1,C49099221,,64.777641,1,0,0,0,0,1,0,0,1,0
O=C([O-])Cc1c([O-])nc(COc2ccc(OC)cc2)nc1,C49468629,,98.161125,1,0,0,0,0,0,1,0,0,0
S(=O)(=O)(N(C)C(C)C)[N-]c1nc(/C=C/C(=O)[O-])ccc1,C49593466,,99.169403,1,0,0,0,0,0,0,0,0,0
Fc1cc(/C(/[O-])=C/C(=O)CCC(=O)[O-])c(OC)cc1,C49859693,,99.330719,1,0,0,0,0,0,0,0,1,0
O=C([O-])C[C@@H]1C([O-])=NN=C(/N=C/c2ccc(OC)cc2)S1,C00031921,,89.761375,1,0,0,0,0,0,0,0,0,0
S(Cc1occ(C(=O)[O-])c1)c1ncnc2nc[n-]c12,C51329715,,91.157112,1,1,0,0,0,1,0,0,0,0
O=C(/C=C(\[O-])/C(=O)C(C)(C)C)/C(/[O-])=N/c1ncccc1,C06416969,,98.673775,1,0,0,0,0,0,0,0,0,0
S(=O)(=O)([N-]c1c(OCC)cc2C[C@H](C)Oc2c1)CC(=O)[O-],C37464163,,96.560257,1,0,0,0,0,1,0,0,0,0
Clc1c(OC)ccc([C@H](CCC(=O)[O-])C(=O)[O-])c1,C57966480,,98.350655,1,0,0,0,0,0,0,0,0,0
S(=O)(=O)([N-]c1c(C)cc(OC)c(OC)c1)[C@@H](C)C(=O)[O-],C49045806,,98.723434,1,0,0,0,0,1,0,0,1,0
O=C([O-])C[C@H]1C([O-])=NN=C(/N=C/c2ccc(N(C)C)cc2)S1,C05586304,,84.50676,1,0,0,0,0,0,0,0,0,0
O=C([O-])[C@H]1CN(C(=O)c2c(C)c3c([O-])ncnc3s2)CC1,C62117868,,84.162926,1,0,0,0,0,1,0,0,0,0
Fc1c(F)ccc(-c2n(CC(=O)[O-])nnc2C(=O)[O-])c1,C62279941,,99.126884,1,0,0,0,0,0,0,0,0,0
S(Cc1c(C(=O)[O-])nccc1)c1ncnc2[n-]cnc12,C62766436,,87.302521,1,1,0,0,0,1,0,0,1,0
O=C(N1C[C@](CCC)(C(=O)[O-])CCC1)c1c([O-])cccn1,C62870128,,65.274605,1,0,0,0,0,0,0,0,1,0
O=C(N1C[C@@](CCC)(C(=O)[O-])CCC1)c1ncc([O-])nc1,C62870653,,67.981712,1,0,0,0,0,0,0,0,1,0
S(CC(=C)C(=O)[O-])c1n(-c2ccc([O-])cc2)nnn1,C70380899,,96.95697,1,0,0,0,0,0,0,0,1,0
Fc1c(/N=C(\[O-])/C(/C#N)=C(/[O-])\[C@@H](OC)C)ccc(F)c1,C56253838,,99.547791,1,0,0,0,0,0,0,0,0,0
FC(F)(F)[C@]1(C)C(=O)N(Cc2oc(C(=O)[O-])cc2)C([O-])=N1,C71196540,,99.802574,1,0,0,0,0,0,0,0,0,0
[O-]C1=C(C(C)C)C([O-])=Nc2c(-c3ncccc3)cnn12,C71474439,,70.249329,1,0,0,0,0,0,0,0,0,0
O=C([O-])CC1=Nc2n(C([O-])=C1)nc(-c1ncccc1)c2,C71470149,,98.563759,1,0,0,0,0,0,0,0,0,0
O=C([O-])[C@@H]1[C@@H]2[C@@](C)(C(=O)[O-])CC(=O)C=C2[C@@H]2CC[C@H]3C(=C)C[C@@]12C3,C71757469,,98.60183,1,0,0,0,0,0,0,0,0,0
S(=O)(=O)([O-])C1(O)CCC(C2CCCCC2)CC1,C06562374,,99.999161,1,0,0,0,0,0,0,0,0,0
[S-]c1ncnc2c1[nH]c1ccc(F)cc21,C04785749,,64.973305,1,0,0,0,0,1,0,0,0,0
[O-]c1c(C#N)cc2cc3CCNCc3cc2n1,C19685055,,99.137398,1,0,0,0,0,0,0,0,0,0
O=C1[C@@H](C)S/C(=N\N=C\c2c([O-])cccc2)/N1,C04528721,,50.308636,1,0,0,0,0,0,0,0,0,0
S=C1N(Cc2cnc([O-])cc2)C=CN1,C28760463,,95.763451,1,0,0,0,0,1,0,0,0,0
O=C(NC1CCCCC1)N1[C@H](C(=O)[O-])CSC1,C06589343,,99.776299,1,0,0,0,0,0,0,0,0,0
S=C1N=C([O-])Nc2n(-c3ccccc3)ncc12,C01562353,,99.815971,1,0,0,0,0,0,0,0,0,0
Clc1c([C@H]2C([O-])=NC(=O)N2)c(F)ccc1,C34079371,,99.998085,1,0,0,0,0,1,0,0,0,0
O=C1C2([N-][C@H](c3occc3)N1)CCCC2,C35015891,,97.559517,1,0,0,0,0,1,0,0,0,0
Oc1c(OC)ccc(-c2nc([O-])ccn2)c1,C36882145,,90.275261,1,0,0,0,0,0,0,0,0,0
S(=O)(=O)([N-]c1cccc2CNCCc12)CC,C37372906,,96.711243,1,0,0,0,0,0,0,0,0,0
S([C@@H]1[C@H](O)CCCC1)c1ncn[n-]1,C37491034,,99.524673,1,0,0,0,0,1,0,0,0,0
Fc1c([C@H]2SCC[C@@H](C(=O)[O-])N2)cc(F)cc1,C37737399,,89.362045,1,0,0,0,0,0,0,0,0,0
O=C1N/C(=C/c2cscc2)/C([O-])=N1,C00073054,,99.978256,1,0,0,0,0,0,0,0,0,0
S=C1N=NC2=C([O-])Nc3ccccc3N12,C13597953,,83.820244,1,0,0,0,0,1,0,1,0,0
S=C1N(c2c(F)cccc2)C([O-])=C2C=NNC2=N1,C08619782,,56.791096,1,0,0,0,0,0,0,0,0,0
S=C1N=C([NH-])C=2C(S[C@@H]3CCCC=23)=N1,C39280606,,89.754051,1,0,0,0,0,0,0,0,0,0
O=C(N[C@]1(C(=O)[O-])C[C@H](C)CCC1)C=C(C)C,C41034278,,99.705978,1,0,0,0,0,0,0,0,0,0
S(Cc1sc(C#CCO)cc1)c1ncn[n-]1,C43683180,,99.525925,1,0,0,0,0,1,0,0,0,0
O[C@H]1[C@H](N2C[C@@H](C(=O)[O-])OCC2)CCCC1,C43705044,,82.308861,1,0,0,0,0,0,0,0,0,0
O=C(N[C@@H]1[C@H](C)[C@@H](C)CCC1)c1n[n-]nc1,C48889295,,63.825268,1,0,0,0,0,1,0,0,0,0
S=C1NC(=O)C(c2c([O-])n(C)c3ccccc23)=N1,C49542451,,99.97422,1,0,0,0,0,0,0,0,0,0
O=C1/C(=C/c2c(C)ccs2)/N(C)C([NH-])=N1,C19842982,,77.333252,1,0,0,0,0,0,0,0,0,0
O(C)C(=O)C=1C(=O)NC=2CCCCC=2C=1[O-],C13124087,,99.892105,1,0,0,0,0,0,0,0,0,0
O=C([O-])C1(C(=O)N[C@H]2[C@@H](C)CCCC2)CC1,C50290453,,99.724709,1,0,0,0,0,0,0,0,0,0
Clc1c([O-])cc(N2C[C@@H]3NC[C@H]2C3)cn1,C52634798,,59.141888,1,0,0,0,0,0,0,0,0,0
O=C(N1[C@H](C)CNCC1)c1c([O-])cc(OC)cc1,C54370013,,58.426952,1,0,0,0,0,1,0,0,0,0
[O-]C1=C(CN2CCOCC2)C(=N)CC(C)(C)C1,C06907269,,89.702271,1,0,0,0,0,0,0,0,0,0
O=C1[C@@H](Nc2cnc3ccccc3c2)CC([O-])=N1,C55142098,,99.413666,1,0,0,0,0,0,0,0,0,0
Fc1ccc([C@H]2[C@@H](C(=O)/N=C/3\NCC([O-])=N\3)C2)cc1,C56214123,,66.860565,1,0,0,0,0,0,0,0,0,0
O=C1C([O-])=Nc2c(C)cc3cn[nH]c3c12,C57218752,,98.16964,1,0,0,0,0,0,0,0,0,0
S(=O)(=O)([NH-])c1c(C)n(-c2c(F)cccc2)nc1,C42356263,,99.99633,1,0,0,0,0,1,0,0,0,0
FC(F)(F)c1ccc([C@H]2C([O-])=NC(=O)N2)cc1,C60392897,,99.998711,1,0,0,0,0,1,0,0,0,0
Fc1c(F)cc(NC(=O)C2(C(=O)[O-])CC2)c(F)c1,C61095044,,99.769745,1,0,0,0,0,1,0,1,1,0
S=C1NC(=O)[C@](CC)(c2ccccc2)C([O-])=N1,C05651590,,99.98954,1,0,0,0,0,0,0,0,0,0
Clc1cc(C(=O)N2C[C@](C)(C(=O)[O-])CC2)[nH]c1,C62912998,,99.327682,1,0,0,0,0,1,0,0,1,0
S(Cc1ccc(C)cc1)C1=NC(=O)CC([NH-])=N1,C64693634,,53.891918,1,0,0,0,0,1,0,0,0,0
O=C1C(c2ccc(C#N)cc2)=CN=C([O-])N1,C65344515,,99.761772,1,0,0,0,0,0,0,0,0,0
Fc1cc([O-])cc(C=2NC=CC(=O)C=2)c1,C65355706,,93.554443,1,0,0,0,0,0,0,0,0,0
S(=O)(=O)([N-]c1ccc2CCNCc2c1)C(F)F,C69052793,,77.497826,1,0,0,0,0,1,0,0,0,0
O=C1N=C(c2cccc3cccnc23)NC([O-])=C1,C69500708,,78.721336,1,0,0,0,0,0,0,0,0,0
O[C@]1([C@@H](CC)C(=O)[O-])CC(C)(C)OCC1,C69899329,,99.336464,1,0,0,0,0,0,0,0,0,0
O=C([O-])C1(C(=O)N[C@@H]2[C@H](C)C[C@H](C)CC2)CC1,C70116571,,99.724754,1,0,0,0,0,0,0,0,0,0
Fc1c([O-])c(F)c(C(=O)NOCC)cc1F,C70286463,,93.659081,1,0,0,0,0,1,0,0,0,0
O=C1N[C@H](c2sc(CC)cc2)C([O-])=N1,C61569560,,95.15123,1,0,0,0,0,1,0,0,0,0
S=C1S/C(=C\Nc2sccn2)/C([O-])=N1,C12176818,,99.637993,1,0,0,0,0,0,0,0,0,0
Clc1c([O-])ccc(C(=O)N(C)[C@@H]2CNCC2)c1,C71310089,,77.287033,1,0,0,0,0,0,0,0,0,0
OC(=O)CC=1[C@](C)(C(=O)[O-])CCCC=1,C71774087,,98.39106,1,0,0,0,0,0,0,0,0,0
OC=1[C@]2(C)C(C)(C)[C@H](C=1C(=O)C(=O)[O-])CC2,C16778834,,90.110184,1,0,0,0,0,0,0,0,0,0
O=C(/N=C\1/C([O-])=CC=CN/1)c1ncccc1,C71805141,,86.880608,1,0,0,0,0,1,0,0,0,0
O=[N+]([O-])c1c([O-])ccc(OC)c1,C02039440,,73.796913,1,0,0,0,0,0,0,0,0,0
Fc1cc([N+](=O)[O-])c([O-])c(C(=O)C)c1,C02506823,,99.367851,1,0,0,0,0,0,0,0,0,0
Brc1c([N+](=O)[O-])nc(C)[n-]1,C04311295,,99.870071,1,0,0,0,0,0,0,0,0,0
O=C1N(CN2CCC(C)CC2)N=C([O-])C=C1,C13479816,,63.385593,1,0,0,0,0,0,0,0,0,0
Fc1c(F)cc2ncc([N+](=O)[O-])c([O-])c2c1,C01430505,,99.391319,1,0,0,0,0,1,0,0,0,0
O=C([O-])/C=C/c1c(N(C)C)n(C)nc1C,C20527142,,91.506538,1,0,0,0,0,0,0,0,0,0
S=C1N(CC)C([O-])=C2N(CC)N=C(C)C2=N1,C21730122,,99.993973,1,0,0,0,0,0,0,0,0,0
BrCc1nc([O-])c([N+](=O)[O-])cc1,C21985804,,62.627857,1,0,0,0,0,0,0,0,0,0
[S-]c1ncnc2n(C)nnc12,C26423248,,98.287224,1,0,0,0,0,1,0,0,0,0
s1nc2ccc3n[n-]nc3c2n1,C06557481,,69.774948,1,0,0,0,0,1,0,0,0,0
[S-]c1n([C@H](C)c2occc2)nnn1,C35739677,,74.899849,1,0,0,0,0,0,0,0,0,0
[S-]c1n(C2CC2)c(N2C[C@@H](C)OCC2)nn1,C36865407,,98.620514,1,0,0,0,0,0,0,0,0,0
Clc1c(C)c(N2C(=O)C([O-])=NC2=O)ccc1,C36927218,,96.489586,1,0,0,0,0,0,0,0,0,0
[O-]c1cnnc2cc3OCOc3cc12,C37405181,,98.771072,1,0,0,0,0,1,0,0,0,0
O=C1N(CCC2CCCCC2)C(=O)N=C1[O-],C37742056,,99.103531,1,0,0,0,0,0,0,0,0,0
[S-]c1n(C2CC2)c(-c2n(C)ncc2)nn1,C02537008,,98.824516,1,0,0,0,0,1,0,1,0,0
[O-]c1nc(N2C[C@H](C)C[C@H](C)C2)nnc1,C41600921,,63.920773,1,0,0,0,0,0,0,0,0,0
[O-]/C(=N\c1scnn1)/N1CCC(C)CC1,C43130488,,98.135811,1,0,0,0,0,0,0,0,0,0
[S-]c1n([C@H](C)c2c(C)oc(C)c2)nnn1,C44731074,,71.375107,1,0,0,0,0,0,0,0,0,0
[O-]/C(=N\c1scnn1)/[C@H](C)C#N,C44813136,,97.340569,1,0,0,0,0,1,0,0,0,0
[S-]c1n(C[C@H]2CN(C(C)C)CC2)nnn1,C45136139,,71.96209,1,0,0,0,0,0,0,0,0,0
O=C([O-])c1c(C)c(OC)n(C)n1,C45929952,,98.636551,1,0,0,0,0,0,0,0,0,0
ClCc1nc(-c2nccnc2)nc([O-])c1,C45956722,,98.511436,1,0,0,0,0,0,0,0,0,0
[S-]c1n([C@H](C)Cn2cncc2)c(C)nn1,C49236165,,80.678413,1,0,0,0,0,1,0,1,0,0
[S-]c1n([C@@H]2CCN3CCC[C@H]23)nnn1,C49569663,,74.454132,1,0,0,0,0,0,0,0,0,0
[S-]c1n([C@H]2CCN3CCC[C@H]23)nnn1,C49569665,,74.454132,1,0,0,0,0,0,0,0,0,0
c1(-c2cnccc2)nc(-c2ccncc2)[n-]n1,C18164784,,97.22776,1,0,0,0,0,0,0,0,0,0
[O-]c1c(/C=N/n2cnnc2)ccc2ccccc12,C00295961,,58.835438,1,0,0,0,0,0,0,0,0,0
Fc1c(F)cc2nnn(C(C)(C)C(=O)[O-])c2c1,C57833494,,99.837723,1,0,0,0,0,0,0,0,0,0
[O-]c1nnc(-c2cn(C)nc2)cc1,C44496871,,70.567604,1,0,0,0,0,0,0,0,0,0
FC(F)(F)c1nn(-c2nnc(C)[n-]2)c(C)c1,C59391068,,98.116959,1,0,0,0,0,1,0,0,0,0
Clc1nc(OCC)nc([O-])n1,C61515458,,99.910202,1,0,0,0,0,0,0,0,0,0
O(C)c1cccc-2c1OCCc1c(C#N)[n-]nc-21,C62620293,,97.158363,1,0,0,0,0,0,0,0,0,0
C(c1sc2CCCCCc2n1)c1nnn[n-]1,C62716729,,87.146965,1,0,0,0,0,0,0,0,0,0
O(Cc1c(C#N)c([O-])c(C)nc1)C(=O)C,C62720958,,48.109684,1,0,0,0,0,0,0,0,0,0
O(C)C(=O)N1C[C@@](C)(C(=O)[O-])CCC1,C62872598,,99.292847,1,0,0,0,0,0,0,0,0,0
O=C(N1C[C@](CC)(C(=O)[O-])CC1)N1CCCC1,C62922194,,99.329475,1,0,0,0,0,0,0,0,0,0
O(C)C(=O)N1C[C@](C)(C(=O)[O-])CC1,C62923848,,99.362907,1,0,0,0,0,0,0,0,0,0
O=C(N1C[C@@](C)(C(=O)[O-])CC1)[C@H]1CN(C)CC1,C62912557,,98.198479,1,0,0,0,0,0,0,0,0,0
O=C([O-])[C@@]1(CC)CN(c2nccnc2)CC1,C62934028,,99.123283,1,0,0,0,0,0,0,0,1,0
O=C([O-])[C@@]1(C)CN(Cc2cn(C)nc2)CC1,C62936265,,99.13179,1,0,0,0,0,1,0,0,1,0
S=C1N=C([O-])[C@H](C#N)C(c2ccncc2)=N1,C63608148,,98.876328,1,0,0,0,0,0,0,0,0,0
[O-]C1=C(CCC)C(C)=Nc2n1ncn2,C20853884,,72.402809,1,0,0,0,0,1,0,0,0,0
FC(F)(F)/C(/[O-])=N/c1n2C=CC=Cc2nn1,C65314490,,95.875366,1,0,0,0,0,0,0,0,0,0
Brc1c([N+](=O)[O-])ccc([O-])n1,C67175946,,71.232849,1,0,0,0,0,0,0,0,0,0
S(=O)(=O)(N1CCCCCCC1)c1[n-]cnc1,C69947965,,99.857468,1,0,0,0,0,0,0,0,0,0
O=C1[C@@H]([C@H](C)c2nccnc2)CC([O-])=N1,C70675991,,99.975777,1,0,0,0,0,0,0,0,0,0
Cc1noc(-c2nc3ccncc3[n-]2)c1,C70819542,,75.507973,1,0,0,0,0,0,0,0,0,0
[S-]c1n([C@@H]2COCCC2)nnn1,C71023433,,71.977669,1,0,0,0,0,0,0,0,0,0
S([C@H]1C(=O)OCC1)c1nc([O-])cc(C)n1,C71237147,,98.887733,1,0,0,0,0,1,0,0,0,0
O=C(NC)NC(=O)C1(C(=O)[O-])CCCC1,C01752254,,99.760338,1,0,0,0,0,0,0,0,0,0
FC(F)(F)c1cc(N(C)CC(=O)[O-])c(N)nc1,C20278427,,96.746689,1,0,0,0,0,1,0,0,0,0
Oc1c([O-])cc(/C=N/N=C/2\SCC(=O)N\2)cc1,C26507275,,40.997616,1,0,0,0,0,1,0,0,0,0
O=C1N(Cc2cc(N)ccc2)C=CC([O-])=N1,C34956720,,99.99054,1,0,0,0,0,0,0,0,0,0
Fc1c(NC(=O)NCC(=O)[O-])cc(F)cc1,C35321263,,99.797745,1,0,0,0,0,1,0,0,0,0
OC1CCC(NC(=O)c2ncc([O-])nc2)CC1,C35648407,,68.854546,1,0,0,0,0,0,0,0,0,0
S(CC=1OC=C([O-])C(=O)C=1)c1c(N)cccn1,C37190308,,87.898956,1,0,0,0,0,1,0,0,0,0
S(CC=1OC=C([O-])C(=O)C=1)c1cnc(N)cc1,C37191919,,81.711395,1,0,0,0,0,1,0,0,0,0
S(=O)(=O)([N-]c1c(C)ccc(C#CCN)c1)C,C37471331,,56.377644,1,0,0,0,0,1,0,0,0,0
O=C(NC(C)C)NC1(C(=O)[O-])CCCCCC1,C37510680,,99.697563,1,0,0,0,0,0,0,0,0,0
O=C1C(NC[C@@H]2Cc3ccccc23)=NN=C([O-])N1,C37566348,,96.245415,1,0,0,0,0,1,0,0,0,0
O[C@@H]1[C@@H](C)OC(=O)c2c([O-])c(OC)c(O)cc12,C13480371,,64.592041,1,0,0,0,0,1,0,0,0,0
Oc1cc([O-])c(/C=C/2\C(=O)NC(=O)S\2)cc1,C03160614,,64.060402,1,0,0,0,0,0,0,0,0,0
Clc1c(Cl)cc(C(=O)NCc2n[nH]cn2)[n-]1,C37921092,,99.610825,1,0,0,0,0,0,0,0,0,0
O=C([O-])[C@]12C(C)(C)[C@](C)(/C(=N/N)/C1)CC2,C35279647,,99.102745,1,0,0,0,0,0,0,0,0,0
O=C1C(N[C@H](C)CC(C)C)=NN=C([O-])N1,C36867663,,99.729439,1,0,0,0,0,1,0,0,0,0
N[C@H]1[C@@H](c2nnn[n-]2)C=2CCCCC=2S1,C39334766,,84.682869,1,0,0,0,0,0,0,0,0,0
S(c1c(CN)c(C)c(C)nn1)c1ncn[n-]1,C40290664,,85.678276,1,0,0,0,0,0,0,0,0,0
O=C([O-])C1CCC(NC(=O)[C@H]2NCSC2)CC1,C40483277,,72.454025,1,0,0,0,0,0,0,0,0,0
O=C(N[C@@H](C)C(C)C)NC1(C(=O)[O-])CCCC1,C40548281,,99.701553,1,0,0,0,0,0,0,0,0,0
O=C1C(NCc2cc(C)ccc2)=NN=C([O-])N1,C41665048,,99.289955,1,0,0,0,0,1,0,0,0,0
O=C(C)c1cc(OCC)c([O-])c(N)c1,C41652487,,68.893547,1,0,0,0,0,0,0,0,0,0
S(c1n(N)cnn1)[C@@]1(C(=O)[O-])CSCC1,C41991709,,99.346611,1,0,0,0,0,0,0,0,0,0
O=C([O-])C[C@H]1N(C(=O)C2(N)CCCC2)CCC1,C42164534,,76.770653,1,0,0,0,0,0,0,0,0,0
O=C(N[C@@H]1C(C)(C)C1)NC1(C(=O)[O-])CCCCC1,C45138855,,99.699165,1,0,0,0,0,0,0,0,0,0
S(C[C@@](N)(C#N)c1ccccc1)c1nc(C)n[n-]1,C45220738,,99.323334,1,0,0,0,0,1,0,0,0,0
O=C([O-])[C@](N)(C)COc1c(C)cc(C)cc1C,C45465453,,94.527107,1,0,0,0,0,0,0,0,0,0
O[C@@H]1[C@@H](/C=C/C)OC=2[C@]([O-])(C)OC(=O)C=2[C@H]1O,C49181670,,99.998779,1,0,0,0,0,0,0,0,0,0
BrC1=C(N)n2nc(C)nc2N=C1[O-],C49474284,,68.299286,1,0,0,0,0,1,0,0,0,0
OC1CCC(NC(=O)C2(C(=O)[O-])CCC2)CC1,C50290339,,99.695686,1,0,0,0,0,0,0,0,0,0
Clc1nc(N)cc(/C(/[O-])=N/c2nccnc2)c1,C50703915,,99.820595,1,0,0,0,0,0,0,0,0,0
[O-]c1nc(/N=C(\N)/N2CCCCC2)nc(C)c1,C20423487,,57.969734,1,0,0,0,0,0,0,0,0,0
O=C([O-])C[C@H]1CN(C(=O)[C@](N)(C)C2CC2)CCC1,C54303350,,77.44841,1,0,0,0,0,0,0,0,0,0
S([C@@H](CN)c1cnccc1)c1nc([O-])ccn1,C43352279,,93.609474,1,0,0,0,0,0,0,0,0,0
Nc1cccc2CN([C@H](C)c3nnn[n-]3)Cc12,C44931991,,78.529892,1,0,0,0,0,0,0,0,1,0
S(=O)(=O)([N-]c1nocc1)Cc1c(N)cccc1,C61685184,,90.082321,1,0,0,0,0,1,0,0,0,0
O=C([C@@H](N)C(C)C)N1C[C@](C)(C(=O)[O-])CCC1,C62870295,,51.082829,1,0,0,0,0,0,0,0,0,0
O=C([C@H](N)[C@@H](C)CC)N1C[C@](C)(C(=O)[O-])CC1,C62915591,,49.815025,1,0,0,0,0,0,0,0,0,0
S(=O)(=O)(N)[N-][C@H](C)c1ccc2OCCOc2c1,C65453809,,95.147362,1,0,0,0,0,1,0,0,0,0
S(=O)(=O)(N)[N-][C@@H]1CCOc2ccc(F)cc12,C68938421,,95.04792,1,0,0,0,0,1,0,0,0,0
FC(F)(F)[C@](N)(C(=O)[O-])c1cc(F)cnc1,C69548761,,99.940414,1,0,0,0,0,1,0,0,0,0
O=C(N[C@H](C(=O)[O-])C(C)(C)C)NC(C)(C)C#C,C70119616,,99.743568,1,0,0,0,0,0,0,0,0,0
O=C(NCC1CC1)N[C@@]1(C(=O)[O-])[C@@H](C)CCCC1,C70256552,,99.700691,1,0,0,0,0,0,0,0,0,0
O=C(NCC1CC1)N[C@]1(C(=O)[O-])[C@@H](C)CCCC1,C70256556,,99.700691,1,0,0,0,0,0,0,0,0,0
Nc1cc(-c2nc3ccncc3[n-]2)cnc1,C70801477,,57.429253,1,0,0,0,0,0,0,0,0,0
O=C1C(N[C@H]2[C@@H](C)CCC2)=NN=C([O-])N1,C70833041,,99.728859,1,0,0,0,0,1,0,0,0,0
[O-]C=1n2nc(-c3occc3)cc2N=C(CN)C=1,C71467902,,53.951736,1,0,0,0,0,1,0,0,0,0
O=C1N[C@]2(C([O-])=N1)CCNc1c(C)cc(C)cc21,C71481946,,99.998474,1,0,0,0,0,1,0,0,0,0
O=C1N[C@](C)(c2ccc3NC(=O)Cc3c2)C([O-])=N1,C71559583,,99.998627,1,0,0,0,0,1,0,0,0,0
Brc1c([O-])c(C(=O)N)c(C)nc1C,C00406524,,99.993607,1,0,0,0,0,1,0,0,0,0
S(CC(=O)N/N=C/c1ccc(C(=O)[O-])cc1)C=1C([O-])=NC(=O)NN=1,C19791580,,58.855,1,0,0,0,0,0,1,1,0,0
S=C1NC(=O)/C(=C\c2oc(-c3cc(C(=O)[O-])c(O)cc3)cc2)/C([O-])=N1,C20064359,,56.704769,1,0,0,0,0,1,0,0,0,0
O=C([O-])COc1c([C@H]2c3c([O-])[nH]nc3NC=3CC(C)(C)CC(=O)C2=3)cccc1,C18195680,,42.620579,1,0,0,0,0,0,0,0,0,0
O=C([O-])COc1c([C@@H]2c3c([O-])[nH]nc3NC=3CC(C)(C)CC(=O)C2=3)cccc1,C18195682,,42.620579,1,0,0,0,0,0,0,0,0,0
Oc1c([O-])c(/C=N/N2C(=O)N=C3c4ccc(OC)cc4NC3=C2[O-])ccc1,C09354446,,77.251572,1,0,0,0,0,0,0,0,0,0
S(CC(=O)c1c([O-])cc([O-])cc1)C=1N(CCC)C(=O)NN=1,C21686214,,40.407227,1,0,0,0,0,0,0,0,0,0
O=C(OC(C)(C)C)N[C@@H](CC(=O)[O-])c1c([O-])cc(OC)cc1,C02505702,,96.415428,1,0,0,0,0,1,0,0,1,0
Oc1c(OC)cccc1[C@H]1n2nc(C)nc2[N-]C(C(=O)[O-])=C1,C22610818,,70.001862,1,0,0,0,0,0,0,0,0,0
S(Cc1ccc(F)cc1)C=1NC(=O)C(C[C@H](C)C(=O)[O-])=C([O-])N=1,C25502764,,75.898155,1,0,0,0,0,1,0,0,0,0
Clc1ccc2nc(/C(=N/N)/[C@H]([O-])c3cc([N+](=O)[O-])ccc3)c([O-])nc2c1,C06622497,,54.294285,1,0,0,0,0,0,0,0,0,0
S(c1n(N)c(-c2ccccc2)nn1)c1c([O-])nc([O-])nn1,C28284629,,66.432961,1,0,0,0,0,0,0,0,0,0
O=[N+]([O-])c1cc(NC(=O)CC(C)(C)CC(=O)[O-])c([O-])cc1,C29004429,,62.78698,1,0,0,0,0,1,0,0,1,0
O=[N+]([O-])c1cc([O-])c(NC(=O)[C@@H]2[C@@H](C(=O)[O-])CC=CC2)cc1,C29006775,,85.64006,1,0,0,0,0,0,0,0,1,0
S(=O)(=O)([N-]NC(=O)CC(C)C)c1cc([N+](=O)[O-])c([O-])cc1,C36748156,,92.948853,1,0,0,0,0,0,0,0,0,0
Brc1c(O)ccc([C@@H](c2c(C)[nH]nc2[O-])c2c([O-])[nH]nc2C)c1,C19886021,,33.362862,1,0,0,0,0,0,0,0,0,0
[O-]/C(=N\c1sc(C)nn1)/C1=NN[C@H](c2c([O-])cccc2)C1,C39029597,,96.386002,1,0,0,0,0,0,0,0,0,0
[S-]C=1N[C@H](c2c([O-])ccc([N+](=O)[O-])c2)C(C(OCC)=O)=C(C)N=1,C39369094,,63.524494,1,0,0,0,0,1,0,0,0,0
Clc1c([O-])ccc(/C=C\C=2C([N+](=O)[O-])=C([O-])NC(=O)N=2)c1,C32687743,,88.529984,1,0,0,0,0,0,0,0,0,0
O=C(N/N=C\1/C(=O)N=C([O-])N=C/1[O-])[C@H]1N=NC(C(C)(C)C)=C1,C39948404,,98.849442,1,0,0,0,0,0,0,0,0,0
O=C(Nc1c(-c2nc([O-])c3ccccc3n2)cccc1)C=1C=C([O-])NC(=O)C=1,C40819650,,77.813889,1,0,0,0,0,1,1,1,0,0
S(=O)(=O)(N)c1ccc(/N=N/c2c([O-])nn3C([O-])=C4CCCCC4=Nc23)cc1,C15961955,,68.678123,1,0,0,0,0,1,0,0,0,0
Clc1cc(/C=C\2/C(=O)N(CC(=O)NCCC(=O)[O-])C(=O)S/2)c([O-])cc1,C15050272,,78.187439,1,0,0,0,0,0,0,0,0,0
[S-]c1n(CC(=O)NNC(=O)c2c([O-])cc3ccccc3c2)c(CCC)nn1,C52818916,,68.682411,1,0,0,0,0,1,0,0,0,0
O(CC)C(=O)Cc1nc(/N=C(\N)/[N-]c2cc(C)c(C)cc2)nc([O-])c1,C18119613,,37.396702,1,0,0,0,0,0,0,0,0,0
[S-]/C(/Nc1ccccc1)=N/N/C(/C)=C\1/C(=O)N(CC=C)C([O-])=NC/1=O,C13865130,,59.425812,1,0,0,0,0,0,0,0,0,0
S=C1N(C[C@@H](O)COc2ccc(OC)cc2)C2=C([O-])N=C([O-])N(C)C2=N1,C02070202,,99.995438,1,0,0,0,0,1,1,0,0,0
S([C@@H](CC)C(=O)[O-])c1nc([O-])c2c(C)c(C(=O)N)sc2n1,C20374570,,83.816422,1,0,0,0,0,0,0,0,1,0
O=C([O-])C[C@@H]1C(=O)N/C(=N\N=C(\C)/c2c([O-])cccc2)/S1,C05151613,,52.986259,1,0,0,0,0,0,0,0,0,0
Fc1c(OCC(=O)[O-])c(OC)cc(/C=C/2\C(=O)N=C([NH-])S\2)c1,C09324533,,99.198181,1,0,0,0,0,0,0,0,0,0
Oc1c([N+](=O)[O-])cc(/C=C\2/C(=O)N(c3ccc(C)cc3)C(=O)N=C/2[O-])c([O-])c1,C59426731,,73.350929,1,0,0,0,0,0,0,0,0,0
O(CCCC)C(=O)CN1C(=O)[C@]([O-])([C@@H]2C(=O)N=C([NH-])S2)c2ccccc12,C17878675,,99.311203,1,0,0,0,0,1,0,0,0,0
O=C1N(Cc2sccc2)c2ccccc2[C@@]1([O-])[C@@H]1C(=O)N=C([NH-])S1,C17878987,,99.301376,1,0,0,0,0,1,0,0,0,0
[S-]C=1NC(=O)c2ccc(C(=O)Nc3nc(-c4occc4)n[n-]3)cc2N=1,C60615268,,97.465874,1,0,0,0,0,1,0,0,0,0
Clc1c(OC)ccc([N-]C=2N=C([N-]CCO)C3=NC=N[C@@H]3N=2)c1,C38586376,,40.792736,1,0,0,0,0,1,0,0,0,0
S(C/C(/[O-])=N/c1[nH]nc(SC)n1)[C@H]1SN=C(SC)[N-]1,C39252566,,70.859619,1,0,0,0,0,1,0,0,0,0
O=C1C(C(c2ccc(C)cc2)C=2C(=O)NC(C)=NC=2[O-])=C([O-])N=C(C)N1,C15658883,,63.411274,1,0,0,0,0,0,0,0,0,0
[S-]C=1NC(=O)c2ccc(C(=O)Nc3cc(-c4nnc([O-])cc4)ccc3)cc2N=1,C64346558,,60.251396,1,0,0,0,0,1,0,0,0,0
Clc1c([O-])ccc(C(=O)NCc2n(C)c([S-])nn2)c1,C66626180,,77.647141,1,0,0,0,0,1,1,0,0,0
S(=O)(=O)([N-]c1cc(C(=O)NCCc2n(CC)c([S-])nn2)c(O)cc1)C,C67119164,,87.16922,1,0,0,0,0,1,1,1,0,0
O=C([O-])CCOc1ccc(/C=C/c2nc([O-])c(C(=O)NC)cn2)cc1,C68274239,,88.622673,1,0,0,0,0,1,0,0,0,0
S(=O)(=O)([N-]c1c(C)ccc(NC(=O)C[C@H]2C([O-])=NC(=O)N2)c1)C,C68362829,,98.61824,1,0,0,0,0,1,0,0,0,0
O(C)c1cc(N/N=C/2\C([O-])=NN=C\2c2ccc([O-])cc2)ccc1,C71472649,,65.104767,1,0,0,0,0,0,0,0,0,0
O=C([O-])c1c(/N=N\c2ccc(C(=O)N)cc2)n2C=CC=C([O-])c2n1,C71601993,,52.447498,1,0,0,0,0,1,0,0,0,0
O=C([O-])Cc1c(/N=N\c2ccc(C(=O)N)cc2)n2C=CC=C([O-])c2n1,C71602075,,75.321495,1,0,0,0,0,1,0,1,0,0
O=C([O-])CC[C@@]1(c2c(OC)cc(C)c(C)c2)C([O-])=NC(=O)N1,C71661428,,99.245491,1,0,0,0,0,1,0,0,0,0
O=C([O-])CC[C@@]1(c2ccc(OC(C)C)cc2)C([O-])=NC(=O)N1,C71661541,,99.235687,1,0,0,0,0,1,0,0,0,0
O=C([O-])CC[C@@]1(c2c(OC)ccc(OC)c2)C([O-])=NC(=O)N1,C71664074,,99.248367,1,0,0,0,0,1,0,0,0,0
OC[C@@]12CCC[C@@](C)(C(=O)[O-])[C@@H]1[C@@H](C(=O)[O-])[C@]13CC(=C)[C@](O)(CC[C@@H]21)C3,C71756408,,98.188324,1,0,0,0,0,0,0,0,0,0
OC[C@]12CC[C@@H](O)[C@](C)(C(=O)[O-])[C@@H]1[C@H](C(=O)[O-])[C@]13CC(=C)[C@H](CC[C@@H]21)C3,C71757557,,98.52182,1,0,0,0,0,0,0,0,0,0
O[C@H]1[C@](C)(C(=O)[O-])[C@H]2[C@@H](C(=O)[O-])[C@@]34CC(=C)[C@@H](CC[C@H]3[C@]2(C=O)CC1)C4,C71757657,,98.622536,1,0,0,0,0,0,0,0,0,0
S(=O)(=O)([O-])c1ccc([S-])c2ncccc12,C19798169,,83.704552,1,0,0,0,0,0,0,0,0,0
Brc1cc(N2C([O-])=C(CC(=O)[O-])C=NC2=S)ccc1,C20156337,,99.56897,1,0,0,0,0,0,0,0,0,0
S=C1NC([O-])=C(C[C@@H](C)C(=O)[O-])C([O-])=N1,C16852865,,97.205231,1,0,0,0,0,0,0,1,1,0
S(CC(=O)c1c([O-])cc([O-])cc1)c1scnn1,C28864608,,42.547836,1,0,0,0,0,0,0,0,0,0
[S-]C=1n2nc([O-])cc2N=C(c2c(F)cccc2)N=1,C04784407,,46.548512,1,0,0,0,0,0,0,0,0,0
Fc1c(C#N)c(/N=C(\[O-])/c2c([O-])cccn2)ccc1,C37760757,,74.173065,1,0,0,0,0,1,1,1,0,0
O=C1C(C(c2sc(C)cc2)C=2C(=O)CC(C)(C)CC=2[O-])=C([O-])CC(C)(C)C1,C18028828,,80.097954,1,0,0,0,0,0,0,0,0,0
Brc1cc(-c2n(C)c([S-])nn2)c([O-])cc1,C13126571,,90.186592,1,0,0,0,0,1,0,0,0,0
S(=O)(=O)([N-][C@@]1(C(=O)[O-])[C@@H](C)CCCC1)C(F)(F)F,C41038179,,54.248135,1,0,0,0,0,0,0,0,0,0
[O-]/C(=C(/C#N)\c1scc(C)n1)/c1cnc([O-])cc1,C41519628,,86.996964,1,0,0,0,0,0,0,0,0,0
Brc1ccc2nc(-c3cc(Cl)c([O-])cc3)nc([O-])c2c1,C53850749,,70.89328,1,0,0,0,0,0,0,0,0,0
[S-]c1sc(/C(=N/c2c(C)cccn2)/C)c([O-])n1,C12139692,,95.781044,1,0,0,0,0,0,0,0,0,0
Clc1c([O-])ncc(/C(/[O-])=C(/C(/[O-])=N/CC#C)\C#N)c1,C48620897,,67.94706,1,0,0,0,0,0,0,0,0,0
Fc1ccc(/N=C(\[O-])/C(/C#N)=C(/[O-])\CC(C)(C)C)cc1,C55324369,,98.207626,1,0,0,0,0,0,0,0,0,0
Fc1ccc(/N=C(\[O-])/C(/C#N)=C(\[O-])/[C@@H]2[C@@H](C)C2)cc1,C55581717,,98.327744,1,0,0,0,0,0,0,0,0,0
Fc1ccc(/N=C(\[O-])/C(/C#N)=C(/[O-])\[C@H]2[C@@H](C)C2)cc1,C55581719,,98.327744,1,0,0,0,0,0,0,0,0,0
Fc1c(/N=C(\[O-])/C(/C#N)=C(\[O-])/CC(C)(C)C)cccc1,C55606615,,98.453407,1,0,0,0,0,0,0,0,0,0
[O-]/C(=N\c1ccccc1)/C(/C#N)=C(\[O-])/C1CC1,C36176209,,98.273926,1,0,0,0,0,0,0,0,0,0
[O-]/C(=N\c1cc(C)ccc1)/C(/C#N)=C(\[O-])/[C@H](C)CC,C55606791,,98.05159,1,0,0,0,0,0,0,0,0,0
Clc1c(/N=C(\[O-])/C(/C#N)=C(\[O-])/CCC(C)C)cccc1,C55606854,,98.263123,1,0,0,0,0,0,0,0,0,0
Clc1c(/N=C(\[O-])/C(/C#N)=C(\[O-])/C(C)(C)C)ccc(Cl)c1,C55607108,,98.077637,1,0,0,0,0,0,0,0,0,0
Clc1c(/N=C(\[O-])/C(/C#N)=C(\[O-])/CCC)ccc(Cl)c1,C55607110,,98.233238,1,0,0,0,0,0,0,0,0,0
Clc1c(Cl)cccc1/N=C(\[O-])/C(/C#N)=C(\[O-])/CCCC,C55607234,,98.303513,1,0,0,0,0,0,0,0,0,0
Clc1c([O-])c(/C=N/n2c([S-])nnc2-c2ccccc2)cc(Cl)c1,C21188179,,64.582855,1,0,0,0,0,1,0,0,0,0
O=C([O-])C[C@@H]1C(=O)N=C([N-]c2cc(C)cc(C)c2)S1,C36127378,,91.184601,1,0,0,0,0,0,0,0,0,0
P(=O)([O-])([O-])c1c(OCCOc2c(P(=O)([O-])[O-])cccc2)cccc1,C22340991,,97.555603,1,1,0,0,0,1,1,1,1,0
S([C@H](C)C(=O)[O-])c1nc([O-])c2c(sc3CCCc23)n1,C20372732,,94.789963,1,0,0,0,0,0,0,0,1,0
S(P(=O)(OP(=O)([O-])[O-])[O-])C/C=C(\C)/CCC=C(C)C,C12504472,,94.291946,1,0,0,0,0,0,0,0,0,0
S=C1NC(=O)/C(=C\c2oc(-c3cc(C(=O)[O-])cc(C(=O)[O-])c3)cc2)/C([O-])=N1,C59109319,,97.259247,1,0,0,0,0,0,0,0,0,0
Fc1cc(F)c2nc(C(=O)[O-])c(C)c([O-])c2c1,C62619276,,99.776459,1,0,0,0,0,0,0,0,0,0
Brc1cc([O-])c(C(=O)N2C[C@@](C)(C(=O)[O-])CCC2)cc1,C62869418,,79.374725,1,0,0,0,0,0,0,0,0,0
O=C1/C(=N/N=C(\[O-])/[C@@H]2Oc3cc(C(C)(C)C)ccc3OC2)/C([O-])=NC([O-])=N1,C06762018,,71.816322,1,0,0,0,0,0,0,0,0,0
Brc1c(F)cc(/C(/[O-])=C(/C(/[O-])=N/c2c(F)cccc2)\C#N)cc1,C65650516,,99.240433,1,0,0,0,0,0,0,0,0,0
P(=O)(OP(=O)([O-])[O-])(Oc1ccc(C(C)(C)c2ccc(O)cc2)cc1)[O-],C55162020,,88.997932,1,0,0,0,0,1,0,1,0,0
Fc1c(/N=C(\[O-])/C(/C#N)=C(/[O-])\CC(C)(C)c2ccccc2)cccc1,C67798279,,98.613251,1,0,0,0,0,0,0,0,0,0
S(C(F)F)c1ccc(/N=C(\[O-])/C(/C#N)=C(\[O-])/C[C@H](C)C2CC2)cc1,C68336451,,98.141685,1,0,0,0,0,0,0,0,0,0
Fc1cc(C[C@@H](C)/C(/[O-])=C(/C(/[O-])=N/c2cc(C)ccc2)\C#N)ccc1,C69285208,,98.326225,1,0,0,0,0,0,0,0,0,0
Brc1c(F)ccc([C@H]2/C(=C(/[O-])\C(OC)=O)/C(C)=NC([S-])=N2)c1,C70704062,,48.987045,1,0,0,0,0,0,0,0,0,0
Clc1cc(/C(/[O-])=C(\C#N)/C(=O)N2CCCC2)[n-]c1,C55582180,,91.380051,1,0,0,0,0,0,0,0,0,0
[O-]/C(=N\c1ccccc1)/C(/C#N)=C(\[O-])/C=C\C=C\C,C55608982,,98.207115,1,0,0,0,0,0,0,0,0,0
[O-]/C(=N\CC#C)/C(/C#N)=C(\[O-])/c1sccc1,C55660226,,91.723625,1,0,0,0,0,0,0,1,0,0
Clc1c(CN2C(=S)N=C3C=C(C(=O)[O-])C=CC3=C2[O-])cccc1,C20130191,,99.466568,1,0,0,0,0,0,1,0,0,0
FC(F)(F)CC1=C([O-])n2ncc(C(=O)[O-])c2N=C1[O-],C71474409,,91.692139,1,0,0,0,0,0,0,0,0,0
O=C([O-])c1c(C)nn2C([O-])=C(C3CCCCC3)C([O-])=Nc12,C71474796,,90.965111,1,0,0,0,0,0,0,0,0,0
[O-]C1=C(C)C([O-])=Nc2c(c(C)nn12)-c1ccc2ccccc2c1,C71474977,,99.593246,1,0,0,0,0,0,0,0,0,0
[O-]C1=C(C2CCCCC2)C([O-])=Nc2n1ncc2,C71475073,,99.203506,1,0,0,0,0,0,0,0,0,0
[O-]C1=C(C2CCCC2)C([O-])=Nc2n1nc(C)c2,C71475117,,98.951355,1,0,0,0,0,0,0,0,0,0
O=C([O-])C(CCC)(CCC(CC)CC)C(=O)[O-],C71618814,,98.736786,1,0,0,0,0,0,0,0,0,0
O=C[C@@]12CCC[C@@](C)(C(=O)[O-])[C@@H]1[C@H](C(=O)[O-])[C@]13CC(=C)[C@H](CC[C@H]21)C3,C71757611,,98.266846,1,0,0,0,0,0,0,0,0,0
Clc1c([O-])ccc(/C=C(\C(\[O-])=N\c2ccc(SC(F)F)cc2)/C#N)c1,C72042008,,84.214104,1,0,0,0,0,0,0,0,0,0
O=C([O-])C[C@H]1[C@](C)(C(=O)[O-])CCc2c1cc(OC)c1CCCCc21,C01682689,,98.22155,1,0,0,0,0,0,0,0,0,0
O=C([O-])[C@H]1[C@@H](C(=O)[O-])[C@@H](C=C(C)C)C=C(C)[C@@H]1C,C12653123,,98.489037,1,0,0,0,0,0,0,0,0,0
O=C([O-])C(=O)[C@]1(C)C(C)(C)[C@H](C(=O)[O-])CC1,C03846316,,99.062897,1,0,0,0,0,0,0,0,0,0
O=C([O-])[C@@]12CC3(CC)C[C@@](C(=O)[O-])(C1)CC(C3)C2,C16275651,,97.982391,1,0,0,0,0,0,0,0,0,0
S=C1S/C(=C/c2cc(OCC(=O)[O-])ccc2)/C([O-])=N1,C19770131,,98.134735,1,0,0,0,0,0,0,0,0,0
S=C1N(c2ccccc2)C([O-])=C(CCCC)C([O-])=N1,C19771144,,99.0522,1,0,0,0,0,0,0,0,0,0
Brc1cc(Cl)c([O-])c(-c2nc([O-])c3ccccc3n2)c1,C08914142,,77.022293,1,0,0,0,0,0,0,0,0,0
Brc1c([O-])cc([O-])c([N+](=O)[O-])c1,C21303651,,50.514877,1,0,0,0,0,0,0,0,0,0
P(=O)([O-])([O-])c1cccc2C(=O)c3ccccc3C(=O)c12,C22113149,,98.217743,1,0,0,0,0,1,0,0,0,0
[O-]c1c(-c2nc([O-])c3ccccc3n2)sc2ncccc12,C24926908,,99.736794,1,0,0,0,0,0,0,0,0,0
ClCCCc1c([O-])nc(C(F)(F)F)nc1[O-],C26440976,,92.386482,1,0,0,0,0,0,0,0,0,0
O=C([O-])C(C)(C)c1ccc(-c2ccc([O-])c3ncccc23)cc1,C31996019,,52.464012,1,0,0,0,0,0,0,0,0,0
Clc1c(Cl)c([O-])c(c(Cl)c1[O-])-c1sc(-n2c(C)cc(C)n2)nc1,C33352977,,58.592171,1,0,0,0,0,0,0,0,0,0
Clc1c([O-])c(OCC)cc([C@H]2C3=C([O-])CCCC3=NC=3CCCC(=O)C2=3)c1,C00796174,,57.683552,1,0,0,0,0,0,0,0,0,0
BrC=1[C@H](C)N=C2N=C(SC)[N-]N2C=1[O-],C04831683,,90.25943,1,0,0,0,0,1,0,0,0,0
O=C([O-])/C(/C)=C/C=C/C(/C)=C/C=C/C=C(\C)/C=C/C=C(\C)/C(=O)[O-],C38459434,,96.674088,1,0,0,0,0,0,0,0,0,0
S(CSC=1[C@@H](C#N)C=C(C(=O)[O-])C(=O)N=1)c1c(C#N)cc(C(=O)[O-])c([O-])n1,C38618065,,56.174042,1,0,0,0,0,0,0,0,0,0
Clc1c(-c2c(C#N)c([O-])nc(-c3c([O-])cccc3)c2)cccc1,C29546673,,61.937946,1,0,0,0,0,0,0,0,0,0
Brc1cc(-c2nc3ncccc3[n-]2)c([O-])cc1,C44264609,,39.489784,1,0,0,0,0,0,0,0,0,0
Fc1c([O-])c(F)c(C(=O)N(C)[C@@H](CC)C(=O)[O-])cc1F,C44612387,,92.978104,1,0,0,0,0,0,0,0,1,0
O=C(/C(/C#N)=C(/[O-])\C(C)(C)C)c1cnc([O-])cc1,C48527972,,93.883301,1,0,0,0,0,0,0,1,0,0
S(=O)(=O)(/N=C/1\C=CC=C2C([O-])=NNC([O-])=C\12)[C@H](C)C(=O)[O-],C49045454,,54.168461,1,0,0,0,0,1,0,0,1,0
O=C([O-])/C=C/c1sc(/N=C(\[O-])/c2sc3CCCc3c2)nc1,C49591834,,98.341042,1,0,0,0,0,0,0,0,0,0
O=C([O-])/C=C(\C(=O)[O-])/c1c(OC)cc(C)c(C)c1,C49837802,,98.34127,1,0,0,0,0,0,0,0,0,0
Clc1cc(-c2n(/N=C/c3c([O-])cccc3)c([S-])nn2)ccc1,C01276318,,83.367043,1,0,0,0,0,1,0,0,0,0
Clc1c([O-])ccc([C@H]([O-])C(F)(F)C(=O)[O-])c1,C52266629,,71.802612,1,0,0,0,0,0,0,0,0,0
O=C1C(C#N)=C([O-])C2=C(c3cc([O-])ccc3)CSC2=N1,C52634907,,97.703064,1,0,0,0,0,0,0,0,0,0
Brc1ccc2nc(-c3cc(Cl)c([O-])c(OCC)c3)nc([O-])c2c1,C53850733,,75.425789,1,0,0,0,0,0,0,0,0,0
O=C(C)C=1C(=O)N(c2c([O-])ccc(C)c2)C(C)=CC=1[O-],C16769712,,95.449219,1,0,0,0,0,0,0,0,0,0
FC(F)(F)C(=O)Nc1nc(-c2nc(/N=C(\[O-])/C(F)(F)F)[n-]n2)n[n-]1,C18124909,,89.845428,1,0,0,0,0,0,0,0,0,0
Fc1ccc(/N=C(\[O-])/C(/C#N)=C(\[O-])/CCC(C)C)cc1,C55324371,,98.181267,1,0,0,0,0,0,0,0,0,0
[O-]/C(=N\c1cc(C)ccc1)/C(/C#N)=C(/[O-])\CCC,C55606787,,98.120399,1,0,0,0,0,0,0,0,0,0
Clc1c(/N=C(\[O-])/C(/C#N)=C(\[O-])/CCCCC)cccc1,C55606843,,98.255455,1,0,0,0,0,0,0,0,0,0
Clc1cc(Cl)cc(/N=C(\[O-])/C(/C#N)=C(/[O-])\[C@H]2[C@@H](C)C2)c1,C55607250,,98.40345,1,0,0,0,0,0,0,0,0,0
FC(F)(F)[C@]1([O-])C(=O)N=C(/C=C(/OCC)\[O-])C1,C12506010,,99.976761,1,0,0,0,0,0,0,0,0,0
Brc1c([O-])ccc(/C=C(/C(/[O-])=N/c2c(C)c(Cl)ccc2)\C#N)c1,C21189983,,83.390434,1,0,0,0,0,0,0,0,0,0
S(Cc1c([O-])c(C(=O)C)cc(F)c1)c1nc([O-])ccn1,C37330906,,62.183353,1,0,0,0,0,1,0,1,0,0
Clc1c(C)ccc(/N=C(\[O-])/C(=O)/C=C(\[O-])/c2ccccc2)c1,C08558300,,95.883644,1,0,0,0,0,0,0,0,0,0
Clc1ccc(C)c2[n-]c([O-])c(C=3C([O-])=NC(=S)N=3)c12,C49581316,,99.924805,1,0,0,0,0,0,0,0,0,0
P(=O)([O-])([O-])C(P(=O)([O-])[O-])(O)Cc1cc(C2=CNC(=O)C=C2)ccc1,C13678569,,91.423126,1,0,0,0,0,0,0,1,0,0
Clc1c([O-])c(/C=C/2\C(=O)N(c3c(F)cccc3)C(=S)N=C\2[O-])cc(Cl)c1,C59135790,,97.910675,1,0,0,0,0,0,0,0,0,0
O=C1/C(=N/N=C(\[O-])/[C@H]2Oc3cc(C(C)(C)C)ccc3OC2)/C([O-])=NC([O-])=N1,C06762016,,71.816322,1,0,0,0,0,0,0,0,0,0
Clc1cc(Cl)cc(/N=C(\[O-])/C(/C#N)=C(\[O-])/C[C@@H](C)C2CC2)c1,C64681883,,98.304237,1,0,0,0,0,0,0,0,0,0
[S-]c1nc([O-])c(C(=O)c2cc(F)ccc2)nn1,C67351131,,96.52478,1,0,0,0,0,0,0,0,0,0
S=C1N(c2c(C)cccc2)C([O-])=C(CC)C([O-])=N1,C13943547,,99.043823,1,0,0,0,0,0,0,0,0,0
Brc1c(-c2cnn3C([O-])=C(C)C([O-])=Nc23)cccc1,C71474625,,99.684708,1,0,0,0,0,0,0,0,0,0
FC(F)(F)CC1=C([O-])n2nccc2N=C1[O-],C71475083,,99.552612,1,0,0,0,0,1,0,0,0,0
Brc1cc(-c2c(C)nn3C([O-])=CC([O-])=Nc23)ccc1,C71475807,,99.623779,1,0,0,0,0,0,0,0,0,0
Oc1c(C(=O)[O-])cc(/N=N\c2c(CC(=O)[O-])nc3C([O-])=CC=Cn23)cc1,C71602122,,54.0327,1,0,0,0,0,1,0,1,0,0
[S-]/C(/N)=N/N=C(/C)\C(=N\[O-])\C(\[O-])=N\c1ccccc1,C05638545,,47.505573,1,0,0,0,0,1,0,0,0,0
[O-]n1c(CCCC)c(-c2ccccc2)nc1-c1c([O-])cccc1,C19205478,,81.467339,1,0,0,0,0,1,0,0,0,0
Brc1c([O-])c(Br)cc(C(=O)N2[C@]([O-])(C(F)(F)F)CC(C)=N2)c1,C19644164,,90.906578,1,0,0,0,0,0,0,0,0,0
Brc1c([O-])c(Br)cc(CC/N=C\2/C(=O)c3ccccc3C([O-])=C/2)c1,C00715736,,47.499428,1,0,0,0,0,0,0,0,0,0
Clc1c(-c2n(/N=C/c3ccc([O-])cc3)c([S-])nn2)ccc(Cl)c1,C05649476,,85.075806,1,0,0,0,0,1,0,0,0,0
Brc1cc(N2C([O-])=C(CC(=O)[O-])C(C)=NC2=S)ccc1,C20156381,,99.558693,1,0,0,0,0,0,0,0,1,0
Brc1cc(N2C(=O)/C(=C\c3c([O-])ccc(Cl)c3)/C([O-])=NC2=S)ccc1,C20436913,,70.117767,1,0,0,0,0,0,0,0,0,0
[S-]c1n(C/C(/[O-])=N/c2sc(-c3n(CC=C)c([S-])nn3)c(C)n2)c(CCC)nn1,C25515442,,97.918533,1,0,0,0,0,1,1,0,0,0
S(=O)(=O)([O-])c1cc(/C=N\c2ccccc2)c([O-])cc1,C25667118,,98.254936,1,0,0,0,0,0,0,0,0,0
[S-]c1n(/N=C/c2c([O-])ccc3ccccc23)c(-c2sccc2)nn1,C28380068,,56.13332,1,0,0,0,0,1,0,0,0,0
O=C([O-])C[C@]1(C(=O)[O-])[C@H](c2ccc(OC)cc2)c2sc([O-])nc2SC1,C32598071,,87.11142,1,0,0,0,0,0,0,0,0,0
O=C([O-])C[C@@]1(C(=O)[O-])[C@@H](c2ccc(OC)cc2)c2sc([O-])nc2SC1,C32598079,,87.11142,1,0,0,0,0,0,0,0,0,0
S(CC(=O)c1c([O-])cc([O-])cc1)C=1NC(=O)C=C([O-])N=1,C13382189,,34.421421,1,0,0,0,0,0,0,1,0,0
Clc1cc(OC)c([O-])c(/C=C/2\C(=O)N=C([N-]c3ccc(F)cc3)S\2)c1,C15013269,,40.869976,1,0,0,0,0,0,0,0,0,0
Brc1c(Br)c([N-]S(=O)(=O)CC)cc(Br)c1[O-],C35686179,,80.570808,1,0,0,0,0,1,0,0,0,0
Cl[C@@H](C)c1nc([O-])c2c(C)c(C(=O)[O-])sc2n1,C36275513,,81.935242,1,0,0,0,0,0,0,0,0,0
[S-]c1n(/N=C\c2c([O-])ccc3ccccc23)c(-c2ccc(C)cc2)nn1,C37501406,,56.894073,1,0,0,0,0,1,0,0,0,0
S(C/C(/[O-])=N/c1sc(SCC)nn1)c1c(C#N)c2nc([O-])cc([O-])c2s1,C15879923,,88.789795,1,0,0,0,0,0,0,0,0,0
Brc1cc([O-])c(C(=O)N(CC(=O)[O-])C2CC2)cc1,C44483679,,80.037682,1,0,0,0,0,0,0,0,1,0
FC(F)(F)c1ccc(/C(/[O-])=C(/C(/[O-])=N/c2c(F)ccc(C)c2)\C#N)cc1,C20444535,,99.227898,1,0,0,0,0,0,0,0,0,0
Brc1c([O-])c(Br)cc(/C=C(/C#N)\c2nc3cc(C)ccc3[n-]2)c1,C51002199,,61.663845,1,0,0,0,0,0,0,0,0,0
S([C@H](CC)C(=O)[O-])c1nc([O-])c2c(sc3C[C@H](C)CCc23)n1,C19955076,,94.792763,1,0,0,0,0,0,0,0,1,0
O=C1/C(=C/N/C(=N/c2nc(C)c3cc(C)ccc3n2)/[NH-])/C([O-])=NC([O-])=N1,C38187871,,60.485947,1,0,0,0,0,0,0,0,0,0
Brc1ccc(N2C(=O)/C(=C/c3c([O-])cc([O-])c([N+](=O)[O-])c3)/C([O-])=NC2=O)cc1,C59198144,,73.369888,1,0,0,0,0,0,0,0,0,0
Brc1c([O-])ccc(/C=C(\C(\[O-])=N\c2c(Cl)c(Cl)ccc2)/C#N)c1,C59335969,,83.451248,1,0,0,0,0,0,0,0,0,0
Clc1c([O-])c(C(C=2C(=O)CC(C)(C)CC=2[O-])C=2C(=O)CC(C)(C)CC=2[O-])cc(Cl)c1,C00763002,,60.274689,1,0,0,0,0,1,0,0,0,0
Clc1c(Cl)cccc1C(C=1C(=O)CC(C)(C)CC=1[O-])C=1C(=O)CC(C)(C)CC=1[O-],C03087823,,80.590904,1,0,0,0,0,0,0,0,0,0
Clc1c([O-])c(/C=N/N=C\c2c([O-])c(Cl)cc(Cl)c2)cc(Cl)c1,C59607290,,71.912346,1,0,0,0,0,0,0,0,0,0
Br[C@H](C[C@H](CC)[C@@](Br)(CC)C(=O)[O-])C(=O)[O-],C59898491,,99.781723,1,0,0,0,0,0,0,0,0,0
Fc1c(F)cc2c([O-])c(CCC(=O)[O-])c(C)nc2c1F,C62672708,,99.120049,1,0,0,0,0,0,0,0,0,0
Clc1c(Cl)cc(C(=O)N2CCC(CCC)(C(=O)[O-])CC2)[n-]1,C62845049,,99.116905,1,0,0,0,0,0,0,0,1,0
S(=O)(=O)([N-]N/C(/[O-])=C/C1=NC(=S)N=C([O-])C1)c1ccc(OC)cc1,C39936307,,99.993622,1,0,0,0,0,0,0,0,0,0
Fc1c(/N=C(\[O-])/C(/C#N)=C(\[O-])/c2ccc(CCC)cc2)cccc1,C63235551,,99.000351,1,0,0,0,0,0,0,0,0,0
[O-]/C(=N\c1c(C)cccc1)/C(/C#N)=C(\[O-])/C=C/c1ccccc1,C58303475,,98.308586,1,0,0,0,0,0,0,0,0,0
[O-]/C(=N\C1(C#N)CCCC1)/C1=C([O-])N(c2cc(C)cc(C)c2)CC1,C65056889,,89.07251,1,0,0,0,0,0,0,0,0,0
Clc1c(/N=C(\[O-])/C(/C#N)=C(\[O-])/C=C(/C)\c2ccc(F)cc2)ccc(Cl)c1,C65650980,,98.316055,1,0,0,0,0,0,0,0,0,0
Clc1c(Cl)cccc1/N=C(\[O-])/C(/C#N)=C(\[O-])/C=C(/C)\c1ccc(F)cc1,C65651145,,98.368637,1,0,0,0,0,0,0,0,0,0
FC(F)(F)c1c(F)ccc(/C(/[O-])=C(/C(/[O-])=N/c2c(F)cccc2)\C#N)c1,C65650520,,99.345978,1,0,0,0,0,0,0,0,0,0
O=C1C(/C(=N/c2ccccc2)/[N-]c2ccccc2)=C([O-])c2ccccc2C1=O,C26331081,,99.979691,1,0,0,0,0,0,0,0,0,0
Clc1ccc(N2C([O-])=C(/C(/[O-])=N/[C@@H](C#N)c3c(C)cccc3)CC2)cc1,C66402572,,89.402832,1,0,0,0,0,0,0,0,0,0
Clc1c(/N=C(\[O-])/C(/C#N)=C(/[O-])\C[C@H](C)C2CC2)c(Cl)ccc1,C64681819,,98.399269,1,0,0,0,0,0,0,0,0,0
O=C([O-])CC[C@H](C)[C@@H]1[C@@]2(C)CC[C@@H]3[C@@]4(C)CC[C@@H](C(=O)[O-])C[C@H]4C[C@@H](C(=O)[O-])[C@@H]3[C@H]2CC1,C04293108,,96.877319,1,0,0,0,0,0,0,0,0,0
O=C1C(=C([O-])N(C)c2ccccc12)C=1/C(=C/c2c([O-])cccc2)/C([O-])=NN=1,C13409505,,53.524456,1,0,0,0,0,0,0,0,0,0
BrC(C(F)(F)F)(C(F)(F)F)/C(/[O-])=N/c1ncn[n-]1,C68574043,,96.083145,1,0,0,0,0,0,0,0,0,0
FC(F)(F)c1c(/N=C(\[O-])/C(/C#N)=C(\[O-])/[C@H](C)Cc2cc(F)ccc2)cccc1,C69285558,,98.636948,1,0,0,0,0,0,0,0,0,0
Clc1c(/C(/[O-])=C(/C(/[O-])=N/CC#C)\C#N)nc(Cl)cc1,C55660245,,97.192032,1,0,0,0,0,0,0,0,0,0
Clc1c(-c2cnn3C([O-])=C(C)C([O-])=Nc23)cccc1,C71474583,,99.687729,1,0,0,0,0,0,0,0,0,0
Brc1cc(-c2cnn3C([O-])=C(C)C([O-])=Nc23)ccc1,C71474623,,99.681595,1,0,0,0,0,0,0,0,0,0
S([C@@H](C)C(=O)[O-])c1nc([O-])c2c(-c3ccc(C)cc3)csc2n1,C71564266,,94.934837,1,0,0,0,0,0,0,0,0,0
O=C([O-])[C@@H]1[C@@H]2[C@@](C)(C(=O)[O-])CC(=O)C=C2[C@H]2CC[C@@H]3C(=C)C[C@]12C3,C71757472,,98.60183,1,0,0,0,0,0,0,0,0,0
Cl[C@@]12C(=O)[C@]3([O-])C(=O)C(C(=O)N)=C([O-])[C@H](N(C)C)[C@H]3C[C@@H]1C(=C)c1cccc([O-])c1C2=O,C37246166,,50.504192,1,0,0,0,0,0,0,0,0,0
Clc1c(C)cc(S(=O)(=O)[N-]c2n3C=Cc4ccccc4-c3nn2)c([S-])c1,C01650665,,99.710724,1,0,0,0,0,0,0,0,0,0
O=[N+]([O-])c1c([O-])c(OC)cc(-c2nc([O-])c3c(sc4CCCCc34)n2)c1,C19787659,,41.514496,1,0,0,0,0,0,0,0,0,0
O=[N+]([O-])c1c([O-])nc(/C=C/c2c(OCc3ccccc3)cccc2)nc1[O-],C09295551,,98.055428,1,0,0,0,0,0,0,0,0,0
Clc1c(-c2n(/N=C/c3c([O-])c(OCC)ccc3)c([S-])nn2)cccc1,C05960237,,72.063194,1,0,0,0,0,1,0,0,0,0
S(=O)(=O)([N-]/N=C(\C)/c1c([O-])c2ccccc2cc1)c1cc([N+](=O)[O-])ccc1,C17078663,,98.260696,1,0,0,0,0,0,0,1,1,0
S=C1N(c2cc(C)ccc2)c2nc(-c3ccc(F)cc3)cc(C(=O)[O-])c2C([O-])=N1,C20605713,,98.941437,1,0,0,0,0,0,0,0,0,0
[S-]c1n(/N=C/c2c(OCC(=O)[O-])cccc2)c(-c2c(OC)cccc2)nn1,C24091781,,88.890198,1,0,0,0,0,1,0,0,1,0
Clc1c([O-])c(Cl)cc([N-]S(=O)(=O)c2cc([N+](=O)[O-])ccc2)c1C,C05921439,,81.822472,1,0,0,0,0,1,0,0,0,0
[S-]c1n(CC/C(/[O-])=N/c2sc(CC(C)C)nn2)c(-c2cc(C)ccc2)nn1,C25445312,,96.386826,1,0,0,0,0,1,0,1,0,0
O=C([O-])COc1ccc(/C=C(\C#N)/c2nc([O-])c3c(sc4C[C@@H](C)CCc34)n2)cc1,C12532444,,95.704819,1,0,0,0,0,0,0,0,0,0
Clc1c(OCc2n(C)c(SCC(=O)c3c([O-])cc([O-])cc3)nn2)cccc1,C25893363,,42.40789,1,0,0,0,0,0,0,0,0,0
Clc1c(Cn2ncc(C(OCC(=O)c3c([O-])cc([O-])cc3)=O)c2)cccc1,C26241622,,46.762604,1,0,0,0,0,0,0,0,0,0
[S-]c1n(/N=C\c2c([O-])cc(N(CC)CC)cc2)c(C2CCCCC2)nn1,C02356630,,94.833603,1,0,0,0,0,1,0,0,0,0
S(CC(=O)c1c([O-])cc([O-])cc1)C=1N(c2nccc(C)c2)C(=O)c2ccccc2N=1,C29772887,,40.492172,1,0,0,0,0,0,0,0,0,0
O(C)c1cc(OC)cc(/C(/[O-])=N/c2scc(-c3ccc4oc([O-])nc4c3)n2)c1,C31849600,,99.570114,1,0,0,0,0,0,0,0,0,0
O(C)c1cc(OC/C(/[O-])=N/c2scc(-c3ccc4oc([O-])nc4c3)n2)ccc1,C31849686,,99.570435,1,0,0,0,0,0,0,0,1,0
[O-]/C(=N\c1sc2c(-c3sccc3)nnc([O-])c2n1)/c1cc(C)cc(C)c1,C35587859,,97.124107,1,0,0,0,0,0,0,0,0,0
Clc1c([O-])c(/C=N/[N-]S(=O)(=O)c2cc([N+](=O)[O-])c(C)cc2)cc(Cl)c1,C07942386,,60.920593,1,0,0,0,0,0,0,0,0,0
Fc1ccc(N2CCN([C@@H](C(=O)[O-])c3c(C(=O)[O-])n(C)c4ccccc34)CC2)cc1,C36357178,,95.160088,1,0,0,0,0,0,0,0,0,0
O=C([O-])c1ccc(/C=C(\C#N)/c2nc([O-])c3c(sc4CCCCc34)n2)cc1,C13598464,,95.261391,1,0,0,0,0,0,0,0,0,0
Clc1c([N-]S(=O)(=O)c2cc(/N=C/c3c([O-])c(OC)ccc3)ccc2)cccc1,C06787460,,93.143097,1,0,0,0,0,1,0,0,0,0
Brc1cc(/C(/[O-])=N/C(=S)/N=C/2\C=CC3=NC([O-])=NC3=C\2)c(Cl)cc1,C39960125,,96.743896,1,0,0,0,0,0,0,0,0,0
Brc1c(OC)c([N-]S(=O)(=O)c2c(C)nc([O-])s2)cc(Cl)c1,C40431641,,93.321831,1,0,0,0,0,0,1,0,0,0
S(Cc1nc(SCc2nc([O-])c3ccccc3n2)nc([O-])c1)C(C)C,C41631356,,75.845947,1,0,0,0,0,1,0,0,0,0
Brc1c(-c2n(/N=C/c3c([O-])c(OC)ccc3)c([S-])nn2)cccc1,C06007372,,72.092781,1,0,0,0,0,1,0,0,0,0
[O-]C=1N(Cc2ccc(-c3c(-c4nnn[n-]4)cccc3)cc2)[C@H](CCC)CC2=NC=NC=12,C52542037,,96.203857,1,0,0,0,0,0,0,0,1,0
O=C1N(Cc2ccc(-c3c(-c4nnn[n-]4)cccc3)cc2)[C@H](CCC)CC([O-])=C1,C52541970,,97.445503,1,0,0,0,0,0,0,0,0,0
Clc1c([O-])c(OCC)cc(-c2nc([O-])c3cc([N+](=O)[O-])ccc3n2)c1,C53856419,,66.999184,1,0,0,0,0,0,0,0,0,0
O=C([O-])COc1ccc(/C=C/2\C(=O)N=C([N-]c3c(C)cc(C)cc3)S\2)cc1,C54153153,,93.554199,1,0,0,0,0,0,0,0,0,0
O=C1C(/C(=N/N=C\2/C([O-])=Nc3ccccc/23)/C)=C([O-])N(c2ccccc2)c2ccccc12,C12362245,,96.260849,1,0,0,0,0,0,0,0,0,0
Clc1ccc(OC/C(/[O-])=N/c2nn3C([O-])=CC(CCC)=Nc3n2)cc1,C09046013,,98.690567,1,0,0,0,0,1,0,0,0,0
Cl/C(=C\c1cc([N+](=O)[O-])c([O-])cc1)/c1nc([O-])c2cccc(C)c2n1,C26765007,,68.245079,1,0,0,0,0,0,0,0,0,0
O=C/1N(c2ccccc2)N=C([O-])\C\1=C/c1n(-c2ccc3C(=O)N=C([O-])c3c2)ccc1,C06045573,,93.236,1,0,0,0,0,0,0,0,0,0
Clc1c(OCC(=O)[O-])ccc(/C=C(\C(\[O-])=N\c2ccc(CC)cc2)/C#N)c1,C59247911,,99.864281,1,0,0,0,0,0,0,0,0,0
Clc1c(C)ccc(N2C(=O)/C(=C/c3c([O-])c(C)cc([N+](=O)[O-])c3)/C([O-])=N2)c1,C33334161,,88.456337,1,0,0,0,0,0,0,0,0,0
Clc1c(/N=C(\[O-])/C(=C/c2ccc(O[C@H](C)C(=O)[O-])cc2)/C#N)ccc(Cl)c1,C59678863,,99.817673,1,0,0,0,0,0,0,0,0,0
S(=O)(=O)(/N=C(/[N-]c1nc(C)cc(C)n1)\[N-]c1cc(C)c(C)cc1)c1ccccc1,C13517490,,99.827873,1,0,0,0,0,0,0,0,0,0
Brc1c(/N=C(\[O-])/C=2OCCOC=2)c(C(=O)[O-])cc(Br)c1,C62825080,,99.337814,1,0,0,0,0,0,0,1,0,0
Fc1cc(-n2nc(/C(/[O-])=C(/C(/[O-])=N/c3c(OC)cccc3)\C#N)cc2)ccc1,C63235701,,98.134399,1,0,0,0,0,0,0,0,0,0
O=C([O-])[C@@H](Oc1cc(-c2nc([O-])c3c(sc4SCCCc34)n2)ccc1)C,C63579712,,93.808067,1,1,0,0,0,0,0,0,0,0
O=C([O-])[C@H]1CN(c2nc([O-])c3scc(-c4cc(OC)ccc4)c3n2)CCC1,C64611769,,71.677856,1,0,0,0,0,0,0,0,0,0
Fc1ccc(-c2nc(/N=C(\[O-])/C(=O)c3ccc(C(C)(C)C)cc3)[n-]n2)cc1,C66043827,,96.628456,1,0,0,0,0,0,0,0,0,0
Clc1c(OC)ccc(/N=C(\[O-])/C(/C#N)=C(\[O-])/[C@H](Oc2cc(C#N)ccc2)C)c1,C67893532,,99.637901,1,0,0,0,0,0,0,0,0,0
O=[N+]([O-])c1c(OCC(=O)[O-])ccc(/C=C/c2nc3c([O-])cccc3cc2)c1,C68042188,,64.642174,1,0,0,0,0,0,0,0,0,0
[O-]/C(=N\c1cc(-c2nnn[n-]2)ccc1)/C(=C\c1c(C)n(CCC)c(C)c1)/C#N,C70731051,,97.319115,1,0,0,0,0,0,0,0,0,0
Clc1ccc(S(=O)(=O)/N=C\2/C(=C(\OCC)/[O-])/C(C)=Nc3ccccc3[N-]/2)cc1,C09506832,,99.95932,1,0,0,0,0,0,0,0,0,0
FC(F)(F)CC1=C([O-])n2nc(C)c(-c3ccc([N+](=O)[O-])cc3)c2N=C1[O-],C71474974,,99.807068,1,0,0,0,0,0,0,0,0,0
Clc1cc(C)c(/N=N\c2c(C(=O)[O-])nc3n2C=C(C(=O)[O-])C=C3)cc1,C71592596,,65.471214,1,0,0,0,0,0,0,0,0,0
Fc1ccc(N2C(=O)/C(=C\c3oc(-c4ccc(C(=O)[O-])cc4)cc3)/C(=O)N=C2[O-])cc1,C17112200,,99.153847,1,0,0,0,0,0,0,0,0,0
O=C1C(C(c2scnc2)C2=C([O-])Oc3ccccc3C2=O)=C([O-])Oc2ccccc12,C09831804,,96.17691,1,0,0,0,0,0,0,0,0,0
O=[N+]([O-])c1c([O-])cc2[C@]3(C)CCC[C@@](C)(C(=O)[O-])[C@@H]3CCc2c1,C04127821,,80.380539,1,0,0,0,0,0,0,0,1,0
S=C1S/C(=C/c2c([O-])c([N+](=O)[O-])cc(Cc3ccccc3)c2)/C([O-])=N1,C19594105,,97.711395,1,0,0,0,0,0,0,0,0,0
S(Cc1c(F)cccc1)c1n(Cc2ccccc2)c2c([O-])nnc([O-])c2n1,C04398438,,29.912848,1,0,0,0,0,0,0,0,1,0
Clc1c([C@@H]([CH-][N+](=O)[O-])C=2C(=O)c3ccccc3C=2[O-])c(Cl)ccc1,C04337607,,94.611923,1,0,0,0,0,0,0,0,0,0
S(CC(=O)c1c([O-])cc([O-])cc1)C=1N(C)C(=O)c2c(C)c(C)sc2N=1,C03569159,,42.558502,1,0,0,0,0,0,0,0,0,0
[O-]/C(=N\c1scc(-c2ccc(C(C)(C)C)cc2)n1)/c1nnc([O-])cc1,C28715261,,80.325333,1,0,0,0,0,0,0,0,0,0
S(CCC(C)C)c1n(Cc2ccccc2)c2c([O-])nnc([O-])c2n1,C08618899,,29.143978,1,0,0,0,0,0,0,0,0,0
[S-]c1n(C)c(Cc2nc(/N=C(\[O-])/c3sc(C)c(C)c3)sc2)nn1,C32787072,,99.368568,1,0,0,0,0,1,0,0,0,0
O=C(/C=C/c1c([O-])ccc2ccccc12)C1=C([O-])N(C)c2ccccc2C1=O,C04267287,,50.366508,1,0,0,0,0,0,0,0,0,0
O=C(/C=C(\[O-])/C)c1c([O-])n(-c2scc(-c3ccc(C)cc3)n2)nc1C,C05625994,,82.224915,1,0,0,0,0,0,0,0,0,0
Fc1ccc(-c2nc3nn(-c4ccccc4)c([O-])c3c([O-])c2)cc1,C08770498,,70.780045,1,0,0,0,0,0,0,0,0,0
Brc1cc(C(=O)/C(/C#N)=C(/[O-])\c2ccc(F)cc2)[n-]c1,C48529643,,99.400742,1,0,0,0,0,1,0,0,0,0
Brc1cc([O-])c(/C(/[O-])=N/c2sc(C(F)F)nn2)cc1,C49450105,,86.404205,1,0,0,0,0,1,1,1,0,0
S(CC)c1nc([O-])c2[C@@H](c3ncccc3)C3=C([O-])CC(C)(C)CC3=Nc2n1,C05931279,,53.948639,1,0,0,0,0,0,0,0,0,0
S(Cc1n(c([S-])nn1)-c1ccccc1)c1nc([O-])c2ccccc2n1,C06492099,,76.41021,1,0,0,0,0,1,0,1,0,0
Brc1cc(/C=C/C(=O)C=2C(=O)OC(C)=CC=2[O-])c([O-])cc1,C03995507,,86.791573,1,0,0,0,0,0,0,0,0,0
Brc1ccc2N=C([O-])/C(=N\[N-]S(=O)(=O)c3ccccc3)/c2c1,C06603184,,93.688126,1,0,0,0,0,0,0,0,0,0
Clc1c([O-])c(OC)cc(C[C@@H](C(=O)[O-])c2ccc(F)cc2)c1,C57989863,,59.584045,1,0,0,0,0,0,0,0,0,0
S([C@@H](C)C(=O)[O-])c1nc([O-])c2c(-c3sccc3)csc2n1,C20372868,,94.969162,1,0,0,0,0,0,0,0,1,0
O=C([O-])[C@H](Oc1ccc(/C=C(\C(\[O-])=N\c2cc(C)c(C)cc2)/C#N)cc1)C,C59249695,,99.819122,1,0,0,0,0,0,0,0,0,0
Clc1c(OCC(=O)[O-])ccc(/C=C(\C(\[O-])=N\c2cc(C)ccc2)/C#N)c1,C59250275,,99.864288,1,0,0,0,0,0,0,0,0,0
Clc1c(C)c(/N=C(\[O-])/C(=C\c2ccc(O[C@H](C)C(=O)[O-])cc2)/C#N)ccc1,C59303104,,99.818886,1,0,0,0,0,0,0,0,0,0
S(CC)c1nc([O-])c2[C@H](c3sccc3)/C(=C(/OC)\[O-])/C(C)=Nc2n1,C13147144,,74.689903,1,0,0,0,0,0,0,0,0,0
Clc1c([O-])ccc(/C=C/C(=O)c2cc(O[C@@H](C)C(=O)[O-])ccc2)c1,C62692638,,82.456139,1,0,0,0,0,0,0,0,1,0
Brc1ccc(/N=C(\C)/C(=N\[O-])/C(/[O-])=N/c2ccccc2)cc1,C45920360,,99.992447,1,0,0,0,0,0,0,0,0,0
Fc1ccc(/N=C(\[O-])/C(/C#N)=C(/[O-])\c2c(OC)cc(OC)cc2)cc1,C58285512,,98.675659,1,0,0,0,0,0,0,0,0,0
O=C1N(Cc2ccccc2)C=CC=C1/C(/[O-])=C(/C(/[O-])=N/c1cc(C)ccc1)\C#N,C64681640,,98.900963,1,0,0,0,0,0,0,0,0,0
Clc1c(C)cc(/N=C(\[O-])/C(/C#N)=C(\[O-])/C[C@@H](C)C2CC2)c(OC)c1,C64681662,,98.229797,1,0,0,0,0,0,0,0,0,0
Clc1c(/N=C(\[O-])/C(/C#N)=C(\[O-])/c2nc(COC)sc2)ccc(Cl)c1,C65046356,,99.361473,1,0,0,0,0,0,0,0,0,0
Clc1c(Cl)cccc1/N=C(\[O-])/C(/C#N)=C(\[O-])/c1nc(C)sc1,C65651155,,99.312599,1,0,0,0,0,0,0,0,0,0
Fc1c(/N=C(\[O-])/C(/C#N)=C(\[O-])/[C@H]2[C@H](c3cc(F)ccc3)C2)ccc(F)c1,C65651272,,99.005539,1,0,0,0,0,0,0,0,0,0
O=C([O-])c1ccc(/N=C(\[O-])/C(=C\c2cc(C)c(OC)c(C)c2)/C#N)cc1,C66406275,,98.63839,1,0,0,0,0,0,0,0,0,0
[S-]C1=N[C@@H](c2cc(C)cc(C)c2)/C(=C(/[O-])\c2ccncc2)/C(C(OC)=O)=N1,C67116558,,70.007401,1,0,0,0,0,0,0,0,0,0
Fc1ccc(-c2nc(/N=C(\[O-])/C(=C\c3ccc(C)cc3)/C#N)[n-]n2)cc1,C67774090,,96.813293,1,0,0,0,0,0,0,0,0,0
Clc1c(Cl)cccc1/N=C(\[O-])/C(/C#N)=C(/[O-])\c1nc(C)sc1,C65651155,,99.312599,1,0,0,0,0,0,0,0,0,0
Fc1cc(-n2nc(/C(/[O-])=C(/C(/[O-])=N/c3ccccc3)\C#N)cc2)ccc1,C67893523,,98.075409,1,0,0,0,0,0,0,0,0,0
Clc1c(OC)ccc(/N=C(\[O-])/C(/C#N)=C(\[O-])/C[C@H](C)C2CC2)c1,C68336518,,98.112282,1,0,0,0,0,0,0,0,0,0
FC(F)(F)c1c(/N=C(\[O-])/C(/C#N)=C(/[O-])\c2sc(CC)nc2)cccc1,C65046653,,99.452469,1,0,0,0,0,0,0,0,0,0
Clc1c(OC)ccc(/N=C(\[O-])/C(/C#N)=C(/[O-])\c2sc(CC)nc2)c1,C65046390,,99.310341,1,0,0,0,0,0,0,0,0,0
O=C([O-])[C@@H](Oc1cc(/C=C\2/C(=O)N=C([N-]c3ccccc3)S/2)ccc1)C,C58464547,,93.865738,1,0,0,0,0,0,0,0,0,0
S=C1N(Cc2ccc(OC(C)C)cc2)C([O-])=C2C=CC(C(=O)[O-])=CC2=N1,C70460438,,99.466415,1,0,0,0,0,0,1,0,0,0
O(Cc1cnn2C([O-])=C(c3ccccc3)C([O-])=Nc12)c1ccccc1,C71474717,,99.836388,1,0,0,0,0,0,0,0,0,0
O=C([O-])[C@@H]1[C@H]2[C@](C)(C(=O)[O-])CCC[C@]2(C)[C@H]2CC[C@H]3C(=C)C[C@@]12C3,C71757495,,98.063766,1,0,0,0,0,0,0,0,0,0
O=C([O-])[C@H]1[C@H]2[C@](C)(C(=O)[O-])CCC[C@]2(C)[C@@H]2CC[C@H]3C(=C)C[C@@]12C3,C71757497,,98.063766,1,0,0,0,0,0,0,0,0,0
O=C([O-])[C@@H]1[C@@H]2[C@](C)(C(=O)[O-])CCC[C@]2(C)[C@H]2CC[C@H]3C(=C)C[C@@]12C3,C71757498,,98.063766,1,0,0,0,0,0,0,0,0,0
O=C([O-])[C@@H]1[C@@H]2[C@](C)(C(=O)[O-])CCC[C@]2(C)[C@H]2CC[C@@H]3C(=C)C[C@]12C3,C71757507,,98.063766,1,0,0,0,0,0,0,0,0,0
O=C([O-])[C@@H]1[C@@H]2[C@](C)(C(=O)[O-])CCC[C@@]2(C)[C@@H]2CC[C@@H]3C(=C)C[C@]12C3,C71757516,,98.063766,1,0,0,0,0,0,0,0,0,0
O=C([O-])[C@H]1[C@@H]2[C@](C)(C(=O)[O-])CCC[C@@]2(C)[C@@H]2CC[C@@H]3C(=C)C[C@]12C3,C33902765,,98.063766,1,0,0,0,0,0,0,0,0,0
Clc1c(/C(/[O-])=C(/C(/[O-])=N/c2ncccc2)\C#N)cc(Cl)s1,C60775683,,97.234787,1,0,0,0,0,0,0,0,0,0
Cl/C(=C\c1ccc(OCCC(=O)[O-])cc1)/c1nc([O-])c2cccc(C)c2n1,C71907082,,83.569199,1,0,0,0,0,0,0,0,0,0
P(=O)([O-])([O-])c1c(OC(=O)c2ccc3OCOc3c2)cccc1,C09483035,,98.349213,1,0,0,0,0,0,0,0,1,0
O=C1C(C(c2ccncc2)C=2C(=O)OC(C)=CC=2[O-])=C([O-])C=C(C)O1,C06266051,,90.504509,1,0,0,0,0,0,0,0,0,0
S=C1N(CC=C)C(=O)/C(=C\c2cc([N+](=O)[O-])c([O-])cc2)/C([O-])=N1,C12343678,,99.215569,1,0,0,0,0,0,0,0,0,0
S=C1N(CC=C)C(=O)/C(=C/c2ccc(O[C@H](C)C(=O)[O-])cc2)/C([O-])=N1,C19823969,,99.170036,1,0,0,0,0,0,0,0,1,0
O=C([O-])CCCN1C(C(C)C)=Nc2sc(C(=O)[O-])c(C)c2C1=O,C20375887,,97.932259,1,0,0,0,0,0,0,0,1,0
[S-]c1n(C/C(/[O-])=N/c2sc(CC)nn2)c(CCC)nn1,C21288790,,96.520355,1,0,0,0,0,1,1,1,0,0
S(CC(=O)c1c([O-])cc([O-])cc1)c1n(-c2c(OC)cccc2)cnn1,C28872309,,42.44445,1,0,0,0,0,0,0,0,0,0
O=C([O-])/C=C/c1n(C/C(/[O-])=N/c2sc(C(=O)C)c(C)n2)ccc1,C31934881,,97.99028,1,0,0,0,0,0,0,0,0,0
S(C/C(/[O-])=N/c1sc(-c2ccccc2)nn1)c1n[n-]nc1,C07344259,,63.204052,1,0,0,0,0,1,0,0,0,0
S(=O)(=O)([N-]C1=C([O-])n2ncnc2N=C1C)c1ccc(CC(C)C)cc1,C09560722,,60.018234,1,0,0,0,0,1,0,0,0,0
O=C([O-])CCc1c([O-])nc(-c2cc(OCC=C)ccc2)nn1,C34761946,,89.118004,1,0,0,0,0,0,0,0,1,0
O=[N+]([O-])c1ccc(N2C(=O)/C(=C\c3ccc([O-])cc3)/C(=O)N=C2[O-])cc1,C16400294,,52.120663,1,0,0,0,0,0,0,0,0,0
Fc1c(N2C(=O)/C(=C/c3cc(OC)c([O-])cc3)/C([O-])=NC2=O)cccc1,C13775011,,75.385712,1,0,0,0,0,0,0,0,0,0
Cl[C@@H]1[C@H](Sc2ccc([N+](=O)[O-])cc2)C[C@H](C(=O)[O-])[C@H](C(=O)[O-])C1,C36550943,,98.428726,1,0,0,0,0,0,0,0,0,0
O=[N+]([O-])c1ccc(C=2[C@H](C(=O)[O-])Sc3nc([O-])sc3C=2)cc1,C36633799,,98.482567,1,0,0,0,0,0,0,0,0,0
S(=O)(=O)([N-]/N=C/c1c([O-])ccc([N+](=O)[O-])c1)c1ccccc1,C37046954,,63.006874,1,0,0,0,0,1,0,0,0,0
Brc1sc(/N=C(\[O-])/c2[n-]cc([N+](=O)[O-])c2)nc1,C37437159,,99.999252,1,0,0,0,0,0,0,0,0,0
[O-]/C(=N\c1sc(CC)nn1)/C1=NN=C(c2c([O-])c(C)c(C)cc2)C1,C06804541,,88.012367,1,0,0,0,0,1,0,0,0,0
[S-][C@@H]1N(/N=C/c2c(OCC(=O)[O-])cccc2)[C@H]([C@H]2N=NC(C)=C2)N=N1,C38696403,,58.740715,1,0,0,0,0,0,0,0,0,0
[O-]/C(=N\c1sc(C(C)C)nn1)/C1=NN=C(c2c([O-])cc(C)cc2)C1,C08973489,,87.806557,1,0,0,0,0,1,0,0,0,0
S([C@H](CC(=O)[O-])C(=O)[O-])C1=NC(=O)C=2C(S[C@@H]3CCCCC=23)=N1,C39698192,,99.030853,1,0,0,0,0,0,0,0,0,0
O(C)C(=O)C(=O)c1c(C2CC2)nc2nn(-c3ccccc3)c([O-])c2c1[O-],C05314742,,58.711189,1,0,0,0,0,0,0,0,0,0
Clc1c(/C(/[O-])=N/c2nnn[n-]2)sc2ccc(OC)cc12,C49751555,,88.495468,1,0,0,0,0,0,0,0,0,0
O=C([O-])c1c(-c2c(OC)ccc(OC)c2)nc([O-])c(C#N)c1,C49906303,,73.566772,1,0,0,0,0,0,0,0,0,0
O(CC)/C(/[O-])=C\1/[C@@H](c2occc2)N2c3ccccc3[N-]C2=NC/1=O,C54254913,,75.484482,1,0,0,0,0,0,0,0,0,0
Brc1c(S(=O)(=O)[N-]C[C@H](C)C#N)cc(C(=O)[O-])o1,C55329915,,95.06852,1,0,0,0,0,1,0,0,0,0
S(=O)(=O)([N-]/N=C/c1c([O-])ccc([N+](=O)[O-])c1)c1ccc(F)cc1,C16952841,,62.981873,1,0,0,0,0,1,0,0,0,0
Clc1cc([N+](=O)[O-])c([O-])c(/C=N/[N-]S(=O)(=O)c2ccccc2)c1,C35610669,,90.321625,1,0,0,0,0,0,0,0,0,0
[O-]/C(=N\c1ncn[n-]1)/C(=C\c1c(C)n(c(C)c1)-c1ccc(C)cc1)/C#N,C58510858,,97.641731,1,0,0,0,0,0,0,0,0,0
O(C)C(=O)/C=C/1\C(=O)N=C([N-]/N=C/2\C([O-])=Nc3ccccc\23)S\1,C20220368,,66.387711,1,0,0,0,0,0,0,0,0,0
O=[N+]([O-])c1cc(/C=C\2/C(=O)N(c3ccccc3)N=C/2[O-])c([O-])cc1,C59475166,,89.35984,1,0,0,0,0,0,0,0,0,0
S(=O)(=O)([N-]c1ccc2oc([O-])nc2c1)c1ccc2N(C)C(=O)Cc2c1,C29835006,,98.504875,1,0,0,0,0,1,1,0,0,0
O=C([O-])c1cc(C(=O)[O-])cc(-n2c(C3CCC3)c(C#N)nn2)c1,C62218889,,98.973663,1,0,0,0,0,0,0,0,0,0
O=C([O-])Cn1c(COc2c(C)c(C)ccc2)c(C(=O)[O-])nn1,C62279608,,99.18055,1,1,0,0,0,0,0,0,0,0
O=C([O-])C(C)(C)n1c(Cc2ccc(OC)cc2)c(C(=O)[O-])nn1,C62317829,,99.049194,1,1,0,0,0,0,0,0,0,0
S(=O)(=O)([N-]c1c(F)ccc(/N=C(\[O-])/C2=NN=C(CCC)C2)c1)C,C39780366,,93.789032,1,0,0,0,0,1,0,0,0,0
Clc1c(OC)ccc([N-]C=2N=C([N-]CCOC)C3=NC=N[C@H]3N=2)c1,C63782888,,40.877651,1,0,0,0,0,1,0,0,0,0
[O-]/C(=N\c1ncccc1)/C(/C#N)=C(/[O-])\[C@@H]1Oc2ccccc2OC1,C57744415,,97.857864,1,0,0,0,0,0,0,0,0,0
[O-]/C(=N\c1ncccc1)/C(/C#N)=C(/[O-])\c1nn(-c2ccccc2)cc1,C60775457,,96.821915,1,0,0,0,0,0,0,0,0,0
Clc1cc(F)c(S(=O)(=O)/N=C(\[O-])/c2c(C)c(C)nnc2[O-])cc1,C64697587,,60.819565,1,0,0,0,0,0,0,0,0,0
S(=O)(=O)([N-]c1n(CCC)ncc1)c1ccc2nc([O-])oc2c1,C66253184,,76.710793,1,0,0,0,0,0,0,0,0,0
S(=O)(=O)([N-]c1n(CC2CC2)ncc1C)c1ccc2nc([O-])oc2c1,C66254636,,76.833458,1,0,0,0,0,0,0,0,0,0
Fc1c(OC)ccc(-c2nc([O-])c([O-])c(C(OC)=O)n2)c1,C67341866,,61.3535,1,0,0,0,0,0,0,0,0,0
O=C1C(/C(=N/c2ccccc2)/c2nnn[n-]2)=C([O-])N(C)c2ccccc12,C19801244,,99.94136,1,0,0,0,0,0,0,0,1,0
S(=O)(=O)(/N=C(\[O-])/c1nnc([O-])c2ccccc12)c1cc(OC)ccc1,C58186023,,58.048237,1,0,0,0,0,0,0,0,0,0
S(=O)(=O)(/N=C(\[O-])/c1c(C)c(C)nnc1[O-])/C=C/c1ccccc1,C69572253,,58.282604,1,0,0,0,0,0,0,0,0,0
O(CCC1=C([O-])n2ncc(C#N)c2N=C1[O-])c1ccccc1,C71474355,,99.748245,1,0,0,0,0,0,0,0,0,0
O=[N+]([O-])c1ccc(CC2=C([O-])n3nc(C)c(CN(C)C)c3N=C2[O-])cc1,C71475009,,98.916336,1,0,0,0,0,0,0,0,0,0
S(=O)(=O)([N-]c1ncc(C(F)(F)F)cc1)c1ccc2nc([O-])oc2c1,C71675398,,99.30442,1,0,0,0,0,0,0,0,0,0
O=[N+]([O-])c1ccc2nc(C(=O)[C@H]([O-])c3ccccc3)c([O-])nc2c1,C19863890,,98.572617,1,0,0,0,0,1,0,0,0,0
O([C@@H](C)c1sc(/N=C(\[O-])/c2[n-]nnc2)nn1)c1c(C)c(C)ccc1,C19235706,,56.132763,1,0,0,0,0,0,0,0,0,0
S(=O)(=O)([N-]C[C@H]1OCCC1)c1sc(-c2nnc([O-])cc2)cc1,C21531497,,50.194122,1,0,0,0,0,1,0,0,0,0
O=C([O-])/C=C/c1n(C/C(/[O-])=N/c2sc(C(C)C)nn2)ccc1,C31933808,,95.468468,1,0,0,0,0,0,0,0,0,0
O=C(c1c([O-])ccc(C)c1)c1cn(-c2nc([O-])cc(C)n2)nc1,C15980332,,55.033302,1,0,0,0,0,1,0,0,0,0
O=[N+]([O-])c1cc(-c2n3C=CC=Cc3c(C=C(C(=O)[O-])C(=O)[O-])n2)ccc1,C33724503,,74.897156,1,0,0,0,0,0,0,0,0,0
[S-]C=1N(CC)C(=O)/C(=C/c2cc(OC)c([O-])c([N+](=O)[O-])c2)/N=1,C16681429,,98.368027,1,0,0,0,0,0,0,0,0,0
O=C([O-])C[C@@H]1C([O-])=Nn2c(-c3c(C)cccc3)nnc2S1,C36154135,,87.574326,1,0,0,0,0,1,0,0,0,0
O=C([O-])CC=1C(=O)Oc2cc(OCc3oc(C(=O)[O-])cc3)ccc2C=1C,C36369942,,99.408768,1,0,0,0,0,0,0,0,1,0
O=C([O-])/C=C/c1cc(OC)c(OCc2oc(C(=O)[O-])cc2)cc1,C36724814,,98.446785,1,0,0,0,0,0,0,0,0,0
O=[N+]([O-])c1cc(/C(/[O-])=N/c2scc(CC(OC)=O)n2)[n-]c1,C36815742,,99.999252,1,0,0,0,0,0,0,0,0,0
[S-]C=1N(CCC)C(=O)/C(=C/c2cc([N+](=O)[O-])c([O-])cc2)/N=1,C15255521,,95.76931,1,0,0,0,0,0,0,0,0,0
S(=O)(=O)([N-]C1=C([O-])n2ncnc2N=C1C)c1c(C)cc(C)cc1,C08994324,,60.047905,1,0,0,0,0,1,0,0,0,0
O=[N+]([O-])c1c([O-])nc(/C=C\c2cc(OCC)c(OCC)cc2)nc1[O-],C19519862,,98.013397,1,0,0,0,0,0,0,0,0,0
[O-]/C(=N\c1sc(CC)nn1)/C1=NN=C(c2c([O-])ccc(C)c2)C1,C06804535,,87.816208,1,0,0,0,0,1,0,0,0,0
O=C1[C@H](/C(/[O-])=N/c2sc(C(C)C)nn2)C([O-])=C2CCCCC2=N1,C18096939,,94.100098,1,0,0,0,0,0,1,1,0,0
S(Cc1nc(SCC(=O)[O-])[n-]n1)c1nc(C)cc(C)n1,C39933008,,99.070488,1,0,0,0,0,1,0,1,1,0
O=C([O-])CCN(/C(/[O-])=N/c1scnn1)c1ccc(C)cc1,C40520863,,96.533516,1,0,0,0,0,0,0,1,1,0
S(=O)(=O)([N-]c1c(C(=O)[O-])c2CCCCc2s1)CC(OC)=O,C42137510,,89.396408,1,0,0,0,0,0,0,1,0,0
S(CC(=O)[O-])c1nc(-c2c(F)cc([N+](=O)[O-])cc2)n[n-]1,C43571947,,98.775909,1,0,0,0,0,0,1,0,1,0
FC(F)(F)/C(/[O-])=N/c1nn2C([O-])=CC(c3ccccc3)=Nc2n1,C05635455,,98.645706,1,0,0,0,0,0,0,0,0,0
Fc1cccc2c([O-])c(/C(/[O-])=N/c3sc([N+](=O)[O-])cn3)cnc12,C49549851,,99.173622,1,0,0,0,0,0,0,0,0,0
Clc1cc(/C(/[O-])=N/c2nnn[n-]2)nc(-c2cc(OC)ccc2)c1,C29319061,,90.032349,1,0,0,0,0,0,0,0,0,0
S(C/C(/[O-])=N/c1sc(CC)nn1)c1nc(-c2c(C)cccc2)n[n-]1,C07342017,,96.576881,1,0,0,0,0,1,0,0,0,0
O(C)c1ccc([N-]C2=N[C@H](c3ccncc3)N3C([O-])=CC(C)=NC3=N2)cc1,C17074530,,83.751678,1,0,0,0,0,0,0,0,0,0
O=[N+]([O-])c1c(/N=C/c2c(C)c(C#N)c([O-])nc2[O-])ccc(C)c1,C06382536,,99.937126,1,0,0,0,0,0,0,0,0,0
S([C@@H](CC)C(=O)[O-])c1nc([O-])c(C#N)c(-c2occc2)n1,C57843387,,96.207474,1,0,0,0,0,0,0,0,0,0
[O-]/C(=N\c1nc(-c2ncccc2)n[n-]1)/C1=NO[C@@H](c2ccccc2)C1,C55280314,,96.026978,1,0,0,0,0,0,0,0,0,0
O=[N+]([O-])/C=C/c1c(C)n(c(C)c1)-c1cc(C(=O)[O-])cc(C(=O)[O-])c1,C59249858,,98.831947,1,0,0,0,0,0,0,0,0,0
O=[N+]([O-])c1cc(/N=C/c2ccc(O[C@H](C)C(=O)[O-])cc2)c([O-])cc1,C59248685,,62.147083,1,0,0,0,0,0,0,0,0,0
S(CC)c1nc([O-])c2[C@@H](c3cnccc3)/C(=C(/OC)\[O-])/C(C)=Nc2n1,C13837528,,72.711128,1,0,0,0,0,0,0,0,0,0
Brc1c(S(=O)(=O)[N-][C@@H]2[C@@H](C#N)CCC2)cc(C(=O)[O-])o1,C61890187,,95.819199,1,0,0,0,0,1,0,0,0,0
S(=O)(=O)([N-]c1ccc2oc([O-])nc2c1)c1ccc2N(C)C(=O)Oc2c1,C29835058,,98.433601,1,0,0,0,0,1,1,0,1,0
O=C([O-])c1c(C(CC)CC)n(Cc2oc(C(=O)[O-])cc2)nn1,C62317711,,70.279518,1,0,0,0,0,1,0,0,0,0
O=[N+]([O-])c1ccc([C@@H]2C[C@H]3[C@@H](C(=O)[O-])[C@@H](C(=O)[O-])[C@@H]2C3)cc1,C64031925,,98.375572,1,0,0,0,0,0,0,0,0,0
O(C)C(=O)/C=C\1/C([O-])=NC([N-]c2nc(C)c3cc(OC)ccc3n2)=N/1,C13130670,,74.606018,1,0,0,0,0,0,0,0,0,0
O=C([O-])CCC1=C([O-])n2nc(-c3cc(OC)cc(OC)c3)cc2N=C1C,C15974485,,98.837418,1,0,0,0,0,1,0,0,0,0
O(CC1CC1)[C@@H](C)/C(/[O-])=C(\C(\[O-])=N\c1ccc2OCCOc2c1)/C#N,C64682025,,99.465363,1,0,0,0,0,0,0,0,0,0
[O-]/C(=N\c1ccc2OCCOc2c1)/C(/C#N)=C(\[O-])/c1sc(CC)nc1,C65046529,,99.309509,1,0,0,0,0,0,0,0,0,0
S(=O)(=O)([N-]c1c(C)cc(/N=C(\[O-])/C(=C/c2occc2)/C#N)cc1)CC,C65658656,,98.735329,1,0,0,0,0,1,0,0,0,0
S(=O)(=O)(/N=C(\[O-])/C1=C([O-])N(c2ccc(C)cc2)CC1)N1CCCC1,C66520034,,62.062119,1,0,0,0,0,0,0,0,0,0
O(C)c1c(OC)ccc(/N=C(\[O-])/C(/C#N)=C(/[O-])\c2nc(C)sc2)c1,C65651082,,99.213432,1,0,0,0,0,0,0,0,0,0
O=C1N(C)c2ccccc2C(/C(/[O-])=N/c2nc(-c3ncccc3)n[n-]2)=C1,C68220013,,94.910172,1,0,0,0,0,0,0,0,0,0
O(C)C(=O)/C=C\1/C([O-])=N/C(=N/N=C(\[O-])/c2c(C)nns2)/S/1,C08712013,,99.911896,1,0,0,0,0,0,0,0,0,0
O(CC)C(=O)c1c(-n2c([O-])nc(C(=O)[O-])n2)sc2CCCCc12,C71445252,,99.360764,1,0,0,0,0,0,0,1,0,0
FC(F)(F)CC1=C([O-])n2ncc(C(OCC)=O)c2N=C1[O-],C71474663,,99.900375,1,0,0,0,0,0,0,0,0,0
O(CC)C(=O)c1c(C)nn2C([O-])=C(CCOc3ccccc3)C([O-])=Nc12,C71474986,,99.797256,1,0,0,0,0,0,0,0,0,0
O(CCC1=C([O-])n2nc(C)c(CN(C)C)c2N=C1[O-])c1ccccc1,C71475015,,98.886841,1,0,0,0,0,0,0,0,0,0
FC1=Cn2c(/N=N\c3ccc(CC(=O)[O-])cc3)c(CC(=O)[O-])nc2C=C1,C71591764,,98.031418,1,0,0,0,0,1,0,0,0,0
O=C([O-])Cc1c(/N=N\c2c(C#N)cccc2)n2C=CC=C([O-])c2n1,C71602104,,80.73278,1,0,0,0,0,1,0,1,0,0
[O-]/C(=N\c1ncccc1)/C(/C#N)=C(\[O-])/C1=NO[C@@H](c2ccccc2)C1,C57743017,,97.47438,1,0,0,0,0,0,0,0,0,0
S(=O)(=O)([N-]c1c([N-]S(=O)(=O)c2ccc(F)cc2)cccc1)/C=C/c1ccccc1,C12605390,,94.037949,1,0,0,0,0,1,0,0,0,0
S=C1N(c2c(C)cc(C)cc2)C(=O)/C(=C/c2ccc(O[C@@H](C)C(=O)[O-])cc2)/C([O-])=N1,C19800208,,98.508453,1,0,0,0,0,0,0,0,0,0
Clc1c(OCC(=O)[O-])ccc(/C=C\2/C(=O)N(c3cc(C)cc(C)c3)C(=O)N=C/2[O-])c1,C19812122,,99.845329,1,0,0,0,0,0,0,0,0,0
S=C1N(c2cc(C)cc(C)c2)C(=O)/C(=C\c2ccc(O[C@H](C)C(=O)[O-])cc2)/C([O-])=N1,C17194835,,98.504257,1,0,0,0,0,0,0,0,0,0
S(CC(=O)c1c([O-])cc([O-])cc1)c1n(CC=C)c(-c2c(OC)cccc2)nn1,C21729489,,42.425003,1,0,0,0,0,0,0,0,0,0
[S-]c1n(CC=C)c(-c2c(C)nc(/N=C(\[O-])/[C@H](Oc3ccc(C#N)cc3)C)s2)nn1,C22972755,,98.48777,1,0,0,0,0,0,0,0,0,0
[S-]c1n(CC=C)c(Cc2nc(/N=C(\[O-])/C=3C(=O)Oc4ccccc4C=3)sc2)nn1,C23041822,,99.358307,1,0,0,0,0,1,1,1,0,0
[S-]c1nc(-c2c([O-])c(OC)ccc2)nc2Oc3c(OCC)cccc3Cc12,C06000621,,50.290012,1,0,0,0,0,0,0,1,0,0
S([C@H](C)c1nc([O-])c2c(-c3sccc3)csc2n1)c1c(C#N)c(C)nc([O-])n1,C09593433,,63.576099,1,0,0,0,0,0,0,0,0,0
[S-]c1n(CC/C(/[O-])=N/c2sc(CC(C)C)nn2)c(-c2ccc(OC)cc2)nn1,C25445279,,96.63829,1,0,0,0,0,1,0,1,0,0
Clc1c([N-]S(=O)(=O)C)ccc(/N=C/c2c([O-])c(OCC)ccc2)c1,C28185503,,94.336456,1,0,0,0,0,1,0,0,0,0
Clc1c(-c2n(/N=C\c3c([O-])c(OC)ccc3)c([S-])nn2)ccc(Cl)c1,C01260448,,71.956604,1,0,0,0,0,1,0,0,0,0
[O-]c1n(-c2ccccc2)nc(C)c1C(c1c([O-])n(-c2ccccc2)nc1C)c1ncccc1,C06177565,,80.550766,1,0,0,0,0,0,0,0,0,0
Clc1c(OCC(=O)[O-])ccc(/C=C/2\C(=O)N=C([N-]c3ccc(OCC)cc3)S\2)c1,C09311475,,92.999008,1,0,0,0,0,0,0,0,0,0
S(C)c1ccc([C@H]([CH-][N+](=O)[O-])c2c([O-])n(-c3ccccc3)nc2C)cc1,C33587257,,90.982422,1,0,0,0,0,0,1,0,0,0
Fc1ccc(C(=O)[C@H]2[C@@H](C(=O)[O-])Sc3nc([O-])sc3[C@@H]2c2occc2)cc1,C35053062,,90.12793,1,0,0,0,0,0,0,0,0,0
O=C([O-])CCC=1C(=O)Oc2c(C)c(OCc3oc(C(=O)[O-])cc3)ccc2C=1C,C36369977,,99.014885,1,0,0,0,0,0,0,0,1,0
O=C([O-])c1cc(C(=O)[O-])cc(-c2oc(/C=C\3/C(=O)n4c5ccccc5nc4S/3)cc2)c1,C09187207,,97.340004,1,0,0,0,0,0,0,0,0,0
S(=O)(=O)([N-]c1nnc(OC)cc1)c1ccc(/N=C/c2c([O-])cccc2)cc1,C04732544,,85.519768,1,0,0,0,0,0,0,0,0,0
O(C/C(/[O-])=N/c1scc(-c2ccc3nc([O-])oc3c2)n1)c1ccc(CC)cc1,C41305869,,99.244553,1,0,0,0,0,1,0,0,0,0
Clc1cc([C@H]2/C(=C(/OC/C=C/c3ccncc3)\[O-])/C(C)=NC(C)=C2C(=O)[O-])ccc1,C28568457,,94.448189,1,0,0,0,0,0,0,0,0,0
O=[N+]([O-])c1cc(C(C=2C(=O)CC(C)(C)CC=2[O-])C=2C(=O)CC(C)(C)CC=2[O-])ccc1,C05464730,,80.664833,1,0,0,0,0,0,0,0,0,0
O(C)C(=O)C=1[C@@H](c2ccc(C)cc2)C(C#N)(C#N)[C@@H](c2ccccc2)/C(=C(/OC)\[O-])/C=1[O-],C38187263,,78.797737,1,0,0,0,0,0,0,0,0,0
O(C)c1cc([C@@H]2N=C([N-]c3ccc(C)cc3)N=C3N2C([O-])=CC(C)=N3)ccc1,C12407461,,41.260437,1,0,0,0,0,0,0,0,0,0
O(C)c1c([C@@H]2N=C([N-]c3ccc(OC)cc3)N=C3N2C([O-])=CC(C)=N3)cccc1,C08914433,,34.414463,1,0,0,0,0,0,0,0,0,0
Clc1c([C@@H]2N=C([N-]c3ccc(OC)cc3)N=C3N2C([O-])=CC(C)=N3)cccc1,C19921242,,35.230701,1,0,0,0,0,0,0,0,0,0
Brc1ccc2N=C([O-])/C(=N/[N-]S(=O)(=O)c3ccc(CC)cc3)/c2c1,C05576335,,93.687126,1,0,0,0,0,0,0,0,0,0
O(C)c1ccc([C@H]2N=C([N-]c3cc(C)c(C)cc3)N=C3N2C([O-])=CC(C)=N3)cc1,C19921010,,43.564548,1,0,0,0,0,0,0,0,0,0
Clc1ccc([C@@H]2N3N=C(/N=C(\[O-])/[C@@H](Oc4ccccc4)C)[N-]C3=NC(=O)C2)cc1,C02420276,,91.499931,1,0,0,0,0,1,0,0,0,0
[O-]/C(=N\c1nn2C([O-])=C(C)C(C)=Nc2n1)/C(c1ccccc1)c1ccccc1,C18219999,,98.296272,1,0,0,0,0,1,0,0,0,0
O(CC)/C(/[O-])=C/1\C(=O)/C(=C/c2ccc(OCC(=O)[O-])cc2)/S\C\1=N/c1ccccc1,C49590499,,99.879288,1,0,0,0,0,0,0,0,0,0
Clc1c([O-])ccc(/C=C\2/C(=O)/C(=C(\OCC)/[O-])/C(=N/c3ccc(OC)cc3)/S/2)c1,C59247355,,78.413826,1,0,0,0,0,0,0,0,0,0
O=C([O-])[C@@H](Oc1ccc(/C=C(\C(\[O-])=N\c2cc(OCC)ccc2)/C#N)cc1)C,C59249439,,99.818985,1,0,0,0,0,0,0,0,0,0
Brc1cc(/N=C(\[O-])/C(=C\c2ccc(O[C@H](C)C(=O)[O-])cc2)/C#N)ccc1,C59249783,,99.818932,1,0,0,0,0,0,0,0,0,0
O=C([O-])c1cc(C(=O)[O-])cc(-n2c(C)c(/C=N/c3cnc(OC)cc3)cc2C)c1,C59302957,,94.085945,1,0,0,0,0,0,0,0,0,0
Clc1c(Cl)cccc1/N=C(\[O-])/C(=C\c1cc(OCC)c(OCC(=O)[O-])cc1)/C#N,C59336291,,99.862679,1,0,0,0,0,0,0,0,0,0
FC(F)(F)c1cc(/N=C(\[O-])/C(=C\c2cc(OCCC(=O)[O-])ccc2)/C#N)ccc1,C60212533,,99.434753,1,0,0,0,0,0,0,0,0,0
O(CC)C(=O)c1c([O-])c(C=2C(c3ccccc3)=NC3=NC(=O)N=C([O-])C=23)sc1C,C63520864,,97.630661,1,0,0,0,0,0,0,0,0,0
O(CC)C(=O)c1c([O-])c(C=2C(c3ccc(C)cc3)=NC3=NC(=O)N=C([O-])C=23)sc1C,C63520984,,97.630051,1,0,0,0,0,0,0,0,0,0
S(=O)(=O)([N-]c1ccc(OCC)cc1)C1=NN=C(/C(/[O-])=N/c2c(C)cc(F)cc2)C1,C32984995,,64.286415,1,0,0,0,0,1,0,0,0,0
S(=O)(=O)([N-]c1c(C)ccc(/N=C/c2c([O-])cc(N(CC)CC)cc2)c1)C,C64359785,,96.709442,1,0,0,0,0,1,0,0,0,0
Fc1ccc([N-]C=2S/C(=C/c3cc(OCC)c(OCC(=O)[O-])cc3)/C(=O)N=2)cc1,C16916242,,91.370239,1,0,0,0,0,0,0,0,0,0
O(C)c1cc(/N=C(\[N-]c2cc(OC)ccc2)/C=2C(=O)C(=O)c3ccccc3C=2[O-])ccc1,C26331092,,99.976265,1,0,0,0,0,0,0,0,0,0
Clc1c([O-])ccc(/C=C(\C(\[O-])=N\c2ccc(C(OCC)=O)cc2)/C#N)c1,C67006034,,84.634117,1,0,0,0,0,0,0,0,0,0
Fc1cc([C@@H]2[C@H](/C(/[O-])=C(/C(/[O-])=N/c3ccc(C(OCC)=O)cc3)\C#N)C2)ccc1,C67798598,,99.252968,1,0,0,0,0,0,0,0,0,0
FC(F)(F)/C(=C\C(\[O-])=N\c1nc(-c2c(OC)cccc2)n[n-]1)/c1ccccc1,C68515309,,97.220566,1,0,0,0,0,0,0,0,0,0
FC(F)(F)c1cc(/N=C(\[O-])/C(=C\c2c(C)n(CC(C)C)c(C)c2)/C#N)c([O-])nc1,C45836899,,89.218727,1,0,0,0,0,0,0,0,0,0
Clc1c(/N=C(\[O-])/C(/C#N)=C(\[O-])/CCN2C(=O)c3ccccc3N=N2)ccc(Cl)c1,C71947449,,99.147057,1,0,0,0,0,0,1,0,0,0
Clc1c(/N=C(\[O-])/C(/C#N)=C(\[O-])/CCN2C(=O)c3ccccc3N=C2)ccc(Cl)c1,C71947451,,97.965675,1,0,0,0,0,0,0,0,0,0
Clc1c([N-]S(=O)(=O)c2c(C)c([N-]S(=O)(=O)C)c(C)cc2C)ccc(Cl)c1,C71974107,,92.323105,1,0,0,0,0,1,0,0,0,0
Clc1cc(NC(=O)[C@H](CC)n2c(C(=O)[O-])c(C(=O)[O-])nn2)c(C)cc1,C04969657,,99.036278,1,0,0,0,0,0,0,0,0,0
Brc1ccc2[nH]cc(/C=C/c3nc([O-])c([N+](=O)[O-])c([O-])n3)c2c1,C09295529,,94.613647,1,0,0,0,0,0,0,0,0,0
S=C1N(NC(=O)c2c(CC)c(C)sc2)C([O-])=C2C(C)=C(C(=O)[O-])SC2=N1,C17088295,,99.033691,1,0,0,0,0,0,1,0,0,0
Oc1c([O-])ccc(/C=C/2\C(=O)N(c3ccc([C@@H](C)CC)cc3)C(=O)N=C\2[O-])c1,C20188785,,74.926285,1,0,0,0,0,0,0,0,0,0
S=C1NC(=O)/C(=C\c2c(OC)cc(OCc3cc(C(=O)[O-])ccc3)cc2)/C([O-])=N1,C20263713,,97.857414,1,0,0,0,0,0,0,0,0,0
Clc1c([O-])c(/C=N/Nc2nnc(SCCOC)[n-]2)cc(Cl)c1,C21079621,,62.942127,1,0,0,0,0,0,0,0,0,0
S(=O)(=O)(N(CC)CC)c1cc(NC(=O)c2c([O-])cc(OC)cc2)c([O-])cc1,C22024480,,52.490562,1,0,0,0,0,0,0,0,0,0
Clc1cc(Cl)cc(NC(=O)CSc2nc([O-])c(CCC(=O)[O-])nn2)c1,C16777412,,67.718941,1,0,0,0,0,0,1,0,0,0
S(=O)(=O)([NH-])c1sc(OCC)c(-c2nc([O-])c3n(C)nc(CCC)c3n2)c1,C24964626,,74.970543,1,0,0,0,0,1,0,0,0,0
S(=O)(=O)([NH-])Cc1ccc([N-]S(=O)(=O)c2cc(OC(F)(F)F)ccc2)cc1,C25525533,,96.049622,1,0,0,0,0,1,0,0,0,0
O=C(NCc1oc(-c2nc(/N=C(\[O-])/c3c([O-])cc(OC)cc3)sc2)cc1)C,C29355680,,53.562401,1,0,0,0,0,1,0,0,0,0
S(=O)(=O)([N-]c1ccc([C@]2(C)C([O-])=NC(=O)N2)cc1)c1cc(F)ccc1,C32818921,,95.975624,1,0,0,0,0,1,0,0,0,0
S(=O)(=O)(/N=C(\[O-])/C)c1ccc(NC(=O)C(=O)/C=C(\[O-])/c2ccc(F)cc2)cc1,C04874867,,92.290451,1,0,0,0,0,0,0,0,0,0
O=[N+]([O-])C[C@@H](c1c(-c2c([O-])cccc2)[nH]nc1[O-])c1ccc(OC)cc1,C04641258,,48.507599,1,0,0,0,0,1,0,0,0,0
O=[N+]([O-])C[C@H](c1c(-c2c([O-])cccc2)[nH]nc1[O-])c1ccc(OC)cc1,C04649735,,48.507599,1,0,0,0,0,1,0,0,0,0
[S-]c1n(/N=C/c2c([O-])cc(O)cc2)c(-c2cc(OC)c(OC)cc2)nn1,C01475987,,76.915955,1,0,0,0,0,1,0,0,0,0
S(CC(=O)Nc1c(OC)cccc1)c1c(C#N)c2nc([O-])cc([O-])c2s1,C13119396,,87.702248,1,0,0,0,0,1,0,0,0,0
Clc1ccc(N/N=C/2\C([O-])=NN=C\2C2=C([O-])N(C)c3ccccc3C2=O)cc1,C13409428,,37.452061,1,0,0,0,0,0,0,0,0,0
Oc1c(-c2c(/C=C/3\C(=O)N(C)N=C\3c3c([O-])cccc3)c([O-])n(C)n2)cccc1,C16952600,,32.051666,1,0,0,0,0,0,0,0,0,0
O(C)c1c(OC)ccc([C@H]2[C@H]3C([O-])=NC(=N)N=C3N=C3CC(C)(C)CC([O-])=C23)c1,C39021844,,62.707706,1,0,0,0,0,0,0,0,0,0
Clc1c([N-]S(=O)(=O)C)ccc(NC(=O)[C@@H]2[C@H](C(=O)[O-])CC=CC2)c1,C44830798,,97.835457,1,0,0,0,0,1,0,0,1,0
O=C([O-])Cn1c(Nc2cc(C)c(C)cc2)nc2N(C)C(=O)N=C([O-])c12,C48279979,,95.232002,1,0,0,0,0,0,0,0,0,0
[O-]/C(=N\c1sc(C(C)C)nn1)/c1n[nH]c(-c2c([O-])ccc(C)c2)c1,C05343048,,87.695435,1,0,0,0,0,1,0,0,0,0
S=C1N(C)C([O-])=C2C=CC(C(=O)Nc3c([O-])ncc(C(F)(F)F)c3)=CC2=N1,C53746612,,90.995537,1,0,0,0,0,0,0,0,0,0
Brc1c([O-])c(/C=N/Nc2nc([O-])c(C)nn2)cc(Br)c1,C04158867,,26.602766,1,0,0,0,0,0,0,1,0,0
O(C)c1c(Nc2nc([O-])c3c(C4=C([O-])OC(C)=CC4=O)ccnc3n2)cccc1,C36589707,,67.70845,1,0,0,0,0,0,0,0,0,0
O=C([O-])c1ccc(/N=C(\[O-])/C(=C\c2c(-c3ccc(OC)cc3)[nH]nc2)/C#N)cc1,C54216444,,63.102325,1,0,0,0,0,0,0,0,0,0
S=C1N[C@H](c2ccc(OCC(=O)[O-])cc2)/C(=C(\OCC)/[O-])/C(c2ccccc2)=N1,C35606165,,99.849899,1,0,0,0,0,0,1,0,0,0
S(CC(=O)Nc1sc(CC)nn1)c1c(C#N)c2nc([O-])cc([O-])c2s1,C15879927,,87.675079,1,0,0,0,0,0,0,0,0,0
Brc1c([O-])ccc(C(=O)N/N=C/2\C([O-])=Nc3ccc([N+](=O)[O-])cc\23)c1,C04963064,,83.494759,1,0,0,0,0,0,0,0,0,0
Oc1c(OC)cc([C@H]2/C(=C(/OCC)\[O-])/C(=O)N=C3N2c2ccccc2[N-]3)cc1,C57291642,,69.329964,1,0,0,0,0,1,0,0,0,0
Oc1c(OC)cc([C@@H]2/C(=C(/OCC)\[O-])/C(=O)N=C3N2c2ccccc2[N-]3)cc1,C57291643,,69.329964,1,0,0,0,0,1,0,0,0,0
FC(F)(F)c1cc([C@H]2/C(=C(/OCC=C)\[O-])/C(C)=NC3=NC(=O)NC([O-])=C23)ccc1,C57531408,,99.998756,1,0,0,0,0,0,0,0,0,0
O(CC)C(=O)C1=C(C)/C(=N\Nc2cc(C(=O)[O-])cc(C(=O)[O-])c2)/N=C1C,C05184905,,98.914543,1,0,0,0,0,0,0,0,0,0
S(=O)(=O)([NH-])N1CCc2ccc(/N=C(\[O-])/C(=C\c3cc(OC)ccc3)/C#N)cc12,C58551860,,99.994751,1,0,0,0,0,1,0,0,0,0
[S-]C=1N(CC=C)C2=NC(=O)[C@@](NC(=O)c3ccccc3)(C(F)(F)F)C2=C([O-])N=1,C59255212,,99.910011,1,0,0,0,0,0,0,0,0,0
S(=O)(=O)([N-]c1ccc(F)cc1)c1ccc2NC(=O)C=C(/C(/[O-])=N/OCC)c2c1,C12973661,,96.620064,1,0,0,0,0,1,0,0,0,0
O=C(Nc1cc(-c2nnc([O-])cc2)ccc1)CCc1c(C)c(C#N)c([O-])nc1C,C61459953,,57.140743,1,0,0,0,0,0,0,0,0,0
O=C([O-])COc1ccc([C@@H]2[C@H]3C(=O)NC(=O)N=C3N=C3CC(C)(C)CC([O-])=C23)cc1,C63217337,,99.657829,1,0,0,0,0,0,0,0,0,0
[S-]C=1N(CC)C(=O)c2ccc(C(=O)N[N-]c3c(C#N)nc(C(C)C)o3)cc2N=1,C63851958,,87.224655,1,0,0,0,0,0,0,0,0,0
O=[N+]([O-])c1cccc2cc(/C(/[O-])=N/c3[nH]nc(-c4sccc4)n3)[n-]c12,C65056746,,97.62886,1,0,0,0,0,0,0,0,0,0
S(=O)(=O)([N-]NC(=O)CC1CCCCC1)c1cc(C(=O)[O-])c2OCCOc2c1,C66589167,,98.983925,1,0,0,0,0,0,0,0,0,0
S(=O)(=O)(/N=C(\[O-])/C[C@H](C)C(C)(C)C)c1ccc([C@@]2(C)C([O-])=NC(=O)N2)cc1,C66730346,,95.108757,1,0,0,0,0,1,0,0,0,0
S=C1N[C@H](c2cc(O[C@H](C)C(=O)[O-])ccc2)/C(=C(\[O-])/N(CC)CC)/C(C)=N1,C67029272,,99.812881,1,0,0,0,0,0,0,1,0,0
Clc1c(C#N)ccc(/N=C(\[O-])/C(=O)Nc2cc(-c3nnn[n-]3)ccc2)c1,C68179332,,97.337486,1,0,0,0,0,0,1,0,0,0
[S-]c1n(C/C(/[O-])=N/c2[nH]nc(N3CCCCC3)n2)c(-c2ccc(C)cc2)nn1,C57885214,,80.806236,1,0,0,0,0,1,0,1,0,0
O=C1C(=C([O-])N(C)c2ccccc12)C=1/C(=C/Nc2cccc3ccccc23)/C([O-])=NN=1,C13409391,,74.578674,1,0,0,0,0,0,0,0,0,0
Fc1ccc(-c2nc(/N=C(\[O-])/c3nnc([O-])c4ccccc34)[nH]n2)cc1,C28680991,,50.359081,1,0,0,0,0,0,0,0,0,0
Clc1c(CC2=C([O-])n3nc(C)c(C(=O)[O-])c3N=C2O)c(F)ccc1,C71474790,,91.569641,1,0,0,0,0,0,0,0,0,0
FC1=Cn2c(/N=N\c3cc(C(=O)[O-])c(O)cc3)c(CC(=O)[O-])nc2C=C1,C71591808,,90.766998,1,0,0,0,0,1,0,0,0,0
O=C(/C=C/c1c([O-])cccc1)C=1C(=O)Oc2ccccc2C=1[O-],C06473542,,86.573044,1,0,0,0,0,0,0,0,0,0
S(CCN(C)C)c1nc([O-])c(c([O-])n1)-c1ccccc1,C18029487,,91.538834,1,0,0,0,0,0,0,0,0,0
[S-]c1n(/N=C/c2c([O-])c(OC)ccc2)c(-c2ccc(F)cc2)nn1,C01271244,,72.420677,1,0,0,0,0,1,0,0,0,0
Clc1cc(C(=O)c2c(C(F)(F)F)nn[n-]2)c([O-])cc1,C12428479,,59.446297,1,0,0,0,0,1,0,0,0,0
Brc1cc(OCc2nc(SCC(=O)[O-])[n-]n2)ccc1,C26473590,,99.128975,1,0,0,0,0,1,1,1,1,0
Clc1c([O-])ccc(/C(/[O-])=N/c2sc(C(CC)CC)nn2)c1,C26560642,,81.389038,1,0,0,0,0,0,0,0,0,0
[S-]c1n(/N=C/c2cc([O-])ccc2)c(-c2cnccc2)nn1,C06058019,,86.103035,1,0,0,0,0,1,0,0,0,0
Clc1c(O[C@H](C)/C(/[O-])=N/c2sc(C(=O)[O-])cc2)cccc1,C35425195,,97.175621,1,0,0,0,0,1,1,0,0,0
O=C([O-])[C@@H](c1c([O-])nc(C)nc1/C=C/c1ccccc1)c1ccccc1,C16853093,,97.473656,1,0,0,0,0,0,0,0,0,0
O=C([O-])[C@@H](c1c([O-])nc(C)nc1/C=C/c1ccncc1)c1ccccc1,C16853113,,96.242691,1,0,0,0,0,0,0,0,0,0
O=C([O-])Cc1nc(/N=C(\[O-])/c2sc(CC)cc2)sc1,C36973147,,99.455856,1,0,0,0,0,0,1,0,0,0
Fc1cc(C(=O)/C=C/c2cc(C(=O)[O-])cc3COCOc23)c([O-])cc1,C04770141,,57.991936,1,0,0,0,0,0,0,0,0,0
[O-]c1n(-c2ccccc2)nc2nc(-c3occc3)cc([O-])c12,C08020694,,69.048164,1,0,0,0,0,0,0,0,0,0
Clc1c(COC)nc2nn(-c3ccc(F)cc3)c([O-])c2c1[O-],C08021125,,62.928181,1,0,0,0,0,1,0,0,0,0
[S-]c1n(C/C(/[O-])=N/C=2S[C@H](C)CN=2)c(-c2cc(C)ccc2)nn1,C39733109,,93.094841,1,0,0,0,0,1,0,1,0,0
O=C([O-])c1ccc(/N=C\2/C(=C/c3occc3)/SC([O-])=N/2)cc1,C39886267,,94.308777,1,0,0,0,0,0,1,0,0,0
Clc1cc([N-]S(=O)(=O)c2c(C)nc([O-])s2)c(C#N)cc1,C40825326,,85.221283,1,0,0,0,0,1,1,0,0,0
S=C1N(CCCc2ccccc2)C2=C([O-])N=C([O-])N(C)C2=N1,C05730880,,99.995567,1,0,0,0,0,0,0,0,0,0
S(Cc1cc(/C=C/C(=O)[O-])ccc1)c1nc([O-])ccn1,C49627990,,96.682732,1,0,0,0,0,1,0,0,0,0
O(CC)C(=O)C=1/C(=C/[O-])/C(=C(/OCC)\[O-])/C(C)=NC=1c1ccccc1,C49865039,,86.655197,1,0,0,0,0,0,0,0,0,0
O=C([O-])c1c(-c2cc(C(C)C)c(OC)cc2)nc([O-])c(C#N)c1,C49925209,,80.24604,1,0,0,0,0,0,0,0,0,0
Clc1cc(Cl)cc(/N=C(\[O-])/C(/C#N)=C(\[O-])/C2CCC2)c1,C55607245,,98.287933,1,0,0,0,0,0,0,0,0,0
Brc1cc(/C=N/n2c([S-])nnc2C(C)C)c([O-])cc1,C05548656,,89.861534,1,0,0,0,0,1,0,0,0,0
Clc1c(C)cc(OCc2nc([O-])cc(C(=O)[O-])n2)cc1C,C58036613,,92.791435,1,0,0,0,0,0,0,0,0,0
Clc1c(-c2nc([O-])cc(CC(=O)[O-])n2)ccc(Cl)c1,C58037026,,97.858017,1,0,0,0,0,0,0,0,0,0
Brc1oc(-c2nc([O-])cc(CC(=O)[O-])n2)cc1,C58037237,,97.284767,1,0,0,0,0,0,0,0,0,0
Clc1c(Cc2nc([O-])cc(CC(=O)[O-])n2)c(F)ccc1,C58037354,,98.453003,1,0,0,0,0,1,0,0,0,0
O=C([O-])Cc1nc(COc2c(C)cccc2C)nc([O-])c1,C58037544,,98.555191,1,0,0,0,0,0,0,1,0,0
Clc1c(OCCc2nc([O-])cc(CC(=O)[O-])n2)cccc1,C58037792,,98.365074,1,1,0,0,0,0,1,0,1,0
S(=O)(=O)([N-]c1c(OC)ccc(C(C)(C)C)c1)[C@@H](C)C(=O)[O-],C49047880,,96.727203,1,0,0,0,0,1,0,0,1,0
Brc1c([O-])ccc(/C=C\2/C(=O)N(CC=C)C(=O)N=C/2[O-])c1,C38173262,,94.994278,1,0,0,0,0,0,0,0,0,0
Brc1c([O-])c(OC)cc([C@@H]2[C@@H](C(=O)[O-])C2)c1,C62494952,,61.632782,1,0,0,0,0,0,0,0,0,0
S=C1N(Cc2c(C)ccc(C)c2)C2=C([O-])N=C([O-])N(C)C2=N1,C62720549,,99.99543,1,0,0,0,0,0,0,0,0,0
Brc1c(/N=C(\[O-])/C#C)c(C(=O)[O-])cc(Br)c1,C62825057,,99.382256,1,0,0,0,0,0,0,1,0,0
O=C(N1C[C@](CC)(C(=O)[O-])CCC1)c1c([O-])cc(C)cc1,C62869708,,67.586235,1,0,0,0,0,1,0,0,1,0
Clc1cc([O-])c(C(=O)N2C[C@@](CCC)(C(=O)[O-])CC2)cc1,C62920022,,80.697365,1,0,0,0,0,0,0,0,1,0
[O-]/C(=N\c1cnccc1)/C1=NN=C(c2c([O-])ccc(C)c2)C1,C13121825,,87.885948,1,0,0,0,0,1,0,0,0,0
Clc1c(/N=C(\[O-])/C(/C#N)=C(/[O-])\COCCC)ccc(Cl)c1,C65489961,,99.576057,1,0,0,0,0,0,0,0,0,0
O(C)c1c(/N=C(\[O-])/C(/C#N)=C(\[O-])/c2nc(C)sc2)cccc1,C65651049,,99.261032,1,0,0,0,0,0,0,0,0,0
Fc1c(C#N)ccc(O[C@@H](C)/C(/[O-])=N/c2c(C(=O)[O-])cc(C)s2)c1,C66749473,,96.404144,1,0,0,0,0,0,1,0,1,0
O([C@H](C)/C(/[O-])=C(/C(/[O-])=N/c1cc(C)ccc1)\C#N)c1cc(C#N)ccc1,C67893515,,99.653404,1,0,0,0,0,0,0,0,0,0
O(CC1CC1)[C@H](C)/C(/[O-])=C(\C(\[O-])=N\c1ccccc1)/C#N,C68336475,,99.488182,1,0,0,0,0,0,0,0,0,0
Clc1c(/N=C(\[O-])/C(/C#N)=C(/[O-])\c2nc(COC)sc2)cccc1,C65043611,,99.362953,1,0,0,0,0,0,0,0,0,0
O=C([O-])[C@H](Oc1cc(/C=C(\C(\[O-])=N\c2c(C)cccc2)/C#N)ccc1)C,C58464490,,99.812988,1,0,0,0,0,0,0,0,0,0
[S-]C1=N[C@H](c2c(F)cccc2)/C(=C(/[O-])\C(OC)=O)/C(C)=N1,C70703924,,56.269238,1,0,0,0,0,1,0,0,0,0
Brc1cc(C(=O)/C(/C#N)=C(\[O-])/CC(C)(C)C)[n-]c1,C56253911,,99.012222,1,0,0,0,0,1,0,0,0,0
O(CCCC1=C([O-])n2nccc2N=C1[O-])c1ccccc1,C71475064,,99.225822,1,0,0,0,0,1,0,0,0,0
Clc1cc(CC2=C([O-])n3nc(C)c(C(=O)[O-])c3N=C2C)ccc1,C71473608,,94.624252,1,0,0,0,0,0,0,0,0,0
O=C([O-])[C@@H]1[C@@H]2[C@](C)(C(=O)[O-])CC(=O)C=C2[C@H]2CC[C@H]3C(=C)C[C@@]12C3,C71757457,,98.60183,1,0,0,0,0,0,0,0,0,0
O=C([O-])[C@@H]1[C@H]2[C@@](C)(C(=O)[O-])CC(=O)C=C2[C@@H]2CC[C@@H]3C(=C)C[C@]12C3,C71757471,,98.60183,1,0,0,0,0,0,0,0,0,0
O=C([O-])CCCC=1NC(=O)c2c(sc3CCCCc23)N=1,C20368953,,94.129326,1,0,0,0,0,1,0,0,0,0
S(=O)(=O)([N-]c1c(O)cccc1)Cc1c(C#N)cccc1,C22147591,,93.46579,1,0,0,0,0,1,0,0,0,0
O=C(NCC1(c2ccccc2)CC1)Cc1c([O-])nc(C)nc1C,C31258158,,98.93499,1,0,0,0,0,1,0,0,0,0
FC(F)(F)c1nc(/N=C(\[O-])/CNC(=O)C2CC2)sc1,C31509647,,100,1,0,0,0,0,1,0,0,0,0
S(=O)(=O)([N-]c1c(C(=O)NC[C@H]2[C@@H](C)C2)cc(F)cc1)C,C32392409,,81.039978,1,0,0,0,0,0,0,0,0,0
S(C)c1cc(NC(=O)Cc2n(CC)c([S-])nn2)ccc1,C04736545,,99.101227,1,0,0,0,0,1,1,1,0,0
Clc1n(C)c(C(=O)N[C@@H](C)CC(=O)[O-])cc1Cl,C37457584,,99.337814,1,0,0,0,0,0,0,0,1,0
S(=O)(=O)([N-]c1c(F)cc(C#CCCO)cc1)N1CCCC1,C37552662,,82.573883,1,0,0,0,0,1,0,0,0,0
OCCC#Cc1sc(/N=C(\[O-])/c2n(CC)ccc2)nc1,C37549660,,100,1,0,0,0,0,0,0,0,0,0
S([C@H]1[C@H](O)CCC1)c1c(C(=O)[O-])c(C)nc(CC)n1,C37689568,,99.105827,1,0,0,0,0,0,0,0,0,0
S([C@@H]1[C@@H](O)CCCC1)c1c(C(=O)[O-])c(C)nc(CC)n1,C37690919,,99.104507,1,0,0,0,0,0,0,0,0,0
O=C(NC1(C(=O)[O-])CCCCCC1)N(CC)CC(C)=C,C40547185,,99.696869,1,0,0,0,0,0,0,0,0,0
O=C([O-])CNc1nnc(-c2c(C)c(C)cc(C)c2C)cc1,C41461113,,95.944031,1,0,0,0,0,1,0,0,0,0
Brc1cc([O-])c(C(=O)N(CC)CC(=O)NC)cc1,C44490973,,80.756744,1,0,0,0,0,0,0,0,0,0
S(CC(=O)N[C@@H](C)c1ccc(F)cc1)c1ncn[n-]1,C11340818,,99.526062,1,0,0,0,0,0,0,0,0,0
O=C([O-])/C=C/c1sc(C(=O)NC[C@H]2COCCC2)cc1,C44981684,,98.749596,1,0,0,0,0,0,0,0,0,0
Brc1cc(/C(/[O-])=N/S(=O)(=O)CCCC)[nH]c1,C48505853,,89.61689,1,0,0,0,0,1,0,0,0,0
O=C(N[C@@](C)(C(=O)[O-])C1CC1)N(C)C1CCC(CC)CC1,C49025276,,99.699013,1,0,0,0,0,0,0,0,0,0
S(=O)(=O)([N-]c1c(C)ccc(NC(=O)[C@@H](SC)C)c1)C,C49138570,,98.627594,1,0,0,0,0,1,0,0,0,0
Fc1c(C(=O)N(CCC)CC(=O)NC)c([O-])cc(F)c1,C49448742,,78.526733,1,0,0,0,0,0,0,0,0,0
Fc1c(C(=O)NCC(=O)N(CC)CC)c([O-])cc(F)c1,C49450185,,79.003624,1,0,0,0,0,0,0,1,0,0
O=C([O-])/C=C/c1ccc(CN(C)C(=O)c2[nH]ccc2)cc1,C49591564,,98.837006,1,0,0,0,0,0,0,0,0,0
O=C([O-])/C=C/c1sc(C(=O)NC[C@H]2OCCC2)cc1,C49593849,,98.750404,1,0,0,0,0,0,0,0,0,0
O=C(N[C@H]1[C@H](OC)CCC1)CC1(C(=O)[O-])CCCCC1,C50370490,,99.230553,1,0,0,0,0,0,0,0,0,0
S(=O)(=O)([N-]C1(CO)CCC(C)CC1)N1CCC(C)CC1,C53108014,,94.256355,1,0,0,0,0,0,0,0,0,0
S(=O)(=O)([N-][C@@]1(CO)C[C@@H](C)CCC1)N1[C@@H](C)CCCC1,C53109001,,94.281456,1,0,0,0,0,0,0,0,0,0
Fc1c(F)cc(-n2nc(C(=O)[O-])c(CCO)c2)c(F)c1,C61094439,,98.924911,1,0,0,0,0,1,0,0,0,0
Fc1c(F)cc(F)cc1NC(=O)N(CC(=O)[O-])[C@@H](C)CC,C61121364,,99.781631,1,0,0,0,0,0,0,0,1,0
Fc1c(C(=O)NC[C@H]2COCC2)ccc(/C=C/C(=O)[O-])c1,C61148572,,98.976219,1,0,0,0,0,1,0,0,0,0
O[C@@H](CC(C)(C)CC(=O)[O-])c1ccc2OCCOc2c1,C61825694,,99.006828,1,0,0,0,0,0,0,0,1,0
O=C([O-])CC(C)(C)CC(=O)N1[C@H](c2[nH]ccc2)CCC1,C61827041,,99.071396,1,0,0,0,0,0,0,0,1,0
Clc1c(/N=C(\[O-])/C[NH+]2C[C@@](C)(C(=O)[O-])CC2)ccc(F)c1,C62936602,,64.018982,1,0,0,0,0,1,0,0,1,0
OCC[C@@H]1N(C(=O)c2c([O-])ccc(OC)c2)CCCC1,C37862215,,76.25415,1,0,0,0,0,1,0,0,0,0
[S-]c1n(C)c(CNC(=O)[C@@H]2[C@H](c3cc(F)ccc3)C2)nn1,C66625368,,99.225037,1,0,0,0,0,1,1,0,0,0
S(=O)(=O)([NH-])c1sc(C(=O)N(C)[C@H](C)CC)c(C)c1,C66646276,,99.997658,1,0,0,0,0,1,0,0,0,0
S(CCNC(=O)c1c(C)c(C)nnc1[O-])C(C)(C)C,C66737894,,63.895958,1,0,0,0,0,0,0,1,0,0
[S-]c1n(C)c(CCNC(=O)[C@H]2CCc3ccccc23)nn1,C67051175,,99.35202,1,0,0,0,0,1,0,1,0,0
[S-]c1n(CC)c(CCNC(=O)c2c(F)ccc(C)c2)nn1,C67076494,,99.372406,1,0,0,0,0,1,0,1,0,0
O=C(N[C@@H]1C[C@H](CC)CCC1)N(CC)C(C)(C)C(=O)[O-],C68588087,,99.666145,1,0,0,0,0,0,0,0,0,0
S(CC(=O)Nc1nc(C(F)(F)F)[n-]n1)C(C)(C)C,C26252164,,87.937912,1,0,0,0,0,0,0,0,0,0
OCC1CCN([C@@H](C)/C(/[O-])=N/[C@](C)(C(C)C)C#N)CC1,C46091078,,92.237419,1,0,0,0,0,0,0,0,0,0
Fc1c(CCNC(=O)c2nnc([O-])cc2)ccc(F)c1,C69788919,,75.218201,1,0,0,0,0,1,1,0,1,0
O=C([O-])[C@@]1(Cc2nn(C3CCCCC3)cc2)CNCC1,C69997180,,98.864609,1,0,0,0,0,0,0,0,0,0
S(=O)(=O)([N-]c1cc(F)c(F)c(F)c1)c1nc(CC)[nH]c1,C70422690,,91.054939,1,0,0,0,0,1,0,0,0,0
O=C(N[C@H]1[C@@H](C(=O)[O-])CCC1)/C=C/c1cc(C#N)ccc1,C70522942,,99.309219,1,0,0,0,0,0,0,0,1,0
O=C(N[C@H]1[C@H](C(=O)[O-])CCC1)/C=C/c1cc(C#N)ccc1,C70522944,,99.309219,1,0,0,0,0,0,0,0,0,0
S(=O)(=O)([N-]c1ccc2NC(=O)Cc2c1)CCC(C)C,C71081887,,98.794968,1,0,0,0,0,1,0,0,0,0
S(=O)(=O)(N[C@H](C1CC1)c1ccccc1)c1c([O-])ccnc1,C71222188,,95.911789,1,0,0,0,0,0,0,0,0,0
O=C([O-])/C=C/c1sc(CNC(=O)[C@@H]2OCCCC2)cc1,C71323550,,98.620949,1,0,0,0,0,0,0,0,0,0
[O-]c1nc(CNCc2c(C)cccn2)nc2ccsc12,C71343899,,87.816849,1,0,0,0,0,1,0,0,0,0
P(=O)(O[C@@H]1[C@@]2(C)CC[C@H]3[C@@]4(C)CCC(=O)C=C4CC[C@H]3[C@@H]2CC1)([O-])[O-],C04025813,,98.926514,1,0,0,0,0,0,0,0,0,0
S(CC(=O)[O-])c1nc(SCC(=O)[O-])c2c(sc3CCCCc23)n1,C02180946,,99.080238,1,0,0,0,0,0,0,0,0,0
O=C([O-])c1c(OC)cc2CC[C@@H]3[C@H]4[C@@](C)(C(=O)CC4)CC[C@@H]3c2c1C(=O)[O-],C05881469,,98.921967,1,0,0,0,0,0,0,0,0,0
S=C1N(C2CCCCC2)C([O-])=C([C@H]2OC(=O)c3ccccc23)C([O-])=N1,C05596032,,99.407982,1,0,0,0,0,0,0,0,0,0
[S-]c1n(/N=C/c2c([O-])ccc3ccccc23)c(-c2ncccc2)nn1,C01249678,,56.304867,1,0,0,0,0,1,0,0,0,0
Fc1c([C@@H]2N(CCN(C)C)C(=O)C([O-])=C2C(=O)c2c([O-])cccc2)cccc1,C20309246,,85.626389,1,0,0,0,0,1,1,0,0,0
Fc1c(F)c(/C(/[O-])=N/c2scc(-c3ccc4oc([O-])nc4c3)n2)ccc1F,C31849768,,99.570297,1,0,0,0,0,0,0,0,0,0
Clc1sc(S(=O)(=O)[N-][C@H](C)c2cc([N-]S(=O)(=O)C)ccc2)cc1,C32916600,,94.094582,1,0,0,0,0,1,0,0,0,0
O=C1C(=C([O-])N(CC)c2ccccc12)C=1/C(=C/c2sccc2)/C([O-])=NN=1,C16162835,,58.93082,1,0,0,0,0,0,0,1,0,0
[S-]/C(/N1[C@]([O-])(C(F)(F)F)CC(c2ccccc2)=N1)=C/1\C(=O)C=CC=C\1,C05060472,,63.596432,1,0,0,0,0,0,0,0,0,0
S(=O)(=O)(CC)c1cc(N2C([S-])=Nc3ccccc3C2=O)c([O-])cc1,C05693118,,80.404922,1,0,0,0,0,1,0,0,0,0
O=C(O[C@@H]1CC[C@@]2(C)[C@@H]3CC[C@@](C)(C(=O)[O-])[C@H](CCC(=O)[O-])[C@@H]3CC=C2C1)C,C37629397,,97.884003,1,0,0,0,0,0,0,0,0,0
Clc1sc([C@@H]([N-]S(=O)(=O)N2CCC(C(=O)[O-])CC2)C)cc1,C37657019,,94.030556,1,0,0,0,0,1,0,0,0,0
S(C/C(/[O-])=N/c1sccn1)c1nc([O-])cc(C(F)(F)F)n1,C05155093,,76.735199,1,0,0,0,0,0,0,0,0,0
S=C1S/C(=C\c2ccc(OC/C(/[O-])=N/c3sccn3)cc2)/C([O-])=N1,C39793868,,98.477875,1,0,0,0,0,1,0,0,0,0
FC(F)(F)c1ccc2c([O-])c(/C(/[O-])=N/c3sc(CC(C)C)nn3)cnc2c1,C41055909,,97.273918,1,0,0,0,0,1,0,0,0,0
O(C/C=C/c1ccccc1)/C(/[O-])=C\1/[C@H](c2cocc2)C(C(=O)[O-])=C(C)N=C/1C,C28568148,,95.594681,1,0,0,0,0,0,0,0,0,0
O(C/C=C/c1ccccc1)/C(/[O-])=C\1/[C@H](c2cnccc2)C(C(=O)[O-])=C(C)N=C/1C,C28568139,,95.243073,1,0,0,0,0,0,0,0,0,0
Brc1cc(-c2nc(SCC(=O)N3CCCC3)[n-]n2)c([O-])cc1,C04723991,,92.069733,1,0,0,0,0,0,0,0,0,0
Clc1c([O-])c(Cl)cc(/C=C\2/C(=O)N(c3ccc(C)cc3)C(=O)N=C/2[O-])c1,C08742368,,98.293167,1,0,0,0,0,0,0,0,0,0
S(=O)(=O)([N-]c1c(C)cc([N-]S(=O)(=O)c2cc(F)ccc2)cc1)CC,C55668562,,98.095627,1,0,0,0,0,1,0,0,0,0
[S-]C=1N([C@H](c2cc(OC)c(OC(C)C)cc2)N=C([O-])C=1C#N)c1ccccc1,C09012305,,96.860916,1,0,0,0,0,0,0,0,0,0
Brc1c([O-])ccc(/C=C\2/C(=O)N(c3ccccc3)C(=O)N=C/2[O-])c1,C06282400,,95.356339,1,0,0,0,0,0,0,0,0,0
Brc1c(S(=O)(=O)[N-][C@H]2[C@H](C#N)CCC2)cc(C(=O)[O-])s1,C61890108,,95.784576,1,0,0,0,0,0,0,0,0,0
S(CC)c1nc([O-])c2[C@@H](c3sccc3)/C(=C(/OC)\[O-])/C(C)=Nc2n1,C13147143,,74.689903,1,0,0,0,0,0,0,0,0,0
FC(F)(F)c1cc(N2C(=O)/C(=C\c3ccc([O-])cc3)/C(=O)N=C2[O-])ccc1,C16994650,,51.91848,1,0,0,0,0,0,0,0,0,0
S(=O)(=O)([N-]c1c(C)ccc(/N=C/c2c([O-])c(OC)ccc2)c1)C,C64359784,,97.492577,1,0,0,0,0,1,0,0,0,0
Clc1c(/N=C(\[O-])/C(/C#N)=C(/[O-])\[C@H](OCC2CC2)C)c(Cl)ccc1,C64681821,,99.530815,1,0,0,0,0,0,0,0,0,0
Fc1c(F)ccc(N2C([O-])=C(/C(/[O-])=N/n3cnc4ccccc34)CC2)c1,C64786761,,54.610302,1,0,0,0,0,0,0,0,0,0
Brc1c(/N=C(\[O-])/C(/C#N)=C(\[O-])/c2nc(COC)sc2)cccc1,C65046862,,99.352669,1,0,0,0,0,0,0,0,0,0
Fc1ccc(/C(/C)=C\C(\[O-])=C(/C(/[O-])=N/c2cc(OC)ccc2)\C#N)cc1,C65650610,,98.243645,1,0,0,0,0,0,0,0,0,0
S(=O)(=O)(/N=C(\[O-])/C1=C([O-])N(c2cc(F)cc(F)c2)CC1)c1c(C)cccc1,C65763334,,58.588306,1,0,0,0,0,0,0,0,0,0
S(=O)(=O)(/N=C(\[O-])/C1=C([O-])N(c2cc(F)cc(F)c2)CC1)c1cc(C)ccc1,C66002695,,58.242836,1,0,0,0,0,0,0,0,0,0
Clc1ccc(N2C([O-])=C(/C(/[O-])=N/S(=O)(=O)c3cc(C)ccc3)CC2)cc1,C66002707,,58.10194,1,0,0,0,0,0,0,0,0,0
S(=O)(=O)(/N=C(\[O-])/C1=C([O-])N(c2ccc(F)cc2)CC1)/C=C\c1ccccc1,C66504060,,61.104416,1,0,0,0,0,0,0,0,0,0
Fc1c(F)ccc(N2C([O-])=C(/C(/[O-])=C(\C#N)/C(=O)N3CCCCC3)CC2)c1,C66505706,,98.932053,1,0,0,0,0,0,0,0,0,0
Fc1cc([C@@H]2[C@@H](/C(/[O-])=C(/C(/[O-])=N/c3cc(OC)c(OC)cc3)\C#N)C2)ccc1,C67798559,,98.510712,1,0,0,0,0,0,0,0,0,0
Clc1c(/N=C(\[O-])/C(/C#N)=C(/[O-])\[C@H](Oc2cc(C#N)ccc2)C)cccc1,C67893526,,99.667511,1,0,0,0,0,0,0,0,0,0
Clc1c(/N=C(\[O-])/C(/C#N)=C(\[O-])/[C@@H](OCC2CC2)C)c(Cl)ccc1,C68336511,,99.530815,1,0,0,0,0,0,0,0,0,0
Fc1c(F)ccc(N2C([O-])=C(/C(/[O-])=N/[C@@H](C#N)c3c(F)cc(F)cc3)CC2)c1,C68416151,,90.460434,1,0,0,0,0,0,0,0,0,0
Fc1c(/N=C(\[O-])/C(=C\c2cc(O[C@@H](C)C(=O)[O-])ccc2)/C#N)cccc1,C69620905,,99.806458,1,0,0,0,0,0,0,0,0,0
[S-]C1=N[C@@H](c2ccc(OC)cc2)/C(=C(/[O-])\C(OCC)=O)/C(C(C)C)=N1,C69903165,,71.558182,1,0,0,0,0,0,0,0,0,0
Brc1sc([C@@H]2/C(=C(/[O-])\C(OC)=O)/C(C)=NC([S-])=N2)cc1,C08112206,,51.039783,1,0,0,0,0,1,0,0,0,0
Brc1c(/N=C(/OCC=C)\[O-])c(C(=O)[O-])cc(Br)c1,C71202854,,99.284859,1,0,0,0,0,0,0,0,1,0
Clc1ccc2OC3=C([O-])N(CCCCCC(=O)[O-])C(=S)N=C3c2c1,C71289392,,98.887062,1,0,0,0,0,0,0,0,1,0
FC(F)(F)CC1=C([O-])n2nc(C)c(COc3ccccc3)c2N=C1[O-],C71475051,,99.487289,1,0,0,0,0,0,0,0,0,0
O=C([O-])CC[C@]1(C)[C@@H](C(=O)[O-])CC[C@H]2[C@H]1CC[C@]1(C)[C@@H](C(=O)C)CC[C@H]21,C71767520,,97.950912,1,0,0,0,0,0,0,0,0,0
Clc1c([O-])c(Cl)cc(/C=C\2/C(=O)N(c3ccc(F)cc3)C(=O)N=C/2[O-])c1,C13548668,,98.295044,1,0,0,0,0,0,0,0,0,0
S(CC(=O)[O-])C1=C(C#N)[C@@H](c2ccccc2)C2=C([O-])CC(C)(C)CC2=N1,C01248419,,99.569931,1,0,0,0,0,0,0,0,0,0
S(C)c1nc([O-])c2[C@@H](c3cnccc3)C3=C([O-])CC(C)(C)CC3=Nc2n1,C17968156,,56.534557,1,0,0,0,0,0,0,0,0,0
S(CC(=O)[O-])c1nc(SCC(=O)[O-])c2c([nH]c3CCCCc23)n1,C02286530,,96.43959,1,0,0,0,0,0,0,0,0,0
P(=O)([O-])([O-])c1c(OCC(=O)NCc2c(OC)cccc2)cccc1,C09476738,,98.725319,1,0,0,0,0,1,1,0,1,0
P(=O)([O-])([O-])c1c(OCC(=O)Nc2cc(OC)ccc2)cccc1,C09530991,,98.718849,1,0,0,0,0,1,1,0,1,0
O=[N+]([O-])c1cc(NC(=O)C2=C([O-])N(CCC)c3ccccc3C2=O)c([O-])cc1,C18122022,,69.963531,1,0,0,0,0,0,0,0,0,0
Brc1c([O-])c(OCC)cc(/C=C\2/C(=O)NC(=O)N=C/2[O-])c1,C06600012,,98.208069,1,0,0,0,0,0,0,0,0,0
Brc1c([O-])c(OC)cc(/C=C/C2=C([N+](=O)[O-])C(=O)NC([O-])=N2)c1,C04719477,,95.628036,1,0,0,0,0,0,0,0,0,0
Clc1c(O)c(OC)cc(/C=C/c2nc([O-])c([N+](=O)[O-])c([O-])n2)c1,C09010348,,74.503716,1,0,0,0,0,0,0,0,0,0
Brc1cc(/C=N/NC(=O)c2nnc([O-])cc2)c([O-])cc1,C00237834,,77.069611,1,0,0,0,0,0,0,0,1,0
O=C(NCC1CCC(C(=O)[O-])CC1)CC=1C(=O)Oc2cc(C)cc([O-])c2C=1C,C20412585,,61.024448,1,0,0,0,0,0,0,0,0,0
[S-]c1n(C/C(/[O-])=N/N2C(=O)C3(NC2=O)CCC(C)CC3)c(CCC)nn1,C24631369,,53.288181,1,0,0,0,0,1,0,0,0,0
O(CC(C)C)C(=O)Cc1c([O-])nc(C)nc1/C=C/C=1C(=O)NC([O-])=NC=1,C16853085,,97.298439,1,0,0,0,0,0,0,0,0,0
[S-]c1n(C/C(/[O-])=N/c2scc(-c3[nH]ccc3)n2)c(CCC)nn1,C29352785,,99.249924,1,0,0,0,0,1,0,0,0,0
O[C@@H]1[C@](OC)(C)[C@H](Oc2c(C)c([O-])cc(C)c2C(OC)=O)C([O-])=C(C)C1=O,C31160749,,71.181252,1,0,0,0,0,0,0,0,0,0
ClC=1C[C@@H](C(=O)Nc2c([O-])cc([N+](=O)[O-])cc2)[C@H](C(=O)[O-])CC=1,C32604563,,85.610252,1,0,0,0,0,0,0,0,1,0
S(=O)(=O)([N-]c1c(OC)ccc(NC(=O)[C@H]2[C@@H](C(=O)[O-])CC=CC2)c1)C,C32772008,,96.925163,1,0,0,0,0,1,0,1,1,0
S=C1N(C[C@@H](O)COc2ccc(CC)cc2)C2=C([O-])N=C([O-])N(C)C2=N1,C13739389,,99.995438,1,0,0,0,0,1,1,0,0,0
[S-]C=1N[C@@H](c2cc(OC)c([O-])c([N+](=O)[O-])c2)C(C(OC)=O)=C(C)N=1,C36623609,,92.990585,1,0,0,0,0,0,0,0,0,0
Fc1ccc(-c2c(/C=C\3/C(=O)N=C([NH-])S/3)cn(CCC(=O)[O-])n2)cc1,C08829969,,98.447258,1,0,0,0,0,0,0,0,0,0
Clc1ccc([C@@H]2N3[N-]C(NC(=O)CCCC(=O)[O-])=NC3=NC(C)=C2)cc1,C13122841,,82.610863,1,0,0,0,0,0,1,0,0,0
[S-]c1n(C)c(-c2c(C)nc(/N=C(\[O-])/CNC(=O)C3CCCC3)s2)nn1,C48137299,,98.539085,1,0,0,0,0,1,0,0,0,0
O=C(NC1=C(C(=O)[O-])CCCC1)[C@H](C)Cc1onc(-c2ncc([O-])cc2)n1,C34853412,,80.614197,1,0,0,0,0,0,0,0,0,0
Clc1ccc(OC[C@@H](O)CN2C(=S)N=C3N(C)C([O-])=NC([O-])=C23)cc1,C05521376,,99.995438,1,0,0,0,0,0,0,0,0,0
O=C([O-])CC[C@@H](Nc1ncnc2scc(-c3c(C)cc(C)cc3)c12)C(=O)[O-],C49754942,,64.444191,1,0,0,0,0,0,1,1,0,0
FC(F)(F)[C@@]1([O-])C(=O)N=C2N(CCc3c(OC)cccc3)C(=O)NC([O-])=C12,C05267219,,99.923683,1,0,0,0,0,0,0,0,0,0
Fc1ccc([N-]C2=N[C@H](c3cnccc3)N3C([O-])=CC(=C)NC3=N2)cc1,C54473742,,28.458727,1,0,0,0,0,0,0,0,0,0
S(=O)(=O)([N-]c1c(OC)cc(NC(=O)[C@H]2[C@H](C(=O)[O-])CC=CC2)cc1)CC,C55151152,,97.718109,1,0,0,0,0,1,0,0,0,0
S=C1NC([O-])=C2[C@@H](c3cc([N+](=O)[O-])ccc3)/C(=C(\OC)/[O-])/C(C)=NC2=N1,C04649831,,99.854927,1,0,0,0,0,0,0,0,0,0
S(=O)(=O)([N-]NC(=O)c1c([O-])c(OC)ccc1)c1ccc2OCCc2c1,C57120713,,51.084663,1,0,0,0,0,0,1,1,0,0
Fc1c(F)ccc([C@H]2/C(=C(\OCC=C)/[O-])/C(C)=NC3=NC(=O)NC([O-])=C23)c1,C57531406,,99.998741,1,0,0,0,0,0,0,0,0,0
S(CCC)c1nnc(N/N=C/c2c([O-])ccc([N+](=O)[O-])c2)[n-]1,C35539829,,66.332962,1,0,0,0,0,0,0,0,0,0
S(=O)(=O)([N-]c1cccc2NC(=O)COc12)c1ccc2nc([O-])oc2c1,C36125912,,95.109856,1,0,0,0,0,1,1,0,0,0
Clc1ccc(N2NC(C)=C3C=C(/C(/[O-])=N/c4nnn[n-]4)S[C@@H]23)cc1,C40009750,,88.700989,1,0,0,0,0,0,0,0,0,0
Fc1ccc(N2C([O-])=C(/C(/[O-])=N/c3[nH]nc(-c4ncccc4)n3)CC2)cc1,C65880106,,93.143822,1,0,0,0,0,1,0,0,0,0
S(=O)(=O)([N-]NC(=O)CC1CCCCC1)c1cc([N+](=O)[O-])c([O-])cc1,C66589273,,92.946953,1,0,0,0,0,0,0,0,0,0
[S-]c1n(C(C)C)c(CNC(=O)c2c([O-])c3ccccc3nc2)nn1,C66640015,,99.219627,1,0,0,0,0,1,0,1,0,0
[S-]c1n(C(C)C)c(CNC(=O)c2c([O-])cc(-n3cccc3)cc2)nn1,C66640819,,60.276737,1,0,0,0,0,1,0,1,0,0
S=C1N[C@H](c2cc(OCCC(=O)[O-])ccc2)/C(=C(/[O-])\C)/C(C(OC)=O)=N1,C67028990,,99.435913,1,0,0,0,0,0,0,0,0,0
S=C1N[C@H](c2cc(O[C@@H](C)C(=O)[O-])ccc2)/C(=C(/[O-])\C)/C(C(OC)=O)=N1,C67029090,,99.81311,1,0,0,0,0,0,0,0,0,0
S=C1N[C@H](c2cc(O[C@H](C)C(=O)[O-])ccc2)/C(=C(\OCC)/[O-])/C(C)=N1,C67028492,,99.813545,1,0,0,0,0,0,0,0,0,0
S=C1N[C@@H](c2cc(O[C@H](C)C(=O)[O-])ccc2)/C(=C(\OC(C)C)/[O-])/C(C)=N1,C67029186,,99.813545,1,0,0,0,0,0,0,0,0,0
[S-]c1n(C)c(CCNC(=O)c2c([O-])nc3CC(C)(C)CC(=O)c3c2)nn1,C67119031,,92.864754,1,0,0,0,0,1,0,1,0,0
[S-]c1n(C(C)C)c(CCNC(=O)c2cc([O-])c([N+](=O)[O-])cc2)nn1,C67119097,,89.535896,1,0,0,0,0,1,1,1,0,0
[S-]c1n(C/C(/[O-])=N/c2[nH]nc(-c3ccc(C)cc3)n2)c(CCC)nn1,C28856141,,97.658722,1,0,0,0,0,1,1,0,0,0
S(=O)(=O)([N-]NC(=O)CSc1nc([O-])cc(C)n1)c1ccccc1,C15777321,,98.08786,1,0,0,0,0,1,0,0,0,0
S(=O)(=O)([NH-])N1CCc2ccc(/N=C(\[O-])/[C@@H]3N(CCC)CCCC3)cc12,C69459083,,94.469048,1,0,0,0,0,1,0,0,0,0
S(=O)(=O)([N-]c1ccc2NC(=O)[C@H](C)c2c1)c1ccc2nc([O-])oc2c1,C49741493,,97.588203,1,0,0,0,0,1,1,0,0,0
OC=1C(CCCOc2ccccc2)=C([O-])n2nc(C)c(C(=O)[O-])c2N=1,C71474785,,91.42421,1,0,0,0,0,0,0,0,0,0
O(C)c1c(OC)ccc(N/N=C/2\C([O-])=NN=C\2c2c([O-])cccc2)c1,C71472506,,54.037403,1,0,0,0,0,0,0,0,0,0
O(CC)C(=O)c1c(N/C=C/2\C(=O)N=C([O-])N=C\2[O-])sc2CCCCCc12,C09088490,,99.918053,1,0,0,0,0,0,0,0,0,0
S(=O)(=O)([N-]c1cccc2n[nH]cc12)c1cc([N+](=O)[O-])c([O-])cc1,C72027179,,89.377235,1,0,0,0,0,1,1,0,0,0
S(=O)(=O)([N-]c1c(Nc2ccc3ncccc3c2)nc2ccccc2n1)c1ccccc1,C06101589,,86.21859,1,0,0,0,0,0,0,0,0,0
Fc1ccc(-c2[nH]nc3nc(-c4cc(OC)c(OCC)cc4)cc(C(=O)[O-])c23)cc1,C06749003,,96.380623,1,0,0,0,0,0,0,0,0,0
O=C([O-])CC1(CNC(=O)CC=2C(=O)Oc3c(C)c4oc(C)c(C)c4cc3C=2C)CCCCC1,C08880003,,99.106636,1,0,0,0,0,1,0,0,0,0
Fc1c(C(=O)N[C@H](C(C)C)C2=Nc3n(C([O-])=C2)nc(-c2cnccc2)c3)cccc1,C19445507,,99.294861,1,0,0,0,0,0,0,0,0,0
Clc1cc(NC(=O)[C@H]2SC([N-]/N=C/c3ccc(OC)cc3)=NC(=O)C2)c(C)cc1,C17015559,,94.703133,1,0,0,0,0,1,0,0,0,0
Clc1c(OCc2oc(C(=O)NN3C(=S)N=C4C=CC=CC4=C3[O-])cc2)c(C)ccc1,C02792766,,99.979103,1,0,0,0,0,0,0,0,0,0
O=[N+]([O-])c1cc([C@H]2Nc3c(C(=O)N(C)C4CCCCC4)cccc3[C@H]3[C@@H]2CC=C3)c([O-])cc1,C20709644,,70.721031,1,0,0,0,0,0,0,0,0,0
[S-]c1nc(-c2cc(OC)c(O)c(OC)c2)nc2Oc3c(OC)cccc3Cc12,C21158386,,47.365643,1,0,0,0,0,0,0,0,0,0
O=C1N(C/C(/[O-])=N/c2sc(C)c(-c3ccc(CCC)cc3)n2)C(=O)N[C@]21[C@H](C)CCCC2,C21336446,,99.999763,1,0,0,0,0,0,0,0,0,0
FC(F)(F)Oc1ccc(Cc2sc(NC(=O)c3nnc([O-])cc3)nc2)cc1,C24865929,,80.287834,1,0,0,0,0,0,0,0,0,0
[S-]c1n(CC=C)c(-c2c(C)nc(NC(=O)c3cc(OC)c(C)cc3)s2)nn1,C24969971,,98.439217,1,0,0,0,0,0,0,0,0,0
O=C(Nc1ccc(OC)cc1)C[C@]12C(=O)Oc3ccccc3[C@H]1c1sc([O-])nc1SC2,C28295098,,90.084938,1,0,0,0,0,0,0,0,0,0
Clc1c(CN2C(=O)/C(=N\Nc3nc([O-])cc(C)n3)/c3ccccc23)ccc(Cl)c1,C20615720,,43.344372,1,0,0,0,0,0,0,0,0,0
S=C1SC(C(=O)NCCCCC)=C2N=C([O-])c3cc4OCOc4cc3N12,C33251523,,99.99987,1,0,0,0,0,0,0,0,0,0
S(CC(=O)Nc1c(C#N)c2CC[C@H](C(C)(C)C)Cc2s1)c1nc(-c2ccncc2)n[n-]1,C02264873,,96.440521,1,0,0,0,0,0,0,0,0,0
S(Cc1ccccc1)c1nc([O-])c2[C@H](c3c(OC)ccc(OC)c3)CC(=O)Nc2n1,C13567271,,54.022118,1,0,0,0,0,1,0,0,0,0
S(Cc1cc(F)ccc1)c1nc([O-])c2[C@H](c3cc(OC)c(OC)cc3)CC(=O)Nc2n1,C13567375,,54.167965,1,0,0,0,0,1,0,0,0,0
O=C(Nc1ccccc1)COc1ccc(/C=C(\C#N)/c2nc([O-])c3ccccc3n2)cc1,C34988221,,84.371994,1,0,0,0,0,1,0,0,0,0
[O-]/C(=N\c1c(C#N)c2CCCCCc2s1)/[C@@H]([NH+](C)Cc1nc([O-])c2ccccc2n1)C,C12567555,,72.665382,1,0,0,0,0,0,0,0,0,0
O(Cc1ccccc1)c1c([C@H]2CC(=O)NC=3n4c5ccccc5nc4N=C([O-])C2=3)cccc1,C12322782,,48.168003,1,0,0,0,0,0,0,0,0,0
Brc1c([O-])c(/C=N/NC(=O)C23C[C@H]4CC[C@@H](C2)CC(C3)C4)cc([N+](=O)[O-])c1,C13647098,,92.221115,1,0,0,0,0,0,0,0,0,0
Clc1c(Cl)ccc(NC(=O)CN(C)C(=O)CCc2c(C)c(C#N)c([O-])nc2C)c1,C13095882,,94.629456,1,0,0,0,0,0,0,0,0,0
O(C)c1c(OC)ccc([C@@H]2SCC(=O)Nc3n(C4CCCCCC4)nc([O-])c23)c1,C06847545,,69.562157,1,0,0,0,0,0,0,0,0,0
FC(F)(F)[C@@H]1N2NC=C(/C(/[O-])=N/c3c(C#N)c(CC)c(C)s3)C2=N[C@H](c2occc2)C1,C09130395,,98.525742,1,0,0,0,0,0,0,0,0,0
S(Cc1ccccc1)C1=NC=2N([C@@H](c3cc(OC)c(O)cc3)C=3C(=O)CCCC=3N=2)[N-]1,C17098959,,70.221855,1,0,0,0,0,1,0,0,0,0
S(Cc1ccccc1)C1=NC=2N([C@@H](c3cnccc3)C(C(=O)Nc3ccccc3)=C(C)N=2)[N-]1,C09781168,,81.40667,1,0,0,0,0,0,0,0,0,0
O=C(Nc1n(-c2nc([O-])c3CCCc3n2)nc(C)c1)C1CCC(CCCC)CC1,C07422428,,98.567833,1,0,0,0,0,0,0,0,0,0
Clc1ccc(-c2nn(C)c(NC(=O)CSc3nc(-c4ccc(C)cc4)n[n-]3)c2)cc1,C09951054,,99.049683,1,0,0,0,0,1,0,0,0,0
Clc1c(C)cc([O-])c(C2=NN=C3C(=O)N(CCCOC)[C@H](c4cc(O)ccc4)[C@@H]23)c1,C09243550,,88.093864,1,0,0,0,0,1,0,0,0,0
S(C)c1c(CC(=O)Nc2n(-c3nc([O-])cc(C(C)C)n3)nc(C)c2)cccc1,C09017867,,98.606216,1,0,0,0,0,0,0,0,0,0
FC(F)(F)c1ccc(CC(=O)Nc2n(-c3nc([O-])cc(C(C)(C)C)n3)nc(C)c2)cc1,C09017955,,98.546692,1,0,0,0,0,0,0,0,0,0
Clc1c(Cl)ccc(N2[C@@H](CSc3ncnc4nc[n-]c34)Nc3ccccc3C2=O)c1,C39962420,,90.217834,1,0,0,0,0,1,0,0,0,0
FC(F)(F)Oc1ccc(Cc2sc(NC(=O)c3ccc4nn[n-]c4c3)nc2)cc1,C40050561,,63.140724,1,0,0,0,0,1,0,0,0,0
O(C)c1c(OC)ccc([C@@H]2N(CCC)C(=O)c3n[nH]c(-c4c([O-])c(C)cc(C)c4)c23)c1,C39911783,,90.91597,1,0,0,0,0,1,0,0,0,0
Clc1ccc2O[C@@](C)(/C(/[O-])=N/c3c(C(OC)=O)c4CCCCc4s3)C(=O)Nc2c1,C41548888,,99.994202,1,0,0,0,0,0,0,0,0,0
S([C@@H](CC)/C(/[O-])=N/c1sc(C(C)C)nn1)C=1NC(=O)C=2CCCCC=2N=1,C41628417,,98.675087,1,0,0,0,0,0,0,0,0,0
S(CC(=O)Nc1cc(C)ccc1)C=1n2nc(-c3ccc(F)cc3)cc2C([O-])=NN=1,C45925485,,99.59861,1,0,0,0,0,1,0,0,0,0
O=C1N(Cc2ccc(-c3c(-c4[nH]nnn4)cccc3)cc2)C=2S[C@H](CC)CC=2C([O-])=C1,C52542060,,58.54726,1,0,0,0,0,0,0,0,1,0
Brc1ccc(C(=O)C[C@H]2C(=O)N/C(=N\N=C\3/C([O-])=Nc4ccccc/34)/S2)cc1,C16737625,,82.982101,1,0,0,0,0,0,0,0,0,0
O=C(N/C(=N/C(=O)c1ccc(C)cc1)/[N-]c1nc(C)c2ccccc2n1)c1ccc(C)cc1,C58899722,,73.578735,1,0,0,0,0,0,0,0,0,0
O=C(Nc1ccc2nc([O-])oc2c1)[C@@H](C1CCCC1)c1ccc2OCCOc2c1,C62220505,,99.309761,1,0,0,0,0,0,1,0,0,0
O(CCc1ccccc1)c1ccc([C@@H]2CC(=O)N[C@H]3n4c5ccccc5nc4N=C([O-])[C@H]23)cc1,C39952968,,52.183922,1,0,0,0,0,0,0,0,0,0
S(=O)(=O)([N-]c1c(C)cc(C)cc1C)c1c(C)ccc(-c2c(NC(=O)C)onc2CC)c1,C65116335,,96.740662,1,0,0,0,0,0,0,0,0,0
Clc1c(F)ccc([C@H](NC(=O)/C(/[O-])=N/c2cc([N+](=O)[O-])c(CC)cc2)C)c1,C67433312,,99.981865,1,0,0,0,0,0,0,0,0,0
O=C(N[C@@H](C)c1ccc2OCOc2c1)/C(/[O-])=N/c1c(OC2CCCC2)cccc1,C70863533,,99.980347,1,0,0,0,0,0,0,0,0,0
O(C)c1ccc(/C(/[O-])=N/C=2NC=3N([C@@H](c4ccccc4)C=C(c4ccccc4)N=3)N=2)cc1,C01790350,,70.784622,1,0,0,0,0,0,0,0,0,0
O(C)c1c(N2C(=O)/C(=C/c3c(-c4ccccc4)[nH]c4ccccc34)/C(=O)N=C2[O-])cccc1,C02370616,,99.988792,1,0,0,0,0,0,0,0,0,0
Clc1c(-c2nc(/N=C(\[O-])/c3nn(-c4cc(F)c(F)cc4)c4CCCc34)[nH]n2)cccc1,C71958252,,97.559349,1,0,0,0,0,0,0,0,0,0
S(=O)(=O)([N-]c1ccc2nc([C@H]3OCCC3)[nH]c2c1)c1cc(OC(F)(F)F)ccc1,C72035793,,44.178642,1,0,0,0,0,1,0,0,0,0
Brc1cc([C@@H]2[C@@H](/C(/[O-])=N/c3[nH]nc(-c4c(OC)cc(OC)cc4)n3)C2)ccc1,C72057806,,97.330391,1,0,0,0,0,0,0,0,0,0
S(=O)(=O)([N-]c1ccc2c[nH]nc2c1)C=1CCc2ccccc2C=1,C12556885,,96.55368,1,0,0,0,0,1,0,0,0,0
Clc1c(/C=C(\Sc2[nH]nc(C)n2)/C(=O)[O-])ccc(Cl)c1,C17209249,,99.108887,1,0,0,0,0,0,0,0,0,0
Oc1cc([O-])c(/C=N\N2CCN(Cc3ccccc3)CC2)cc1,C16479869,,73.892342,1,0,0,0,0,0,0,0,0,0
O(C)C(=O)C=1C(=O)/C(=C/c2c([O-])ccc3ccccc23)/NC=1C,C18141618,,81.387688,1,0,0,0,0,0,0,1,0,0
O=C(c1ccc(C)cc1)C=1[C@@H](c2cc(OC)ccc2)NC(=O)C=1[O-],C09110357,,98.708321,1,0,0,0,0,0,0,0,0,0
O=C(Nc1c(C(=O)[O-])c(C)c(C)s1)CN1C[C@H](C)C[C@H](C)C1,C20341872,,66.487404,1,0,0,0,0,1,0,0,0,0
S=C1NC([O-])=C2C(C)=C(C(OCC(C)C)=O)SC2=N1,C20371033,,99.816864,1,0,0,0,0,1,0,0,0,0
Clc1cc([N-]S(=O)(=O)N2C[C@@H](C)CCC2)c(O)cc1,C20375295,,90.362305,1,0,0,0,0,1,0,0,0,0
[O-]c1c([C@@H](Nc2nc(C)ccc2)c2occc2)ccc2cccnc12,C27644884,,34.84668,1,0,0,0,0,0,0,0,0,0
S(=O)(=O)([N-]/N=C\c1[nH]ccc1)c1ccc2ccccc2c1,C32575643,,100,1,0,0,0,0,1,0,0,0,0
[O-]/C(=N\c1sc(CC)nn1)/c1cccc2c1[nH]c1CCCCc21,C32795995,,97.144936,1,0,0,0,0,0,0,0,0,0
S=C1SC(C(=O)NCC=C)=C2N=C([O-])c3cc(C)ccc3N12,C33251569,,99.999847,1,0,0,0,0,0,0,0,0,0
O[C@H](C)c1ccc(OCc2nc([O-])c3sccc3n2)cc1,C35626086,,98.165962,1,0,0,0,0,1,0,0,0,0
Clc1ccc(OC/C(/[O-])=N/c2sc(C#CCO)cn2)cc1,C37548227,,100,1,0,0,0,0,1,0,0,0,0
O=C(NC[C@H]1OCCc2ccccc12)c1c([O-])cc(OC)cc1,C00082496,,63.14053,1,0,0,0,0,1,0,0,0,0
O=C(NC[C@@H]1OCCc2ccccc12)c1c([O-])cc(OC)cc1,C00082493,,63.14053,1,0,0,0,0,1,0,0,0,0
S(=O)(=O)(N[C@@H]1[C@@]2(C)C(C)(C)[C@@H](C1)CC2)c1c(C)nc([O-])s1,C37859188,,95.025108,1,0,0,0,0,0,0,0,0,0
S(=O)(=O)([N-]c1c(O)cccc1C)Cc1c(C#N)cccc1,C38052640,,93.373825,1,0,0,0,0,1,0,0,0,0
S([C@H](C)C(=O)NC1CC1)c1nc(-c2ccc(C)cc2)n[n-]1,C05211034,,99.615608,1,0,0,0,0,1,0,0,0,0
Clc1c(O)ccc(/C(/[O-])=N/c2sc(CCC)nn2)c1,C26831660,,81.395378,1,0,0,0,0,0,0,0,0,0
O=C(NC[C@H]1[C@@H](C)CCCC1)N(CC(=O)[O-])C1CCCC1,C42870523,,99.764572,1,0,0,0,0,0,0,0,0,0
[O-]/C(=N\c1sc(C)cn1)/c1nc(NC2CCCC2)sc1,C44893680,,99.988213,1,0,0,0,0,0,0,0,0,0
O=C(/C(/C#N)=C(/[O-])\c1c(C)[nH]c2ccccc12)c1cocc1,C47361256,,93.448708,1,0,0,0,0,0,0,0,0,0
O=C(NC1CCC(C(=O)[O-])CC1)N(C)[C@H]1C[C@@H](C)CCC1,C49016277,,98.984421,1,0,0,0,0,0,0,0,0,0
S(CC(=O)Nc1c(F)cc(F)cc1)c1nc2ncccc2[n-]1,C00129398,,63.243938,1,0,0,0,0,0,0,0,0,0
O=C(Nc1nc(-c2sc(C)cc2)n[n-]1)Cc1c(C)cccc1,C50007182,,98.330948,1,0,0,0,0,0,0,0,0,0
S(=O)(=O)([NH-])c1n(-c2c(C)cccc2)nc(C(C)(C)C)c1,C52306977,,99.992996,1,0,0,0,0,1,0,0,0,0
Oc1c(OC)ccc(/C=C(/C#N)\c2nc3cc(C)ccc3[n-]2)c1,C36089901,,44.505062,1,0,0,0,0,0,0,0,0,0
O(C)c1ccc([C@@H]2NN=C(C=3C(=O)c4ccccc4C=3[O-])C2)cc1,C00249507,,92.773399,1,0,0,0,0,0,0,0,0,0
Oc1c(OC)cccc1/C=C(\C#N)/c1nc2ccc(C)cc2[n-]1,C04978975,,41.212299,1,0,0,0,0,0,0,0,0,0
Clc1c(Cl)cc2NC(C)(C)C(=O)N(CCC(=O)[O-])c2c1,C57933783,,99.403984,1,0,0,0,0,0,0,0,0,0
Fc1c(C)cc(NC(=O)N2C[C@H](CC(=O)[O-])CCC2)cc1,C61121609,,99.101326,1,0,0,0,0,1,0,0,1,0
O=C(NC1CCC(C)CC1)N1C[C@](CC)(C(=O)[O-])CCC1,C62873077,,99.265289,1,0,0,0,0,0,0,0,0,0
O=C(N[C@H]1C[C@@H](C)CCC1)N1C[C@](CC)(C(=O)[O-])CCC1,C62873696,,99.265297,1,0,0,0,0,0,0,0,0,0
O=C(NC1CCC(CC)CC1)N1C[C@](C)(C(=O)[O-])CCC1,C62875134,,99.253937,1,0,0,0,0,0,0,0,0,0
O=C(NC[C@H]1CCC=CC1)N1C[C@@](CCC)(C(=O)[O-])CC1,C62934885,,99.336052,1,0,0,0,0,0,0,0,0,0
Fc1c(C)cc(NC(=O)N2C[C@](CC)(C(=O)[O-])CC2)cc1,C62935701,,99.343803,1,0,0,0,0,1,0,0,1,0
O=C(N[C@@H]1C[C@H](C(=O)[O-])CCC1)N1CCC(C)(CC)CC1,C62960248,,99.049812,1,0,0,0,0,0,0,0,0,0
S(CC(=O)Nc1cc(C)cc(C)c1)c1c(C)cnc([O-])n1,C09808867,,40.70602,1,0,0,0,0,1,0,0,0,0
O=C(/C(/[O-])=N/c1c(C)ccc(C#N)c1)c1c(C)[nH]c2ccccc12,C64070615,,99.988632,1,0,0,0,0,0,0,0,0,0
S(C)c1ncc(/N=C(\[O-])/C(=O)N[C@H]2[C@H](C)[C@@H](C)CCC2)cc1,C66206491,,98.866699,1,0,0,0,0,0,0,0,0,0
S(=O)(=O)([N-]c1ccc(C)c2c[nH]nc12)C1CCCCC1,C66584053,,89.510117,1,0,0,0,0,1,0,0,0,0
Fc1c([C@](NC(=O)OC(C)(C)C)(C)C(=O)[O-])ccc(F)c1,C69549958,,99.870598,1,0,0,0,0,0,0,0,1,0
O=C(OC(C)(C)C)N[C@@H](C(=O)[O-])c1c(C)cc(C)cc1C,C69550299,,99.855125,1,0,0,0,0,0,0,0,0,0
O=C(N[C@H](C)C1CCCC1)N1C[C@](CC)(C(=O)[O-])CCC1,C70308742,,99.265251,1,0,0,0,0,0,0,0,0,0
S(=O)(=O)([N-]c1cc(O)c(C)cc1)Cc1ccc(C#N)cc1,C70332899,,96.800125,1,0,0,0,0,1,0,0,0,0
O=C(N[C@H]1C[C@@H](C(=O)[O-])CCC1)N(C)[C@@H]1C[C@H](C)CCC1,C70572469,,99.049759,1,0,0,0,0,0,0,0,0,0
O=C(N[C@H]1[C@@H](C(C)(C)C)CCCC1)/C(/[O-])=N/c1cnccc1,C70953363,,99.430565,1,0,0,0,0,0,0,0,0,0
Clc1sc(CNC(=O)N2[C@H](CC(=O)[O-])CCCC2)cc1,C71319934,,99.331848,1,0,0,0,0,1,0,0,1,0
Clc1c(C)cc(OC)c(C=2NC(=O)C=C(C(=O)[O-])C=2)c1,C71649694,,96.836594,1,1,0,0,0,0,1,0,0,0
Fc1ccc([C@@H]2C(C(=O)c3ccc(OC)cc3)=C([O-])C(=O)N2)cc1,C16976570,,98.520103,1,0,0,0,0,0,0,0,0,0
Fc1ccc([C@H]2C(C(=O)c3ccc(OC)cc3)=C([O-])C(=O)N2)cc1,C16976576,,98.520103,1,0,0,0,0,0,0,0,0,0
O=C(NC1CCCCCCC1)Cc1c([O-])nc(C)nc1C,C19937519,,98.934059,1,0,0,0,0,1,0,0,0,0
O=C([O-])CCC=1NC(=O)c2c(sc3C[C@H](CC)CCc23)N=1,C20594647,,94.645905,1,0,0,0,0,1,0,0,0,0
O=C(NC)c1c(C)c(/N=C/c2c([O-])c(OC)ccc2)ccc1,C32074723,,98.704582,1,0,0,0,0,1,0,0,0,0
S(=O)(=O)([N-]c1c(C)[nH]nc1C)c1cc(C(F)(F)F)ccc1,C36736238,,99.947784,1,0,0,0,0,1,0,0,0,0
Clc1cc(Cl)cc(S(=O)(=O)[N-]c2c(C)[nH]nc2C)c1,C36736357,,99.947853,1,0,0,0,0,1,0,0,0,0
O(CC)c1ccc(NCc2nc([O-])c3sccc3n2)cc1,C37328638,,98.297729,1,0,0,0,0,1,0,0,0,0
O=C([O-])[C@H]1[C@@H](C(=O)Nc2c(C#N)c3CCCCCc3s2)C1,C37517988,,99.452423,1,0,0,0,0,1,0,0,1,0
O=C([O-])[C@H](NC(=O)N1[C@@H](CC)CCCC1)C1CCCCC1,C40561762,,99.741974,1,0,0,0,0,0,0,0,0,0
Clc1cc(NC(=O)[C@H](Sc2nc(C)n[n-]2)C)c(F)cc1,C42605257,,99.560059,1,0,0,0,0,1,0,0,0,0
Clc1c([O-])ccc(CNc2c(-n3nccc3)nccc2)c1,C43479560,,75.750633,1,0,0,0,0,0,0,0,0,0
O=C([O-])CC[C@@H]1CN(C(=O)N[C@@H]2C[C@H](C)CCC2)CCC1,C43587065,,98.979118,1,0,0,0,0,0,0,0,0,0
Brc1sc([C@H](N[C@@H](C)c2nnn[n-]2)C)cc1,C44926579,,85.118042,1,0,0,0,0,0,0,0,0,0
Brc1cc(NC(=O)CSc2ncn[n-]2)c(C)cc1,C48794375,,99.525734,1,0,0,0,0,1,0,0,0,0
O=C(Nc1sc2CCCc2n1)C[C@](C)(C(C)C)C(=O)[O-],C49543609,,99.253326,1,0,0,0,0,1,0,0,1,0
Brc1sc(/N=C(\[O-])/c2nc(NCC)ccc2)nc1,C51070982,,98.888931,1,0,0,0,0,0,0,0,0,0
Clc1cc(-n2c(S(=O)(=O)[NH-])cc(C(F)(F)F)n2)ccc1,C52305882,,99.997215,1,0,0,0,0,1,0,0,0,0
Clc1cc(Cl)c2nc(CC(=O)NCC=C)nc([O-])c2c1,C53855587,,51.49662,1,0,0,0,0,1,0,0,0,0
Clc1c([O-])ccc(C(=O)Nc2sc(C(C)C)nn2)c1,C24924451,,81.55275,1,0,0,0,0,0,0,0,0,0
S=C1NC(=O)/C(=C\c2cn(CCCC)c3ccccc23)/C([O-])=N1,C59219858,,99.11702,1,0,0,0,0,0,0,0,0,0
O=C([O-])C[C@@H]1CN(C(=O)N[C@H](C)c2cscc2)CCC1,C61370269,,99.096687,1,0,0,0,0,0,0,0,1,0
Brc1cnc2nc(CC(C)(C)CC(=O)[O-])[nH]c2c1,C61824672,,89.143463,1,0,0,0,0,0,0,0,1,0
O=C(N[C@H]1[C@@H](C#N)CCC1)CC1(C(=O)[O-])CCCCCC1,C61889941,,99.2313,1,0,0,0,0,0,0,0,0,0
O=C(NC[C@@H]1CCC=CC1)N1CCC(CC)(C(=O)[O-])CC1,C62847374,,99.105431,1,0,0,0,0,0,0,0,0,0
O=C(N[C@@H](C)c1cscc1)N1CCC(CC)(C(=O)[O-])CC1,C62847447,,99.105904,1,0,0,0,0,0,0,0,0,0
Clc1c(Cl)cc(C(=O)N2C[C@@](CC)(C(=O)[O-])CCC2)[nH]1,C62869721,,99.271942,1,0,0,0,0,1,0,0,1,0
Fc1cc(CNC(=O)N2C[C@](C)(C(=O)[O-])CCC2)ccc1,C62873493,,99.255478,1,0,0,0,0,0,0,0,1,0
Fc1c(NC(=O)N2C[C@@](CC)(C(=O)[O-])CC2)ccc(C)c1,C62924597,,99.346237,1,0,0,0,0,0,0,0,1,0
O=C(N[C@H](C)c1sc(C)cc1)N1C[C@@](C)(C(=O)[O-])CC1,C62933227,,99.322037,1,0,0,0,0,1,0,0,1,0
Fc1ccc([C@@H](NC(=O)N2C[C@@](C)(C(=O)[O-])CC2)C)cc1,C62933431,,99.322014,1,0,0,0,0,0,0,0,1,0
Clc1c(/N=C(\[O-])/C[NH+]2C[C@](C)(C(=O)[O-])CC2)cc(Cl)cc1,C62936599,,63.969395,1,0,0,0,0,1,0,0,1,0
O=C([O-])C[C@H]1CN(C(=O)NCC2CCC(C)CC2)CCC1,C63147808,,99.096375,1,0,0,0,0,0,0,0,0,0
S(=O)(=O)([N-]c1cccc2CC[C@H](C)Nc12)C[C@@H]1OCCC1,C63155822,,98.824959,1,0,0,0,0,1,0,0,0,0
O=C(NC(C)C)/C(/C#N)=C(\[O-])/c1nc(CC(C)C)sc1,C57332305,,97.737518,1,0,0,0,0,0,0,0,0,0
Brc1ccc(-c2c([O-])c(C(OCC)=O)n[nH]2)cc1,C66054661,,79.338982,1,0,0,0,0,0,0,0,0,0
O=C(NCC1(C)CCCC1)c1c([O-])nc(-c2ccncc2)cc1,C66442839,,73.272751,1,0,0,0,0,0,0,0,0,0
[S-]c1n(C)c(CNC(=O)C(C)(C)c2c(C)cccc2)nn1,C67050018,,99.224991,1,0,0,0,0,1,1,0,0,0
O=C(/N=C/1\NCC([O-])=N\1)CCCc1ccc(C(C)(C)C)cc1,C67155317,,66.596878,1,0,0,0,0,0,0,0,0,0
S=C1N(C)C([O-])=C2C=CC(C(=O)NC(C3CC3)C3CC3)=CC2=N1,C30651455,,99.986748,1,0,0,0,0,0,0,0,0,0
O=C([O-])C[C@@H]1CN(C(=O)N[C@@H]2C[C@H](C)[C@@H](C)CC2)CCC1,C68586829,,99.096352,1,0,0,0,0,0,0,0,0,0
Fc1c(N[C@H]2CS(=O)(=O)CCC2)c(F)cc(C(=O)[O-])c1,C69144942,,98.340866,1,0,0,0,0,0,0,0,0,0
Fc1c(/C(/[O-])=N/c2[nH]ncn2)ccc(-c2ccc(F)cc2)c1,C69742907,,97.593895,1,0,0,0,0,0,0,0,0,0
O=C(N[C@@H]1[C@@H](C)C[C@@H](C)CC1)N1C[C@@](CC)(C(=O)[O-])CC1,C70116201,,99.330681,1,0,0,0,0,0,0,0,0,0
S(=O)(=O)([N-]c1c(F)ccc(N[C@H]2CC(C)(C)OCC2)c1)C,C70354360,,96.435867,1,0,0,0,0,1,0,0,0,0
Clc1c([N-]S(=O)(=O)C)ccc(N[C@H]2C[C@@H](C)OCC2)c1,C70355926,,99.223198,1,0,0,0,0,1,0,0,0,0
Brc1cc(N[C@](C)(C(=O)[O-])c2nccnc2)ccc1,C70479885,,99.786201,1,0,0,0,0,1,1,1,1,0
S(=O)(=O)([N-]c1sc2CCCc2n1)c1ccc2CCNc2c1,C71101672,,57.818771,1,0,0,0,0,1,0,0,0,0
S(=O)(=O)(N[C@@H]1C[C@H]2C[C@@H]1[C@H]1CCC[C@H]21)c1c([O-])ccnc1,C71224313,,97.285782,1,0,0,0,0,0,0,0,0,0
Clc1cc(C)c(OC)c(-c2c(CCC(=O)[O-])c[nH]n2)c1,C71650462,,75.189995,1,1,0,0,0,0,0,0,0,0
O=C(Nc1scc(C(C)C)n1)Cc1c([O-])nc(C)nc1C,C31228268,,98.964645,1,0,0,0,0,0,0,0,0,0
O(C)c1c(OC)cc([C@@H]2NC(=O)C3([N-]2)CCCC3)cc1OC,C35015722,,97.349113,1,0,0,0,0,1,0,0,0,0
[S-]c1n(NCc2n(C)ccc2)c(-c2ccncc2)nn1,C07601998,,86.052452,1,0,0,0,0,1,0,1,0,0
S(=O)(=O)([N-]c1ccc2NCCc2c1)N1C[C@H](C)O[C@@H](C)C1,C36288322,,99.014351,1,0,0,0,0,1,0,0,0,0
S(=O)(=O)([N-]c1c(C#N)c(F)ccc1)C1=CNC(=O)C=C1,C36829215,,75.58741,1,0,0,0,0,1,0,0,0,0
S(=O)(=O)(Nc1c(C#N)c2CC[C@@H](C)Cc2s1)CC(=O)[O-],C37464953,,61.588127,1,0,0,0,0,0,0,0,0,0
S(=O)(=O)([N-]c1sc(C#CCO)cn1)N1[C@H](C)CCCC1,C37552353,,65.804199,1,0,0,0,0,0,0,0,1,0
S(=O)(=O)([N-]c1noc(C)c1)c1c(C#CCO)cc(C)cc1,C37577510,,95.377304,1,0,0,0,0,0,0,0,0,0
S(=O)(=O)([N-]c1cn(C)nc1)c1c(C)ccc(C#CCO)c1,C37578221,,99.907021,1,0,0,0,0,1,0,0,0,0
S(=O)(=O)([N-][C@@H](C)c1ccc(C#N)cc1)C1=CNC(=O)C=C1,C37748988,,92.122757,1,0,0,0,0,0,0,0,0,0
S(CC(=O)Nc1c([O-])cccn1)c1ccc2OCCOc2c1,C22262147,,84.293304,1,0,0,0,0,1,0,0,0,0
Fc1cc(/C=C/C(=O)Nc2cn(CC(=O)[O-])nc2)ccc1,C38030094,,99.724037,1,0,0,0,0,0,0,0,0,0
[S-]/C(/N/N=C/c1cnccc1)=N\N=C\c1cnccc1,C01604666,,98.466995,1,0,0,0,0,0,0,0,0,0
[S-]/C(/N/N=C/c1ncccc1)=N/N=C/c1ncccc1,C01728517,,86.165276,1,0,0,0,0,0,0,0,0,0
O=C([O-])CCN1CCN(C(=O)NC2CCC(C)CC2)CC1,C40547811,,91.496758,1,0,0,0,0,0,0,0,0,0
S(=O)(=O)(N(C)c1c(OC)ccc(-c2nc([NH-])sc2)c1)C,C41565651,,100,1,0,0,0,0,0,0,0,0,0
O=C([O-])[C@H](NC(=O)N1CCO[C@H]2CCCC[C@H]12)C(C)(C)C,C43428719,,99.740692,1,0,0,0,0,0,0,0,0,0
O=C([O-])CC[C@@H]1CN(C(=O)NC2CCOCC2)CCC1,C43587279,,98.979225,1,0,0,0,0,0,0,0,0,0
O=C(N[C@@H]1[C@H](C)[C@@H](C)CCC1)CN1C[C@@H](C(=O)[O-])OCC1,C43704551,,98.059814,1,0,0,0,0,0,0,0,0,0
Clc1nccc(C(=O)Nc2nc(C(F)(F)F)[n-]n2)c1,C43751384,,88.141609,1,0,0,0,0,0,0,0,0,0
FC(F)(F)c1cc(C(=O)N[C@@H](C)c2nnn[n-]2)ccc1,C44344380,,92.706841,1,0,0,0,0,1,0,0,0,0
Clc1c(C(=O)N[C@@H](C)c2nnn[n-]2)cc(SC)cc1,C44345694,,92.704605,1,0,0,0,0,1,0,0,0,0
Clc1c(C(=O)NCc2nnn[n-]2)cc(SC)cc1,C44929021,,92.834,1,0,0,0,0,0,0,0,0,0
Clc1cc(Cl)c2OCC[C@@H](NCc3nnn[n-]3)c2c1,C44929037,,68.026062,1,0,0,0,0,0,0,0,0,0
O=C(N[C@@H]1[C@@H](C)[C@@H](C)CCC1)/C(/[O-])=N/c1sc(C)nn1,C47963317,,70.865479,1,0,0,0,0,0,0,0,0,0
S(=O)(=O)([NH-])c1oc(C(=O)N(C)C2CCC(C)CC2)cc1,C48695609,,99.995728,1,0,0,0,0,1,0,0,0,0
O=C(N[C@@H]1CS(=O)(=O)CC1)c1c([O-])ccc(OC)c1,C48775413,,74.991425,1,0,0,0,0,1,0,0,0,0
[O-]c1nc(CN[C@H](C)Cn2cncc2)nc2ccccc12,C49235509,,45.354698,1,0,0,0,0,0,0,0,0,0
S(=O)(=O)([N-][C@H](C#N)c1c(C)cccc1)c1c(C)[nH]nc1C,C49913910,,69.653549,1,0,0,0,0,0,0,0,0,0
FC(F)(F)Oc1ccc(/C(/[O-])=N/C=2NCC(=O)N=2)cc1,C50222862,,62.741398,1,0,0,0,0,0,0,0,0,0
Fc1c(NC2(C(=O)[O-])CCCCC2)c([N+](=O)[O-])ccc1F,C53162434,,99.489845,1,0,0,0,0,0,0,0,0,0
Clc1c(OC)ccc(CCC(=O)/N=C/2\NCC([O-])=N\2)c1,C56214133,,66.026657,1,0,0,0,0,1,0,0,0,0
FC(F)(F)c1nc(/N=C(\[O-])/[C@H]2[C@@H](c3occc3)C2)[nH]n1,C49398945,,85.428001,1,0,0,0,0,1,0,0,0,0
O=C1[C@@H](/C(/[O-])=N/N=C/c2nc3ccccc3cc2)CCCN1,C59165662,,57.4869,1,0,0,0,0,0,0,0,0,0
S(=O)(=O)([N-]c1nocc1)c1ccc(C#CCCO)cc1,C61684500,,94.194229,1,0,0,0,0,0,0,0,0,0
O=C([O-])C[C@H](C)CC(=O)NC(=O)N1CCSCCC1,C61833019,,99.090958,1,0,0,0,0,0,0,0,0,0
O=C(NC[C@H]1OCCCC1)N1C[C@@](C)(C(=O)[O-])CCC1,C62875853,,99.25531,1,0,0,0,0,0,0,0,0,0
O=C(C)c1cc(C(=O)N2C[C@](CCC)(C(=O)[O-])CC2)[nH]c1,C62921493,,99.344864,1,0,0,0,0,1,0,0,1,0
Fc1cc(F)cc(/N=C(\[O-])/C(=O)NCc2noc(C)c2)c1,C63213787,,99.977074,1,0,0,0,0,1,0,0,0,0
S(Cc1ccc(C(OC)=O)cc1)C1=NC(=O)CC([NH-])=N1,C63540901,,53.771961,1,0,0,0,0,1,0,0,0,0
S(=O)(=O)([N-]c1c(C)ccc(NC(=O)[C@@H]2COCC2)c1)C,C66941563,,98.624496,1,0,0,0,0,1,0,0,0,0
S=C1N[C@@H](c2nnsc2)/C(=C(\OCC=C)/[O-])/C(C)=N1,C67028690,,99.999626,1,0,0,0,0,0,0,0,0,0
O=C(N[C@@H](C1CC1)c1nccc(C)c1)C=1OC=C([O-])C(=O)C=1,C67432055,,82.624649,1,0,0,0,0,1,0,0,0,0
O=C(N[C@@H](C)c1c(C)oc(C)c1)/C(/[O-])=N/c1ccc(C#N)cc1,C67767693,,99.986664,1,0,0,0,0,0,0,0,0,0
S(=O)(=O)([N-]c1ncc(F)cc1)c1c[nH]c2ncccc12,C69675862,,98.807922,1,0,0,0,0,0,0,0,0,0
S(=O)(=O)(C)C(C)(C)[C@H](O)c1ccc2nc([O-])oc2c1,C70131456,,99.585526,1,0,0,0,0,1,0,0,0,0
O=C(NCc1sc(C(=O)[O-])c(C)n1)N1[C@H](C)CSCC1,C70223241,,99.634949,1,0,0,0,0,1,0,0,0,0
S(C)c1c(C#N)cc(C(=O)N[C@H]2CN(C(C)C)CC2)c([O-])n1,C70881175,,91.729416,1,0,0,0,0,0,0,0,0,0
FC(F)(F)c1nc(NC(=O)[C@@H](OC2CCCC2)C)n[n-]1,C71121726,,87.871925,1,0,0,0,0,0,0,0,0,0
FC(F)(F)CC1=C(C)Nc2c(C(=O)[O-])c(C)nn2C1=O,C71473635,,94.432297,1,0,0,0,0,0,0,0,0,0
O=C([O-])[C@H](C(=O)N[C@H]1C(=O)N2[C@H](C(=O)[O-])C(C)(C)S[C@H]12)c1cscc1,C01530702,,99.629662,1,0,0,1,0,0,0,0,0,0
O=C([O-])COc1ccc(/C=N/N=C\2/S[C@@H](CC(=O)[O-])C(=O)N/2)cc1,C04802052,,89.556221,1,0,0,1,0,0,0,0,0,0
O=C([O-])[C@H](C(=O)N[C@@H]1C(=O)N2[C@H](C(=O)[O-])C(C)(C)S[C@H]12)c1cscc1,C05765543,,99.629662,1,0,0,0,0,0,0,0,0,0
O=[N+]([O-])c1c([O-])c(/C=N/N=C\2/S[C@H](CC(=O)[O-])C(=O)N/2)ccc1,C02251343,,87.238464,1,0,0,0,0,0,0,0,0,0
S(=O)(=O)([N-]c1c(C(=O)N)c2[C@H](C(=O)[O-])CCCc2s1)C,C19754514,,79.350975,1,0,0,0,0,0,0,1,0,0
S=C1NC(=O)/C(=C/c2ccc(O[C@H](C)C(=O)[O-])cc2)/C([O-])=N1,C18324428,,98.238083,1,0,0,0,0,0,0,0,1,0
Clc1cc(/C=C\2/C(=O)NC(=S)N=C/2[O-])c(OCC(=O)[O-])cc1,C20166093,,98.194176,1,0,0,0,0,0,0,0,0,0
O=C(N[C@@H]([C@H](C)CC)C(=O)[O-])CC=1C(=O)Oc2cc(C)cc([O-])c2C=1C,C20610094,,61.510006,1,0,0,0,0,0,0,0,1,0
S(C)C=1NC(=O)C(C(c2ccncc2)C=2C(=O)NC(SC)=NC=2[O-])=C([O-])N=1,C22358546,,67.390968,1,0,0,0,0,0,0,0,0,0
O=C(N[C@H]([C@@H](C)CC)C(=O)[O-])COc1cc([O-])c2C(=O)CC(C)(C)Oc2c1,C36569753,,59.180153,1,0,0,0,0,0,0,0,0,0
FC(F)n1c(C)cc(C(=O)NNC(=C)C2=C([O-])SC(=O)N=C2[O-])n1,C36621475,,77.279228,1,0,0,0,0,0,0,0,0,0
S(SCc1c(CO)c([O-])c(C)nc1)Cc1c(CO)c([O-])c(C)nc1,C37866091,,53.554638,1,0,0,0,0,0,0,0,0,0
O=C(NCCCNC(=O)c1cc([O-])cnc1)c1cc([O-])cnc1,C01890728,,74.394478,1,0,0,0,0,1,0,0,0,0
O=C(NC[C@H]1OCCC1)/C(/[O-])=N/c1c(C(=O)[O-])c2CC(C)(C)OCc2s1,C06764614,,96.668007,1,0,0,0,0,0,0,1,0,0
OCC=1OC(C(c2ccc(OC)cc2)C2=C([O-])C(=O)C=C(CO)O2)=C([O-])C(=O)C=1,C04247798,,87.010246,1,0,0,0,0,1,0,0,0,0
O=C1C(=C([O-])N(C)c2ccccc12)C=1/C(=N/Nc2ccncc2)/C([O-])=NN=1,C13409470,,28.197811,1,0,0,0,0,0,0,0,0,0
O=C1C(=C([O-])N(C)c2ccccc12)C=1/C(=N/Nc2cnccc2)/C([O-])=NN=1,C13409462,,39.178341,1,0,0,0,0,0,0,0,0,0
Fc1c([C@H]2[N-]C(n3c([O-])c(CCO)c(C)n3)=NC(=O)C2)cccc1,C39323466,,64.603493,1,0,0,0,0,1,0,0,0,0
Brc1c(NC(=O)N[C@@H](CCC(=O)[O-])C(=O)[O-])ccc(F)c1,C40559548,,98.904816,1,0,0,0,0,0,0,0,1,0
Brc1cc(NC(=O)N[C@@H](CCC(=O)[O-])C(=O)[O-])c(F)cc1,C40579373,,98.907509,1,0,0,0,0,0,0,0,1,0
S(=O)(=O)([N-]c1c(F)cc2CCC(=O)Nc2c1)[C@@H](C)C(=O)[O-],C49049147,,94.070183,1,0,0,0,0,1,0,0,1,0
OC[C@@H](O)C(C=1C(=O)CC(C)(C)CC=1[O-])C=1C(=O)CC(C)(C)CC=1[O-],C04550238,,80.845757,1,0,0,0,0,0,0,0,0,0
O=C([O-])c1cc(C(=O)[O-])cc(-n2c(C)c(/C=C/3\C(=O)NC(=O)N\3)cc2C)c1,C20344738,,98.812698,1,0,0,0,0,0,0,0,0,0
Brc1c([O-])c(/C=N/Nc2nnn[n-]2)cc(Cl)c1,C16383208,,57.310623,1,0,0,0,0,0,0,0,0,0
S(=O)(=O)([O-])c1ccc(/N=N/c2c(N)nn3C(C(F)(F)F)=CC([O-])=Nc23)cc1,C24717941,,98.41729,1,0,0,0,0,0,0,0,0,0
S=C1N(C[C@H](O)COc2ccc(OC)cc2)C2=C([O-])N=C([O-])N(C)C2=N1,C02070201,,99.995438,1,0,0,0,0,0,0,0,0,0
Clc1c(/C=N/N=C(\[O-])/C=2N=C([O-])NC(=O)C=2)n2C=CC=Cc2n1,C03188134,,95.741829,1,0,0,0,0,0,0,0,0,0
Fc1cc(/N=C(\[O-])/C(=O)NC(=O)c2c([N+](=O)[O-])c(C)n[n-]2)ccc1,C59366811,,96.757057,1,0,0,0,0,0,0,0,0,0
S(C/C(/[O-])=N/C=1[C@@H](C#N)C(C)=C(Cc2ccccc2)N=1)C1=NC(=O)CC([NH-])=N1,C63533458,,65.63575,1,0,0,0,0,0,0,0,0,0
Clc1sc(C(=O)CSC2=C(C([O-])=N)C3=NC(=O)C=C([O-])[C@@H]3S2)cc1,C36353800,,99.997543,1,0,0,0,0,1,0,0,0,0
Clc1sc(C(=O)CSC2=C(C([O-])=N)C3=NC(=O)C=C([O-])[C@H]3S2)cc1,C36353800,,99.997543,1,0,0,0,0,1,0,0,0,0
S(CC(=O)Nc1c(F)cc(F)cc1)C1=C(C([O-])=N)C2=NC(=O)C=C([O-])[C@H]2S1,C40287866,,99.99752,1,0,0,0,0,1,0,0,0,0
S=C1NC([O-])=C2C=CC(C(=O)N[N-]c3c(C#N)nc(C(C)C)o3)=CC2=N1,C63865049,,86.55336,1,0,0,0,0,1,0,0,0,0
S(=O)(=O)([N-]c1ccc2oc([O-])nc2c1)[C@@H]1CN(C)C(C(=O)N)=C1,C64025793,,98.77906,1,0,0,0,0,1,0,0,0,0
S(=O)(=O)([N-]c1c(OC)cc(NC(=O)C[C@]2(C(=O)[O-])CSCC2)cc1)C,C64610829,,97.686516,1,0,0,0,0,1,0,0,1,0
[S-]c1n(CC)c(CNC(=O)c2cnc3N(CCC)C([O-])=NC(=O)c3c2)nn1,C67050634,,99.342934,1,0,0,0,0,1,0,1,0,0
S(=O)(=O)([N-]c1ccc(/C=C/C(=O)NCc2n(C(C)C)c([S-])nn2)cc1)C,C67071872,,82.234863,1,0,0,0,0,1,0,1,0,0
[S-]c1n(C2CC2)c(CCNC(=O)c2cc(N3C(=O)C=CC([O-])=N3)ccc2)nn1,C67078669,,57.755325,1,0,0,0,0,1,0,1,0,0
O=C(/C(/C#N)=C(\[O-])/NCC=C)c1cc(N2C(=O)[C@@H]3CC=CC[C@@H]3C([O-])=N2)ccc1,C67798477,,88.607697,1,0,0,0,0,0,0,0,0,0
S=C1N[C@@H](c2cc([N+](=O)[O-])c(OCC(=O)[O-])cc2)/C(=C(/OC)\[O-])/C(CC)=N1,C68215876,,99.880775,1,0,0,0,0,0,0,0,0,0
S=C1N[C@H](c2cc([N+](=O)[O-])c(OCC(=O)[O-])cc2)/C(=C(\OCC)/[O-])/C(C)=N1,C68215878,,99.880775,1,0,0,0,0,0,0,0,0,0
FC(F)(F)C(N/C(/[O-])=N/c1ncn[n-]1)(C(F)(F)F)C(F)(F)F,C68573638,,57.249649,1,0,0,0,0,0,0,0,0,0
[S-]c1sc2[C@@H](c3ccc(OC)cc3)[C@H]3C(=O)N(C([O-])=N)C(=O)[C@@H]3Sc2n1,C39886744,,99.916,1,0,0,0,0,0,0,0,0,0
FC(F)(F)C1=Cn2c(C(=O)N[C@H](CC(=O)[O-])C(=O)[O-])c(CC)nc2C=C1,C71470977,,99.055458,1,0,0,0,0,0,0,1,1,0
ClC=1C=Cn2c(C(=O)N[C@H](CC(=O)[O-])C(=O)[O-])c(CCC)nc2C=1,C71473959,,99.170837,1,0,0,0,0,0,0,1,1,0
OC[C@]12CCC[C@@](C)(C(=O)[O-])[C@@H]1[C@H](C(=O)[O-])[C@@]13CC(=C)[C@@](O)(CC[C@H]21)C3,C71756407,,98.188324,1,0,0,0,0,0,0,0,0,0
OC[C@]12CCC[C@@](C)(C(=O)[O-])[C@@H]1[C@H](C(=O)[O-])[C@]13CC(=C)[C@](O)(CC[C@@H]21)C3,C71756419,,98.188324,1,0,0,0,0,0,0,0,0,0
O=C([O-])[C@@H](C(=O)N[C@H]1C(=O)N2[C@H](C(=O)[O-])C(C)(C)S[C@H]12)c1cscc1,C02009531,,99.629662,1,0,0,0,0,0,0,0,0,0
O[C@H]1[C@](C)(C(=O)[O-])[C@H]2[C@H](C(=O)[O-])[C@]34CC(=C)[C@H](CC[C@@H]3[C@@]2(C=O)CC1)C4,C71757652,,98.622536,1,0,0,0,0,0,0,0,0,0
O=C1C(C(c2ncccc2)C2=C([O-])Nc3ccccc3C2=O)=C([O-])Nc2ccccc12,C18223064,,78.910065,1,0,0,0,0,0,0,0,0,0
S(C(C(=O)[O-])C(=O)[O-])C=1NC(=O)c2c(sc3CCCCc23)N=1,C05480409,,95.329987,1,0,0,0,0,1,0,0,0,0
P(=O)([O-])([O-])c1c(OCC(=O)Nc2c(OC)ccc(OC)c2)cccc1,C09302840,,98.718109,1,0,0,0,0,1,1,1,1,0
S=C1NC(=O)/C(=C/c2oc(-c3c([O-])ccc([N+](=O)[O-])c3)cc2)/C([O-])=N1,C17992321,,75.446556,1,0,0,0,0,0,0,0,0,0
O=C([O-])c1oc(COc2ccc(/C=C\3/C(=O)NC(=O)N=C/3[O-])cc2)cc1,C19831076,,99.787308,1,0,0,0,0,0,0,0,0,0
Fc1ccc(-c2c(/C=C/c3nc([O-])c([N+](=O)[O-])c([O-])n3)cn[nH]2)cc1,C12374677,,64.003036,1,0,0,0,0,0,0,0,0,0
O=[N+]([O-])c1c([O-])nc(/C=C/c2c(-c3sccc3)[nH]nc2)nc1[O-],C09059513,,65.363869,1,0,0,0,0,0,0,0,0,0
S=C1NC(=O)/C(=C\c2c(C)n(c(C)c2)-c2c(C)c(C(=O)[O-])ccc2)/C([O-])=N1,C23224772,,98.342682,1,0,0,0,0,0,0,0,0,0
ClC=1C[C@@H](C(=O)Nc2c([O-])cc([N+](=O)[O-])cc2)[C@@H](C(=O)[O-])CC=1,C32604565,,85.610252,1,0,0,0,0,0,0,0,1,0
S(=O)(=O)([N-]c1c(OC)ccc(NC(=O)[C@@H]2[C@@H](C(=O)[O-])CC=CC2)c1)C,C32772009,,96.925163,1,0,0,0,0,1,0,0,0,0
[S-]c1nc(C(OC)=O)c(C(=O)c2c(O)cc([O-])cc2)c(C(OC)=O)n1,C01587990,,44.079155,1,0,0,0,0,0,1,0,0,0
O=C([O-])CCNC(=O)c1c(C)c2c([O-])nc(C(C)C)nc2s1,C33520492,,81.552238,1,0,0,0,0,0,0,0,0,0
[S-]C=1N[C@H](c2cc(OC)c([O-])c([N+](=O)[O-])c2)C(C(OC)=O)=C(C)N=1,C36623610,,92.990585,1,0,0,0,0,0,0,0,0,0
Clc1c(OCC(=O)[O-])c(Cl)cc(/C=C\2/C(=O)NC(=S)N=C/2[O-])c1,C02590957,,98.240181,1,0,0,0,0,0,0,0,0,0
Clc1c(N/N=C(/CCC(=O)[O-])\C(=O)[O-])ncc(C(F)(F)F)c1,C12955965,,95.640396,1,0,0,0,0,0,0,0,1,0
O=C(NC1=C(C(=O)[O-])CCCC1)[C@H](C)Cc1c(C)n(-c2ncc([O-])cc2)nc1,C49034779,,90.155067,1,0,0,0,0,0,0,0,0,0
O=C(NC1=C(C(=O)[O-])CCCC1)[C@@H](C)Cc1cn(-c2ncc([O-])cc2)nc1,C49036842,,90.150993,1,0,0,0,0,0,0,0,0,0
O=C(N[C@H]1[C@@H](C(=O)[O-])CCCC1)CCc1nn(-c2ncc([O-])cc2)cc1,C49110088,,95.247032,1,0,0,0,0,0,0,0,0,0
S(C/C(/[O-])=N/c1[nH]ncn1)c1nc([O-])cc(-c2ccccc2)n1,C33175252,,96.158455,1,0,0,0,0,1,0,0,0,0
Clc1ccc(OC[C@H](O)CN2C(=S)N=C3N(C)C([O-])=NC([O-])=C23)cc1,C05982175,,99.995438,1,0,0,0,0,1,1,0,0,0
[O-]/C(=N\c1sc(CC)nn1)/c1n[nH]c(-c2c([O-])ccc(C)c2)c1,C06804535,,87.709145,1,0,0,0,0,1,0,0,0,0
O=C([O-])C[C@@H]1C([O-])=NC(Nc2nc(C)c3cc(C)c(C)cc3n2)=N1,C20146381,,39.630577,1,0,0,0,0,0,0,0,0,0
[O-]/C(=N\c1sc(C)nn1)/c1n[nH]c(-c2c([O-])c(C)c(C)cc2)c1,C05341922,,87.896156,1,0,0,0,0,1,0,0,0,0
O=C(/C(/[O-])=N/c1nc(-c2c(OC)cccc2)n[n-]1)c1c(C)[nH]c2ccccc12,C52779030,,96.981483,1,0,0,0,0,0,0,0,0,0
Fc1ccc([N-]C2=N[C@@H](c3cnccc3)N3C([O-])=CC(=C)NC3=N2)cc1,C54473746,,28.458727,1,0,0,0,0,0,0,0,0,0
Fc1ccc(NC(=O)C(=O)c2c([O-])[n-]c3ccc([N+](=O)[O-])cc23)cc1,C06883268,,99.831924,1,0,0,0,0,0,0,0,0,0
S(=O)(=O)([N-]NC(=O)c1c([O-])c(OC)ccc1)c1cc(F)c(F)cc1,C57120765,,50.506981,1,0,0,0,0,0,1,1,0,0
Fc1c(F)ccc([C@@H]2/C(=C(/OCC=C)\[O-])/C(C)=NC3=NC(=O)NC([O-])=C23)c1,C57531407,,99.998741,1,0,0,0,0,0,0,0,0,0
O=[N+]([O-])c1cc(/C(/[O-])=N/NC(=O)C(=O)/C=C(\[O-])/c2ccccc2)ccc1,C04697065,,92.106606,1,0,0,0,0,0,0,0,0,0
Fc1c([N+](=O)[O-])cc(/N=C(\[O-])/C(=O)c2c([O-])[nH]c3ccccc23)cc1,C18061542,,99.693451,1,0,0,0,0,0,0,0,0,0
[S-]c1n(CCC(=O)Nc2c([O-])cccn2)c(-c2ccc(OC)cc2)nn1,C58322767,,85.601257,1,0,0,0,0,1,1,1,0,0
[S-]C=1N(/N=C/c2c([O-])c(O)ccc2)C(=O)c2cc(OC)c(OC)cc2N=1,C59228531,,88.899986,1,0,0,0,0,0,0,0,0,0
S(CC(=O)Nc1sc(CCC)nn1)c1nc([O-])cc([O-])n1,C33652149,,82.54097,1,0,0,0,0,0,0,1,0,0
O(C)c1ccc([N-]C2=N[C@@H](c3ccncc3)N3C([O-])=CC(=C)NC3=N2)cc1,C59544411,,90.536034,1,0,0,0,0,0,0,0,0,0
Fc1ccc(C2=NN=C3N=C(c4c([O-])c(O)ccc4)C=C(C(=O)[O-])[C@H]23)cc1,C20134822,,48.726379,1,0,0,0,0,0,0,0,0,0
[O-]/C(=N\c1nnn[n-]1)/C=1S[C@H]2N(Cc3ccccc3)NC(C)=C2C=1,C40016973,,79.235588,1,0,0,0,0,0,0,0,1,0
S(=O)(=O)([N-]c1c(CNC(=O)/C(/[O-])=N/c2c(F)c(F)ccc2)cccc1)C,C65559599,,97.938255,1,0,0,0,0,1,0,0,0,0
[S-]c1n(C(C)C)c(CNC(=O)c2cc(N3C(=O)C=CC([O-])=N3)ccc2)nn1,C66639645,,57.724045,1,0,0,0,0,1,0,1,0,0
S=C1N[C@@H](c2cc(OCCC(=O)[O-])ccc2)/C(=C(/[O-])\C)/C(C(OC)=O)=N1,C67028991,,99.435913,1,0,0,0,0,0,0,0,0,0
S=C1N[C@H](c2cc(O[C@@H](C)C(=O)[O-])ccc2)/C(=C(\OC)/[O-])/C(CCC)=N1,C67028667,,99.813553,1,0,0,0,0,0,0,0,0,0
S=C1N[C@H](c2ccc(OCCC(=O)[O-])cc2)/C(=C(\OC)/[O-])/C(CC)=N1,C67028959,,99.43557,1,0,0,0,0,0,0,0,0,0
S=C1N[C@H](c2cc(O[C@@H](C)C(=O)[O-])ccc2)/C(=C(\OC(C)C)/[O-])/C(C)=N1,C67029185,,99.813545,1,0,0,0,0,0,0,0,0,0
Fc1ccc(-c2nc(/N=C(\[O-])/c3ccc4n[n-]nc4c3)[nH]n2)cc1,C28682870,,55.788036,1,0,0,0,0,1,0,0,0,0
S(=O)(=O)([N-]c1c(OCCO)cc(F)cc1)c1cc([N+](=O)[O-])c([O-])cc1,C67659820,,88.751923,1,0,0,0,0,1,1,1,0,0
Brc1cc(NC(=O)c2cc([O-])c([N+](=O)[O-])cc2)c([O-])nc1,C67937428,,85.285637,1,0,0,0,0,0,0,1,0,0
FC(F)(F)c1c(C)c(NC(=O)c2ccc(N3C(=O)CCC([O-])=N3)cc2)n[n-]1,C69271964,,93.325882,1,0,0,0,0,0,0,0,0,0
O=C([O-])CNC(=O)c1c([O-])c2ccc(Oc3ccccc3)cc2c(C)n1,C71257465,,82.440384,1,0,0,0,0,0,0,1,0,0
S(=O)(=O)([N-]c1c(F)cc(NC(=O)[C@@H]2[C@H](C(=O)[O-])C2(C)C)cc1)C,C71284933,,96.072403,1,0,0,0,0,1,0,0,1,0
O=C([O-])[C@H]1[C@H](C(=O)Nc2ccc(-c3nc(-c4ncccc4)[n-]n3)cc2)C1(C)C,C71285579,,98.44162,1,0,0,0,0,0,0,0,0,0
O=C(N[C@H]1C(=O)N2[C@@H](C(=O)[O-])C(C)(C)S[C@H]12)/C(=C(\[O-])/C)/c1ccccc1,C71404973,,99.813644,1,0,0,0,0,0,0,0,0,0
OCC1=CC=Cn2c(/N=N\c3ccc([O-])cc3)c(CC(=O)[O-])nc12,C71594662,,92.029152,1,0,0,0,0,1,0,0,0,0
Cl/C(/C=N/c1cnc(Oc2ccc(F)cc2)cc1)=C(/Cl)\C(=O)[O-],C02567072,,99.854584,1,0,0,0,0,0,0,0,0,0
S=C1N(c2c(OCC)cccc2)c2nc(C)cc(C(F)F)c2C([O-])=N1,C20603483,,98.875107,1,0,0,0,0,0,0,0,0,0
Clc1ccc(C=2S(=O)(=O)N=C([N-]Cc3ccc(OC)cc3)C=2C)cc1,C20900937,,99.997269,1,0,0,0,0,0,0,0,0,0
S([C@@H](C)/C(/[O-])=N/c1scc(-c2cc(F)c(F)cc2)n1)c1scnn1,C21465317,,99.998672,1,0,0,0,0,0,0,0,0,0
Brc1c(O[C@H](C)/C(/[O-])=N/c2scnn2)ccc(Cl)c1,C31273137,,97.258781,1,0,0,0,0,0,0,0,0,0
S(=O)(=O)(N1CCCc2cc(F)c(F)cc12)c1ccc(/C=C/C(=O)[O-])cc1,C31669746,,98.924515,1,0,0,0,0,0,0,0,0,0
S([C@H](C)C(=O)N1CCc2ccccc12)c1nc(-c2c(F)cccc2)n[n-]1,C05677612,,99.163246,1,0,0,0,0,0,0,0,0,0
S(CC=C)C1=NC=2N([C@H](c3ccc(F)cc3)C=3C(=O)CCCC=3N=2)[N-]1,C04436256,,77.146553,1,0,0,0,0,0,0,0,0,0
Clc1ccc([C@H]2[C@@H](C(OC)=O)C([O-])=NC(SCC)=C2C#N)cc1,C16995921,,99.922714,1,0,0,0,0,0,0,0,0,0
S(c1c(C)c(C)nc(C(F)(F)F)n1)c1nc(-c2sccc2)n[n-]1,C03129619,,99.216759,1,0,0,0,0,0,0,0,0,0
FC(F)(F)c1ccc(-c2oc(/N=C(\[O-])/c3ccc(F)cc3)nn2)cc1,C38933492,,99.881203,1,0,0,0,0,0,0,0,0,0
Brc1ccc2occ(C/C(/[O-])=N/c3sc(C(C)C)nn3)c2c1,C39883317,,98.061058,1,0,0,0,0,0,0,0,0,0
FC(F)(F)[C@@H]1[C@H](/C(/[O-])=N/c2sc(-c3ncccc3)nn2)CCCC1,C46756806,,98.769478,1,0,0,0,0,0,0,0,0,0
Brc1c(OCc2nc([O-])c3sccc3n2)c(C=O)ccc1,C48796446,,98.206818,1,0,0,0,0,0,0,0,0,0
Clc1c(C#N)cc(/N=C(\[O-])/c2c(C#N)c(SC)nc(C3CC3)c2)cc1,C53888136,,99.891792,1,0,0,0,0,1,0,0,0,0
O(C)c1ccc(/C=C(\C(\[O-])=N\c2cc(N3CCCC3)ccc2)/C#N)cc1,C56081777,,99.999184,1,0,0,0,0,0,0,0,0,0
S(=O)(=O)([N-]CC1(c2cc(F)ccc2)CCOCC1)N1C[C@@H](C)C[C@H](C)C1,C57010110,,94.68483,1,0,0,0,0,0,0,0,0,0
Brc1c(OCc2nc([O-])c3sccc3n2)ccc(C=O)c1,C57406770,,98.19371,1,0,0,0,0,1,0,0,0,0
O(CC)c1ccc(/N=C(\[O-])/C(=C\C=2COc3ccccc3C=2)/C#N)cc1,C33293406,,99.999123,1,0,0,0,0,0,0,0,0,0
[O-]c1nc(CN(CC#C)[C@@H]2CCc3ccccc23)nc2c1oc1ccccc21,C52845824,,96.681,1,0,0,0,0,0,0,0,0,0
[S-]c1n(CC(=O)N(C)[C@@H](C)c2sccc2)c(-c2cc(C)ccc2)nn1,C32463847,,98.169617,1,0,0,0,0,1,0,1,0,0
O([C@H](C)/C(/[O-])=N/N=C1CCN(C(C)C)CC1)c1ccc2ccccc2c1,C38296784,,99.859627,1,0,0,0,0,0,0,0,0,0
O([C@@H](C)/C(/[O-])=N/N=C1CCN(C(C)C)CC1)c1ccc2ccccc2c1,C38296785,,99.859627,1,0,0,0,0,0,0,0,0,0
Brc1cc(/N=C(\[O-])/C=2C(C)=C(C(OC(C)C)=O)[C@H](C)N=2)ccc1,C39930315,,99.970795,1,0,0,0,0,0,0,0,0,0
Clc1c([O-])c(OC)cc(/C=C/C(=O)c2c(C)nn(C(C)(C)C)c2)c1,C63412291,,90.610886,1,0,0,0,0,0,0,0,0,0
Clc1c([O-])ncc(C(=O)N(CCC)[C@@H](C)c2oc3ccccc3c2)c1,C53372027,,82.562424,1,0,0,0,0,0,0,0,0,0
Brc1cc(/C=N/Cc2nc(-c3cscc3)on2)c([O-])cc1,C65691514,,95.202728,1,0,0,0,0,0,0,0,0,0
O(CC#C)c1ccc(/C=C\2/C(=O)N=C(/C=C(\[O-])/c3occc3)S/2)cc1,C65999467,,100,1,0,0,0,0,0,0,0,0,0
Fc1c(N2CCOCC2)ccc(/C=C(\C(\[O-])=N\c2ccc(F)cc2)/C#N)c1,C66255711,,99.99865,1,0,0,0,0,0,0,0,0,0
Brc1cc(CN(CC2=Nc3n(C([O-])=C2)ncc3)C2CC2)ccc1,C66492873,,87.611923,1,0,0,0,0,0,0,0,0,0
S(=O)(=O)([N-]c1c(C)cc(Sc2ncccn2)cc1)C1CCCCC1,C66584734,,98.604965,1,0,0,0,0,1,0,0,0,0
S(=O)(=O)(/N=C(\[O-])/[C@H]1[C@@H](C(F)(F)F)CCCC1)c1cc(C#N)c(F)cc1,C66737210,,97.414711,1,0,0,0,0,0,0,0,0,0
S(C)c1nc([O-])c(CCC(=O)N2[C@H](c3ccc(F)cc3)CCC2)c(C)n1,C25540680,,98.593178,1,0,0,0,0,0,0,0,0,0
Clc1c([C@@H]2[C@@H](/C(/[O-])=N/S(=O)(=O)c3cc(C)c(OC)cc3)C2)cccc1,C66887338,,95.645889,1,0,0,0,0,0,0,0,0,0
Clc1c([C@H]2[C@@H](/C(/[O-])=N/S(=O)(=O)c3cc(C)c(OC)cc3)C2)cccc1,C66887340,,95.645889,1,0,0,0,0,0,0,0,0,0
Fc1c([C@H](OC(=O)c2c([O-])nc3CCCC(=O)c3c2)C)cc(F)cc1,C66876223,,89.515701,1,0,0,0,0,0,0,0,0,0
Clc1c(F)ccc([C@H](OC(=O)c2c([O-])nc3CCCC(=O)c3c2)C)c1,C66885419,,89.617119,1,0,0,0,0,0,0,0,0,0
Brc1c(/N=C/c2c([O-])c(OC)ccc2)cc(OC)c(OC)c1,C66887654,,97.949074,1,0,0,0,0,0,0,0,0,0
Brc1cnc(Sc2nc(Cc3sccc3)n[n-]2)nc1,C67348972,,99.601631,1,0,0,0,0,0,0,0,0,0
S(C)c1nc([O-])c(CCC(=O)N2CCC[C@H]3C[C@@H](C)CC[C@@H]23)c(C)n1,C67517949,,98.592308,1,0,0,0,0,0,0,0,0,0
S(=O)(=O)([N-]c1c(C)cc(N2CCN(C)CC2)cc1)/C=C/c1ccccc1,C68038727,,98.046631,1,0,0,0,0,1,0,0,0,0
[S-]c1n(C)c(C2CCN(C(=O)C[C@H](C)C3CCCCC3)CC2)nn1,C68427313,,99.379944,1,0,0,0,0,1,0,0,0,0
[S-]c1n(CC)c(C2CCN(C(=O)C[C@@H](C)C3CCCCC3)CC2)nn1,C68452665,,99.399498,1,0,0,0,0,1,0,0,0,0
Clc1c(/N=C(\[O-])/CN(C)Cc2ccc3OCCOc3c2)ccc(C)c1,C23828993,,74.227066,1,0,0,0,0,1,0,0,0,0
[S-]c1n(CN2CCOc3ccccc3C2)c(CCC2CCCC2)nn1,C69376933,,99.204552,1,0,0,0,0,1,0,1,0,0
S(=O)(=O)(/N=C(\[O-])/CCOc1ccc(F)cc1)c1c(C)cc(C)cc1,C48476132,,96.549423,1,0,0,0,0,0,0,0,0,0
S(=O)(=O)(/N=C(\[O-])/[C@H]1C[C@H](C(F)(F)F)CCC1)c1ccc(OC)cc1,C48585183,,95.428688,1,0,0,0,0,0,0,0,0,0
O=S1(=O)N=C(CN2CCC(Cc3ccccc3)CC2)[N-]c2ccccc12,C69951460,,67.184525,1,0,0,0,0,1,0,0,0,0
O=C(N1C[C@H](CN2CCOCC2)CCC1)c1c([O-])ccc(C(C)C)c1,C69971460,,64.229156,1,0,0,0,0,1,0,0,0,0
S(=O)(=O)(/N=C(\[O-])/C=C/c1ccc(F)cc1)c1cc(C)c(OC)cc1,C72032338,,94.419624,1,0,0,0,0,0,0,0,0,0
S([C@H](CC(=O)[O-])C(=O)[O-])/C(=N\[C@@H]1CCC=CC1)/N1CCCCC1,C05375296,,98.181946,1,0,0,0,0,0,0,0,0,0
P(=O)([O-])([O-])c1c(OCC(=O)N2[C@@H](C)CCC[C@H]2C)cccc1,C09419887,,98.727753,1,0,0,0,0,1,0,1,0,0
O=[N+]([O-])[CH-][C@@H](c1c([O-])n(-c2ccccc2)nc1C)c1ccc(OCC)cc1,C05959428,,90.983376,1,0,0,0,0,0,0,0,0,0
S(CC(=O)c1c([O-])cc([O-])cc1)c1n(-c2cc(C)c(C)cc2)nnn1,C21573424,,42.817081,1,0,0,0,0,0,0,0,0,0
O=[N+]([O-])c1ccc(CCC(=O)c2c([O-])cc(OC(=O)C)cc2[O-])cc1,C03122416,,78.754242,1,0,0,0,0,0,0,0,0,0
Clc1cc(N2C(=O)/C(=C\c3cc([N+](=O)[O-])c([O-])cc3)/C([O-])=N2)ccc1,C12428717,,95.028122,1,0,0,0,0,0,0,0,0,0
O(C)c1ccc(-c2nc3nn(-c4nc(C)cc(C)n4)c([O-])c3c([O-])c2)cc1,C18029761,,74.580582,1,0,0,0,0,0,0,0,0,0
[S-]c1n(/N=C/c2c([O-])c(OC)ccc2)c(C2CCCCC2)nn1,C01251591,,79.609444,1,0,0,0,0,1,0,0,0,0
Clc1ccc(S(=O)(=O)[N-]C2=C([O-])n3nc(CC)nc3N=C2C)cc1,C15942099,,76.223946,1,0,0,0,0,1,1,0,0,0
O=[N+]([O-])[CH-][C@@H](c1c([O-])n(-c2ccccc2)nc1C)c1ccc(OC)cc1,C05488223,,90.983429,1,0,0,0,0,0,0,0,0,0
[S-]c1n(/N=C/c2c(OCC(=O)[O-])cccc2)c(C2CCCCC2)nn1,C19850121,,99.03756,1,0,0,0,0,1,0,0,0,0
S(CC(OCC)=O)c1nc([O-])c2c(C)c(C(=O)[O-])sc2n1,C20472681,,95.50975,1,0,0,0,0,0,0,0,0,0
S(C/C(/[O-])=N/c1sc(CCC)nn1)c1nc([O-])c2CSCc2n1,C41607017,,98.362938,1,0,0,0,0,0,0,0,0,0
S(=O)(=O)([N-]c1c(C)ccc(/C(/[O-])=N/c2sc(CC(C)C)nn2)c1)C,C44375951,,94.968857,1,0,0,0,0,1,0,0,0,0
S(=O)(=O)(N(C)C(C)C)[N-]c1c(C(=O)[O-])c2CCCc2s1,C49042290,,82.855698,1,0,0,0,0,0,0,1,0,0
S(Cc1scc(/C=C/C(=O)[O-])c1)c1ncnc2[n-]cnc12,C51037092,,88.512909,1,0,0,0,0,1,0,0,0,0
S(CC(=O)c1c([O-])ccc(F)c1)c1ncnc2nc[n-]c12,C51036757,,55.199802,1,0,0,0,0,1,0,0,0,0
O=C([O-])COc1c(OC)cc(/C=C(\C#N)/c2nc3ccc(C)cc3[n-]2)cc1,C32561118,,46.402328,1,0,0,0,0,0,0,0,0,0
O(CC)/C(/[O-])=C\1/[C@@H](c2ccc(OC)cc2)N2c3ccccc3[N-]C2=NC/1=O,C51448919,,78.148247,1,0,0,0,0,0,0,0,0,0
O(CC)/C(/[O-])=C\1/[C@@H](c2c(OC)cccc2)N2c3ccccc3[N-]C2=NC/1=O,C57267344,,77.51165,1,0,0,0,0,0,1,1,0,0
O=C1C(CC(CC=2C(=O)OC(C)=CC=2[O-])c2ccncc2)=C([O-])C=C(C)O1,C57478258,,88.351097,1,0,0,0,0,0,0,0,0,0
O=C(N(CCC)Cc1nc([O-])c2sccc2n1)c1ccc2n[n-]nc2c1,C14375747,,61.615837,1,0,0,0,0,1,0,0,0,0
S(C(C)(C)C(=O)[O-])c1nc([O-])c(C#N)c(-c2occc2)n1,C57843700,,96.166435,1,0,0,0,0,0,0,0,1,0
O=C([O-])[C@H](Oc1ccc(/C=C(\C(\[O-])=N\c2cc(OC)ccc2)/C#N)cc1)C,C59678435,,99.818985,1,0,0,0,0,0,0,0,0,0
S(C)c1nc([O-])c2[C@@H](c3ccncc3)/C(=C(/OC(C)C)\[O-])/C(C)=Nc2n1,C18145522,,85.686165,1,0,0,0,0,0,0,0,0,0
S(=O)(=O)(/N=C(\[O-])/C)c1ccc(/N=C/C=2C(=O)CC(C)(C)CC=2[O-])cc1,C28965010,,94.670143,1,0,0,0,0,0,0,0,0,0
S([C@H](C)c1nc([O-])c2ccccc2n1)c1c(C(OC)=O)c(C)nc([O-])n1,C61413588,,56.526669,1,0,0,0,0,0,0,0,0,0
S(=O)(=O)([N-]c1ccc2nc([O-])oc2c1)CCc1c(F)cccc1,C62314187,,98.202606,1,0,0,0,0,1,1,0,0,0
O(C)c1ccc(/N=C(\[O-])/C(/C#N)=C(\[O-])/[C@@H](Oc2cc(C#N)ccc2)C)cc1,C63235788,,99.627846,1,0,0,0,0,0,0,0,0,0
O=C([O-])c1ccc(/N=C(\[O-])/C(=C\c2c(-c3ccncc3)nn(C)c2)/C#N)cc1,C63276403,,94.121803,1,0,0,0,0,0,0,0,0,0
S(=O)(=O)([N-]c1sc2C(=O)CCCc2n1)c1ccc2nc([O-])oc2c1,C66255047,,99.086411,1,0,0,0,0,0,0,0,0,0
O=[N+]([O-])c1c([O-])ccc(/C=C/2\C(=O)c3c(C)c(C(=O)[O-])oc3CC\2)c1,C66407761,,96.815399,1,0,0,0,0,0,0,0,0,0
S(=O)(=O)(/N=C(\[O-])/c1nnc([O-])c2ccccc12)c1cc(C#N)c(F)cc1,C66736420,,62.564728,1,0,0,0,0,0,0,0,0,0
S(=O)(=O)([N-]c1cc([C@H](SC)C)ccc1)c1cc([N+](=O)[O-])c([O-])cc1,C67244673,,90.863167,1,0,0,0,0,1,1,0,0,0
O(C)c1cc(/N=C(\[O-])/C(/C#N)=C(/[O-])\[C@@H](Oc2cc(C#N)ccc2)C)ccc1,C63235575,,99.658722,1,0,0,0,0,0,0,0,0,0
O=[N+]([O-])c1c(OCC(=O)[O-])ccc(/C=C\2/C(=O)c3ccc([O-])cc3CC/2)c1,C68042279,,69.702576,1,0,0,0,0,0,0,0,0,0
Clc1c([N-]S(=O)(=O)c2ccc3nc([O-])oc3c2)cc(OC)cc1,C68239323,,95.132317,1,0,0,0,0,1,1,0,0,0
O(C)c1cc(/C=C(\C(\[O-])=N\c2ccc3ncnc([O-])c3c2)/C#N)ccc1,C58285425,,79.261368,1,0,0,0,0,1,0,0,0,0
O=C([O-])[C@@H](Oc1cc(/C=C(\C(\[O-])=N\c2c(OC)cccc2)/C#N)ccc1)C,C69621121,,99.810883,1,0,0,0,0,0,0,0,0,0
[O-]C1=C(Cc2ccccc2)C([O-])=Nc2c(c(C)nn12)-c1ccncc1,C71474889,,73.187309,1,0,0,0,0,0,0,0,0,0
O(C)c1c(OC)ccc(-c2c(C)nn3C([O-])=C(C(C)C)C([O-])=Nc23)c1,C71474956,,99.570389,1,0,0,0,0,0,0,0,0,0
Brc1c(C)nn2C([O-])=C(CCC(=O)[O-])C(C)=Nc12,C71475334,,98.844223,1,0,0,0,0,0,0,0,0,0
FC1=Cn2c(/N=N\c3ccc(CC(=O)[O-])cc3)c(C(=O)[O-])nc2C=C1,C71591680,,70.8134,1,0,0,0,0,0,0,0,0,0
Fc1ccc(/N=N\c2c(C(=O)[O-])nc3n2C=C(C(=O)[O-])C=C3)cc1,C71592610,,65.555496,1,0,0,0,0,0,0,0,0,0
O=C([O-])c1nn(c([O-])n1)-c1scc(-c2ccc(OC(C)C)cc2)n1,C71676156,,99.383011,1,0,0,0,0,0,0,0,0,0
O=C([O-])c1nn(c([O-])n1)-c1scc(-c2ccc(CC(C)C)cc2)n1,C71676167,,99.380898,1,0,0,0,0,0,0,0,0,0
S([C@H]1C(=O)N(c2ccc(OC)cc2)C(=O)C1)c1nc([O-])c(C)c([O-])n1,C18056948,,82.043625,1,0,0,0,0,0,0,0,0,0
O=C([O-])COc1c(/C=C(\C(\[O-])=N\c2cc(C)ccc2)/C#N)cccc1,C71795530,,99.861954,1,0,0,0,0,0,0,0,0,0
Fc1ccc([N-]C=2SCC(c3c(C)n(-c4ncn[n-]4)c(C)c3)=NN=2)cc1,C52803990,,82.581413,1,0,0,0,0,1,0,0,0,0
S(=O)(=O)([N-]c1cn(Cc2ccccc2)nc1)c1ccc2nc([O-])oc2c1,C55663712,,99.650238,1,0,0,0,0,1,1,0,0,0
S=C1N(/N=C/c2cnccc2)[C@@H](N([O-])C(=O)NC)C(C)(C)S1,C04794973,,69.406647,1,0,0,0,0,0,0,0,0,0
S(C)c1ccc([C@H]2n3nc(C(=O)[O-])nc3NC=3CCCC(=O)C2=3)cc1,C05348639,,97.68985,1,0,0,0,0,0,0,0,0,0
Clc1c(/C=C/C=2NC(=O)C([N+](=O)[O-])=C([O-])N=2)cccc1,C08782285,,98.402512,1,0,0,0,0,0,0,0,0,0
Oc1cc([O-])c2C(=O)C=C(c3cc(OC)c(OC)c(OC)c3)Oc2c1,C05732688,,46.412838,1,0,0,0,0,0,0,0,0,0
O=[N+]([O-])c1c(NC)ccc(/C=C\2/C(=O)c3ccc([O-])cc3O/2)c1,C22016501,,59.614044,1,0,0,0,0,0,0,0,0,0
[S-]c1n(CCC(=O)N2CC(=O)NCC2)c(-c2ccc(C)cc2)nn1,C23420359,,98.513924,1,0,0,0,0,1,0,1,0,0
FC(F)(F)c1n(-c2nnc([O-])cc2)ncc1C(=O)NC1CCCC1,C28273857,,80.624672,1,0,0,0,0,1,0,0,0,0
S(=O)(=O)(N[C@@H]1[C@H](C)CCCC1)c1cc([N+](=O)[O-])c([O-])cc1,C36904759,,89.690216,1,0,0,0,0,0,0,0,0,0
S(=O)(=O)(N[C@@H]1[C@@H](C)CCCC1)c1cc([N+](=O)[O-])c([O-])cc1,C36904760,,89.690216,1,0,0,0,0,0,0,0,0,0
S(=O)(=O)(N[C@@H]1C[C@H](C)CCC1)c1cc([N+](=O)[O-])c([O-])cc1,C37251804,,89.891373,1,0,0,0,0,1,0,0,0,0
[O-]c1c(/C=N/Nc2nc(N3CCOCC3)nc(C)c2)cccc1,C04812753,,78.541298,1,0,0,0,0,0,0,0,0,0
O=C(c1c([O-])ccc(OC)c1)c1cnc2NC(=O)N(C)Cc2c1,C02616094,,61.361206,1,0,0,0,0,1,0,0,0,0
S(C)C1=NC=2N([C@H](c3cc(OC)c(O)cc3)[C@H]3C(=O)CCC=C3N=2)[N-]1,C04436120,,89.975647,1,0,0,0,0,1,0,0,0,0
S(Cc1nc([O-])c2ccccc2n1)C=1N(C)[C@H](c2cnccc2)NN=1,C39975902,,39.399033,1,0,0,0,0,0,0,0,0,0
OC1CCN(c2nc([O-])c(C#N)c(-c3ccc(OC)cc3)n2)CC1,C40542912,,85.135612,1,0,0,0,0,0,0,0,0,0
S([C@@H](C)/C(/[O-])=N/c1sc(C)nn1)C=1NC(=O)C=2CSCC=2N=1,C41607068,,98.550507,1,0,0,0,0,0,0,0,0,0
[O-]/C(=N\c1scc(C[NH+]2C[C@H](C)CCC2)n1)/c1nnc([O-])cc1,C45871865,,80.299332,1,0,0,0,0,0,0,0,0,0
O=C(Oc1c(C(=O)NC)cccc1)c1c([O-])nc2CCCC(=O)c2c1,C49403774,,88.340523,1,0,0,0,0,1,0,0,0,0
S(CC(=O)/N=C\1/Sc2cc(OC)ccc2N/1)c1ncn[n-]1,C08333398,,58.562737,1,0,0,0,0,1,0,0,0,0
[S-]c1n(/N=C/c2c(O)c(OC)ccc2)c(-c2ccncc2)nn1,C01302832,,54.454117,1,0,0,0,0,1,0,0,0,0
S=C1N[C@@H](C)/C(=C(\OCC)/[O-])/C(c2cc([N+](=O)[O-])ccc2)=N1,C03181814,,99.997574,1,0,0,0,0,0,0,0,0,0
FC(F)(F)C=1N(CCOC)C(C)=C/C(=C\2/C(=O)NC(=O)N=C/2[O-])/C=1,C57478221,,99.999138,1,0,0,0,0,0,0,0,0,0
O(c1cc(/C=N/N2C(=O)NN=C2[O-])ccc1)c1ccccc1,C59165885,,58.326523,1,0,0,0,0,0,0,0,0,0
S(=O)(=O)([N-]NC(=O)c1cn(C)c2ccccc12)c1cc(F)cnc1,C63476482,,97.700897,1,0,0,0,0,0,0,0,0,0
S(CC(=O)N[C@H]1[C@H](C#N)[C@@H]2CCCC[C@@H]2S1)c1nc([O-])cnn1,C63767041,,65.347832,1,0,0,0,0,0,0,0,0,0
[O-]/C(=N\c1[nH]ncn1)/Cc1nc(N2[C@@H](C)CCC2=C)sc1,C63952338,,97.713097,1,0,0,0,0,1,0,0,0,0
[O-]/C(=N\C1=NN=C(C(C)(C)C)C1)/c1cc(C)nc2N(C)N[C@H](C)c12,C63964562,,52.183189,1,0,0,0,0,0,0,0,0,0
S(=O)(=O)(N1[C@@H]([C@H]2NOC(C(C)C)=C2)CCC1)c1[n-]cnc1,C64517038,,99.618011,1,0,0,0,0,0,0,0,0,0
O=C(NCC[C@H]1OCCC1)c1cnn-2c1N=C([O-])c1ccccc-21,C64804058,,99.988098,1,0,0,0,0,0,0,0,0,0
Brc1c(/C(/[O-])=N/c2n3C=CC=Cc3nn2)[nH]nc1C1CC1,C65108024,,98.170944,1,0,0,0,0,0,0,0,0,0
Fc1ccc(-c2nc(/N=C(\[O-])/c3ncc(C)nc3)[nH]n2)cc1,C28681879,,97.334793,1,0,0,0,0,0,0,0,0,0
Clc1cc(C(=O)NCc2n(CC)c([S-])nn2)cc2OCCOc12,C66637053,,99.254532,1,0,0,0,0,1,1,1,0,0
Clc1c(C(=O)NCc2n(C3CC3)c([S-])nn2)n2C=CC=Cc2n1,C66638449,,86.917366,1,0,0,0,0,1,1,1,0,0
Brc1cc(NC(=O)Cn2nnc3ccccc23)c([O-])nc1,C67937491,,91.087395,1,0,0,0,0,1,0,0,0,0
O=C(Nc1cc(-c2nc([O-])on2)ccc1)/C=C/c1c(C#N)cccc1,C68297271,,98.015503,1,0,0,0,0,1,0,0,0,0
O=C(Nc1ccc2ncnc([O-])c2c1)Cn1ccc2cc(OC)ccc12,C69477448,,79.365837,1,0,0,0,0,1,0,0,0,0
FC(F)(F)c1nc(NC(=O)c2n(C)nc(C(C)(C)C)c2)n[n-]1,C69582423,,88.057297,1,0,0,0,0,0,0,0,0,0
[O-]/C(=N\c1[nH]nc(C(C)C)n1)/c1cn(-c2c(C)cccc2)nc1,C69701096,,97.905624,1,0,0,0,0,0,0,0,0,0
Clc1n(C)nc(C)c1CSc1nc([O-])c2cn[nH]c2n1,C69774359,,69.128258,1,0,0,0,0,0,0,0,0,0
Clc1c(-c2nc(/N=C(\[O-])/c3nc(C4CC4)ncc3)[nH]n2)cccc1,C69966560,,98.218452,1,0,0,0,0,0,0,0,0,0
Clc1c(C#N)cc(/N=C(\[O-])/C(=O)N[C@H](C)c2c(C)nn(C)c2)cc1,C69974861,,99.870926,1,0,0,0,0,1,0,0,0,0
O=C(Nc1cc(-c2nnn[n-]2)ccc1)[C@H]1COc2ccccc2C1,C70710043,,97.313606,1,0,0,0,0,1,1,0,0,0
Fc1ccc(-c2nc(/N=C(\[O-])/c3ccc(-n4nccc4)cc3)[nH]n2)cc1,C28683336,,97.617844,1,0,0,0,0,0,0,0,0,0
Fc1ccc(-c2nc(NC(=O)c3cn(-c4ccccc4)nc3)[n-]n2)cc1,C28684876,,98.25898,1,0,0,0,0,0,0,0,0,0
O=C(NCc1occc1)c1c([O-])nc2C[C@H](c3occc3)CC(=O)c2c1,C71375976,,92.167763,1,0,0,0,0,1,0,0,0,0
[O-]c1ncnc(CNc2nc(-c3c(C)nc(C)cc3)ccn2)c1,C71759635,,81.845177,1,0,0,0,0,0,0,0,0,0
[S-]C=1N([C@H](c2cc([N+](=O)[O-])ccc2)NC(=O)C=1C#N)c1ccccc1,C09089674,,96.418709,1,0,0,0,0,0,0,0,0,0
Clc1cc(/C(/[O-])=N/c2[nH]nc(C(F)(F)F)n2)cc2OCOc12,C71869385,,85.078911,1,0,0,0,0,0,0,0,0,0
Clc1n(Cc2ccc(F)cc2)nc(C)c1/C(/[O-])=N/c1[nH]ncn1,C26259365,,97.901749,1,0,0,0,0,0,0,0,0,0
FC(F)(F)c1nc(/N=C(\[O-])/CN2C(=O)CCCCCC2)[nH]n1,C51266194,,84.917801,1,0,0,0,0,1,0,0,0,0
O=C([O-])[C@H]1[C@H](C(=O)Nc2c(C#N)c3CCCCc3s2)CC=CC1,C05725607,,99.37542,1,0,0,0,0,0,0,0,1,0
O=C(Nc1c(C#N)c2CCCc2s1)CC1(C(=O)[O-])CCCCC1,C16482403,,99.269714,1,0,0,0,0,1,0,0,1,0
O=C(Nc1c(C(=O)[O-])c2CCN(CC)Cc2s1)C(C)(C)C,C20335506,,96.889557,1,0,0,0,0,0,0,1,0,0
O=C(Nc1c(C(=O)[O-])c2CCCc2s1)CN1[C@@H](C)CCC[C@H]1C,C20342447,,89.618195,1,0,0,0,0,1,0,1,0,0
S([C@@H](/C(/[O-])=N/c1[nH]ncn1)c1ccccc1)c1ccccc1,C05999572,,97.671051,1,0,0,0,0,1,0,0,0,0
Clc1c(CNC(=O)CSc2nc([O-])ccn2)cccc1,C04863518,,98.0215,1,0,0,0,0,1,0,0,0,0
[S-]c1c(C(=O)Nc2sc(C(CC)CC)nn2)cccn1,C26565650,,98.035591,1,0,0,0,0,1,0,0,0,0
S(Cc1n[nH]c([O-])c1)c1nc(C)nc2sc(CC)cc12,C28164987,,71.229622,1,0,0,0,0,0,0,0,0,0
S(CC(=O)Nc1c(F)cccc1)c1nc(C(C)(C)C)n[n-]1,C12255046,,99.533272,1,0,0,0,0,1,0,0,0,0
[S-]c1n(CC(=O)NC(C)(C)C)c(-c2cc(C)ccc2)nn1,C29864392,,98.168556,1,0,0,0,0,1,0,1,0,0
Clc1cc([C@@H]2C(NCc3ccccc3)=NS(=O)(=O)[N-]2)ccc1,C07699123,,75.013382,1,0,0,0,0,1,0,0,0,0
S(=O)(=O)(/N=C(\Nc1c(F)cccc1)/[N-]c1ccccc1)C,C33116426,,99.999748,1,0,0,0,0,0,0,0,0,0
[S-]c1n(NC/C=C/c2ccccc2)c(-c2ccncc2)nn1,C07601817,,86.476143,1,0,0,0,0,1,0,1,0,0
S(=O)(=O)([N-]c1ccc2NCCc2c1)N1C[C@@H](C)C[C@H](C)C1,C36288312,,99.085266,1,0,0,0,0,1,0,0,0,0
Clc1c(-n2nc(C(=O)[O-])c(CCCO)c2)ccc(F)c1,C36723579,,98.801147,1,0,0,0,0,1,0,0,1,0
Brc1cc(/C=N\NC(=O)Cc2n(C)ccc2)c([O-])cc1,C36729132,,95.141121,1,0,0,0,0,1,0,0,0,0
Clc1cc(CNc2ccc(-n3nccn3)cc2)c([O-])cc1,C37128358,,97.880684,1,0,0,0,0,0,0,0,0,0
Clc1ccc(Cc2c(C)nc(/N=C(\[O-])/C=3NCCN=3)s2)cc1,C36639390,,82.687538,1,0,0,0,0,0,0,0,0,0
Fc1ccc(CNc2nc([O-])c(-c3sccc3)nn2)cc1,C41602802,,93.286324,1,0,0,0,0,1,0,0,0,0
Clc1c(F)cc([C@H](N[C@H](C)c2nnn[n-]2)C)c(Cl)c1,C44926190,,81.045631,1,0,0,0,0,0,0,0,0,0
OCc1c([O-])cc(C)c2C(=O)/C(=C/c3c(OC)cccc3)/Oc12,C45918964,,52.172188,1,0,0,0,0,0,0,0,0,0
O=C([O-])[C@H]1[C@H](C(=O)Nc2c(C)cc(OCC)cc2)CC=CC1,C48382507,,99.361191,1,0,0,0,0,0,0,0,1,0
Fc1c(CC(=O)Nc2nc(-c3sc(C)cc3)n[n-]2)cccc1,C50006864,,98.34391,1,0,0,0,0,0,0,0,0,0
O=C(NC1CCCCC1)/C(/C#N)=C(\[O-])/Cc1ccc2OCCc2c1,C50682438,,96.08062,1,0,0,0,0,0,0,0,0,0
S(=O)(=O)([NH-])c1n(-c2cc(C)cc(C)c2)nc(C(F)(F)F)c1,C52306171,,99.997215,1,0,0,0,0,0,0,0,0,0
Brc1ccc(CSc2nc(/N=C(\[O-])/C)[nH]n2)cc1,C05444066,,95.439026,1,0,0,0,0,1,0,0,0,0
S([C@H](C(C)C)C(=O)[O-])C=1Nc2sc(C)c(C)c2C(=O)N=1,C57838558,,94.784286,1,0,0,0,0,0,0,0,1,0
Clc1cc(C(=O)N2CCC(NC(=O)C(C)C)CC2)c([O-])cc1,C60645378,,65.596832,1,0,0,0,0,1,0,0,0,0
O=C(N[C@H](C)c1sc(C)cc1)N1CCC(C)(C(=O)[O-])CC1,C62843559,,99.091026,1,0,0,0,0,0,0,0,1,0
O=C(NCc1sc(C)cc1)N1CCC(CC)(C(=O)[O-])CC1,C62847382,,99.106277,1,0,0,0,0,1,0,0,1,0
Clc1cc(F)c(NC(=O)N2C[C@](CC)(C(=O)[O-])CC2)cc1,C62933172,,99.346298,1,0,0,0,0,1,0,0,1,0
Clc1c(/C(/[O-])=N/c2[nH]nc(C(C)C)n2)cc(Cl)s1,C58332804,,97.29937,1,0,0,0,0,0,0,0,0,0
Clc1cc(C(=O)N2C[C@@H](NC(=O)C(C)C)CCC2)c([O-])cc1,C58218958,,65.374214,1,0,0,0,0,1,0,0,0,0
S([C@@H](C)C(=O)NCCC)c1nc([O-])c2cc(F)ccc2n1,C58432857,,77.792503,1,0,0,0,0,0,0,0,0,0
O=C(NCCc1c(C)cc(C)cc1)c1c(C)c(C)nnc1[O-],C65577175,,63.913509,1,0,0,0,0,1,0,1,1,0
Clc1c(F)ccc([C@@H](NC(=O)c2c(C)c(C)nnc2[O-])C)c1,C65754568,,64.165878,1,0,0,0,0,1,0,1,1,0
O=C1C(/C(/[O-])=N/[C@@H](C#N)c2ccc(C(C)(C)C)cc2)=CC=C(C)N1,C66397636,,99.79554,1,0,0,0,0,0,0,0,0,0
S(=O)(=O)([N-]c1c(F)cc(F)c(NC(=O)C)c1)C1CCCCC1,C66583835,,94.762161,1,0,0,0,0,1,0,0,0,0
O=C([O-])[C@@H]1[C@H](C(=O)Nc2cc(OCC)c(C)cc2)CC=CC1,C66965919,,99.363266,1,0,0,0,0,0,0,0,1,0
Brc1c(C)c(C)cc(S(=O)(=O)[N-]NC(=O)CC)c1,C67890593,,99.322807,1,0,0,0,0,0,0,0,0,0
O=C([O-])[C@@H]1[C@H](C(=O)Nc2cc(C)c(OCC)cc2)CC=CC1,C67988251,,99.361221,1,0,0,0,0,0,0,0,1,0
FC(F)(F)c1c(C)c(NC(=O)[C@@H]2COc3ccccc3C2)n[n-]1,C69271386,,97.434418,1,0,0,0,0,0,0,0,0,0
O=C(N[C@@H]1C[C@H](C)c2ccccc12)/C(/[O-])=N/c1ccc(C(=O)C)cc1,C69987121,,99.979889,1,0,0,0,0,0,0,0,0,0
FC(F)(F)[C@@]1(C(=O)[O-])CN(C(=O)N[C@H](C)CC2CC2)CC1,C70107491,,99.933815,1,0,0,0,0,0,0,0,0,0
S(=O)(=O)([N-]c1c(C)cc(N[C@H]2C[C@@H](C)OCC2)cc1)C,C70355538,,99.505943,1,0,0,0,0,1,0,0,0,0
Clc1c([N-]S(=O)(=O)c2nc(CC)[nH]c2)ccc(F)c1,C70419275,,92.773514,1,0,0,0,0,1,0,0,0,0
S([C@H]1[C@@H](O)CCC1)c1ncnc2sc(C(=O)[O-])c(C)c12,C70442755,,99.536125,1,0,0,0,0,0,0,0,0,0
S=C1N[C@H](c2cc(F)c(F)cc2)/C(=C(/[O-])\C(OC)=O)/C(C)=N1,C08112225,,99.999756,1,0,0,0,0,0,0,0,0,0
Clc1cc(C)c(OC)c(-c2c(CCC(=O)[O-])nc(C)[nH]2)c1,C71664960,,66.313141,1,0,0,0,0,1,0,0,1,0
Clc1c(C)c(-c2c(CC(=O)[O-])nc(C)[nH]2)c(OC)cc1C,C71664972,,68.833076,1,0,0,0,0,1,0,0,0,0
S(=O)(=O)(c1c(F)cc(F)cc1)C1(C(=O)[O-])CC1,C22148773,,99.967743,1,0,0,0,0,0,0,0,0,0
[O-]/C(=N\c1sc(C2CC2)nn1)/c1nc(C)ccc1,C24456238,,94.853889,1,0,0,0,0,0,0,0,0,0
Clc1c([O-])ccc(C(=O)N(C)Cc2cn(C)nc2)c1,C25044391,,77.742432,1,0,0,0,0,0,0,0,0,0
O=C(CC1CCCCC1)N1[C@H](C(=O)[O-])CSC1,C20251510,,99.781944,1,0,0,0,0,0,0,0,0,0
O=C([O-])[C@@H]1[C@H](C(=O)N(C)[C@H]2CSCC2)CC=CC1,C37174364,,99.33593,1,0,0,0,0,0,0,0,0,0
O=C(Cc1coc2cc(C)ccc12)N1[C@H](C(=O)[O-])CCC1,C37410352,,99.748833,1,0,0,0,0,0,0,0,1,0
O=C(/C=C/c1cc(C#N)ccc1)N1[C@@H](C(=O)[O-])CCCC1,C37437725,,99.7314,1,0,0,0,0,0,0,0,1,0
S(CC(=O)N1[C@@H](C(=O)[O-])CSC1)c1sccc1,C37454492,,99.786827,1,0,0,0,0,0,0,0,1,0
ClC(Cl)(Cl)[C@H](P(=O)(OC)OC)[O-],C01530958,,99.749107,1,0,0,0,0,0,0,0,0,0
Fc1c(/C=C/C(=O)N(CCC)CC(=O)[O-])cccc1,C38019946,,99.767944,1,0,0,0,0,0,0,0,1,0
O=C([O-])CN(CCC)C(=O)C1(c2ccccc2)CCC1,C38020341,,99.773453,1,0,0,0,0,0,0,0,1,0
Fc1c(F)c(F)c(C(=O)N(CCC)CC(=O)[O-])c(F)c1F,C38020683,,99.793953,1,0,0,0,0,0,0,0,1,0
O=C([O-])C(C)(C)N1CCc2nc(CCC)sc2C1,C41583429,,98.244453,1,0,0,0,0,1,0,0,1,0
Fc1cc(F)cc(C(=O)N2[C@H](CC(=O)[O-])CCC2)c1,C42144379,,99.348251,1,0,0,0,0,0,0,0,1,0
O=C([O-])CN(C(=O)N1CC[C@@H]2CCCC[C@@H]2C1)C1CC1,C42276449,,99.765221,1,0,0,0,0,0,0,0,0,0
O=C([O-])CN(C(=O)N1CCC[C@H]2CCCC[C@@H]12)C1CC1,C42276466,,99.765175,1,0,0,0,0,0,0,0,0,0
S=C1N(CCn2cncc2)C([O-])=C2SC=CC2=N1,C42542265,,81.500809,1,0,0,0,0,0,0,0,0,0
O=C([O-])[C@H](N(C)C(=O)c1sc2CCCCc2c1)CC,C44612384,,99.727318,1,0,0,0,0,0,0,0,1,0
Clc1c(CC(=O)N(C)[C@H](CC)C(=O)[O-])c(F)ccc1,C44612703,,99.733963,1,0,0,0,0,0,0,0,1,0
S=C1N(CCC(=O)N(C)C)C([O-])=C2C=CSC2=N1,C45006085,,99.999016,1,0,0,0,0,0,0,0,0,0
S(=O)(=O)(C)c1ccc(Cn2c([S-])nnc2)cc1,C45173894,,99.171059,1,0,0,0,0,1,0,1,0,0
O=C(N(C)CC1CCCCC1)N1[C@H](C(=O)[O-])CCC1,C48996699,,99.735779,1,0,0,0,0,0,0,0,0,0
Brc1cc(CC(=O)N(C)CC(=O)[O-])ccc1,C50039879,,99.774483,1,0,0,0,0,0,0,0,1,0
O=C([O-])[C@]1(CN2CCO[C@@H]3CCCC[C@@H]23)COCC1,C51290713,,93.791992,1,0,0,0,0,0,0,0,0,0
Clc1c(N(C)[C@H](C)C(=O)[O-])ncc(C(F)(F)F)c1,C54054964,,99.270973,1,0,0,0,0,0,0,0,0,0
O=C([O-])C[C@H]1CN(C(=O)c2cc(C#N)ccc2)CCC1,C54293974,,99.10009,1,0,0,0,0,0,0,0,1,0
O=C([O-])C[C@@H]1CN(C(=O)C2CCOCC2)CCC1,C54294623,,99.098846,1,0,0,0,0,0,0,0,0,0
O=C([O-])C[C@@H]1CN(C(=O)c2c(C)nc(C)s2)CCC1,C54295146,,99.100662,1,0,0,0,0,0,0,0,1,0
S(=O)(=O)([O-])c1cc(-c2ccc(OCC)cc2)ccc1,C57574899,,100,1,0,0,0,0,0,0,0,0,0
FC(F)(F)c1nc(N2[C@@H](C(=O)[O-])CCC2)ccc1,C59329790,,99.666992,1,0,0,0,0,0,0,0,0,0
O=C([O-])CN1CCN(C(=O)c2sc(C)cc2)CCC1,C61125956,,96.036743,1,0,0,0,0,0,0,0,1,0
FC(F)(F)c1c(C#N)ccc(N(C)C(C)(C)C(=O)[O-])c1,C61171318,,99.553543,1,0,0,0,0,0,0,0,0,0
O=C([O-])/C=C/c1cnc(C(=O)N2CCSCC2)cc1,C61863677,,99.012619,1,0,0,0,0,0,0,0,0,0
Fc1ccc2oc(C(=O)[O-])c(CN3CCOCC3)c2c1,C62183479,,72.507339,1,0,0,0,0,0,0,0,0,0
Cl[C@@H](CN(C)CC(=O)[O-])c1ccc(OC)cc1,C62343652,,96.784393,1,0,0,0,0,1,0,0,1,0
Cl[C@H](CN(C)CC(=O)[O-])c1ccc(OC)cc1,C62343654,,96.784393,1,0,0,0,0,1,0,0,1,0
Clc1ccc2cc(C#N)c(N(C)CC(=O)[O-])nc2c1,C62556782,,81.588669,1,0,0,0,0,0,0,0,1,0
O=C([O-])CC1C[C@@H]2N([C@H]3CS(=O)(=O)CC3)[C@H](C1)CC2,C62704190,,90.783859,1,0,0,0,0,0,0,0,0,0
O=C([O-])c1c(CN2CCO[C@H]3CCC[C@H]23)cccn1,C62754113,,86.482071,1,0,0,0,0,0,0,0,0,0
O=C(N1C[C@](CC)(C(=O)[O-])CC1)c1cc(C#N)ccc1,C62914417,,99.340485,1,0,0,0,0,0,0,0,1,0
O=C(N1C[C@](CC)(C(=O)[O-])CC1)C1CCOCC1,C62914625,,99.337204,1,0,0,0,0,0,0,0,0,0
Fc1cc(C(=O)C=2CC(C(=O)N(C)C)=NC=2)c([O-])cc1,C63959615,,62.657745,1,0,0,0,0,0,0,0,0,0
[O-]/C(=N\C1=NN=C(c2cscc2)C1)/c1cnc(C)cc1,C58356795,,80.238632,1,0,0,0,0,0,0,0,0,0
FC(F)(F)[C@@H]1C[C@](N(C(C)C)C(=O)C)(C(=O)[O-])CCC1,C69385929,,99.749985,1,0,0,0,0,0,0,0,0,0
Fc1cc(CN2[C@@H](C(=O)[O-])CCCCC2)c(C#N)cc1,C69401891,,97.289604,1,0,0,0,0,1,0,0,0,0
O=C([O-])CN(C(C)C)C(=O)N1CC(C)(C)CCC1,C70269418,,99.761406,1,0,0,0,0,0,0,0,0,0
FC(F)c1c(C(=O)[O-])cnc([C@@H]2C[C@@H]3O[C@H]2CC3)n1,C70428165,,99.871017,1,0,0,0,0,0,0,0,0,0
O=C(C(C)(C)C)/C(/C#N)=C(\[O-])/N1C[C@@H](C)O[C@H](C)C1,C55608493,,93.773689,1,0,0,0,0,0,0,0,0,0
S=C1N(C)[C@@H]([O-])[C@@H](Cc2cn(CC)nc2)S1,C71782810,,99.93235,1,0,0,0,0,0,0,0,0,0
O=C(CCC)N1[C@H](C(=O)[O-])COC21CCC(C)CC2,C71979813,,99.861313,1,0,0,0,0,0,0,0,0,0
Clc1c(F)cc(c(Cl)c1)-c1[nH]nc(C(=O)[O-])c1,C04244831,,97.481354,1,0,0,0,0,0,0,0,0,0
O=C([O-])[C@@]1(C)C(C)(C)[C@@H](c2[nH]c3ccc(C)cc3n2)CC1,C06413535,,40.930195,1,0,0,0,0,0,0,0,1,0
O=C([O-])[C@H](Nc1cc(C#N)ccc1)c1cc(C)ccc1,C20271830,,99.618027,1,0,0,0,0,1,0,0,0,0
[O-]c1c([C@H]2NN=C(c3oc(C)cc3)C2)ccc(C)c1,C20390511,,96.880791,1,0,0,0,0,0,0,0,0,0
Clc1c([O-])ccc(C(=O)Nc2sc3CCCc3n2)c1,C25767527,,81.683609,1,0,0,0,0,0,0,0,0,0
O=C(NC[C@H]1[C@@H](C)C1)c1nc([O-])c2ccccc2c1,C32386397,,99.750435,1,0,0,0,0,0,0,0,0,0
Oc1c(/N=C\c2nc3c([O-])cccc3cc2)cccc1,C00235891,,52.626362,1,0,0,0,0,1,0,0,0,0
Clc1cc(C)c(OCc2[nH]c([S-])nn2)cc1,C03457151,,98.887627,1,0,0,0,0,1,0,0,0,0
S(c1nc([O-])cc(C)n1)c1c([C@@H](NC)C)cc(F)cc1,C34668946,,98.388077,1,0,0,0,0,0,0,0,0,0
O=C(N[C@H]1[C@H](C)[C@@H](C)CCC1)CC1(C(=O)[O-])CCCC1,C35123084,,99.231911,1,0,0,0,0,0,0,0,0,0
[O-]c1nc(CN[C@H](C)c2sccc2)nc2ccsc12,C35132872,,61.69849,1,0,0,0,0,0,0,0,0,0
[O-]c1oc2cc([C@H](NC)c3cc(C)ccc3)ccc2n1,C35500733,,99.134087,1,0,0,0,0,0,0,0,0,0
[O-]c1oc2cc([C@H](NC)c3c(C)cccc3)ccc2n1,C35500757,,99.135201,1,0,0,0,0,0,0,0,0,0
[S-]C=1N(CC)C(=O)/C(=C\c2c(O)c(CC=C)ccc2)/N=1,C02777878,,81.595093,1,0,0,0,0,0,0,0,0,0
[S-]c1ncc(NC(=O)COc2c(C)ccc(C)c2)cc1,C36222413,,99.217796,1,0,0,0,0,0,1,0,0,0
Fc1c(/C=C\2/C(O)=N[C@@H]([C@@H](C)CC)C([O-])=N/2)cccc1,C36576250,,37.442581,1,0,0,0,0,0,0,0,0,0
Clc1cc(CNc2c(OC)nccc2)c([O-])cc1,C37070726,,96.971901,1,0,0,0,0,1,0,0,0,0
Clc1ccc2c([O-])nc(CNCC(F)(F)F)nc2c1,C37388784,,79.521484,1,0,0,0,0,1,0,0,0,0
Fc1cc(NC(=O)[C@@H]2C(C)(C)[C@@](C)(C(=O)[O-])CC2)ccc1,C38140912,,99.02562,1,0,0,0,0,0,0,0,1,0
O(C)c1cc([O-])c(-c2n[nH]c(-c3ccccc3)c2)cc1,C13126405,,56.710026,1,0,0,0,0,1,0,0,0,0
Clc1c([O-])ccc(C(=O)NC2(C#N)CCCC2)c1,C40217101,,78.56102,1,0,0,0,0,0,0,0,0,0
Clc1ccc([C@@H](O)c2ccc3nc([O-])oc3c2)cc1,C40258948,,99.579102,1,0,0,0,0,0,0,0,0,0
Clc1c(C[C@@H](O)c2ccc3nc([O-])oc3c2)cccc1,C40259028,,99.574348,1,0,0,0,0,0,0,0,0,0
Clc1cc(F)c([C@@H](O)c2ccc3nc([O-])oc3c2)cc1,C40259039,,99.584175,1,0,0,0,0,0,0,0,0,0
Clc1c(C)c(C2=C(C(=O)[O-])C(=O)NC=C2)ccc1,C41357770,,95.467545,1,0,0,0,0,1,0,0,0,0
O=C1N[C@](CC)(c2ccc3CCCCc3c2)C([O-])=N1,C41583535,,99.999176,1,0,0,0,0,1,0,0,0,0
OC[C@@H]1N(C(=O)c2c([O-])cc3ccccc3c2)CCCC1,C42356623,,72.344971,1,0,0,0,0,1,0,0,0,0
O=C(NCc1cscc1)c1c([O-])cc(OC)cc1,C42937491,,63.422993,1,0,0,0,0,1,0,0,0,0
FC(F)(F)c1c(C)ccc(NC(=O)[C@H]2[C@@H](C(=O)[O-])C2)c1,C44270003,,99.440887,1,0,0,0,0,0,0,0,1,0
O=C(N[C@@H]1[C@H](c2ccccc2)C1)c1c([O-])cc(OC)cc1,C44410346,,63.530224,1,0,0,0,0,1,0,0,0,0
O=C1N[C@@](c2c(C)cccc2)(c2ccccc2)C([O-])=N1,C44559932,,99.998589,1,0,0,0,0,1,0,0,0,0
Oc1cc(CC(=O)N(C)[C@@H](C)c2c([O-])cccc2)ccc1,C48815309,,96.254883,1,0,0,0,0,0,0,0,0,0
Clc1c([C@H](NC(=O)c2c([O-])cccn2)C)cccc1,C49512110,,66.566048,1,0,0,0,0,1,0,1,0,0
O=C([O-])/C=C/c1ccc(C(=O)N[C@H]2[C@@H](C)CCCC2)cc1,C49593788,,98.911903,1,0,0,0,0,0,0,0,0,0
Oc1c([O-])ccc(C(=O)CN(C)c2cc(C)ccc2)c1,C49988002,,51.073883,1,0,0,0,0,0,0,0,0,0
Clc1c(C#N)c(NC2CCC(C(=O)[O-])CC2)ccc1,C52903183,,98.968285,1,0,0,0,0,0,0,0,0,0
OCCN(C(=O)c1c([O-])cc(C)cc1)C1CCCCC1,C55476340,,67.825401,1,0,0,0,0,0,0,0,0,0
Oc1c(C(=O)CN2[C@@H](CC)CCCC2)ccc([O-])c1,C34988707,,47.820244,1,0,0,0,0,0,0,0,0,0
Fc1cc([C@@H](O)c2ccc3nc([O-])oc3c2)c(C)cc1,C62666114,,99.580666,1,0,0,0,0,0,0,0,0,0
Fc1cc([O-])c([C@@H](NCc2ccc3OCOc3c2)C)cc1,C62745014,,88.770576,1,0,0,0,0,0,0,0,0,0
Clc1c([O-])ncc(C(=O)NC(C)(C)CCC)c1,C50496816,,82.724129,1,0,0,0,0,0,0,0,0,0
Clc1c(C)c(C=2C(C(=O)[O-])=CC(=O)NC=2)ccc1,C65348026,,95.215042,1,0,0,0,0,0,0,0,0,0
Clc1c([O-])ccc(/C=C/c2sc(C(=O)NC)cn2)c1,C65589724,,76.951889,1,0,0,0,0,1,0,0,0,0
O=C([O-])[C@@H]1[C@@H](C(=O)N[C@@H]2CCc3ccccc3C2)C1(C)C,C68688876,,99.410629,1,0,0,0,0,0,0,0,0,0
[S-]c1c(C(=O)Nc2scc([C@@H](C)CC)n2)cccn1,C69490364,,98.174309,1,0,0,0,0,1,0,0,0,0
O=C(N[C@H]1C[C@H](C(=O)[O-])CCC1)/C=C/c1ccc(C)cc1,C70554612,,99.051102,1,0,0,0,0,0,0,0,0,0
O=C(NC(C)C)/C(/C#N)=C(\[O-])/C=C/c1cc(C)ccc1,C55607333,,94.292877,1,0,0,0,0,0,0,0,0,0
Fc1c(NC(=O)/C(/C#N)=C(/[O-])\[C@H](C)CC)ccc(F)c1,C55607568,,98.902374,1,0,0,0,0,0,0,0,0,0
Fc1cc(CC(=O)[O-])c(Nc2ccc(C#N)cc2)cc1,C71601456,,99.402435,1,0,0,0,0,1,0,0,0,0
Clc1c(C)c([C@@](O)(C)CC(=O)[O-])c(OC)cc1C,C71612422,,99.440231,1,0,0,0,0,1,0,0,0,0
Brc1ccc(-c2oc(CNc3nn[n-]n3)cc2)cc1,C04943016,,64.618462,1,0,0,0,0,1,0,0,0,0
Fc1ccc(CC(=O)Nc2cc(-c3nnn[n-]3)ccc2)cc1,C06698345,,97.311005,1,0,0,0,0,0,1,0,0,0
FC1(F)Oc2cc(NC(=O)[C@@H]3[C@@H](C(=O)[O-])CC=CC3)ccc2O1,C13256011,,99.364052,1,0,0,0,0,1,0,0,1,0
O=C([O-])[C@@H]1C(C)(C)[C@@](C)(C(=O)Nc2nc(C)cc(C)n2)CC1,C18191943,,98.895554,1,0,0,0,0,0,0,0,0,0
O=C(Nc1ccc2oc([O-])nc2c1)Cc1ccc(OC)cc1,C29835693,,99.489647,1,0,0,0,0,1,1,0,0,0
[S-]C=1N(/N=C/c2ccc(C)cc2)[C@H]([C@H]2N=NC=3CCCC2=3)NN=1,C38975969,,99.929535,1,0,0,0,0,0,0,0,0,0
Fc1ccc(-c2nc(/N=C(\[O-])/c3c(OC)cccc3)[nH]n2)cc1,C08726141,,97.483498,1,0,0,0,0,1,0,0,0,0
FC(F)(F)c1c(/C=N\NC(=O)c2nnc([O-])cc2)cccc1,C15723086,,81.187462,1,0,0,0,0,0,0,0,1,0
[O-]/C(=N\N=C\[C@H]1N=C2CCCCC2=C1)/[C@@H]1NN=C2CCCC[C@H]12,C39922504,,99.399826,1,0,0,0,0,0,0,0,0,0
O=C1CCc2c3c([O-])nc(NCc4ccc(C)cc4)nc3ncc12,C40375919,,51.549793,1,0,0,0,0,0,0,0,0,0
O=C(Nc1scc(-c2ccc3nc([O-])oc3c2)n1)C1CCC1,C41306238,,99.68013,1,0,0,0,0,0,0,0,0,0
Fc1ccc(CNc2nc([O-])c(Cc3occc3)nn2)cc1,C41602804,,75.437767,1,0,0,0,0,1,0,0,0,0
[S-]c1n(C)c(-c2c(C)nc(NC(=O)CC(C)C)s2)nn1,C42655713,,98.476509,1,0,0,0,0,1,0,0,0,0
Clc1sc([C@@H](N[C@H](C)c2nnn[n-]2)c2occc2)cc1,C44926261,,40.489273,1,0,0,0,0,0,0,0,0,0
Fc1c(C(=O)Nc2nc(-c3c(OC)cccc3)n[n-]2)ccc(F)c1,C48012074,,98.119324,1,0,0,0,0,0,0,0,0,0
Clc1c(N/N=C/2\C([O-])=NN=C\2c2ncccc2)cccc1,C49033427,,87.017242,1,0,0,0,0,0,0,0,0,0
Fc1c(F)ccc(CCC(=O)Nc2nc(-c3ncccc3)[n-]n2)c1,C53526883,,97.058449,1,0,0,0,0,1,0,0,0,0
S(Cc1nc([O-])c2ccccc2n1)C=1NC=2CCCC=2C(=O)N=1,C41607921,,74.772629,1,0,0,0,0,1,0,0,0,0
O=C(NCC1CCCC1)Cc1c([O-])nc(-c2cnccc2)nc1C,C58099638,,98.76088,1,0,0,0,0,1,0,0,0,0
Clc1nccc(C(=O)Nc2nc(-c3c(F)cccc3)n[n-]2)c1,C58433866,,98.424652,1,0,0,0,0,0,0,0,0,0
S(=O)(=O)([N-]/N=C\1/C(=O)Nc2ccc(CC)cc/12)c1ccccc1,C20816492,,95.39431,1,0,0,0,0,0,0,0,0,0
S(=O)(=O)([N-]/N=C/c1c(O)ccc(OC)c1)c1ccc(F)cc1,C59154104,,98.194847,1,0,0,0,0,1,0,0,0,0
Fc1ccc(C(=O)N/N=C/2\C([O-])=Nc3c(OC)cccc\23)cc1,C59154925,,99.999413,1,0,0,0,0,0,0,0,0,0
Clc1c([O-])c(/C=N/N(CC)c2n[nH]cn2)cc(Cl)c1,C59382120,,46.460224,1,0,0,0,0,0,0,0,0,0
S(=O)(=O)(Nc1ccc2oc([O-])nc2c1)c1ccc2CCCc2c1,C29855410,,98.477501,1,0,0,0,0,1,1,0,0,0
O=C(NCCCN1CCc2ccccc12)c1ccc2n[n-]nc2c1,C31254103,,62.107624,1,0,0,0,0,1,0,0,0,0
O=C(NC1CCCCCC1)[C@H]1ON=C(C2=C[C@@H]3N=CC=C3C=C2)[N-]1,C39958811,,98.484169,1,0,0,0,0,0,0,0,0,0
Clc1c(NC/C(/[O-])=N/c2n3C=CC=Cc3nn2)cccc1,C63647905,,99.155472,1,0,0,0,0,1,0,0,0,0
S([C@@H](C)c1ccccc1)c1nc([O-])c2cnn(CCO)c2n1,C07417999,,84.426628,1,0,0,0,0,0,0,0,0,0
O=C(Nc1ccc2ncnc([O-])c2c1)Cc1cc(OC)c(C)cc1,C63828906,,79.388908,1,0,0,0,0,1,0,0,0,0
Clc1cc(CN(CCC)C(=O)C=2N=C([O-])NC(=O)C=2)ccc1,C63856581,,99.928162,1,0,0,0,0,0,0,0,0,0
Fc1c(CC/C(/[O-])=N/c2[nH]nc(-c3occc3)n2)cc(F)cc1,C65044802,,96.447624,1,0,0,0,0,1,0,0,0,0
Clc1cc(C(=O)N[C@H]2N(C(CC)CC)N=C[C@H]2C)c([O-])nc1,C65372877,,57.868668,1,0,0,0,0,0,0,0,0,0
O=C(Nc1nc(-c2nc(C)ccc2)[n-]n1)C[C@H](C)C(C)(C)C,C66620633,,92.884102,1,0,0,0,0,0,0,0,0,0
[S-]c1n(C(C)C)c(CNC(=O)c2oc3ccc(C)cc3c2)nn1,C66640811,,99.269646,1,0,0,0,0,1,0,1,0,0
Clc1cc(Nc2c(C(=O)N3CCSCC3)n[n-]n2)ccc1,C67284644,,94.079369,1,0,0,0,0,0,0,0,0,0
FC1(F)Oc2cc(/N=C(\[O-])/C(=O)NCC(C)(C)C)ccc2O1,C67423681,,99.988197,1,0,0,0,0,0,0,0,0,0
FC(F)(F)c1nc(NC(=O)/C=C/c2oc([C@H]3[C@@H](C)C3)cc2)[n-]n1,C67660207,,87.803627,1,0,0,0,0,0,0,0,0,0
Fc1ccc(-c2nc(/N=C(\[O-])/C=C/c3occc3)[nH]n2)cc1,C08116500,,97.531349,1,0,0,0,0,0,0,0,0,0
Fc1ccc(-c2nc(/N=C(\[O-])/c3ccc(C#N)cc3)[nH]n2)cc1,C08116584,,97.226746,1,0,0,0,0,0,0,0,0,0
O=C(NC1CCCC1)/C(/C#N)=C(/[O-])\[C@@H](Oc1cc(C#N)ccc1)C,C63235998,,99.190315,1,0,0,0,0,0,0,0,0,0
[O-]c1c(/C=N/Nc2nc(-c3ccccc3)cnn2)cccc1,C04477897,,86.334427,1,0,0,0,0,0,0,0,0,0
[O-]c1nc(-c2cnc(N[C@@H](C)c3sccn3)cc2)nc(CC)c1,C68702469,,71.224876,1,0,0,0,0,1,0,0,0,0
[O-]c1nc(-c2cnc(N[C@@H]3COCCC3)cc2)nc(CC)c1,C68702499,,60.554115,1,0,0,0,0,0,0,0,0,0
S(CC)c1ncc(C(=O)Nc2ccc3oc([O-])nc3c2)cc1,C68723684,,99.263977,1,0,0,0,0,0,1,0,0,0
Oc1c(CN(CCC)C(=O)c2ccc3n[n-]nc3c2)cccc1,C69451743,,60.738033,1,0,0,0,0,1,0,0,0,0
Clc1cc(Cl)cc(O[C@H](C)/C(/[O-])=N/c2[nH]ncn2)c1,C69559766,,97.460861,1,0,0,0,0,0,0,0,0,0
O=C(Nc1nc(-c2ccc(C)cc2)n[n-]1)c1cc(C#N)ccc1,C08117106,,98.142136,1,0,0,0,0,0,0,0,0,0
O=C([O-])[C@@H]1[C@@H](C(=O)Nc2sc(C3CCCCC3)nn2)C1(C)C,C71287012,,99.370522,1,0,0,0,0,0,0,0,1,0
O=C(Nc1ccc2oc([O-])nc2c1)Cc1c(OC)cccc1,C31255087,,99.490097,1,0,0,0,0,1,1,0,0,0
[S-]c1n(Cc2c(F)cccc2)c(C2CC2)nn1,C20590134,,99.334373,1,0,0,0,0,1,0,1,0,0
Fc1cc(-n2c(C)c(/C=C/C(=O)[O-])cc2C)ccc1,C21952411,,97.300484,1,0,0,0,0,0,0,0,0,0
O=C([O-])/C=C/c1c(C)n(C2CCCCC2)c(C)c1,C12504749,,97.124916,1,0,0,0,0,0,0,0,0,0
S(Cc1n(C)c([S-])nn1)c1sccc1,C00126603,,99.3368,1,0,0,0,0,1,0,0,0,0
[S-]c1n(C2CC2)c(Cc2sccc2)nn1,C04206588,,99.372665,1,0,0,0,0,1,0,1,0,0
S(C(C)C)c1nc(-c2sccc2)n[n-]1,C35522837,,99.139053,1,0,0,0,0,0,0,0,0,0
FC(F)(OC[C@@H]1[C@@H](C)CC=CC1)C(=O)[O-],C36878413,,99.99865,1,0,0,0,0,0,0,0,0,0
Clc1c(F)ccc(C(=O)/C=C(/[O-])\CCOC)c1,C36890169,,99.998535,1,0,0,0,0,0,0,0,0,0
Fc1cc(C(=O)CN(C)[C@@H](C)CC)c([O-])cc1,C37336027,,66.149536,1,0,0,0,0,1,0,0,0,0
O=C([O-])Cc1sc2C[C@H](CCC)CCc2n1,C37743309,,99.582787,1,0,0,0,0,0,0,0,0,0
[S-]c1oc(C[C@H](C)c2ccccc2)nn1,C05869063,,92.846588,1,0,0,0,0,1,0,0,0,0
FC(F)(F)c1cc(CC(=O)[O-])c(OC)cc1,C38529586,,99.459412,1,0,0,0,0,0,0,0,0,0
FC(F)([C@H]([O-])c1c(C)ccc(C)c1)C(OCC)=O,C40539650,,99.999641,1,0,0,0,0,1,0,0,0,0
O=C([O-])[C@@H](CC)c1c(OC)cc(C)c(C)c1,C41240008,,99.331116,1,0,0,0,0,0,0,0,0,0
Fc1cc(OC/C(/C(C)C)=C/C(=O)[O-])ccc1,C41279815,,99.196907,1,0,0,0,0,0,0,0,1,0
Clc1c(OC)ccc(CC(=O)/C=C(\[O-])/C)c1,C41283967,,99.999474,1,0,0,0,0,0,0,0,0,0
O=C([O-])C1(OC2CCCCC2)CCSCC1,C41921110,,99.691299,1,0,0,0,0,0,0,0,0,0
FC(F)(F)Cc1nc(-c2ccccc2)n[n-]1,C42013436,,99.688217,1,0,0,0,0,0,0,0,0,0
Clc1ccc(CCn2c([S-])nnc2C)cc1,C42396541,,99.384239,1,0,0,0,0,1,0,1,0,0
O=C([O-])CC1(Cn2cccc2)CCCCC1,C43413947,,99.10936,1,0,0,0,0,0,0,0,0,0
[S-]c1n([C@@H](C)c2sc(C)cc2)c(CC)nn1,C49184570,,99.381119,1,0,0,0,0,1,0,1,0,0
[S-]c1n([C@@H](C(C)C)c2sccc2)c(C)nn1,C49558893,,99.36808,1,0,0,0,0,1,0,1,0,0
[O-]/C(=N\[C@H](C#N)c1sccc1)/c1sccc1,C49836344,,99.987022,1,0,0,0,0,0,0,0,0,0
O=C([O-])/C=C/c1sc(COC2CCC2)cc1,C50521182,,98.620087,1,0,0,0,0,0,0,0,0,0
[S-]c1n([C@@H](C)CCCC)c(C2CC2)nn1,C50889724,,99.42495,1,0,0,0,0,1,0,1,0,0
Fc1cc(N(C)CC2(C(=O)[O-])CCCC2)ccc1,C51290067,,99.172127,1,0,0,0,0,0,0,0,1,0
FC(F)([C@@H]([O-])c1cc(C)c(C)cc1)C(OCC)=O,C52254375,,99.999634,1,0,0,0,0,0,0,0,0,0
O(C)CCC(=O)C1=C([O-])CC[C@H](C(C)C)C1,C54557025,,88.886864,1,0,0,0,0,0,0,0,0,0
O=C([O-])[C@@](C)(Cc1c(C)cc(C)cc1C)C#N,C57519435,,99.893951,1,0,0,0,0,0,0,0,0,0
Fc1c(F)ccc(OCC2(C(=O)[O-])CCCC2)c1,C57544243,,99.358887,1,0,0,0,0,0,0,0,1,0
Clc1c([O-])ccc(C(=O)N(C)CC2CCC2)c1,C61482071,,77.704132,1,0,0,0,0,0,0,0,0,0
[S-]c1n([C@@H](C)Cc2ccc(F)cc2)c(C)nn1,C62056131,,99.399818,1,0,0,0,0,1,0,0,0,0
Fc1c(N(C)C2CC2)c(F)cc(/C=C/C(=O)[O-])c1,C62723165,,98.377548,1,0,0,0,0,0,0,0,0,0
FC(F)(F)[C@@H](O[C@@H]1C[C@@H](C)CCC1)CC(=O)[O-],C62761742,,99.701332,1,0,0,0,0,0,0,0,0,0
FC(F)(F)[C@H](CC(=O)[O-])N1CCC(C)(C)CC1,C62756832,,96.065941,1,0,0,0,0,0,0,0,0,0
S(C[C@H]1O[C@@H](C(=O)[O-])CC1)CC1CCCC1,C62835458,,99.738609,1,0,0,0,0,0,0,0,0,0
S(=O)(=O)([N-]c1c(C)ccc(F)c1)CC(C)C,C66577137,,97.772026,1,0,0,0,0,1,0,0,0,0
S(CC1CCCC1)Cc1cc(C(=O)[O-])ncc1,C68765313,,99.752899,1,0,0,0,0,0,0,0,0,0
FC(F)(F)[C@H]([O-])COc1ccc(CC#N)cc1,C68880138,,99.99794,1,0,0,0,0,1,0,0,0,0
Clc1c(OCC(=C)C(=O)[O-])ccc(F)c1,C69906994,,99.416611,1,0,0,0,0,0,0,0,1,0
Fc1ccc(N(CC)CC(=C)C(=O)[O-])cc1,C69907913,,99.18586,1,0,0,0,0,0,0,0,1,0
S(=O)(=O)([N-]c1c(C)ccc(F)c1)CCC,C70237906,,97.771217,1,0,0,0,0,1,0,0,0,0
O=C([O-])c1sc(N(CC2CC2)C2CC2)cc1,C70736645,,97.046837,1,0,0,0,0,0,0,0,0,0
[S-]c1n([C@H]2[C@@H](C)CCC2)c(CCC)nn1,C70833363,,99.418823,1,0,0,0,0,1,0,1,0,0
[S-]c1n([C@@H]2[C@@H](C)CCC2)c(CCC)nn1,C70833365,,99.418823,1,0,0,0,0,1,0,1,0,0
O=C([O-])C[C@]1(N(CC)CC)C[C@@H](C)CCC1,C70822981,,99.578445,1,0,0,0,0,0,0,0,0,0
O=C([O-])C[C@]1(N(CC)CC)C[C@H](C)CCC1,C70822989,,99.578445,1,0,0,0,0,0,0,0,0,0
Clc1c(C)cc(OC)c([C@@H](C)C(=O)[O-])c1,C71533787,,99.347931,1,0,0,0,0,0,0,0,0,0
Clc1c(OC)cc(C)c(C2(C(=O)[O-])CC2)c1,C71550280,,99.296814,1,0,0,0,0,0,0,0,0,0
Clc1c(C)c(C(=C)C(=O)[O-])c(OC)cc1C,C71550294,,99.385124,1,0,0,0,0,0,0,0,0,0
N(Cc1ccc(-c2ccccc2)cc1)c1nnn[n-]1,C13945840,,67.103165,1,0,0,0,0,1,0,0,0,0
Clc1c(Nc2nc([O-])c(C)nn2)cccc1,C08927444,,46.258842,1,0,0,0,0,0,0,0,1,0
[S-]c1[nH]c(-c2cc(OC)cc(OC)c2)nn1,C06520511,,98.156662,1,0,0,0,0,0,0,0,0,0
[O-]c1cnc(-c2ccc(-c3[nH]ncc3)cc2)nc1,C20233592,,26.087481,1,0,0,0,0,0,0,0,0,0
O=C(NC1CCCCC1)c1ccc2[n-]nnc2c1,C24153851,,62.097321,1,0,0,0,0,1,0,0,0,0
Clc1ccc(OC=2C(=O)NC([O-])=NC=2)cc1,C25984416,,99.93309,1,0,0,0,0,0,0,0,0,0
O=C(Nc1ccc2oc([O-])nc2c1)[C@@H]1[C@@H](C)C1,C31255721,,99.488724,1,0,0,0,0,0,0,0,0,0
O=C(N[C@H](C)Cn1nccc1)c1c([O-])ccc(C)c1,C31390081,,67.165611,1,0,0,0,0,1,0,0,0,0
O=C(NCCC1CCCCC1)c1nnc([O-])cc1,C30001935,,75.060295,1,0,0,0,0,0,0,0,0,0
[O-]c1nc(N/N=C\2/[C@H](C)CCCC/2)nc(C)c1,C17352422,,63.261856,1,0,0,0,0,0,0,0,0,0
S([C@@H]1/C(=N\O)/CCCCCC1)c1ncn[n-]1,C16382917,,75.146805,1,0,0,0,0,1,0,0,0,0
O(C)c1ccc(C=2NC(=O)C(CC)=C([O-])N=2)cc1,C35287930,,58.419048,1,0,0,0,0,0,0,0,0,0
O=C(Nc1nc([O-])c(CCC(C)C)c(C)n1)C,C18155565,,94.406738,1,0,0,0,0,0,0,0,0,0
O=C(NCC1CCCC1)N1CCC(C(=O)[O-])CC1,C37259107,,99.157181,1,0,0,0,0,0,0,0,0,0
O=C([O-])C[C@@H]1N(C(=O)NC2CCCC2)CCCC1,C40529672,,99.330437,1,0,0,0,0,0,0,0,0,0
Clc1cc([N+](=O)[O-])c([O-])c(/C=C/CO)c1,C40545413,,92.234657,1,0,0,0,0,0,0,0,0,0
O=C([O-])C[C@@H](NC(=O)N1CCCCCCC1)C,C40558001,,99.330315,1,0,0,0,0,0,0,0,0,0
O(CC(C)=C)c1ccc([C@]2(C)C([O-])=NC(=O)N2)cc1,C41583580,,99.999184,1,0,0,0,0,1,0,0,0,0
[O-]c1c(Cc2sccc2)nnc(NCC)n1,C41601460,,76.858635,1,0,0,0,0,0,0,0,0,0
O=C([O-])CC1(CN2C(=O)NCCC2)CCCCC1,C43413961,,98.997604,1,0,0,0,0,0,0,0,0,0
O=C(NC1CCC(C)CC1)c1ccc2nn[n-]c2c1,C12630019,,62.097298,1,0,0,0,0,1,0,0,0,0
O=C(N[C@H](C(C)(C)C)c1sccc1)c1n[n-]nc1,C48941524,,63.44532,1,0,0,0,0,0,0,0,0,0
O=C([O-])CCC(NC(=O)N1[C@H](C)CCCC1)(C)C,C50196538,,99.064888,1,0,0,0,0,0,0,0,0,0
N(CCC)[C@H]1CCCc2nc(-c3n[n-]cn3)sc12,C50330349,,98.437988,1,0,0,0,0,1,0,0,0,0
[O-]c1oc2ccc(NCC3CCOCC3)cc2n1,C52178276,,99.338676,1,0,0,0,0,0,0,0,0,0
O=C([O-])C[C@@H]1CN(C(=O)N[C@H](C)C(C)C)CCC1,C54303042,,99.096306,1,0,0,0,0,0,0,0,0,0
Fc1ccc([C@@H](C)C/C(/[O-])=N/c2[nH]ncn2)cc1,C48733940,,97.762581,1,0,0,0,0,1,0,0,0,0
[O-]/C(=N\c1[nH]nc(-c2ccc(C)cc2)n1)/C1CC1,C12921808,,97.339767,1,0,0,0,0,1,0,0,0,0
[O-]c1oc2ccc(N[C@@H]3CN(C)CC3)cc2n1,C61988495,,98.919479,1,0,0,0,0,0,0,0,0,0
O=C(Nc1ccc2oc([O-])nc2c1)[C@H](C)C1CC1,C62220213,,99.488441,1,0,0,0,0,1,0,0,0,0
O=C(NC(CC)CC)N1C[C@@](C)(C(=O)[O-])CCC1,C62871924,,99.253838,1,0,0,0,0,0,0,0,0,0
O=C(N[C@H](C)CCC)N1C[C@@](C)(C(=O)[O-])CCC1,C62872340,,99.253807,1,0,0,0,0,0,0,0,0,0
O=C(NCCCC)N1C[C@](C)(C(=O)[O-])CCC1,C62872514,,99.253883,1,0,0,0,0,0,0,0,0,0
O=C(N[C@H](C)[C@H](C)CC)N1C[C@](C)(C(=O)[O-])CC1,C62926553,,99.320641,1,0,0,0,0,0,0,0,0,0
O=C(N[C@@H](C)[C@H](C)CC)N1C[C@](C)(C(=O)[O-])CC1,C62926555,,99.320641,1,0,0,0,0,0,0,0,0,0
O(NC(=O)c1c([O-])cc(-n2cccc2)cc1)CC,C67288089,,58.835117,1,0,0,0,0,1,0,0,0,0
Fc1ccc(-c2nc(/N=C(\[O-])/CCC)[nH]n2)cc1,C28681289,,97.344231,1,0,0,0,0,1,0,0,0,0
O=C([O-])CC[C@@H](NC(=O)N1CC(C)(C)CCC1)C,C70314416,,99.068062,1,0,0,0,0,0,0,0,0,0
O=C(N[C@H]1[C@H](C)C[C@H](C)CC1)N(C)CCC(=O)[O-],C70534200,,99.334335,1,0,0,0,0,0,0,0,0,0
O=C([O-])c1ncc(NC[C@H]2[C@H](C)CCCC2)nc1,C71181695,,97.247467,1,0,0,0,0,0,0,0,0,0
O=C([O-])c1ncc(NC[C@H]2[C@@H](C)CCCC2)nc1,C71181696,,97.247467,1,0,0,0,0,0,0,0,0,0
O=C(N[C@H]1[C@H](C)CCC1)N1C[C@](C)(C(=O)[O-])CC1,C71210555,,99.320778,1,0,0,0,0,0,0,0,0,0
Fc1c([O-])nc(Nc2ccc(OC)cc2)nc1,C71261269,,93.183952,1,0,0,0,0,0,0,0,0,0
OC1=Nc2c(Cc3ccccc3)c(C)nn2C([O-])=C1,C71475814,,99.006256,1,0,0,0,0,0,0,0,0,0
S(=O)(=O)(N[O-])c1c(OC)cc(C(C)C)cc1,C71559800,,98.204163,1,0,0,0,0,1,0,1,0,0
O=C([O-])c1c(-c2c(C)cc(OCC)c(C)c2)[nH]cn1,C71586269,,79.954567,1,0,0,0,0,0,0,0,0,0
Fc1c(OC(C)C)ccc(-c2c(C(=O)[O-])nc[nH]2)c1,C71596549,,79.020119,1,0,0,0,0,0,0,0,0,0
Clc1c(O/C=C\2/OC([O-])=NN/2)ccc(Cl)c1,C71766630,,95.257149,1,0,0,0,0,0,0,0,0,0
[S-]/C(/NC(OCC)=O)=N\c1ccc(C#N)cc1,C71781604,,99.99765,1,0,0,0,0,0,0,0,0,0
N([C@H](C)C(C)(C)C)/C(=N\C#N)/N=C1C=C[N-]C=C1,C18189761,,57.259045,1,0,0,0,0,0,0,0,0,0
Brc1cc(-n2c(C3CC3)c(C(=O)[O-])nn2)ccc1,C11758879,,99.320885,1,0,0,0,0,0,0,0,0,0
O=C([O-])C(Oc1ccc2c(OC(=O)C=3CCCC2=3)c1)(C)C,C11954945,,99.78508,1,0,0,0,0,0,0,0,1,0
O=C(Cc1ccc(C)cc1)N1[C@H](c2nc([O-])cc(C)n2)CCC1,C19209585,,99.212212,1,0,0,0,0,0,0,0,0,0
S(=O)(=O)([N-]c1ccc(C#N)cc1)N1[C@@H](C)CCCC1,C20257917,,92.898453,1,0,0,0,0,1,0,0,0,0
[S-]c1n(c(-c2cnccc2)nn1)-c1cc(OC)ccc1,C13535204,,97.549286,1,0,0,0,0,1,0,1,0,0
[S-]c1n(/N=C/c2ccncc2)c(-c2c(C)cccc2)nn1,C06056335,,83.734474,1,0,0,0,0,1,0,0,0,0
FC(F)(F)c1nc([O-])c2ncn(Cc3ccccc3)c2n1,C26438794,,50.68924,1,0,0,0,0,0,0,0,0,0
Clc1n(C)c(/C(/[O-])=N/c2sc(CC)nn2)cc1Cl,C28963343,,96.945435,1,0,0,0,0,0,0,0,0,0
Clc1c([O-])cc2OC(=O)C=C(CC(OCC)=O)c2c1,C30822665,,88.740173,1,0,0,0,0,0,0,0,0,0
[S-]c1n(c(-c2n(CC)nc(C)c2)nn1)-c1ccccc1,C00121109,,98.071915,1,0,0,0,0,1,0,0,0,0
Fc1cc(/C=C/C(=O)[O-])c(-n2nnc3ccccc23)cc1,C37234541,,98.824875,1,0,0,0,0,0,0,0,0,0
Clc1n(C)nc(C)c1CSc1nc([O-])cc(C)n1,C37515543,,98.651535,1,0,0,0,0,0,0,0,0,0
[S-]c1n(CC=C)c(-c2c(C)nc3n2C=CC(C)=C3)nn1,C08684181,,98.445702,1,0,0,0,0,0,0,1,0,0
S(Cc1cc(F)ccc1)c1n2C(C)=CC([O-])=Nc2nn1,C04249958,,97.557816,1,0,0,0,0,1,0,0,0,0
O(CC)C(=O)/C(/[O-])=C/1\C(=O)c2cc(C)cc(C)c2OC\1,C41414316,,99.295944,1,0,0,0,0,0,0,0,0,0
O(CC)C(=O)[C@@H]1N(C(=O)c2c([O-])cc(C)cc2)CCC1,C42715293,,66.495438,1,0,0,0,0,1,0,0,0,0
O=C([O-])C1=C(C)N(c2cc(C)c(OC)cc2)C(=O)C=C1C,C43673737,,98.414406,1,0,0,0,0,0,0,0,1,0
[O-]/C(=N\c1sc(C(C)C)nn1)/N1C[C@H](CC)CCC1,C43696047,,97.532143,1,0,0,0,0,0,0,0,0,0
[S-]c1n(CCc2n(C)ccn2)c(-c2ccccc2)nn1,C45135860,,58.359364,1,0,0,0,0,1,0,1,0,0
Fc1c([C@@H](N(C)C(=O)c2ccc3nn[n-]c3c2)C)cccc1,C45192436,,62.101154,1,0,0,0,0,1,0,0,0,0
Fc1c(-c2nc(/N=C(\[O-])/c3nsnc3)sc2)cccc1,C48809868,,99.999771,1,0,0,0,0,0,0,0,0,0
S(Cc1nc([O-])c2cnn(C)c2n1)Cc1ccccc1,C48872467,,88.279617,1,0,0,0,0,0,0,0,0,0
O=C([O-])C[C@H]1N(C(=O)N(C)CC2CCCCC2)CCCC1,C48996796,,99.329315,1,0,0,0,0,0,0,0,0,0
Fc1c(F)ccc(/C(/[O-])=C(/C#N)\C(=O)c2nnsc2)c1,C49020674,,99.856155,1,0,0,0,0,0,0,0,0,0
O(C)[C@@H](CC)/C(/[O-])=N/c1sc2C(=O)CC(C)(C)Cc2n1,C49423677,,99.999123,1,0,0,0,0,1,0,0,0,0
[S-]c1n(c(-c2cnccc2)nn1)-c1c(OC)cc(F)cc1,C49569314,,97.352226,1,0,0,0,0,1,0,0,0,0
Clc1c(/C(/[O-])=N/c2ccc(C#N)cc2)nc(C(C)C)nc1,C50103126,,99.994942,1,0,0,0,0,0,0,0,0,0
Clc1c(Cn2c(C3CC3)c(C(=O)[O-])nn2)ccc(F)c1,C50223764,,99.174728,1,0,0,0,0,0,0,0,0,0
O=C([O-])CC[C@H]1N(C(=O)N(C)C2CCCCC2)CCCC1,C50928566,,99.068031,1,0,0,0,0,0,0,0,0,0
O=C([O-])CC[C@@H]1N(C(=O)N2[C@@H](C)[C@H](C)CCC2)CCCC1,C50931084,,99.068047,1,0,0,0,0,0,0,0,0,0
O=C1C(CN(C)c2ccccc2)=C([O-])N=C2N1C=CC=C2,C19118846,,98.56543,1,0,0,0,0,1,0,0,0,0
[S-]c1n(/N=C\c2c(F)cccc2)c(-c2ccncc2)nn1,C01237102,,65.832336,1,0,0,0,0,1,0,0,0,0
Clc1c(-n2c(C)c(C(=O)C(=O)[O-])c(C)n2)c(C)cc(C)c1,C57637390,,99.973343,1,0,0,0,0,0,0,0,0,0
O(CC)C(=O)/C(/[O-])=C/1\C(=O)c2c(C)ccc(OC)c2CC\1,C41474998,,98.44088,1,0,0,0,0,0,0,0,0,0
FC(F)(F)c1nn(-c2c(C(=O)[O-])c(C)cc(C)n2)cc1,C43298369,,99.64061,1,0,0,0,0,0,0,0,0,0
C(N1CCc2nc(-c3ncn[n-]3)sc2C1)c1ccccc1,C61844291,,92.484955,1,0,0,0,0,1,0,0,0,0
Fc1cc(CN2CCOCC2)cc2c(C)c(C(=O)[O-])oc12,C62182623,,84.892441,1,0,0,0,0,0,0,0,0,0
Fc1c(F)cccc1Oc1n(C)nc(C)c1/C=C/C(=O)[O-],C62616438,,97.034637,1,0,0,0,0,0,0,0,0,0
O=C(N1C[C@@H](C)CC1)N1C[C@](CCC)(C(=O)[O-])CCC1,C62874389,,99.270096,1,0,0,0,0,0,0,0,0,0
O=C(N1[C@@H](C)CCCC1)N1C[C@@](CCC)(C(=O)[O-])CC1,C62922342,,99.334511,1,0,0,0,0,0,0,0,0,0
O=C(N1C[C@H](CC)CCC1)N1C[C@](CCC)(C(=O)[O-])CC1,C62925577,,99.334656,1,0,0,0,0,0,0,0,0,0
O=C(N(C)CC1CCCCC1)N1C[C@](C)(C(=O)[O-])CC1,C62926389,,99.319344,1,0,0,0,0,0,0,0,0,0
O=C(N1C[C@@](CC)(C(=O)[O-])CC1)N1CCC(C)(CC)CC1,C62960242,,99.329384,1,0,0,0,0,0,0,0,0,0
O(C(C)C)c1c([C@@H]2SCC([O-])=NC3=NN=C[C@H]23)cccc1,C20717311,,69.445045,1,0,0,0,0,1,0,0,0,0
O(C)c1ccc([C@@H]2N=C([O-])C3=NN=C(c4sccc4)[C@H]23)cc1,C63473443,,98.340309,1,0,0,0,0,0,0,0,0,0
O=C([O-])c1c(C2CC2)nc(N2C[C@@H](C)OC(C)(C)C2)s1,C69182133,,98.815796,1,0,0,0,0,0,0,0,0,0
Cl[C@H](C(S(=O)(=O)C)(C)C)c1ccc2nc([O-])oc2c1,C70132066,,99.577362,1,0,0,0,0,0,0,0,0,0
S(=O)(=O)([N-]C1(C#N)CCCCC1)c1c(C)ccc(C#N)c1,C70430454,,83.836014,1,0,0,0,0,0,0,0,0,0
Fc1c(OC)ccc(CN2[C@](C)(CC)C([O-])=NC2=O)c1,C70508378,,99.999725,1,0,0,0,0,0,0,0,0,0
S=C1N(c2ccccc2)C([O-])=C2C=CC(C(OC)=O)=CC2=N1,C05894181,,99.967575,1,0,0,0,0,0,0,0,0,0
Fc1c(NC(=O)C[C@@H](C)CC(=O)[O-])ccc(F)c1,C00100913,,99.080452,1,0,0,0,0,1,0,0,1,0
O=C(NC(C)(C)C)CC1(C(=O)[O-])CCCC1,C03357035,,99.230988,1,0,0,0,0,0,0,0,0,0
Clc1c([O-])ccc(C(=O)NCCOC)c1,C19837149,,77.987473,1,0,0,0,0,0,0,0,0,0
Clc1cc(CNCC(OC)=O)c([O-])cc1,C19885521,,96.084175,1,0,0,0,0,1,0,0,0,0
O=C([O-])Cc1c(C)[nH]c2cccc(OC)c12,C20269483,,99.22509,1,0,0,0,0,0,0,0,0,0
[S-]c1n(NCc2c(C)cccc2)cnn1,C07601230,,99.168709,1,0,0,0,0,1,0,1,0,0
O=C(N[C@H](C)C1CC1)CC1(C(=O)[O-])CCCCC1,C35733485,,99.226814,1,0,0,0,0,0,0,0,0,0
O[C@](C)(CC(=O)[O-])c1c(OC)cc(C)c(C)c1,C36164108,,99.434052,1,0,0,0,0,1,0,0,0,0
S(=O)(=O)([N-]c1cc(C#CCO)ccc1)C(C)C,C37657769,,98.06842,1,0,0,0,0,1,0,0,0,0
O=C([O-])/C=C/C(=O)N[C@H]1[C@H](CC)CCCC1,C37794485,,99.545471,1,0,0,0,0,0,0,0,0,0
O[C@H](CCCC(=O)[O-])c1ccc2OCCCc2c1,C38058285,,98.981438,1,0,0,0,0,0,0,0,0,0
Clc1c([O-])ccc(C(=O)N[C@@H](CC)C#N)c1,C40351122,,78.613853,1,0,0,0,0,1,0,0,0,0
FC(F)Oc1cc([C@@](O)(C)C(=O)[O-])ccc1,C40734133,,99.79509,1,0,0,0,0,1,0,0,0,0
O=C([O-])Cc1c(C)nc(NC(C)(C)C)s1,C41249981,,99.384003,1,0,0,0,0,0,0,1,0,0
Clc1cc(C)c(OC[C@@H](O)CC(=O)[O-])cc1,C41291510,,99.460907,1,0,0,0,0,1,0,0,0,0
OCCN(CC)c1nc2c([O-])cccc2cc1,C41669608,,58.592957,1,0,0,0,0,0,0,0,0,0
Fc1c(C(=O)NCCCOC)c([O-])cc(F)c1,C49446457,,77.973526,1,0,0,0,0,1,0,1,0,0
Fc1c(C(=O)NCCOCC)c([O-])cc(F)c1,C49448483,,78.250656,1,0,0,0,0,0,0,1,0,0
[S-]c1sc(NCCN2CCCCC2)nn1,C49575329,,98.483284,1,0,0,0,0,1,0,0,0,0
Fc1c(C(=O)NC(C)C)ccc(/C=C/C(=O)[O-])c1,C49594455,,98.975883,1,0,0,0,0,1,0,0,0,0
O=C([O-])/C=C/c1ccc(C(=O)NCC2CC2)cc1,C49594565,,98.911934,1,0,0,0,0,0,0,0,0,0
O=C([O-])C1(C(=O)N[C@@H](C)[C@@H](C)CC)CCC1,C50291837,,99.694534,1,0,0,0,0,0,0,0,0,0
O=C([O-])/C=C/C(=O)N[C@H]1CCc2ccccc2C1,C51631260,,99.546669,1,0,0,0,0,0,0,0,0,0
FC(F)Oc1cc([C@@](O)(C)CC(=O)[O-])ccc1,C52249137,,99.422424,1,0,0,0,0,1,0,0,0,0
Clc1c([O-])ccc([C@@H](O)[C@@H](C)C(OC)=O)c1,C52250184,,74.428535,1,0,0,0,0,0,0,0,0,0
[S-]c1sc(NCCN(C)C(C)C)nn1,C54128923,,98.543503,1,0,0,0,0,1,0,0,0,0
S(=O)(=O)([N-]c1cc(C)cc(C)c1)CCCO,C57534217,,98.392456,1,0,0,0,0,1,0,0,0,0
OCCCN(C(C)C)C(=O)c1c([O-])c(C)ccc1,C38098664,,69.314781,1,0,0,0,0,1,0,0,0,0
O[C@@H]1CCCc2cc(O[C@@H](C)C(=O)[O-])ccc12,C44746155,,99.8125,1,0,0,0,0,0,0,0,0,0
S(=O)(=O)(NCC)[N-]c1c(F)cccc1,C62124032,,85.598175,1,0,0,0,0,1,0,0,0,0
S(=O)(=O)(NCC)[N-]c1ccc(F)cc1,C62124233,,90.931351,1,0,0,0,0,1,0,0,0,0
[O-]C=1/C(=C/NCc2ccc(C)cc2)/C(C)=NN=1,C18140608,,99.809364,1,0,0,0,0,0,0,0,0,0
O=C(NC(C)(C)C#C)CC1(C(=O)[O-])CCCC1,C70118183,,99.241699,1,0,0,0,0,0,0,0,0,0
[O-]c1nc(CNC(C)(C)C#C)nc2ccsc12,C70119349,,87.580078,1,0,0,0,0,0,0,0,0,0
O[C@@]1([C@@H](CC)C(=O)[O-])C[C@](C)(CC)OCC1,C70372502,,99.336777,1,0,0,0,0,0,0,0,0,0
O=C([O-])/C=C/C(=O)NCC[C@@H]1C[C@H](C)CCC1,C70538205,,99.545349,1,0,0,0,0,0,0,0,0,0
O=C([O-])[C@@H]1C[C@@H](NC(=O)c2cscc2)CCC1,C70553893,,99.051712,1,0,0,0,0,1,0,0,0,0
Clc1cc(C)c(OC[C@@](O)(C)C(=O)[O-])cc1,C70713022,,99.820007,1,0,0,0,0,1,0,0,0,0
Clc1c(C)cc(OC[C@](O)(C)C(=O)[O-])cc1,C70713125,,99.820099,1,0,0,0,0,0,0,0,1,0
S(=O)(=O)([N-]c1c(C)cc(O)cc1)C(F)F,C70735608,,86.575371,1,0,0,0,0,1,0,0,0,0
O=C([O-])CC[C@H]1CNc2ccc(OCC)cc12,C71483622,,99.005272,1,0,0,0,0,0,0,0,0,0
O=C([O-])CC[C@H]1CNc2cc(OC)ccc12,C71483631,,99.001366,1,0,0,0,0,0,0,0,0,0
[S-]c1[nH]c(C[C@H](C)c2cn(C)cc2)nn1,C71524552,,99.349777,1,0,0,0,0,1,0,1,0,0
O[C@](C)(CC(=O)[O-])c1cc(CC)c(OC)cc1,C71548688,,99.408669,1,0,0,0,0,1,0,0,0,0
O[C@](C)(CC(=O)[O-])c1c(C)n(C)c2ccccc12,C71561640,,99.388954,1,0,0,0,0,1,0,0,0,0
[S-]c1[nH]c(C[C@H](C(C)C)c2cn(C)cc2)nn1,C71572664,,99.348526,1,0,0,0,0,1,0,0,0,0
Fc1c(CC(=O)[O-])c(NC[C@H]2OCCC2)ccc1,C71574579,,99.471886,1,0,0,0,0,1,0,1,0,0
Fc1cc(CC(=O)[O-])c(NC[C@@H]2OCCC2)cc1,C71574584,,99.362648,1,0,0,0,0,0,0,1,0,0
O=C([O-])Cc1c(-c2ccc3CCCc3c2)[nH]c(C)n1,C71577553,,64.930649,1,0,0,0,0,1,0,0,0,0
[O-]C=1CC(C)(C)C/C(=N\CCc2nc[nH]c2)/C=1,C16957149,,51.362255,1,0,0,0,0,0,0,0,0,0
Fc1cc(C(=O)[O-])c2c(C=O)n[nH]c2c1,C14983852,,98.290215,1,0,0,0,0,0,0,0,0,0
OC1(C/C=C/C(=O)[O-])CCCCC1,C01593028,,99.00869,1,0,0,0,0,0,0,0,0,0
O=C([O-])/C=C/C(=O)NC1CCCCCC1,C04661268,,99.54525,1,0,0,0,0,0,0,0,0,0
O=C1N[C@](C)(c2sc(C)cc2)C([O-])=N1,C19266475,,99.99913,1,0,0,0,0,1,0,0,0,0
Oc1c([N+](=O)[O-])c([O-])ccc1,C19690527,,84.419907,1,0,0,0,0,0,0,0,0,0
O=C1C(c2ccccc2)=CC(C#N)=C([O-])N1,C06493998,,99.964355,1,0,0,0,0,0,0,1,0,0
Clc1c([O-])ccc(C(=O)NCC#C)c1,C19836520,,78.312851,1,0,0,0,0,0,0,0,0,0
O=C(NCCCC)c1ccc([O-])cc1,C19838389,,83.496368,1,0,0,0,0,0,0,0,0,0
S(Cc1[nH]nc([O-])c1)c1ncccc1,C00091681,,65.888016,1,0,0,0,0,0,0,0,0,0
[O-]c1c(c(C)n[nH]1)C1=NCCCCC1,C04629171,,99.872238,1,0,0,0,0,0,0,0,0,0
O=C1N[C@](C)(C2CCCCC2)C([O-])=N1,C01661259,,99.999512,1,0,0,0,0,0,0,0,0,0
O(C)c1cccc2NC([O-])=CC(=O)c12,C19045872,,89.969994,1,0,0,0,0,1,0,0,0,0
S=C1NC([O-])=C(C(C)C)C(C)=N1,C18324334,,99.922508,1,0,0,0,0,0,0,0,0,0
[S-]C=1N(C[C@@H](C)CC)C(=O)NN=1,C00127782,,78.236244,1,0,0,0,0,1,0,1,0,0
[S-]c1[nH]c([C@H](C)CC)nn1,C37404928,,99.364632,1,0,0,0,0,1,0,0,0,0
P(O)(=O)([O-])C[C@H]1C[C@H](C)CCC1,C37629953,,99.533318,1,0,0,0,0,0,0,0,0,0
O[C@@H]1[C@H](C(=O)[O-])C(C)(C)CCC1,C37631013,,99.321327,1,0,0,0,0,0,0,0,0,0
OC[C@H](/N=C\1/CCCC([O-])=C/1)CC,C11565189,,94.805565,1,0,0,0,0,0,0,0,0,0
[S-]c1sc(N[C@H](C)C(C)C)nn1,C20581416,,97.4245,1,0,0,0,0,1,0,0,0,0
O[C@@H]([C@H](C)CC)c1ccc2nc([O-])oc2c1,C40259009,,99.571724,1,0,0,0,0,0,0,0,0,0
O[C@@H]([C@H]1[C@H](C)C1)c1ccc2nc([O-])oc2c1,C40259081,,99.572334,1,0,0,0,0,0,0,0,0,0
[O-]c1c(-c2nc(CC)[nH]n2)cccc1,C40488325,,92.000221,1,0,0,0,0,1,0,0,0,0
[O-]c1c(C#N)c(Nc2cnccc2)sn1,C40567714,,99.289978,1,0,0,0,0,1,0,0,0,0
OC1(C(=O)[O-])CCC(C(C)(C)C)CC1,C40733712,,99.687759,1,0,0,0,0,0,0,0,0,0
[S-]c1[nH]c([C@H]2C[C@H]3CC[C@@H]2C3)nn1,C42175662,,99.357109,1,0,0,0,0,1,0,0,0,0
O=C([O-])C=1C(=O)Nc2cc(C)c(C)cc2N=1,C45796224,,99.765488,1,0,0,0,0,0,0,0,0,0
OCc1c(OC)ccc(/C=C/C(=O)[O-])c1,C49627689,,98.618835,1,0,0,0,0,0,0,0,0,0
O=C([O-])C1(C(=O)NC(C)(C)CC)CCC1,C50289586,,99.693977,1,0,0,0,0,0,0,0,0,0
O=C(CC1CCCCC1)/C(/C#N)=C(\[O-])/NC,C51347864,,87.511665,1,0,0,0,0,0,0,0,0,0
O[C@@]1(CC(=O)[O-])C[C@@H](C)CC(C)(C)C1,C52248988,,99.343796,1,0,0,0,0,0,0,0,0,0
O[C@]1(C(C)(C)C(=O)[O-])[C@H](C)CCCC1,C52266754,,99.209442,1,0,0,0,0,0,0,0,0,0
O[C@]1(C(C)(C)C(=O)[O-])C[C@@H](C)CCC1,C52266783,,99.208351,1,0,0,0,0,0,0,0,0,0
[O-]c1ccc2c(oc3cc(NC)nnc23)c1,C54931059,,94.288361,1,0,0,0,0,0,0,0,0,0
N#C/N=C/1\N[C@H](C)c2ccccc2[N-]\1,C16609775,,98.925095,1,0,0,0,0,0,0,0,0,0
O=C([O-])C=1N=C(C(C)(C)C)NC(=O)C=1,C58035967,,94.095879,1,0,0,0,0,0,0,0,0,0
O=C([O-])[C@]1(NCC#C)CCc2ccccc12,C41730959,,75.603554,1,0,0,0,0,1,0,0,1,0
Fc1cc([C@](NCC#C)(C)C(=O)[O-])ccc1,C41731222,,71.770309,1,0,0,0,0,0,0,0,0,0
[S-]C=1N(c2c(C)cccc2)C(=O)NN=1,C61591519,,61.524837,1,0,0,0,0,1,0,0,0,0
FC(F)([C@@H](O)CC(C)(C)C)C(=O)[O-],C61840796,,99.9953,1,0,0,0,0,0,0,0,0,0
O(C)c1c(N/C=C\2/C([O-])=NN=C/2)cccc1,C06294961,,99.769112,1,0,0,0,0,0,0,0,0,0
Fc1cc(O)c(-c2cc([O-])cnc2)cc1,C65339029,,75.080383,1,0,0,0,0,0,0,0,0,0
[S-]C=1NC(=O)c2cc(C)ccc2N=1,C05588163,,99.85424,1,0,0,0,0,1,0,0,0,0
O(C)C(C)(C)C[C@@]1(C)[C@@H](C(=O)[O-])CNC1,C68949791,,99.040703,1,0,0,0,0,0,0,0,0,0
O[C@]1([C@@H](C(C)C)C(=O)[O-])C[C@@H](C)OCC1,C69899369,,99.346062,1,0,0,0,0,0,0,0,0,0
O[C@@](C)(COC1CCCCC1)C(=O)[O-],C70713045,,99.796288,1,0,0,0,0,0,0,0,0,0
O[C@]1(CC(=O)[O-])C[C@@H](CC)CC1,C70766793,,99.343445,1,0,0,0,0,0,0,0,0,0
O[C@@]1(C(C)(C)C(=O)[O-])C[C@H](CC)CC1,C70767044,,99.210678,1,0,0,0,0,0,0,0,0,0
S(=O)(=O)(N[O-])c1c(C)cc(C)c(C)c1,C71519308,,98.208832,1,0,0,0,0,1,0,1,0,0
Oc1c(CC)cc(C(=O)C)c([O-])c1,C71617754,,39.981667,1,0,0,0,0,0,0,0,0,0
FC(F)(F)[C@@H](O)[C@@](C)(CC)C(=O)[O-],C71624653,,99.608078,1,0,0,0,0,0,0,0,0,0
O=[N+]([O-])c1ccc(/C=C(\C(=O)[O-])/C(/C)=C/C(=O)[O-])cc1,C01830092,,98.07885,1,0,0,0,0,0,0,0,0,0
O=[N+]([O-])c1ccc([C@H]2C[C@@H](C(=O)[O-])[C@@H](C(=O)[O-])CC2)cc1,C12429170,,98.288918,1,0,0,0,0,0,0,0,0,0
Clc1c(OCC(=O)[O-])c(OCC)cc(/C=C/C(=O)[O-])c1,C13747309,,98.53746,1,0,0,0,0,0,0,0,0,0
O=C([O-])C1CCN(c2nc([O-])c(-c3ccc(OC)cc3)nn2)CC1,C19689892,,88.116692,1,0,0,0,0,0,0,0,0,0
O=[N+]([O-])c1c([O-])nc(/C=C/c2cc(OC)ccc2)nc1[O-],C15685009,,98.446709,1,0,0,0,0,0,0,0,0,0
Clc1cc(/C=C/c2nc([O-])c([N+](=O)[O-])c([O-])n2)ccc1,C09234786,,98.463768,1,0,0,0,0,0,0,0,0,0
O=C([O-])c1c(C)n(-c2nc([O-])cc(CCCC)n2)nc1,C19936253,,96.848763,1,0,0,0,0,0,0,0,0,0
O=C([O-])c1c(CC)c2C(=O)N=C([O-])N(CCCC)c2nc1,C20216667,,99.282822,1,0,0,0,0,0,0,0,0,0
O=C([O-])c1cnn2C(C(=O)[O-])=CC(c3cc(OC)ccc3)=Nc12,C20605536,,97.022461,1,0,0,0,0,0,0,0,0,0
S(CC(=O)c1c([O-])cc([O-])cc1)c1oc(C2CCCCC2)nn1,C22892157,,43.094906,1,0,0,0,0,0,0,0,0,0
S(CC(=O)[O-])c1nc(COc2ccc(C(C)C)cc2)n[n-]1,C26473480,,99.129158,1,0,0,0,0,1,1,1,1,0
S(CC(=O)[O-])c1nc(COc2ccc(C(C)(C)C)cc2)n[n-]1,C26473550,,99.129173,1,0,0,0,0,0,0,1,1,0
S=C1S/C(=C\c2c(C(=O)[O-])c(OC)c(OC)cc2)/C([O-])=N1,C34856047,,97.904312,1,0,0,0,0,0,0,0,0,0
Clc1cccc2c([O-])c(/C(/[O-])=N/c3sc(CC)nn3)cnc12,C13693216,,97.233093,1,0,0,0,0,1,0,0,0,0
O=C([O-])c1cc(CC)nc2N(CCC)C([O-])=NC(=O)c12,C37288897,,98.958603,1,0,0,0,0,0,0,0,0,0
Clc1cc(/C=C\c2nc([O-])c([N+](=O)[O-])c([O-])n2)ccc1,C13124695,,98.463768,1,0,0,0,0,0,0,0,0,0
FC(F)(F)/C(/[O-])=N/c1n2C([O-])=C(CC)C(C)=Nc2nn1,C08716762,,87.991905,1,0,0,0,0,1,0,0,0,0
Fc1cc(/C=C\c2nc([O-])c([N+](=O)[O-])c([O-])n2)ccc1,C20027204,,98.503403,1,0,0,0,0,0,0,0,0,0
[S-][C@@H]1N(/N=C/c2ccc(C(=O)[O-])cc2)[C@H]([C@@H]2N=NC(C)=C2)N=N1,C39591598,,59.742542,1,0,0,0,0,0,0,0,0,0
O=C([O-])c1n(-c2nc([O-])c(C)nn2)nc(CC(C)C)c1,C41125469,,78.013206,1,1,0,0,0,0,0,0,1,0
O=[N+]([O-])c1ccc([C@H]2[C@H](C(=O)[O-])[C@H](C(=O)[O-])CC=C2)cc1,C44804355,,98.546722,1,0,0,0,0,0,0,0,0,0
S(C)C/C(/[O-])=N/c1sc(-c2n(C)c([S-])nn2)c(C)n1,C47436205,,98.540176,1,0,0,0,0,1,0,0,0,0
O=[N+]([O-])c1cccc2cc(/C(/[O-])=N/c3scnn3)[n-]c12,C48316850,,97.750717,1,0,0,0,0,0,0,0,0,0
Clc1c(OCc2nc([O-])c(CC(=O)[O-])cn2)cccc1,C49468617,,98.261772,1,0,0,0,0,0,1,0,0,0
O=C([O-])/C=C/c1ccc(/C(/[O-])=N/c2scnn2)cc1,C49594121,,96.467308,1,0,0,0,0,0,0,0,0,0
O=C([O-])/C=C/c1sc(CN2C(=O)C=CC([O-])=N2)cc1,C43692406,,63.306694,1,0,0,0,0,0,0,0,1,0
O=C([O-])c1cc(C(=O)[O-])cc(-n2c(C(C)(C)C)nnn2)c1,C50309192,,98.999039,1,0,0,0,0,0,0,0,0,0
S(c1nc([O-])ccn1)c1c(C(=O)[O-])nc(C(C)C)nc1,C50364645,,99.093414,1,0,0,0,0,0,0,1,1,0
S(CC(=O)[O-])c1nc(-c2ccc3OCCc3c2)n[n-]1,C50892388,,98.731918,1,0,0,0,0,0,1,1,1,0
O=[N+]([O-])c1c(/C=C(\C#N)/c2nc3cc(C)ccc3[n-]2)cc([O-])cc1,C37342112,,34.809338,1,0,0,0,0,0,0,0,0,0
S(c1c(C(=O)[O-])cc2CCCCc2n1)c1ncn[n-]1,C54553830,,98.1381,1,0,0,0,0,0,0,0,0,0
O=[N+]([O-])c1ccc([C@H](Cc2oc(C(=O)[O-])cc2)C(=O)[O-])cc1,C57751132,,99.294174,1,0,0,0,0,0,0,0,0,0
S([C@@H](C(C)C)C(=O)[O-])c1nc([O-])c(C#N)c(-c2occc2)n1,C57849360,,96.207146,1,0,0,0,0,0,0,0,1,0
O=[N+]([O-])c1ccc(-c2nc([O-])cc(CC(=O)[O-])n2)cc1,C58037215,,98.005569,1,0,0,0,0,0,0,0,0,0
O=C([O-])Cc1nc(-c2c(OC)c(OC)ccc2)nc([O-])c1,C58037151,,97.631729,1,1,0,0,0,0,0,0,0,0
S(C(F)(F)C(=O)[O-])c1nc2cc([N+](=O)[O-])ccc2[n-]1,C59457502,,56.216385,1,0,0,0,0,0,0,0,0,0
O=C([O-])Cc1ccc(-n2c(C(C)C)c(C(=O)[O-])nn2)cc1,C62266169,,98.621819,1,0,0,0,0,0,0,0,0,0
O=C([O-])[C@@H](CC)n1c(CCC2CCCCC2)c(C(=O)[O-])nn1,C62279787,,99.085678,1,0,0,0,0,0,0,0,0,0
O=C([O-])CCn1c(c(C(=O)[O-])nn1)-c1ccc(C(C)(C)C)cc1,C62302055,,98.782494,1,0,0,0,0,0,0,0,1,0
O=C([O-])C(C)(C)n1c(CCc2ccc(C)cc2)c(C(=O)[O-])nn1,C62317850,,99.017059,1,1,0,0,0,0,0,0,0,0
O=C(N1CCC(C)(C(=O)[O-])CC1)c1c([O-])cc(OC)cc1,C62842132,,63.558491,1,0,0,0,0,1,0,0,1,0
[O-]/C(=N\c1cnccc1)/C1=NN=C(c2c([O-])cccc2)C1,C06040009,,88.014832,1,0,0,0,0,1,0,0,0,0
S(=O)(=O)([N-]c1c(C)ccc(F)c1)c1ccc2nc([O-])oc2c1,C11175697,,95.646988,1,0,0,0,0,1,1,0,0,0
Clc1c(Sc2nc(CC)n[n-]2)c([N+](=O)[O-])cc(C(=O)[O-])c1,C70462483,,99.142433,1,0,0,0,0,0,0,0,0,0
S(=O)(=O)([N-]c1c(C(=O)[O-])c2CCCCc2s1)CCCOC,C71234659,,76.813904,1,0,0,0,0,0,0,1,0,0
O=[N+]([O-])c1ccc(CC2=C([O-])n3nccc3N=C2[O-])cc1,C71475055,,99.287727,1,0,0,0,0,0,0,0,0,0
O=C([O-])CC1=Nc2n(C([O-])=C1)nc(C1CCCCC1)c2,C71470112,,99.360909,1,0,0,0,0,0,0,1,0,0
FC1=Cn2c(/N=N\c3ccc([O-])cc3)c(C(=O)[O-])nc2C=C1,C71591673,,59.079552,1,0,0,0,0,0,0,0,0,0
O=C([O-])c1nn(c([O-])n1)-c1scc(-c2c(C)cc(C)cc2C)n1,C71676160,,99.380928,1,0,0,0,0,0,0,0,0,0
O=C([O-])CCN(Cc1oc(C(=O)[O-])cc1)C1CCCC1,C71741698,,96.325424,1,0,0,1,0,0,0,0,1,0
O=C([O-])c1oc(CN2CCN(Cc3oc(C(=O)[O-])cc3)CC2)cc1,C19359254,,90.514992,1,0,0,0,0,0,1,0,1,0
O=C([O-])c1nc(/N=C(\[O-])/c2cc(OC)cc(OC)c2)sc1,C20332355,,99.549675,1,0,0,0,0,0,0,0,0,0
O=C([O-])C[C@H]1C(=O)N=C([N-]N=C2CCC(C(C)(C)C)CC2)S1,C00969372,,70.591286,1,0,0,0,0,0,0,0,0,0
O=C([O-])CCc1c([O-])nc(-c2cc(OC)c(OCC=C)cc2)nn1,C34761984,,86.600655,1,0,0,0,0,0,0,0,1,0
S(=O)(=O)([N-]c1c(C(OC)=O)c2CCCc2s1)CCC(=O)[O-],C37464684,,92.289505,1,0,0,0,0,0,0,0,0,0
S(=O)(=O)([N-]c1cc(C)c(C)cc1)N1[C@@H](C(=O)[O-])CCCC1,C37655700,,96.801567,1,0,0,0,0,1,0,0,1,0
S(=O)(=O)(N(C)[C@@H](C)c1c([O-])cccc1)CCCC(=O)[O-],C37838911,,96.965073,1,0,0,0,0,1,0,0,1,0
[S-][C@@H]1N(/N=C/c2c(C(=O)[O-])cccc2)[C@@H]([C@H]2N=NC(C)=C2)N=N1,C38690045,,60.008816,1,0,0,0,0,0,0,0,0,0
S(CC(=O)N1C[C@@]2(C)CC(C)(C)C[C@@H]1C2)[C@@H](CC(=O)[O-])C(=O)[O-],C39949016,,98.723045,1,0,0,0,0,0,0,0,0,0
S([C@H](C)C(=O)[O-])c1nc([O-])c(CCC(OC(C)C)=O)nn1,C20396045,,70.346291,1,0,0,0,0,0,0,0,1,0
S(=O)(=O)([N-]c1sc(SCC(=O)[O-])nn1)CCCC,C41018358,,99.578934,1,0,0,0,0,0,0,0,1,0
S(=O)(=O)([N-]c1c(F)cc([N+](=O)[O-])cc1)[C@@H](C)C(=O)[O-],C43474262,,53.678665,1,0,0,0,0,0,0,0,1,0
S=C1N(CCCC(=O)[O-])C(=O)/C(=C/c2c([O-])cc(OC)cc2)/S1,C46485612,,75.029106,1,0,0,0,0,0,1,0,1,0
S(=O)(=O)([N-]c1c(F)cc(F)c([N+](=O)[O-])c1)[C@@H](C)C(=O)[O-],C49049223,,86.795296,1,0,0,0,0,1,0,0,1,0
S(=O)(=O)([N-]c1c(/C(/[O-])=N/c2scnn2)ccc(F)c1)C,C49116017,,67.774643,1,0,0,0,0,0,0,0,0,0
FC(F)(/C(/[O-])=N/C[C@H]1OCCC1)C(F)(F)/C(/[O-])=N/C[C@H]1OCCC1,C02752852,,99.996124,1,0,0,0,0,0,0,0,0,0
S(=O)(=O)([N-]c1scc(C2CC2)n1)N1CCC(C(=O)[O-])CC1,C49235742,,63.600296,1,0,0,0,0,1,0,0,0,0
S(=O)(=O)([N-]c1scc(C(C)C)n1)N1C[C@@H](C(=O)[O-])CCC1,C49235773,,63.707581,1,0,0,0,0,1,0,0,1,0
S(C)c1sc(/N=C(\[O-])/CSc2ncnc3[n-]cnc23)nn1,C12323752,,92.733688,1,0,0,0,0,1,0,0,0,0
O=C([O-])COc1c(/C=C/2\C(=O)N(CC=C)C(=O)N=C\2[O-])cccc1,C13774426,,99.85643,1,0,0,0,0,0,0,0,0,0
S(=O)(=O)(N(C)CCCC)[N-][C@](C)(C(=O)[O-])c1ccccc1,C52879749,,66.884682,1,0,0,0,0,1,0,1,1,0
S=C1N(CC)C(=O)/C(=C\c2cc(OC)c([O-])c(OC)c2)/C([O-])=N1,C33899322,,90.885185,1,0,0,0,0,0,0,0,0,0
O=C([O-])[C@H](CC(=O)N1CCCCCC1)c1oc(C(=O)[O-])cc1,C57719684,,99.526749,1,0,0,0,0,0,0,0,1,0
O=C([O-])CC[C@H](C(=O)[O-])c1cc(OC)c(OC)c(OC)c1,C57980363,,98.383286,1,0,0,0,0,0,0,0,0,0
O=C([O-])CCn1c(COc2cc(CC)ccc2)c(C(=O)[O-])nn1,C62302118,,98.84861,1,1,0,0,0,0,0,0,1,0
S([C@@H](C)C(=O)[O-])C1=NS(=O)(=O)c2cc(OC)ccc2[N-]1,C62326166,,99.606148,1,0,0,0,0,0,0,0,1,0
O(C)C(=O)c1c(/N=C(\[O-])/CN(C)CCC(=O)[O-])cccc1,C62453589,,68.600525,1,0,0,0,0,1,0,1,1,0
S(=O)(=O)(N(CCC)CCC)[N-]c1c(C(=O)[O-])nccn1,C63216506,,99.305824,1,0,0,0,0,1,0,0,0,0
O(C)CC[N-]C1=NC([N-]c2cc(OC)ccc2)=N[C@H]2N=CN=C12,C38581417,,37.346519,1,0,0,0,0,1,0,0,0,0
S(=O)(=O)(N(C)C(C)C)[N-]Cc1c([N-]S(=O)(=O)C)cccc1,C58306030,,91.315872,1,0,0,0,0,1,0,0,0,0
Fc1c(/N=C(\[O-])/C(/C#N)=C(\[O-])/CCOCCOC)cccc1,C64681572,,99.004898,1,0,0,0,0,0,0,0,0,0
O(C)CCOCC/C(/[O-])=C(/C(/[O-])=N/c1cc(C)ccc1)\C#N,C64681631,,98.843414,1,0,0,0,0,0,0,0,0,0
O(CC1CC1)[C@@H](C)/C(/[O-])=C(/C(/[O-])=N/c1cc(OC)c(OC)cc1)\C#N,C64681830,,99.462929,1,0,0,0,0,0,0,0,0,0
O(CC1CC1)[C@@H](C)/C(/[O-])=C(/C(/[O-])=N/c1ccc(C(=O)N(C)C)cc1)\C#N,C64682273,,99.727066,1,0,0,0,0,0,0,0,0,0
S(CC1=Nc2n(C([O-])=C1)ncn2)c1oc(C(=O)[O-])cc1,C69334400,,75.198158,1,1,0,0,0,1,1,0,1,0
S(=O)(=O)([N-]C[C@@H](C)CSC)N1CCC(C(=O)[O-])CC1,C70079697,,94.499535,1,0,0,0,0,0,0,0,0,0
S(=O)(=O)(N1CCC(CCC)(C(=O)[O-])CC1)c1[n-]cnc1,C70415722,,99.009201,1,0,0,0,0,0,0,0,1,0
O(C)C(=O)[C@H]1C(=O)C(/C(=N\CC(=O)[O-])/CCC)=C([O-])CC1(C)C,C61878107,,99.753151,1,0,0,0,0,0,0,0,0,0
S([C@H](C)/C(/[O-])=C(\C(\[O-])=N\CC#C)/C#N)c1ncccn1,C56253880,,94.666267,1,0,0,0,0,0,0,0,0,0
O=C([O-])CCn1c(CCC(=O)[O-])nc2cc(OCC)ccc12,C71668210,,62.651752,1,0,0,0,0,0,0,0,0,0
O=C([O-])CCN(CCC(=O)[O-])c1c(C#N)c2CCCc2s1,C71673532,,98.597527,1,0,0,0,0,0,0,0,0,0
O=[N+]([O-])c1cc(N(CCC(=O)[O-])CCC(=O)[O-])c(C)cc1,C71720451,,98.5298,1,0,0,0,0,0,0,0,0,0
O=C([O-])CCN(CCCC(=O)[O-])c1cccc2cccnc12,C71722040,,97.453644,1,0,0,0,0,0,0,0,1,0
O=C([O-])CCCN(C[C@@H](C)C(=O)[O-])c1cc(C#N)ccc1,C71722118,,98.230232,1,0,0,0,0,0,0,0,1,0
Clc1c(N(CCCC(=O)[O-])C[C@@H](C)C(=O)[O-])cccn1,C71722172,,98.114456,1,0,0,0,0,0,0,0,1,0
O=C([O-])CCN(C(=O)C(C)C)c1ccc(CC(=O)[O-])cc1,C71723437,,98.66082,1,0,0,0,0,0,0,0,1,0
Fc1ccc(C(=O)[C@H](N(C)CCC(=O)[O-])CC(=O)[O-])cc1,C71726292,,57.335453,1,0,0,0,0,1,0,0,1,0
Fc1ccc(CC(=O)N(CCC(=O)[O-])CCC(=O)[O-])cc1,C71731987,,98.696274,1,0,0,0,0,0,0,0,0,0
O=C([O-])CCN(C[C@H](C)C(=O)[O-])Cc1c(C#N)cccc1,C71736987,,94.402504,1,0,0,0,0,1,0,1,1,0
O(CC)C(=O)C=1[C@H](C(=O)[O-])/C(=C(/OCC)\[O-])/C(C)=NC=1C,C19229874,,99.755608,1,0,0,0,0,0,0,0,0,0
S(=O)(=O)(N[C@H](CC)C(=O)[O-])C,C11889511,,87.281769,1,0,0,0,0,0,0,0,0,0
O[C@@H]1N(C(=O)C)C(=O)N(C(=O)C)[C@@H]1[O-],C12364126,,99.994247,1,0,0,0,0,0,0,0,0,0
O=C([O-])CN1CCN(C(=O)[C@@H]2CS(=O)(=O)CC2)CC1,C35126971,,86.350136,1,0,0,0,0,0,0,0,0,0
O=C([O-])[C@H](NC(=O)c1cn(C)nc1)CC,C35409708,,99.727539,1,0,0,0,0,0,0,0,1,0
S(=O)(=O)(NC1(C(=O)[O-])CCCC1)C,C36947352,,88.583061,1,0,0,0,0,0,0,0,0,0
O=C(NC1(C(=O)[O-])CCCC1)[C@H]1CS(=O)(=O)CC1,C36969293,,99.720032,1,0,0,0,0,0,0,0,0,0
S(CC#N)CC(=O)N1[C@@H](C(=O)[O-])CCC1,C36974332,,99.750015,1,0,0,0,0,0,0,0,0,0
S(=O)(=O)(C)N1[C@H](C(=O)N(C)CC(=O)[O-])CCC1,C36975181,,99.784439,1,0,0,0,0,0,0,0,0,0
O=C([O-])[C@@H]1N(C(=O)[C@H]2OCCOC2)CSC1,C37454746,,99.797272,1,0,0,0,0,0,0,0,0,0
O=C([O-])CN(C(=O)C=1C(=O)NC=CC=1)C1CC1,C37588524,,98.712898,1,0,0,0,0,1,0,0,1,0
SC[C@@H](S)CS(=O)(=O)[O-],C03873646,,94.587631,1,0,0,0,0,0,0,0,0,0
O=C([O-])CN(C(=O)[C@H]1NCCCC1)[C@@H]1CS(=O)(=O)CC1,C40483461,,83.647102,1,0,0,0,0,0,0,0,0,0
O=C(N1[C@H](C(=O)[O-])CSC1)N1CCS(=O)(=O)CC1,C40581496,,99.780006,1,0,0,0,0,0,0,0,0,0
O=C(N1[C@@H](C(=O)[O-])CCCC1)N1CCS(=O)(=O)CC1,C40581564,,99.731567,1,0,0,0,0,0,0,0,0,0
S(=O)(=O)(NC(C)(C)C(=O)[O-])[C@@H]1CS(=O)(=O)CC1,C40910536,,89.584549,1,0,0,0,0,0,0,0,0,0
O=C(N[C@]1(C(=O)[O-])[C@H](C)CCCC1)Cn1ncnc1,C41037562,,94.212425,1,0,0,0,0,0,0,0,1,0
OC[C@@H]1N(C(=O)N2[C@H](C(=O)[O-])CCC2)CCC1,C42435093,,99.73745,1,0,0,0,0,0,0,0,0,0
O[C@@H]1CN(C(=O)N2CCSCCC2)[C@@H](C(=O)[O-])C1,C42445047,,99.781197,1,0,0,0,0,0,0,0,0,0
O[C@H]1CN(C(=O)N2[C@@H](C(=O)[O-])CSC2)CCC1,C42471760,,99.776421,1,0,0,0,0,0,0,0,0,0
O=C(N(CCC#N)C1CC1)N1[C@H](C(=O)[O-])CSC1,C42549882,,99.777328,1,0,0,0,0,0,0,0,0,0
O=C(N[C@@]1(C(=O)[O-])CSCC1)Cn1nccc1,C43508648,,99.285774,1,0,0,0,0,1,0,0,1,0
O=C(N[C@@]1(C(=O)[O-])CSCC1)[C@@H]1OCCOC1,C43509152,,99.761604,1,0,0,0,0,0,0,0,0,0
O=C(N[C@@]1(C(=O)[O-])CSCC1)Cn1c(C)cc(C)n1,C43511073,,99.194313,1,0,0,0,0,0,0,0,1,0
S(=O)(=O)(N[C@]1(C(=O)[O-])CSCC1)C(C)C,C43511239,,86.290405,1,0,0,0,0,0,0,0,0,0
O=C(N(C)CC(=O)N1CCCC1)N1[C@H](C(=O)[O-])CSC1,C48988185,,99.778763,1,0,0,0,0,0,0,0,0,0
O[C@H]1CN(C(=O)N2CCN(C3CC3)CC2)[C@@H](C(=O)[O-])C1,C48996328,,97.888222,1,0,0,0,0,0,0,0,0,0
O=C([O-])[C@@H](N(C)C(=O)C1=C(C)n2nc(C)cc2N=C1)C,C54051634,,99.644905,1,0,0,0,0,0,0,0,0,0
O=C(N[C@@]1(C(=O)[O-])CSCC1)CC=C,C54400082,,99.746078,1,0,0,0,0,0,0,0,0,0
O=C(N[C@]1(C(=O)[O-])CSCC1)[C@H]1COCCC1,C54768649,,99.748215,1,0,0,0,0,0,0,0,0,0
O=C([O-])C(N(CC)C(=O)C=1C(=O)N(C)N=C(C)C=1C)(C)C,C61149672,,99.682892,1,0,0,0,0,0,0,0,0,0
O=C([O-])C(N(C)C(=O)c1nccnc1)(C)C,C61149940,,99.694916,1,0,0,0,0,0,0,0,1,0
O=C([O-])C(N(C)C(=O)[C@H]1CN(C(=O)N(C)C)CCC1)(C)C,C61150430,,99.679817,1,0,0,0,0,0,0,0,0,0
O=C([O-])C(N(C)C(=O)[C@H]1CN(C(=O)C)CCC1)(C)C,C61150967,,99.679893,1,0,0,0,0,0,0,0,0,0
O=C([O-])C(N(C)C(=O)N1CCS(=O)(=O)CC1)(C)C,C61174106,,99.672234,1,0,0,0,0,0,0,0,0,0
O=C([O-])C([NH+](C)[C@@H]1[C@@H]([O-])CS(=O)(=O)C1)(C)C,C61171580,,52.367886,1,0,0,0,0,0,0,0,0,0
O=C([O-])[C@@]1(N[C@H](C)CC)CS(=O)(=O)CC1,C62963196,,82.50296,1,0,0,0,0,0,0,0,0,0
O=C([O-])[C@@]1(N2CCNCCC2)CS(=O)(=O)CC1,C62963087,,97.556084,1,0,0,0,0,0,0,0,0,0
O=C([O-])[C@@]1(N2CCNCC2)CS(=O)(=O)CC1,C62963140,,98.435768,1,0,0,0,0,0,0,0,0,0
O=C([O-])[C@@]1(N2CCCC2)CS(=O)(=O)CCC1,C68939887,,89.747917,1,0,0,0,0,0,0,0,0,0
FC(F)(F)CN[C@]1(C(=O)[O-])CS(=O)(=O)CCC1,C69135537,,98.231926,1,0,0,0,0,0,0,0,0,0
S(=O)(=O)(OC[C@H]1OC(=O)[C@@H](O)CC1)[O-],C69481438,,100,1,0,0,0,0,0,0,0,0,0
O=C([O-])[C@@H]1N[C@@H](c2ncncc2)SC1,C69508969,,68.914497,1,0,0,0,0,0,0,0,0,0
O=CN[C@@H](C[C@@H]1COCCC1)C(=O)[O-],C69554597,,99.767563,1,0,0,0,0,0,0,0,0,0
O=C([O-])C(N(C)C(=O)c1[nH]nc(C)c1)(C)C,C69906530,,98.938797,1,0,0,0,0,0,0,0,1,0
S(=O)(=O)(C)CC(=O)N[C@@]1(C(=O)[O-])C[C@H](C)CCC1,C70127712,,99.737366,1,0,0,0,0,0,0,0,0,0
S(=O)(=O)(C)CC(=O)N[C@@]1(C(=O)[O-])[C@H](C)CCCC1,C70127720,,99.737137,1,0,0,0,0,0,0,0,0,0
O=C([O-])[C@]1(C)N(c2n(C)nnn2)CCC1,C70617914,,99.644836,1,0,0,0,0,0,0,0,0,0
O=C(CNC)N1[C@@](C)(C(=O)[O-])CCC1,C70617833,,53.672344,1,0,0,0,0,0,0,0,0,0
O=C(NC)CN1[C@@](C)(C(=O)[O-])CCC1,C70618090,,86.801208,1,0,0,0,0,0,0,0,0,0
O=C([O-])[C@]1(C)N(CCn2cncc2)CCC1,C70618112,,81.330704,1,0,0,0,0,1,0,0,1,0
O=C(NC/C=C/C)NC1(C(=O)[O-])CCCC1,C19481694,,99.702705,1,0,0,0,0,0,0,0,0,0
S(CC(=O)N)c1nc(CC)n[n-]1,C06519447,,99.547325,1,0,0,0,0,1,0,0,0,0
O=C(NC)C=1C(=O)NC=2CCCCC=2C=1[O-],C09046189,,99.697449,1,0,0,0,0,1,0,1,0,0
OCCNc1nc([O-])c(C)nn1,C08769510,,74.853699,1,0,0,0,0,1,0,0,0,0
S=C(N)N1C(=O)/C(=N\[O-])/C(C)=N1,C06796039,,93.540482,1,0,0,0,0,1,0,0,0,0
S=C1NC=2C(=O)N(C)C([O-])=NC=2N1,C04730747,,99.932365,1,0,0,0,0,1,0,0,0,0
S(=O)(=O)([NH-])c1c(C)oc(CO)c1,C32500915,,99.997452,1,0,0,0,0,1,0,0,0,0
Oc1c(O)cc(C=C(C#N)C#N)cc1[O-],C00057523,,53.595356,1,0,0,0,0,0,0,0,0,0
[O-]c1n(-c2ccc(N)cc2)nc(C)c1,C05925899,,89.860619,1,0,0,0,0,0,0,0,0,0
O=C(N[C@@H](C)C(C)C)NC(=O)/C=C/C(=O)[O-],C20523641,,99.617821,1,0,0,0,0,0,0,0,0,0
O=C1C(NCC(C)(C)C)=NN=C([O-])N1,C40494111,,99.726143,1,0,0,0,0,0,0,0,0,0
S(=O)(=O)([N-]c1ncc(N)c(C)c1)C,C41040738,,99.925491,1,0,0,0,0,0,0,0,0,0
S([C@H](CC)C(=O)[O-])c1n(C)c(N)nn1,C42583530,,82.466217,1,0,0,0,0,0,0,0,1,0
Nc1cn(Cc2nc3ncccc3[n-]2)nc1,C44264492,,73.584549,1,0,0,0,0,1,0,0,0,0
O=C1C=CC2=[NH+]C([O-])=C([O-])NC2=C1,C45814453,,98.521606,1,0,0,0,0,0,0,0,0,0
S(C)c1nn2C(N)=CC([O-])=Nc2n1,C49474272,,42.777534,1,0,0,0,0,0,0,0,0,0
O=C1N(CC)c2nc(N)sc2C([O-])=N1,C49660525,,99.996185,1,0,0,0,0,0,0,0,0,0
O[C@H](CNC)c1ccc2nc([O-])oc2c1,C49814172,,98.200989,1,0,0,0,0,1,0,0,0,0
Oc1c(OC)ccc([C@H]2C([O-])=NC(=O)N2)c1,C49818738,,95.096291,1,0,0,0,0,1,0,0,0,0
OC1CCC(NC(=O)C2(C(=O)[O-])CC2)CC1,C50290341,,99.725403,1,0,0,0,0,0,0,0,0,0
O=C([O-])C1(C(=O)Nc2c[nH]nc2)CCC1,C50290939,,99.701706,1,0,0,0,0,1,0,0,1,0
Nc1nc(-c2n[n-]cn2)nc(C)c1,C50845072,,85.808594,1,0,0,0,0,1,0,0,0,0
[S-]c1n(N)c(-c2c(C)cccn2)nn1,C51813383,,96.149986,1,0,0,0,0,1,0,0,0,0
O[C@@H]1[C@@H](NC(=O)/C=C/C(=O)[O-])CCCC1,C52005052,,99.549316,1,0,0,0,0,0,0,0,0,0
O=C1C(N[C@@H]2[C@@H](C)C2)=NN=C([O-])N1,C52291403,,99.724487,1,0,0,0,0,1,0,0,0,0
OC[C@]1(NC(C)(C)C(=O)[O-])C[C@H](C)CCC1,C53129360,,99.715065,1,0,0,0,0,0,0,0,0,0
O=C1C(/C(=N\C2CC2)/C)=C([O-])NC(=O)N1,C06184937,,99.998924,1,0,0,0,0,0,0,0,0,0
S(c1ncn[n-]1)c1nccc(N)c1,C43569657,,63.246662,1,0,0,0,0,0,0,0,0,0
O=C1[C@@]2(C([O-])=NC(=O)N2)c2ccccc2N1,C34581412,,99.984207,1,0,0,0,0,1,0,0,0,0
O=C(NC=1C(=O)NC([O-])=NC=1)[C@H](C)CC,C10109690,,99.974762,1,0,0,0,0,1,0,0,0,0
O=C1C[C@H](C)CC2=NN=C([NH-])NC=C12,C16957825,,68.295403,1,0,0,0,0,0,0,0,0,0
S=C1NC(=O)C(=Cc2[nH]ccc2)C([O-])=N1,C16046165,,98.815414,1,0,0,0,0,0,0,0,0,0
O(c1nnc([O-])cc1)c1cc([C@H](N)C)ccc1,C59834915,,65.565865,1,0,0,0,0,0,0,0,0,0
O[C@@H]1CN(C(=O)NCCC(=O)[O-])CC1,C61712998,,99.346268,1,0,0,0,0,0,0,0,0,0
O=C([C@H](N)C)N1CCC(CC)(C(=O)[O-])CC1,C62845336,,50.082462,1,0,0,0,0,0,0,0,0,0
O=C(N)[C@@H](C)CN1C[C@](C)(C(=O)[O-])CCC1,C62876490,,98.821877,1,0,0,0,0,0,0,0,0,0
O=[N+]([O-])c1c(-c2ccc(N)cc2)[n-]cn1,C06444995,,99.818085,1,0,0,0,0,0,0,0,0,0
OCc1ccc(C=2C(=O)NC([O-])=NC=2)cc1,C65344544,,99.779388,1,0,0,0,0,0,0,0,0,0
S(=O)(=O)(N)[N-]Cc1ccc2OCOc2c1,C65427994,,94.007668,1,0,0,0,0,1,0,0,0,0
N[C@H](c1nnn[n-]1)c1cccc2cccnc12,C69505042,,70.608528,1,0,0,0,0,0,0,0,0,0
N[C@H](c1nnn[n-]1)c1ccc2ncccc2c1,C69505048,,72.740166,1,0,0,0,0,0,0,0,0,0
FC(F)(F)[C@@](N)(C(=O)[O-])c1cn(C)nc1,C69548537,,99.742584,1,0,0,0,0,0,0,0,0,0
O=C(NCCC#C)C=1N=C([O-])NC(=O)C=1,C70247189,,99.925606,1,0,0,0,0,0,0,0,0,0
OC[C@@](NC(=O)c1ncc([O-])nc1)(C)CC,C70886803,,69.063942,1,0,0,0,0,0,0,0,0,0
Oc1ccc(/C=C\2/C(=N)N=C([O-])S/2)cc1,C08830348,,72.625694,1,0,0,0,0,0,0,0,0,0
O(CC)C(=O)C1=C([O-])NC(=N)S1,C71621468,,62.9436,1,0,0,0,0,0,0,0,0,0
S=C1N[C@H](c2occc2)C(C#N)=C([O-])N1,C71777422,,88.869118,1,0,0,0,0,0,0,0,0,0
S=C1NC([O-])=C2NC=NC2=N1,C18127213,,90.068283,1,0,0,0,0,1,0,0,0,0
S(C)C1=NC2=C([O-])NC(=O)NC2=N1,C04552279,,97.483658,1,0,0,0,0,1,0,0,0,0
S=C1NC(=O)C(N=O)=C([O-])N1,C16857803,,99.973701,1,0,0,0,0,0,0,0,0,0
O=C([O-])[C@H]1N(C(=O)[C@H]2OCCC2)CCC1,C11890672,,99.757362,1,0,0,0,0,0,0,0,0,0
O=C([O-])[C@@H]1N(C(=O)[C@H]2CCC=CC2)CSC1,C19481534,,99.782562,1,0,0,0,0,0,0,0,0,0
O=C([O-])/C=C/C(=O)N(C)Cc1noc(C)c1,C36198604,,99.548416,1,0,0,0,0,0,0,0,0,0
[O-]/C(=N\c1sc([C@@H]2OCCC2)nn1)/CC#N,C36240751,,97.196342,1,0,0,0,0,1,0,0,0,0
O=C([O-])[C@H](N1CCOCC1)[C@H]1CCC=CC1,C37359416,,93.567612,1,0,0,0,0,0,0,0,0,0
O=C([O-])CN(C)C(=O)/C=C/c1n(C)ncc1,C37438288,,99.762917,1,0,0,0,0,0,0,0,1,0
O=C(/C=C/c1cn(C)nc1)N1[C@@H](C(=O)[O-])CSC1,C37454620,,99.751549,1,0,0,0,0,0,0,0,1,0
O=C(C)/C=C(\[O-])/N(C)Cc1sc(C)nc1,C37839400,,100,1,0,0,0,0,0,0,0,0,0
O=C([O-])[C@@H]1N=NC(c2ccc(OC)cc2)=C1,C38980295,,97.582199,1,0,0,0,0,0,0,0,0,0
O=C(N1[C@H](C(=O)[O-])CCCC1)N1C[C@H](CC)OCC1,C40579450,,99.728745,1,0,0,0,0,0,0,0,0,0
O=C([O-])C[C@H]1CCc2cc3OCOc3cc12,C41233717,,99.101746,1,0,0,0,0,0,0,0,0,0
O=C([O-])[C@]1(N2[C@@H](CC)COCC2)CSCC1,C41881534,,97.753456,1,0,0,0,0,0,0,0,0,0
S(=O)(=O)(/N=C(\[O-])/c1ccc([S@](=O)C)cc1)C,C42279128,,93.13681,1,0,0,0,0,0,0,0,0,0
O=C(N(C)Cc1cocc1)/C(/[O-])=N/CC#N,C42448799,,99.987282,1,0,0,0,0,0,0,0,0,0
O=C(N(C)C[C@@H]1OCCC1)N1[C@@H](C(=O)[O-])CCC1,C42466780,,99.737228,1,0,0,0,0,0,0,0,0,0
O=C([O-])C(=O)N1CCN(CC2CC2)CC1,C42491519,,96.717232,1,0,0,0,0,0,0,0,0,0
O=C([O-])C(C)(C)N1CCO[C@H]2CCC[C@H]12,C43429229,,98.555153,1,0,0,0,0,0,0,0,0,0
[O-]/N=C/c1[n+]([O-])c2ccccc2[n+]([O-])c1C,C44123869,,99.949432,1,0,0,0,0,0,0,0,0,0
O=C([O-])[C@H](N(C)C(=O)N1[C@@H](C)COCC1)CC,C44628502,,99.72081,1,0,0,0,0,0,0,0,0,0
O=C(/N=C/1\SCC[N-]\1)c1[n+]([O-])cccc1,C44903125,,94.916183,1,0,0,0,0,1,0,0,0,0
O(C(C)(C)C)C(=O)N1[C@](C)(C(=O)[O-])CC(=O)CC1,C45328479,,99.815727,1,0,0,0,0,0,0,0,0,0
[O-]/C(=N\c1nc(C)ccc1)/c1[n+]([O-])cccc1,C46085530,,94.182678,1,0,0,0,0,1,0,0,0,0
FC(F)(F)CCC(=O)N1[C@H](C(=O)[O-])CCC1,C49474480,,99.750702,1,0,0,0,0,0,0,0,0,0
O=C([O-])C1(C(=O)N2CCS(=O)CC2)CCC1,C50292303,,99.701347,1,0,0,0,0,0,0,0,0,0
O=C([O-])[C@@]1(CN2CCOCC2)COCC1,C51286571,,84.19603,1,0,0,0,0,0,0,0,0,0
S(=O)(=O)(C)CC[C@]1(C(=O)[O-])COCC1,C54634285,,99.502815,1,0,0,0,0,0,0,0,0,0
O=C([O-])CN1CCN(C(=O)[C@@H]2COCCC2)CC1,C54768481,,86.999786,1,0,0,0,0,0,0,0,0,0
S(=O)(=O)(CC(=O)[O-])N1C(C)(C)COCC1,C44383519,,99.975388,1,0,0,0,0,0,0,0,0,0
O=C([O-])[C@@H]1N(c2ncnc3CCCc23)C[C@@H](OC)C1,C61275974,,76.858109,1,0,0,0,0,0,0,0,0,0
O(C)C[C@@](C)(C(=O)[O-])N1CCC(C)(C)CC1,C61824128,,99.57547,1,0,0,0,0,0,0,0,0,0
S(=O)(=O)(N(C)[C@H]1CS(=O)(=O)CC1)[N-]C,C62089378,,94.739212,1,0,0,0,0,0,0,0,0,0
O=C([O-])[C@]1(CN2CCn3ccnc3C2)COCC1,C62323613,,41.773689,1,0,0,0,0,0,0,0,1,0
S(=O)(=O)([O-])[C@]12C(=O)C[C@H](C1(C)C)CC2,C39302923,,100,1,0,0,0,0,0,0,0,0,0
O=C([O-])[C@]1(C)CN(Cc2n(C)c(C)nn2)CCC1,C62875838,,80.275459,1,0,0,0,0,0,0,0,1,0
O=C(N1C[C@](C)(C(=O)[O-])CC1)[C@H]1OCCOC1,C62913628,,99.342392,1,0,0,0,0,0,0,0,0,0
O=C([O-])[C@@]1(C)CN(Cc2nocn2)CC1,C62936255,,77.630112,1,0,0,0,0,1,0,0,1,0
FC(F)(F)[C@@H](CC(=O)[O-])c1cn(C)nc1,C62944055,,99.529953,1,0,0,0,0,0,0,0,0,0
O=C([O-])C1(C(=O)N2C[C@@H](N(C)C)CC2)CC1,C62983678,,98.972076,1,0,0,0,0,0,0,0,0,0
O=C([O-])CN1CCN(C(=O)N2C(C)(C)CCC2)CC1,C63074414,,88.263283,1,0,0,0,0,0,0,0,0,0
S(=O)(=O)(N(C)C)[N-][C@@H](C)C(=O)N(C)C,C58306235,,86.185028,1,0,0,0,0,0,0,0,0,0
O=CN(CCC)[C@@]1(C(=O)[O-])CC(C)(C)OCC1,C69548061,,99.765762,1,0,0,0,0,0,0,0,0,0
O=C([O-])C(N(C)Cc1c(C)non1)(C)C,C69795520,,95.6185,1,0,0,0,0,0,0,0,1,0
O=C([O-])C(=C)CN1C(=O)N2CCCCC2=N1,C69907398,,99.443283,1,0,0,0,0,0,0,0,0,0
O=C([O-])[C@@H]1N(C(=O)[C@H]2CSCC2)CCC1,C69980138,,99.744896,1,0,0,0,0,0,0,0,0,0
O=C([O-])[C@H]1N(C(=O)[C@@H]2CSCC2)CCCC1,C69980199,,99.735001,1,0,0,0,0,0,0,0,0,0
O=C1N(CCCn2cncc2)CC([O-])=N1,C70064651,,79.307129,1,0,0,0,0,0,0,0,0,0
S(=O)(=O)(C)CC(=O)N1C[C@@](C)(C(=O)[O-])CCC1,C70127829,,99.281746,1,0,0,0,0,0,0,0,0,0
O=C([O-])CN(C1CC1)c1ncc(C#N)nc1,C70581079,,99.725204,1,0,0,0,0,0,0,0,0,0
O=C([C@H](C)CC)N1[C@](C)(C(=O)[O-])CCC1,C70617727,,99.696411,1,0,0,0,0,0,0,0,0,0
O=C1C([O-])=C(CN2CCOCC2)OC=C1,C71773815,,79.662949,1,0,0,0,0,0,0,0,0,0
O=C([O-])[C@@H]1SC(NN=C2CCCC2)=NC(=O)C1,C00167976,,77.424309,1,0,0,0,0,0,0,0,0,0
FC(F)C1=CC(=O)Nc2n(CC(=O)[O-])nc(C)c12,C12399099,,99.559013,1,0,0,0,0,0,0,1,0,0
O=C(C)/C=C(\[O-])/Nc1cnc2n(C(C)C)ncc2c1,C19412157,,99.868065,1,0,0,0,0,1,0,0,0,0
S=C1N(C)C(=O)/C(=C\NN2CCCCC2)/C([O-])=N1,C19996759,,58.821342,1,0,0,0,0,0,0,0,0,0
Fc1ccc2S(=O)(=O)[N-][C@H](C(OC)=O)Nc2c1,C20849544,,67.811424,1,0,0,0,0,1,0,0,0,0
[S-]c1n(NCc2ccc3OCCOc3c2)cnn1,C26482180,,99.166565,1,0,0,0,0,1,0,1,0,0
OC1(C)[C@@H](C([O-])[C@@H]1c1noc(C)c1)c1noc(C)c1,C16954338,,100,1,0,0,0,0,0,0,0,0,0
O(C)C(=O)[C@]1(C)N[C@H]([C@H](C(=O)[O-])C1)c1cnccc1,C08730241,,91.44561,1,0,0,0,0,0,0,0,0,0
O=C(Nc1nn(C)cc1)CC1(C(=O)[O-])CCCC1,C37560106,,99.091759,1,0,0,0,0,1,0,0,1,0
OCC1CCN(C(=O)c2c(C)c(C)nnc2[O-])CC1,C37896715,,63.490696,1,0,0,0,0,0,0,0,0,0
S(=O)(=O)([N-]Cc1c[nH]nc1)N1CCC(C)CC1,C38007139,,92.642738,1,0,0,0,0,1,0,0,0,0
O=C([O-])C[C@H]1NCCN(C(OC(C)(C)C)=O)C1,C02585632,,84.045883,1,0,0,0,0,0,0,0,0,0
ClC/C(/[O-])=N/N1C(=O)C2(NC1=O)CCCC2,C40166094,,83.566666,1,0,0,0,0,0,0,0,0,0
S(=O)(=O)([NH-])N1CCN(C(=O)C2CCCC2)CC1,C40217736,,99.996811,1,0,0,0,0,0,0,0,0,0
O=C([O-])[C@@H](NC(=O)N1C[C@@H](C)OCC1)C(C)(C)C,C40531533,,99.740768,1,0,0,0,0,0,0,0,0,0
O=C([O-])C[C@H]1N(C(=O)NC2CCOCC2)CCC1,C42165178,,99.338036,1,0,0,0,0,0,0,0,0,0
OCCN(C(=O)c1ncc([O-])nc1)C1CCCC1,C42514979,,68.649261,1,0,0,0,0,1,0,0,0,0
[S-]c1n([C@@H](C)C(=O)NC)c(-c2ccncc2)nn1,C42572216,,89.284065,1,0,0,0,0,1,0,1,0,0
O=C(NC(C)(C)C)N1C[C@H](C(=O)[O-])OCC1,C43702824,,99.836098,1,0,0,0,0,0,0,0,0,0
Fc1c(C(=O)NCc2nnn[n-]2)cc(F)cc1,C44927151,,92.94796,1,0,0,0,0,0,0,0,0,0
N(Cc1cccc2cccnc12)[C@H](C)c1nnn[n-]1,C44924326,,76.21064,1,0,0,0,0,0,0,0,1,0
[S-]c1n(CCC(=O)NC)c(-c2ncccc2)nn1,C45005236,,96.817093,1,0,0,0,0,1,0,1,0,0
O=C(N[C@H](C)C(C)C)/C(/[O-])=N/c1oc(C)c(C)n1,C47963451,,98.78196,1,0,0,0,0,0,0,0,0,0
O=C(N[C@@H](C)c1cnccc1)c1nnc([O-])cc1,C48416362,,75.022804,1,0,0,0,0,1,1,0,0,0
O=C([O-])/C=C/c1nc(NC(=O)[C@@H]2COCC2)ccc1,C49592458,,96.292809,1,0,0,0,0,0,0,0,0,0
O=C([O-])CCC(=O)NC(=O)N1C[C@H]2CC[C@@H]1C2,C49717143,,99.378616,1,0,0,0,0,0,0,0,0,0
S(=O)(=O)(N[C@@H](C)CC#N)c1c(C)nc([O-])s1,C50392659,,95.102844,1,0,0,0,0,1,0,0,0,0
O[C@H]([C@H]1OCCOC1)c1ccc2nc([O-])oc2c1,C55303393,,99.582359,1,0,0,0,0,0,0,0,0,0
S(=O)(=O)(/N=C/1\NC=C(C)C=C\1)CC(=O)[O-],C20245636,,99.879456,1,0,0,0,0,1,0,0,0,0
O=C(/N=C/1\NCC([O-])=N\1)c1sc(C(C)(C)C)nc1,C57294176,,55.692154,1,0,0,0,0,0,0,0,0,0
FC(F)(F)c1nc(/N=C(\[O-])/[C@H](OC)C)[nH]n1,C57307439,,84.821121,1,0,0,0,0,1,0,0,0,0
Clc1c([O-])ccc(C(=O)NCc2n(C)cnn2)c1,C57362714,,78.047279,1,0,0,0,0,0,1,0,0,0
S(=O)(=O)([N-][C@H](C(C)C)C#N)c1c(C)[nH]nc1C,C57544366,,77.449532,1,0,0,0,0,0,0,0,0,0
O=C([O-])C1=C([O-])[NH+](Cc2ccc3OCOc3c2)CC1,C58433390,,96.998207,1,0,0,0,0,0,0,0,0,0
O=C([O-])[C@H]1[C@@H](C(=O)Nc2c(C)n(C)nc2C)C1(C)C,C61721807,,99.320389,1,0,0,0,0,1,0,0,1,0
O=C([O-])CCNC(=O)N1C[C@@H](C)OCCC1,C61937237,,99.346008,1,0,0,0,0,0,0,0,0,0
O=C([O-])[C@@H](NC(=O)N1CCOCCC1)C(C)(C)C,C61937638,,99.739662,1,0,0,0,0,0,0,0,0,0
S=C1N(/N=C/c2ccc(O)cc2)C([O-])=C(C)N=N1,C05728478,,75.766197,1,0,0,0,0,0,0,0,0,0
S(=O)(=O)([NH-])c1c(C)n(-c2c(OC)cccc2)nc1,C62606207,,99.995804,1,0,0,0,0,1,0,0,0,0
OCCN(CC)C(=O)N1CCC(C)(C(=O)[O-])CC1,C62843343,,99.090141,1,0,0,0,0,0,0,0,0,0
O=C(N1CCC(CCC)(C(=O)[O-])CC1)c1c[nH]nc1,C62845140,,99.067116,1,0,0,0,0,0,0,0,1,0
O(C)C[C@@H](NC(=O)N1C[C@](C)(C(=O)[O-])CC1)C,C62923022,,99.322037,1,0,0,0,0,0,0,0,0,0
O=C(N1C[C@](CCC)(C(=O)[O-])CC1)c1c[nH]nc1,C62923309,,99.289299,1,0,0,0,0,0,0,0,1,0
O=C(NC=1N=C([O-])CN=1)C1(C#N)CCCCC1,C57432914,,81.08252,1,0,0,0,0,0,0,0,0,0
O=C([O-])CC[C@@H](NC(=O)N1CCOCC1)C,C69838031,,99.069122,1,0,0,0,0,0,0,0,0,0
O=C(N1CCC(CC)(C(=O)[O-])CC1)c1[nH]nc(C)c1,C70378757,,98.37912,1,0,0,0,0,0,0,0,1,0
S(=O)(=O)(N1[C@@H](c2[nH]ccc2)CCC1)c1[n-]cnc1,C70416995,,99.861496,1,0,0,0,0,1,0,0,0,0
O=C(NC)CN1C([O-])=NC(=O)C21CCCCC2,C70509002,,99.999649,1,0,0,0,0,0,0,0,0,0
O=C([O-])/C(/C)=C(/C)\C(=O)N[C@H](C)c1c(C)n(C)nc1,C71165198,,99.35463,1,0,0,0,0,0,0,0,0,0
S(=O)(=O)([N-]c1nccc(C)c1)C=1C(=O)C=CNC=1,C71221720,,99.919708,1,0,0,0,0,0,0,0,0,0
P(=O)([O-])([O-])Cc1ccc([N+](=O)[O-])cc1,C02170203,,99.464943,1,0,0,0,0,1,0,0,0,0
ClC(Cl)(C(=O)[O-])C(=O)[O-],C05112639,,99.959267,1,0,0,0,0,0,0,0,0,0
P(=O)(Oc1c(CC)c(CO)cnc1C)([O-])[O-],C12841401,,94.823463,1,0,0,0,0,1,0,0,0,0
Clc1cc(C)c(C#N)c([C@H]([S-])C(=O)[O-])c1,C08626847,,94.84787,1,0,0,0,0,0,0,0,0,0
Clc1c(P(=O)([O-])[O-])[nH]c2ccccc12,C19772486,,72.064201,1,0,0,0,0,1,0,0,0,0
Oc1c(C=2C(=O)CCCC=2[O-])ccc([O-])c1,C00107886,,92.492546,1,0,0,0,0,1,0,0,0,0
S(=O)(=O)(N=C1C=CC=C2[N-]C=CC=C12)CC(=O)[O-],C20245432,,55.050354,1,0,0,0,0,0,0,0,0,0
S([C@@H](C)C(=O)[O-])c1sc(/N=C(\[O-])/C)nn1,C20395852,,98.786804,1,0,0,0,0,1,0,0,1,0
[O-]c1c(C(C)(C)c2c([O-])onc2C)c(C)no1,C01031044,,70.782913,1,0,0,0,0,0,0,0,0,0
S(=O)(=O)([N-]c1c([O-])cccn1)C,C21953365,,75.664658,1,0,0,0,0,0,0,0,0,0
S=C1N=C(C(C)C)N=C2N(C)C([O-])=NC([O-])=C12,C21954270,,92.952583,1,0,0,0,0,0,0,0,0,0
P(O)(=O)([O-])[C@@]1(C)P(=O)([O-])Oc2ccccc12,C22591123,,98.066574,1,0,0,0,0,1,0,1,0,0
Clc1c([O-])c(OC)c([O-])c2C(=O)O[C@@H](C)[C@@H](O)c12,C31163688,,75.114922,1,0,0,0,0,0,0,0,0,0
Clc1cc(OC)c([O-])c(/C=C\2/C([O-])=NC(=O)N/2)c1,C15012796,,67.076035,1,0,0,0,0,0,0,0,0,0
ClC1(Cl)[C@@H]([O-])C(Cl)=C[C@@]1(O)C(=O)[O-],C34445516,,99.968384,1,0,0,0,0,0,0,0,0,0
Fc1c([O-])c(F)c(C(=O)N[C@@H](CC)C(=O)[O-])cc1F,C35409733,,93.059547,1,0,0,0,0,1,0,0,1,0
O=C([O-])c1sc(/N=C(\[O-])/C=2OCCOC=2)cc1,C35426209,,98.492264,1,0,0,0,0,0,0,0,0,0
O=C([O-])Cc1sc(/N=C(\[O-])/C)nn1,C36239126,,98.53772,1,0,0,0,0,1,0,1,0,0
Cl/C=C/c1c(C)c(C(=O)[O-])[nH]c1C(=O)[O-],C37624507,,97.795311,1,0,0,0,0,0,0,1,0,0
S=C1N(C(C)C)C2=C([O-])N=C([O-])N(C)C2=N1,C00381248,,99.995613,1,0,0,0,0,0,0,0,0,0
O=C([O-])c1c(C)c(C(=O)C)c(C(=O)[O-])[nH]1,C04878981,,98.642876,1,0,0,0,0,0,0,1,0,0
[S-]c1[nH]c(CCC(=O)[O-])nn1,C19933063,,98.687553,1,0,0,0,0,1,0,0,0,0
O=C([O-])[C@]1(C)[C@](C)(C(=O)[O-])[C@H]2O[C@@H]1CC2,C03871852,,98.901566,1,0,0,0,0,0,0,0,0,0
Clc1c([O-])ncc(/C(/[O-])=C(\C(=O)NC2CC2)/C#N)c1,C48620721,,72.639336,1,0,0,0,0,0,0,0,0,0
O=C([O-])[C@@H](N/C(/[O-])=N/c1sc2CCCc2n1)C,C49548780,,99.376503,1,0,0,0,0,0,0,0,1,0
S=C1N=C([O-])C(c2c([O-])[nH]c3ccc(C)cc23)=N1,C49590201,,99.926201,1,0,0,0,0,0,0,0,0,0
Clc1ccc2C(=O)NC(CP(=O)([O-])[O-])=Nc2c1,C20676296,,73.017799,1,0,0,0,0,1,0,0,0,0
S(C[C@H]1O[C@H](C(=O)[O-])CC1)c1ncn[n-]1,C51394017,,99.27047,1,0,0,0,0,0,0,0,0,0
FC(F)(F)[C@@H]1NC([O-])=C(C(=O)[O-])CC1,C53993787,,95.072548,1,0,0,0,0,0,0,0,0,0
S=C1NC(=O)/C(=C/c2cc(OC)c([O-])cc2)/C([O-])=N1,C18055399,,77.180061,1,0,0,0,0,0,0,0,0,0
[S-]C(=O)Cc1sc([S-])nn1,C02245250,,99.369438,1,0,0,0,0,1,0,0,0,0
S(=O)(=O)([O-])c1cc([O-])c2c(O)cccc2c1,C59479257,,54.176636,1,0,0,0,0,0,0,0,0,0
O=C(Oc1c([O-])cc(/C=C/C(=O)[O-])cc1)C,C59588999,,88.268524,1,0,0,0,0,0,0,0,0,0
O=C([O-])CC1=N/C(=C/2\C(=O)C=CC=C\2)/N[N-]1,C32501662,,92.918129,1,0,0,0,0,1,1,1,0,0
O(/C(/[O-])=N/c1ncn[n-]1)C(C)(C)C,C39094417,,97.278435,1,0,0,0,0,0,0,0,0,0
O=C(N1C[C@](CC)(C(=O)[O-])CC1)c1c([O-])cccn1,C62914191,,65.405128,1,0,0,0,0,0,0,0,1,0
O=C([O-])c1n(C)nc(C2=C([O-])C(=O)C=CC=C2)c1,C19909725,,97.004517,1,0,0,0,0,0,0,0,0,0
O(/N=C(/[O-])\[C@H]1OCCCC1)CC(=O)[O-],C68893084,,99.697212,1,0,0,0,0,0,0,0,0,0
Fc1c([O-])c(F)c(C(=O)NOCC(=O)[O-])cc1F,C69055083,,93.596085,1,0,0,0,0,1,0,0,0,0
O[C@@H]1[C@H](C(=C)C(=O)[O-])C=CC=C1C(=O)[O-],C69488975,,98.401146,1,0,0,0,0,0,0,0,0,0
O=C(N1C(=C([O-])[O-])CCC1)[C@H]1NCCC1,C69487821,,67.656967,1,0,0,0,0,0,0,0,0,0
O(/N=C(/[O-])\[C@@H]1OCCC1)CC(=O)[O-],C70184268,,99.697075,1,0,0,0,0,0,0,0,0,0
[O-]c1c(-c2nc3ccncc3[n-]2)cccc1,C05117309,,37.679295,1,0,0,0,0,0,0,0,0,0
[O-]C1=C(C(C)C)C([O-])=Nc2c(CC)cnn12,C71474336,,99.161896,1,0,0,0,0,0,0,0,0,0
[O-]C1=C(C)C([O-])=Nc2n1nc(C)c2,C71475129,,98.916954,1,0,0,0,0,1,0,0,0,0
O=C([O-])CC1=Nc2n(C([O-])=C1)nc(C1CC1)c2,C71470108,,99.368767,1,0,0,0,0,0,0,0,0,0
[O-]C1=Nc2c(CN(C)C)cnn2C([O-])=C1,C71475774,,99.077744,1,0,0,0,0,0,0,0,0,0
Fc1c(/N=C\2/C(=O)N=C([O-])N=C/2[O-])cccc1,C71766673,,99.662712,1,0,0,0,0,0,0,0,0,0
[O-]c1c(C#N)c(c(C#N)c([O-])n1)-c1ccncc1,C71773912,,99.20298,1,0,0,0,0,0,0,0,0,0
O=C([O-])[C@H](C(=O)C)/C(/[O-])=C/C(=O)C,C71791652,,99.807144,1,0,0,0,0,0,0,0,0,0
FC(F)(F)c1nn(C(C)(C)C(=O)[O-])c(C)c1,C02535178,,99.830643,1,0,0,0,0,0,0,0,0,0
Clc1cc(CC(=O)[O-])cc2OCCCOc12,C04218938,,99.347786,1,0,0,0,0,0,0,0,0,0
O=C([O-])/C(=C/c1oc([C@H]2[C@@H](C)C2)cc1)/C#N,C08117302,,99.909912,1,0,0,0,0,0,0,0,0,0
Clc1c(CC(=O)[O-])cc2OCCOc2c1,C19091264,,99.399651,1,0,0,0,0,0,0,0,0,0
O(C)c1c(OC)ccc([C@H]2CC(=O)C=C([O-])C2)c1,C00404008,,99.99939,1,0,0,0,0,0,0,0,0,0
S=C(SC=1C(=O)OC(C)=CC=1[O-])N(C)C,C06556530,,95.535187,1,0,0,0,0,0,0,0,0,0
O=Cc1cc(CN2CCOCC2)c([O-])cc1,C19913879,,45.315441,1,0,0,0,0,1,0,1,0,0
[S-]c1n(CCc2ncccc2)c(C(C)C)nn1,C20589943,,96.644485,1,0,0,0,0,1,0,1,0,0
O=C([O-])CC=1n2c(C)c(CC)nc2SC=1,C33419091,,57.292751,1,0,0,0,0,0,0,0,0,0
[S-]c1n([C@@H](C)c2ncccc2)c(CC)nn1,C35695260,,98.299965,1,0,0,0,0,1,0,1,0,0
S([C@H]1[C@@H](C#N)CC[C@@H](C)C1)c1ncn[n-]1,C37154404,,99.525452,1,0,0,0,0,1,0,0,0,0
Clc1c(CS[C@H](C)C(=O)[O-])nns1,C37414545,,99.280769,1,0,0,0,0,0,0,0,0,0
Clc1c(/C=C/C(=O)[O-])sc(N(C)C)n1,C37430134,,97.779144,1,0,0,0,0,0,0,0,0,0
O=C([O-])/C=C/C(=O)N(C)CC1CCCCC1,C37834682,,99.541107,1,0,0,0,0,0,0,0,0,0
ClCCCSc1ncnc2nc[n-]c12,C04149778,,89.991081,1,0,0,0,0,1,0,0,0,0
O=C([O-])[C@]1(C)C(C)(C)[C@@](C)(C(=O)N(C)C)CC1,C39749820,,99.008018,1,0,0,0,0,0,0,0,0,0
O=C(C)c1c([O-])c2cc(OC)ccc2nc1,C40176322,,99.829941,1,0,0,0,0,0,0,0,0,0
Clc1c(/N=C(\[O-])/c2cc(F)ncc2)cccn1,C41039281,,99.976646,1,0,0,0,0,0,0,0,0,0
O=C([O-])C[C@@H]1N(C(=O)C2CCCC2)CCC1,C42144196,,99.341011,1,0,0,0,0,0,0,0,0,0
S(C)[C@H](C)/C(/[O-])=N/c1scc(C(=O)C)n1,C42853045,,100,1,0,0,0,0,0,0,0,0,0
[O-]/C(=N\c1scc(C2CC2)n1)/C(C)(C)C#N,C44351820,,100,1,0,0,0,0,0,0,0,0,0
[S-]c1n([C@@H]2CN(C3CC3)CC2)c(CC)nn1,C44726362,,97.807793,1,0,0,0,0,0,0,1,0,0
O=C(/C=C(\[O-])/CC)c1c(C)n(CC)nc1C,C45168180,,99.971954,1,0,0,0,0,0,0,0,0,0
O=C([O-])C1(CN2CCOCC2)CCCCC1,C49820835,,92.421616,1,0,0,0,0,0,0,0,0,0
O=C([O-])[C@@]1(C)[C@H](c2c(OC)ccc(OC)c2)C1,C49827967,,99.140327,1,0,0,0,0,0,0,0,0,0
O=C([O-])[C@]1(C)[C@H](c2c(OC)cc(OC)cc2)C1,C49827970,,99.126068,1,0,0,0,0,0,0,0,0,0
[O-]/C(=N\[C@H](C#N)c1c(C)cccc1)/[C@@H]1OCCC1,C49831728,,99.998672,1,0,0,0,0,0,0,0,0,0
[O-]/C(=N\[C@H](C#N)c1cc(C)ccc1)/[C@@H]1OCCC1,C49831732,,99.998665,1,0,0,0,0,0,0,0,0,0
O=C([O-])C1(C(=O)N2C[C@H](C)C[C@@H](C)C2)CCC1,C50290527,,99.68998,1,0,0,0,0,0,0,0,0,0
O=C([O-])CC(=O)N1[C@@H](C2CCCC2)CCC1,C50919143,,99.758255,1,0,0,0,0,0,0,0,0,0
O=C([O-])[C@](C)(CC)CN1C(C)(C)COCC1,C51290288,,98.541641,1,0,0,0,0,0,0,0,0,0
S([C@@H](C)C=C)c1c(C(=O)[O-])c(C)nc(C)n1,C52140728,,99.071915,1,0,0,0,0,0,0,0,0,0
[S-]c1n(Cc2oc(C)cc2)c(C2CC2)nn1,C53039963,,99.300377,1,0,0,0,0,1,0,1,0,0
O=C([O-])C1(Cc2cn(CC)nc2)CCCC1,C54632610,,98.909195,1,0,0,0,0,0,0,0,0,0
[S-]c1onc(Cc2nc(C)sc2)n1,C61881077,,97.563309,1,0,0,0,0,1,0,0,0,0
O=C([O-])[C@@H]1[C@H](N2CCOCC2)C[C@@H](CC)CC1,C62750047,,95.94236,1,0,0,0,0,0,0,0,0,0
O=C([O-])C[C@@H](CC)N1CCO[C@H]2CCCC[C@H]12,C62755649,,98.460388,1,0,0,0,0,0,0,0,0,0
O=C(CC(C)C)N1C[C@](C)(C(=O)[O-])CCC1,C62868172,,99.257866,1,0,0,0,0,0,0,0,0,0
O=C(CCC)N1C[C@@](C)(C(=O)[O-])CCC1,C62868273,,99.257713,1,0,0,0,0,0,0,0,0,0
O=C(CCC)N1C[C@](CC)(C(=O)[O-])CCC1,C62869605,,99.268982,1,0,0,0,0,0,0,0,0,0
O=C(C(C)(C)C)N1C[C@@](C)(C(=O)[O-])CC1,C62912611,,99.324394,1,0,0,0,0,0,0,0,0,0
S(=O)(=O)(C)c1ccc(-c2cc([O-])cnc2)cc1,C65339532,,90.809479,1,0,0,0,0,0,0,0,0,0
Clc1ccc2O[C@@H](/C(/[O-])=N\OC)Cc2c1,C53720869,,99.878067,1,0,0,0,0,0,0,0,0,0
O=C1C(C)(C)N(Cc2sc(CC)cc2)C([O-])=N1,C70508204,,99.999725,1,0,0,0,0,0,0,0,0,0
O=C([O-])C#Cc1cc(OCC)c(OCC)cc1,C70942945,,99.974106,1,0,0,0,0,0,0,0,0,0
FC(F)(F)C1=CN(C/C=C/C(=O)[O-])C(=O)C=C1,C71211930,,99.216454,1,0,0,0,0,0,0,0,0,0
Fc1c(-c2ncn(CC(=O)[O-])c2)ccc(F)c1,C71548631,,90.069839,1,0,0,0,0,0,0,0,0,0
FC(F)C(=O)/C=C(\[O-])/c1c(C)nn(CC)c1,C18166850,,99.871178,1,0,0,0,0,0,0,0,0,0
Fc1c(OC)ccc(/C=C(/C(=O)[O-])\C#N)c1,C08198668,,99.913361,1,0,0,0,0,0,0,0,0,0
Fc1c(F)ccc(C2=NO[C@](C)(C(=O)[O-])C2)c1,C71981079,,99.893936,1,0,0,0,0,0,0,0,0,0
O=C([O-])[C@H]1Nc2c(OC)cccc2[C@H]2[C@H]1CC=C2,C13116455,,99.488098,1,0,0,0,0,0,0,0,0,0
Fc1ccc2NC(=O)C(/C=C/C(=O)[O-])=Cc2c1,C11981692,,98.859207,1,0,0,0,0,0,0,0,0,0
O=C(NC1CC1)Cc1c([O-])nc(C)nc1C,C19937370,,98.934532,1,0,0,0,0,1,0,0,0,0
O=C(Nc1ncn[n-]1)[C@@H]1Sc2ccccc2C1,C23141138,,99.039513,1,0,0,0,0,0,0,0,0,0
O=C(NCC#C)Cc1c([O-])nc(C)nc1C,C31215031,,98.941948,1,0,0,0,0,1,0,0,0,0
O[C@H]1CCN2C(=O)c3cc([O-])ccc3N=C12,C14827650,,93.423981,1,0,0,0,0,0,0,0,0,0
ClC(Cl)(Cl)/C(=N\S(=O)(=O)C)/[NH-],C19851744,,100,1,0,0,0,0,0,0,0,0,0
O=C([O-])[C@H](NC(=O)c1sc2CCCc2c1)CC,C35096567,,99.743835,1,0,0,0,0,0,0,0,1,0
O[C@@H]1CN(C(=O)c2c([O-])c(OC)ccc2)CCC1,C35106658,,55.778145,1,0,0,0,0,0,0,0,0,0
[O-]/C(=N\c1c(C#N)c2CCNCc2s1)/C#C,C36269550,,97.165047,1,0,0,0,0,0,0,0,0,0
Clc1cc(S(=O)(=O)[NH-])c(C#N)cc1,C37023691,,99.99749,1,0,0,0,0,1,0,0,0,0
O=C(N[C@@H]1[C@@H](C)CCCC1)/C(/[O-])=N/CC#N,C37243318,,99.987045,1,0,0,0,0,0,0,0,0,0
O=Cc1c(C)c(/C=C(/C(=O)[O-])\C#N)c(C)[nH]1,C37624532,,99.830864,1,0,0,0,0,0,0,0,0,0
[S-]C=1NC(=O)/C(=C\c2cnccc2)/N=1,C00055118,,99.053612,1,0,0,0,0,0,0,0,0,0
O=C([O-])[C@H]1N[C@@H](c2ccc3OCOc3c2)SC1,C00053472,,94.307899,1,0,0,0,0,0,0,0,0,0
Fc1ccc2OCC[C@@]3(C([O-])=NC(=O)N3)c2c1,C00002070,,99.998688,1,0,0,0,0,1,0,0,0,0
O(CC)C(=O)C=1C(=O)NC(C)=CC=1[O-],C13086327,,99.897369,1,0,0,0,0,0,0,0,0,0
O=C([O-])CCC1=C(C)[C@H](C#N)C(=O)NC1=C,C40148340,,94.034958,1,0,0,0,0,0,0,0,0,0
O=C([O-])C[C@H]1N(C(=O)NC)CCCC1,C40530395,,99.330391,1,0,0,0,0,0,0,0,0,0
O=C(N[C@@]1(C(=O)[O-])C[C@@H](C)CCC1)C1CCCC1,C41033677,,99.707718,1,0,0,0,0,0,0,0,0,0
O=C(N[C@]1(C(=O)[O-])C[C@@H](C)CCC1)/C(/C)=C\CC,C41034053,,99.705185,1,0,0,0,0,0,0,0,0,0
O=C(NCC#C)c1ccc2nn[n-]c2c1,C41894378,,62.244629,1,0,0,0,0,1,0,0,0,0
S(=O)(=O)([NH-])N1CCSCCC1,C42351280,,99.996849,1,0,0,0,0,0,0,0,0,0
S(=O)(=O)([NH-])N1C[C@H](OCC)CCC1,C42424353,,99.996834,1,0,0,0,0,0,0,0,0,0
[S-]c1n([C@@H](C)C(=O)NC)c(C)nn1,C42572192,,99.270638,1,0,0,0,0,1,0,1,0,0
O=C(NC[C@H]1CCC=CC1)c1n[n-]nc1,C49277952,,63.780102,1,0,0,0,0,0,0,0,0,0
O=C1/C(=C/c2cnccc2)/N(C)C([NH-])=N1,C33155138,,79.748077,1,0,0,0,0,0,0,0,0,0
O[C@@]1(C)[C@H](C(=O)C)[C@@H](C)C(C(=O)C)=C([O-])C1,C04816181,,90.452591,1,0,0,0,0,0,0,0,0,0
O=C1N[C@@H](c2c(C)cccc2)C([O-])=N1,C49806549,,99.998833,1,0,0,0,0,1,0,0,0,0
O[C@@H]1CCCc2nc(-c3ncn[n-]3)sc12,C50330892,,98.928238,1,0,0,0,0,0,0,0,0,0
O=C(N[C@]1(C(=O)[O-])C[C@H](C)CCC1)C(C)(C)CC,C54401886,,99.707001,1,0,0,0,0,0,0,0,0,0
S(C1CNC1)c1ncnc2nc[n-]c12,C54931842,,90.951332,1,0,0,0,0,1,0,0,0,0
Fc1c(CC(=O)/N=C\2/NCC([O-])=N/2)cccc1,C50222861,,63.949181,1,0,0,0,0,1,0,0,0,0
S=C1NC([S-])=NC([C@H](C)C(=O)C)=N1,C06763485,,98.031288,1,0,0,0,0,0,0,0,0,0
O(/N=C(\[O-])/C1(NC(=O)C)CCCCC1)C,C57307086,,99.905533,1,0,0,0,0,0,0,0,0,0
O=C(N[C@H]1C(C)(C)[C@@](C)(C(=O)[O-])CC1)C,C57347460,,99.026573,1,0,0,0,0,0,0,0,0,0
S(=O)(=O)([NH-])N1CCN(CCC)CC1,C36924417,,95.638596,1,0,0,0,0,0,0,0,0,0
[S-]C=1N(Cc2sc(C)nc2)C(=O)NN=1,C61591357,,75.378822,1,0,0,0,0,1,0,0,0,0
Fc1c(F)cc2NC(C)=C(CC(=O)[O-])C(=O)c2c1,C62624966,,99.422447,1,0,0,0,0,1,0,0,0,0
O=C(N1CCC(C)(C(=O)[O-])CC1)[C@H]1NCCC1,C62842782,,79.392014,1,0,0,0,0,0,0,0,0,0
S(=O)(=O)(N(Cc1cscc1)C1CC1)[NH-],C65794541,,99.996841,1,0,0,0,0,1,0,0,0,0
Oc1c(OC)cc2c([O-])nc(C)nc2c1,C66322335,,41.912868,1,0,0,0,0,1,0,0,0,0
[S-][C@@H]1CN(C(OC(C)(C)C)=O)[C@H](CO)C1,C66354454,,97.45546,1,0,0,0,0,0,0,0,0,0
S=C1[C@](CC)(c2ccccc2)C([O-])=NC(=O)N1,C33948376,,95.772896,1,0,0,0,0,0,0,0,0,0
O=C([O-])[C@@H]1[C@]2(CC(C)(C)OCC2)CNC1,C69548232,,98.769897,1,0,0,0,0,0,0,0,0,0
O=C(NC(C)(C)C#C)N1[C@@H](C(=O)[O-])CSC1,C69682980,,99.779892,1,0,0,0,0,0,0,0,0,0
O=C(NC(C)(C)C)N1[C@@](C)(C(=O)[O-])CCC1,C70617755,,99.689293,1,0,0,0,0,0,0,0,0,0
[S-]c1n(C[C@H]2NC(=O)CC2)cnn1,C70681329,,99.17691,1,0,0,0,0,1,0,1,0,0
O=C(N1CCNCC1)c1c([O-])c(C)ccc1C,C71462807,,62.181931,1,0,0,0,0,0,0,0,0,0
Clc1c(S(=O)(=O)[NH-])c(C)ccn1,C71873583,,99.993195,1,0,0,0,0,1,0,0,0,0
ClC[C@H](O)COP(=O)([O-])[O-],C05046420,,98.663605,1,0,0,0,0,0,0,0,0,0
O=C([O-])C12CCC(C#N)(CC1)CC2,C05282749,,99.060539,1,0,0,0,0,0,0,0,0,0
[S-]c1c(C=O)cccn1,C06092220,,98.131699,1,0,0,0,0,1,0,0,0,0
[S-]c1c(C#N)c(C)nc(CC)n1,C12821426,,84.784096,1,0,0,0,0,0,0,0,0,0
O=C([O-])C1(C#N)CCCC1,C04218506,,99.884109,1,0,0,0,0,0,0,0,0,0
[S-]CC(O)C[S-],C04362873,,96.926872,1,0,0,0,0,0,0,0,0,0
[S-]CCNC(=O)C(=O)NCC[S-],C04809359,,96.547562,1,0,0,0,0,0,0,0,0,0
[S-][C@H](CC)C(=O)C,C04802634,,94.096443,1,0,0,0,0,0,0,0,0,0
O=C([O-])/C(=C\C(C)C)/C#N,C16980693,,99.932182,1,0,0,0,0,0,0,0,0,0
O=C([O-])C=CC(=O)N[O-],C17173835,,74.494522,1,0,0,0,0,0,0,0,0,0
[S-]c1n(-c2ccccc2)cnn1,C01041959,,99.475685,1,0,0,0,0,1,0,1,0,0
S(C)/C(/[S-])=N/C#N,C04284810,,72.614998,1,0,0,0,0,0,0,0,0,0
[PH](=O)([O-])CC,C21993392,,99.923653,1,0,0,0,0,0,0,0,0,0
Fc1c([O-])ncnc1CC,C16158677,,98.673775,1,0,0,0,0,0,0,0,0,0
Fc1c([O-])ncnc1[O-],C22002367,,97.895195,1,0,0,0,0,1,0,0,0,0
FC(F)(F)c1cc([O-])nnc1,C22067305,,90.43541,1,0,0,0,0,0,0,0,0,0
O(CC)/C(/[O-])=C(/C=N\CC(=O)[O-])\C(=O)C,C24979583,,99.813835,1,0,0,0,0,0,0,0,0,0
S(=O)(=O)([O-])/C(/C=C\C(=O)[O-])=C/C(=O)[O-],C30726183,,98.759552,1,0,0,0,0,0,0,0,0,0
[O-]/N=C/1\CCN2CCC[C@@H]\12,C32627807,,52.477116,1,0,0,0,0,0,0,0,0,0
Fc1c(C#N)cc([O-])cc1,C32914668,,93.493874,1,0,0,0,0,0,0,0,0,0
[S-]c1scnn1,C05226028,,99.524269,1,0,0,0,0,1,0,0,0,0
O=C1SCC([O-])=C1,C08251247,,99.995865,1,0,0,0,0,0,0,0,0,0
[O-]c1ccnc2nc(C)ccc12,C13579578,,96.914665,1,0,0,0,0,1,0,0,0,0
S(=O)(=O)(C(F)F)c1ccc([S-])cc1,C35355097,,98.999458,1,0,0,0,0,0,0,0,0,0
Clc1nc(C(C)C)n[n-]1,C36047656,,99.194092,1,0,0,0,0,0,0,0,0,0
Fc1c([O-])c(C#N)ccc1,C36533646,,80.353645,1,0,0,0,0,0,0,0,0,0
[O-]c1cccc2n(C)ncc12,C36533270,,97.710716,1,0,0,0,0,0,0,0,0,0
Brc1sc(/N=C(\[O-])/C#C)nc1,C37437074,,99.999062,1,0,0,0,0,1,0,0,0,0
FC(F)c1nc([O-])ccc1,C38864543,,45.07082,1,0,0,0,0,0,0,0,0,0
[S-]CC1=NC(=O)C2=C(C)[C@@H](C)SC2=N1,C40035155,,93.943565,1,0,0,0,0,0,0,0,0,0
[S-][C@H](C)c1cn(C)nc1,C44496437,,99.100616,1,0,0,0,0,0,0,0,0,0
[O-]c1nc(C#N)ccc1,C44713547,,55.684616,1,0,0,0,0,0,0,0,0,0
[S-]c1c(C)c(C)nc(C)n1,C45956406,,60.476734,1,0,0,0,0,0,0,0,0,0
[S-]c1n([C@H]2[C@@H](C)C2)c(C)nn1,C52292858,,99.394897,1,0,0,0,0,1,0,1,0,0
O=C1NC([O-])=C([O-])C=C1,C13523790,,98.69796,1,0,0,0,0,1,0,0,0,0
Cl[C@@H]([O-])c1cc(C)cnc1,C35570374,,99.638268,1,0,0,0,0,0,0,0,0,0
O=C1C([O-])=CCS1,C55161009,,89.390381,1,0,0,0,0,0,0,0,0,0
Clc1c(C=O)cn[n-]1,C59649067,,73.328041,1,0,0,0,0,0,0,0,0,0
O=C([O-])[C@@H]1C2(C1)CCSCC2,C52126710,,99.06102,1,0,0,0,0,0,0,0,0,0
[O-]c1nnc2CCSCc2c1,C54930868,,72.58223,1,0,0,0,0,0,0,0,0,0
OC(=O)C[C@@H](/C=C\C(=O)C(=O)[O-])C(=O)[O-],C13526749,,98.695251,1,0,0,0,0,0,0,0,0,0
[S-]C=1N=N[C@H](C)C=1,C65336480,,99.466232,1,0,0,0,0,0,0,0,0,0
O=CC([O-])C=O,C02383087,,91.619606,1,0,0,0,0,0,0,0,0,0
Fc1c(F)cc2ccc([O-])nc2c1F,C70054920,,99.961601,1,0,0,0,0,0,0,0,0,0
O=C([O-])C#C[C@H]1OCCCC1,C70835970,,99.976715,1,0,0,0,0,0,0,0,0,0
O=C([O-])[C@](NC(=O)c1n[n-]nc1)(C)C1CC1,C70841874,,63.69841,1,0,0,0,0,0,0,0,1,0
O=C1/C(=N/[O-])/CCCC1,C39189859,,96.164604,1,0,0,0,0,0,0,0,0,0
OC(=O)/C=C(\C=C(\O)/C(=O)[O-])/C(=O)[O-],C30725265,,81.394386,1,0,0,0,0,0,0,0,0,0
[S-]C=1NC([O-])=C2N=C([O-])C(=O)N=C2N=1,C17326685,,97.388527,1,0,0,0,0,0,0,0,0,0
O=C([O-])/C=C/C=1CCCC=1,C02506549,,98.763,1,0,0,0,0,0,0,0,0,0
O=C([O-])C=1NN2C(=O)C=3CCCC=3N=C2N=1,C06073484,,98.34375,1,0,0,0,0,0,0,0,0,0
Oc1c([O-])cc(C=O)c([N+](=O)[O-])c1,C00153553,,66.802902,1,0,0,0,0,1,0,0,0,0
O(C)c1cc(CNc2nn[n-]n2)ccc1,C05019195,,66.987343,1,0,0,0,0,1,0,0,0,0
O=C1NC([O-])=Nc2nsnc12,C01599195,,99.075813,1,0,0,0,0,1,0,0,0,0
ClC1=C([N+](=O)[O-])C(=O)NC([O-])=N1,C01689964,,74.967262,1,0,0,0,0,0,0,0,0,0
O=[N+]([O-])c1c([O-])ncnc1NC,C12654012,,87.60865,1,0,0,0,0,0,0,0,0,0
Oc1cc([N+](=O)[O-])c([O-])c([N+](=O)[O-])c1,C25630619,,99.269791,1,0,0,0,0,0,0,0,0,0
O(C)C(=O)CNC(=O)c1nnc([O-])cc1,C30598864,,76.359917,1,0,0,0,0,0,0,0,0,0
O=C1NC([O-])=NC(n2c(C)cc(C)n2)=C1,C04827240,,99.974052,1,0,0,0,0,0,0,0,0,0
Oc1nc2c([N+](=O)[O-])cncc2[n-]1,C01086073,,99.723206,1,0,0,0,0,0,0,0,0,0
[O-]/C(=N\c1scnn1)/c1c[nH]nc1,C36164606,,98.05809,1,0,0,0,0,0,0,0,0,0
O=C1/C(=C/c2ncccc2)/C([O-])=NC(=O)N1,C15953406,,99.556824,1,0,0,0,0,0,0,0,0,0
S=C1NC([O-])=C(CC(OC)=O)N=N1,C06499423,,59.262329,1,0,0,0,0,0,0,0,0,0
ON1C(=O)C(=O)N([O-])[C@H]2[C@@]1(C)CCCC2,C03876706,,39.269569,1,0,0,0,0,0,0,0,0,0
O=C1N(C)C2=Nc3n(cc(C)n3)C2=C([O-])N1,C00039840,,94.435951,1,0,0,0,0,0,0,0,0,0
O=NC=1C(=O)N(C)C([O-])=NC=1NCCC,C08687018,,98.023819,1,0,0,0,0,1,0,0,0,0
O=C1n2c(nc3N=C([O-])NC(=O)c23)C=C1,C40176456,,99.425133,1,0,0,0,0,1,0,0,0,0
S(=O)(=O)([NH-])c1c([N+](=O)[O-])cncc1,C43674164,,99.996368,1,0,0,0,0,1,0,0,0,0
O(C)[C@@H]1[C@H](N[C@H](C)c2nnn[n-]2)CCCC1,C44926420,,85.462029,1,0,0,0,0,0,0,0,0,0
O=C(Nc1ncn[n-]1)c1sc(CC)nc1,C49175419,,99.020813,1,0,0,0,0,0,0,0,0,0
[O-]C=1N2N=CNN=C2N=C(C)C=1,C49474200,,99.003761,1,0,0,0,0,1,0,0,0,0
O=C1NC([O-])=NC(c2ccncc2)=N1,C49474241,,99.384483,1,0,0,0,0,0,0,0,0,0
O(C)c1c(/C(/[O-])=N/c2n[nH]nn2)nccc1,C28263735,,89.370232,1,0,0,0,0,0,0,0,0,0
O=C(NC=1SCCN=1)c1nnc([O-])cc1,C36724606,,53.993587,1,0,0,0,0,0,0,0,0,0
OCCn1c(C(C)(C)C)c(C(=O)[O-])nn1,C50213781,,99.152954,1,0,0,0,0,0,0,0,0,0
O=[N+]([O-])c1oc(/C=C\2/C([O-])=NC(=O)N/2)cc1,C55129272,,99.996101,1,0,0,0,0,0,0,0,0,0
O=C(/N=C\1/C([O-])=CC=CN/1)[C@@H]1OCCOC1,C48104823,,83.449051,1,0,0,0,0,0,0,0,0,0
O/N=C\1/C(=N\[O-])/C(OC)(OC)CCC/1,C13303738,,61.921143,1,0,0,0,0,0,0,0,0,0
[O-]/C(=N\c1[nH]ncn1)/[C@H](C)n1nccc1,C58386988,,96.371552,1,0,0,0,0,1,0,0,0,0
O=[N+]([O-])c1cc([C@H]2C([O-])=NC(=O)N2)ccc1,C59208672,,99.998558,1,0,0,0,0,1,0,0,0,0
N([C@@H](C)c1nnn[n-]1)[C@@H]1CN(C(C)C)CC1,C45655737,,56.394234,1,0,0,0,0,0,0,0,0,0
[S-]C=1N(Cc2nc(C)ncc2)C(=O)NN=1,C61591301,,74.19368,1,0,0,0,0,1,0,1,0,0
O(C(C)C)/C(/[O-])=N/c1[nH]ncn1,C05732762,,97.270233,1,0,0,0,0,0,0,0,0,0
N([C@H](C)c1nnn[n-]1)[C@H]1CN(C2CC2)CC1,C61983883,,54.288708,1,0,0,0,0,0,0,0,0,0
C(c1sc2CNCCc2n1)c1nnn[n-]1,C62716726,,84.356102,1,0,0,0,0,0,0,0,0,0
O=C1NC([O-])=Nc2n(C)nc(C)c12,C63110904,,99.910728,1,0,0,0,0,0,0,0,0,0
[O-]/C(=N\c1[nH]ncn1)/c1cnccc1,C06863423,,98.283211,1,0,0,0,0,0,0,0,0,0
O=[N+]([O-])c1c(C)n[n-]c1C(=O)NOC,C64354793,,97.579803,1,0,0,0,0,1,0,0,0,0
O(N(C)C(=O)C[C@@H]1C([O-])=NC(=O)N1)C,C67997163,,99.998886,1,0,0,0,0,0,0,0,0,0
[O-]/C(=N\c1[nH]ncn1)/CC[C@@H]1OCCCC1,C68949934,,97.76284,1,0,0,0,0,1,0,0,0,0
S(=O)(=O)([N-]c1nocc1)c1nc[nH]c1,C69948985,,96.33255,1,0,0,0,0,0,0,0,0,0
S(=O)(=O)([N-][C@@H](C)C#N)c1nc(C)[nH]c1,C69949399,,73.268059,1,0,0,0,0,1,0,0,0,0
O=C(NCC)CN1C(C)(C)C(=O)N=C1[O-],C70064716,,99.999649,1,0,0,0,0,0,0,0,0,0
O=C(NC)CCCN1C(C)(C)C([O-])=NC1=O,C70064736,,99.999748,1,0,0,0,0,0,0,0,0,0
O=C(NC)CN1C([O-])=NC(=O)C21CCCC2,C70064853,,99.999649,1,0,0,0,0,0,0,0,0,0
O=C1N=C(N2CCOCC2)NC([O-])=C1,C16669626,,94.984543,1,0,0,0,0,0,0,0,0,0
O(C)CC(=O)Nc1ncnc2nc[n-]c12,C70251249,,95.195175,1,0,0,0,0,1,0,0,0,0
S(Sc1n[n-]cn1)c1[nH]ncn1,C17957808,,99.048187,1,0,0,0,0,0,0,0,0,0
O(C)C(=O)C1=N/C(=N/C#N)/NC([O-])=C1,C05399469,,98.652466,1,0,0,0,0,0,0,0,0,0
O/C(/OCC)=C\c1c([O-])nc2nonc2n1,C13302512,,98.593178,1,0,0,0,0,1,0,0,0,0
O[C@H]1CC(C)(C)[C@@](O)(/C=C/C(/C)=C/C(=O)[O-])C(C)=C1,C13303515,,98.787575,1,0,0,0,0,0,0,0,0,0
[O-]c1c(-c2sc(N)nn2)cc(C)cc1,C19874316,,67.265594,1,0,0,0,0,0,0,0,0,0
O=C1NN=C([O-])c2cccc(NCCC(C)C)c12,C19915384,,43.932945,1,0,0,0,0,1,0,0,0,0
Oc1cc([O-])c(CNc2c(C#N)cccc2)cc1,C19921476,,95.586243,1,0,0,0,0,1,0,0,0,0
O=C1NN=C([O-])c2cccc(NC[C@H](C)CC)c12,C20089055,,43.991726,1,0,0,0,0,1,0,0,0,0
S(=O)(=O)([N-]c1cc(N)c(F)cc1)N1CCCC1,C20254716,,98.061028,1,0,0,0,0,1,0,0,0,0
Clc1cc(C(=O)N2[C@H](C(=O)N)CCC2)c([O-])cc1,C20295302,,64.446823,1,0,0,0,0,1,0,0,0,0
S(=O)(=O)(N1[C@H](C)CCCC1)c1cc(N)c([O-])cc1,C20551357,,98.159592,1,0,0,0,0,0,0,0,0,0
S(=O)(=O)(N1CCCCCC1)c1cc(N)c([O-])cc1,C20566198,,98.159241,1,0,0,0,0,0,0,0,0,0
S(=O)(=O)(N1C[C@H](C)CCC1)c1cc(N)c([O-])cc1,C21013559,,98.15847,1,0,0,0,0,0,0,0,0,0
S=C(NC(=O)C(C)C)Nc1c([O-])cccn1,C21596355,,81.051674,1,0,0,0,0,1,0,0,0,0
Clc1cccc2c1ncc1c([O-])nc(N)nc21,C26507492,,82.767204,1,0,0,0,0,0,0,0,0,0
Oc1ccc2Oc3cc([O-])cc(O)c3C(=O)c2c1,C06094144,,49.252899,1,0,0,0,0,0,0,0,0,0
Oc1c([O-])cc2O[C@H](c3ccc(O)cc3)CC(=O)c2c1,C30730397,,58.109837,1,0,0,0,0,0,0,0,0,0
S(C(C)C)c1nc([O-])c(-c2c(N)cccc2)nn1,C15016479,,67.07254,1,0,0,0,0,1,0,0,0,0
S=C1NC(=O)C(C/C=C/c2ccccc2)=C([O-])N1,C18068639,,99.090607,1,0,0,0,0,0,0,1,0,0
[O-]c1oc2cc([C@@H](N)c3sccc3)ccc2n1,C35381912,,96.964302,1,0,0,0,0,0,0,0,0,0
Oc1c(/C(/C)=C\2/C(=O)NC([O-])=NC/2=O)cc(C)cc1,C05465784,,61.675983,1,0,0,0,0,0,0,0,0,0
S(=O)(=O)([N-]c1cc(N)c(CC)cc1)C(C)C,C37657300,,99.046326,1,0,0,0,0,1,0,0,0,0
S(=O)(=O)([N-]c1c(C#CCN)cc(C)cc1)C(C)C,C37657794,,54.113056,1,0,0,0,0,1,0,0,0,0
S(=O)(=O)(N1[C@@H](CC)CCC1)c1cc(N)c([O-])cc1,C37912758,,98.158035,1,0,0,0,0,0,0,0,0,0
O[C@H]1[C@](O)(C)[C@]23CC(C)(C)C[C@H]2C=C(C(=O)[O-])[C@@H]3C1,C31162492,,99.054199,1,0,0,0,0,0,0,0,0,0
O=C1C(C)(C)c2cc(-c3nc([NH-])sc3)cc(C)c2N1,C41628770,,99.999443,1,0,0,0,0,0,0,0,0,0
S(C[C@@](N)(C#N)c1ccccc1)c1nc([O-])ccn1,C45216063,,97.937439,1,0,0,0,0,1,0,0,0,0
Fc1c(C(=O)Nc2n[nH]c(CC)c2)c([O-])cc(F)c1,C49450205,,59.853043,1,0,0,0,0,0,1,1,0,0
[S-]C=1NN=C(CCc2ccccc2)NN=1,C49474187,,97.180229,1,0,0,0,0,1,0,0,0,0
[S-]C=1NN=C(c2ccc(C)cc2)NN=1,C49474190,,90.187927,1,0,0,0,0,0,0,0,0,0
S([C@H]([C@H](N)C)c1sccc1)c1nc([O-])ccn1,C43113815,,96.547058,1,0,0,0,0,1,0,0,0,0
Fc1c(OC2CCN(C)CC2)cc(C(=O)[O-])c(N)c1,C50035463,,98.446091,1,0,0,0,0,1,0,0,0,0
O=C1NN=C([O-])c2cccc(NCC3CCCC3)c12,C50271397,,43.979778,1,0,0,0,0,1,0,0,0,0
S(=O)(=O)([N-]c1c(N)cc(C)c(C)c1)CCC,C50439492,,98.949944,1,0,0,0,0,1,0,0,0,0
S(C[C@@H]1O[C@H](C(=O)[O-])CC1)c1c(F)cc(N)cc1,C51394322,,99.742279,1,0,0,0,0,0,0,0,1,0
Clc1c([O-])ccc(C(=O)N[C@@H]2[C@@H](O)CCCC2)c1,C51989901,,77.976578,1,0,0,0,0,0,0,0,0,0
Clc1nc(/N=C(\N)/[N-]c2ccccc2)nc(C)c1,C20353393,,83.874725,1,0,0,0,0,1,0,0,0,0
S=C1NC(=O)/C(=N/Nc2cc(F)ccc2)/C([O-])=N1,C06161182,,92.757507,1,0,0,0,0,0,0,0,0,0
[S-]/C(=[NH+]\N=C/c1c([O-])cccc1)/NC,C56701362,,93.424515,1,0,0,0,0,1,0,0,0,0
[S-]c1[nH]c(N/N=C/c2ccc(C)cc2)nn1,C06272719,,98.343689,1,0,0,0,0,1,1,0,0,0
S([C@@H](CN)c1cc(F)ccc1)c1nc([O-])ccn1,C42974608,,93.678429,1,0,0,0,0,0,0,0,0,0
O=C1C[C@@H](c2c(C)cccc2)CC2=NN=C([NH-])NC=C12,C16991417,,69.095322,1,0,0,0,0,0,0,0,0,0
O=C([O-])[C@]1(CC)CN(C(=O)C2(N)CCCCC2)CC1,C62917167,,77.518227,1,0,0,0,0,0,0,0,0,0
Fc1c(N[C@H]2C(=O)NCCC2)c(F)cc(C(=O)[O-])c1,C63006086,,97.883438,1,0,0,0,0,0,0,0,0,0
Oc1c([O-])ccc([C@H]2C(=O)c3ccc(C)c(O)c3O2)c1,C64218986,,81.758293,1,0,0,0,0,1,0,0,0,0
Brc1[n-]c2c(Cl)nc(N)nc2c1,C66323443,,60.827103,1,0,0,0,0,0,0,0,0,0
Brc1ccc2nc(N)c([O-])nc2c1,C66354266,,97.846016,1,0,0,0,0,1,0,0,0,0
Clc1cc(C(=O)N[C@H]2C[C@@H](C(=O)[O-])CCC2)[nH]c1,C70554320,,99.053017,1,0,0,0,0,0,0,0,1,0
OC[C@]1(NC(=O)/C(/C)=C(/C)\C(=O)[O-])C[C@@H](C)CCC1,C71165866,,99.417664,1,0,0,0,0,0,0,0,0,0
Fc1c(F)cc(-c2nc3ccncc3[n-]2)c(N)c1,C71166685,,59.693882,1,0,0,0,0,0,0,0,0,0
[O-]C=1n2nc(-c3ccc(C)cc3)cc2N=C(CN)C=1,C71467882,,53.558437,1,0,0,0,0,1,0,0,0,0
O=C1[C@](Cc2ccccc2)(c2ccccc2)NC([NH-])=N1,C71975674,,59.643101,1,0,0,0,0,0,0,0,0,0
O=C1[C@@](Cc2sccc2)(c2ccccc2)NC([NH-])=N1,C71975690,,59.882656,1,0,0,0,0,1,0,0,0,0
S(=O)(=O)(Oc1ccc2C(C)=CC(=O)Oc2c1)[O-],C01532301,,100,1,0,0,0,0,0,0,0,0,0
S(=O)(=O)([O-])c1c(C)ccc([N+](=O)[O-])c1,C01700068,,100,1,0,0,0,0,0,0,0,0,0
O=C([O-])[C@@H]1O[C@H](OC)[C@H]2OC(C)(C)O[C@@H]12,C01651508,,99.899605,1,0,0,0,0,0,0,0,0,0
[S-]c1n([C@H]2CS(=O)(=O)CC2)cnn1,C20583359,,99.092728,1,0,0,0,0,1,0,1,0,0
[O-]/C(=N\c1scnn1)/c1cn(C)nc1,C21215012,,98.388115,1,0,0,0,0,0,0,0,0,0
[O-]c1c(C)ncnc1CN1CCOCC1,C22135293,,49.883018,1,0,0,0,0,0,0,0,0,0
O=C([O-])/C=C/c1cnc([C@H]2OCCC2)nc1,C26505690,,99.051697,1,0,0,0,0,0,0,0,0,0
S(=O)(=O)([N-]C(C)(C)C#N)CCOC,C34156899,,91.303993,1,0,0,0,0,0,0,0,0,0
O=C(C)N1CCN(C(=O)[C@@H]2[C@H](C(=O)[O-])C2(C)C)CC1,C34926350,,99.412582,1,0,0,0,0,0,0,0,0,0
O=C([O-])CN(CC1CC1)c1nccnc1,C36885735,,99.562378,1,0,0,0,0,0,0,0,1,0
O=C([O-])CN(C(=O)C1CCOCC1)C1CC1,C37473744,,99.774734,1,0,0,0,0,0,0,0,0,0
O=C([O-])CN(CCC#C)[C@@H]1CS(=O)(=O)CC1,C37474211,,82.828156,1,0,0,0,0,0,0,0,0,0
O=C(N(C)Cc1n(C)ccn1)/C=C(\[O-])/C,C37839498,,73.000397,1,0,0,0,0,0,0,0,0,0
O=C(N1[C@@H](C(=O)[O-])CCCC1)N1CCOCC1,C40524149,,99.728806,1,0,0,0,0,0,0,0,0,0
O=C([O-])C1(N2C(=O)C3(CC2=O)CCCC3)CCCC1,C41032847,,99.833107,1,0,0,0,0,0,0,0,0,0
O=C([O-])CN(C)C(=O)N1C[C@H](C)OC(C)(C)C1,C41682853,,99.765862,1,0,0,0,0,0,0,0,0,0
O=C([O-])C1(N2C(=O)SCC2=O)CCCCC1,C41886149,,99.84288,1,0,0,0,0,0,0,0,0,0
O=C([O-])[C@]1(N2C(=O)C=C(C)N=C2)CSCC1,C41911960,,98.989075,1,0,0,0,0,0,0,0,0,0
S(CC#N)CC(=O)N1[C@@H](CC(=O)[O-])CCC1,C42144840,,99.345924,1,0,0,0,0,0,0,0,0,0
O=C([O-])C[C@H]1N(C(=O)N2CCN(C)CC2)CCC1,C42164619,,94.633087,1,0,0,0,0,0,0,0,0,0
O=C(/C(/[O-])=N/CC#N)N1CCSCCC1,C42444770,,99.98761,1,0,0,0,0,0,0,0,0,0
FC(F)(F)CN(C)C(=O)N(C)[C@@H](CC)C(=O)[O-],C44628918,,99.726151,1,0,0,0,0,0,0,0,0,0
O=C(/N=C/1\SCC[N-]\1)C=1OCCOC=1,C44817507,,96.325668,1,0,0,0,0,0,0,0,0,0
[S-]c1n([C@H](C)Cn2cncc2)nnn1,C49236468,,58.589893,1,0,0,0,0,0,0,0,0,0
O=C([O-])/C=C/c1cc(C(=O)N(C)CC)cnc1,C49629097,,98.875786,1,0,0,0,0,0,0,0,0,0
S(=O)(=O)([N-][C@@H](C)CC#N)N1CCCC1,C50391462,,95.570343,1,0,0,0,0,0,0,0,0,0
[S-]c1n([C@@H](C)c2n(C)cnn2)cnn1,C50420395,,99.171509,1,0,0,0,0,1,0,0,0,0
O=C([O-])[C@@H]1N(C(=O)[C@H]2OCCCC2)CCCC1,C50959044,,99.74733,1,0,0,0,0,0,0,0,0,0
S(=O)(=O)([N-]CCC#N)N1CCC(C)CC1,C54157707,,94.396919,1,0,0,0,0,0,0,0,0,0
O=C([O-])[C@H]1OCCN(C(=O)[C@@H]2COCCC2)C1,C54768658,,99.838142,1,0,0,0,0,0,0,0,0,0
O=C([O-])C(N(C)Cc1nc2C(C)=CC=Cn2c1)(C)C,C61173070,,94.05014,1,0,0,0,0,0,0,0,1,0
O=C([O-])CN(CC)Cc1c(C#N)nccc1,C61659519,,94.029312,1,0,0,0,0,1,0,0,1,0
S(=O)(=O)(C)N1CCC(C)(C(=O)[O-])CC1,C62842911,,99.120895,1,0,0,0,0,0,0,0,0,0
S(=O)(=O)(C)CCN1CCC(C)(C(=O)[O-])CC1,C62844062,,78.466957,1,0,0,0,0,0,0,0,0,0
O(C)CC(=O)N1C[C@@](C)(C(=O)[O-])CCC1,C62868244,,99.270615,1,0,0,0,0,0,0,0,0,0
S(=O)(=O)(C)CCN1C[C@@](C)(C(=O)[O-])CCC1,C62875752,,71.825142,1,0,0,0,0,0,0,0,0,0
O=C(N1C[C@](C)(C(=O)[O-])CC1)[C@H]1OCCC1,C62912706,,99.338242,1,0,0,0,0,0,0,0,0,0
O=C([O-])[C@]1(C)CN(C(=O)C=2OCCOC=2)CC1,C62913025,,99.337471,1,0,0,0,0,0,0,0,0,0
Cl[C@H](C)/C(/[O-])=N/C1=NC=NC2=NC=N[C@H]12,C39899630,,94.522667,1,0,0,0,0,1,0,0,0,0
O=C([O-])C(N(C)Cc1cc(C#N)ncc1)(C)C,C68757009,,98.621208,1,0,0,0,0,0,0,0,0,0
S(=O)(=O)(/N=C(\[O-])/CC[C@H]1OCCC1)C,C69539638,,91.485687,1,0,0,0,0,0,0,0,0,0
O=C(N(C1CC1)[C@]1(C(=O)[O-])C[C@](C)(CC)OCC1)C,C69547606,,99.761009,1,0,0,0,0,0,0,0,0,0
O=CN(C(C)C)[C@@]1(C(=O)[O-])C[C@H](C(C)C)OCC1,C69547925,,99.766319,1,0,0,0,0,0,0,0,0,0
S(=O)(=O)(N1CCSCC1)c1[n-]cnc1,C69947966,,99.859039,1,0,0,0,0,0,0,0,0,0
O=C([O-])CCCc1oc([C@@H]2SCCC2)nn1,C69987329,,99.078041,1,0,0,0,0,0,0,0,0,0
O(C(C)C)C(=O)N1[C@@](C)(C(=O)[O-])CCC1,C70617760,,99.736961,1,0,0,0,0,0,0,0,0,0
O=C(N(CC)CC)N1[C@@](C)(C(=O)[O-])CCC1,C70618381,,99.687675,1,0,0,0,0,0,0,0,0,0
O=C([O-])[C@@]1(C)N(Cc2oncc2)CCC1,C70618199,,92.722664,1,0,0,0,0,1,0,0,1,0
O=C(N(CCC(=O)[O-])C[C@H]1OCCC1)C,C71727713,,99.348259,1,0,0,0,0,0,0,0,0,0
O=C([O-])C=1C(=O)[C@H]2C=C[C@H]3CC=CN=C3C2=NC=1,C64858385,,98.558205,1,0,0,0,0,0,0,0,0,0
O=C(N[O-])c1ccc2S[C@H](C)C(=O)Nc2c1,C12584577,,63.547073,1,0,0,0,0,1,0,0,0,0
O=C1N(Cc2c(N)cccc2)N=C([O-])C=C1,C19265400,,77.055222,1,0,0,0,0,0,0,0,0,0
S=C1NC(=O)C(C(C)(C)C)=C([O-])N1,C05080516,,99.020401,1,0,0,0,0,0,0,1,0,0
O=C(NCC(C)=C)N[C@@]1(C(=O)[O-])[C@@H](C)CCCC1,C19437038,,99.701591,1,0,0,0,0,0,0,0,0,0
[O-]c1c(C=2Sc3n(c(C)nn3)N=2)ccc(N)c1,C19702731,,91.327477,1,0,0,0,0,0,0,0,0,0
S=C1N(N)C([O-])=C(c2ccc(C)cc2)N=N1,C20158895,,76.280396,1,0,0,0,0,0,0,0,0,0
O=C(NC(=O)/C=C/C(=O)[O-])N[C@@H]1[C@@H](C)CCCC1,C20218304,,99.617867,1,0,0,0,0,0,0,0,0,0
[S-]c1n(N)c(COc2c(C)cccc2)nn1,C26509211,,98.943062,1,0,0,0,0,1,0,0,0,0
[S-]c1n(NCc2ccc(O)cc2)c(C)nn1,C27028316,,97.400803,1,0,0,0,0,1,0,1,0,0
Clc1c(Cl)cc(C(=O)NCCCO)[n-]1,C35201112,,99.999542,1,0,0,0,0,0,0,0,0,0
O=C1C(N[C@H](C)CCC)=NN=C([O-])N1,C35221981,,99.729797,1,0,0,0,0,1,0,0,0,0
O=C1C(N[C@@H](C)CCC)=NN=C([O-])N1,C35221982,,99.729797,1,0,0,0,0,1,0,0,0,0
Brc1c(N)cc2nc([O-])oc2c1,C35359686,,99.305977,1,0,0,0,0,0,0,0,0,0
O=C1N(Cc2c(C)c(N)ccc2)C=CC([O-])=N1,C35649287,,99.990547,1,0,0,0,0,0,0,0,0,0
O=C1C(c2coc3ccccc23)=C([O-])NC(=O)N1,C02292870,,99.543884,1,0,0,0,0,0,0,1,0,0
Fc1cc(/C(/[O-])=N/c2scnn2)c(N)cc1,C36882905,,97.861588,1,0,0,0,0,1,0,0,0,0
[O-]/C(=N\c1scnn1)/c1ccc(C#CCN)cc1,C37571705,,59.325241,1,0,0,0,0,0,0,0,0,0
S(=O)(=O)([N-]c1c(C)ccc(N)c1)C(C)C,C37657226,,99.014885,1,0,0,0,0,1,0,0,0,0
S(C)c1nc([O-])c(-c2c(N)cccc2)nn1,C15015423,,67.064278,1,0,0,0,0,1,0,0,0,0
S(=O)(=O)(N(C)CC1CC1)c1cc(N)c([O-])cc1,C37924848,,98.158409,1,0,0,0,0,0,0,0,0,0
O=C1[C@@](CC)([C@H](C)CCC)C(=N)NC([O-])=N1,C13805857,,99.36692,1,0,0,0,0,0,0,0,0,0
ClC1=C([O-])C(=O)c2cccc(N)c2C1=O,C39124019,,99.786232,1,0,0,0,0,0,0,0,0,0
[O-]c1nnc(-c2sccc2)c2sc(N)nc12,C11919853,,94.787163,1,0,0,0,0,0,0,0,0,0
[O-]/C(=N\c1sc(C)cn1)/c1sc(C)c(N)c1,C40293782,,100,1,0,0,0,0,0,0,0,0,0
Nc1ccc(-c2nc(-c3ncn[n-]3)sc2)cc1,C40887204,,98.933891,1,0,0,0,0,1,0,0,0,0
O(C)c1cc([O-])c(CNc2c(C)[nH]nc2C)cc1,C40906154,,97.683487,1,0,0,0,0,1,0,0,0,0
O=C1[C@@H](CC)c2cc(-c3nc([NH-])sc3)ccc2N1,C41628674,,99.99942,1,0,0,0,0,0,0,0,0,0
O=C1C(N[C@H](C)c2c(C)cccc2)=NN=C([O-])N1,C42249690,,99.716377,1,0,0,0,0,1,0,0,0,0
S(=O)(=O)(N(C)C(C)C)[N-]c1cc(C)c(N)cc1,C42319167,,99.114639,1,0,0,0,0,1,0,0,0,0
Fc1c(F)cc(/C(/[O-])=N/c2scnn2)c(N)c1,C50016453,,97.795479,1,0,0,0,0,1,0,0,0,0
S(c1c(C)cc(N)cn1)c1ncn[n-]1,C52813773,,98.187271,1,0,0,0,0,0,0,0,0,0
[O-]c1nc(/N=C(\N)/N2C[C@H](C)CCC2)nc(C)c1,C20344141,,57.904118,1,0,0,0,0,0,0,0,0,0
[O-]c1c(C)c(C)nc(/N=C(\N)/N2CCCCC2)n1,C19819765,,57.761902,1,0,0,0,0,0,0,0,0,0
O=C([O-])C[C@H]1CN(C(=O)[C@@H](N)C(C)(C)C)CCC1,C54303598,,53.164364,1,0,0,0,0,0,0,0,0,0
[O-]c1ccc2c(oc3cc(N)nnc23)c1,C54930973,,94.48819,1,0,0,0,0,0,0,0,0,0
S([C@@H](CN)c1ccccc1)c1nc([O-])ccn1,C42900440,,94.41246,1,0,0,0,0,0,0,0,0,0
ClC=1C(=O)C=C/C(=C/2\SC([NH-])=NN\2)/C=1,C19874341,,66.054543,1,0,0,0,0,0,0,0,0,0
O=C(NC=1C(=O)NC([O-])=NC=1)CCCC,C10109689,,99.974724,1,0,0,0,0,1,0,0,0,0
Oc1ccc2[C@@H](N[C@H](C)c3nnn[n-]3)CCCc2c1,C44926888,,87.124191,1,0,0,0,0,0,0,0,0,0
Oc1c(C(=O)C)c([O-])c([C@H](C)CC)[nH]1,C15924556,,93.379524,1,0,0,0,0,0,0,0,0,0
Fc1c(F)cc(NC(=O)NCCC(=O)[O-])c(F)c1,C61094838,,99.362534,1,0,0,0,0,1,0,0,1,0
Fc1cc([O-])c([C@H](N[C@@H]2C(=O)NCCC2)C)cc1,C62748414,,56.13871,1,0,0,0,0,0,0,0,0,0
O=C(N)CN(C)C(=O)c1c([O-])cc(C(C)C)cc1,C63749024,,66.494675,1,0,0,0,0,1,0,0,0,0
S(=O)(=O)([NH-])c1sc(C(=O)NCC#C)c(C)c1,C63875627,,99.997658,1,0,0,0,0,1,0,0,0,0
S(=O)(=O)(N)[N-][C@H]1CCOc2ccccc12,C65428055,,95.113373,1,0,0,0,0,1,0,0,0,0
O=C(OC1CCCCCC1)c1nc(N)n[n-]1,C70602579,,87.987709,1,0,0,0,0,0,0,0,0,0
[S-]c1n([C@H](CC)c2sccn2)c(N)nn1,C70883649,,98.760986,1,0,0,0,0,1,0,1,0,0
Clc1ccc2C(=O)N(N)C([S-])=Nc2c1,C71289372,,99.990044,1,0,0,0,0,0,0,0,0,0
Fc1ccc(-c2nn3C([O-])=CC(CN)=Nc3c2)cc1,C71467887,,53.575054,1,0,0,0,0,1,0,0,0,0
O=C([O-])N1[C@H](C(C)(C)C)c2cc(N)ccc2CC1,C71606880,,96.295044,1,0,0,0,0,0,0,0,0,0
O=C(NN(C)C)/C=C(/C)\C(=O)[O-],C03106116,,99.382179,1,0,0,0,0,0,0,0,0,0
Clc1nnc([O-])c2[nH]cnc12,C08626636,,59.9781,1,0,0,0,0,0,0,0,0,0
O=C([O-])CCNC(=O)N1CCCC1,C19980172,,99.344521,1,0,0,0,0,0,0,0,0,0
[S-]c1sc(NC(=O)C2CC2)nn1,C06021875,,99.370293,1,0,0,0,0,1,0,0,0,0
Brc1c(C)[nH]nc1[O-],C04878318,,70.962547,1,0,0,0,0,0,0,0,0,0
S=C1N(c2cc(F)ccc2)C([O-])=NN1,C00120763,,59.210876,1,0,0,0,0,1,0,0,0,0
O(C)C(=O)/C=C(/NC)\C(=O)[O-],C26570190,,91.657234,1,0,0,0,0,0,0,0,0,0
S(=O)(=O)([NH-])Cc1c(C)cccc1,C34263571,,99.998634,1,0,0,0,0,1,0,0,0,0
O=C1C2([N-][C@H](c3cnccc3)N1)CCCC2,C35016063,,97.691765,1,0,0,0,0,1,0,0,0,0
[O-]/C(=N\c1scnn1)/CNC1CC1,C37395041,,64.912254,1,0,0,0,0,1,0,0,0,0
[S-]c1ncnc2[nH]cnc12,C04095849,,69.311302,1,0,0,0,0,1,0,0,0,0
S=C1NC([O-])=CC(COC)=N1,C17950920,,99.8834,1,0,0,0,0,1,0,0,0,0
O=C1Nc2onc(C)c2C([O-])=C1,C39113249,,94.655548,1,0,0,0,0,1,0,1,0,0
O[C@@]1(C(=O)[O-])[C@H](C)CCCC1,C39238120,,99.687027,1,0,0,0,0,0,0,0,0,0
O=C(NC)[C@H]1C(C)(C)[C@](C)(C(=O)[O-])CC1,C39771564,,99.012444,1,0,0,0,0,0,0,0,0,0
[S-]C=1N(C)C(=O)c2c[nH]nc2N=1,C40166096,,56.789371,1,0,0,0,0,0,0,0,0,0
S(CCO)[C@]1(C(=O)[O-])CSCC1,C41986153,,99.304359,1,0,0,0,0,0,0,0,0,0
S(=O)(=O)([NH-])N1C[C@H]2CC[C@@H]1C2,C42351346,,99.996857,1,0,0,0,0,0,0,0,0,0
[S-]c1[nH]c([C@H]2COCC2)nn1,C48628234,,99.297966,1,0,0,0,0,1,0,0,0,0
S=C1C(C#N)=C([O-])C=C(C)N1,C12250588,,99.738327,1,0,0,0,0,0,0,0,0,0
O=C([O-])C1(C(=O)NCC2CCC2)CCC1,C50289443,,99.695122,1,0,0,0,0,0,0,0,0,0
O=C([O-])C1(C(=O)NCCC)CCC1,C50289582,,99.694633,1,0,0,0,0,0,0,0,0,0
O=C(/N=C/1\NCC([O-])=N\1)[C@H]1CCC=CC1,C50222205,,66.212456,1,0,0,0,0,0,0,0,0,0
O=C([O-])[C@]12CNC[C@H](C1)CCC2,C57218863,,99.35939,1,0,0,0,0,0,0,0,0,0
O=C(NCCCC)/C(=N/[O-])/C#N,C26465236,,99.969681,1,0,0,0,0,0,0,0,0,0
OCc1oc2ccc([O-])cc2n1,C58007344,,98.820511,1,0,0,0,0,0,0,0,0,0
Clc1c([O-])nncc1N1CCNCC1,C20394359,,91.049088,1,0,0,0,0,0,0,0,0,0
O=C([O-])[C@]1(CCC)CNCCC1,C59270615,,99.377678,1,0,0,0,0,0,0,0,0,0
O=C([O-])C1=C/C(=N\CC[NH+](C)C)/[N-]C=C1,C19844626,,85.339142,1,0,0,0,0,0,0,0,0,0
O[C@@]1(C(=O)[O-])CSCCC1,C61589234,,99.71772,1,0,0,0,0,0,0,0,0,0
O=C([O-])/C=C/C(=O)N[C@@H]1[C@@H](C#N)CCC1,C61889923,,99.55188,1,0,0,0,0,0,0,0,0,0
O=C(CNC)N1CCC(C)(C(=O)[O-])CC1,C62842886,,50.688915,1,0,0,0,0,0,0,0,0,0
O=C(NC)N1CCC(CC)(C(=O)[O-])CC1,C62846166,,99.105309,1,0,0,0,0,0,0,0,0,0
O=C(NC)CN1C[C@](C)(C(=O)[O-])CCC1,C62876757,,68.144379,1,0,0,0,0,0,0,0,0,0
[O-]C=1/C(=C/NCc2cnccc2)/C(C)=NN=1,C13597626,,98.97818,1,0,0,0,0,0,0,0,0,0
S(CCC)C1=NC(=O)CC([NH-])=N1,C63513820,,54.485462,1,0,0,0,0,0,0,0,0,0
S(C(C)C)C1=NC(=O)CC([NH-])=N1,C63766871,,54.576195,1,0,0,0,0,0,0,0,0,0
ClC(CSC1=NC(=O)CC([NH-])=N1)=C,C63855229,,53.564491,1,0,0,0,0,0,0,0,0,0
O=[N+]([O-])c1c(NC)cc([O-])cc1,C31429966,,90.849785,1,0,0,0,0,0,0,0,0,0
O=C1NC=Nc2sc([O-])cc12,C66339779,,82.552139,1,0,0,0,0,1,0,0,0,0
S(=O)(=O)(N(CC)CC1CC1)[NH-],C68947698,,99.996857,1,0,0,0,0,0,0,0,0,0
O=C(N[C@@H](C)CC)c1n[n-]nc1,C70227460,,63.881863,1,0,0,0,0,1,0,0,0,0
O=C([O-])[C@@]1(NCC#C)[C@@H](CC)CCCC1,C70568619,,91.474319,1,0,0,0,0,0,0,0,0,0
O[C@@](C)(COc1cnccc1)C(=O)[O-],C70713271,,99.670227,1,0,0,0,0,1,0,0,0,0
O[C@](C)(CN(C)CC)C(=O)[O-],C17533368,,99.163475,1,0,0,0,0,0,0,0,0,0
N(C)Cc1nc2ccncc2[n-]1,C70801340,,38.580441,1,0,0,0,0,1,0,0,0,0
O=C([O-])CCN[C@H]1COCC1,C70965346,,97.996506,1,0,0,0,0,0,0,0,0,0
S=C1NC([S-])=C(C)N=N1,C01239139,,95.384766,1,0,0,0,0,0,0,1,0,0
S=C1C(F)=C([O-])NC(C)=N1,C71606243,,95.048569,1,0,0,0,0,0,0,0,0,0
Sc1c(C(O)=O)c([O-])ns1,C21300171,,50.852345,1,0,0,0,0,1,0,0,0,0