smiles,active_ID,ID,%C,real_activity,U5,U4,U1,U3,U2,autoph4,dbautoph4,elucidator,reversefp
N(Cc1ccc(CNc2ncccc2)cc1)c1ncccc1,403120,CHEMBL237830,66.10981,1,0,0,0,1,0,0,0,0,0
C(N1CCNCCCNCCNCCC1)c1ccc(CN2CCNCCCNCCNCCC2)cc1,20346,CHEMBL18442,15.386195,1,1,0,0,1,1,1,1,1,0
C(N1CCNCCc2nc(CCNCC1)ccc2)c1ccc(CN2CCNCCc3nc(CCNCC2)ccc3)cc1,676182,CHEMBL1202231,64.487785,1,0,0,0,1,1,1,0,0,0
S(CC=1N2CC(C)(C)N=C2SC=1)/C(/NC1CCCCC1)=N\C1CCCCC1,454523,CHEMBL460491,93.734222,1,1,0,0,1,1,1,1,1,1
S(CC=1N2CC(C)(C)N=C2SC=1)/C(/NC1CCCCCC1)=N\C1CCCCCC1,454524,CHEMBL518501,93.745361,1,1,0,0,1,1,1,1,1,1
S(CC=1N2CCN=C2SC=1)/C(/NC1CCCCCC1)=N\C1CCCCCC1,454309,CHEMBL508054,88.020096,1,1,0,0,1,1,1,1,1,1
N(C)(C)CCCc1c(CN(C)[C@H]2CCCc3cccnc23)ncc2ccccc12,627834,CHEMBL1096504,62.831299,1,0,0,0,1,1,0,0,1,0
N(C)(Cc1n(C[C@@H]2CN(C(C)C)CCC2)c2ccccc2n1)[C@H]1CCCc2cccnc12,620980,CHEMBL1092637,49.254642,1,1,0,0,1,1,0,0,1,0
S(CC=1N2CCN=C2SC=1)/C(/NC1CCCCCCC1)=N\C1CCCCCCC1,454310,CHEMBL454896,88.023315,1,0,0,0,1,1,1,1,1,1
S(CC=1N2CCN=C2SC=1)/C(/NC1CCCCCC1)=N\C1CCCCC1,454311,CHEMBL541728,87.998611,1,1,0,0,1,1,1,1,1,1
OC[C@@H]1[C@@H]([N-][N+]#N)C[C@H](N2C(=O)NC(=O)C(C)=C2)O1,27307,CHEMBL129,99.89357,1,0,0,0,1,0,0,0,0,0
S(CC=1N2CCN=C2SC=1)/C(/NC1CCCCCCC1)=N\C1CCCCC1,454385,CHEMBL460298,88.000244,1,1,0,0,1,1,1,1,1,1
N(Cc1ncccc1)Cc1ccc(CN2CCNCCCNCCNCCC2)cc1,506865,CHEMBL477121,31.703691,1,1,0,0,1,1,1,1,1,0
S(CC=1N2CCN=C2SC=1)/C(/NC1CCCCC1)=N\C1CCCCC1,454219,CHEMBL452864,88.009865,1,1,0,0,1,1,1,1,1,1
NCCCCN(Cc1[nH]c2ccccc2n1)C1CCCc2cccnc12,621181,CHEMBL1088913,46.776024,1,0,0,0,1,0,0,0,0,0
S(CC=1N2CCN=C2SC=1)/C(/NC1C2CC3CC1CC(C2)C3)=N\C1CCCCC1,454389,CHEMBL461359,87.828896,1,1,0,0,1,1,1,1,1,1
O=C(NCc1c(CN(C)[C@H]2CCCc3cccnc23)ncc2ccccc12)CN(C)C,628650,CHEMBL1094864,33.298019,1,0,0,0,1,1,0,0,1,0
NCCCn1c(CN(C)C2CCCc3cccnc23)nc2ccccc12,576184,CHEMBL577268,48.541317,1,0,0,0,1,1,0,0,1,0
NCc1c(CN(Cc2[nH]c3ccccc3n2)C2CCCc3cccnc23)cccc1,621103,CHEMBL1093008,54.419994,1,0,0,0,1,0,0,0,0,0
S(CC=1N2CCCN=C2SC=1)/C(/NC1CCCCC1)=N\C1CCCCC1,454522,CHEMBL516630,94.408203,1,1,0,0,1,1,1,1,1,1
C(N1CCCNCCNCCNCCC1)c1ccc(CN2CCCNCCNCCNCCC2)cc1,547149,CHEMBL543895,73.236275,1,1,0,0,1,1,1,1,1,0
NCCCN(Cc1[nH]c2ccccc2n1)C1CCCc2cccnc12,621180,CHEMBL1088912,52.793312,1,0,0,0,1,0,0,0,0,0
S(CC=1N2CCN=C2SC=1)/C(/NCCCCCC)=N\C1CCCCC1,454387,CHEMBL461358,87.641014,1,1,0,0,1,1,1,1,1,1
NCCCCCCN(Cc1[nH]c2ccccc2n1)C1CCCc2cccnc12,621183,CHEMBL1088916,43.436279,1,0,0,0,1,0,0,0,0,0
N(C)(Cc1n(C2CCN(C)CC2)c2ccccc2n1)C1CCCc2cccnc12,620916,CHEMBL1091591,48.214649,1,0,0,0,1,1,0,0,1,0
NC/C=C\CN(Cc1[nH]c2ccccc2n1)C1CCCc2cccnc12,621104,CHEMBL1089844,52.347752,1,0,0,0,1,0,0,0,1,0
N(C)(C)CCCCN(Cc1[nH]c2ccccc2n1)C1CCCc2cccnc12,621263,CHEMBL1092301,46.931477,1,0,0,0,1,0,0,0,0,0
OC[C@H]1O[C@@H](N2C(=O)N=C(N)C=C2)CC1,65494,CHEMBL853,95.174881,1,0,0,0,1,0,0,0,0,0
NCc1ccc(CN(Cc2[nH]c3ccccc3n2)C2CCCc3cccnc23)cc1,621036,CHEMBL1092324,52.492214,1,0,0,0,1,0,0,0,0,0
NC/C=C/CN(Cc1[nH]c2ccccc2n1)C1CCCc2cccnc12,621105,CHEMBL1089845,52.347752,1,0,0,0,1,0,0,0,0,0
S(CC=1N2CCN=C2SC=1)/C(/NC1CCCC1)=N\C1CCCCC1,454386,CHEMBL460299,87.976181,1,1,0,0,1,1,1,1,1,1
N(C)CCCCN(Cc1[nH]c2ccccc2n1)C1CCCc2cccnc12,621264,CHEMBL1092302,47.000031,1,0,0,0,1,0,0,0,0,0
N(Cc1ncccc1)Cc1ccc(CN(Cc2[nH]c3ccccc3n2)C2CCCc3cccnc23)cc1,621972,CHEMBL1089434,49.880108,1,0,0,0,1,0,0,0,0,0
S(CC=1N2CCN=C2SC=1)/C(/NC12CC3CC(C1)CC(C2)C3)=N\C1CCCCC1,454388,CHEMBL518041,88.191391,1,1,0,0,1,1,1,1,1,1
S(CC=1N2CCN=C2SC=1)/C(/NC1CCC(C(C)(C)C)CC1)=N\C1CCCCC1,454455,CHEMBL462588,87.979126,1,1,0,0,1,1,1,1,1,1
N#CCCCCN(Cc1[nH]c2ccccc2n1)C1CCCc2cccnc12,621265,CHEMBL1092628,41.872368,1,0,0,0,1,0,0,0,0,0
S(CC=1N2CCN=C2SC=1)/C(/NC1CCCC1)=N\C1CCCC1,454307,CHEMBL454689,87.975121,1,1,0,0,1,1,1,1,1,1
NCCCCCN(Cc1[nH]c2ccccc2n1)C1CCCc2cccnc12,621182,CHEMBL1092596,44.266388,1,0,0,0,1,0,0,0,0,0
S(CC=1N2CCN=C2SC=1)/C(/N(C)C1CCCCC1)=N\C1CCCCC1,454220,CHEMBL452868,89.203728,1,0,0,0,1,0,0,0,1,1
NCC#CCN(Cc1[nH]c2ccccc2n1)C1CCCc2cccnc12,621106,CHEMBL1089846,38.973511,1,0,0,0,1,0,0,0,0,0
Clc1c(-c2c(C(=O)Nc3ccc(OC[C@@H](O)C[NH2+]C(C)C)cc3)c(C)on2)c(Cl)ccc1,,C04016812,99.630943,1,0,0,0,1,0,0,0,0,0
Oc1ccc(C[C@H]2[NH2+][C@@]3(C(=O)Nc4ccccc34)[C@@H]3C(=O)N(CCc4ccccc4)C(=O)[C@H]23)cc1,,C08790023,97.889793,1,0,0,0,1,0,0,0,0,0
Clc1cc(C)c2NC(=O)[C@]3([NH2+][C@@H](Cc4ccc(O)cc4)[C@H]4C(=O)N(CCc5ccccc5)C(=O)[C@@H]34)c2c1,,C08791010,97.960426,1,0,0,0,1,0,0,0,0,0
O(CC)C(=O)c1c(NC(=O)C[NH+]2CCc3c(C#N)c(N)sc3C2)scc1-c1ccc(C)cc1,,C09821180,93.469826,1,0,0,0,1,0,0,0,0,0
S(=O)(=O)(CCCC(=O)Nc1c(C(=O)N)c2CC[NH+](CCC)Cc2s1)c1ccc(F)cc1,,C09914354,99.511856,1,0,0,0,1,0,0,0,0,0
O=C1[C@@]2([NH2+][C@H](Cc3c[nH]c4ccccc34)[C@H]3C(=O)N(CCc4ccccc4)C(=O)[C@@H]23)c2ccccc2N1,,C12885854,99.226723,1,0,0,0,1,0,0,0,0,0
O=C1[C@]2([NH2+][C@H](Cc3c[nH]c4ccccc34)[C@H]3C(=O)N([C@@H](C)CC)C(=O)[C@@H]23)c2cc(C)ccc2N1,,C12886942,99.213364,1,0,0,0,1,0,0,0,0,0
O=C(Nc1cc(OC)ccc1)c1c(N)c2c(s1)[nH+]c(N1CCCC1)c1COC(C)(C)Cc21,,C13557158,95.827675,1,0,0,0,0,0,0,0,0,0
O=C(N)c1nn(-c2ccc(OC)cc2)c2C(=O)N(c3ccc(-c4c(C[NH2+]C)cccc4)cc3)CCc12,,C14969463,99.44323,1,0,0,0,1,0,0,0,0,0
O=C(NCCc1c[nH]c2ccccc12)C(=O)N[C@@H](C)[C@@H](N1CC[NH+](CC)CC1)c1sccc1,,C20287997,92.109795,1,0,0,0,1,0,0,0,0,0
S([C@H](C)C(=O)NC(=O)Nc1c(C)cc(C)cc1)[C@@H]1N(C2CC2)C(C=2C[NH+]=C3C=CC=CC=23)=NN1,,C38769721,99.995125,1,0,0,0,0,0,0,0,0,0
S(C)C=1C(c2c(O)cccc2)=C[C@H]2C[NH+]3N[P@@](=O)(c4c(O)cccc4)OC[C@H]3C[C@H]2C=1,,C39467228,71.46759,1,0,0,0,0,0,0,0,0,0
S(=O)(=O)(C(C)C)C=1C(c2c(O)cccc2)=C[C@H]2C[NH+]3N[P@@](=O)(c4c(O)cccc4)OC[C@@H]3C[C@@H]2C=1,,C39467612,70.212082,1,0,0,0,0,0,0,0,0,0
O=C(NCCc1c[nH]c2ccc(OC)cc12)[C@@H]1C2(CN(C(=O)c3c(C)cccc3)C1)CC[NH2+]CC2,,C39598931,99.845886,1,0,0,0,1,0,0,0,0,0
Clc1cc(Cl)cc(C(=O)N2C[C@@H](C(=O)NCCc3c[nH]c4ccc(OC)cc34)C3(C2)CC[NH2+]CC3)c1,,C39599038,99.845276,1,0,0,0,1,0,0,0,0,0
Clc1c(F)c(C(=O)N2C[C@@H](C(=O)NCCc3c[nH]c4ccc(OC)cc34)C3(C2)CC[NH2+]CC3)ccc1,,C39599175,99.843781,1,0,0,0,1,0,0,0,0,0
O=C(NCCc1c[nH]c2ccc(OC)cc12)[C@H]1C2(CN(C(=O)[C@H]3CCC=CC3)C1)CC[NH2+]CC2,,C39599372,99.846161,1,0,0,0,1,0,0,0,0,0
Fc1c(C(=O)N2C[C@@H](C(=O)N[C@H](C)CCCC(O)(C)C)C3(C2)CC[NH2+]CC3)c(F)ccc1,,C39631266,99.842461,1,0,0,0,1,0,0,0,0,0
Clc1cc(Cl)cc(C(=O)N2C[C@@H](C(=O)N[C@@H](C)CCCC(O)(C)C)C3(C2)CC[NH2+]CC3)c1,,C39631390,99.845467,1,0,0,0,1,0,0,0,0,0
Brc1ccc(C(=O)N2C[C@H](C(=O)N[C@@H](C)CCCC(O)(C)C)C3(C2)CC[NH2+]CC3)cc1,,C39631496,99.846153,1,0,0,0,1,0,0,0,0,0
Clc1c(OC)c(Cl)cc(C(=O)N2C[C@@H](C(=O)N[C@@H](C)CCCC(O)(C)C)C3(C2)CC[NH2+]CC3)c1,,C39631979,99.845924,1,0,0,0,1,0,0,0,0,0
Clc1c(C(=O)N2C[C@H](C(=O)NCCNc3ccccc3)C3(C2)CC[NH2+]CC3)c(F)c(C)cc1,,C39655435,99.842499,1,0,0,0,1,0,0,0,0,0
Clc1ccc2[nH]cc(CCNC(=O)[C@@H]3C4(CN(C(=O)[C@@H](C)CCCC)C3)CC[NH2+]CC4)c2c1,,C39676487,99.84642,1,0,0,0,1,0,0,0,0,0
FC(F)(F)Oc1ccc(C(=O)N2C[C@H](C(=O)N[C@@H](C)C(=O)NC)C3(C2)CC[NH2+]CC3)cc1,,C39683852,99.844116,1,0,0,0,1,0,0,0,0,0
O=C([C@@H](Oc1ccccc1)C(C)C)N1C[C@H](C(=O)NCCc2c[nH]c3c(C)cccc23)C2(C1)CC[NH2+]CC2,,C39684236,99.842651,1,0,0,0,1,0,0,0,0,0
Fc1cc(F)cc(C(=O)N2C[C@@H](C(=O)N[C@@H](C(C)C)C(=O)NC(C)(C)C)C3(C2)CC[NH2+]CC3)c1,,C39685744,99.842346,1,0,0,0,1,0,0,0,0,0
Clc1ccc(C(=O)N2C[C@@H](C(=O)N[C@@H](C(C)C)C(=O)NC(C)(C)C)C3(C2)CC[NH2+]CC3)cc1,,C39685750,99.843864,1,0,0,0,1,0,0,0,0,0
O=C(NC(C)(C)C)[C@@H](NC(=O)[C@H]1C2(CN(C(=O)[C@@H](C)CCCC)C1)CC[NH2+]CC2)C(C)C,,C39685857,99.844475,1,0,0,0,1,0,0,0,0,0
O=C(NC(C)(C)C)[C@@H](NC(=O)[C@H]1C2(CN(C(=O)c3oc(-c4ccccc4)cc3)C1)CC[NH2+]CC2)C(C)C,,C39685878,99.840912,1,0,0,0,1,0,0,0,0,0
S(CC(=O)C=1C[NH+]=C2C(CC)=CC=CC=12)[C@@H]1[NH+](CCC(=O)[O-])[C@H](c2ccc(F)cc2)NN1,,C39709385,29.233618,1,0,0,0,1,0,0,0,1,0
FC(F)(F)c1ccc(C(=O)N2C[C@@H](C(=O)N[C@@H](C)c3c(C)[nH]nc3C)C3(C2)CC[NH2+]CC3)cc1,,C44713674,99.826782,1,0,0,0,1,0,0,0,0,0
Clc1cc(C(=O)N2C[C@@H](C(=O)N[C@@H](C)c3c(C)[nH]nc3C)C3(C2)CC[NH2+]CC3)c(F)cc1,,C44714028,99.825256,1,0,0,0,1,0,0,0,0,0
O(CC(=O)Nc1c(C#N)c2CCCCCc2s1)C(=O)c1c(N)c2c(C)cc(C)[nH+]c2s1,,C29033420,98.864189,1,0,0,0,0,0,0,0,0,0
Clc1c(C)cc(NC(=O)CSc2[n+](-c3ccc(OC)cc3)c(N)c3c(C)[nH]nc3n2)cc1,,C33551431,84.042259,1,0,0,0,1,0,0,0,0,0
Clc1c(C)ccc(-[n+]2c(S[C@@H](CC)C(=O)NCc3occc3)nc3n[nH]c(C)c3c2N)c1,,C33672663,83.620628,1,1,0,0,1,0,0,0,0,0
Clc1cc(-[n+]2c(SCC(=O)Nc3ccc(OCC)cc3)nc3n[nH]c(C)c3c2N)ccc1,,C33686757,83.522736,1,0,0,0,1,0,0,0,0,0
Clc1ccc(OCC[NH+]2CCN([C@H](C)C(=O)Nc3ccc(S(=O)(=O)N)cc3)CC2)cc1,,C22791526,91.21077,1,0,0,0,1,0,0,0,0,0
Clc1cc(NC(=O)C2CC[NH+]([C@H](C)C(=O)Nc3c(F)c(F)c(F)cc3)CC2)c(O)cc1,,C59258662,65.497513,1,0,0,0,1,0,0,0,0,0
FC(F)(F)[C@@H]1N2NC=C(C(=O)Nc3c([C@@H](O)C)cc4OCOc4c3)C2=[NH+][C@H](c2ccc(C)cc2)C1,,C12847177,99.096359,1,0,0,0,0,0,0,0,0,0
Brc1ccc(N2C(=O)[C@@H](SC(=[NH2+])N/N=C(\C)/c3ccc(O)cc3)CC2=O)cc1,,C59489279,57.909439,1,0,0,0,0,0,0,0,0,0
FC(F)(F)[C@@H]1N2NC=C(C(=O)Nc3c([C@@H](O)C)cc4OCOc4c3)C2=[NH+][C@H](c2occc2)C1,,C12468310,98.825272,1,0,0,0,1,0,0,0,0,0
Clc1c(C)cc2OC(c3cc(OC)c(O)cc3)=C/C(=[NH+]\[C@H](Cc3[nH+]c[nH]c3)C(=O)[O-])/c2c1,,C17043337,50.703037,1,0,0,0,0,0,0,0,0,0
ClC=1C=CC2=[NH+]CC(CCNC(=O)[C@H]3NN4C(C(F)(F)F)=CC(=C5CC5)NC4=C3)=C2C=1,,C63547543,86.68251,1,0,0,0,1,0,0,0,0,0
ClC=1C=CC2=[NH+]CC(CCNC(=O)[C@@H]3NN4C(C(F)(F)F)=CC(=C5CC5)NC4=C3)=C2C=1,,C63547546,86.68251,1,0,0,0,1,0,0,0,0,0
FC=1C=CC2=[NH+]CC(CCN3C(=O)C[C@@H](C(=O)N[C@@H]4S[C@H](CCOCC)NN4)C3)=C2C=1,,C63557271,67.687561,1,0,0,0,0,0,0,0,0,0
S=C(Nc1ccc(F)cc1)N(CCC=1C[NH+]=C2C=CC=CC=12)C(=N)Nc1nc(C)cc(C)n1,,C63677518,49.93301,1,0,0,0,1,0,0,0,1,0
S(CC(=O)Nc1ccc(OC)cc1)[C@H]1SC/C(=C/C(=O)NCCC=2C[NH+]=C3C=CC=CC=23)/N1,,C63687969,76.222687,1,0,0,0,1,0,0,0,0,0
Clc1ccc(NC(=O)CS[C@H]2SC/C(=C/C(=O)NCCC=3C[NH+]=C4C=CC=CC=34)/N2)cc1,,C64652821,76.23703,1,0,0,0,1,0,0,0,0,0
S(=O)(=O)(NC)c1ccc(NC(=O)[C@@H](NC(=O)c2sccc2)CC=2C[NH+]=C3C=CC=CC=23)cc1,,C64707690,82.324821,1,0,0,0,1,0,0,0,0,0
O[C@](C)(C(C)(C)C)[C@@H]1[C@]2(OC)CC[C@@]3(C1)[C@@H]1[NH+](CC4CC4)CC[C@@]43[C@H]2Oc2c(O)ccc([C@H]1O)c42,,C65742812,93.932976,1,0,0,0,1,0,0,0,0,0
Brc1c(OCCCOc2c(Br)cc(C(=[NH2+])N)cc2)ccc(C(=[NH2+])N)c1,,C01665651,99.993828,1,0,0,0,1,0,0,0,0,0
O=C(Nc1ccc(C(=[NH+]C)NC)cc1)c1ccc(C(=O)Nc2ccc(C(=[NH+]C)NC)cc2)cc1,,C01684446,97.855011,1,0,0,0,0,0,0,0,0,0
O=C(Nc1c(C)cc(C2=[NH+]CCN2)cc1)c1ccc(C(=O)Nc2c(C)cc(C3=[NH+]CCN3)cc2)cc1,,C01692399,93.563423,1,0,0,0,1,0,0,0,0,0
O=C(Nc1ccc(C(=O)Nc2cc(C3=[NH+]CCN3)ccc2)cc1)Nc1ccc(C2=[NH+]CCN2)cc1,,C01694044,89.696907,1,0,0,0,1,0,0,0,0,0
O=C(Nc1cc(C2=[NH+]CCN2)ccc1)/C=C/c1ccc(/C=C\C(=O)Nc2cc(C3=[NH+]CCN3)ccc2)cc1,,C04759185,85.80278,1,0,0,0,1,1,1,0,0,0
O=C(Nc1ccc(NC(=O)Nc2ccc(C=3N(C)CC[NH+]=3)cc2)cc1)Nc1ccc(C=2N(C)CC[NH+]=2)cc1,,C01713828,97.57048,1,0,0,0,1,0,0,0,0,0
O[C@@H](COc1c(C[NH2+]C2CC(C)(C)CC(C)(C)C2)cc(OC)cc1)C[NH+]1CCC(O)CC1,,C11873039,97.768448,1,0,0,0,1,1,0,0,1,0
Clc1c(C(=O)Nc2ccc(/C(=[NH+]/C)/NC)cc2)ccc(C(=O)Nc2ccc(/C(=[NH+]/C)/NC)cc2)c1,,C17323171,97.852974,1,0,0,0,0,0,0,0,0,0
O=[N+]([O-])c1c(C(=O)Nc2ccc(/C(=[NH+]/C)/NC)cc2)ccc(C(=O)Nc2ccc(/C(=[NH+]/C)/NC)cc2)c1,,C17324830,97.842445,1,0,0,0,0,0,0,0,0,0
O=C(Nc1ccc(C(=O)Nc2ccc(C3=[NH+]C[C@H](C)N3)cc2)cc1)Nc1ccc(C2=[NH+]C[C@@H](C)N2)cc1,,C17325299,95.07164,1,0,0,0,1,0,0,0,0,0
O=C(Nc1ccc(C(=O)Nc2ccc(C3=[NH+]C[C@H](C)N3)cc2)cc1)Nc1ccc(C2=[NH+]C[C@H](C)N2)cc1,,C17325301,95.07164,1,0,0,0,1,0,0,0,0,0
O=C(Nc1ccc(NC(=O)c2ccc(C3=[NH+]C[C@@H](C)N3)cc2)cc1)Nc1ccc(C2=[NH+]C[C@H](C)N2)cc1,,C17353365,91.133904,1,0,0,0,1,0,0,0,0,0
O=C(Nc1ccc(NC(=O)c2ccc(C3=[NH+]C[C@H](C)N3)cc2)cc1)Nc1ccc(C2=[NH+]C[C@@H](C)N2)cc1,,C17353362,91.133904,1,0,0,0,1,0,0,0,0,0
O=C(Nc1ccc(NC(=O)c2ccc(C3=[NH+]C[C@H](C)N3)cc2)cc1)Nc1ccc(C2=[NH+]C[C@H](C)N2)cc1,,C17353363,91.133904,1,0,0,0,1,0,0,0,0,0
O=C(Nc1ccc(C2=[NH+]C[C@@H](C)N2)cc1)C1CCC(C(=O)Nc2ccc(C3=[NH+]C[C@H](C)N3)cc2)CC1,,C17375572,94.890816,1,0,0,0,1,0,0,0,0,0
O=C([C@H]([NH3+])CC(C)C)N1CCOCCOCCN(C(=O)[C@@H]([NH3+])CC(C)C)CCOCCOCC1,,C32239411,49.336243,1,0,0,0,1,0,0,0,0,0
O=C([C@@H]([NH3+])CC(C)C)N1CCOCCOCCN(C(=O)[C@@H]([NH3+])CC(C)C)CCOCCOCC1,,C32239413,49.336243,1,0,0,0,1,0,0,0,0,0
FC(F)(F)C=1C=C(O)OC2=C/C(=[NH+]\C(=O)[C@@H](NC(=O)[C@@H]([NH3+])CO)Cc3ccc(O)cc3)/C=CC=12,,C35051138,93.20166,1,0,0,0,1,0,0,0,0,0
O(C)C(=O)[C@@H]1C(NC(=O)C[NH+]2CCC(C(=O)N)([NH+]3CCCCC3)CC2)=C2C(OC)=CC=CC2=[NH+]1,,C38669789,96.458168,1,0,0,0,1,0,0,0,0,0
O(C)C(=O)[C@H]1C(NC(=O)C[NH+]2CCC(C(=O)N)([NH+]3CCCCC3)CC2)=C2C(OC)=CC=CC2=[NH+]1,,C38669791,96.458168,1,0,0,0,1,0,0,0,0,0
O=C(NCCC=1[C@@H](C)[NH+]=C2C=CC(C#N)=CC=12)[C@H]1C2(CN(C(=O)[C@H]3NN(C)C(C)=C3)C1)CC[NH2+]CC2,,C39674876,84.821732,1,0,0,0,1,0,0,0,0,0
O=C(NCCC=1[C@@H](C)[NH+]=C2C=CC(C#N)=CC=12)[C@@H]1C2(CN(C(=O)[C@H]3NN(C)C(C)=C3)C1)CC[NH2+]CC2,,C39674878,84.821732,1,0,0,0,1,0,0,0,0,0
Clc1ccc(C(=O)N/N=C(/[C@H](O)[C@H](O)CO)\[C@@H]2C(=O)[NH+]=C3C=CC(Cl)=CC3=[NH+]2)cc1,,C40151297,99.268974,1,0,0,0,1,0,0,0,0,0
Clc1ccc(C(=O)N/N=C(/[C@H](O)[C@H](O)CO)\[C@H]2C(=O)[NH+]=C3C=CC(Cl)=CC3=[NH+]2)cc1,,C40151299,99.268974,1,0,0,0,1,0,0,0,0,0
Clc1c(C(=O)N/N=C(/[C@@H](O)[C@H](O)CO)\[C@@H]2C(=O)[NH+]=C3C=CC(Cl)=CC3=[NH+]2)cccc1,,C40151330,99.275101,1,0,0,0,1,0,0,0,0,0
ClC=1C=CC2=[NH+]C(=O)[C@H](/C(=N\NC(=O)c3ccc([N+](=O)[O-])cc3)/[C@@H](O)[C@H](O)CO)[NH+]=C2C=1,,C40151339,99.279007,1,0,0,0,1,0,0,0,0,0
O(C[C@@H]([NH3+])CC=1C[NH+]=C2C=CC=CC=12)c1cc(-c2ccc3NC(=O)[C@H](c4occc4)c3c2)cnc1,,C52566213,79.745468,1,0,0,0,1,0,0,0,0,0
O(C[C@@H]([NH3+])CC=1C[NH+]=C2C=CC=CC=12)c1cc(-c2ccc3NC(=O)[C@@H](C=4O[C@@H](C)CC=4)c3c2)cnc1,,C52566255,79.745674,1,0,0,0,1,0,0,0,0,0
O(C[C@@H]([NH3+])CC=1C[NH+]=C2C=CC=CC=12)c1cc(c(-c2cocc2)nc1)-c1cnc2[nH]nc(C)c2c1,,C52569905,72.763634,1,0,0,0,1,0,0,0,0,0
O(C[C@@H]([NH3+])CC=1C[NH+]=C2C=CC=CC=12)c1cc(c(-c2cocc2)nc1)-c1nc2c(C)n[nH]c2cc1,,C52569906,67.361076,1,0,0,0,1,0,0,0,1,0
O(C[C@@H]([NH3+])CC=1C[NH+]=C2N=CC=CC=12)c1cc(c(-c2cocc2)nc1)-c1ccc2[nH]nc(C)c2c1,,C52569912,86.756409,1,0,0,0,1,0,0,0,0,0
O(C[C@@H]([NH3+])CC=1C[NH+]=C2C=CC=CC=12)c1c(N)nc(c(-c2ncc3[nH]nc(C)c3c2)c1)-c1c(C)occ1,,C52569918,55.863342,1,0,0,0,1,0,0,0,0,0
O(C[C@@H]([NH3+])CC=1C[NH+]=C2C=CC=CC=12)c1cc(-c2ccc(Nc3nc(N)ncc3)cc2)cnc1,,C52627706,43.144398,1,0,0,0,1,0,0,0,0,0
O(C[C@@H]([NH3+])CC=1C[NH+]=C2C=CC=CC=12)c1cc(-c2ccc3NC(=O)[C@@H](C(C)(C)CC=4CC=NC=4)c3c2)cnc1,,C52634393,79.751602,1,0,0,0,1,0,0,0,0,0
O=C(NC1CC(C)(C)[NH2+]C(C)(C)C1)CN1CCN(CC(=O)NC2CC(C)(C)[NH2+]C(C)(C)C2)CC1,,C22917039,53.824398,1,0,0,0,1,1,0,0,0,0
S(=O)(=O)(N[C@H]1Sc2cc(C(=O)NC3[NH+]=C4C=CC=CC4=[NH+]3)ccc2N1)c1ccc(OC)cc1,,C63280069,89.35038,1,0,0,0,0,0,0,0,0,0
S(=O)(=O)(N)c1ccc(NC(=O)[C@@H](S[C@@H]2[NH+]=C3C=C(C)C=CC3=[NH+]2)c2ccccc2)cc1,,C63626002,99.457848,1,0,0,0,1,0,0,0,0,0
S(=O)(=O)(N)c1ccc(NC(=O)[C@@H](S[C@H]2[NH+]=C3C=C(C)C=CC3=[NH+]2)c2ccccc2)cc1,,C63626005,99.457848,1,0,0,0,1,0,0,0,0,0
S(=O)(=O)(NCC(=O)Nc1ccc(C2[NH+]=C3C=CC=CC3=[NH+]2)cc1)[C@H]1[C@H](C)NC(C)=C1C(OCC)=O,,C63635498,89.103767,1,0,0,0,1,0,0,0,0,0
S(=O)(=O)(NC[C@H]1[NH+]=C2C=C(C)C=CC2=[NH+]1)c1c([C@@H]2ONC(c3ccc(C)cc3)=[NH+]2)cccc1,,C63763488,92.510429,1,0,0,0,1,0,0,0,0,0
ClC=1C=CC2=[NH+]CC(CCNC(=O)[C@@H]3ONC(COc4ccc(CC(=O)N)cc4)=[NH+]3)=C2C=1,,C63782754,85.489578,1,0,0,0,1,0,0,0,0,0
Clc1cc(C(=O)NNC(=O)c2ccc(NS(=O)(=O)C=3C=CC4=[NH+]C(=O)[NH+]=C4C=3)cc2)ccc1,,C40075251,69.519318,1,0,0,0,1,0,0,0,0,0
S(=O)(=O)(Nc1cc(Sc2[nH]ncn2)c(O)c2ccccc12)C=1C=CC2=[NH+]C(=O)[NH+]=C2C=1,,C38797329,69.521286,1,0,0,0,1,0,0,0,0,0
O=C(N[C@@H](C)[C@@H]1[NH+]=C2C=C(C)C=CC2=[NH+]1)c1cc(N)cc2N[C@H]([NH+](C)c12)c1c(OC)cccc1,,C64002385,99.170059,1,0,0,0,1,0,0,0,0,0
S(=O)(=O)(Nc1ccc(C(=O)NNc2[n+](C)c3ccccc3s2)cc1)C=1C=CC2=[NH+]C(=O)[NH+]=C2C=1,,C64173251,66.051064,1,0,0,0,0,0,0,0,0,0
S(=O)(=O)(N)c1ccc([C@H](NC(=O)c2ccc(NS(=O)(=O)C=3C=CC4=[NH+]C(=O)[NH+]=C4C=3)cc2)C)cc1,,C64338097,68.420158,1,0,0,0,0,0,0,0,0,0
Fc1ccc(C2=NN(CC3=[NH+][C@@H](C(=O)NC[C@@H]4[NH+]=C5C=C(C)C=CC5=[NH+]4)ON3)C(=O)C=C2)cc1,,C64610808,96.9505,1,0,0,0,0,0,0,0,0,0
Fc1ccc(C2=NN(CC3=[NH+][C@@H](C(=O)NC[C@H]4[NH+]=C5C=C(C)C=CC5=[NH+]4)ON3)C(=O)C=C2)cc1,,C64610809,96.9505,1,0,0,0,0,0,0,0,0,0
S(CC(=O)NCCC1[NH+]=C2C=CC=CC2=[NH+]1)c1n(C)c([C@H]2ONC(c3ccc(F)cc3)=[NH+]2)nn1,,C65099886,97.736839,1,0,0,0,1,0,0,0,0,0
S(CC(=O)NCCC1[NH+]=C2C=CC=CC2=[NH+]1)c1n(C)c([C@H]2ONC(c3ccc(C)cc3)=[NH+]2)nn1,,C65100000,97.752769,1,0,0,0,1,0,0,0,0,0
O(CCCCOc1ccc2[nH+]c(C)cc(N)c2c1)c1ccc2[nH+]c(C)cc(N)c2c1,,C01848318,73.671631,1,1,0,0,1,1,1,1,0,0
Brc1cc(Cl)c(-c2oc(C[NH2+]CCC[NH2+]CC)cc2)cc1,,C13735320,83.442047,1,0,0,0,1,0,0,0,1,0
FC(F)(F)c1cc(NC(=O)[C@@H]2C[NH+](C)[C@@H](C3CCN(C(=O)C([NH3+])(C)C)CC3)C2)ccc1,,C19080881,79.11586,1,0,0,0,1,1,0,0,0,0
OCC[NH+](C)CC/[NH+]=C/1\C=C2Oc3ccccc3N=C2c2c(O)c3ccccc3c(O)c\12,,C20229078,99.08847,1,0,0,0,1,0,0,0,0,0
Brc1cc(Cl)c(-c2oc(C[NH2+]CC[NH2+]C[C@H](O)C)cc2)cc1,,C20875693,82.830833,1,0,0,0,1,0,0,0,1,0
Brc1c(C)cc(-c2oc(C[NH2+]CC[NH2+]CCO)cc2)cc1,,C20875838,80.870842,1,0,0,0,1,0,0,0,0,0
O[C@@H]1[C@H]([NH+]2CCC(CCC3CC[NH+]([C@H]4[C@@H](O)CCCC4)CC3)CC2)CCCC1,,C28235428,99.874886,1,0,0,0,1,1,0,0,1,0
ClC=1C=CC2=[NH+]C(=O)/C(=C(\NNC(=O)c3ccccc3)/C=O)/[NH+]=C2C=1,,C05286306,99.582001,1,0,0,0,1,0,0,0,0,0
Brc1cc([C@H]([NH+](CC)C2CCCC2)C[NH3+])cc2OCOc12,,C35765578,56.457321,1,0,0,0,1,0,0,0,0,0
Oc1c(OC)cc([C@@H]2Oc3cc(C)ccc3/C(=N/NC3[NH+]=C4C=CC=CC4=[NH+]3)/C2)cc1,,C38779643,95.279587,1,0,0,0,1,0,0,0,0,0
Brc1sc([C@@H]([NH+](C)Cc2c(C)occ2)[C@H]([NH3+])CC)cc1,,C43261573,62.415218,1,0,0,0,1,0,0,0,1,0
Brc1sc([C@@H]([C@@H]([NH3+])C)N2CC[NH+](C(C)(C)C)CC2)cc1,,C43261695,98.66655,1,0,0,0,1,1,0,0,1,0
Brc1sc([C@H]([C@H]([NH3+])CC)N2CC[NH+](C3CC3)CC2)cc1,,C43261896,98.175789,1,0,0,0,1,1,0,0,1,0
Brc1cc([C@H]([C@H]([NH3+])CC)N2CC[NH+](C3CC3)CC2)sc1,,C43286810,98.238785,1,0,0,0,1,1,0,0,1,0
Brc1cc([C@@H]([NH+](C)CC(=O)NC(C)C)[C@@H]([NH3+])CC)sc1,,C43287588,97.787209,1,0,0,0,1,0,0,0,1,0
Brc1scc(C[NH+](C)[C@@H]([C@@H]([NH3+])CC)c2ccncc2)c1,,C43354379,57.408127,1,0,0,0,1,0,0,0,1,0
Brc1cc([C@@H]([NH+](C)Cc2c(OC)cccc2)[C@H]([NH3+])C)sc1,,C43286504,45.61573,1,0,0,0,0,0,0,0,1,0
Brc1c(Br)cc([C@@H]([NH+](C)Cc2ccc(Cl)cc2)C[NH3+])o1,,C50362047,67.611572,1,0,0,0,0,0,0,0,0,0
Brc1cc(C[NH2+]C2CCC([NH3+])CC2)c(OC(F)F)cc1,,C51694084,98.831306,1,0,0,0,1,0,0,0,0,0
O(C[C@@H]([NH3+])CC=1C[NH+]=C2C=CC=CC=12)c1cc(-c2ccc(N)cc2)cnc1,,C52627747,79.745911,1,0,0,0,1,0,0,0,0,0
Brc1cc([C@@H]([C@H]([NH3+])CC)N2CC[NH+]([C@@H](C)CC)CC2)sc1,,C55063823,98.550941,1,0,0,0,1,1,0,0,1,0
O=C(NC1CC(C)(C)[NH2+]C(C)(C)C1)CCNC1CC(C)(C)[NH2+]C(C)(C)C1,,C55202162,97.340759,1,0,0,0,1,1,1,1,1,0
Brc1sc([C@H]([C@H]([NH3+])CC)N2[C@@H](C[NH+](C)C)CCC2)cc1,,C61642070,70.065384,1,0,0,0,0,1,0,0,1,0
S(CC(=O)N[C@H]1Sc2cc(OCC)ccc2N1)[C@H]1[NH+]=C2C=C(C)C=CC2=[NH+]1,,C63075055,99.408134,1,0,0,0,0,0,0,0,0,0
S(CC(=O)N[C@H]1Sc2cc(OCC)ccc2N1)[C@@H]1[NH+]=C2C=C(C)C=CC2=[NH+]1,,C63075060,99.408134,1,0,0,0,0,0,0,0,0,0
S(CC1[NH+]=C2C=CC=CC2=[NH+]1)[C@@H]1N(CC=C)[C@@H](c2ccc(C)cc2)NN1,,C63162942,51.664711,1,0,0,0,1,0,0,0,0,0
Clc1ccc([C@@H]2N(CC=C)[C@@H](SCC3[NH+]=C4C=CC=CC4=[NH+]3)NN2)cc1,,C63162959,50.413162,1,0,0,0,1,0,0,0,0,0
Clc1c(NC(=S)NC(=O)c2sccc2)cc(C2[NH+]=C3C=CC=CC3=[NH+]2)cc1,,C63314359,99.224556,1,0,0,0,0,0,0,0,0,0
S(CC(=O)NC=1[C@@H](C)N(CC)NC=1C)[C@H]1[NH+]=C2C(C)=CC(C)=CC2=[NH+]1,,C63340102,99.360954,1,0,0,0,1,0,0,0,0,0
S(CC(=O)N[C@@H]1Sc2ccc(OC)cc2N1)[C@H]1[NH+]=C2C=C(OCC)C=CC2=[NH+]1,,C63426868,86.830627,1,0,0,0,0,0,0,0,0,0
S(CC1[NH+]=C2C=CC=CC2=[NH+]1)[C@@H]1N(Cc2occc2)[C@H](c2cc(C)ccc2)NN1,,C63446103,35.269424,1,0,0,0,0,0,0,0,1,0
S(CC1[NH+]=C2C=CC=CC2=[NH+]1)[C@H]1N(Cc2occc2)[C@H](c2ccc(C)cc2)NN1,,C63448330,35.273552,1,0,0,0,0,0,0,0,0,0
S(CC(=O)N[C@H]1Sc2cc(OC)ccc2N1)C1[NH+]=C2C=CC=CC2=[NH+]1,,C63677118,99.426819,1,0,0,0,0,0,0,0,0,0
Clc1c(Cl)ccc(CS[C@@H]2O[C@@H]([C@@H]([NH3+])CC=3C[NH+]=C4C=CC=CC=34)NN2)c1,,C63720176,75.451431,1,0,0,0,1,0,0,0,1,0
Clc1ccc([C@@H]2N(N)C(SCC3[NH+]=C4C=CC=CC4=[NH+]3)=NN2)cc1,,C63744007,59.895569,1,0,0,0,0,0,0,0,0,0
S(CC(=O)NC1[NH+]=C2C=CC=CC2=[NH+]1)CC=1NC(=O)c2c(C)c(C)sc2N=1,,C63795325,95.679008,1,0,0,0,0,0,0,0,0,0
ClC=1C=CC2=[NH+]CC(CCNC(=O)C3(N4N[NH2+]NC4)CCCCC3)=C2C=1,,C63795997,38.36274,1,0,0,0,1,0,0,0,1,0
O=C(N)C[C@H]([NH2+]C[C@H](c1ccc(OC)cc1)C=1C[NH+]=C2C=CC=CC=12)C,,C63919928,86.568344,1,0,0,0,1,0,0,0,1,0
S(C/C=C/c1ccccc1)[C@H]1O[C@H]([C@@H]([NH3+])CC=2C[NH+]=C3C=CC=CC=23)NN1,,C63985333,75.427841,1,0,0,0,1,0,0,0,1,0
Fc1cc(N2N[C@H]([C@H](C[NH2+]C[C@H]3[NH+]=C4C=CC(OC)=CC4=C3)C2)c2oc(C)cc2)ccc1,,C64061627,88.146324,1,0,0,0,1,0,0,0,1,0
FC(F)(F)c1c(NC(=O)N[C@H](C)C=2C=CC3=[NH+]C(=O)[NH+]=C3C=2)cccc1,,C64127703,99.998184,1,0,0,0,0,0,0,0,0,0
Clc1c(CS[C@H]2O[C@H]([C@@H]([NH3+])CC=3C[NH+]=C4C=CC=CC=34)N=N2)c(Cl)ccc1,,C64428653,48.635586,1,0,0,0,0,0,0,0,1,0
S(CC1[NH+]=C2C=CC=CC2=[NH+]1)[C@H]1NN[C@@H]2N(CC)c3ccccc3N12,,C65042622,95.807663,1,0,0,0,0,0,0,0,0,0
Clc1c(OC)ccc(CC(=O)NCC(=O)NC2[NH+]=C3C=CC=CC3=[NH+]2)c1,,C65305698,99.884949,1,0,0,0,0,0,0,0,0,0
FC(F)(F)c1ccc(C(=O)N[C@H](C)C(=O)NC2[NH+]=C3C=CC=CC3=[NH+]2)cc1,,C65305782,99.88372,1,0,0,0,0,0,0,0,0,0
O=C(N[C@@H](CC(C)C)C(=O)NC1[NH+]=C2C=CC=CC2=[NH+]1)Cc1cc(OC)ccc1,,C65305807,99.88385,1,0,0,0,1,0,0,0,0,0
O=C(N[C@H]([C@H](C)CC)C(=O)NC1[NH+]=C2C=CC=CC2=[NH+]1)Cc1cc(OC)ccc1,,C65305873,99.88385,1,0,0,0,1,0,0,0,0,0
O=C(NC1[NH+]=C2C=CC=CC2=[NH+]1)[C@H](NC(=O)c1ccc(OC)cc1)[C@H](C)CC,,C65305973,99.883728,1,0,0,0,1,0,0,0,0,0
O=C(N[C@@H](CCC)C(=O)NC1[NH+]=C2C=CC=CC2=[NH+]1)Cc1cc(OC)ccc1,,C65306003,99.883804,1,0,0,0,1,0,0,0,0,0
[NH2+](CCC)[C@@H]1[C@@H](Cc2sc3C[C@H]([NH2+]CCC)CCc3n2)c2sc(N)nc2CC1,,C65739976,99.854088,1,0,0,0,1,1,0,0,1,0
Clc1ccc(S(=O)(=O)NC[C@@H]2[NH+]3C[C@H](C[NH+]4CCN(c5c(OC)cccc5)CC4)[C@H](C2)CC3)cc1,,C08635630,91.932892,1,0,0,0,0,0,0,0,0,0
Clc1c(NCCN(CCO)c2c(Cl)cc(C(F)(F)F)c[nH+]2)[nH+]cc(C(F)(F)F)c1,,C03116603,97.895477,1,0,0,0,1,0,0,0,0,0
O=C([C@H]([NH2+]C[C@@H](c1ccc(N(C)C)cc1)c1c[nH]c2ccccc12)C)N1CC[NH+](CC)CC1,,C09205618,73.730255,1,0,0,0,1,1,0,0,0,0
O=C(N[C@@H](C)CCc1ccccc1)CCC(=O)Nc1ccc2[nH+]c(N3CC[NH+](C)CC3)cc(C)c2c1,,C09776960,65.289261,1,0,0,0,1,0,0,0,0,0
Fc1ccc(OCC[NH2+]CC[C@@H]2N(CC3([NH+]4CCOCC4)CCCCC3)C(=O)CC2)cc1,,C12207796,93.926987,1,0,0,0,1,1,0,0,1,0
ClC(Cl)(Cl)[C@H]([NH+](CC)CC)NC(=O)N[C@H]([NH+](CC)CC)C(Cl)(Cl)Cl,,C03114922,60.018051,1,0,0,0,0,0,0,0,0,0
Clc1nc(SCC(=O)N[C@@H](C)CCC[NH+](CC)CC)nc(N2CC[NH+](C)CC2)c1,,C35247938,95.268227,1,0,0,0,1,1,0,0,1,0
Fc1ccc(-n2c(N3CC[NH+](CC)CC3)c(C[NH+](CCOC)Cc3c(O)ccc(C)c3)c(C)n2)cc1,,C35954614,91.38652,1,0,0,0,0,1,0,0,0,0
Clc1ccc(N2CC[NH+](CC(=O)NC=3[C@H](C(OCC)=O)[NH+]=C4C=CC(F)=CC=34)CC2)cc1,,C38592135,99.090454,1,0,0,0,1,0,0,0,0,0
ClC=1C=CC2=[NH+][C@H](C(OC)=O)C(NC(=O)[C@H](C)[NH+]3C[C@@H](C)N(c4cc(OC)ccc4)CC3)=C2C=1,,C38609981,96.775238,1,0,0,0,1,0,0,0,1,0
O(C)C(=O)[C@@H]1C(NC(=O)C[NH+]2CCN(c3c(C)c(C)ccc3)CC2)=C2C=CC(OC)=CC2=[NH+]1,,C38661501,99.169319,1,0,0,0,1,0,0,0,0,0
O(C)C(=O)[C@H]1C(NC(=O)CCN2CC[NH+](C3CCCCC3)CC2)=C2C=CC(OC)=CC2=[NH+]1,,C38664286,95.030411,1,0,0,0,1,1,0,0,0,0
O(C)C(=O)[C@H]1C(NC(=O)C[NH+]2CCN(c3c(C)cc(C)cc3)CC2)=C2C(OC)=CC=CC2=[NH+]1,,C38684970,99.225792,1,0,0,0,0,0,0,0,0,0
O(C)C(=O)[C@H]1C(NC(=O)C[NH+]2CCN(c3c(C)ccc(C)c3)CC2)=C2C(OC)=CC=CC2=[NH+]1,,C38685181,99.225769,1,0,0,0,0,0,0,0,0,0
Fc1ccc(N2CC[NH+](CCOc3cc(O)c([C@H]4C(c5ccc(OC)cc5)=CN=[NH+]4)cc3)CC2)cc1,,C38782320,86.352715,1,0,0,0,1,0,0,0,0,0
Clc1ccc(COc2c([C@H]3[NH+]=NC(C(=O)N/N=C/C=4C[NH+]=C5C=CC=CC=45)=C3)cccc2)cc1,,C38906324,99.052773,1,0,0,0,1,0,0,0,1,0
S(=O)(=O)(/N=C\1/[C@@H](Nc2cc(C(OCC)=O)ccc2)[NH+]=C2C=CC=CC2=[NH+]/1)c1ccc(F)cc1,,C38965888,86.203819,1,0,0,0,1,0,0,0,0,0
FC(F)(F)c1cc(N2CC[NH+](CCC(=O)NC=3[C@H](C(OCC)=O)[NH+]=C4C=CC=CC=34)CC2)ccc1,,C39012000,79.511124,1,0,0,0,1,0,0,0,0,0
Clc1ccc(N2CC[NH+](CC(=O)NC=3[C@H](C(OC)=O)[NH+]=C4C=C(OC)C=CC=34)CC2)cc1,,C39012463,99.174698,1,0,0,0,1,0,0,0,0,0
O[C@H](COc1c(C[NH2+]C23CC4CC(C2)CC(C3)C4)ccc(OC)c1)CN1CC[NH+](C)CC1,,C23374181,84.977394,1,0,0,0,1,1,0,0,1,0
Clc1ccc(N2[C@H]([C@H]([NH+](C)C)C)NN=C2SCC(=O)C=2[C@@H](C)[NH+]=C3C=CC=CC=23)cc1,,C39620482,84.73793,1,0,0,0,0,0,0,0,0,0
O=C1[C@@H]([C@@H]([NH+](Cc2cnccc2)Cc2ccccc2)[C@H]2N(C(C)(C)C)NN=N2)C=C2C=C(CC)C=CC2=[NH+]1,,C39710531,53.151794,1,0,0,0,1,0,0,0,0,0
O=C1[C@H]([C@H]([NH+](Cc2sccc2)Cc2occc2)[C@H]2N(C(C)(C)C)NN=N2)C=C2C=C(CC)C=CC2=[NH+]1,,C39710558,62.556499,1,0,0,0,1,0,0,0,0,0
Fc1ccc(C[NH+](Cc2occc2)[C@@H]([C@H]2N(C(C)(C)C)NN=N2)[C@@H]2C(=O)[NH+]=C3C(C)=C(C)C=CC3=C2)cc1,,C39710778,62.311935,1,0,0,0,1,0,0,0,0,0
O=C1[C@H]([C@H]([NH+](Cc2cnccc2)Cc2ccccc2)[C@H]2N(C(C)(C)C)NN=N2)C=C2C=C(C)C(C)=CC2=[NH+]1,,C39711258,53.154449,1,0,0,0,1,0,0,0,0,0
Fc1ccc(NC(=O)COc2c(OC)cccc2/C=C(\C#N)/[C@H]2[NH+]=C3C=C(C)C=CC3=[NH+]2)cc1,,C39934859,99.765083,1,0,0,0,0,0,0,0,0,0
Clc1c(OCc2c(Cl)cc(F)cc2)c(OCC)cc(C[NH2+]CCCn2c[nH+]cc2)c1,,C40719800,79.440285,1,0,0,0,0,0,0,0,1,0
Clc1c(OCc2c(Cl)cccc2F)c(OCC)cc(C[NH2+]CCCn2c[nH+]cc2)c1,,C40719802,79.436546,1,0,0,0,0,0,0,0,1,0
Oc1ccc2n(CC[NH+](C)C)c(-c3cc(-c4ccc(OCC[NH+](C)C)cc4)cnc3)cc2c1,,C40848197,96.860855,1,0,0,0,1,1,0,0,1,0
S=C(Nc1ccc(OC)cc1)N1CCC2(N(CC[NH+](CC)CC)C(=O)[C@H](Cc3ccccc3)[NH2+]2)CC1,,C36027032,99.009346,1,0,0,0,0,0,0,0,0,0
Fc1c(C(=O)Nc2ccc(N3CCC([NH2+][C@@H](CCn4c[nH+]cc4)c4ccccc4)CC3)cc2)cccc1,,C39387707,79.922867,1,0,0,0,0,0,0,0,0,0
Clc1c(OCc2c(Cl)cc(Cl)cc2)c(OC)cc(C[NH2+]CC[NH2+]C[C@@H](O)C)c1,,C23469522,46.077793,1,0,0,0,1,0,0,0,1,0
S(=O)(=O)(NC(C)C)c1ccc(NC(=O)[C@@H](C)[NH+]2CCC(C=3C[NH+]=C4C=CC=CC=34)CC2)cc1,,C63108161,70.487869,1,0,0,0,1,0,0,0,0,0
Clc1c(C(=O)N/C(=C\c2ccc3OCOc3c2)/C(=O)NCCC2[NH+]=C3C=CC=CC3=[NH+]2)cccc1,,C63437610,98.605362,1,0,0,0,0,0,0,0,0,0
FC(F)(F)C=1N2N[C@@H](C(=O)NCCC=3C[NH+]=C4C=CC(OC)=CC=34)C=C2[NH+]=C(c2occc2)C=1,,C63547134,53.38644,1,0,0,0,0,0,0,0,0,0
O=C(NCCC[NH+]1C[C@@H](C)C[C@H](C)C1)[C@@H](NC(=O)C1CCC(C)CC1)CC=1C[NH+]=C2C=CC=CC=12,,C63626084,85.492912,1,0,0,0,1,0,0,0,0,0
S(=O)(=O)(N(C)CCCC)c1ccc(C(=O)Nc2ccc(C3[NH+]=C4C=CC=CC4=[NH+]3)cc2)cc1,,C63667486,99.086952,1,0,0,0,0,0,0,0,0,0
Clc1ccc(C(=O)CS[C@@H]2[NH+]=C3C=CC=CC3=C3[NH+]=C(CCC=4[C@H](C)N=NC=4C)NN23)cc1,,C63708355,86.226639,1,0,0,0,0,0,0,0,0,0
S(C[C@H]1C(=O)[NH+]=C2C=CC=CC2=[NH+]1)c1ccc(NC(=O)c2cc(OC)cc(OC)c2)cc1,,C63751728,99.905891,1,0,0,0,1,0,0,0,0,0
O(C)C(=O)[C@H]1N(CCC=2C[NH+]=C3C=CC=CC=23)c2[nH+]cc(N[C@H](C)CC)cc2[C@H]1NC(=O)C,,C63993514,69.584381,1,0,0,0,1,0,0,0,0,0
O=C(NC1CC1)c1nn(Cc2cc(OC)ccc2)c2CCN(CC3[NH+]=C4C=CC=CC4=[NH+]3)Cc12,,C63993960,83.340416,1,0,0,0,1,0,0,0,0,0
O(C)C(=O)[C@H]1N(CCC=2C[NH+]=C3C=CC=CC=23)c2[nH+]cc(N[C@H](C)CC(C)C)cc2[C@H]1NC(=O)C,,C63994238,69.60569,1,0,0,0,1,0,0,0,0,0
ClC=1C=CC2=[NH+][C@@H](C(=O)NC[C@@H](Oc3cc(C[NH+](C)Cc4cocc4)ccc3)C)C(C)=C2C=1,,C64120654,97.655113,1,0,0,0,1,0,0,0,0,0
O=C(Nc1c(C)n(C)nc1C)[C@@H]([NH2+]C[C@H](c1ccccc1)C=1[C@@H](c2ccccc2)[NH+]=C2C=CC=CC=12)C,,C64155871,44.766205,1,0,0,0,1,0,0,0,0,0
S(C1[NH+]=C2C=CC=CC2=[NH+]1)[C@H]1CN(Cc2ccc(C(OC)=O)cc2)[C@H](C(=O)NC(C)C)C1,,C64158013,65.000725,1,0,0,0,0,0,0,0,0,0
O=C(N[C@@H](CC=1C[NH+]=C2C=CC=CC=12)C(=O)NC[C@@H]([NH+]1CCC(C)CC1)c1sccc1)C,,C64220426,85.041138,1,0,0,0,1,0,0,0,1,0
Fc1c(C(=O)N[C@H]2N(CCCOC(C)C)[C@H](C)[C@@H](C)[C@H]2C2[NH+]=C3C=CC=CC3=[NH+]2)cccc1,,C64600412,70.508522,1,0,0,0,0,0,0,0,1,0
O=C(NC)C=1C(=O)C(C(=O)N[C@@H](C)[C@@H]2[NH+]=C3C=C(C)C=CC3=[NH+]2)=CN(CCCc2ccccc2)C=1,,C64640421,99.184624,1,0,0,0,1,0,0,0,0,0
O(C)c1c(C[C@@H]2ON=C(C[NH2+]CCCC=3[C@H](C)[NH+]=C4C=CC=CC=34)C2)cc(OC)c2OCOc12,,C64670846,72.791489,1,0,0,0,0,0,0,0,1,0
ClC=1C=CC2=[NH+][C@H](C(=O)N3CCC([C@@H](C)C(=O)NCC[C@@H](C)[NH+]4CCCCCC4)CC3)C=C2C=1,,C64744028,98.551834,1,0,0,0,1,0,0,0,0,0
O[C@@H](C[NH2+][C@H](C)CCc1ccccc1)C[NH2+][C@@H](C)[C@H]1Oc2ccccc2OC1,,C04023819,80.279503,1,0,0,0,1,1,0,0,1,0
O=C(Nc1ccc(-c2ccc(NC(=O)C[NH2+]CC(C)C)cc2)cc1)C[NH2+]CC(C)C,,C04792051,49.990501,1,0,0,0,1,0,0,0,0,0
Oc1c(C[NH2+]CCCCCC[NH2+]Cc2c(O)cccc2)cccc1,,C02343991,91.434036,1,0,0,0,1,1,0,0,1,0
S(C[C@H](O)C[NH2+]C1CCCCC1)C[C@H](O)C[NH2+]C1CCCCC1,,C04989800,99.609993,1,0,0,0,1,1,0,0,1,0
O(CC)C(=O)c1c(NC(=O)C[NH2+]CCC[NH+]2CCOCC2)sc2CCCCc12,,C05864031,86.299919,1,0,0,0,1,0,0,0,1,0
Brc1c(OCc2ccc(F)cc2)c(OCC)cc(C[NH2+]CCC[NH2+]C)c1,,C08253975,98.409279,1,0,0,0,1,0,0,0,1,0
Clc1ccc(COc2c(OCC)cc(C[NH2+]CCC[NH2+]C)cc2)cc1,,C08254523,98.655159,1,0,0,0,1,0,0,0,1,0
Clc1cc(C[NH2+]CCc2cn(C)nc2)c(OC[C@H](O)C[NH+]2CCCCCC2)cc1,,C11704250,98.509209,1,0,0,0,1,1,0,0,1,0
S(C)CC[C@H]([NH3+])C(=O)NCC1([NH+]2CCC(C)CC2)CCCCC1,,C11954908,61.03846,1,0,0,0,1,0,0,0,1,0
O[C@H](COc1c(C[NH2+]CCC=2CCCCC=2)ccc(OC)c1)C[NH+]1CCCC1,,C12301983,98.737167,1,0,0,0,1,1,0,0,1,0
O(C)CC[NH+]1CCC(CNC(=O)C[C@H]2[NH+](CCC(C)C)CCNC2=O)CC1,,C12590185,83.144028,1,0,0,0,1,0,0,0,1,0
Fc1cc(F)cc(C[NH2+]Cc2cc(OC)c(OC[C@@H](O)C[NH+](C)C(C)C)cc2)c1,,C12744494,95.349747,1,0,0,0,1,0,0,0,1,0
Clc1cc(Cl)cc(-c2oc(C[NH2+]CCC[NH2+]CCO)cc2)c1,,C13733146,81.530746,1,1,0,0,1,0,0,0,1,0
Clc1cc(C[NH2+]CCC[NH2+]CCO)c(OCc2ccc(C)cc2)cc1,,C13733239,95.834076,1,0,0,0,1,0,0,0,1,0
Brc1cc(Cl)c(-c2oc(C[NH2+]CCC[NH2+]CCO)cc2)cc1,,C13733242,81.829819,1,1,0,0,1,0,0,0,1,0
OCC[NH+](C)[C@@H](C[NH3+])c1ccc(OCCCc2ccccc2)cc1,,C32088779,42.401276,1,0,0,0,1,0,0,0,0,0
Brc1ccc(-c2oc(C[NH2+]CC[NH2+]CCO)cc2)cc1,,C38240438,80.876686,1,0,0,0,1,0,0,0,0,0
O=C([C@@H](C)CCCC)N1C[C@@H](C(=O)NCC[NH+](C(C)C)C(C)C)C2(C1)CC[NH2+]CC2,,C39634848,99.815895,1,0,0,0,1,1,0,0,1,0
O[C@@H](COc1ccc2ccccc2c1)C[NH2+]C[C@@H]([NH+]1CCCC1)c1ccc(OC)cc1,,C25764581,64.683792,1,0,0,0,1,0,0,0,0,0
O[C@H](COc1c(OC)cc(C(=O)C)cc1)C[NH2+]CC1([NH+]2CCCCC2)CCCCC1,,C39945131,54.719261,1,0,0,0,1,0,0,0,0,0
Clc1c(COc2ccc(C[NH2+]CCC[NH2+]C)cc2)ccc(F)c1,,C40719525,98.844643,1,0,0,0,1,0,0,0,1,0
Clc1c(COc2c(C[NH2+]CCC[NH2+]CCO)cc(Cl)cc2)ccc(F)c1,,C40720894,95.797737,1,0,0,0,1,0,0,0,1,0
Brc1cc([C@H]([NH+](CC2CC2)C(C)C)C[NH3+])c(OC)cc1,,C42580582,52.660488,1,0,0,0,1,0,0,0,0,0
Clc1c(Cl)ccc([C@H](N(CC[NH+](C)C)CC(C)C)C[NH3+])c1,,C42744968,68.106476,1,0,0,0,1,1,0,0,1,0
Brc1ccc([C@H]([NH+](CCO)CCCC)[C@H]([NH3+])CC)cc1,,C42954623,70.647705,1,0,0,0,1,0,0,0,0,0
Brc1ccc([C@H]([NH+](CCO)C(CC)CC)C[NH3+])cc1,,C42955331,54.902077,1,0,0,0,1,0,0,0,1,0
Brc1cc([C@@H]([NH+](CCO)CCCC)[C@H]([NH3+])C)ccc1,,C43021374,68.274414,1,0,0,0,1,0,0,0,1,0
Brc1cc([C@@H]([NH+](CCCO)C(C)C)[C@H]([NH3+])C)ccc1,,C43021743,82.051727,1,0,0,0,1,0,0,0,0,0
Brc1c([C@H]([NH+](CCCC)CC(=O)N)[C@H]([NH3+])CC)cccc1,,C43093505,95.62928,1,0,0,0,1,0,0,0,0,0
Clc1sc([C@H]([NH+](CC)CC(=O)NC(C)C)[C@@H]([NH3+])CC)cc1,,C43253645,95.261459,1,0,0,0,1,0,0,0,1,0
Brc1cc([C@H]([NH+](CC(C)C)CC(=O)N)[C@H]([NH3+])CC)sc1,,C43287678,95.90361,1,0,0,0,1,0,0,0,0,0
Clc1c(OCCC[NH+]2CCCC2)c(C[C@@H]([NH3+])C)cc(Cl)c1,,C49334193,99.626892,1,0,0,0,1,1,0,0,1,0
O[C@H](C)C[NH2+]CC[NH2+]Cc1cc(OC)c(OCc2ccc(C)cc2)cc1,,C20367378,49.016022,1,1,0,0,1,0,0,0,1,0
Brc1cc([C@@H]([NH+](CCO)Cc2ccccc2)[C@H]([NH3+])C)sc1,,C50513916,60.988209,1,0,0,0,1,0,0,0,0,0
Brc1c(O)ccc(C[NH2+]C[C@H]([NH+](C)C)CC(C)C)c1,,C57395386,58.943317,1,0,0,0,1,0,0,0,1,0
O(C)c1ccc([C@@H](CN/C(=[NH+]\[C@@H](C)CC)/N)[NH+]2CCCCC2)cc1,,C58171454,99.448349,1,0,0,0,1,1,1,1,1,0
Clc1c(COc2c(C[NH2+]CC[NH2+]CCO)cc(Cl)cc2)ccc(Cl)c1,,C23255802,37.618572,1,0,0,0,1,0,0,0,1,0
Clc1cc(C[NH2+]CC[NH2+]CCO)c(OCc2ccc(C)cc2)cc1,,C20875181,37.345146,1,0,0,0,1,0,0,0,1,0
Clc1c(COc2c(OC)cccc2C[NH2+]CC[NH2+]C[C@H](O)C)ccc(F)c1,,C20876266,38.517231,1,0,0,0,1,0,0,0,1,0
S(CC(=O)N/N=C(/[C@@H](O)c1ccccc1)\c1ccccc1)C1[NH+]=C2C=CC=CC2=[NH+]1,,C63330694,99.458466,1,0,0,0,0,0,0,0,0,0
S(CC(=O)Nc1c(CC)cccc1)[C@H]1O[C@H]([C@@H]([NH3+])CC=2C[NH+]=C3C=CC=CC=23)N=N1,,C63684153,47.914421,1,0,0,0,1,0,0,0,1,0
FC(F)C[NH+]1CCC(NC(=O)NCCC[NH2+]C2CCCCC2)CC1,,C64256185,76.922867,1,0,0,0,1,0,0,0,0,0
O[C@@H](COc1c(C)cccc1C)C[NH2+]C[C@H]1CNc2n([nH+]c(C)c2)C1,,C58299024,85.03038,1,0,0,0,1,0,0,0,1,0
O=C(N[C@@H](CC(C)C)C(=O)NC1[NH+]=C2C=CC=CC2=[NH+]1)CCc1c(OC)cccc1,,C65305831,99.883766,1,0,0,0,1,0,0,0,0,0
[NH3+]CCc1nc(N[C@@H](CCC)c2n(C)cc[nH+]2)c2c(C)c(C)sc2n1,,C65381375,54.142517,1,0,0,0,1,1,1,1,1,0
O(C)c1ccc(-c2c(C[NH2+]CCCC[NH+](CC)CC)c[nH]n2)cc1,,C65934581,53.834049,1,0,0,0,1,1,0,0,1,0
O(C)c1ccc(CCNC(=[NH2+])NC[C@@H]([NH+](C)C)c2ccc(C)cc2)cc1,,C66243776,97.827888,1,0,0,0,1,1,1,1,1,0
O(C)c1c([C@@H](CNC(=[NH2+])Nc2ccccc2)[NH+]2CCCCC2)cccc1,,C66244077,98.392761,1,0,0,0,1,1,1,1,1,0
O[C@H](C[NH2+]Cc1c(OCC)ccc([N+](=O)[O-])c1)C[NH+]1CCC(C)CC1,,C67122469,70.264862,1,0,0,0,1,1,0,0,1,0
O[C@H](CNC(=O)NCCCC[NH+]1C[C@@H](C)C[C@H](C)C1)C[NH+]1CCC(C)CC1,,C67621226,99.648819,1,0,0,0,1,1,0,0,1,0
Clc1ccc([C@]2(OC)[NH+]=C(NCC(OC)=O)c3ccccc23)cc1,,C02168140,47.817307,1,0,0,0,0,0,0,0,1,0
O(CC[NH+](C)CC=1NC(=O)c2c(sc3CCCc23)N=1)c1ccc(C)cc1,,C09641127,86.976715,1,0,0,0,0,0,0,0,0,0
S(=O)(=O)(NC[C@H]([NH+](C)C)c1n(C)ccc1)c1c(C)cc(C)cc1C,,C11897885,92.517303,1,0,0,0,1,0,0,0,1,0
Fc1ccc(-c2onc(C[C@@H]3[C@H](CC(=O)N(C)CC#C)CC[NH2+]C3)c2)cc1,,C12481870,99.855057,1,0,0,0,0,0,0,0,0,0
Fc1cc(-c2c(C[NH2+]Cc3cn(C)nc3)cn(-c3cc(C)ccc3)n2)ccc1,,C12709546,99.102776,1,0,0,0,0,0,0,0,0,0
O=C(NC1(C[NH+]2CCCC2)CCCCC1)C[C@@H](C)n1c(C)c(C)c(C)n1,,C19556201,99.539421,1,0,0,0,0,0,0,0,1,0
O(CC)C(=O)c1ccc2NC(C)=C(C[NH+]3[C@@H](CC)CCCC3)C(=O)c2c1,,C19792068,99.874504,1,0,0,0,1,0,0,0,0,0
Clc1c(CN2C[C@H](CCO)[NH+](CC(C)C)CC2)cc2OCOc2c1,,C20537954,84.611549,1,0,0,0,1,0,0,0,1,0
O=C(Nc1sc(CC)nn1)c1sc([C@H]2[NH+](CC(C)C)CCC2)cc1,,C20778012,99.73378,1,0,0,0,0,0,0,0,0,0
O(C)c1ccc2cc(-c3c(C[NH+](C)Cc4c(C)cncc4)c[nH]n3)ccc2c1,,C23191741,49.94529,1,0,0,0,1,0,0,0,0,0
Clc1n(-c2ccc(F)cc2)nc(C)c1C(=O)NC[C@@H](CC)[NH+]1CCCC1,,C24800816,99.873871,1,0,0,0,0,0,0,0,0,0
Fc1c(OC)ccc(/C=C/C(=O)NCc2cc(N3CCCC3)[nH+]cc2)c1,,C30012536,85.538292,1,0,0,0,0,0,0,0,0,0
O=C(NCC[NH+](C(C)C)C(C)C)c1sc2nc3SC=Cn3c2c1,,C32244615,67.294739,1,0,0,0,1,0,0,0,1,0
Fc1ccc([C@@H](O)CCC[NH+]2CCN(c3nccc4occc34)CC2)cc1,,C34186879,64.79451,1,0,0,0,1,1,0,0,1,0
O(C)c1c(-c2csc3N=C(C[NH+](CC)CC)NC(=O)c23)cccc1,,C36204170,78.971519,1,0,0,0,0,0,0,0,1,0
Brc1cc([C@@H]([NH2+]CCC)C(OC)=O)cc2OCCOc12,,C37513325,86.774139,1,0,0,0,0,0,0,0,0,0
Clc1ccc2C(=O)NC(C[NH+](C)CCOc3ccccc3)=Nc2c1,,C13598289,65.91993,1,0,0,0,0,0,0,0,0,0
Clc1ncc(S(=O)(=O)NC[C@H]([NH+](C)C)c2ccc(C)cc2)cc1,,C36193050,94.209923,1,0,0,0,0,0,0,0,0,0
S(=O)(=O)(NC[C@@H]([NH+]1CCC(C)CC1)c1occc1)c1sccc1,,C36090491,90.487312,1,0,0,0,1,0,0,0,1,0
Clc1cc(S(=O)(=O)NCC(C)(C)[NH+]2CCCC2)c(OC)cc1,,C36091303,95.838211,1,0,0,0,1,0,0,0,1,0
Brc1cc([C@@H]([NH2+]CC(C)C)C(OC)=O)cc2OCCOc12,,C37965997,86.736191,1,0,0,0,0,0,0,0,0,0
Clc1sc(S(=O)(=O)NC[C@@H](C(C)C)[NH+]2CCCC2)c(C)n1,,C40805659,95.740334,1,0,0,0,1,0,0,0,1,0
Clc1ccc(-c2onc(CC(=O)NC[C@@H](C)[NH+]3CCCC3)c2)cc1,,C41111045,99.866982,1,0,0,0,1,0,0,0,0,0
O=C(NCC(C)(C)C[NH+](C)C)c1c(C)c2c(C)nc(CC)nc2s1,,C41893743,99.222801,1,0,0,0,0,0,0,0,0,0
O=C(Nc1c(Oc2ccccc2)cccc1)[C@@H](C)[NH+]1CCC(OC)CC1,,C42567537,71.412613,1,0,0,0,1,0,0,0,1,0
O=C(NC[C@@H](C)[NH+]1[C@@H](C)CCCC1)Cc1nc(-c2oc(C)cc2)sc1,,C43085968,99.963379,1,0,0,0,1,0,0,0,1,0
O=C(NC(C)(C)C)[C@H](C(C)C)[NH+]1CCN(c2cc(OC)ccc2)CC1,,C45911482,50.623985,1,0,0,0,0,0,0,0,0,0
S(=O)(=O)(NC[C@H]([NH+]1CCCCC1)c1occc1)c1c(F)cccc1F,,C47031352,89.861298,1,0,0,0,1,0,0,0,0,0
Clc1c(C)cc(NC(=O)[C@H]([NH+](C)Cc2ncsc2)C)c(OC)c1,,C48302824,64.466164,1,0,0,0,0,0,0,0,0,0
O(C)C(=O)c1ccc(NC(=O)C[NH+]2[C@@H](c3cscc3)CCC2)cc1,,C48366988,60.872162,1,0,0,0,1,0,0,0,0,0
Clc1c(C(=O)NCCCn2c[nH+]cc2)sc2ccc(OC)cc12,,C49755067,79.2145,1,0,0,0,0,0,0,0,0,0
O=C(NCCC)[C@@H]1CN(Cc2[nH+]c(-c3ccc(C)cc3)oc2)CCC1,,C50995857,92.050392,1,0,0,0,0,0,0,0,0,0
Brc1cc(C[NH+](C)[C@@H](CC)C(=O)Nc2noc(C)c2)sc1,,C52847922,61.569859,1,0,0,0,0,0,0,0,0,0
Fc1c(F)c(NC(=O)[C@@H](C)[NH+]2CCC(C(OCC)=O)CC2)ccc1F,,C07386399,61.011284,1,0,0,0,1,0,0,0,0,0
Oc1c(C[NH+](C)CCCC)c2O/C(=C\c3cnccc3)/C(=O)c2c(C)c1,,C41584013,61.58176,1,0,0,0,0,0,0,0,0,0
O(CC(=O)N[C@@H]1[C@H](C)[C@@H](C)CCC1)C(=O)CC=1C[NH+]=C2C=CC=CC=12,,C63778329,88.588112,1,0,0,0,0,0,0,0,0,0
O=C(N[C@H](CN1CCOCC1)c1ccc(C)cc1)CC=1C[NH+]=C2C=CC=CC=12,,C63843937,60.281448,1,0,0,0,0,0,0,0,1,0
O=C(NCCOc1c(C)cccc1C)C[C@H]1C(=O)[NH+]=C2C=CC=CC2=C1,,C64098349,99.998466,1,0,0,0,1,0,0,0,0,0
FC(F)CN1CCN(C(=O)NC[C@@H]([NH+](C)C)c2ccc(C)cc2)CC1,,C64228618,97.557915,1,0,0,0,0,0,0,0,1,0
Clc1ccc(N2C[C@H](C[NH2+]Cc3c(OC)n(C)nc3C)CC2)cc1,,C58307260,99.237411,1,0,0,0,0,0,0,0,0,0
Clc1n(C)nc(C)c1C[NH+]1[C@@H](C)CC[C@H](C(=O)NCCCC)C1,,C66155723,99.427216,1,0,0,0,0,0,0,0,1,0
O(C)CCC[NH+](C)[C@@H](C)C=1NC(=O)c2c(sc3C[C@H](C)CCc23)N=1,,C66380147,73.188164,1,0,0,0,1,0,0,0,1,0
Fc1cc(C(=O)N2CCC([NH+](CC)CC)CC2)c(NC(=O)[C@H]2[C@H](C)C2)cc1,,C66395098,99.974129,1,0,0,0,1,0,0,0,1,0
Clc1c(NC(=O)C[NH+](CC=C)[C@H]2CS(=O)(=O)CC2)c(C)cc(C)c1,,C66561239,99.813103,1,0,0,0,0,0,0,0,0,0
S(=O)(=O)(N(CC)C1CC[NH+](Cc2c(O)cc(C)c(C(C)C)c2)CC1)C,,C66859463,95.028664,1,0,0,0,0,0,0,0,1,0
S([C@H](C)CC#N)c1c(NCC=2[NH+]=C3N(C(=O)C=2)C=C(C)C=C3)cccc1,,C66860979,98.397453,1,0,0,0,0,0,0,0,1,0
Fc1ccc(N(CC)C(=O)C(=O)N[C@H](C)C[NH+]2C[C@@H](C)C[C@H](C)C2)cc1,,C67438115,99.759842,1,0,0,0,1,0,0,0,1,0
Fc1ccc(-c2oc(C[NH+](C)Cc3ccc(C(=O)NC)cc3)nc2)cc1,,C12332150,64.649811,1,0,0,0,0,0,0,0,0,0
Fc1ccc([C@@H]([NH2+]Cc2cc(OC)c3OCOc3c2)[C@@H]2OCCC2)cc1,,C67505829,93.833427,1,0,0,0,0,0,0,0,0,0
Fc1c(CN2C(=O)[C@@](O)(C[NH+]3CCC(CC)CC3)CCC2)cc(OC)cc1,,C67563182,98.693878,1,0,0,0,0,0,0,0,1,0
O[C@H](COc1c(OC)ccc(C[NH2+]C2CCOCC2)c1)C[NH+](C)C(C)C,,C12470136,99.182068,1,0,0,0,1,1,0,0,1,0
Brc1cc(C)c(-c2oc(C[NH2+]CCC[NH2+]CC)cc2)cc1,,C13735326,83.877739,1,0,0,0,1,0,0,0,1,0
Brc1cc([C@H]([NH2+]CC(C)(C)C[NH+](C)C)CC)c(O)cc1,,C19905823,95.662704,1,0,0,0,0,1,0,0,1,0
O(C)c1cc(NCCCCC[NH2+]C(C)C)c2[nH+]ccc(C)c2c1,,C01600859,98.238144,1,0,0,0,1,0,0,0,1,0
O(CCCCCC)c1ccc([C@@H](C[NH3+])N2CC[NH+](C)CC2)cc1,,C32072977,94.3741,1,0,0,0,1,0,0,0,1,0
O(C)c1c(OCCCCC)cc([C@@H](C[NH3+])[NH+]2CCCCC2)cc1,,C32077490,57.701382,1,0,0,0,1,0,0,0,1,0
O(C)c1cc(OCCCCC)c([C@@H](C[NH3+])[NH+]2CCCCC2)cc1,,C32077492,53.092655,1,0,0,0,1,0,0,0,1,0
O(C)c1cc(OCCCCCC)c([C@H](C[NH3+])[NH+]2CCCC2)cc1,,C32077499,51.617161,1,0,0,0,1,0,0,0,1,0
Brc1cc([C@@H]([NH+](CC)C(C)(C)C)C[NH3+])c(OC)cc1,,C32089149,53.873978,1,0,0,0,1,0,0,0,0,0
O(C)c1c(OCCCC)cc([C@H]([NH+](CC)C(C)(C)C)C[NH3+])cc1,,C33461771,60.196259,1,0,0,0,1,0,0,0,1,0
Brc1cc(C)c([C@@H]([NH2+]CCC)Cc2[nH+]cc[nH]2)cc1,,C36830291,84.999985,1,0,0,0,1,0,0,0,0,0
Brc1cc([C@@H]([NH+](CC)CC(C)C)C[NH3+])c(OC)cc1,,C37111219,51.50008,1,0,0,0,1,0,0,0,0,0
Clc1c([C@H]([NH2+]C[C@H](O)C[NH+](CC)CC)C)ccc(Cl)c1,,C37856132,95.085457,1,0,0,0,1,1,0,0,1,0
S(=O)(=O)(NCC[NH+](C(C)C)C(C)C)CC[C@@H]1[NH2+]CCCC1,,C37661790,97.672241,1,0,0,0,1,1,0,0,1,0
Brc1cc([C@H](O)C[NH2+]C[C@H]2C[NH+](C3CC3)CC2)ccc1,,C37904532,95.970062,1,0,0,0,1,0,0,0,1,0
O=C(C[C@@H](C)CC)N1C[C@H](C(=O)NCC[NH+](CC)CC)C2(C1)CC[NH2+]CC2,,C39627092,99.686432,1,0,0,0,1,1,0,0,1,0
O=C(C(CC)CC)N1C[C@H](C(=O)NCCCC[NH+](C)C)C2(C1)CC[NH2+]CC2,,C39678968,99.760361,1,0,0,0,1,1,0,0,1,0
O[C@@H](COCc1sccc1)C[NH2+]C[C@H]([NH+](C)C)c1ccccc1,,C22876264,58.318954,1,0,0,0,1,0,0,0,1,0
Brc1c(OCC[NH+](CC)CC)c(CC[NH3+])ccc1,,C42412642,99.006004,1,0,0,0,1,1,0,0,1,0
Brc1oc([C@H]([NH+](CCCCC)C(C)C)C[NH3+])cc1,,C42555095,61.829231,1,0,0,0,1,0,0,0,1,0
Brc1cc([C@@H]([NH+](C)[C@H](C)CC(C)C)C[NH3+])c(OC)cc1,,C42577562,51.167801,1,0,0,0,1,0,0,0,1,0
Brc1ccc([C@H](N(CC[NH+](C)C)CC(C)C)C[NH3+])cc1,,C42744956,63.191559,1,0,0,0,1,1,0,0,0,0
Brc1c([C@H]([NH+](CC)CCOC)[C@@H]([NH3+])CC)cccc1,,C43092914,63.897465,1,0,0,0,1,0,0,0,0,0
Clc1sc([C@H]([C@@H]([NH3+])CC)N2CC[NH+](CC3CC3)CC2)cc1,,C43253456,97.975327,1,0,0,0,1,1,0,0,1,0
Clc1sc([C@H]([C@@H]([NH3+])CC)N2CCC(C[NH+](C)C)CC2)cc1,,C43253651,73.582581,1,0,0,0,0,1,0,0,1,0
Brc1cc([C@@H]([NH2+]CC2CC[NH+](CC)CC2)CC)c(O)cc1,,C44517532,96.102516,1,0,0,0,1,1,0,0,1,0
Clc1ccc([C@@H]([NH+](C)Cc2nc(C)sc2)[C@@H]([NH3+])CC)cc1,,C44595101,52.498032,1,0,0,0,1,0,0,0,1,0
O=C(NC[C@@H]([NH+](CC)CC)CC(C)C)N[C@@H](C)Cn1c[nH+]cc1,,C45538344,80.587334,1,0,0,0,1,0,0,0,1,0
O=C(NC[C@H]([NH+](CC)CC)CC(C)C)N[C@@H](C)Cn1c[nH+]cc1,,C45538347,80.587334,1,0,0,0,1,0,0,0,1,0
Clc1sc(C[NH+](C)CCCOc2cc(C[NH3+])ccc2)cc1,,C48971581,97.203255,1,1,0,0,1,1,0,0,1,0
Clc1sc(C[NH+](C)CCCOc2c(C[NH3+])cccc2)cc1,,C48971585,95.65258,1,0,0,0,1,1,0,0,1,0
Brc1c(OC)ccc([C@H]([NH+](CCC)CC2CC2)C[NH3+])c1,,C48991448,58.139584,1,0,0,0,1,0,0,0,1,0
O[C@H](C[NH2+]CC[NH+](C)C)c1ccc(Oc2c(C)cccc2)cc1,,C32232931,48.739895,1,0,0,0,1,0,0,0,1,0
Clc1sc([C@H]([NH+](C)Cc2cc(OC)ccc2)[C@@H]([NH3+])C)cc1,,C43253228,54.087654,1,0,0,0,1,0,0,0,1,0
Clc1sc([C@H]([NH+](C)Cc2c(OC)cccc2)[C@@H]([NH3+])C)cc1,,C43253236,44.826607,1,0,0,0,0,0,0,0,1,0
Clc1ccc(COC[C@@H](O)C[NH2+]CC[NH+](C)C(C)C)cc1,,C54112747,52.00526,1,0,0,0,1,0,0,0,1,0
Brc1cc([C@H]([NH2+]CC[NH+](C(C)C)C(C)C)CC)c(O)cc1,,C21516342,81.031807,1,0,0,0,1,0,0,0,1,0
Clc1c(O)c(C[NH2+]CC[NH+](C(C)C)C(C)C)cc(Cl)c1,,C21804685,34.797451,1,0,0,0,1,0,0,0,1,0
Brc1cc([C@@H]([NH2+]C[C@@H]2[NH+](CC)CCC2)CC)c(O)cc1,,C19960316,82.02784,1,0,0,0,1,0,0,0,1,0
Clc1sc([C@@H]([C@H]([NH3+])CC)N2CC[NH+](CCC)CC2)cc1,,C43251922,98.119911,1,0,0,0,1,1,0,0,1,0
Clc1sc([C@@H]([C@@H]([NH3+])CC)N2[C@@H](C[NH+](C)C)CCC2)cc1,,C61642014,71.043205,1,0,0,0,1,1,0,0,1,0
Brc1c(O)ccc(C[NH2+]CCCC[NH+](C)C(C)C)c1,,C62702811,72.696426,1,0,0,0,1,1,0,0,1,0
Clc1sc([C@@H]([C@H]([NH3+])C)N2C[C@H]([NH+](CC)CC)CC2)cc1,,C62977183,93.138847,1,0,0,0,1,1,0,0,1,0
OC(C)(C)CCC[C@H](C)CC=1[NH+]=C2C=C3NC(=O)[NH+]=C3C=C2N=1,,C63845451,62.680237,1,0,0,0,1,0,0,0,0,0
O=C(NCCc1[nH+]c[nH]c1)[C@H]1OC(CC)=C(C[NH+](CC)CC)C1,,C63846174,53.85244,1,0,0,0,1,0,0,0,1,0
Fc1cc(CC(=O)N[C@@H]([C@H](C)CC)C(=O)NC2[NH+]=C3C=CC=CC3=[NH+]2)ccc1,,C65305887,99.883865,1,0,0,0,1,0,0,0,0,0
O(C)c1ccc([C@H](CN/C(=[NH+]/CC)/NCC)[NH+]2CCCC2)cc1,,C66242515,99.260765,1,0,0,0,1,1,1,1,1,0
Fc1c(N2CC[NH+](C)CC2)ccc([C@H]([NH2+][C@@H](C)C(=O)Nc2c(C)cccc2)C)c1,,C66390687,70.12809,1,0,0,0,1,0,0,0,0,0
Fc1c(N2CC[NH+](C)CC2)ccc([C@@H]([NH2+][C@H](C)C(=O)Nc2cc(C)ccc2)C)c1,,C66390712,70.09716,1,0,0,0,1,0,0,0,0,0
O=C(NCC=C)NC(=O)[C@@H](C)[NH+]1CCC(C[NH+](C)CCCC)CC1,,C66960694,69.94593,1,0,0,0,1,1,0,0,1,0
O(CC[C@H](C[NH3+])N1CC[NH+](C)CC1)c1ccc(C(C)C)cc1,,C19665543,94.331749,1,0,0,0,1,1,0,0,1,0
FC(F)Oc1c(OCC)cc([C@@H]([NH+](C)C(C)C)C[NH3+])cc1,,C21516896,57.356049,1,0,0,0,1,0,0,0,1,0
O(C)c1ccc2cc([C@@H](C[NH3+])[NH+]3CCC(C)CC3)ccc2c1,,C22052211,58.679455,1,0,0,0,1,0,0,0,0,0
[NH3+]C(C)(C)c1nnn(CC2CC[NH+]([C@@H]3CSCC3)CC2)c1,,C23145363,99.232216,1,0,0,0,1,1,0,0,1,0
O(C)c1cc(OCCC)c([C@@H](C[NH3+])[NH+]2C[C@H](C)C[C@@H](C)C2)cc1,,C32077456,53.080444,1,0,0,0,1,0,0,0,1,0
O(C)c1c(OCCCC)cc([C@@H](C[NH3+])[NH+]2CCC(C)CC2)cc1,,C32077472,57.559662,1,0,0,0,1,0,0,0,1,0
Clc1c(OCCCC)c(OC)cc([C@@H](C[NH3+])[NH+]2CCCC2)c1,,C32087752,54.243114,1,0,0,0,1,0,0,0,0,0
Clc1c(OCCC)c(OC)cc([C@H](C[NH3+])[NH+]2CCCCC2)c1,,C33463563,55.558437,1,0,0,0,1,0,0,0,1,0
O=C([C@H](CC)CCCC)N1CC[NH+](C[C@@H](C)C[NH3+])CCC1,,C37038726,97.536896,1,0,0,0,0,0,0,0,1,0
Brc1cc([C@@H]([NH+](C)C2CCCC2)C[NH3+])cc2OCOc12,,C37084147,54.97171,1,0,0,0,1,0,0,0,0,0
FC(F)Oc1c(OC)ccc([C@@H]([NH+](C)[C@H](C)CC)C[NH3+])c1,,C37109682,56.785145,1,0,0,0,1,0,0,0,1,0
Brc1cc([C@@H]([NH+](C)[C@@H](C)CC)C[NH3+])cc2OCOc12,,C37109795,55.462437,1,0,0,0,1,0,0,0,0,0
Clc1c(N2CC[NH+](C[C@@H](C)C[NH3+])CC2)ncc(Cl)c1,,C37674182,92.821304,1,0,0,0,0,0,0,0,1,0
Clc1c([C@H](O)C[NH2+]C[C@H]2C[NH+](C3CC3)CC2)cc(Cl)cc1,,C37904562,95.083244,1,0,0,0,1,0,0,0,1,0
Brc1c(OC)ccc([C@@H]([NH+](CC)[C@H](C)CC)C[NH3+])c1,,C38052116,59.650639,1,0,0,0,1,0,0,0,1,0
O=C(CCC[NH+]1C[C@]2(C)CC(C)(C)C[C@H]1C2)N1CCC([NH3+])CC1,,C33461458,99.375854,1,0,0,0,1,1,0,0,0,0
Clc1cc(OC)c(OCCC)c(C[NH2+]CC2CC[NH2+]CC2)c1,,C40719437,98.27874,1,0,0,0,1,0,0,0,1,0
Brc1cc(C[NH+](C)C[C@@H](O)C[NH2+]CCC)sc1,,C42399023,90.346809,1,0,0,0,1,1,0,0,1,0
Brc1ccc(OCC[NH+]2[C@@H](C)CC[C@@H](C[NH3+])C2)cc1,,C42427540,98.186333,1,0,0,0,1,1,0,0,0,0
Brc1c(OC)ccc([C@@H]([NH+](CC(C)C)C(C)C)C[NH3+])c1,,C42579446,59.609589,1,0,0,0,1,0,0,0,1,0
Clc1ccc([C@@H]([NH+](C)CC(=O)N(C)C)[C@H]([NH3+])CC)cc1,,C42944980,96.44162,1,0,0,0,0,0,0,0,1,0
Clc1ccc([C@@H]([NH+](C)Cc2noc(C)c2)[C@@H]([NH3+])CC)cc1,,C42945396,61.004917,1,0,0,0,0,0,0,0,0,0
Clc1ccc([C@H]([NH+](C)Cc2c(C)occ2)[C@@H]([NH3+])CC)cc1,,C42945815,70.710785,1,0,0,0,1,0,0,0,0,0
Brc1cc([C@@H]([NH+](C)CCOC)[C@H]([NH3+])CC)ccc1,,C43021244,55.588772,1,0,0,0,1,0,0,0,1,0
[NH3+][C@H](CC)[C@H](N1CC[NH+](C(C)(C)C)CC1)c1sc(C)cc1,,C43241877,98.569931,1,0,0,0,1,1,0,0,1,0
[NH3+][C@@H](CC)[C@H]([NH+](CC)Cc1ccncc1)c1sc(C)cc1,,C43242315,61.909184,1,0,0,0,1,0,0,0,1,0
Clc1sc([C@H]([C@@H]([NH3+])CC)N2CC[NH+](C3CC3)CC2)cc1,,C43253444,98.213623,1,0,0,0,1,1,0,0,1,0
Brc1c(C[NH+](C)[C@H]([C@@H]([NH3+])C)c2oc(C)cc2)cccc1,,C43364666,76.236145,1,0,0,0,0,0,0,0,0,0
[NH3+][C@@H](CC)[C@H]([NH+](Cc1cscc1)C1CC1)c1oc(C)cc1,,C43364780,47.862171,1,0,0,0,1,0,0,0,1,0
[NH3+][C@@H](CC)[C@@H]([NH+](Cc1sccc1)C(C)C)c1oc(C)cc1,,C43364932,46.248703,1,0,0,0,1,0,0,0,1,0
Fc1ccc([C@@H]([NH+](C)Cc2nc(C)sc2)[C@@H]([NH3+])CC)cc1,,C44595093,48.451633,1,0,0,0,1,0,0,0,1,0
Brc1cc([C@H]([NH+](C)Cc2nc(C)sc2)[C@@H]([NH3+])CC)sc1,,C44595259,50.614124,1,0,0,0,0,0,0,0,1,0
Clc1c(O)c(C[NH2+]CCCCn2c[nH+]cc2)cc(Cl)c1,,C45094642,44.700985,1,0,0,0,0,0,0,0,1,0
Brc1oc([C@H]([NH+](C)Cc2cc(C)ccc2)C[NH3+])cc1,,C48870750,61.060211,1,0,0,0,0,0,0,0,1,0
Brc1oc([C@@H]([NH+](C)Cc2c(Cl)cccc2)C[NH3+])cc1,,C48878633,73.019135,1,0,0,0,0,0,0,0,1,0
Clc1cc([C@H]([NH+](C)CCC(C)C)C[NH3+])cc2OCCOc12,,C48923072,53.496395,1,0,0,0,1,0,0,0,1,0
Clc1c(Cl)ccc([C@@H](C[NH3+])N2CC[NH+](C(C)(C)C)CC2)c1,,C48926975,97.30925,1,0,0,0,1,1,0,0,1,0
Clc1c([C@@H](C[NH3+])N2CC[NH+](C3CC3)CC2)ccc(Cl)c1,,C48991532,96.800934,1,0,0,0,1,1,0,0,1,0
Clc1cc(C[C@H]([NH3+])CC)c(OCCn2c(C)[nH+]cc2)cc1,,C49331401,55.171829,1,0,0,0,0,0,0,0,0,0
FC(F)(F)c1ccc([C@H](O)C[NH2+][C@H](C)CC[NH+](C)C)cc1,,C49557302,98.603745,1,0,0,0,1,1,0,0,1,0
S(=O)(=O)(N[C@@H]1CC[NH+]2CCCC[C@H]12)C[C@@H]1[NH2+]CCCC1,,C49631561,84.033577,1,0,0,0,1,1,0,0,1,0
O(C)c1c(C[NH+](C)[C@H](C[NH3+])c2c(C)sc(C)c2)cccc1,,C49687421,47.989735,1,0,0,0,1,0,0,0,1,0
O(CCC[NH+](C)[C@H](C)c1sccc1)c1c(C[NH3+])cccc1,,C49726228,96.28775,1,0,0,0,1,1,0,0,1,0
Clc1ccc([C@@H](O)C[NH2+]CC[NH+](C(C)C)C(C)C)cc1,,C37859473,52.534149,1,0,0,0,1,0,0,0,1,0
Clc1c(F)cc([C@H](C[NH3+])N2CC[NH+]([C@@H](C)CC)CC2)cc1,,C55064446,97.137749,1,0,0,0,1,1,0,0,1,0
Brc1ccc([C@@H](C[NH3+])N2CC[NH+]([C@@H](C)CC)CC2)cc1,,C55063881,96.963997,1,0,0,0,1,1,0,0,1,0
FC(F)(F)CN1CC[NH+]([C@H]2[C@H](C[NH3+])CC[C@H](CC)C2)CC1,,C61940920,98.444221,1,0,0,0,1,0,0,0,1,0
FC(F)(F)[C@@H]([C@H]([NH3+])CC)N1CCC(C[NH+]2CCCC2)CC1,,C62038033,85.207062,1,0,0,0,0,0,0,0,1,0
Clc1sc([C@H]([C@@H]([NH3+])CC)N2C[C@@H]([NH+](C)C)CC2)cc1,,C62963991,92.860596,1,0,0,0,1,1,0,0,1,0
O[C@H](C[NH2+]Cc1oc([C@H]2[C@@H](C)C2)cc1)C[NH+]1CCC(C)CC1,,C67122288,53.864159,1,0,0,0,1,0,0,0,1,0
Clc1ccc(OC[C@H](CC[NH3+])N2CC[NH+](C)CC2)cc1,,C19663443,85.582893,1,0,0,0,1,1,0,0,0,0
O(C[C@@H](CC[NH3+])N1CC[NH+](C)CC1)c1c(C)cc(C)c(C)c1,,C19663565,85.459549,1,0,0,0,1,1,0,0,1,0
O(CC[C@@H](C[NH3+])N1CC[NH+](C)CC1)c1ccc(C(C)C)cc1,,C19665540,94.331749,1,0,0,0,1,1,0,0,1,0
FC(F)Oc1ccc([C@H](C[NH3+])[NH+]2CCCCCCC2)cc1,,C20265250,58.945236,1,0,0,0,1,0,0,0,0,0
Clc1c(C)cc(OC[C@H](C[NH3+])N2CC[NH+](C)CC2)cc1,,C20401437,96.071388,1,0,0,0,1,1,0,0,1,0
FC(F)(F)Oc1ccc([C@H](C[NH3+])N2CC[NH+](C)CC2)cc1,,C21013524,94.805206,1,0,0,0,1,0,0,0,0,0
Clc1c(OC)c(OC)cc([C@@H]([NH+](C)CCCC)C[NH3+])c1,,C32066835,53.992805,1,0,0,0,1,0,0,0,1,0
Brc1c(OC)ccc([C@@H]([NH+](CC)CC)C[NH3+])c1,,C32066876,58.678162,1,0,0,0,1,0,0,0,1,0
Clc1c(OC)c(OC)cc([C@H]([NH+](CC)C(C)(C)C)C[NH3+])c1,,C32071344,58.286968,1,0,0,0,1,0,0,0,1,0
[NH3+]C[C@H]([NH+](CC(C)C)CC(C)C)c1ccc2OCCOc2c1,,C32075179,58.083935,1,0,0,0,1,0,0,0,1,0
O(C)c1c(OCCCC)cc([C@H](C[NH3+])[NH+]2CCCCCC2)cc1,,C32077476,58.054291,1,0,0,0,1,0,0,0,1,0
Brc1cc([C@H]([NH+](C)C(CC)CC)C[NH3+])c(OC)cc1,,C36788797,51.336018,1,0,0,0,1,0,0,0,1,0
Brc1c(OCC[NH+](C)C)c(OC)cc(C[NH3+])c1,,C36814845,96.169624,1,0,0,0,1,1,0,0,1,0
Brc1cc(C[C@H]([NH3+])C)c(OCC[NH+](CC)CC)cc1,,C37725234,99.500153,1,0,0,0,1,1,0,0,1,0
Brc1cc([C@@H]([NH2+]C[C@@H](O)C[NH+](CC)CC)C)ccc1,,C38012407,96.901321,1,0,0,0,1,1,0,0,1,0
Brc1c(OC)ccc([C@@H]([NH+](CC)CCC)C[NH3+])c1,,C38052102,58.617939,1,0,0,0,1,0,0,0,1,0
FC(F)(F)Oc1c([C@@H]([NH+](CCC)C(C)C)C[NH3+])cccc1,,C37095765,49.047295,1,0,0,0,1,0,0,0,1,0
Clc1cc([C@@H]([NH+](CCC)C(C)C)C[NH3+])cc2OCOc12,,C37095867,56.60463,1,0,0,0,1,0,0,0,0,0
O=[N+]([O-])c1cc([C@H](C[NH3+])[NH+]2C[C@]3(C)CC(C)(C)C[C@H]2C3)ccc1,,C32076687,50.430748,1,0,0,0,0,0,0,0,0,0
Clc1cc(OC)c(OC(C)C)c(C[NH2+]CC2CC[NH2+]CC2)c1,,C40719560,98.289757,1,0,0,0,1,0,0,0,1,0
Clc1cc([C@@H]([NH+](CC(C)C)C2CC2)C[NH3+])cc2OCOc12,,C42555397,55.210247,1,0,0,0,1,0,0,0,0,0
Clc1cc([C@@H]([NH+](CC(C)C)C(C)C)C[NH3+])cc2OCOc12,,C42579288,56.566261,1,0,0,0,1,0,0,0,0,0
O=C(N(CC[NH+](C)C)CC(C)C)c1sc(C#CC[NH3+])cc1,,C42797947,63.190422,1,0,0,0,1,0,0,0,1,0
Brc1ccc([C@H]([NH+](C)Cc2occc2)[C@H]([NH3+])CC)cc1,,C42953154,75.798973,1,0,0,0,0,0,0,0,0,0
Brc1scc(C[NH+](C)[C@@H]([C@H]([NH3+])C)c2ccc(OC)cc2)c1,,C42961738,73.027626,1,0,0,0,1,0,0,0,1,0
O(C)c1cc([C@@H]([NH+](C)Cc2cscc2)[C@H]([NH3+])CC)ccc1,,C43026589,72.132545,1,0,0,0,1,0,0,0,1,0
[NH3+][C@H](CC)[C@@H]([NH+](Cc1cscc1)C1CC1)c1cn(C)nc1,,C43129027,83.662086,1,0,0,0,1,0,0,0,1,0
[NH3+][C@H](CC)[C@H](N1CC[NH+](C(C)(C)C)CC1)c1c(C)ccs1,,C43248431,98.576332,1,0,0,0,1,1,0,0,1,0
O=C(N(C)C)C[NH+](CCC)[C@H]([C@H]([NH3+])CC)c1c(C)ccs1,,C43248724,93.775116,1,0,0,0,0,0,0,0,1,0
[NH3+][C@@H](C)[C@@H](N(CC[NH+](C)C)CC(C)C)c1c(C)ccs1,,C43249048,71.33197,1,0,0,0,1,1,0,0,1,0
Brc1cc([C@H]([C@@H]([NH3+])CC)n2c(C)[nH+]cc2)sc1,,C43287875,56.500256,1,0,0,0,0,0,0,0,0,0
O[C@@H](COC1CCC(C)CC1)C[NH2+]C[C@@H]1C[NH+](C)CCC1,,C44536338,96.496964,1,0,0,0,1,0,0,0,1,0
Brc1oc([C@@H]([NH+](C)Cc2c(C)cccc2)C[NH3+])cc1,,C48872086,61.036072,1,0,0,0,0,0,0,0,1,0
Brc1c(OC)ccc([C@H]([NH+](C)CCC(C)C)C[NH3+])c1,,C48923038,56.288021,1,0,0,0,1,0,0,0,1,0
FC(F)(F)c1ccc([C@@H](O)C[NH2+][C@@H](C)CC[NH+](C)C)cc1,,C49557299,98.603745,1,0,0,0,1,1,0,0,1,0
[NH3+]C[C@@H]([NH+](C)[C@@H](C)c1sccc1)c1oc([C@@H]2[C@H](C)C2)cc1,,C49726505,41.262966,1,0,0,0,0,0,0,0,1,0
Brc1cc([C@H]([NH+](C)Cc2c(OC)cccc2)[C@H]([NH3+])C)sc1,,C43286510,45.61573,1,0,0,0,0,0,0,0,1,0
Brc1cc([C@H](O)C[NH2+]CC([NH+](C)C)(C)C)ccc1,,C43411401,65.066269,1,0,0,0,1,0,0,0,1,0
Clc1c([C@@H](O)C[NH2+][C@@H]2C[NH+](C3CC3)CC2)cc(Cl)cc1,,C44721968,55.252354,1,0,0,0,1,0,0,0,1,0
Fc1cccc2sc(C[NH3+])c(C[NH+](C)Cc3cocc3)c12,,C52545597,90.69648,1,0,0,0,1,1,0,0,0,0
OCCN1CC[NH+](C[C@@H]2[C@H]([NH2+]CCC)CC[C@H](C)C2)CC1,,C53860259,65.023796,1,0,0,0,1,1,0,0,1,0
Fc1c([C@@H](O)C[NH2+]CC[NH+](C(C)C)C(C)C)ccc(F)c1,,C37874299,61.706657,1,0,0,0,1,0,0,0,1,0
Brc1ccc(C[NH+](C)Cc2c(C[NH3+])cco2)cc1,,C52371773,81.67215,1,0,0,0,1,1,0,0,0,0
FC(F)(F)CN1CC[NH+](C[C@H]2[C@@H]([NH3+])CC[C@@H](CC)C2)CC1,,C61947658,98.437439,1,0,0,0,0,0,0,0,1,0
[NH3+][C@H]1[C@@H](C[NH+](CC)CC)C(C)(C)Oc2c(C(C)C)cccc12,,C62187758,90.10231,1,0,0,0,0,0,0,0,1,0
[NH3+][C@@H]1[C@H](C[NH+](CC)CC)C(C)(C)Oc2c(C(C)C)cccc12,,C62187766,90.10231,1,0,0,0,0,0,0,0,1,0
Brc1cc([C@H]([C@@H]([NH3+])C)N2C[C@@H]([NH+](C)C)CC2)ccc1,,C62964081,89.557259,1,0,0,0,1,1,0,0,0,0
Brc1c([C@@H]([C@@H]([NH3+])C)N2C[C@@H]([NH+](C)C)CC2)cccc1,,C62964103,92.097549,1,0,0,0,1,1,0,0,0,0
Clc1sc([C@H](C[NH3+])N2C[C@H]([NH+](CC)CC)CC2)cc1,,C62977109,91.491707,1,0,0,0,1,1,0,0,1,0
O[C@@H](C[NH2+]Cc1oc([C@@H]2[C@@H](C)C2)cc1)C[NH+]1CCC(C)CC1,,C67122291,53.864159,1,0,0,0,1,0,0,0,1,0
[NH3+]CC1(N2CC[NH+](C)CCC2)CCC(C(C)(C)CC)CC1,,C20217726,45.948307,1,0,0,0,1,1,0,0,0,0
S(C)[C@@H]1N[C@@H]([NH+]2CCC(C)CC2)c2c(sc3C[NH+](C)CCc23)N1,,C27531161,95.75132,1,1,0,0,1,1,0,0,1,0
O=C([C@H]([NH+](C)C1CCCCC1)C(C)C)N1CCC([NH3+])CC1,,C32056510,96.745934,1,0,0,0,1,1,0,0,0,0
O=C([C@@H](C)[NH+]1C[C@]2(C)CC(C)(C)C[C@H]1C2)N1CCC([NH3+])CC1,,C32075458,96.549652,1,0,0,0,1,1,0,0,0,0
O=C(C(C)(C)C[NH+]1[C@@H](C)CCC[C@H]1C)N1CCC([NH3+])CC1,,C33449044,99.372307,1,0,0,0,0,1,0,0,0,0
[NH3+]C[C@@H]1[C@H]([NH+](C)C2CCOCC2)C[C@@H](C(C)(C)CC)CC1,,C36320544,98.838669,1,0,0,0,1,0,0,0,1,0
[NH3+]C[C@H]1[C@H](N2CC[NH+](C)CCC2)C[C@H](C(C)(C)CC)CC1,,C37158659,78.946388,1,0,0,0,1,1,1,1,1,0
[NH2+]([C@H](C)C1CC[NH+](CC)CC1)C1CC(C)(C)NC(C)(C)C1,,C37221213,99.77121,1,0,0,0,1,1,1,1,1,0
O(C)C1CC[NH+]([C@H]2[C@@H](C[NH3+])CC[C@H](C(C)(C)CC)C2)CC1,,C37265691,98.808365,1,0,0,0,1,0,0,0,1,0
Clc1cc([C@H](C[NH3+])N2CC[NH+](C)CC2)cc2OCOc12,,C37324509,95.283684,1,0,0,0,1,0,0,0,0,0
Clc1cc([C@@H](C[NH3+])[NH+]2CCCCC2)cc2OCCOc12,,C37324568,55.241722,1,0,0,0,1,0,0,0,0,0
Brc1cc([C@@H](C[NH3+])[NH+]2CCCCCC2)cc2OCOc12,,C37324695,55.055229,1,0,0,0,1,0,0,0,0,0
Brc1ccc(-c2c(C)[nH+]c(C[NH2+][C@@H](C)CC)[nH]2)cc1,,C37618030,72.407692,1,0,0,0,1,0,0,0,1,0
O=C(N1CCC(C[NH+](CC)CC)CC1)C1CCC([NH3+])CC1,,C37826256,99.803246,1,0,0,0,1,0,0,0,0,0
O=C(CC[NH+]1C[C@]2(C)CC(C)(C)C[C@H]1C2)N1CCC([NH3+])CC1,,C33453425,99.218925,1,0,0,0,1,1,0,0,0,0
O=S1(=O)CCC(C[NH3+])([NH+]2CCC[C@H]3CCCC[C@H]23)CC1,,C42332364,60.549007,1,0,0,0,1,0,0,0,0,0
O[C@H]1[C@H]([NH+]2CCC(O)CC2)CC[NH+](C23CC4CC(C2)CC(C3)C4)C1,,C14963550,96.727745,1,0,0,0,1,0,0,0,1,0
[NH3+][C@@H](CC)[C@H](N1CCC(C[NH+](C)C)CC1)c1sccc1,,C43105946,76.594559,1,0,0,0,0,1,0,0,1,0
[NH3+][C@@H](CC)[C@H](N1CC[NH+](C(C)(C)C)CC1)c1cscc1,,C43123329,97.726387,1,0,0,0,1,1,0,0,1,0
[NH3+][C@H](CC)[C@@H](N1CCC(C[NH+](C)C)CC1)c1cscc1,,C43123697,82.936264,1,0,0,0,0,1,1,0,1,0
[NH3+][C@H](C)[C@H](N1CC[NH+](C(C)(C)C)CC1)c1sc(C)cc1,,C43241863,98.559021,1,0,0,0,1,1,0,0,1,0
[NH3+][C@@H](C)[C@H](N1CC[NH+](C(C)(C)C)CC1)c1sc(C)cc1,,C43241870,98.559021,1,0,0,0,1,1,0,0,1,0
[NH3+][C@H](C)[C@H](N1CC[NH+](C(C)(C)C)CC1)c1c(C)ccs1,,C43248427,98.565559,1,0,0,0,1,1,0,0,1,0
[NH3+][C@@H](CC)[C@H]([NH+](C)Cc1ncsc1)c1c(C)ccs1,,C43249078,44.918217,1,0,0,0,1,0,0,0,1,0
[NH3+][C@H](CC)[C@H]([NH+](C)Cc1nc(C)sc1)c1cscc1,,C44595206,63.556763,1,0,0,0,1,0,0,0,1,0
[NH3+]C[C@H]1[C@H]([NH+]2CCN(C(C)(C)C)CC2)C[C@H](CCC)CC1,,C48926543,56.614399,1,0,0,0,1,1,0,0,1,0
[NH3+][C@H](C)[C@H](N1CC[NH+]([C@@H](C)CC)CC1)c1c(C)ccs1,,C55063811,98.367737,1,0,0,0,1,1,0,0,1,0
[NH3+][C@H](CC)[C@H](N1CC[NH+]([C@@H](C)CC)CC1)c1sccc1,,C55064035,98.375458,1,0,0,0,1,1,0,0,1,0
Fc1c(F)ccc([C@@H](C[NH3+])N2CC[NH+]([C@@H](C)CC)CC2)c1,,C55064828,97.114304,1,0,0,0,1,1,0,0,1,0
[NH3+]CC1(N2CC[NH+]([C@@H](C)CC)CC2)CCC(CCC)CC1,,C55064830,89.349945,1,0,0,0,1,1,0,0,1,0
[NH3+][C@H]1[C@H](CN2CC[NH+](CC(C)C)CC2)C[C@H](CCC)CC1,,C55081944,65.046761,1,0,0,0,1,1,0,0,1,0
O=C(N1CC[NH+](C(C)(C)C)CC1)[C@@H]1C[C@H](CC[NH3+])CCC1,,C55163079,99.298714,1,0,0,0,1,1,0,0,1,0
Brc1ccc([C@H]([C@@H]([NH3+])C)N2CC[NH+](C)CCC2)cc1,,C42952597,86.445618,1,0,0,0,1,1,0,0,1,0
[NH3+][C@@H](C)[C@@H](N1CCC(C[NH+](C)C)CC1)c1c(C)ccs1,,C43248664,76.31234,1,0,0,0,0,1,1,0,1,0
Brc1cc([C@@H]([C@@H]([NH3+])C)N2CC[NH+](C)CCC2)sc1,,C43284985,91.843048,1,0,0,0,1,1,0,0,1,0
Clc1ccc([C@H](C[NH3+])N2CC[NH+]([C@H](C)CC)CC2)cc1,,C55064005,97.004997,1,0,0,0,1,1,0,0,1,0
[NH3+][C@H]1[C@H](N2CCN(CC[NH+](C)C)CC2)C[C@@H](C(C)C)CC1,,C61643804,60.244549,1,0,0,0,1,1,1,0,1,0
Clc1c(N2CC[NH+]([C@H](C)CC)CC2)ccc([C@H]([NH3+])C)c1,,C61698213,99.409492,1,0,0,0,1,0,0,0,1,0
Clc1sc([C@H]([C@@H]([NH3+])C)N2CCn3cc[nH+]c3C2)cc1,,C62246379,61.241932,1,0,0,0,0,0,0,0,0,0
[NH3+]C[C@@H]1[C@H](N2C[C@@H]([NH+](C)C)CC2)C[C@@H](C(C)(C)CC)CC1,,C62964396,80.8927,1,0,0,0,1,1,1,1,1,0
[NH3+]CC1(N2C[C@@H]([NH+](CC)CC)CC2)CCC(C(C)C)CC1,,C62978230,50.37495,1,0,0,0,1,1,0,0,1,0
Fc1c([C@H](C[NH3+])N2C[C@@H]([NH+](CC)CC)CC2)ccc(F)c1,,C62978282,94.466286,1,0,0,0,1,1,0,0,1,0
[NH3+]C[C@H](N1C[C@@H]([NH+]2CCCCC2)CC1)c1c(C)sc(C)c1,,C62978609,82.632431,1,0,0,0,1,1,0,0,1,0
[NH3+]CC1([NH+]2C[C@H](N3CCOCC3)CC2)CCCCCCC1,,C62978749,44.539997,1,0,0,0,1,0,0,0,1,0
O=C(CCC1CCC([NH3+])CC1)N1C[C@@H]([NH+](CC)CC)CC1,,C62985477,99.758957,1,0,0,0,1,1,0,0,1,0
O=C1C([C@H]2[NH+]=C3C=C(C)C=CC3=[NH+]2)=C(N)N(c2c(C)cccc2)C1,,C63515076,99.045822,1,0,0,0,0,0,0,0,0,0
O=C1C([C@H]2[NH+]=C3C=C(C)C=CC3=[NH+]2)=C(N)N(c2ccc(C)cc2)C1,,C63515077,99.046013,1,0,0,0,0,0,0,0,0,0
O[C@H]1[C@H]([NH+]2CCC(O)CC2)CCN(C[C@@H]2C(C)=C3C=CC=C(C)C3=[NH+]2)C1,,C64103062,64.293533,1,0,0,0,1,0,0,0,0,0
O=C1[NH+]=C2C=C(c3nc(-c4c(N)cccc4)sc3)C=CC2=[NH+]1,,C64175218,99.985382,1,0,0,0,0,0,0,0,0,0
O=C(NC1CC(C)(C)[NH2+]C(C)(C)C1)N1C[C@H]([NH+]2CCCC2)CC1,,C66173777,99.730827,1,0,0,0,1,1,0,0,1,0
OCC[C@@H]1[NH+](C2CCCC2)CCN(Cc2c(C)[nH+]c(CC)[nH]2)C1,,C22913858,34.668407,1,1,0,0,1,1,1,1,1,0
[NH3+][C@H](C1CCC(CCCC)CC1)c1c(C)[nH+]c2n1C=C(C)C=C2,,C31918633,72.291473,1,0,0,0,1,0,0,0,1,0
O(C)c1c(OCCC)ccc([C@H](C[NH3+])N2CC[NH+](C)CC2)c1,,C32068909,94.755821,1,0,0,0,1,0,0,0,1,0
Clc1c(OC)c(OC)cc([C@H]([NH+](CC)CCCC)C[NH3+])c1,,C32071336,56.343952,1,0,0,0,1,0,0,0,1,0
Brc1c(OC)ccc([C@H]([NH+](C)CCCC)C[NH3+])c1,,C32071445,56.432579,1,0,0,0,1,0,0,0,1,0
S(=O)(=O)(N[C@H]1C[NH+]2CCC1CC2)CC[C@@H]1[NH2+]CCCC1,,C37661896,96.663269,1,0,0,0,1,1,0,0,1,0
Brc1c([C@@H]([NH+](CC)CCCC)C[NH3+])cc(OC)c(OC)c1,,C37754901,53.006901,1,0,0,0,1,0,0,0,1,0
Brc1cc(OC[C@@H](O)C[NH2+]CC(C)(C)C[NH+](C)C)ccc1,,C37847747,96.594574,1,0,0,0,1,0,0,0,1,0
Clc1c([C@H](O)C[NH2+]CCC[NH+](CC)CC)cc(Cl)cc1,,C37879951,96.519386,1,0,0,0,1,1,0,0,1,0
Brc1c(OC)ccc([C@H]([NH+](C)CC(C)C)C[NH3+])c1,,C38052111,56.562443,1,0,0,0,1,0,0,0,1,0
O[C@H](COCC(C)C)C[NH2+]C[C@@]1([NH+](C)C)C[C@H](C)CCC1,,C40669130,60.606228,1,0,0,0,1,0,0,0,1,0
Brc1c(OCC[NH+](C)C)c(C[C@@H]([NH3+])CC)ccc1,,C42412890,98.276833,1,0,0,0,1,1,0,0,1,0
S(C)c1ccc([C@H](N(CC[NH+](C)C)CC(C)C)C[NH3+])cc1,,C42744793,60.955952,1,0,0,0,1,1,0,0,0,0
Brc1ccc([C@@H]([NH+](CC)CCOC)[C@@H]([NH3+])CC)cc1,,C42954636,71.855423,1,0,0,0,1,0,0,0,0,0
Clc1cc([C@@H]([NH+](C)Cc2c(C)occ2)[C@@H]([NH3+])CC)ccc1,,C43015250,68.865562,1,0,0,0,1,0,0,0,1,0
Brc1cc([C@@H]([NH+](Cc2occc2)C2CC2)[C@H]([NH3+])C)ccc1,,C43021918,56.052357,1,0,0,0,0,0,0,0,0,0
Brc1c([C@@H]([NH+](CC)Cc2occc2)[C@H]([NH3+])CC)cccc1,,C43092615,66.830719,1,0,0,0,0,0,0,0,0,0
Brc1c([C@H]([NH+](C)Cc2c(C)occ2)[C@H]([NH3+])CC)cccc1,,C43092671,63.426983,1,0,0,0,1,0,0,0,1,0
Brc1sc([C@H]([C@@H]([NH3+])CC)N2CC[NH+](CC)CC2)cc1,,C43258876,98.08596,1,0,0,0,1,1,0,0,1,0
Brc1sc([C@H]([NH+](C)Cc2ncsc2)[C@H]([NH3+])CC)cc1,,C43263177,49.84322,1,0,0,0,0,0,0,0,0,0
Brc1cc([C@@H]([NH+](C)Cc2cn(C)nc2)[C@@H]([NH3+])CC)sc1,,C43286776,67.532532,1,0,0,0,1,0,0,0,1,0
Brc1cc([C@H]([C@@H]([NH3+])CC)n2c(C(C)C)[nH+]cc2)sc1,,C43287998,55.346554,1,0,0,0,0,0,0,0,0,0
Brc1cc([C@H]([C@H]([NH3+])CC)n2c(CC)[nH+]cc2)sc1,,C43288148,55.810097,1,0,0,0,0,0,0,0,0,0
Clc1c(F)cc([C@@H]([NH+](Cc2occc2)C2CC2)C[NH3+])cc1,,C43390643,63.427414,1,0,0,0,0,0,0,0,0,0
Brc1sc([C@H](N(CC[NH+](C)C)CCC)[C@H]([NH3+])CC)cc1,,C45663653,75.503075,1,0,0,0,1,1,0,0,1,0
Brc1cc([C@@H](N(CC[NH+](C)C)CCC)[C@H]([NH3+])CC)sc1,,C45663658,76.909409,1,0,0,0,1,1,0,0,1,0
Clc1ccc(OC[C@H](O)C[NH2+][C@H](C)CC[NH+](C)C)cc1,,C49557154,98.264717,1,0,0,0,1,1,0,0,1,0
Clc1c(Cl)ccc(OC[C@H](O)C[NH2+][C@@H](C)CC[NH+](C)C)c1,,C49557177,98.249863,1,0,0,0,1,1,0,0,1,0
Clc1c(Cl)ccc(OC[C@H](O)C[NH2+][C@H](C)CC[NH+](C)C)c1,,C49557178,98.249863,1,0,0,0,1,1,0,0,1,0
Clc1c(C)cc(OC[C@H](O)C[NH2+][C@@H](C)CC[NH+](C)C)cc1,,C49557191,98.264915,1,0,0,0,1,1,0,0,1,0
S(=O)(=O)(NCCC[NH+]1[C@H](C)CCCC1)C[C@H]1[NH2+]CCC1,,C49641060,78.595985,1,0,0,0,1,1,0,0,1,0
S(=O)(=O)(NCCC[NH+]1[C@@H](C)CCCC1)C[C@H]1[NH2+]CCC1,,C49641061,78.595985,1,0,0,0,1,1,0,0,1,0
Brc1oc([C@@H]([NH+](C)[C@@H](C)c2sccc2)C[NH3+])cc1,,C49726387,45.855606,1,0,0,0,0,0,0,0,1,0
O(C)c1cc(C[NH+](C)[C@@H]([C@@H]([NH3+])C)c2sc(C)cc2)ccc1,,C43241618,59.809563,1,0,0,0,1,0,0,0,1,0
Clc1c([C@@H](O)C[NH2+]CC([NH+](C)C)(C)C)cc(Cl)cc1,,C43411435,60.229057,1,0,0,0,1,0,0,0,1,0
Brc1c(Br)cc([C@@H]([NH+](C)Cc2ncsc2)C[NH3+])o1,,C50362404,80.611626,1,0,0,0,0,0,0,0,0,0
OCCN1CC[NH+](C[C@](C)(C[NH2+]C(C)(C)C)CCC)CC1,,C51206363,66.880959,1,0,0,0,1,1,0,0,1,0
Brc1ccc(OC[C@@H](O)C[NH2+]CC[NH+](C)CC)cc1,,C54112238,56.652744,1,0,0,0,1,0,0,0,0,0
[NH3+][C@H](CC)[C@H](N1CC[NH+]([C@@H](C)CC)CC1)c1sc(C)cc1,,C55063721,98.372337,1,0,0,0,1,1,0,0,1,0
Clc1c(F)cc([C@@H](C[NH3+])N2CC[NH+]([C@@H](C)CC)CC2)cc1,,C55064451,97.137749,1,0,0,0,1,1,0,0,1,0
Clc1c(OC[C@@H](O)C[NH2+]CC[NH+](C)C)c(Cl)ccc1,,C37851881,56.876682,1,0,0,0,1,0,0,0,1,0
Clc1c(COC[C@H](O)C[NH2+]C[C@@H]([NH+](C)C)C)cccc1,,C44317111,53.918346,1,0,0,0,1,0,0,0,1,0
[NH3+][C@H]1[C@H](C[NH+](CC)CC)C(C)(C)Oc2c(C(C)C)cccc12,,C62187761,90.10231,1,0,0,0,0,1,0,0,1,0
FC(F)(F)c1ccc([C@H](C[NH3+])N2C[C@@H]([NH+](C)C)CC2)cc1,,C62964765,89.775406,1,0,0,0,1,1,0,0,0,0
Clc1ccc([C@@H]([C@H]([NH3+])C)N2C[C@H]([NH+](CC)CC)CC2)cc1,,C62977069,89.256958,1,0,0,0,1,1,0,0,1,0
Clc1sc([C@H]([C@@H]([NH3+])CC)N2C[C@@H]([NH+]3CCCC3)CC2)cc1,,C62977453,93.269165,1,0,0,0,1,1,0,0,0,0
S(C)c1ccc([C@H](C[NH3+])N2C[C@@H]([NH+](CC)CC)CC2)cc1,,C62978354,86.583794,1,0,0,0,1,1,0,0,0,0
Fc1ccc([C@@H]2C(C[NH2+][C@H](C)Cc3n[nH]c(C)c3)=CN=[NH+]2)cc1,,C63870363,56.029518,1,0,0,0,1,0,0,0,0,0
O[C@@H](C[NH2+]Cc1c(C)n(CC)nc1C)C[NH+]1CCC(C)CC1,,C67122532,95.740715,1,0,0,0,1,0,0,0,1,0
[NH2+](C[C@@H](C)Cn1c[nH+]cc1)Cc1c(-c2sccc2)n[nH]c1,,C67500568,40.569355,1,0,0,0,1,0,0,0,1,0
FC(F)(F)Oc1c([C@H]([NH+](C)CCCC)C[NH3+])cccc1,,C19274501,44.631535,1,0,0,0,1,0,0,0,1,0
[NH3+]C[C@@H]([NH+](CC(C)C)CC(C)C)c1ccc(N(C)C)cc1,,C32055974,64.592255,1,0,0,0,1,0,0,0,1,0
Fc1c(F)ccc([C@@H](O)C[NH2+]CC(C)(C)C[NH+](C)C)c1,,C37875672,96.909538,1,0,0,0,1,0,0,0,1,0
Clc1c(CC[NH2+]C[C@H](O)C[NH+](C)C)ccc(Cl)c1,,C37877900,94.828613,1,0,0,0,1,1,0,0,1,0
FC(F)(F)[C@@H](CC[NH3+])N1CCC([NH+]2CCCCC2)CC1,,C40693685,98.071632,1,0,0,0,1,1,0,0,1,0
Clc1c(F)ccc([C@@H](C[NH3+])CN2CC[NH+](C)CC2)c1,,C41667179,68.979378,1,0,0,0,1,0,0,0,0,0
[NH3+][C@H]1CC(C)(C)Cc2n(CC[NH+](C(C)C)C(C)C)ccc12,,C41727930,99.870842,1,0,0,0,1,1,0,0,1,0
[NH3+]C[C@@H]([NH+](CC(C)C)CC(C)C)c1ccc2OCCc2c1,,C42033656,59.907475,1,0,0,0,1,0,0,0,1,0
O(CC)c1c(C[NH+](C)[C@H](C)CC(C)C)cc([C@H]([NH3+])C)cc1,,C42580782,99.284935,1,0,0,0,1,1,0,0,1,0
Fc1cc(C#CC[NH3+])c(C[NH+](CCOC)[C@@H](C)CC)cc1,,C42590490,63.119026,1,0,0,0,1,0,0,0,1,0
Clc1ccc([C@@H]([NH+](C)Cc2oc(C)cc2)[C@H]([NH3+])C)cc1,,C42944988,75.527344,1,0,0,0,0,0,0,0,1,0
Clc1ccc([C@H]([C@@H]([NH3+])C)N2CC[NH+](C3CC3)CC2)cc1,,C42946074,97.634003,1,0,0,0,1,1,0,0,1,0
Brc1ccc([C@H]([C@H]([NH3+])CC)n2c[nH+]cc2)cc1,,C42955831,80.427635,1,0,0,0,0,0,0,0,0,0
O(C)c1ccc([C@H]([NH+](C)[C@@H]2C[C@H](C)CCC2)[C@H]([NH3+])C)cc1,,C42961630,83.239151,1,0,0,0,1,0,0,0,0,0
Brc1cc([C@H]([C@@H]([NH3+])CC)n2c[nH+]cc2)ccc1,,C43022046,80.310501,1,0,0,0,0,0,0,0,0,0
O(C)c1cc([C@H]([NH+](C)[C@@H]2C[C@@H](C)CCC2)[C@H]([NH3+])C)ccc1,,C43027847,81.646706,1,0,0,0,1,0,0,0,1,0
Clc1c([C@H]([NH+](CC)[C@@H](C)COC)[C@H]([NH3+])CC)cccc1,,C43052933,74.30368,1,0,0,0,1,0,0,0,1,0
[NH3+][C@@H](CC)[C@H]([NH+](Cc1occc1)C1CC1)c1sccc1,,C43106793,60.788803,1,0,0,0,0,0,0,0,0,0
[NH3+][C@@H](CC)[C@H]([NH+](C)Cc1oc(C)cc1)c1sc(C)cc1,,C43240079,80.291039,1,0,0,0,0,0,0,0,1,0
[NH3+][C@@H](CC)[C@@H]([NH+](C)Cc1oc(C)cc1)c1sc(C)cc1,,C43240085,80.291039,1,0,0,0,0,0,0,0,1,0
[NH3+][C@H](CC)[C@@H]([NH+](Cc1sccc1)C(C)C)c1occc1,,C43335886,45.269749,1,0,0,0,1,0,0,0,1,0
FC(F)Oc1ccc([C@@H]([NH+](C)CCC(C)C)C[NH3+])cc1,,C48923102,57.058746,1,0,0,0,1,0,0,0,1,0
[NH3+]CC1(N2CC[NH+](C3CC3)CC2)CCC(C(C)(C)C)CC1,,C48991875,86.990944,1,0,0,0,1,1,0,0,1,0
S(C)c1ccc([C@H](C[NH3+])N2CC[NH+](C3CC3)CC2)cc1,,C48991904,96.341873,1,0,0,0,1,1,0,0,0,0
[NH3+][C@@H]1[C@H](N2CC[NH+](C3CC3)CC2)C[C@H](C(C)(C)CC)CC1,,C48992742,94.45565,1,0,0,0,1,0,0,0,1,0
[NH3+]CC1([NH+](C)C2CCC(CC)CC2)C[C@@H]2N(C)[C@H](C1)CC2,,C49024010,64.38018,1,0,0,0,1,1,0,1,1,0
O(C)CC[NH+]([C@H]1[C@@H](C[NH3+])CC[C@H](C(C)(C)CC)C1)C1CC1,,C49026935,98.763565,1,0,0,0,1,0,0,0,1,0
Clc1c(O)c(C[NH2+][C@@H](C)CC[NH+](C)C)cc(Cl)c1,,C49553311,56.358486,1,0,0,0,1,1,0,0,1,0
[NH3+]C[C@H]([NH+](CC(C)C)C(C)C)c1ccc2N(C)CCc2c1,,C50287317,65.109352,1,0,0,0,1,0,0,0,1,0
[NH3+][C@@H](C)[C@H](N1CC[NH+](C2CCCC2)CC1)c1cscc1,,C52060232,97.199005,1,0,0,0,1,1,0,0,1,0
OC1CC[NH+](C[C@H]2[C@@H]([NH2+]CCC)CC[C@H](CCC)C2)CC1,,C53860578,99.615585,1,0,0,0,1,0,0,0,1,0
[NH3+][C@@H]1[C@H](CN2CC[NH+](C3CC3)CC2)C[C@H](C(C)(C)C)CC1,,C53880559,66.671181,1,0,0,0,0,0,0,0,1,0
FC(F)(F)c1cc([C@@H](O)C[NH2+]CC[NH+](C)CC)ccc1,,C54112117,51.908913,1,0,0,0,1,0,0,0,1,0
[NH3+][C@H](C)[C@@H](N1CC[NH+]([C@H](C)CC)CC1)c1ccc(C)cc1,,C55063592,98.019249,1,0,0,0,1,1,0,0,1,0
[NH3+][C@H](C)[C@@H](N1CC[NH+]([C@@H](C)CC)CC1)c1ccc(C)cc1,,C55063593,98.019249,1,0,0,0,1,1,0,0,1,0
[NH3+]C[C@@H](N1CC[NH+]([C@@H](C)CC)CC1)c1c(C)cc(C)cc1,,C55064865,96.957718,1,0,0,0,1,1,0,0,1,0
Fc1ccc([C@@H]([C@@H]([NH3+])CC)N2[C@@H](C[NH+](C)C)CCC2)cc1,,C61641921,63.272747,1,0,0,0,0,1,0,0,1,0
Clc1c(F)cc([C@H](C[NH3+])N2[C@@H](C[NH+](C)C)CCC2)cc1,,C61642848,68.216286,1,0,0,0,0,1,0,0,0,0
[NH3+][C@H](CN1[C@@H](C[NH+](C)C)CCC1)c1ccc(C(C)C)cc1,,C61643473,56.559044,1,0,0,0,0,1,0,0,1,0
[NH3+][C@@H](CN1[C@@H](C[NH+](C)C)CCC1)c1ccc(C(C)C)cc1,,C61643474,56.559044,1,0,0,0,0,1,0,0,1,0
Clc1ccc([C@H]([NH+](C)Cc2c(C)oc(C[NH3+])c2)C)cc1,,C62019463,69.250854,1,0,0,0,1,1,0,0,0,0
[NH3+][C@@H]1[C@@H](C[NH+](CC)CC)C(C)(C)Oc2ccc(CC)cc12,,C62187902,90.020569,1,0,0,0,0,1,0,0,1,0
[NH3+][C@H]1[C@H](C[NH+](CC)CC)C(C)(C)Oc2c(C)cc(C)cc12,,C62188011,90.137459,1,0,0,0,0,1,0,0,1,0
[NH3+][C@@H]1[C@@H](C[NH+](CC)CC)C(C)(C)Oc2cc(C)cc(C)c12,,C62188099,90.150352,1,0,0,0,0,1,0,0,1,0
[NH3+]C[C@H]1[C@H](N2CCC[NH+]3CCC[C@@H]3C2)C[C@@H](CCC)CC1,,C62940168,87.186081,1,0,0,0,1,1,1,1,1,0
O(C)c1c([C@H](C[NH3+])[NH+]2CCC(CC)(CC)CC2)cccc1,,C62951685,51.940388,1,0,0,0,1,0,0,0,1,0
O(C)c1ccc([C@H](C[NH3+])[NH+]2CCC(CC)(CC)CC2)cc1,,C62951770,59.34026,1,0,0,0,1,0,0,0,1,0
[NH3+]C[C@@H]([NH+]1CCC(C)(CC)CC1)c1ccc2OCCc2c1,,C62952349,58.967625,1,0,0,0,1,0,0,0,1,0
[NH3+][C@@H](C)[C@@H](N1C[C@@H]([NH+]2CCCCC2)CC1)c1cscc1,,C62977765,83.532104,1,0,0,0,1,1,0,0,1,0
[NH3+]C[C@@H](N1C[C@@H]([NH+](CC)CC)CC1)c1sc(CC)cc1,,C62978223,90.035728,1,0,0,0,1,1,0,0,1,0
O[C@H]1[C@H](O)CC(C(=O)N[C@@H](Cc2ccc(OC)cc2)C(=O)N)=C[C@H]1NC(=O)[C@@H]([NH2+]C)C,,C03838819,75.044601,1,0,0,0,1,0,0,0,0,0
O[C@H]1[C@H](O)C[C@](O)(C(=O)N[C@H](CC(C)C)C(=O)N)C[C@@H]1NC(=O)[C@@H]([NH2+]C)C(C)C,,C03840175,77.740486,1,0,0,0,1,0,0,0,0,0
O=C(Nc1ccc(Nc2cc[n+](C)cc2)cc1)c1c(N)cc(Nc2cc[n+](C)c3ccc(N)cc23)cc1,,C01704486,99.963692,1,0,0,0,1,0,0,0,0,0
O=C(Nc1ccc(C(=[NH2+])NC)cc1)c1c(N)cc(C(=O)Nc2ccc(C(=[NH2+])NC)cc2)cc1,,C04821858,98.630722,1,0,0,0,1,0,0,0,0,0
Oc1c2[C@@H](OC(=O)CC[NH3+])C[C@](O)(C(=O)C)Cc2c(O)c2C(=O)c3cccc(OC)c3C(=O)c12,,C05351504,31.427761,1,0,0,0,0,0,0,0,0,0
Fc1ccc2[nH]cc(C[C@@H](NC(=O)[C@@H]([NH3+])Cc3c[nH]c4ccccc34)C(OC)=O)c2c1,,C01605773,72.38266,1,0,0,0,1,0,0,0,0,0
O[C@@H](C[NH2+]Cc1nc(N)nc(Nc2ccc(C)cc2)n1)c1ccc([N+](=O)[O-])cc1,,C06831115,61.321171,1,0,0,0,1,0,0,0,0,0
Oc1cccc2[C@](O)(C)[C@@H]3C[C@H]4[C@H]([NH+](C)C)C(O)=C(C(=O)N)C(=O)[C@]4(O)C(O)=C3C(=O)c12,,C08034271,73.748291,1,0,0,0,1,0,0,0,0,0
O=C(Nc1ccc(C(=[NH2+])Nc2ccc(C(=[NH2+])NC)cc2)cc1)c1ccc(C(=[NH2+])NC)cc1,,C08616457,84.917084,1,0,0,0,1,1,1,0,0,0
O(CCCOc1ccc(N)cc1)c1cc(N2C(=[NH2+])NC(=[NH2+])NC2(C)C)ccc1,,C08627515,57.305447,1,0,0,0,1,0,0,0,1,0
O=[N+]([O-])c1ccc(OCCOc2cc(N3C(=[NH2+])NC(=[NH2+])NC3(C)C)ccc2)cc1,,C08649719,57.245823,1,0,0,0,1,0,0,0,0,0
O[C@@H]1[C@H]2[C@H]([NH+](C)C)C(O)=C(C(=O)N)C(=O)[C@@]2(O)C(O)=C2C(=O)c3c(O)cccc3C(=C)[C@H]12,,C08836062,65.394585,1,0,0,0,1,0,0,0,0,0
S(=O)(=O)(N)c1ccc([C@H]([NH2+]CC(=O)NCC(=O)Nc2ccc(F)cc2)C)cc1,,C08850304,67.955536,1,0,0,0,1,0,0,0,0,0
Brc1ccc2n(C[C@H](O)C[NH2+]C(CO)(CO)CO)c3ccc(Br)cc3c2c1,,C10384381,59.922604,1,0,0,0,1,0,0,0,1,0
S(=O)(=O)(NC(=[NH2+])N)c1ccc(NC(=S)NC(=O)c2ccc(C(OC)=O)cc2)cc1,,C10012569,99.999214,1,0,0,0,1,0,0,0,0,0
O[C@@H]1[C@H](C)O[C@H](O[C@@H]2C[C@@](O)(C(=O)C)Cc3c(O)c4C(=O)c5cccc(O)c5C(=O)c4c(O)c23)C[C@H]1[NH3+],,C11678097,18.559427,1,0,0,0,1,0,0,0,0,0
Clc1c(C)c2NC(=O)[C@@]3([NH2+][C@@H](CCC(=O)N)[C@H]4C(=O)N(c5ccc(C(=O)N)cc5)C(=O)[C@@H]34)c2cc1,,C12880057,99.585144,1,0,0,0,1,0,0,0,0,0
Oc1cccc2[C@](O)(C)[C@H]3C[C@H]4[C@H]([NH+](C)C)C(=O)C(C(=O)N)=C(O)[C@]4(O)C(O)=C3C(=O)c12,,C08586064,72.948013,1,0,0,0,0,0,0,0,0,0
Brc1ccc(/N=N/C=2C(=[NH2+])NN3C=2NC(=[NH2+])C=2C(=[NH2+])NNC3=2)cc1,,C16958749,49.038895,1,0,0,0,1,0,0,0,0,0
O=C(NN)c1c(N)c2c(s1)[nH+]c(N1CCOCC1)c1CN(C)C(C)(C)Cc21,,C20264237,97.47522,1,0,0,0,1,0,0,0,0,0
O[C@H]1[C@@H](O)CO[C@H](O[C@H]2C[C@]([NH3+])(C(=O)C)Cc3c(O)c4C(=O)c5ccccc5C(=O)c4c(O)c23)C1,,C21982914,21.374146,1,0,0,0,0,0,0,0,0,0
S(C)[C@H]1[C@@H](O)[C@H](O)[C@@H](O)[C@H]([C@H](NC(=O)[C@H]2[NH+](C)C[C@H](CCC)C2)[C@H](O)C)O1,,C21985990,83.553802,1,0,0,0,1,0,0,0,1,0
OC=1OC2=CC(=[NH+]C(=O)[C@H](NC(=O)c3ccccc3)CCCNC(=[NH2+])N)C=CC2=C(C)C=1,,C25761661,99.97802,1,0,0,0,1,0,0,0,0,0
O=C(Nc1ccc([C@H]([NH2+][C@H](C)C(=O)Nc2ccc(C(=O)N)cc2)C)cc1)CC,,C30498799,73.258469,1,0,0,0,1,0,0,0,0,0
S(C)[C@@H]1[C@H](O)[C@@H](O)[C@@H](O)[C@H]([C@@H](NC(=O)[C@H]2[NH+](C)C[C@H](CCC)C2)[C@@H](O)C)O1,,C31357046,83.553802,1,0,0,0,1,0,0,0,1,0
S(=O)(=O)(N)c1ccc(CCNC(=O)c2nc([C@@H]([NH3+])Cc3ccc(O)cc3)oc2)cc1,,C33635499,77.191086,1,0,0,0,1,0,0,0,0,0
O[C@H]1[C@H](O)CO[C@@H](O[C@H]2C[C@]([NH3+])(C(=O)C)Cc3c(O)c4C(=O)c5ccccc5C(=O)c4c(O)c23)C1,,C35636346,21.374146,1,0,0,0,1,0,0,0,0,0
O(C)c1ccc(C2=C(C#N)C(=[NH2+])N3NC(=[NH2+])/C(=N\Nc4ccc5OCOc5c4)/C3=N2)cc1,,C17173069,83.2397,1,0,0,0,0,0,0,0,0,0
O(CC(=O)Nc1c(C(=O)N)c2CCCc2s1)C(=O)c1c(N)c2c(C)cc(C)[nH+]c2s1,,C36645734,98.864738,1,0,0,0,0,0,0,0,0,0
Brc1c(NC(=O)[C@@H]([NH3+])CC(=O)N)c(Br)cc(Br)c1,,C37626072,97.512962,1,0,0,0,1,0,0,0,0,0
Brc1c(NC(=O)[C@@H]([NH3+])CC(=O)N)c(C(OC)=O)cc(Br)c1,,C37769946,98.01046,1,0,0,0,1,0,0,0,0,0
OC[C@@H](O)[C@@H](O)[C@H](O)[C@H](O)[C@@H]1[NH+]2C[C@@]3(C(C)C)C(=O)[C@@](C(C)C)(C2)CN1C3,,C19323209,73.959122,1,0,0,0,1,0,0,0,1,0
OC[C@@H](O)[C@@H](O)[C@@H](O)[C@H](O)[C@H]1[NH+]2C[C@@]3(C(O)[C@](c4ccccc4)(C2)CN1C3)c1ccccc1,,C36369753,90.489021,1,0,0,0,1,0,0,0,0,0
O=C([C@H]([NH3+])CC(C)C)N1CCOCCN(C(=O)[C@@H]([NH3+])CC(C)C)CCOCC1,,C39988461,49.341064,1,0,0,0,1,0,0,0,1,0
O=C([C@H]([NH3+])CC(C)C)N1CCOCCN(C(=O)[C@H]([NH3+])CC(C)C)CCOCCOCC1,,C39988465,49.338692,1,0,0,0,1,0,0,0,1,0
OC[C@@H](O)[C@H](O)/C(=N/Nc1ccc([N+](=O)[O-])cc1)/[C@@H]1C(=O)[NH+]=C2C=CC=CC2=[NH+]1,,C40151164,66.500038,1,0,0,0,1,0,0,0,0,0
Clc1c(C(=O)N/N=C(/[C@H](O)[C@H](O)CO)\[C@@H]2C(=O)[NH+]=C3C=CC=CC3=[NH+]2)cccc1,,C40151219,99.19043,1,0,0,0,1,0,0,0,0,0
OC[C@@H](O)[C@H](O)/C(=N/NC(=O)c1ccc(OC)cc1)/[C@H]1C(=O)[NH+]=C2C=CC=CC2=[NH+]1,,C40151256,99.158501,1,0,0,0,1,0,0,0,0,0
OC[C@H](NC(=O)NC1CC(C)(C)[NH2+]C(C)(C)C1)[C@H](O)c1ccc([N+](=O)[O-])cc1,,C42895946,99.993698,1,0,0,0,1,0,0,0,0,0
OC[C@H](NC(=O)NC1CC(C)(C)[NH2+]C(C)(C)C1)[C@@H](O)c1ccc([N+](=O)[O-])cc1,,C42895952,99.993698,1,0,0,0,1,0,0,0,0,0
O=C(Nc1ccc(C(=O)c2ccc(N)cc2)cc1)c1nc([C@@H]([NH3+])CCC)sc1,,C43226469,85.185753,1,0,0,0,1,0,0,0,0,0
Clc1ccc(O)c2C(=O)[C@@H]3[C@@H](O)[C@@]4(O)C(=O)[C@@H](C(=O)N)[C@H](O)[C@@H]([NH3+])[C@H]4C[C@H]3[C@@](O)(C)c12,,C43769457,44.474888,1,0,0,0,1,0,0,0,0,0
O[C@H](C)[C@]1([NH3+])C[C@@H](O[C@@H]2OC[C@H](O)[C@H](O)C2)c2c(O)c3C(=O)c4ccccc4C(=O)c3c(O)c2C1,,C44019211,31.975481,1,0,0,0,1,0,0,0,0,0
S(C)[C@@H]1[C@@H](O)[C@@H](O)[C@@H](O)[C@@H]([C@H](NC(=O)[C@H]2[NH+](C)C[C@@H](CCC)C2)[C@H](O)C)O1,,C44699300,83.553802,1,0,0,0,1,0,0,0,1,0
O[C@H]1[C@H](O)CO[C@@H](O[C@@H]2C[C@]([NH3+])(C(=O)C)Cc3c(O)c4C(=O)c5ccccc5C(=O)c4c(O)c23)C1,,C44960179,21.374146,1,0,0,0,1,0,0,0,0,0
Brc1cc(C(=O)NNC(=O)NC2CC(C)(C)[NH2+]C(C)(C)C2)[nH]c1,,C45860797,99.993446,1,0,0,0,1,0,0,0,0,0
O=C(N)c1ccc(-c2cc(OC[C@@H]([NH3+])CC=3C[NH+]=C4C=CC=CC=34)cnc2)cc1,,C52627780,79.698746,1,0,0,0,1,0,0,0,0,0
S(=O)(=O)(N/[NH+]=C/NCCC[C@@H]([NH3+])C(=O)[O-])c1c(C)c(C)c2OC(C)(C)Cc2c1C,,C55161959,74.244904,1,0,0,0,1,0,0,0,0,0
Ic1ccc(N2C(=O)[C@@H](SC(=[NH2+])NC(N)=N)CC2=O)cc1,,C59491083,99.94751,1,0,0,0,1,0,0,0,0,0
O=C(N)N[C@@H](CC=1C[NH+]=C2C=CC=CC=12)C(=O)NNC(=O)[C@H]1Oc2ccccc2OC1,,C64169694,85.678642,1,0,0,0,1,0,0,0,0,0
S(Cc1c(C)c(CSC(=[NH2+])N)c(C)c(CSC(=[NH2+])N)c1C)C(=[NH2+])N,,C04377411,99.97448,1,0,0,0,0,0,0,0,0,0
OC=1OC2=C/C(=[NH+]/C(=O)[C@@H](NC(=O)C[NH3+])CCC[NH+]=C(N)N)/C=CC2=C(C)C=1,,C25667243,88.226143,1,0,0,0,1,0,0,0,0,0
FC(F)(F)C=1C=C(O)OC2=C/C(=[NH+]\C(=O)[C@@H](NC(=O)[C@@H]([NH3+])C)CCCNC(=[NH2+])N)/C=CC=12,,C35051128,60.821732,1,0,0,0,1,0,0,0,0,0
FC(F)(F)C=1C=C(O)OC2=C/C(=[NH+]\C(=O)[C@@H](NC(=O)[C@@H]([NH3+])CCCC[NH3+])C)/C=CC=12,,C35051130,64.129761,1,0,0,0,1,0,0,0,0,0
ONC(=[NH2+])c1ccc(-c2cc(OC[C@@H]([NH3+])CC=3C[NH+]=C4C=CC=CC=34)cnc2)cc1,,C52627660,36.729408,1,0,0,0,1,0,0,0,0,0
O(C[C@@H]([NH3+])CC=1C[NH+]=C2C=CC=CC=12)c1cc(-c2ccc(C(=[NH2+])N)cc2)cnc1,,C52627670,79.68792,1,0,0,0,1,0,0,0,0,0
[NH+](C)(Cc1c(-c2cc(C)c(C)cc2)n[nH]c1)C1CC(C)(C)[NH2+]C(C)(C)C1,,C12434304,51.793835,1,0,0,0,1,1,0,0,1,0
Clc1ccc([C@@H]2[NH+](CC)[C@](C)(CO)C[C@@H]2C[NH2+]Cc2c(O)cccc2)cc1,,C19113044,93.161125,1,0,0,0,1,1,0,0,1,0
Fc1c([C@H]([NH2+]CC=2C=C(O)OC3=C/C(=[NH+]\C(=O)C)/C=CC=23)C)ccc(F)c1,,C34884265,82.126556,1,0,0,0,1,0,0,0,0,0
Brc1c(OCC)c(Br)cc(C[NH2+]CCCC[NH3+])c1,,C37715423,99.142815,1,0,0,0,1,0,0,0,1,0
O(C(C)C)C(=O)c1ccc(N2C(N)=C([C@@H]3[NH+]=C4C=C(C)C=CC4=[NH+]3)C(=O)C2)cc1,,C38819115,99.077446,1,0,0,0,0,0,0,0,0,0
Brc1cc([C@@H]([NH+](CCC)C(C)C)C[NH3+])cc2OCCOc12,,C37095861,57.465446,1,0,0,0,1,0,0,0,1,0
Brc1ccc(-c2oc(C[NH2+]CC[NH2+]C[C@H](O)C)cc2)cc1,,C32511582,82.410545,1,0,0,0,1,0,0,0,1,0
Brc1ccc([C@@H]([C@H]([NH3+])C)N2CC[NH+](C(C)(C)C)CC2)cc1,,C42954420,98.297768,1,0,0,0,1,1,0,0,1,0
Brc1ccc([C@H]([NH+](CC(C)C)CC(=O)N)[C@H]([NH3+])CC)cc1,,C42955596,93.252625,1,0,0,0,1,0,0,0,0,0
Brc1c([C@@H]([NH+](CC(C)C)CC(=O)N)[C@H]([NH3+])CC)cccc1,,C43093519,95.424385,1,0,0,0,1,0,0,0,0,0
Brc1c([C@@H]([NH+](Cc2occc2)C2CC2)[C@H]([NH3+])C)cccc1,,C43093527,63.991882,1,0,0,0,0,0,0,0,0,0
Brc1sc([C@@H]([C@@H]([NH3+])CC)N2CC[NH+](CC3CC3)CC2)cc1,,C43261924,97.929016,1,0,0,0,1,1,0,0,1,0
Brc1sc([C@@H]([NH+](CCC)CC(=O)NC)[C@H]([NH3+])CC)cc1,,C43262396,95.170242,1,0,0,0,1,0,0,0,1,0
Brc1sc([C@H]([NH+](C)CC(=O)NC(C)C)[C@H]([NH3+])CC)cc1,,C43262960,97.670357,1,0,0,0,1,0,0,0,1,0
Brc1cc([C@H]([NH+](CC)CC(=O)NC)[C@@H]([NH3+])CC)sc1,,C43285717,95.435577,1,0,0,0,1,0,0,0,0,0
Brc1cc([C@H]([C@H]([NH3+])CC)N2CC[NH+](C(C)(C)C)CC2)sc1,,C43286674,98.711784,1,0,0,0,1,1,0,0,1,0
Brc1cc([C@@H]([C@H]([NH3+])CC)N2CC[NH+](C(C)(C)C)CC2)sc1,,C43286677,98.711784,1,0,0,0,1,1,0,0,1,0
Brc1cc([C@@H]([C@@H]([NH3+])CC)N2CCC(C[NH+](C)C)CC2)sc1,,C43287083,73.241219,1,0,0,0,1,1,1,0,1,0
Oc1c(C[NH+]2C([NH+](Cc3c(O)cccc3)CC2)c2cc(OC)c(OC)cc2)cccc1,,C19324032,91.841064,1,0,0,0,0,0,0,0,0,0
O(C[C@@H]([NH3+])CC=1C[NH+]=C2C=CC=CC=12)c1cc(Nc2cnccc2)cnc1,,C52627732,79.314919,1,0,0,0,1,0,0,0,1,0
Clc1n[nH]c2ccc(-c3cc(OC[C@@H]([NH3+])CC=4C[NH+]=C5C=CC=CC=45)cnc3)cc12,,C52634703,76.130219,1,0,0,0,1,0,0,0,0,0
Brc1sc([C@@H]([C@H]([NH3+])C)N2CC[NH+](CC(C)C)CC2)cc1,,C55077350,98.067719,1,0,0,0,1,1,0,0,1,0
Brc1cc([C@@H]([C@@H]([NH3+])C)N2CCC(C[NH+](C)C)CC2)sc1,,C43287075,73.051155,1,0,0,0,1,1,1,0,1,0
Brc1cc([C@H]([C@H]([NH3+])CC)N2CCC[NH+]3CCC[C@@H]3C2)sc1,,C62939950,91.508537,1,0,0,0,1,1,0,0,0,0
O=C(Nc1cc(C(=O)Nc2cc(C3[NH+]=C4C=CC=CC4=[NH+]3)ccc2)ccc1)c1occc1,,C63078365,99.194038,1,0,0,0,1,0,0,0,0,0
S(CC1[NH+]=C2C=CC=CC2=[NH+]1)[C@@H]1N([C@H](c2nccnc2)NN1)c1ccc(C)cc1,,C63165449,96.920319,1,0,0,0,0,0,0,0,0,0
S([C@@H](C)C(=O)N[C@H]1Sc2ccccc2N1)C1[NH+]=C2C=CC=CC2=[NH+]1,,C63221280,99.41317,1,0,0,0,0,0,0,0,0,0
S([C@@H](C)C(=O)N[C@@H]1Sc2ccccc2N1)C1[NH+]=C2C=CC=CC2=[NH+]1,,C63221283,99.41317,1,0,0,0,0,0,0,0,0,0
S(CC1[NH+]=C2C=CC=CC2=[NH+]1)[C@@H]1N(Cc2occc2)[C@H](Cc2sccc2)NN1,,C63297494,44.495155,1,0,0,0,0,0,0,0,1,0
S(CC(=O)NC=1[C@H](C)N(CC)NC=1C)[C@H]1[NH+]=C2C(C)=CC(C)=CC2=[NH+]1,,C63340103,99.360954,1,0,0,0,1,0,0,0,0,0
Clc1ccc([C@@H]2N(CC)[C@@H](SCC3[NH+]=C4C=CC=CC4=[NH+]3)NN2)cc1,,C63446218,68.692581,1,0,0,0,1,0,0,0,0,0
S(CC1[NH+]=C2C=CC=CC2=[NH+]1)[C@H]1N(Cc2occc2)[C@H](c2cc(OC)ccc2)NN1,,C63446277,33.299618,1,0,0,0,0,0,0,0,0,0
OC=1[C@H](C([C@@H]2C(=O)[NH+]=C3C=CC=CC3=C2O)c2c(OC)cccc2)C(=O)[NH+]=C2C=CC=CC=12,,C09698237,99.9179,1,0,0,0,1,0,0,0,0,0
Clc1c(CS[C@@H]2O[C@H]([C@@H]([NH3+])CC=3C[NH+]=C4C=CC=CC=34)NN2)ccc(Cl)c1,,C63720223,75.458397,1,0,0,0,1,0,0,0,1,0
Clc1c(CS[C@@H]2O[C@H]([C@@H]([NH3+])CC=3C[NH+]=C4C=CC=CC=34)NN2)c(F)ccc1,,C63720227,75.468956,1,0,0,0,1,0,0,0,1,0
O=C(N)C[C@@H]([NH2+]C[C@H](c1ccc(OC)cc1)C=1C[NH+]=C2C=CC=CC=12)C,,C63919927,86.568344,1,0,0,0,1,0,0,0,1,0
S(C/C=C/c1ccccc1)[C@@H]1O[C@H]([C@@H]([NH3+])CC=2C[NH+]=C3C=CC=CC=23)NN1,,C63985334,75.427841,1,0,0,0,1,0,0,0,1,0
O=C(NC1[NH+]=C2C=CC=CC2=[NH+]1)[C@H](NC(=O)c1ccc(OCC)cc1)C,,C64392334,99.883568,1,0,0,0,1,0,0,0,0,0
S(CC(=O)Nc1c(C)c(C)ccc1)[C@H]1O[C@@H]([C@@H]([NH3+])CC=2C[NH+]=C3C=CC=CC=23)N=N1,,C64428618,47.914658,1,0,0,0,1,0,0,0,1,0
S(CC(=O)Nc1c(C)c(C)ccc1)[C@H]1O[C@H]([C@@H]([NH3+])CC=2C[NH+]=C3C=CC=CC=23)N=N1,,C64428623,47.914658,1,0,0,0,1,0,0,0,1,0
Clc1c(Cl)ccc(CS[C@@H]2O[C@@H]([C@@H]([NH3+])CC=3C[NH+]=C4C=CC=CC=34)N=N2)c1,,C64428631,48.773449,1,0,0,0,0,0,0,0,1,0
Fc1ccc(C=2N[C@@H](c3c(C(=O)NC[C@H]4[NH+]=C5C=C(C)C=CC5=[NH+]4)cccc3)ON=2)cc1,,C64580501,98.558655,1,0,0,0,1,0,0,0,0,0
Fc1ccc(C=2N[C@H](c3c(C(=O)NC[C@@H]4[NH+]=C5C=C(C)C=CC5=[NH+]4)cccc3)ON=2)cc1,,C64580502,98.558655,1,0,0,0,1,0,0,0,0,0
O=C(N[C@H]1Sc2cc(NC(=O)CCC3[NH+]=C4C=CC=CC4=[NH+]3)cc(C)c2N1)C,,C64690829,98.580063,1,0,0,0,1,0,0,0,0,0
Clc1c(CC(=O)N[C@H](C(C)C)C(=O)NC2[NH+]=C3C=CC=CC3=[NH+]2)ccc(OC)c1,,C65305792,99.883812,1,0,0,0,1,0,0,0,0,0
O=C(N[C@H](CC(C)C)C(=O)NC1[NH+]=C2C=CC=CC2=[NH+]1)Cc1cc(OC)ccc1,,C65305808,99.88385,1,0,0,0,0,0,0,0,0,0
Clc1c(CC(=O)N[C@@H]([C@H](C)CC)C(=O)NC2[NH+]=C3C=CC=CC3=[NH+]2)ccc(OC)c1,,C65305919,99.883865,1,0,0,0,1,0,0,0,0,0
O=C(NC1[NH+]=C2C=CC=CC2=[NH+]1)[C@@H](NC(=O)c1cc(C)cc(C)c1)[C@H](C)CC,,C65305991,99.883797,1,0,0,0,1,0,0,0,0,0
Clc1c(OC)ccc(CC(=O)N[C@H](CCC)C(=O)NC2[NH+]=C3C=CC=CC3=[NH+]2)c1,,C65306028,99.883797,1,0,0,0,0,0,0,0,0,0
O=C(NCCC=1[C@H](C)[NH+]=C2C=CC(C#N)=CC=12)C[C@H]1[NH+](C(C)C)CCNC1=O,,C65384759,55.175045,1,0,0,0,1,0,0,0,0,0
O[C@@H](CN1C(=[NH2+])N(CC[NH+]2CCOCC2)c2ccccc12)c1occc1,,C00845918,52.186569,1,0,0,0,1,0,0,0,1,0
O=C(CCn1ccc2cc[nH+]cc12)N1CCN(C(=O)[C@@H]([NH3+])CC(C)C)CC1,,C19446764,42.636311,1,0,0,0,0,0,0,0,0,0
Oc1ccc2[C@H](c3ccccc3)C=3C(=[NH2+])N(CCCn4c[nH+]cc4)C=NC=3Oc2c1,,C35833064,77.156799,1,0,0,0,0,0,0,0,1,0
O(C)c1ccc(N2C(N)=C([C@@H]3[NH+]=C4C=C(C)C=CC4=[NH+]3)C(=O)C2)cc1,,C38819053,99.036598,1,0,0,0,0,0,0,0,0,0
[NH2+](C)CC1=NNN(C2CC[NH+](Cc3sc([C@H]4N=NC=C4)cc3)CC2)C1,,C39358293,57.477245,1,0,0,0,1,1,0,0,1,0
FC(F)(F)c1c(F)ccc(C(=O)N2C[C@@H](C(=O)NCC[NH+](CC)CC)C3(C2)CC[NH2+]CC3)c1,,C39626759,99.684822,1,0,0,0,0,1,0,0,0,0
O=C(C)N1C[C@@H](C(=O)NCCCn2c[nH+]cc2)C2(C1)CC[NH2+]CC2,,C39629881,79.094208,1,0,0,0,1,0,0,0,0,0
FC(F)(F)c1c(C(=O)N2C[C@@H](C(=O)NCC[NH+](C(C)C)C(C)C)C3(C2)CC[NH2+]CC3)cccc1,,C39634703,99.8134,1,0,0,0,1,1,0,0,1,0
Clc1c(F)c(C(=O)N2C[C@H](C(=O)NCC[NH+](C(C)C)C(C)C)C3(C2)CC[NH2+]CC3)c(F)cc1,,C39634912,99.811348,1,0,0,0,1,1,0,0,0,0
O=C(N[C@@H]1C[NH+]2CCC1CC2)[C@H]1C2(CN(C(=O)C3(C)CCCCC3)C1)CC[NH2+]CC2,,C39663094,99.3442,1,0,0,0,1,1,0,0,0,0
Clc1c(C(=O)N2C[C@@H](C(=O)N[C@H]3C[NH+]4CCC3CC4)C3(C2)CC[NH2+]CC3)c(F)c(C)cc1,,C39663128,99.340553,1,0,0,0,1,1,0,0,0,0
O=C(N[C@@H]1C[NH+]2CCC1CC2)[C@@H]1C2(CN(C(=O)[C@@H]3CCC=CC3)C1)CC[NH2+]CC2,,C39663274,99.343925,1,0,0,0,1,1,0,0,0,0
Fc1ccc(-c2oc(C(=O)N3C[C@@H](C(=O)N[C@@H]4C[NH+]5CCC4CC5)C4(C3)CC[NH2+]CC4)cc2)cc1,,C39663294,99.339958,1,0,0,0,1,1,0,0,0,0
O=C(NCc1[nH+]c2n(c1)C=CC(C)=C2)[C@@H]1C2(CN(C(=O)[C@H]3CCC=CC3)C1)CC[NH2+]CC2,,C39670236,99.81041,1,0,0,0,1,1,0,0,1,0
O=C(NCc1[nH+]c2n(c1)C=C(C)C=C2)[C@H]1C2(CN(C(=O)[C@@H]3CCC=CC3)C1)CC[NH2+]CC2,,C39670572,99.809441,1,0,0,0,1,1,0,0,1,0
O=C(NCCC=1[C@@H](C)[NH+]=C2C=CC(C#N)=CC=12)[C@@H]1C2(CN(C(=O)c3ccc(C)cc3)C1)CC[NH2+]CC2,,C39674592,84.827469,1,0,0,0,1,0,0,0,0,0
O=C(NCCC=1[C@@H](C)[NH+]=C2C=CC(C#N)=CC=12)[C@@H]1C2(CN(C(=O)[C@@H]3CCC=CC3)C1)CC[NH2+]CC2,,C39674826,84.826935,1,0,0,0,1,0,0,0,0,0
O=C(N[C@H]1C[NH+]2CCC1CC2)[C@H]1C2(CN(C(=O)[C@H]3CCC=CC3)C1)CC[NH2+]CC2,,C39681959,99.343925,1,0,0,0,1,1,0,0,0,0
Clc1ccc(C(=O)N2C[C@@H](C(=O)NC3CCN(c4[nH+]cccc4)CC3)C3(C2)CC[NH2+]CC3)cc1,,C39687386,83.36805,1,0,0,0,1,0,0,0,0,0
Clc1c(Cl)ccc(C(=O)N2C[C@@H](C(=O)NCc3n(C)cc[nH+]3)C3(C2)CC[NH2+]CC3)c1,,C39688816,73.485481,1,0,0,0,1,0,0,0,0,0
O=C(C[C@@H](C)CC)N1C[C@@H](C(=O)NCc2n(C)cc[nH+]2)C2(C1)CC[NH2+]CC2,,C39689031,73.483757,1,0,0,0,1,0,0,0,0,0
Clc1c(OC)c(C(=O)N2C[C@@H](C(=O)NC[C@@H]3C[NH+](C)CC3)C3(C2)CC[NH2+]CC3)cs1,,C39689764,99.674164,1,0,0,0,1,1,0,0,1,0
Clc1ccc(CN2C(N)=C(C3[NH+]=C4C=CC=CC4=[NH+]3)C(=O)C2)cc1,,C39783758,98.94416,1,0,0,0,0,0,0,0,0,0
Clc1ccc(/C(=[NH+]\CCO)/N2CCN(/C(=[NH+]/CCO)/c3ccc(Cl)cc3)CC2)cc1,,C39939847,95.658096,1,0,0,0,0,1,0,0,0,0
O=S1(=O)C[C@H]([NH2+]CCCCCC[NH2+][C@@H]2CS(=O)(=O)CC2)CC1,,C40177464,45.270447,1,0,0,0,1,0,0,0,1,0
O=C(N1CCC(n2nnc(C([NH3+])(C)C)c2)CC1)[C@]1(C)C[NH+](CC)CCC1,,C48080928,99.087631,1,0,0,0,1,0,0,0,0,0
S(=O)(=O)(N)C=1C=CC2=[NH+][C@H](C(=O)N[n+]3c(C)cc(C)cc3C)C(c3cc(C)ccc3)=C2C=1,,C52426202,94.30304,1,0,0,0,1,0,0,0,0,0
Fc1c(OCC)ccc(NC(=O)NCc2cc(N3CC[NH+](C)CC3)[nH+]cc2)c1,,C56702388,87.892578,1,0,0,0,1,0,0,0,0,0
O=C(NC1CC[NH+](C)CC1)Nc1c(C)cc(N2CC[NH+](C)CC2)cc1,,C43491177,98.676857,1,0,0,0,1,0,0,0,0,0
Brc1cc([C@H]([C@H]([NH3+])C)N2CCn3cc[nH+]c3C2)ccc1,,C62246240,60.363575,1,0,0,0,0,0,0,0,0,0
Brc1c(Br)cc([C@H](C[NH3+])N2CCn3cc[nH+]c3C2)o1,,C62248772,60.953857,1,0,0,0,0,0,0,0,0,0
Brc1ccc([C@H]([C@H]([NH3+])C)N2CCC[NH+]3CCC[C@@H]3C2)cc1,,C62939992,85.649712,1,0,0,0,1,1,0,0,0,0
O=C(NCCC1[NH+]=C2C=CC=CC2=[NH+]1)[C@H]1ON=C(c2sccc2)N1,,C63119351,97.236023,1,0,0,0,0,0,0,0,0,0
OC=1[C@H](C([C@@H]2C(=O)[NH+]=C3C=CC=CC3=C2O)c2cnccc2)C(=O)[NH+]=C2C=CC=CC=12,,C18223066,99.537773,1,0,0,0,1,0,0,0,0,0
Clc1c(OC)ccc(N2C(N)=C([C@@H]3[NH+]=C4C=C(C)C=CC4=[NH+]3)C(=O)C2)c1,,C63515063,99.040352,1,0,0,0,0,0,0,0,0,0
FC(F)(F)c1ccc(C=2N[C@@H](C(=O)NCC3[NH+]=C4C=CC=CC4=[NH+]3)ON=2)cc1,,C63526365,97.875191,1,0,0,0,0,0,0,0,0,0
FC(F)(F)c1ccc(C=2N[C@H](C(=O)NCC3[NH+]=C4C=CC=CC4=[NH+]3)ON=2)cc1,,C63526366,97.875191,1,0,0,0,0,0,0,0,0,0
O=C(Nc1ccc(N2C(=O)[C@@H]([NH2+]CCC=3C[NH+]=C4C=CC(C)=CC=34)CC2=O)cc1)C,,C63633148,80.578262,1,0,0,0,1,0,0,0,0,0
S(=O)(=O)(NCCC(=O)NC1[NH+]=C2C=CC=CC2=[NH+]1)c1ccc(F)cc1,,C63733018,96.669167,1,0,0,0,0,0,0,0,0,0
O=C([C@@H]([NH3+])CC=1C[NH+]=C2C=CC=CC=12)N1C[C@@H]2CN3C(=O)C=CC=C3[C@H](C1)C2,,C63805707,64.570618,1,0,0,0,0,0,0,0,0,0
Fc1ccc(CN2C(N)=C([C@@H]3[NH+]=C4C=C(C)C=CC4=[NH+]3)C(=O)C2)cc1,,C63904391,98.91172,1,0,0,0,0,0,0,0,0,0
O(CC(=O)N1[C@@H](c2sc(C(=O)N)cc2)CCC1)CC1[NH+]=C2C=CC=CC2=[NH+]1,,C64015018,99.393379,1,0,0,0,0,0,0,0,0,0
O=C(NC1[NH+]=C2C=CC=CC2=[NH+]1)[C@H](NC(=O)c1ccc(OC)cc1)C,,C64392376,99.883568,1,0,0,0,1,0,0,0,0,0
O=C(N[C@H](C)C(=O)NC1[NH+]=C2C=CC=CC2=[NH+]1)Cc1cc(OC)ccc1,,C65305718,99.88369,1,0,0,0,0,0,0,0,0,0
O(C)CC(=O)N1C[C@]2(C(=O)NC(C)(C)C[NH+]3CCCC3)C[NH2+]C[C@@H]2C1,,C65381045,89.870216,1,0,0,0,1,1,0,0,1,0
O=C(C[NH+]1CCC(C(=O)N)CC1)N1C[C@@]2(C)C[NH+](C)C[C@@](C)(C1)C2,,C65382605,62.297302,1,0,0,0,1,1,0,0,1,0
O=C(N1C[C@H](CC[NH3+])OCC1)c1ccc(C[NH+](CCC)CCC)cc1,,C65418759,99.056824,1,0,0,0,1,1,0,0,1,0
O=C(NC[C@@H]1[NH+]=C2C=CC=CC2=C1)c1nnn(C[C@H]2C[NH2+]CCC2)c1,,C65426276,88.267929,1,0,0,0,1,0,0,0,0,0
Clc1ccc(OC2(C(=O)N3CCc4[nH]c[nH+]c4C3)CC[NH2+]CC2)cc1,,C65532334,53.67522,1,0,0,0,1,0,0,0,0,0
S(=O)(=O)(CC)N1CCC([NH2+]C[C@H]2CNc3n([nH+]c(C)c3)C2)CC1,,C65621273,90.217209,1,0,0,0,1,0,0,0,0,0
[NH3+]C[C@H]([NH+]1C[C@H](C)C[C@@H](C)C1)c1oc([C@H]2[C@@H](C)C2)cc1,,C20081968,54.85788,1,0,0,0,1,0,0,0,1,0
FC(F)Oc1ccc([C@H](C[NH3+])[NH+]2CCC(C)CC2)cc1,,C22170282,58.380623,1,0,0,0,1,0,0,0,0,0
[NH3+][C@H](CCCC)c1c(C(C)(C)C)[nH+]c2n1C=C(C)C=C2,,C31912931,73.140984,1,0,0,0,1,1,0,0,1,0
[NH3+][C@@H](CCCC)c1c(C(C)(C)C)[nH+]c2n1C=C(C)C=C2,,C31912933,73.140984,1,0,0,0,1,1,0,0,1,0
O(C)c1c([C@@H](C[NH3+])[NH+]2C[C@]3(C)CC(C)(C)C[C@H]2C3)cccc1,,C32074078,52.666542,1,0,0,0,0,0,0,0,1,0
[NH3+]C[C@@H]1[C@H](N2CCC([NH+](C)C)CC2)C[C@@H](CCC)CC1,,C36191260,98.239143,1,0,0,0,1,1,1,1,1,0
[NH3+]C[C@@](C)(CCC(C)C)N1CCC([NH+](C)C)CC1,,C36191633,76.869003,1,0,0,0,1,1,1,1,1,0
O[C@@H](C[NH2+][C@H]1[C@H](C)C[NH+](C)[C@H](C)C1)c1ccccc1,,C36908615,96.675362,1,0,0,0,1,0,0,0,1,0
[NH3+]C[C@H]([NH+](C)[C@H](C)C(C)C)c1ccc2OCCc2c1,,C37363870,59.90741,1,0,0,0,1,0,0,0,0,0
O[C@@H]1[C@H]([NH2+]C[C@@]2([NH+](C)C)C[C@H](C)CCC2)CCCC1,,C40669396,89.56649,1,0,0,0,1,0,0,0,1,0
[NH3+][C@@H](CC(C)C)CN1CCC([NH+]2CCCCC2)CC1,,C40694442,71.042503,1,0,0,0,1,1,0,0,1,0
O(CC[NH+]1[C@H]2CC([NH3+])C[C@@H]1CC2)c1ccc(C)cc1,,C40750135,96.822594,1,0,0,0,1,0,0,0,0,0
O(CC[NH+](C)C)c1ccc2cc(C#CC[NH3+])ccc2c1,,C42477898,57.051014,1,0,0,0,1,0,0,0,0,0
O(C)c1cc([C@@H]([NH+](C)C2CCCC2)[C@@H]([NH3+])C)ccc1,,C43026244,81.657112,1,0,0,0,1,0,0,0,0,0
[NH3+][C@@H](CC)[C@H](n1c(C(C)C)[nH+]cc1)c1cscc1,,C43124190,55.242386,1,0,0,0,0,0,0,0,0,0
Clc1sc([C@@H]([C@@H]([NH3+])CC)n2c(C)[nH+]cc2)cc1,,C43254346,56.512615,1,0,0,0,0,0,0,0,0,0
[NH3+][C@@H](C)[C@H](C(C)(C)C)N1CCC(C[NH+](C)C)CC1,,C43293995,89.636124,1,0,0,0,0,1,1,0,1,0
[NH3+]C[C@]1(N2CC[NH+](CC3CC3)CC2)C[C@@H](C)CCC1,,C48992078,85.050247,1,0,0,0,1,1,0,0,1,0
[NH3+][C@H]1[C@H](N2CC[NH+](CC3CC3)CC2)C[C@H](CC)CC1,,C48993035,93.428795,1,0,0,0,1,1,0,0,1,0
[NH3+]Cc1c(N(C)[C@@H](C)c2sccc2)[nH+]c(C)cc1C,,C49725707,60.268269,1,0,0,0,0,0,0,0,0,0
OC[C@@H]1C[NH+](CC(C)(C)C[NH2+]C(C)(C)C)CCC1,,C51206206,99.841156,1,0,0,0,1,1,0,0,1,0
[NH3+]C[C@H](N1CC[NH+](C2CCCC2)CC1)C1CCCC1,,C52060710,94.790092,1,0,0,0,0,1,0,0,1,0
[NH3+]C[C@H]([NH+]1CCC(C(C)(C)C)CC1)C1CCOCC1,,C52178047,70.784737,1,0,0,0,0,0,0,0,1,0
Clc1ccc(C[NH+](C)Cc2oc(C[NH3+])cc2)cc1,,C52346338,60.260445,1,0,0,0,1,1,0,0,0,0
Brc1ccc(C[NH+](C)Cc2oc(C)c(C[NH3+])c2)cc1,,C52371772,86.476768,1,0,0,0,1,1,0,0,1,0
Fc1c([C@H]([NH2+]CCC)Cc2[nH+]cc[nH]2)cc(C)cc1,,C52982512,84.008293,1,0,0,0,1,0,0,0,1,0
OC[C@@H]1[NH+](C[C@H]2[C@@H]([NH2+]C)CC[C@@H](C(C)(C)C)C2)CCC1,,C53876062,99.48381,1,0,0,0,1,0,0,0,1,0
O[C@@H]1C[NH+](C[C@@H]2[C@H]([NH2+]CCC)CC[C@H](C)C2)CCC1,,C53877456,99.307228,1,0,0,0,1,0,0,0,1,0
[NH3+][C@@H]1[C@H](CN2CC[NH+](C3CC3)CC2)C[C@@H](CCC)CC1,,C53880544,66.549141,1,0,0,0,1,1,0,0,1,0
OC1CC[NH+](C[C@@H]2[C@H]([NH2+]CC)CC[C@@H](C(C)C)C2)CC1,,C54559439,99.61599,1,0,0,0,1,0,0,0,1,0
[NH3+][C@@H]1[C@H](CN2CC[NH+](CC)CC2)C[C@@H](C(C)C)CC1,,C54559455,65.092468,1,0,0,0,1,1,0,0,1,0
O[C@H](C)C[NH+](C)C[C@H]1[C@H]([NH2+]C)CC[C@H](C(C)C)C1,,C54560650,98.984238,1,0,0,0,1,1,0,0,1,0
[NH3+]C[C@@](C)(CC(C)C)N1CC[NH+](CC(C)C)CC1,,C55078523,88.390533,1,0,0,0,1,1,0,0,1,0
[NH3+][C@@H](CC)[C@H](C(C)(C)C)N1CCC([NH+](C)C)CC1,,C43292793,84.737564,1,0,0,0,1,1,0,0,1,0
O(C)c1ccc([C@H]([C@H]([NH3+])C)[NH+]2CCC(C)(C)CC2)cc1,,C61818302,82.689934,1,0,0,0,1,0,0,0,0,0
O(CC)c1ccc([C@@H](C[NH3+])[NH+]2CCC(C)(C)CC2)cc1,,C61819138,59.469143,1,0,0,0,1,0,0,0,0,0
[NH3+]C[C@H](CC(C)(C)C)N1CC[NH+](C2CCCC2)CC1,,C61840074,94.922073,1,0,0,0,0,1,0,0,1,0
[NH3+][C@H](CC)[C@H]([NH+]1CCC(C)(CC)CC1)c1occc1,,C62951403,53.395691,1,0,0,0,1,0,0,0,1,0
[NH3+][C@@H](CC)[C@@H]([NH+]1CCC(C)(CC)CC1)c1oc(C)cc1,,C62951534,54.258308,1,0,0,0,1,0,0,0,1,0
[NH3+][C@@H]1[C@H](CN2C[C@@H]([NH+](C)C)CC2)C[C@H](CCC)CC1,,C62970105,72.840073,1,0,0,0,1,1,0,0,1,0
[NH3+][C@H]1[C@H](CN2C[C@@H]([NH+](C)C)CC2)C[C@@H](C(C)(C)C)CC1,,C62970120,72.755714,1,0,0,0,1,1,0,1,1,0
[NH3+][C@H](C)[C@H](N1C[C@@H]([NH+]2CCCCC2)CC1)c1c(C)ccs1,,C62977728,91.588112,1,0,0,0,1,1,0,0,1,0
[NH3+][C@@H](C)[C@@H](C(C)(C)C)N1C[C@@H]([NH+]2CCCCC2)CC1,,C62977775,66.609825,1,0,0,0,1,1,0,0,1,0
[NH3+]C[C@@H]1[C@H](N2C[C@H]([NH+](CC)CC)CC2)CCCCC1,,C62978021,88.082275,1,0,0,0,1,1,1,1,1,0
[NH3+]C[C@@H]1[C@H](N2C[C@@H]([NH+](CC)CC)CC2)CCCCC1,,C62978022,88.082275,1,0,0,0,1,1,1,1,1,0
[NH3+]C[C@]1(N2C[C@H]([NH+](CC)CC)CC2)[C@@H](C)CCCC1,,C62978331,48.478092,1,0,0,0,1,1,0,0,1,0
[NH3+][C@H]1[C@H](N2C[C@@H]([NH+](CC)CC)CC2)C[C@@H](CC)CC1,,C62978875,71.791931,1,0,0,0,1,1,0,0,1,0
O(C)c1ccc([C@@H]([C@H]([NH3+])CC)[NH+]2C(C)(C)CCC2)cc1,,C63065876,84.799225,1,0,0,0,0,0,0,0,0,0
[NH3+]C[C@@H]([NH+]1C(C)(C)CCC1)c1oc([C@@H]2[C@H](C)C2)cc1,,C63066305,61.060253,1,0,0,0,1,0,0,0,1,0
O[C@H](C[NH2+]C1CCCCCC1)C[NH+]1CCC(C)CC1,,C66475333,98.883652,1,0,0,0,1,0,0,0,0,0
FC(F)(F)C(=O)Nc1ccc(C(=O)NCC(C)C)cc1,,C04843246,100,1,0,0,0,1,0,0,0,0,0
S(CC(=O)NC(=O)NCC=C)c1cc(C)c(C)cc1,,C03518590,100,1,0,0,0,0,0,0,0,0,0
Clc1ccc(SCC(=O)NC(=O)NCCC)cc1,,C05105846,100,1,0,0,0,0,0,0,0,0,0
O=C(Nc1ccc(NC(=O)/C=C/C=C/C)cc1)C(C)C,,C15561119,100,1,0,0,0,1,0,0,0,0,0
Fc1c(F)ccc(N[C@@H](C)C(=O)NCc2occc2)c1,,C20359631,99.998222,1,0,0,0,0,0,0,0,0,0
O=C(Nc1cc(C#N)ccc1)CNc1c(C)cccc1CC,,C25735474,99.997864,1,0,0,0,1,0,0,0,0,0
S(=O)(=O)(NC)c1ccc(N[C@@H](C)c2ccccc2)cc1,,C35348830,96.107071,1,0,0,0,1,0,0,0,0,0
O[C@H](C)c1c(OCC(=O)Nc2ccccc2)ccc(C)c1,,C35630388,100,1,0,0,0,1,0,0,0,0,0
Clc1c(C)ccc(O[C@H](C)C(=O)NNC(C)C)c1,,C35653718,99.999596,1,0,0,0,0,0,0,0,0,0
S(=O)(=O)(N(C)[C@@H](C)CCC)c1cc(N)c(F)cc1,,C36789913,100,1,0,0,0,0,0,0,0,0,0
O=C(NC(C)C)c1cc(NCc2oc(C)cc2)ccc1,,C36995845,99.998802,1,0,0,0,1,0,0,0,0,0
S(=O)(=O)(N(CC)CCC)c1c(C)c(C)cc(N)c1,,C37094340,100,1,0,0,0,0,0,0,0,0,0
S(=O)(=O)(N(CCC)C(C)C)c1cc(N)c(C)c(C)c1,,C37095489,100,1,0,0,0,0,0,0,0,0,0
S(=O)(=O)(N(C)CC(C)C)c1c(CC)ccc(N)c1,,C37098897,100,1,0,0,0,0,0,0,0,0,0
Clc1c(N)cc(S(=O)(=O)N(C)C[C@H](C)CC)cc1,,C37172518,100,1,0,0,0,0,0,0,0,0,0
S(Cc1onc(CC(C)C)n1)c1c(C)cc(N)cc1,,C37193513,99.992813,1,0,0,0,0,0,0,0,0,0
S(=O)(=O)(Nc1ccc(NC[C@@H]2C[C@H]3C[C@@H]2C=C3)cc1)C,,C37304216,99.523811,1,0,0,0,1,0,0,0,0,0
S(=O)(=O)(Nc1c(C)cc(C#CCO)cc1)CCCC,,C37552511,97.043045,1,0,0,0,0,0,0,0,0,0
O[C@@H](CN[C@@H](C)c1sccc1)c1ccc2OCOc2c1,,C37890319,98.028893,1,0,0,0,1,0,0,0,0,0
Fc1cc(O[C@@H](C)C(=O)Nc2cc(CO)ccc2)ccc1,,C38003658,100,1,0,0,0,1,0,0,0,0,0
S(=O)(=O)(N[C@H](C)CC(C)C)c1ccc2NCCc2c1,,C37265516,97.262894,1,0,0,0,1,0,0,0,0,0
Clc1c(N)cc(S(=O)(=O)N(CC)CC(C)=C)cc1,,C40316412,100,1,0,0,0,0,0,0,0,0,0
O(C)c1c([C@H](N)c2scc(C(C)C)n2)cc(OC)cc1,,C41182970,54.285263,1,0,0,0,0,0,0,0,0,0
O=C(N)COc1ccc(C(=O)c2cc(C)c(C)cc2)cc1,,C41440643,100,1,0,0,0,0,0,0,0,0,0
O[C@@H]1CC(C)(C)Cc2n(CCC(=O)N[C@H](C)CC)ccc12,,C41710012,100,1,0,0,0,1,0,0,0,0,0
O=C([O-])[C@]([NH2+][C@@H](C)c1oc(C)cc1)(C)c1ccccc1,,C41812958,95.776649,1,0,0,0,0,0,0,0,0,0
FC(F)(F)Oc1ccc([C@H](NC(=O)NCC#C)C)cc1,,C46906616,100,1,0,0,0,0,0,0,0,0,0
Fc1ccc(N(CC)C(=O)COc2c(N)cccc2)cc1,,C48410977,100,1,0,0,0,0,0,0,0,0,0
Clc1c([C@H](NC(=O)NCCOC)C)ccc(Cl)c1,,C48727722,100,1,0,0,0,0,0,0,0,0,0
O=C(N[C@@H](C)Cc1cscc1)N[C@@H](C)c1oc(C)cc1,,C48858677,100,1,0,0,0,0,0,0,0,0,0
OCC#Cc1c(OC)ccc(C(=O)N[C@H](C)[C@@H](C)CC)c1,,C49105477,100,1,0,0,0,0,0,0,0,0,0
O=C(N[C@@H](CC)C(C)C)N[C@@H](C)c1c(C)nc(C)s1,,C49247623,100,1,0,0,0,0,0,0,0,0,0
O=C(N[C@@H](CC)C(C)C)C(=O)Nc1cc(C)cc(C)c1,,C49274574,100,1,0,0,0,1,0,0,0,0,0
O=C(N[C@@H](C)CC)[C@H](NC(=O)c1sc(C)c(C)c1)C,,C49430295,100,1,0,0,0,1,0,0,0,0,0
ClCC(=O)NC(=O)N[C@H](CCC)c1sccc1,,C49549046,100,1,0,0,0,1,0,0,0,0,0
OCC#Cc1cc(NC(=O)CCC(C)C)c(OC)cc1,,C49589018,100,1,0,0,0,1,0,0,0,0,0
Clc1c(C)n(CCCOc2ccc(N)cc2)nc1C,,C50585859,99.922333,1,0,0,0,0,0,0,0,0,0
Clc1cc(O[C@@H](C)C(=O)N(CC)CC)c(N)cc1,,C51609263,100,1,0,0,0,0,0,0,0,0,0
Clc1cc(C(=O)NCc2oc(C)cc2)c(NCC)cc1,,C53043773,99.998093,1,0,0,0,0,0,0,0,0,0
S=C(Nc1cc(C)cc(C)c1)Nc1cnc(OC)cc1,,C16238098,99.947372,1,0,0,0,0,0,0,0,0,0
S=C(Nc1c(C)c(C)ccc1)Nc1cnc(OC)cc1,,C07529795,99.947365,1,0,0,0,1,0,0,0,0,0
O(CCc1scc(-c2occc2)n1)c1c(N)cccc1,,C58009022,100,1,0,0,0,0,0,0,0,0,0
S(=O)(=O)(N(CC(C)C)C(C)C)c1c(N)cc(C)cc1,,C42270188,100,1,0,0,0,0,0,0,0,0,0
S(=O)(=O)(N(CC(C)C)C(C)C)c1c(C)cc(N)cc1,,C40319106,100,1,0,0,0,0,0,0,0,0,0
O=C(N[C@@H](C(C)C)c1ccc(OC)cc1)c1[nH]ccc1,,C61211091,100,1,0,0,0,1,0,0,0,0,0
S(=O)(=O)(NC(C)C)Nc1ccc(C(F)(F)F)cc1,,C62139613,91.165062,1,0,0,0,1,0,0,0,0,0
Fc1c(NCC)c(F)cc(C(=O)N[C@@H](C)c2occc2)c1,,C63005364,99.983284,1,0,0,0,1,0,0,0,0,0
Fc1c(C)cc(C(=O)N[C@@H](CC(C)C)C(=O)NC)cc1,,C63060605,100,1,0,0,0,1,0,0,0,0,0
Clc1c(NC(=O)N(CCO)CCC)ccc(C)c1,,C65547593,100,1,0,0,0,1,0,0,0,0,0
Fc1c(NC(=O)C)cc(NC(=O)[C@H](C)CCC)c(F)c1,,C66285149,100,1,0,0,0,1,0,0,0,0,0
Ic1ccc2c(N[C@@H](C)CCC[NH+](CC)CC)cc[nH+]c2c1,,C01700322,81.450806,1,1,0,0,1,1,1,1,1,0
O=C(NC[C@H]1[NH+](CC)CCC1)CCC1CC[NH+](C23CC4CC(C2)CC(C3)C4)CC1,,C12112286,99.867622,1,0,0,0,1,1,0,0,1,0
O(CC)C(=O)C1=C(C)N(N2CC[NH+](C)CC2)/C(=[NH+]/c2ccc(OC)cc2)/S1,,C27525528,79.834656,1,0,0,0,0,0,0,0,0,0
Fc1ccc(C2=NN(C(=O)C[NH+](C)C3CC[NH+](C)CC3)[C@@H](c3c(OC)cc(OC)cc3)C2)cc1,,C35786574,86.605766,1,0,0,0,0,0,0,0,0,0
S(=O)(=O)(Oc1ccc(C2CCCCC2)cc1)C=1C=CC2=[NH+]C(=O)C(=O)[NH+]=C2C=1,,C25147040,100,1,0,0,0,0,0,0,0,0,0
Brc1c(O)c(OCC)cc(/C=C(\C#N)/[C@H]2[NH+]=C3C=C(C)C=CC3=[NH+]2)c1,,C39351030,73.183594,1,0,0,0,0,0,0,0,0,0
O=C(/C(=C/c1c(C)n(c(C)c1)-c1ccccc1)/C1[NH+]=C2C=CC=CC2=[NH+]1)c1ccccc1,,C39703092,99.397522,1,0,0,0,0,0,0,0,0,0
Clc1ccc(C(=O)Oc2c(OC)cc(/C=N/C=3C=CC4=[NH+]C(=O)[NH+]=C4C=3)cc2)cc1,,C39707424,99.840317,1,0,0,0,0,0,0,0,0,0
N#C/C(=C\[C@@H]1CN(Cc2c(C#N)cccc2)c2ccccc12)/[C@@H]1[NH+]=C2C=C(C)C=CC2=[NH+]1,,C39934816,99.761261,1,0,0,0,0,0,0,0,0,0
O(C)C(=O)c1cc(N2[C@@H](C)C(/C=C(\C#N)/[C@H]3[NH+]=C4C=C(OC)C=CC4=[NH+]3)=C[C@@H]2C)ccc1,,C39934956,94.360222,1,0,0,0,0,0,0,0,0,0
O(C)C=1C=CC2=[NH+][C@@H](/C(=C/c3c(C)n([C@H]4C(C#N)=C5CCCC[C@H]5S4)c(C)c3)/C#N)[NH+]=C2C=1,,C39934968,93.028549,1,0,0,0,0,0,0,0,0,0
O(CC)C(=O)c1ccc(-n2c(C)c(/C=C(/C#N)\C3[NH+]=C4C=CC=CC4=[NH+]3)cc2C)cc1,,C39943294,99.719147,1,0,0,0,0,0,0,0,0,0
O=[N+]([O-])c1cc(N2[C@@H](C)C(/C=C(/C#N)\C3[NH+]=C4C=CC=CC4=[NH+]3)=C[C@@H]2C)ccc1,,C39943301,99.772667,1,0,0,0,0,0,0,0,0,0
Brc1c(OC(=O)C)c(OCC)cc(/C=C(\C#N)/[C@H]2[NH+]=C3C=C(C)C=CC3=[NH+]2)c1,,C39964565,99.763535,1,0,0,0,0,0,0,0,0,0
O(C)c1c(/C=C(/C#N)\[C@H]2[NH+]=C3C=C(C)C=CC3=[NH+]2)cc(OC)c(N2CCCC2)c1,,C39964875,99.741028,1,0,0,0,0,0,0,0,0,0
Ic1c(OC)c(OCC)cc(/C=C(/C#N)\[C@@H]2[NH+]=C3C=C(OC)C=CC3=[NH+]2)c1,,C39969117,94.221733,1,0,0,0,0,0,0,0,0,0
O(CC)C(=O)c1c(N2[C@@H](C)C(/C=C(/C#N)\C3[NH+]=C4C=CC=CC4=[NH+]3)=C[C@@H]2C)cccc1,,C39973233,99.773132,1,0,0,0,0,0,0,0,0,0
Brc1c(Br)cc(C[NH2+][C@@H](C[NH+](C)C)CC(C)C)o1,,C50360702,73.252785,1,0,0,0,0,0,0,0,1,0
BrC1=CC=CC2=[NH+]CC(C=3CC[NH+](C[C@H]4[C@H](C(=O)c5ccc(OC)cc5)C4)CC=3)=C12,,C52565469,59.524124,1,0,0,0,1,1,0,0,1,0
S(=O)(=O)(N1[C@@H](c2ccc(OC)cc2)CCCCC1)C=1C=CC2=[NH+]C(=O)[NH+]=C2C=1,,C39773984,99.999237,1,0,0,0,0,0,0,0,0,0
Clc1c(NC(=O)C[NH+]2CCC(C=3C[NH+]=C4C=CC=CC=34)CC2)cc(Cl)cc1,,C63098907,49.257217,1,0,0,0,1,0,0,0,1,0
Clc1cc(F)c(NC(=O)[C@@H](C)[NH+]2CCC(C=3C[NH+]=C4C=CC=CC=34)CC2)cc1,,C63098944,71.201172,1,0,0,0,1,0,0,0,0,0
O([C@@H]1[C@@H](/C=C(\C#N)/C2[NH+]=C3C=CC=CC3=[NH+]2)C(=O)N2C=CC=CC2=N1)c1ccc(C)cc1,,C39747215,96.949409,1,0,0,0,0,0,0,0,0,0
Clc1ccc(O[C@H]2[C@@H](/C=C(\C#N)/C3[NH+]=C4C=CC=CC4=[NH+]3)C(=O)N3C=CC=CC3=N2)cc1,,C39747221,96.921608,1,0,0,0,0,0,0,0,0,0
Clc1c(C)cc(O[C@@H]2[C@@H](/C=C(\C#N)/C3[NH+]=C4C=CC=CC4=[NH+]3)C(=O)N3C=CC=CC3=N2)cc1,,C39747247,96.923981,1,0,0,0,0,0,0,0,1,0
O([C@@H]1[C@@H](/C=C(\C#N)/C2[NH+]=C3C=CC=CC3=[NH+]2)C(=O)N2C=CC=CC2=N1)c1cc(C)cc(C)c1,,C39747255,96.949425,1,0,0,0,0,0,0,0,1,0
S(Cc1onc(-c2c(OC)ccc(OC)c2)n1)[C@H]1[NH+]=C2C=C(C)C=CC2=[NH+]1,,C63217227,99.441559,1,0,0,0,0,0,0,0,0,0
ClC=1C=CC2=[NH+][C@H](SCC(=O)N(COCC)c3c(C)cccc3CC)[NH+]=C2C=1,,C63234462,99.30616,1,0,0,0,0,0,0,0,0,0
Clc1c(Cl)ccc(NC(=O)CS[C@H]2[NH+]=C3C=C(OC)C=CC3=[NH+]2)c1,,C63258784,87.158234,1,0,0,0,0,0,0,0,0,0
O=C(COc1ccc2C(=O)CC3(Oc2c1)CCCCC3)N1CCC(C2[NH+]=C3C=CC=CC3=[NH+]2)CC1,,C63279861,98.490952,1,0,0,0,0,0,0,0,0,0
S(CC1[NH+]=C2C=CC=CC2=[NH+]1)[C@H]1N(c2ccc(OC)cc2)C(=O)C=2C(S[C@@H]3CCCCC=23)=N1,,C63297488,98.736565,1,0,0,0,0,0,0,0,0,0
O(C)CCN1C2([C@@H](C(=O)N=C3[NH+]=C4C=CC=CC4=[NH+]3)c3ccccc3C1=O)CCCCC2,,C20744388,99.641632,1,0,0,0,0,0,0,0,0,0
O=C(N=C1[NH+]=C2C=CC=CC2=[NH+]1)COc1ccc2C(c3ccccc3)=CC(=O)Oc2c1,,C06664489,99.778923,1,0,0,0,0,0,0,0,0,0
Clc1c(CN2C[C@H](C[NH2+]CCC=3C[NH+]=C4C=CC=CC=34)c3ccccc23)cccc1,,C63393447,86.094208,1,0,0,0,0,0,0,0,1,0
O=C(Nc1c(C)ccc(C2[NH+]=C3C=CC=CC3=[NH+]2)c1)COc1cc(C)cc(C)c1,,C63393615,99.19796,1,0,0,0,0,0,0,0,0,0
O=C(Nc1c(C)ccc(C2[NH+]=C3C=CC=CC3=[NH+]2)c1)c1cc(OCCC)ccc1,,C63406144,99.193375,1,0,0,0,0,0,0,0,0,0
Clc1c(C)cc(OCC(=O)Nc2ccc(C3[NH+]=C4C=CC=CC4=[NH+]3)cc2)cc1C,,C63409591,99.091949,1,0,0,0,0,0,0,0,0,0
FC(F)(F)OC=1C=CC2=[NH+][C@H](C)C(CC[NH2+]Cc3cc(F)c(F)c(F)c3)=C2C=1,,C63514343,82.41478,1,0,0,0,0,0,0,0,1,0
S(CC(=O)N([C@H](C)COC)c1c(C)cccc1CC)[C@H]1[NH+]=C2C=C(C)C=CC2=[NH+]1,,C63576328,99.416832,1,0,0,0,0,0,0,0,0,0
S(CC(=O)N(COCC)c1c(C)cccc1CC)[C@@H]1[NH+]=C2C=C(C)C=CC2=[NH+]1,,C63576336,99.422585,1,0,0,0,0,0,0,0,0,0
Clc1c(Cl)ccc(NC(=O)CS[C@@H]2[NH+]=C3C=C(OCC)C=CC3=[NH+]2)c1,,C63625906,87.031204,1,0,0,0,0,0,0,0,0,0
S(CC1[NH+]=C2C=CC=CC2=[NH+]1)[C@@H]1N(Cc2ccc(C)cc2)C(=O)c2sccc2N1,,C63709740,56.919895,1,0,0,0,0,0,0,0,0,0
S(CC(=O)NC(c1ccccc1)c1ccccc1)[C@@H]1[NH+]=C2C=C(OC)C=CC2=[NH+]1,,C63731508,86.877289,1,0,0,0,0,0,0,0,0,0
S(C[C@H]1C(=O)[NH+]=C2C=C(C)C(C)=CC2=[NH+]1)c1ccc(NC(=O)c2sccc2)cc1,,C63751575,99.90789,1,0,0,0,1,0,0,0,0,0
S(C[C@H]1C(=O)[NH+]=C2C=C(C)C(C)=CC2=[NH+]1)c1ccc(NC(=O)Cc2ccc(F)cc2)cc1,,C63751656,99.907883,1,0,0,0,1,0,0,0,0,0
O=C([C@@H]([NH2+]C[C@H](c1ccc(OC)cc1)C=1C[NH+]=C2C=CC=CC=12)C)N1CCc2ccccc12,,C63830798,44.217236,1,0,0,0,0,0,0,0,0,0
[NH2+](CC=1C[NH+]=C2C=CC=CC=12)[C@@H]1CC(C)(C)C[C@H]2N(c3c(C)cccc3)N=C[C@@H]12,,C64103343,86.407257,1,0,0,0,0,0,0,0,1,0
Cl[C@H]1[C@H](C(=O)[C@@H](C#N)C2[NH+]=C3C=CC=CC3=[NH+]2)Sc2cc([N+](=O)[O-])ccc12,,C64198764,94.272697,1,0,0,0,0,0,0,0,0,0
O=C(NCCC(c1ccccc1)c1ccccc1)[C@@H]1C2(C1)CC[NH+](C[C@@H]1[NH+]=C3C=CC=CC3=C1)CC2,,C64609994,92.106483,1,0,0,0,1,0,0,0,0,0
Fc1c(F)c(C(=O)Nc2ccc(C3[NH+]=C4C=CC=CC4=[NH+]3)cc2)c(F)c(F)c1OC,,C65548009,99.090248,1,0,0,0,0,0,0,0,0,0
O=C(N1CCCCCC1)[C@@H]1C[NH+](C2CC[NH+](CCC)CC2)CCC1,,C00212638,98.6922,1,0,0,0,0,0,0,0,1,0
[NH+](C[C@@H]1OCCC1)(CC1CC[NH+](C2CCCC2)CC1)C1CCOCC1,,C12314148,99.404602,1,0,0,0,1,1,0,0,1,0
O=C(N(CC[NH+]1CCCCC1)C[C@H]1C[NH+](C2CCCC2)CCC1)C1CCCC1,,C14949827,99.761589,1,0,0,0,1,1,0,0,1,0
Clc1c(Cl)ccc(N2C(=O)/C(=C/C3[NH+]=C4C=CC=CC4=[NH+]3)/SC2=S)c1,,C38567859,99.404488,1,0,0,0,0,0,0,0,0,0
O=C/1/C(=C/C=2C[NH+]=C3C=CC=CC=23)/CC(C)C\C\1=C/C=1C[NH+]=C2C=CC=CC=12,,C38610745,48.486992,1,0,0,0,0,0,0,0,1,0
N#C/C(=C\c1ccc2oc3ccccc3c2c1)/C1[NH+]=C2C=CC=CC2=[NH+]1,,C38783281,99.764679,1,0,0,0,0,0,0,0,0,0
O(C)c1c(OCc2c(C)cccc2)ccc(/C=C(\C#N)/C2[NH+]=C3C=CC=CC3=[NH+]2)c1,,C38818801,99.765182,1,0,0,0,0,0,0,0,0,0
S(CC)c1ccc(-c2c(/C=C(/C#N)\C3[NH+]=C4C=CC=CC4=[NH+]3)cn(-c3ccccc3)n2)cc1,,C39035004,99.721581,1,0,0,0,0,0,0,0,0,0
S=C1N(c2c(C)cccc2)C(=O)/C(=C\C2[NH+]=C3C=CC=CC3=[NH+]2)/S1,,C39156562,99.403175,1,0,0,0,0,0,0,0,0,0
Clc1c(COc2c(/C=C(\C#N)/[C@@H]3[NH+]=C4C=C(C)C=CC4=[NH+]3)cc(Cl)cc2)c(F)ccc1,,C39205969,99.765305,1,0,0,0,0,0,0,0,0,0
Clc1c(C(=O)Oc2ccc(/C=C(\C#N)/[C@@H]3[NH+]=C4C=C(C)C=CC4=[NH+]3)cc2)cc(F)c(F)c1,,C39210346,99.759315,1,0,0,0,0,0,0,0,0,0
O(C)c1c(OCc2ccccc2)ccc(/C=C(\C#N)/[C@@H]2[NH+]=C3C=C(C)C=CC3=[NH+]2)c1,,C39252990,99.757439,1,0,0,0,0,0,0,0,0,0
Clc1ccc(N2C(=O)C[C@H](C3[NH+]=C4C=C5C=CC=CC5=CC4=[NH+]3)C2)cc1,,C39312162,81.329178,1,0,0,0,0,0,0,0,0,0
Clc1ccc(-n2c(/C=C(/C#N)\C3[NH+]=C4C=CC=CC4=[NH+]3)ccc2)cc1,,C39322128,99.754395,1,0,0,0,0,0,0,0,0,0
O(C)C=1C=CC2=[NH+][C@@H](/C(=C/c3cn(CC=C)c4ccccc34)/C#N)[NH+]=C2C=1,,C39353272,93.096764,1,0,0,0,0,0,0,0,0,0
Ic1ccc(/C=C(\C#N)/C2[NH+]=C3C=CC=CC3=[NH+]2)cc1,,C39357234,99.767265,1,0,0,0,0,0,0,0,0,0
Brc1c(OC)c(Br)cc(C2[NH+]=NN=[NH+]2)c1,,C39364928,96.522903,1,0,0,0,0,0,0,0,0,0
Ic1c(OCCC)c(OC)cc(/C=C(\C#N)/C2[NH+]=C3C=C(C)C(C)=CC3=[NH+]2)c1,,C39370823,99.751274,1,0,0,0,0,0,0,0,0,0
Clc1c(COc2c(/C=C(\C#N)/[C@H]3[NH+]=C4C=C(C)C=CC4=[NH+]3)cccc2)ccc(Cl)c1,,C39443787,99.762611,1,0,0,0,0,0,0,0,0,0
Clc1cc(/C=C(/C#N)\[C@@H]2[NH+]=C3C=C(C)C=CC3=[NH+]2)c(OCCC)cc1,,C39582615,99.764572,1,0,0,0,0,0,0,0,0,0
O(CC)c1ccc(/C=N/c2c([C@@H]3C(=O)[NH+]=C4C=CC=CC4=[NH+]3)cccc2)cc1,,C39588286,99.467796,1,0,0,0,0,0,0,0,0,0
Brc1c(/C=C(\C#N)/C2[NH+]=C3C=CC=CC3=[NH+]2)cc2OCOc2c1,,C39699914,99.768944,1,0,0,0,0,0,0,0,0,0
Clc1c(COc2c(OC)cccc2/C=C(\C#N)/[C@@H]2[NH+]=C3C=C(C)C=CC3=[NH+]2)ccc(Cl)c1,,C39702827,99.764221,1,0,0,0,0,0,0,0,0,0
Clc1c(Cn2nc(c(/C=C(\C#N)/C3[NH+]=C4C=CC=CC4=[NH+]3)c2)-c2ccccc2)ccc(Cl)c1,,C39703024,99.703583,1,0,0,0,0,0,0,0,0,0
Brc1cc(/C=C(\C#N)/[C@H]2[NH+]=C3C=C(C)C=CC3=[NH+]2)ccc1,,C39703048,99.76545,1,0,0,0,0,0,0,0,0,0
Brc1cc(/C=C(/C#N)\[C@@H]2[NH+]=C3C=C(C)C=CC3=[NH+]2)c(OCC=C)cc1,,C39732664,99.764542,1,0,0,0,0,0,0,0,0,0
Clc1c(OCc2ccccc2)c(OC)cc(/C=C(\C#N)/C2[NH+]=C3C=CC=CC3=[NH+]2)c1,,C39934652,99.767639,1,0,0,0,0,0,0,0,0,0
Brc1cc(/C=C(\C#N)/[C@@H]2[NH+]=C3C=C(OC)C=CC3=[NH+]2)sc1,,C39935001,94.322815,1,0,0,0,0,0,0,0,0,0
Brc1ccc(/C=[NH+]/CCCC/[NH+]=C/c2ccc(Br)cc2)cc1,,C16400322,96.761032,1,0,0,0,0,0,0,0,0,0
Clc1c(Cl)ccc(/C=[NH+]/CCCC/[NH+]=C/c2cc(Cl)c(Cl)cc2)c1,,C16384261,97.659996,1,0,0,0,0,0,0,0,0,0
[NH+](Cc1oc([C@H]2[C@@H](C)C2)cc1)(Cc1[nH+]c2C(C)=CC=Cn2c1)C1CC1,,C59372516,68.554878,1,0,0,0,0,0,0,0,1,0
O(C)c1c(OCc2ccccc2)ccc(/C=C(\C#N)/C2[NH+]=C3C=CC=CC3=[NH+]2)c1,,C39794833,99.765182,1,0,0,0,0,0,0,0,0,0
S(CC(=O)O[C@H]1[C@@H](C(C)(C)C)CC[C@@H](C)C1)C1[NH+]=C2C=CC=CC2=[NH+]1,,C63234683,99.476379,1,0,0,0,0,0,0,0,0,0
BrC=1C=CC2=[NH+]CC(/C=N/N/3[C@H](C)CS\C\3=[NH+]/C)=C2C=1,,C39946569,94.339783,1,0,0,0,0,0,0,0,1,0
S([C@H](C)C(=O)c1ccc(OC)cc1)C1[NH+]=C2C=C(C)C(C)=CC2=[NH+]1,,C63398383,99.359413,1,0,0,0,0,0,0,0,0,0
O(C)C=1C=CC=2C(=[NH+][C@@H]3C(N4C[C@]5(C)CC(C)(C)C[C@H]4C5)=[NH+]C=NC=23)C=1,,C63426747,70.764954,1,0,0,0,0,0,0,0,0,0
O(C)C=1C=CC=2C(=[NH+][C@@H]3C(N4C[C@@]5(C)CC(C)(C)C[C@@H]4C5)=[NH+]C=NC=23)C=1,,C63426748,70.764954,1,0,0,0,0,0,0,0,0,0
O(C)C1=CC=CC2=[NH+][C@@H]3C(N4C[C@@]5(C)CC(C)(C)C[C@@H]4C5)=[NH+]C=NC3=C12,,C63437214,76.320801,1,0,0,0,0,0,0,0,0,0
S(=O)(=O)(N1[C@H](C2[NH+]=C3C=CC=CC3=[NH+]2)CCC1)c1ccc(F)cc1,,C63491511,99.298538,1,0,0,0,0,0,0,0,0,0
Brc1ccc2O[C@H](C(=O)N3CCC(C4[NH+]=C5C=CC=CC5=[NH+]4)CC3)[C@@H](C)c2c1,,C63493792,98.490639,1,0,0,0,0,0,0,0,0,0
Ic1ccc(CSC2[NH+]=C3C=CC=CC3=[NH+]2)cc1,,C63503155,99.272026,1,0,0,0,0,0,0,0,0,0
S(CC(=O)O[C@H]1[C@]2(C)C(C)(C)[C@H](C1)CC2)[C@H]1[NH+]=C2C=C(OC)C=CC2=[NH+]1,,C63558068,87.914429,1,0,0,0,0,0,0,0,0,0
Brc1c(CSC2[NH+]=C3C=CC=CC3=[NH+]2)ccc(Br)c1,,C63637956,99.29277,1,0,0,0,0,0,0,0,0,0
Cc1ccc(C=2[C@H](C3[NH+]=C4C=CC=CC4=[NH+]3)Sc3ccccc3N=2)cc1,,C63674217,98.529526,1,0,0,0,0,0,0,0,0,0
ClC=1C=CC2=[NH+][C@@H](S[C@H](C)C(=O)N3CCCCCC3)[NH+]=C2C=1,,C63730994,99.261536,1,0,0,0,0,0,0,0,0,0
O(C)C=1C=CC2=[NH+][C@H]([C@H]3[NH+]4CCC[C@@]54C(=O)N(C)C[C@@H]5C3)C(C)=C2C=1,,C64006353,61.870617,1,0,0,0,0,0,0,0,1,0
O=C(N1CCC([C@H]2[NH+]=C3C=C(C)C=CC3=[NH+]2)CC1)[C@H]1[C@@H](C)c2cc(C)ccc2O1,,C64083881,98.442924,1,0,0,0,0,0,0,0,0,0
FC=1C=CC2=[NH+][C@@H](CN(C)C[C@@H]3C(c4cc(C)c(C)cc4)=NN=C3)[NH+]=C2C=1,,C64120658,50.940472,1,0,0,0,1,0,0,0,1,0
Brc1cc(/C=C/C(=O)C=2C=CC3=[NH+]C(=O)[NH+]=C3C=2)ccc1,,C64353795,99.998276,1,0,0,0,0,0,0,0,0,0
O=C(N1CCC(C2[NH+]=C3C=CC=CC3=[NH+]2)CC1)c1ccc(OCC(C)C)cc1,,C64480121,98.48127,1,0,0,0,0,0,0,0,0,0
O=C1[C@H](C[NH+]2CCC([NH+]3CCCCC3)CC2)[C@H]2CC=3[C@](C)(CCCC=3C)C[C@H]2O1,,C04086592,93.708946,1,0,0,0,0,0,0,0,0,0
O=C1[C@H](C[NH+]2CCC([NH+]3CCCCC3)CC2)[C@@H]2[C@H](O1)C[C@@]1(C)CCC=C(C)C1=C2,,C04087517,93.079414,1,0,0,0,0,0,0,0,0,0
O(C(C)(C)C)C(=O)N1CCC2(OC[C@@H]([NH+]3CCC([NH+]4CCCC4)CC3)C2)CC1,,C06747707,97.998375,1,0,0,0,0,0,0,0,0,0
Fc1c(-c2c(C[NH+]3C[C@]4(C[NH+](C)CC4)CC3)cn(-c3ccccc3)n2)ccc(OC)c1,,C11873975,98.361397,1,0,0,0,1,0,0,0,0,0
O(CC)C(=O)N1CCC([NH+]2C[C@]3(C[NH+](CC(C)(C)C)CCC3)CC2)CC1,,C12208671,99.557083,1,0,0,0,0,1,0,0,1,0
Fc1c(C[NH+]2C[C@]3(C[NH+](C/C=C/c4occc4)CC3)CCC2)cc(OC)cc1,,C12298839,96.698219,1,0,0,0,0,1,0,0,1,0
O=C(C)N1CCC([NH+]2C[C@]3(C[NH+](CC4CCCCC4)CCC3)CC2)CC1,,C12458005,99.594307,1,0,0,0,1,0,0,0,1,0
O=C1[C@@H](C[NH+](C)C2CC[NH+](C)CC2)[C@@H]2[C@H](O1)C[C@@]1(C)CCC[C@H](C)C1=C2,,C12659844,93.757179,1,0,0,0,0,0,0,0,1,0
O(CC)C(=O)N1CCC([NH+]2C[C@@]3(C[NH+](CC4CCCCC4)CCC3)CC2)CC1,,C15073701,99.542137,1,0,0,0,1,0,0,0,0,0
Brc1c(N2C(=O)/C(=C/C3[NH+]=C4C=CC=CC4=[NH+]3)/SC2=S)cccc1,,C38567863,99.405411,1,0,0,0,0,0,0,0,0,0
Cl[C@@H]1/C(=N/S(=O)(=O)c2sc(Cl)cc2)/[NH+]=C2C=CC=CC2=[NH+]1,,C39016643,99.99939,1,0,0,0,0,0,0,0,0,0
S=C1N(c2cc(C)c(C)cc2)C(=O)/C(=C\C2[NH+]=C3C=CC=CC3=[NH+]2)/S1,,C39156564,99.403297,1,0,0,0,0,0,0,0,0,0
S=C1N(c2cc(F)ccc2)C(=O)/C(=C\C2[NH+]=C3C=CC=CC3=[NH+]2)/S1,,C39156590,99.40583,1,0,0,0,0,0,0,0,0,0
N#C/C(=C/c1c(C)n([C@H]2C(C#N)=C(C)[C@H](C)O2)c(C)c1)/C1[NH+]=C2C=CC=CC2=[NH+]1,,C39357320,99.714821,1,0,0,0,0,0,0,0,0,0
N#C/C(=C\c1c(C)n([C@@H]2C(C#N)=C(C)[C@@H](C)O2)c(C)c1)/C1[NH+]=C2C=CC=CC2=[NH+]1,,C39370766,99.714821,1,0,0,0,0,0,0,0,0,0
O(CC)C(=O)Cn1cc(/C=C(/C#N)\C2[NH+]=C3C=CC=CC3=[NH+]2)c2ccccc12,,C39370804,99.718575,1,0,0,0,0,0,0,0,0,0
O([C@@H](C)C(=O)C=1[C@@H](C)[NH+]=C2C=CC=CC=12)C(=O)C=1CC(=O)[NH+]=C2C=CC=CC=12,,C39727085,87.30117,1,0,0,0,0,0,0,0,0,0
S=C1N([C@H](C)c2ccccc2)C(=O)/C(=C\C2[NH+]=C3C=CC=CC3=[NH+]2)/S1,,C39909851,99.386703,1,0,0,0,0,0,0,0,0,0
O(C)C=1C=CC2=[NH+][C@H](/C(=C/c3ccc(N4CCOCC4)cc3)/C#N)[NH+]=C2C=1,,C39934927,93.78759,1,0,0,0,0,0,0,0,0,0
O=C(N1CC[NH+](C)CC1)c1nc(C[NH+](Cc2c(C)ccc(C)c2)C(C)C)oc1,,C40402405,70.014763,1,0,0,0,1,1,0,0,1,0
O=C(CN1CC[NH+](CC)CC1)N1C[C@@]2(C[NH+](CC3CCCCC3)CCC2)CC1,,C23358062,99.429131,1,0,0,0,1,1,0,0,1,0
Clc1c(OC)c(OCC)cc(/C=C/C(=O)C=2C=CC3=[NH+]C(=O)[NH+]=C3C=2)c1,,C39760316,99.99826,1,0,0,0,0,0,0,0,0,0
S(=O)(=O)(N1[C@@H](c2ccccc2)c2ccsc2CC1)C=1C=CC2=[NH+]C(=O)[NH+]=C2C=1,,C12770576,99.999237,1,0,0,0,0,0,0,0,0,0
S(CC1[NH+]=C2C=CC=CC2=[NH+]1)[C@@H]1C(=O)N(c2ccc(OCC)cc2)C(=O)C1,,C63099025,98.741951,1,0,0,0,0,0,0,0,0,0
S(CCC1[NH+]=C2C=CC=CC2=[NH+]1)[C@@H]1C(=O)N(c2ccc(OC)cc2)C(=O)C1,,C63099029,98.374481,1,0,0,0,0,0,0,0,0,0
ClC=1C=CC2=[NH+][C@H](SCC(=O)c3cc(OC)c(OC)cc3)[NH+]=C2C=1,,C63166690,99.270889,1,0,0,0,0,0,0,0,0,0
S(CC(=O)C=1[C@@H](C)[NH+]=C2C=CC=CC=12)c1n(C2CCCC2)c(C)c(C)[nH+]1,,C39939348,48.85862,1,0,0,0,0,0,0,0,1,0
FC(F)(F)[C@@H]1[NH+]=C2C=C(C(=O)N3CCN(c4ccc(OC)cc4)CC3)C=CC2=[NH+]1,,C63280872,99.989769,1,0,0,0,0,0,0,0,0,0
Brc1cccc2n(CC(=O)N=C3[NH+]=C4C=CC=CC4=[NH+]3)ccc12,,C39980400,99.726814,1,0,0,0,0,0,0,0,0,0
Brc1c(N2C(=O)C[C@@H](C(=O)N=C3[NH+]=C4C=CC=CC4=[NH+]3)C2)cccc1,,C32095105,99.637398,1,0,0,0,0,0,0,0,0,0
FC(F)(F)c1sc2cc(C(=O)N=C3[NH+]=C4C=CC=CC4=[NH+]3)ccc2n1,,C20719763,99.642784,1,0,0,0,0,0,0,0,0,0
O(CC)C=1C=CC2=[NH+][C@H]3C(N4C[C@]5(C)CC(C)(C)C[C@H]4C5)=[NH+]C=NC3=C2C=1,,C63432231,76.418205,1,0,0,0,0,0,0,0,0,0
S(Cc1c(C)oc(-c2ccc(OCC)cc2)n1)[C@H]1[NH+]=C2N=CC=CC2=[NH+]1,,C63558205,99.906227,1,0,0,0,0,0,0,0,0,0
Br[C@H]1[C@H](CS[C@@H]2[NH+]=C3C=C(C)C=CC3=[NH+]2)N=C2N1C=CC=C2,,C63668986,99.285011,1,0,0,0,0,0,0,0,0,0
Clc1cc(N2CCN(C(=O)C3CCN(C4[NH+]=C5C=CC=CC5=[NH+]4)CC3)CC2)ccc1,,C63694921,77.12999,1,0,0,0,0,0,0,0,0,0
O=C(N1CCC(C2[NH+]=C3C=CC=CC3=[NH+]2)CC1)C=1C(=O)Oc2ccccc2C=1,,C63699644,98.49012,1,0,0,0,0,0,0,0,0,0
Brc1ccc(C2=NN(S(=O)(=O)C)[C@@H](C3[NH+]=C4C=CC=CC4=[NH+]3)C2)cc1,,C63712167,99.539032,1,0,0,0,0,0,0,0,0,0
S([C@H](C)C(=O)N1CCN(CC)CC1)[C@H]1[NH+]=C2C=C(OCC)C=CC2=[NH+]1,,C63746459,84.52623,1,0,0,0,0,0,0,0,1,0
Clc1cc(N2CCN(C[C@@H]3C(=O)[NH+]=C4C=CC=CC4=[NH+]3)CC2)ccc1,,C63751506,69.873978,1,0,0,0,0,0,0,0,0,0
Clc1c(N2CCN(C[C@H]3C(=O)[NH+]=C4C=CC=CC4=[NH+]3)CC2)cccc1,,C63751555,71.355026,1,0,0,0,0,0,0,0,0,0
Brc1c(N2C(=O)C[C@@H](C3[NH+]=C4C=CC=CC4=[NH+]3)C2)cccc1,,C63766801,98.923645,1,0,0,0,0,0,0,0,0,0
Brc1cc(C(=O)N2CCC(C3[NH+]=C4C=CC=CC4=[NH+]3)CC2)cnc1,,C63767657,98.450256,1,0,0,0,0,0,0,0,0,0
Fc1ccc(C=2S[C@@H]3C(=O)N(CC4[NH+]=C5C=CC=CC5=[NH+]4)CN=C3C=2)cc1,,C63883608,80.756706,1,0,0,0,0,0,0,0,0,0
Fc1cccc2[C@@H](C)[C@@H](C(=O)N3CCC(C4[NH+]=C5C=CC=CC5=[NH+]4)CC3)Oc12,,C64040333,98.491249,1,0,0,0,0,0,0,0,0,0
O=C1N(c2ccc(C)cc2)C(=O)C[C@H]1[NH+]1CCC(C=2C[NH+]=C3C=CC=CC=23)CC1,,C64059766,75.845871,1,0,0,0,0,0,0,0,0,0
Cc1c(CN2[C@H](C3[NH+]=C4C=CC=CC4=[NH+]3)CCCC2)nc(-c2oc(C)cc2)o1,,C64120634,93.348488,1,0,0,0,0,0,0,0,0,0
S(=O)(=O)(N(Cc1sccc1)Cc1sccc1)C=1C=CC2=[NH+]C(=O)[NH+]=C2C=1,,C07688992,99.999237,1,0,0,0,0,0,0,0,0,0
O(C)c1ccc(-c2oc([C@H](C)[NH+]3CCC(C=4C[NH+]=C5C=CC=CC=45)=CC3)nn2)cc1,,C64212792,50.036442,1,0,0,0,0,0,0,0,0,0
O=C(Cc1nc(-n2cccc2)sc1)N1CCC(C2[NH+]=C3C=CC=CC3=[NH+]2)CC1,,C64411338,98.484489,1,0,0,0,0,0,0,0,0,0
O=C(CCC1[NH+]=C2C=CC=CC2=[NH+]1)N1CCN(C[C@@H]2CN(C)c3ccccc23)CC1,,C65330103,91.331779,1,0,0,0,0,0,0,0,0,0
S[C@@H]1[NH+]=C(c2ccccc2)N2[C@H](S)[NH+]=C(c3occc3)N12,,C04362847,96.005486,1,0,0,0,1,0,0,0,0,0
C[NH+]1CCN(c2cc(-c3ccc(C)cc3)[o+]c3ccc(C)cc23)CC1,,C01961612,79.699326,1,0,0,0,0,0,0,0,0,0
[NH+](C)(C)[C@H]1CC[C@]2(C)[C@H]3CC[C@@]45C[NH+](C)[C@@H](C)[C@H]4CC[C@H]5[C@@H]3CC=C2C1,,C05529758,99.912621,1,0,0,0,1,0,0,0,0,0
O(C)c1c2[C@H](C#CC[NH+](C)C)[NH+](C)CCc2cc2OCOc12,,C00487547,46.219742,1,0,0,0,1,1,0,0,1,0
Clc1c(N2CCN(c3c(Cl)ccc(C(F)(F)F)[nH+]3)CC2)[nH+]cc(C(F)(F)F)c1,,C03771028,99.628479,1,0,0,0,0,0,0,0,0,0
O=C(O[C@H]1CC[C@@]2(C)[C@@H](C1)CC[C@H]1[C@@H]3[C@@](C)([C@@H]([NH+](C)CC#N)CC3)CC[C@H]21)C[N+](C)(C)C,,C09359314,92.976288,1,0,0,0,0,0,0,0,0,0
[NH+](C)(C)[C@H]1CC[C@@]2(C)[C@@H]3CC[C@]45C[NH+](C)[C@@H](C)[C@@H]4CC[C@@H]5[C@@H]3CC=C2C1,,C13783786,99.912621,1,0,0,0,1,0,0,0,0,0
Oc1c(-c2ccccc2)sc2c(/C=C/C=C/3\N(C)c4ccccc4C\3(C)C)[n+](C)c3ccccc3[n+]12,,C16693734,99.984764,1,0,0,0,0,0,0,0,0,0
O(C)c1ccc(/C=[NH+]/CC[C@@]2([C@@H](C)C[NH+](C)[C@H](C)C2)c2ccccc2)cc1,,C13381830,96.793503,1,0,0,0,0,0,0,0,0,0
O(CC)c1ccc2OC(c3ccc(C)cc3)=C/C(=[NH+]\CC[NH+](CC)CC)/c2c1,,C28302767,98.424255,1,0,0,0,0,0,0,0,0,0
Clc1ccc([C@@H]([C@H](C(=O)c2occc2)[NH+]2CCCCC2)[NH+]2CCCCC2)cc1,,C32559907,87.336845,1,0,0,0,0,0,0,0,0,0
Brc1cc(/C=[NH+]/CC/[NH+]=C/c2cc(Br)ccc2)ccc1,,C01954919,99.014282,1,0,0,0,0,0,0,0,0,0
Brc1c(/C=C(\C#N)/C2[NH+]=C3C=CC=CC3=[NH+]2)cccc1,,C38811709,99.773346,1,0,0,0,0,0,0,0,0,0
Brc1ccc([C@H]2[NH+]=NC(/[NH+]=C/c3cc(Oc4ccccc4)c(F)cc3)=C2)cc1,,C39159686,99.98996,1,0,0,0,0,0,0,0,0,0
Clc1c(/C=C(\C#N)/[C@@H]2[NH+]=C3C=C(C)C=CC3=[NH+]2)cccc1,,C39205092,99.767593,1,0,0,0,0,0,0,0,0,0
S(Cc1c(C)cc(OC)c(C(C)C)c1)[C@@H]1C(=O)[NH+]=C2C=CC=CC2=[NH+]1,,C39224443,99.919243,1,0,0,0,0,0,0,0,0,0
N#C[C@H]1[C@@H](/N=C/C2[NH+]=C3C=CC=CC3=[NH+]2)SC=2CCCC1=2,,C39345146,99.625549,1,0,0,0,0,0,0,0,0,0
Clc1c(/C=C(\C#N)/C2[NH+]=C3C=CC=CC3=[NH+]2)cc2OCOc2c1,,C39697476,99.770584,1,0,0,0,0,0,0,0,0,0
Brc1c(N(C)C)ccc(/C=C(/C#N)\C2[NH+]=C3C=CC=CC3=[NH+]2)c1,,C39736994,99.749504,1,0,0,0,0,0,0,0,0,0
O=C1[C@@H](/C=C/c2ccc3OCOc3c2)[NH+]=C2C=CC=CC2=[NH+]1,,C39958287,99.665161,1,0,0,0,0,0,0,0,0,0
Clc1c(CN2C[C@H](/C=C(\C#N)/C3[NH+]=C4C=CC=CC4=[NH+]3)c3ccccc23)c(F)ccc1,,C39962675,99.768974,1,0,0,0,0,0,0,0,0,0
CC[NH+]1/C(=C\C=C/c2[n+](CC)c3ccccc3s2)/C=CC=C1,,C44709671,99.867699,1,0,0,0,0,0,0,0,1,0
Clc1c([C@H]([NH+](C)CC=2[NH+]=C3SC=CN3C(=O)C=2)C)cccc1,,C53235316,91.510109,1,0,0,0,0,0,0,0,0,0
O(C)c1cccc2C=C(C3[NH+]=C4C=C(C)C(C)=CC4=[NH+]3)C(=O)Oc12,,C63110778,99.652847,1,0,0,0,0,0,0,0,0,0
O=C1N(c2cccc3ccccc23)C[C@@H](C2[NH+]=C3C=CC=CC3=[NH+]2)C1,,C63234426,98.92524,1,0,0,0,0,0,0,0,0,0
Clc1ccc(/C=N/N2[C@H](c3cc[nH+]cc3)N=[NH+]C2=S)cc1,,C38904009,99.713463,1,0,0,0,0,0,0,0,0,0
Clc1c([C@H]2[NH+]=C3C(Cl)=CC=CC3=[NH+]2)ccc(Cl)c1,,C63303268,99.537827,1,0,0,0,0,0,0,0,0,0
S(CC1=N[C@@H]2N(C1)C=CC=N2)[C@@H]1[NH+]=C2C=C(C)C=CC2=[NH+]1,,C63392665,98.445381,1,0,0,0,0,0,0,0,0,0
S(C1[NH+]=C2C=CC=CC2=[NH+]1)c1nnc(-c2ccccc2)c2ccccc12,,C63393776,99.697899,1,0,0,0,0,0,0,0,0,0
FC=1C=CC2=[NH+][C@@H]3C(N4C[C@]5(C)CC(C)(C)C[C@H]4C5)=[NH+]C=NC3=C2C=1,,C63399477,79.208511,1,0,0,0,0,0,0,0,0,0
S(Cc1c(OC)ccc(C(=O)C)c1)[C@H]1[NH+]=C2C=C(C(F)(F)F)C=CC2=[NH+]1,,C63591075,99.647186,1,0,0,0,0,0,0,0,0,0
S(CC(=O)N1C(C)(C)C=C(C)c2ccccc12)C1[NH+]=C2C=CC=CC2=[NH+]1,,C63677129,99.435852,1,0,0,0,0,0,0,0,0,0
O=C(N1CCCC1)C1CCN([C@@H]2[NH+]=C3C=C(C)C=CC3=[NH+]2)CC1,,C63694243,72.22921,1,0,0,0,0,0,0,0,0,0
ClC=1C=CC2=[NH+][C@H](S[C@@H](C)C(=O)N3CCCCCC3)[NH+]=C2C=1,,C63730995,99.261536,1,0,0,0,0,0,0,0,0,0
FC=1C=CC2=C[C@@H](C[NH+](CCCC)Cc3occc3)C(=O)[NH+]=C2C=1,,C63832891,69.81942,1,0,0,0,1,0,0,0,1,0
Clc1ccc(N2C(=O)C[C@@H](C3[NH+]=C4C=CC=CC4=[NH+]3)C2)cc1,,C63838980,98.917526,1,0,0,0,0,0,0,0,0,0
Fc1ccc(N2C(=O)C[C@H](C3[NH+]=C4C=CC=CC4=[NH+]3)C2)cc1,,C63838994,98.919975,1,0,0,0,0,0,0,0,0,0
Clc1c([C@@H]2[NH+]=C3C=C(C#N)C=CC3=[NH+]2)c(F)c(OC)cc1,,C63848090,99.776886,1,0,0,0,0,0,0,0,0,0
Clc1cnc(-n2c([C@H]3[NH+]=C4C=C(C#N)C=CC4=[NH+]3)ccc2)cc1,,C63848603,99.654617,1,0,0,0,0,0,0,0,0,0
Clc1cnc(-n2c([C@@H]3[NH+]=C4C=C(C#N)C=CC4=[NH+]3)ccc2)cc1,,C63848604,99.654617,1,0,0,0,0,0,0,0,0,0
BrC=1C=CC2=[NH+]CC(/C=N/N3CC[NH+](C)CC3)=C2C=1,,C40006207,77.393066,1,0,0,0,0,0,0,0,1,0
O=C1[C@@H](c2sc(C)c(-c3ccccc3)c2)[NH+]=C2C=CC=CC2=[NH+]1,,C63885286,99.720589,1,0,0,0,0,0,0,0,0,0
ClC=1C[C@@H]2C[NH+](CN(CCCC)CC[NH+]3C[C@H]4CC(Cl)=CC[C@H]4C3)C[C@@H]2CC=1,,C19327724,94.628578,1,0,0,0,0,1,0,0,1,0
O(C)C=1C=CC2=[NH+][C@H]3C(N4[C@@H](C)CCCC4)=[NH+]C=NC3=C2C=1,,C63896879,76.082825,1,0,0,0,0,0,0,0,0,0
Clc1c(/C=C(\C#N)/C2[NH+]=C3C=CC=CC3=[NH+]2)ccc(Oc2ccccc2)c1,,C64038282,99.768593,1,0,0,0,0,0,0,0,0,0
ClC1=CC=CC2=C(C)[C@H]([C@H]3[NH+]4CCC[C@@]54C(=O)N(C)C[C@@H]5C3)[NH+]=C12,,C64045358,64.80191,1,0,0,0,0,0,0,0,1,0
S([C@@H]1C(=O)[NH+]=C2C=CC=CC2=C1c1ccccc1)C=1N(C)CC[NH+]=1,,C64058306,90.54023,1,0,0,0,0,0,0,0,1,0
Fc1c(C)cc(-c2scc(C=3C=CC4=[NH+]C(=O)[NH+]=C4C=3)n2)cc1,,C64188447,99.986343,1,0,0,0,0,0,0,0,0,0
S=C1N(C[NH+](C2CC2)C2CCC(C)CC2)[NH+]=C(N(C)C)S1,,C66447938,55.70306,1,0,0,0,0,0,0,0,0,0
O=C([C@H](C(C)C)[NH+]1CCCCC1)N1C[C@H]([NH+](C)C)CCC1,,C67044893,96.248749,1,0,0,0,1,1,0,0,0,0
S=C(NCC[NH+]1CCOCC1)NC[C@@H]1[NH+]2C[C@H](CC)[C@H](C1)CC2,,C08300496,80.530228,1,0,0,0,1,1,0,0,1,0
Clc1c(OC)c([C@@H]([NH3+])c2n(C[NH+](C)C)ccn2)c(Cl)cc1,,C11735533,43.430901,1,0,0,0,0,0,0,0,0,0
Clc1c(OCC[NH+]2CCCCC2)c(OCC)cc(CC[NH3+])c1,,C11860923,98.992889,1,0,0,0,1,1,0,0,1,0
Brc1cc(NC(=O)C[NH2+][C@H]2C[NH+]3CCC2CC3)ccc1,,C20070888,98.786652,1,0,0,0,1,0,0,0,0,0
Clc1c(O)c(OC)cc(C[NH+]2C[C@@H](O)[C@H](N3CC[NH+](C)CC3)CC2)c1,,C20233185,45.433533,1,0,0,0,1,0,0,0,0,0
O(C)c1c(OC(C)C)ccc([C@H](C[NH3+])N2CC[NH+](CC)CC2)c1,,C32086181,96.325157,1,0,0,0,1,1,0,0,1,0
O(C)c1c(OCCCC)cc([C@@H](C[NH3+])N2CC[NH+](C)CC2)cc1,,C32086238,94.755241,1,0,0,0,1,1,0,0,0,0
O(C)c1c(OCCCC)cc([C@H](C[NH3+])N2CC[NH+](C)CC2)cc1,,C32086240,94.755241,1,0,0,0,1,0,0,0,1,0
O(CC)c1c([C@@H](C[NH3+])N2CC[NH+](CC)CC2)c2ccccc2cc1,,C32088333,96.664375,1,0,0,0,1,1,0,0,0,0
Brc1c(OC)ccc([C@H](C[NH3+])N2CC[NH+](C)CC2)c1,,C32088518,94.78138,1,0,0,0,1,0,0,0,0,0
Brc1cc([C@@H]([NH+](C)[C@H](C)C2CC2)C[NH3+])cc2OCOc12,,C36783484,55.021282,1,0,0,0,1,0,0,0,0,0
Brc1cc([C@H]([NH+](C)CC(C)C)C[NH3+])cc2OCCOc12,,C37108232,54.016998,1,0,0,0,1,0,0,0,1,0
Brc1cc([C@@H]([NH+](C)[C@@H](C)CC)C[NH3+])cc2OCCCOc12,,C37109791,56.429001,1,0,0,0,1,0,0,0,1,0
Brc1c([C@@H](C[NH3+])[NH+]2CCCCC2)cc(OC)c(OC)c1,,C37754893,52.075268,1,0,0,0,1,0,0,0,0,0
Clc1c(O)c(C[NH2+]CCN2CC[NH+](C)CC2)cc(Cl)c1,,C37759738,55.737896,1,0,0,0,1,1,0,0,1,0
O[C@]1(CC[NH2+]Cc2cc(OC)c(OC)cc2)[C@H](C)C[NH+](C)[C@H](C)C1,,C04539323,99.234566,1,0,0,0,1,1,0,0,1,0
Clc1c(OC[C@@H](O)C[NH2+]C[C@H]2C[NH+](C)CC2)ccc(Cl)c1,,C37894139,94.156219,1,0,0,0,1,0,0,0,1,0
O=C([C@H](C)CCC)N1C[C@@H](C(=O)NC[C@H]2C[NH+](C)CC2)C2(C1)CC[NH2+]CC2,,C39689566,99.67569,1,0,0,0,1,1,0,0,1,0
O=C(C(CC)CC)N1C[C@@H](C(=O)NC[C@@H]2C[NH+](C)CC2)C2(C1)CC[NH2+]CC2,,C39689661,99.675667,1,0,0,0,1,1,0,0,1,0
S([C@H]1C(=O)[NH+]=C2C=CC=CC2=C1[NH2+]C1CC1)C=1N(C)[C@H](C)NN=1,,C39734268,72.778023,1,0,0,0,1,0,0,0,0,0
Clc1c(F)cc(NC(=O)NCc2cc(N3CC[NH+](C)CC3)[nH+]cc2)cc1,,C48468105,87.899055,1,0,0,0,1,0,0,0,0,0
O=C(NCCC[NH+]1C[C@H](C)C[C@@H](C)C1)N[C@@H](C)Cn1c[nH+]cc1,,C49208303,80.589661,1,0,0,0,1,0,0,0,1,0
Brc1c(OCCCn2c[nH+]cc2)c(C[C@@H]([NH3+])C)ccc1,,C49329033,79.207039,1,0,0,0,0,0,0,0,0,0
Brc1cc(C[NH+](C)[C@@H]([C@H]([NH3+])C)c2cn(C)nc2)ccc1,,C43128647,75.391579,1,0,0,0,1,0,0,0,1,0
Brc1c(OC)cc(C[NH+]2C[C@@H]([NH3+])CC2)c(OC)c1,,C50243218,47.445915,1,0,0,0,0,0,0,0,0,0
Brc1ccc(NC(=O)Cn2c(C[NH2+]C)[nH+]cc2)cc1,,C51004519,57.882797,1,0,0,0,1,0,0,0,0,0
FC(F)(F)C[NH+]1C[C@H](CNC(=O)C[NH+]2CCC(CNC(=O)C)CC2)CC1,,C51856583,79.283539,1,0,0,0,1,0,0,0,1,0
O=C(NCC(C)C)NC(=O)[C@@H](C)[NH+]1CCC([NH+]2CCCC2)CC1,,C51951861,67.390747,1,0,0,0,1,0,0,0,1,0
Brc1ccc(C[NH+](C)CCn2nnc(C[NH3+])c2)cc1,,C52371790,85.810562,1,0,0,0,1,1,0,0,0,0
O(C)c1c(OCC[NH+](C)C)cc(OC)c(-c2[nH+]c(N)ccc2)c1,,C28377081,68.688591,1,0,0,0,1,0,0,0,0,0
O=C(NCC(C)(C)[NH+]1C[C@@H](C)CCC1)NC1CC[NH+](C2CC2)CC1,,C54805027,99.897736,1,0,0,0,1,1,0,0,1,0
Fc1ccc(-c2c(C[NH2+]CCCn3c(C(C)C)[nH+]cc3)c[nH]n2)cc1,,C55212148,26.613905,1,0,0,0,1,0,0,0,1,0
Clc1c(OC[C@H](O)C[NH2+]C[C@@H]([NH+](C)C)C)ccc(Cl)c1,,C44317123,49.595276,1,0,0,0,1,0,0,0,1,0
Clc1c(OC[C@H](O)C[NH2+]C[C@H]([NH+](C)C)C)ccc(Cl)c1,,C44317124,49.595276,1,0,0,0,1,0,0,0,1,0
Clc1sc([C@@H]([C@@H]([NH3+])C)N2CCN(CC[NH+](C)C)CC2)cc1,,C61642409,53.838181,1,0,0,0,1,1,1,1,1,0
Brc1c(OC)ccc([C@H](C[NH3+])N2C[C@@H]([NH+](C)C)CC2)c1,,C62964558,87.463943,1,0,0,0,1,1,0,0,0,0
FC(F)(F)[C@@H]1[NH+]=C2C=C(C(=O)Nc3cc(NC(=O)C)ccc3)C=CC2=[NH+]1,,C63271791,99.990349,1,0,0,0,1,0,0,0,0,0
Br[C@H]1[C@H](C)N(CC(=O)NCCC2[NH+]=C3C=CC=CC3=[NH+]2)N[C@H]1C,,C63521119,90.931198,1,0,0,0,1,0,0,0,1,0
Br[C@@H]1[C@H](C)N(CC(=O)NCC2[NH+]=C3C=CC=CC3=[NH+]2)N[C@H]1C,,C63529250,91.501076,1,0,0,0,1,0,0,0,1,0
Cl[C@@H]1[C@H](C)N(CC(=O)NCC2[NH+]=C3C=CC=CC3=[NH+]2)N[C@H]1C,,C63529254,91.731239,1,0,0,0,1,0,0,0,1,0
O[C@@]1(C[NH2+]CCn2c(C)c(CC)c(C)n2)CCC[NH+]2CCCC[C@H]12,,C63847599,69.389023,1,0,0,0,1,1,0,0,1,0
[NH2+](CCC=1[C@@H](C)[NH+]=C2C=CC(C#N)=CC=12)CC=1[C@H](C)NN(CC=C)C=1,,C63872380,86.70369,1,0,0,0,1,0,0,0,1,0
O=C(NNC(=O)CCC=1C[NH+]=C2C=CC=CC=12)CCC=1C[NH+]=C2C=CC=CC=12,,C64120520,70.943878,1,0,0,0,0,0,0,0,0,0
O=C(NCC1[NH+]=C2C=CC=CC2=[NH+]1)/C=C/1\N[C@H](n2cccc2)SC\1,,C64411336,98.618729,1,0,0,0,0,0,0,0,0,0
O=C(NC1[NH+]=C2C=CC=CC2=[NH+]1)[C@H](NC(=O)c1cc(C)cc(C)c1)C,,C65305778,99.883636,1,0,0,0,1,0,0,0,0,0
CC(C)Cn1c(CN2[C@H]([C@@H](c3ccccc3)NC2)c2[nH+]cc[nH]2)c[nH+]c1,,C65459580,53.471302,1,0,0,0,1,0,0,0,1,0
N(C[C@H]1CNc2n([nH+]c(C)c2)C1)[C@H](c1n(C)cc[nH+]1)c1ccccc1,,C65623723,34.646294,1,0,0,0,1,0,0,0,1,0
O=C(NC[C@@H]1[NH+](CCCC)CCCC1)N[C@@H](C)Cn1c[nH+]cc1,,C66597502,80.566727,1,0,0,0,1,0,0,0,1,0
O=C(NC[C@H]1[NH+](CCCC)CCCC1)N[C@@H](C)Cn1c[nH+]cc1,,C66597503,80.566727,1,0,0,0,1,0,0,0,1,0
[NH2+](C[C@@H](C)N1CC[NH+](CC)CC1)Cc1c(-c2oc3ccccc3c2)n[nH]c1,,C67188307,72.528954,1,0,0,0,1,1,0,0,1,0
[NH2+](CCC[NH+]1CCC(C)CC1)[C@H](C)C1CC[NH+](CC)CC1,,C37221319,99.753975,1,0,0,0,1,1,1,1,1,0
O=C1[C@H](/C=C(\C#N)/C2[NH+]=C3C=CC=CC3=[NH+]2)[C@@H](N2CC[NH+](C)CC2)N=C2N1C=CC=C2,,C39037684,98.634277,1,0,0,0,1,0,0,0,0,0
Fc1c([C@@H]2C(C[NH2+][C@@H](Cn3c[nH+]cc3)C(C)(C)C)=CN=[NH+]2)ccc(OC)c1,,C39371519,70.689293,1,0,0,0,0,0,0,0,0,0
O=[N+]([O-])c1c(N2CC[NH+](C)CC2)ccc(/C=C(\C#N)/[C@@H]2[NH+]=C3C=C(C)C=CC3=[NH+]2)c1,,C39578852,97.146652,1,0,0,0,0,0,0,0,0,0
[NH2+](C)[C@H]1[C@H]([NH+]2CCC(C[NH+](C)C)CC2)C[C@@H](CC)CC1,,C43970598,95.14502,1,0,0,0,1,1,1,0,1,0
[NH2+](CCC[NH+](CC)CC)[C@H]1N=CC=C2C(C)=C3[NH+]=C4C=CN=CC4=C3C=C12,,C44709896,63.483879,1,1,0,0,1,1,1,1,1,0
O=C(N)[C@]([NH2+]C)(C)CC[NH+]1CCC(C[NH+](C)C)CC1,,C45277115,78.242722,1,0,0,0,1,1,1,0,1,0
[NH3+]CC1(N(CC[NH+](C)C)CCC)CC[NH+](CC)CC1,,C45665981,58.858456,1,0,0,0,1,1,1,1,1,0
O=C(N)[C@]([NH2+]C1CC1)(C)CCCC[NH+]1CC[NH+](C)CCC1,,C45380375,80.038986,1,0,0,0,1,1,1,1,1,0
[NH2+](C[C@@]1(C[NH+](C)C2CC[NH+](C)CC2)COCC1)C(C)C,,C51213386,97.918297,1,0,0,0,1,1,1,1,1,0
[NH2+](CC(C)C)C[C@]1(C[NH+](C)C2CC[NH+](C)CC2)COCC1,,C51213400,97.708534,1,0,0,0,1,1,1,1,1,0
[NH2+](C[C@](C)(CC)C[NH+]1CCC(C[NH+](C)C)CC1)C(C)C,,C51252201,99.671295,1,0,0,0,0,1,1,1,1,0
[NH2+](CC(C)C)C[C@H]1O[C@@H](C[NH+](C)C2CC[NH+](C)CC2)CC1,,C52419926,97.521873,1,0,0,0,1,1,1,1,1,0
[NH2+](C[C@H]1O[C@@H](C[NH+]2CCC([NH+](C)C)CC2)CC1)C(C)C,,C52477792,97.52195,1,0,0,0,1,1,0,1,1,0
[NH2+](CC(C)C)C[C@@H]1O[C@H](C[NH+]2CCC([NH+](C)C)CC2)CC1,,C52477819,97.2855,1,0,0,0,1,1,0,1,1,0
[NH2+](CC[NH+]1CCC(C[NH+](C)C)CC1)C1CCC(C)CC1,,C53428181,92.465958,1,0,0,0,1,1,1,1,1,0
[NH+](CCCn1c[nH+]cc1)(Cc1c(C)[nH+]c[nH]1)Cc1sc(C)cc1,,C36740418,48.688862,1,0,0,0,1,0,0,0,1,0
[NH2+](C)[C@H]1[C@H](C[NH+]2CCC(C[NH+](C)C)CC2)CCCCC1,,C53873126,99.569054,1,0,0,0,1,0,0,0,1,0
[NH2+](CCC)[C@H](CC[NH+]1CCC(C[NH+](C)C)CC1)C(C)(C)C,,C54028683,99.647614,1,0,0,0,1,1,1,0,1,0
[NH3+][C@H]1[C@H]([NH+]2CCC(C[NH+](C)C)CC2)C[C@H](C(C)C)CC1,,C54555526,87.997154,1,0,0,0,1,0,1,0,1,0
[NH3+]CC1([NH+]2CCC(C[NH+](C)C)CC2)CCC(C(C)C)CC1,,C54557127,78.769966,1,0,0,0,1,1,1,0,1,0
[NH3+]C[C@@](CC)(C[C@@H](C)CC)[NH+]1CCC(C[NH+](C)C)CC1,,C42392172,79.32444,1,0,0,0,0,1,1,0,1,0
[NH3+]CC(CC)(CC)C[NH+]1CCN(CC[NH+](C)C)CC1,,C61653748,93.457275,1,0,0,0,1,1,1,0,1,0
[NH2+](CC)[C@H]1[C@H](C[NH+]2CCN(CC[NH+](C)C)CC2)CCC1,,C61653768,94.126884,1,0,0,0,1,1,1,0,1,0
[NH2+](C)C[C@H]1O[C@@H](C[NH+]2CCN(CC[NH+](C)C)CC2)CC1,,C61654859,87.393166,1,0,0,0,1,1,1,1,1,0
[NH2+](C)C[C@@H]1O[C@H](C[NH+]2CCC(C[NH+]3CCCC3)CC2)CC1,,C62036404,98.545654,1,0,0,0,1,1,0,0,1,0
[NH2+](CCC)C[C@@H](CC)[NH+]1CCC(C[NH+]2CCCC2)CC1,,C62036473,94.852341,1,0,0,0,1,1,1,1,1,0
[NH2+](C[C@@H](C)C[NH+]1CCC(C[NH+]2CCCC2)CC1)C(C)C,,C62036487,99.74897,1,0,0,0,1,1,1,0,1,0
[NH3+]C[C@@H]([NH+]1CCC(C[NH+]2CCCC2)CC1)[C@@H]1COCC1,,C62050307,65.012878,1,0,0,0,1,0,1,0,0,0
[NH3+][C@@H]1[C@H]([NH+]2CCC(C[NH+]3CCCC3)CC2)C[C@H](C)CC1,,C62051627,88.283875,1,0,0,0,1,1,1,0,1,0
[NH2+](CC)Cc1c(N2CCn3cc[nH+]c3C2)[nH+]c(C)cc1C,,C62324255,52.029865,1,0,0,0,0,0,0,0,1,0
O=C(N)[C@]([NH3+])(C)CCCC[NH+](C)CC1CC[NH+](C)CC1,,C63121717,73.717834,1,0,0,0,1,1,1,1,1,0
FC(F)(F)[C@@H]1[NH+]=C2C=C(C(=O)NCCCn3c[nH+]cc3)C=CC2=[NH+]1,,C63281498,79.209839,1,0,0,0,0,0,0,0,0,0
O=C(N[C@@H]1[N+](CC(C)C)=C(C)[C@@H](C)[C@H]1C1[NH+]=C2C=CC=CC2=[NH+]1)CC,,C63491103,82.409668,1,0,0,0,0,0,0,0,0,0
O(CCC[N+]=1[C@H](NC(=O)CC)[C@@H]([C@H](C)C=1C)C1[NH+]=C2C=CC=CC2=[NH+]1)C(C)C,,C63491184,82.584625,1,0,0,0,0,0,0,0,0,0
S(C[C@H]1[C@H](C)O[C@@H](c2c(F)cccc2)N1)[C@H]1[NH+]=C2C=[NH+]C=CC2=[NH+]1,,C63513583,84.365723,1,0,0,0,0,0,0,0,0,0
S(Cc1c(C)cc(C)cc1C)[C@@H]1[NH+]=C2C=[NH+]C=CC2=[NH+]1,,C63513647,99.82618,1,0,0,0,0,0,0,0,0,0
S(CC1=[NH+][C@@H](c2c(C)onc2-c2ccccc2)ON1)C1[NH+]=C2C=CC=CC2=[NH+]1,,C63608948,98.792397,1,0,0,0,0,0,0,0,0,0
[NH3+][C@H](CN1CC[NH+](C)CC1)CC=1C[NH+]=C2C=CC=CC=12,,C63763405,82.371727,1,0,0,0,1,1,0,0,1,0
O=C1N(C)C(=O)C2(N1CC)CC[NH+](CC1[NH+]=C3C=CC=CC3=[NH+]1)CC2,,C63985523,85.12394,1,0,0,0,0,0,0,0,0,0
Fc1c([C@H]2O[C@@H](C)[C@H](C[NH+](C)CC3[NH+]=C4C=C(C)C(C)=CC4=[NH+]3)N2)cc(F)cc1,,C64103318,88.09185,1,0,0,0,1,0,0,0,1,0
FC=1C=CC2=[NH+][C@H](C[NH+](C)CC=3[C@@H](c4ccc5OCOc5c4)[NH+]=NC=3)C=C2C=1,,C64103577,78.093254,1,0,0,0,0,0,0,0,0,0
S(C1[NH+]=C2C=CC=CC2=[NH+]1)[C@H]1C[NH+](Cc2cc(OC)ccc2)[C@H](C(=O)NC(C)C)C1,,C64158160,57.19323,1,0,0,0,0,0,0,0,0,0
CC1=[NH+][C@H](C[NH+]2CCC(C=3C[NH+]=C4C=CC=CC=34)CC2)ON1,,C64188117,82.709,1,0,0,0,0,0,0,0,0,0
O[C@]1(C[NH+](C)C[C@@H]2[NH+]=C3C(C)=CC=CC3=[NH+]2)C(=O)N(C)CCC1,,C64636511,54.868351,1,0,0,0,1,0,0,0,1,0
Clc1c([C@@H]2O[C@H](C)[C@@H](C[NH+](C)C[C@H]3[NH+]=C4C=C(F)C=CC4=[NH+]3)N2)cccc1,,C64639968,79.871201,1,0,0,0,1,0,0,0,1,0
FC(F)(F)[C@@H]1[NH+]=C2C=C([C@H]([NH3+])c3ccccc3)C=CC2=[NH+]1,,C64672587,91.309196,1,0,0,0,0,0,0,0,0,0
S(CC[NH2+]CC(=O)NC1[NH+]=C2C=CC=CC2=[NH+]1)c1nn[nH]c1,,C65394509,52.131588,1,0,0,0,1,0,0,0,0,0
N(C)(CC[C@H]1[NH+]=C2C(C)=CC=CC2=[NH+]1)C1=[NH+]C=NC2=NC=C[C@@H]12,,C65409735,48.109398,1,0,0,0,0,0,0,0,0,0
[NH2+](C[C@@H]1[NH+]=C2C(C)=C(C)C=CC2=[NH+]1)Cc1c(-n2nccc2)cccc1,,C65469585,73.141373,1,0,0,0,0,0,0,0,1,0
Brc1ccc2c(N[C@@H](C)CCC[NH+](CC)CC)cc[nH+]c2c1,,C01700320,79.472603,1,1,0,0,1,1,1,1,1,0
O(C)c1ccc(CC[NH+]2CCC(C[NH+](C)Cc3oc(C)c(C)c3)CC2)cc1,,C12076427,95.341621,1,0,0,0,0,1,0,0,1,0
Brc1c(F)ccc(C[NH2+][C@@H](C)CCC[NH+](CC)CC)c1,,C19915208,99.773964,1,0,0,0,1,1,0,0,1,0
Brc1sc(C[NH2+]Cc2c(C[NH+](CC)CC)cccc2)cc1,,C20024350,96.465729,1,0,0,0,1,1,0,0,1,0
N(CC[C@@]1([C@@H](C)C[NH+](C)[C@H](C)C1)c1ccccc1)[C@@H]1[C@H](C)C[NH+](C)[C@@H](C)C1,,C17250764,99.475952,1,0,0,0,1,1,1,1,1,0
Clc1c(C[NH2+][C@H](C)CCC[NH+](CC)CC)c(Cl)ccc1Cl,,C35054816,99.384888,1,0,0,0,1,1,0,0,1,0
Brc1ccc(C2CC([NH2+][C@@H](C[NH+](C)C)CC(C)C)C2)cc1,,C37167250,91.792549,1,0,0,0,0,0,0,0,1,0
Brc1c(OC)ccc([C@@H]([NH2+]CC(C)(C)C[NH+](C)C)C)c1,,C37197141,99.531647,1,0,0,0,0,1,0,0,1,0
Ic1ccc([C@H]([NH2+]CC2([NH+](C)C)CCCCC2)C)cc1,,C37216984,93.80069,1,0,0,0,1,0,0,0,1,0
Brc1ccc(C2CC([NH2+]C[C@H]3C[NH+](C4CC4)CC3)C2)cc1,,C37648919,99.684311,1,0,0,0,1,0,0,0,0,0
Brc1sc([C@H]([NH2+][C@@H](Cn2c[nH+]cc2)C(C)(C)C)C)cc1,,C38003258,82.331215,1,0,0,0,0,0,0,0,0,0
Brc1sc([C@@H]([NH2+][C@H](Cn2c[nH+]cc2)C(C)(C)C)C)cc1,,C38003259,82.331215,1,0,0,0,0,0,0,0,0,0
Brc1c(F)ccc([C@H]([NH2+][C@H](C[NH+](C)C)CC(C)C)C)c1,,C37321667,88.535461,1,0,0,0,0,0,0,0,1,0
O(C(C)C)C(=O)COc1ccc(/C=C(/C#N)\C2[NH+]=C3C=CC=CC3=[NH+]2)cc1,,C39352787,99.763428,1,0,0,0,0,0,0,0,0,0
O(C)c1c(/C=C(/C#N)\[C@H]2[NH+]=C3C=C(OC)C=CC3=[NH+]2)ccc(N(CC)CC)c1,,C39369748,93.764565,1,0,0,0,0,0,0,0,0,0
Fc1c([C@H]2C(C[NH2+]CC[C@@H]3C[C@H]4C[C@@H]3C=C4)=CN=[NH+]2)ccc(OC)c1,,C39388198,98.138237,1,0,0,0,0,0,0,0,1,0
FC(F)(F)c1ccc(CC[NH2+]CC=2[C@@H](c3c(F)cc(F)cc3)[NH+]=NC=2)cc1,,C39447852,96.233818,1,0,0,0,0,0,0,0,0,0
Brc1c(OCCC)c(OCC)cc(/C=C(\C#N)/C2[NH+]=C3C=CC=CC3=[NH+]2)c1,,C39934648,99.767235,1,0,0,0,0,0,0,0,0,0
Clc1c(COc2ccc(C[NH2+]CCC[NH+](C)C)cc2)ccc(F)c1,,C40719529,98.997665,1,0,0,0,1,0,0,0,1,0
Clc1c(COc2c(C[NH2+]CCC[NH+](C)C)cc(Cl)cc2)ccc(F)c1,,C40720657,97.443352,1,0,0,0,1,0,0,0,1,0
Brc1ccc([C@H]([NH2+][C@@H](C)C2CC[NH+](CC)CC2)C)cc1,,C49514961,99.898727,1,0,0,0,1,1,0,0,1,0
Brc1ccc(OCC[NH2+][C@@H]2CC[NH+]3CCCC[C@H]23)cc1,,C49596188,50.378231,1,0,0,0,0,0,0,0,0,0
Clc1c(C[C@@H](CC[NH2+]CC[NH+](C)C)c2ccc(Cl)cc2)cccc1,,C20588734,84.886986,1,0,0,0,0,0,0,0,1,0
Brc1scc(C[NH+](C)CC(C)(C)C[NH2+]CC(C)C)c1,,C51256940,99.524582,1,0,0,0,1,1,0,0,1,0
Brc1ccc(C[NH+](C)Cc2occ(C[NH2+]CCC)c2)cc1,,C52371799,87.046738,1,0,0,0,1,1,0,0,1,0
Brc1ccc(C[NH+](C)[C@H](C)CCC[NH2+]C(C)(C)C)cc1,,C52371813,99.895912,1,0,0,0,1,1,0,0,1,0
Brc1cc(C[NH+](C)CCCCC[NH2+]C(C)(C)C)sc1,,C52517154,99.640305,1,0,0,0,1,1,0,0,1,0
Brc1c(C[NH+](C)Cc2oc(C[NH2+]C(C)C)cc2)cccc1,,C52541225,78.742493,1,0,0,0,1,1,0,0,1,0
Brc1cc(C[NH+](C)[C@H](C)CCC[NH2+]CC(C)C)ccc1,,C52545190,99.834366,1,0,0,0,1,1,0,0,1,0
Brc1sc([C@H]([NH2+]C[C@H](C(C)C)N2CC[NH+](C)CC2)C)cc1,,C40770332,89.465622,1,0,0,0,1,1,0,0,1,0
Clc1cc(Cl)cc(-c2oc(C[NH2+]C[C@@H]3[NH+](CC)CCC3)cc2)c1,,C35805114,83.874161,1,0,0,0,1,0,0,0,1,0
Brc1c(C[NH+](C)Cc2c(C[NH2+]CCC)cco2)cccc1,,C52541217,74.242928,1,0,0,0,1,1,0,0,1,0
Brc1c(N2CC[NH+]([C@@H](C)CC)CC2)ccc([C@@H]([NH2+]C)C)c1,,C61698228,99.639542,1,0,0,0,1,0,0,0,1,0
Brc1c(OCC[NH+](CC)CC)ccc(C[NH2+]C(C)(C)C)c1,,C62727926,99.718239,1,0,0,0,1,0,0,0,1,0
Brc1c(OCC[NH+]2CCCC2)c(C[NH2+]CC(C)C)ccc1,,C62733667,98.893227,1,0,0,0,1,1,0,0,1,0
Clc1c(C(=O)N[C@H](Cc2ccccc2)C2[NH+]=C3C=CC=CC3=[NH+]2)cc(F)c(F)c1,,C63268812,99.270775,1,0,0,0,0,0,0,0,0,0
O=C(N[C@@H](C)C1[NH+]=C2C=CC=CC2=[NH+]1)C(c1ccccc1)c1ccccc1,,C63338968,99.212555,1,0,0,0,0,0,0,0,0,0
FC(F)(F)OC=1C=CC2=[NH+][C@H](C)C(CC[NH2+]CC(CC)CC)=C2C=1,,C63514317,84.707016,1,0,0,0,0,0,0,0,1,0
S(CC(=O)Nc1c(C)cc(C)cc1C)CC1[NH+]=C2C=CC=CC2=[NH+]1,,C63533476,98.684822,1,0,0,0,0,0,0,0,0,0
S([C@@H](C(=O)c1ccccc1)c1ccccc1)C1[NH+]=C2C=CC=CC2=[NH+]1,,C63677321,99.45475,1,0,0,0,0,0,0,0,0,0
OCC[C@H]1[NH+](C2CCCC2)CCN(C[C@H]2C(C)=C3C=C(C)C=CC3=[NH+]2)C1,,C64058616,69.526451,1,0,0,0,1,0,0,0,1,0
Fc1cc(N2[C@@H](C)[C@H]([C@H]([NH2+]C[C@H]3[NH+]=C4C=CC=CC4=C3)C)C=N2)ccc1,,C64111279,91.025436,1,0,0,0,0,0,0,0,1,0
O=C(/C=C/c1cc(OC)c(OCCC)cc1)C=1C=CC2=[NH+]C(=O)[NH+]=C2C=1,,C64181990,99.99826,1,0,0,0,0,0,0,0,0,0
Brc1c(F)ccc(C[NH2+]CCC=2C[NH+]=C3C=CC=CC=23)c1,,C64693614,85.648361,1,0,0,0,0,0,0,0,1,0
Clc1c(F)ccc(NC(=O)CCC=2C=CC3=[NH+][C@@H](CC)[NH+]=C3C=2)c1,,C64747076,98.208321,1,0,0,0,0,0,0,0,0,0
Clc1c(F)ccc(NC(=O)CCC=2C=CC3=[NH+][C@@H](CCC)[NH+]=C3C=2)c1,,C65112875,98.226768,1,0,0,0,0,0,0,0,0,0
Fc1c(C)ccc(NC(=O)CCC=2C=CC3=[NH+][C@@H](CCC)[NH+]=C3C=2)c1,,C65112967,98.226913,1,0,0,0,0,0,0,0,0,0
Fc1c(F)ccc(NC(=O)CCC=2C=CC3=[NH+][C@H](CCC)[NH+]=C3C=2)c1,,C65112976,98.227173,1,0,0,0,0,0,0,0,0,0
Clc1cc(F)c(NC(=O)CCC=2C=CC3=[NH+][C@H](CCC)[NH+]=C3C=2)cc1,,C65112978,98.227966,1,0,0,0,0,0,0,0,0,0
ClC=1C=CC2=[NH+][C@@H](CNC[C@@H]3S[C@H](c4c(C)cccc4)N=C3)[NH+]=C2C=1,,C65376048,78.93866,1,0,0,0,0,0,0,0,0,0
[NH+](CC#Cc1ccc(C#CC[NH+](C(C)C)C(C)C)cc1)(C(C)C)C(C)C,,C02478830,99.192451,1,0,0,0,0,0,0,0,0,0
[NH+](CC)(CC)Cc1c(C)c(C[NH+](CC)CC)c(C)cc1C,,C02022443,99.868843,1,0,0,0,1,1,0,0,1,0
O=C1[C@@H](C)C[NH+](C/C=C/C[NH+]2[C@@H](C)CC(=O)[C@@H](C)C2)[C@@H](C)C1,,C09327755,96.568642,1,0,0,0,1,1,0,0,1,0
O(C)CC[NH+]1C[C@]2(C[NH+](C3CCCCCCC3)CC2)CCC1,,C12074249,99.09272,1,0,0,0,0,1,0,0,1,0
O=C(N(CC[NH+]1CCCCC1)C[C@@H]1C[NH+](C2CCCC2)CCC1)C1CCCC1,,C14949830,99.761589,1,0,0,0,0,1,0,0,1,0
O(C)CC[NH+]1CCC(C[NH+](C[C@H]2OCCC2)CC2CCCCC2)CC1,,C12758949,99.36171,1,0,0,0,1,1,0,0,1,0
[NH+](\CC/C=C\C=[NH+]\CCc1ccccc1)=C/C=C\c1ccccc1,,C17324154,96.388443,1,0,0,0,0,0,0,0,0,0
O(C)CC[NH+]1CCC(CN2CCC([NH+]3CCCC3)CC2)CC1,,C32587110,99.050819,1,0,0,0,1,1,0,0,1,0
S(C)/C(=[NH+]\CC=C)/N1CCN(/C(/SC)=[NH+]/CC=C)CC1,,C06182731,96.283127,1,0,0,0,0,1,0,0,1,0
Fc1c(N2CCOCC2)ccc(/C=C(/C#N)\C2[NH+]=C3C=CC=CC3=[NH+]2)c1,,C39354015,99.75428,1,0,0,0,0,0,0,0,0,0
S(Cc1c(C)cccc1)C1[NH+]=C2C=C3C=CC=CC3=CC2=[NH+]1,,C39370777,86.43737,1,0,0,0,0,0,0,0,0,0
O(CC#C)c1c(/C=C(\C#N)/C2[NH+]=C3C=CC=CC3=[NH+]2)cccc1,,C39425637,99.770973,1,0,0,0,0,0,0,0,0,0
O(CCC)c1c(/C=C(\C#N)/[C@@H]2[NH+]=C3C=C(C)C=CC3=[NH+]2)cccc1,,C39443752,99.762115,1,0,0,0,0,0,0,0,0,0
Cl/C(=C\c1sccc1)/[C@@H]1[NH+]=C2C=C([N+](=O)[O-])C=CC2=[NH+]1,,C39461920,99.804382,1,0,0,0,0,0,0,0,0,0
Cl/C(=C\c1cscc1)/[C@H]1[NH+]=C2C=C([N+](=O)[O-])C=CC2=[NH+]1,,C39461922,99.793068,1,0,0,0,0,0,0,0,0,0
O(C)c1c(/C=[NH+]/CC/[NH+]=C/c2c(OC)cccc2)cccc1,,C18168950,97.254593,1,0,0,0,0,0,0,0,0,0
O=C(C)c1ccc(/C=C(\C#N)/[C@H]2[NH+]=C3C=C(C)C=CC3=[NH+]2)cc1,,C39697478,99.772141,1,0,0,0,0,0,0,0,0,0
O(CC=C)c1c(/C=C(\C#N)/[C@@H]2[NH+]=C3C=C(C)C=CC3=[NH+]2)cccc1,,C39706872,99.76236,1,0,0,0,0,0,0,0,0,0
O(CC=C)c1c(/C=C(\C#N)/[C@H]2[NH+]=C3C=C(C)C=CC3=[NH+]2)cccc1,,C39706873,99.76236,1,0,0,0,0,0,0,0,0,0
Clc1c(CN2C[C@@H](/C=C(\C#N)/C3[NH+]=C4C=CC=CC4=[NH+]3)c3ccccc23)ccc(F)c1,,C39934669,99.768837,1,0,0,0,0,0,0,0,0,0
Clc1c(CN2C[C@H](/C=C(/C#N)\C3[NH+]=C4C=CC=CC4=[NH+]3)c3ccccc23)ccc(F)c1,,C39964526,99.768837,1,0,0,0,0,0,0,0,0,0
[NH+](C)(C)C1C(C([NH+](C)C)C1c1ccccc1)c1ccccc1,,C45027945,97.802536,1,0,0,0,0,1,0,0,0,0
C([NH+]1CCC(C[NH+]2CCCCCC2)CC1)[C@@H]1OCCCC1,,C48563697,99.659233,1,0,0,0,0,0,0,0,1,0
ClCc1c(N2CC[NH+](C(C)(C)C)CC2)[nH+]c(C)cc1C,,C48946103,60.48497,1,0,0,0,0,0,0,0,1,0
O(C)c1ccc2oc(C)c(C[NH+](CC)CC[NH+](CC)CC)c2c1,,C51331093,89.246048,1,0,0,0,0,0,0,0,1,0
O=C(N(C(C)C)C(C)C)C[NH+]1CCC([NH+]2CCCC2)CC1,,C51925399,57.881573,1,0,0,0,0,0,0,0,1,0
S=C1N(/N=C/c2ccc(F)cc2)[C@H](c2cc[nH+]cc2)N=[NH+]1,,C38905782,99.713486,1,0,0,0,0,0,0,0,0,0
O=C(CCC1CC[NH+](C[C@H](C)CCC=C(C)C)CC1)N1CC[NH+](CC)CC1,,C14979905,97.817558,1,0,0,0,1,1,0,0,1,0
Fc1ccc([NH+]=C2C=CN(CCCCCCCCN3C=CC(=[NH+]c4ccc(F)cc4)C=C3)C=C2)cc1,,C29236164,99.993546,1,0,0,0,1,1,0,0,0,0
O=C(N(CC)CC(C)=C)[C@H](C)[NH+]1CCC(CC[NH+](C)C)CC1,,C56523191,95.440628,1,0,0,0,1,1,0,0,1,0
O=C(/C=C/c1c(C)cc(C)cc1)C=1C=CC2=[NH+]C(=O)[NH+]=C2C=1,,C39771875,99.998276,1,0,0,0,0,0,0,0,0,0
S(=O)(=O)(CCC1[NH+]=C2C=CC=CC2=[NH+]1)c1ccc(C)cc1,,C63165488,98.882706,1,0,0,0,0,0,0,0,0,0
CC(C)Cc1ccc([C@@H](C)[C@@H]2[NH+]=C3C=C(C)C=CC3=[NH+]2)cc1,,C63221911,98.532501,1,0,0,0,0,0,0,0,0,0
Clc1c(Cl)ccc(CS[C@H]2[NH+]=C3C=C(C)C=CC3=[NH+]2)c1,,C63258792,99.259224,1,0,0,0,0,0,0,0,0,0
C(Cc1onc(-c2ccccc2)n1)C1[NH+]=C2C=CC=CC2=[NH+]1,,C63279654,98.62233,1,0,0,0,0,0,0,0,0,0
Clc1c(/C=N/N2[C@H](c3cc[nH+]cc3)N=[NH+]C2=S)ccc(Cl)c1,,C38903824,99.713745,1,0,0,0,0,0,0,0,0,0
S=C1N(/N=C/c2cc(C)ccc2)[C@H](c2cc[nH+]cc2)N=[NH+]1,,C38931712,99.713562,1,0,0,0,0,0,0,0,0,0
S(CC1=N[C@@H]2C(C)=CC=CN2C1)C1[NH+]=C2C=CC=CC2=[NH+]1,,C63576369,99.356125,1,0,0,0,0,0,0,0,0,0
Clc1c(C(=O)N2[C@@H](C3[NH+]=C4C=CC=CC4=[NH+]3)CC(c3ccccc3)=N2)cccc1,,C63611361,99.466721,1,0,0,0,0,0,0,0,0,0
S(CC(=O)C1=CC[C@@H](F)C=C1)[C@@H]1[NH+]=C2C=C(OCC)C=CC2=[NH+]1,,C63637411,86.576309,1,0,0,0,0,0,0,0,0,0
S(Cc1cc(OC)ccc1)[C@H]1[NH+]=C2C=C(OC)C=CC2=[NH+]1,,C63745792,84.157394,1,0,0,0,0,0,0,0,0,0
ClC=1C=CC2=[NH+][C@@H](S[C@H](C(=O)N(C)C)c3ccccc3)[NH+]=C2C=1,,C63749935,99.327766,1,0,0,0,0,0,0,0,0,0
O=C1N(c2c(CC)cccc2)C[C@@H](C2[NH+]=C3C=CC=CC3=[NH+]2)C1,,C63838975,98.916527,1,0,0,0,0,0,0,0,0,0
FC(F)(F)c1c(/C=C/[C@H]2C(=O)[NH+]=C3C=CC=CC3=[NH+]2)cccc1,,C39995833,99.674332,1,0,0,0,0,0,0,0,0,0
FC=1C=CC2=[NH+][C@@H]([C@H](C)Cc3ccc4OCOc4c3)[NH+]=C2C=1,,C63846777,97.611969,1,0,0,0,0,0,0,0,0,0
FC=1C=CC2=[NH+][C@H](C)C(CC[NH+]3[C@H](COC)CCC3)=C2C=1,,C64110979,85.670998,1,0,0,0,0,0,0,0,1,0
Fc1ccc(-c2nc(CCC3[NH+]=C4C=CC=CC4=[NH+]3)on2)cc1,,C64417209,98.623093,1,0,0,0,0,0,0,0,0,0
O(C)c1ccc2O[C@@H](CC)C[NH+](C[C@H]3[NH+]=C4C=CC=CC4=C3)Cc2c1,,C64622258,63.755379,1,0,0,0,0,0,0,0,1,0
O=C1[C@H](CN(C)CC2[NH+]=C3C=CC=CC3=[NH+]2)C=C(C)C(C)=N1,,C64651026,75.673523,1,0,0,0,1,0,0,0,1,0
BrC=1C=CC2=[NH+][C@@H](SCCOc3c(F)cccc3)[NH+]=C2C=1,,C65042823,98.61055,1,0,0,0,0,0,0,0,0,0
S(C)c1ccc(C[NH+](C)CC2=CC(=O)Oc3cc(C)c(C(C)C)cc23)cc1,,C03571747,94.259384,1,0,0,0,0,0,0,0,1,0
O(CC[NH+](CC)CC)[C@H]1CC[C@]2(C)[C@H]3CC[C@]4(C)C(=O)CC[C@H]4[C@@H]3CC=C2C1,,C03995983,99.893501,1,0,0,0,0,0,0,0,0,0
Fc1c(C[NH+](CCCC)CC(=O)N2[C@H](c3ccc(F)cc3)SCC2)cccc1,,C04408515,74.027229,1,0,0,0,0,0,0,0,0,0
S(C)c1ccc(/C=N/N2CC[NH+](C(c3ccccc3)c3ccccc3)CC2)cc1,,C02387626,85.963089,1,0,0,0,0,0,0,0,0,0
Fc1c(Cn2c(C[NH+](CC=C)Cc3ccc(OC)cc3)ccc2)cccc1,,C04752134,98.790222,1,0,0,0,0,0,0,0,1,0
Fc1c(F)c(/C=C/C[NH+]2CCOCC2)c(F)c(F)c1Oc1ccc(C#N)cc1,,C04868154,90.223068,1,0,0,0,0,0,0,0,0,0
Clc1ccc(OCCOCC[NH+]2C[C@H](C)C[C@H](C)C2)c2ccccc12,,C04906570,99.821106,1,0,0,0,0,0,0,0,1,0
O=C(N1C[NH+](CCC(C)C)Cc2c(C)c(C)sc12)c1ccc(OC)cc1,,C05612024,70.875839,1,0,0,0,0,0,0,0,0,0
O=C1N2C(c3ccccc3)=CSC2=NC(C[NH+](C)Cc2ccc(C)cc2)=C1,,C06647324,88.325882,1,0,0,0,0,0,0,0,1,0
CCc1sc2ncnc(N3CC[NH+](C/C=C\c4ccccc4)CC3)c2c1,,C02026788,90.181076,1,0,0,0,0,0,0,0,0,0
Brc1cc(C)c(OCCOCC[NH+](C)Cc2ccccc2)c(C)c1,,C02823430,98.497269,1,0,0,0,0,0,0,0,1,0
Fc1c(-c2oc(C)c(C[NH+](C)[C@@H](C)c3sccc3)n2)ccc(OC)c1,,C12431765,98.486542,1,0,0,0,0,0,0,0,0,0
Brc1cc([C@@H]2[NH+]3C[C@@]4(CC)C(=O)[C@@](CC)(C3)CN2C4)c(OCC)cc1,,C19327522,85.236977,1,0,0,0,0,0,0,0,0,0
Ic1cc(C)c(OCCCC[NH+]2CCN(C)CC2)cc1,,C20652530,48.523556,1,0,0,0,0,0,0,0,1,0
Brc1ccc(C(=O)CN(c2cc(C)ccc2)C=2SCC[NH+]=2)cc1,,C26506127,88.825844,1,0,0,0,0,0,0,0,0,0
Fc1ccc(-n2c3ccc(F)cc3c3C[NH+](CCCCc4ccncc4)CCc23)cc1,,C29487655,99.087158,1,0,0,0,0,0,0,0,0,0
FC(F)(F)c1cc([C@H]2[C@@H](C[NH+]3CCCC3)CN(C(=O)c3cc(C)ccc3)C2)ccc1,,C34697906,99.898949,1,0,0,0,0,0,0,0,0,0
S(CCC)c1nc(N2CC[NH+](CCC)CC2)c2c(C)c(C)sc2n1,,C34758457,88.920647,1,0,0,0,0,0,0,0,0,0
FC(F)(F)c1cc(Cn2c(C[NH+](Cc3cc(C#N)ccc3)C3CC3)ccc2)ccc1,,C35499757,99.055084,1,0,0,0,0,0,0,0,1,0
Fc1cc([C@@H]2N(C(=O)C[NH+](C)C(C)C)N=C(c3cc(C)c(C)cc3)C2)ccc1,,C35787514,67.080658,1,0,0,0,0,0,0,0,0,0
FC(F)(F)c1cc([C@@H]2[C@H](C[NH+]3CCCC3)CN(C(=O)c3occc3)C2)ccc1,,C35885749,99.895538,1,0,0,0,0,0,0,0,0,0
Clc1cc(C[NH+]2[C@@H](c3cc(OC)c(OC)cc3)c3n(CCC2)ccc3)ccc1,,C36347671,97.382858,1,0,0,0,0,0,0,0,1,0
O(C)c1cc(OC)cc(C[NH+]2[C@@H](c3c(C)ccc(C)c3)c3n(CCC2)ccc3)c1,,C36348116,97.204475,1,0,0,0,0,0,0,0,1,0
FC(F)(F)c1c(CC2(C(OCC)=O)CC[NH+](CC3CC3)CC2)cccc1,,C12459058,99.852165,1,0,0,0,0,0,0,0,1,0
S=C1N(c2ccc(N(CC)CC)cc2)C(=O)/C(=C/C=2C[NH+]=C3C=CC=CC=23)/S1,,C38561105,97.217857,1,0,0,0,0,0,0,0,0,0
S(C[C@@H]1[NH+](C)CCCC1)c1nnc(-c2c(C)nc(-c3ccc(F)cc3)s2)cc1,,C38719479,99.934074,1,0,0,0,0,0,0,0,0,0
Brc1c(C(=O)N(CC(C)C)C[C@@H]2C(=O)[NH+]=C3C=CC=CC3=C2)cccc1,,C38994407,99.998451,1,0,0,0,0,0,0,0,0,0
S(=O)(=O)(C(C)C)[C@@H]1C[C@]2([NH+](Cc3ccccc3)[C@@H](OC)CCC2)CCC1,,C39520756,98.919464,1,0,0,0,0,0,0,0,1,0
S([C@H](C(=O)C=1C[NH+]=C2C=CC=CC=12)c1ccccc1)c1ncnc2sccc12,,C39991064,91.810455,1,0,0,0,0,0,0,0,0,0
Brc1cc(-c2nc(C[NH+](C)[C@@H](C)c3ccc(Cl)cc3)on2)sc1,,C40157200,72.76693,1,0,0,0,0,0,0,0,0,0
Brc1scc(C[NH+](C)CCCOc2cc(C#N)ccc2)c1,,C42362185,99.66127,1,0,0,0,0,0,0,0,1,0
Brc1scc(C[NH+](C)CCOc2ccc(CC#N)cc2)c1,,C42362193,97.795052,1,0,0,0,0,0,0,0,1,0
Fc1c(CCN2C(=O)CC[C@H]3C[NH+](Cc4c(C)ccs4)CC[C@@H]23)cccc1,,C43608096,99.26104,1,0,0,0,0,0,0,0,1,0
S(C)c1cc([C@H]2[NH+]3CCC[C@]43C(=O)N(Cc3c(OC)cccc3)C[C@H]4C2)ccc1,,C43641803,84.532509,1,0,0,0,0,0,0,0,0,0
Brc1c(C[NH+](C)[C@@H](C)c2c(OC)cccc2)cc2OCCOc2c1,,C46865942,98.948425,1,0,0,0,0,0,0,0,1,0
S(=O)(=O)(N1CC[NH+]([C@@H](C)Cc2ccccc2)CC1)c1c(C)cc(F)cc1,,C49719516,96.285194,1,0,0,0,0,0,0,0,1,0
FC(F)(F)c1ccc(C[NH+](C)Cc2cc(F)cc3COCOc23)cc1,,C53403198,94.689804,1,0,0,0,0,0,0,0,1,0
Brc1ccc2n([C@@H](C[NH+](C)C)C(C)C)c(CCl)nc2c1,,C49223068,81.221123,1,0,0,0,0,0,0,0,0,0
Clc1c([C@@H]([NH+](C)CCC(=O)N2CCc3sccc3C2)C)ccc(Cl)c1,,C59808976,98.720261,1,0,0,0,0,0,0,0,1,0
O=C(Cc1sccc1)N1[C@H](c2ccc(OCC)cc2)[C@H]2[NH+]=C3C=CC=CC3=C2CC1,,C63697933,89.763344,1,0,0,0,0,0,0,0,0,0
Fc1ccc([C@H]2C(CCC(=O)N(C)c3cc(C#N)ccc3)=C3C=CC=CC3=[NH+]2)cc1,,C63974734,87.578201,1,0,0,0,0,0,0,0,0,0
O=C(CCC[C@H]1SC=CC1)N1CCC(C=2C[NH+]=C3C=CC=CC=23)CC1,,C64176303,83.542068,1,0,0,0,0,0,0,0,0,0
O=C(CCC)N1[C@@H](c2ccc(OCC)cc2)[C@H]2[NH+]=C3C=CC=CC3=C2CC1,,C64568207,89.679794,1,0,0,0,0,0,0,0,0,0
Clc1ccc(N(C(=O)CCC=2C[NH+]=C3C=CC=CC=23)C=2SC[C@@H](C)N=2)cc1,,C64691596,45.005459,1,0,0,0,0,0,0,0,0,0
Clc1sc(/C=C\2/C(=O)N(CC(C)(C)C[NH+](C)C)C(=S)S/2)cc1,,C66145111,99.81842,1,0,0,0,0,0,0,0,1,0
Clc1ccc(/C=C\2/C(=O)N(CC(C)(C)C[NH+](C)C)C(=S)S/2)cc1,,C66145206,99.818092,1,0,0,0,0,0,0,0,0,0
Clc1ccc(Cc2scc(C[NH+](C)Cc3c(C)ncs3)n2)cc1,,C66565957,92.93911,1,0,0,0,0,0,0,0,1,0
Clc1c(F)ccc([C@@H](C)[NH+]2CCC(CC(=O)N3CCN(CC)CC3)CC2)c1,,C66568452,97.729088,1,0,0,0,1,1,0,0,1,0
Fc1c([C@@H](C)CC(=O)N(CC)Cc2ccc(C[NH+](C)C)cc2)cccc1,,C66725872,99.650383,1,0,0,0,0,0,0,0,1,0
ClC1=CN2C(=O)C=C(C[NH+](Cc3ccccc3)[C@@H](C)CC)N=C2C=C1,,C66864720,83.686028,1,0,0,0,0,0,0,0,1,0
O(C)c1c(OCc2ccccc2)c(C[NH2+]CCC[NH+]2CCOCC2)ccc1,,C05019608,90.059387,1,0,0,0,1,0,0,0,1,0
Clc1c(OCc2sccc2)c(OC)cc(C[NH2+]CCC[NH+](C)C)c1,,C07539914,98.556519,1,0,0,0,1,0,0,0,1,0
Brc1c(OCC)c(OCC)cc(C[NH2+]CCC[NH+](C)C)c1,,C08253820,98.60363,1,0,0,0,1,0,0,0,1,0
Brc1c(OCC=C)c(OC)cc(C[NH2+]CCC[NH+](C)C)c1,,C08373825,98.59214,1,0,0,0,1,1,0,0,1,0
Brc1cc(C[NH2+]CCC[NH+]2CCOCC2)c(OCC=C)cc1,,C02860807,90.0252,1,0,0,0,1,0,0,0,1,0
Oc1c(OCC)cccc1/C=[NH+]/C[C@@H]([NH+]1CCCC1)c1c(OC)cccc1,,C22769455,96.8769,1,0,0,0,1,0,0,0,1,0
Brc1c([N+](=O)[O-])cc(C[NH2+]CC(C)(C)C[NH+](C)C)cc1,,C34995578,97.883385,1,0,0,0,0,0,0,0,1,0
Clc1c(OC)ccc(-c2oc(C[NH2+]CCCn3c[nH+]cc3)cc2)c1,,C35758959,70.744682,1,0,0,0,0,0,0,0,1,0
O[C@@H](CC)C[NH+]1C[C@H](C[NH+]2CCC(C)CC2)[C@H](c2ccc(OC)cc2)C1,,C35882270,97.72287,1,0,0,0,1,1,0,0,1,0
Fc1cc(C[NH+](CCCO)C[C@@H]2C(=O)[NH+]=C3C=CC(C)=CC3=C2)ccc1,,C38806438,89.169823,1,0,0,0,1,0,0,0,1,0
O(C)CCN1[C@@H](NC(=O)C(C)C)C(C2[NH+]=C3C=CC=CC3=[NH+]2)=C(C)[C@H]1C,,C39272611,89.505791,1,0,0,0,0,0,0,0,0,0
O(C)c1ccc2cc([C@@H]3C(C[NH2+]Cc4onc(CC)c4)=CN=[NH+]3)ccc2c1,,C39364409,86.300003,1,0,0,0,0,0,0,0,0,0
Fc1c([C@@H]2C(C[NH2+]Cc3c(OC)c(OC)ccc3)=CN=[NH+]2)ccc(OC)c1,,C39430151,81.651535,1,0,0,0,0,0,0,0,1,0
[NH2+](CCc1nc(C)c2CCCCc2n1)CC=1[C@@H](c2cc(C)c(C)cc2)[NH+]=NC=1,,C39442464,88.137596,1,0,0,0,0,0,0,0,1,0
O(CC)C(=O)CNc1c([C@H]2C(=O)[NH+]=C3C=C4C=CC=CC4=CC3=[NH+]2)cccc1,,C39697804,99.356758,1,0,0,0,0,0,0,0,0,0
Clc1c(COc2ccc(C[NH2+]CCCn3c[nH+]cc3)cc2)c(F)ccc1,,C40719405,79.675507,1,0,0,0,0,0,0,0,1,0
Brc1c(OC(C)C)c(OC)cc(C[NH2+]CCCn2c[nH+]cc2)c1,,C40719411,79.467621,1,0,0,0,0,0,0,0,1,0
O(C)c1ccc([C@@H]([NH+](C)C)CNc2cc(C)[nH+]c3ccc(OC)cc23)cc1,,C41474285,86.490105,1,0,0,0,1,1,0,1,0,0
Brc1c(OCC)c(OC)cc(C[NH2+][C@H](C)CC[NH+](C)C)c1,,C49553913,99.322716,1,0,0,0,1,1,0,0,1,0
Fc1ccc(-c2oc(CCC(=O)NC[C@@H]([NH+](C)C)c3cc(OC)ccc3)[nH+]c2)cc1,,C22683762,98.184601,1,0,0,0,0,0,0,0,0,0
FC(F)(F)C[NH+]1C[C@H](CNC(=O)C[NH+]2CCC[C@H]3CCCC[C@H]23)CC1,,C51476692,93.033585,1,0,0,0,0,0,0,0,1,0
Brc1cc(C[NH2+]CC(C)C)c(OCC[NH+]2CCCC2)nc1,,C51548972,97.45993,1,0,0,0,1,1,0,0,1,0
Brc1cc(C[NH2+]CCC)c(OCC[C@@H]2[NH+](C)CCC2)nc1,,C51549460,98.321938,1,0,0,0,1,1,0,0,1,0
O[C@@H](COc1cc(C)ccc1)C[NH+]1CCC(C[NH+](C)CCCC)CC1,,C52209229,99.056831,1,0,0,0,1,1,0,0,1,0
Brc1ccc(-c2n[nH+]c(NCCC[NH+](CC)CC)cc2)cc1,,C20723817,99.424431,1,0,0,0,0,0,0,0,0,0
Brc1cc(C[NH2+]C[C@H](C)C[NH+]2CCCC2)cc2OCOc12,,C57994146,98.751686,1,0,0,0,0,0,0,0,1,0
Brc1c(OCC=C)c(OC)cc(C[NH2+]C[C@H]2[NH+](CC)CCC2)c1,,C22936682,74.620407,1,0,0,0,1,0,0,0,1,0
Clc1c(OCCC)c(OCC)cc(C[NH2+]C[C@H]2[NH+](CC)CCC2)c1,,C20968154,74.337791,1,0,0,0,0,0,0,0,1,0
FC(F)Oc1c(C[NH2+]Cc2c(C[NH+](C)C)cccc2)ccc(OC(F)F)c1,,C61557460,93.356125,1,0,0,0,1,1,0,0,1,0
Brc1c(C[NH2+]C[C@@H](C)C[NH+]2CCCC2)ccc([N+](=O)[O-])c1,,C62071780,97.075935,1,0,0,0,0,0,0,0,1,0
Brc1c(OCC[NH+](C)C)c(OC)cc(C[NH2+]CC(C)C)c1,,C62729758,98.152054,1,0,0,0,1,1,0,0,1,0
O=C(NC[C@@H]([NH+](C)C)c1sccc1)CCCC=1C[NH+]=C2C=CC=CC=12,,C63117505,81.310486,1,0,0,0,1,0,0,0,1,0
S(CC(=O)N/N=C/c1ccc(C(F)(F)F)cc1)C1[NH+]=C2C=CC=CC2=[NH+]1,,C63135129,99.457527,1,0,0,0,0,0,0,0,0,0
S([C@H](CC)C(=O)Nc1c(C)cccc1CC)[C@H]1[NH+]=C2N=CC=CC2=[NH+]1,,C63558165,99.919037,1,0,0,0,0,0,0,0,0,0
S([C@@H](CC)C(=O)Nc1c(CC)cccc1CC)[C@@H]1[NH+]=C2N=CC=CC2=[NH+]1,,C63558176,99.919037,1,0,0,0,0,0,0,0,0,0
S(CC(=O)NCCCc1ccccc1)[C@@H]1[NH+]=C2C=C(OC)C=CC2=[NH+]1,,C63732853,86.804008,1,0,0,0,0,0,0,0,0,0
O=C(NC[C@H]([NH+]1CCCCC1)c1occc1)CC=1C[NH+]=C2C=CC=CC=12,,C63794371,83.659676,1,0,0,0,1,0,0,0,1,0
O(C)c1cc(C[NH2+]CC=2C=CC3=[NH+][C@H](CC)C(C)=C3C=2)cc2OCOc12,,C64066858,75.903542,1,0,0,0,0,0,0,0,1,0
O=C(NC[C@H]([NH+](C)C)c1cc(OC)ccc1)CC=1[C@H](C)[NH+]=C2C=CC(C)=CC=12,,C64069802,77.846825,1,0,0,0,1,0,0,0,1,0
S(CC(=O)Nc1cc(C(F)(F)F)ccc1)[C@H]1[NH+]=C2C=C(OC)C=CC2=[NH+]1,,C64097669,87.182106,1,0,0,0,0,0,0,0,0,0
O=C(CCC[C@@H]1ONC(CCC)=[NH+]1)N1CCC(C=2C[NH+]=C3C=CC=CC=23)=CC1,,C64117913,58.352539,1,0,0,0,1,0,0,0,0,0
O=C(CCC[C@H]1ONC(CCC)=[NH+]1)N1[C@@H](C)[C@@H]2[NH+]=C3C=CC=CC3=C2CC1,,C64120306,86.870232,1,0,0,0,0,0,0,0,0,0
O=C(N(C)C[C@@H]1C(C)=C2C=CC=CC2=[NH+]1)C[C@H]1[NH+](CC=C(C)C)CCNC1=O,,C64158316,79.495476,1,0,0,0,0,0,0,0,0,0
ClC=1C=CC2=[NH+][C@@H](CN3C[C@@H](CCO)[NH+](CC(C)C)CC3)C(C)=C2C=1,,C64636365,71.191078,1,0,0,0,1,0,0,0,0,0
Clc1c(OC)c(C[NH2+]CCCC[NH+]2CCN(CC)CC2)cc(Cl)c1,,C65890890,42.790909,1,0,0,0,1,1,0,0,1,0
O=C(NC[C@@H]([NH+](CC)CC)CC(C)C)N(C)C1CC[NH+](CCC)CC1,,C66176897,99.868553,1,0,0,0,1,1,0,0,1,0
O=C(NC[C@@H]([NH+](CC)CC)C)N(C)C1CC[NH+](C2CCC(C)CC2)CC1,,C66178315,99.908623,1,0,0,0,1,1,0,0,1,0
O=C(NC1(C#N)CCCCC1)[C@H](C)[NH+]1CCC(C[NH+](C)CCCC)CC1,,C66960819,88.620613,1,0,0,0,1,1,0,0,1,0
Fc1c(COc2cc(C[NH2+]CCCCn3c[nH+]cc3)ccc2)cccc1,,C67216283,78.701942,1,0,0,0,0,0,0,0,1,0
O(C)c1c(OC)cc(c(C[NH2+]C[C@@H](C)Cn2c[nH+]cc2)c1)-c1ccccc1,,C67500476,79.390747,1,0,0,0,0,0,0,0,1,0
Clc1c(COc2c(OC)cc(C[NH2+]CCC[NH2+]C)cc2)c(F)ccc1,,C05268210,98.642776,1,0,0,0,1,0,0,0,1,0
Clc1c(OCc2sccc2)c(OC)cc(C[NH2+]CCC[NH2+]C)c1,,C07539994,98.374283,1,0,0,0,1,0,0,0,1,0
O[C@@H](COc1c(OC)cc(C[NH2+]C2CCC2)cc1)C[NH+](C)C1CCCCC1,,C11764569,99.538254,1,0,0,0,1,1,0,0,1,0
Fc1c(C[NH2+]Cc2c(OC[C@@H](O)C[NH+](C)C)ccc(OC)c2)cc(F)cc1,,C12057269,73.998375,1,0,0,0,1,1,0,0,1,0
Clc1c(OCC)c(OCC)cc([C@@H]([NH+](C)CCCC)C[NH3+])c1,,C32089012,54.036861,1,0,0,0,1,0,0,0,1,0
Clc1c(OCC)c(OCC)cc([C@H]([NH+](C)CCCC)C[NH3+])c1,,C32089015,54.036861,1,0,0,0,1,0,0,0,1,0
Clc1c(OCCC)c(OCC)cc([C@H]([NH+](CC)CC)C[NH3+])c1,,C32089027,56.541073,1,0,0,0,1,0,0,0,1,0
Clc1c(OCCC)c(OCC)cc([C@@H]([NH+](CC)CC)C[NH3+])c1,,C32089031,56.541073,1,0,0,0,1,0,0,0,1,0
Brc1cc([C@@H]([NH+](C)C[C@H](C)CC)C[NH3+])cc2OCOc12,,C37172676,52.995956,1,0,0,0,1,0,0,0,1,0
Brc1c([C@@H]([NH+](C)[C@@H](C)CCC)C[NH3+])cc(OC)c(OC)c1,,C37754985,52.884758,1,0,0,0,1,0,0,0,1,0
Fc1c(C)ccc(NC(=O)C[NH2+]C[C@@H]([NH+](C)C)c2ccccc2)c1,,C22038313,99.110313,1,0,0,0,1,0,0,0,0,0
Brc1cc([C@@H]([NH+](CCC)C(C)C)C[NH3+])cc2OCOc12,,C37095863,56.766506,1,0,0,0,1,0,0,0,0,0
OCC[C@H]1[NH+](CCC(C)C)CCN(Cc2[nH+]c(CCCC)[nH]c2)C1,,C39362351,42.31337,1,0,0,0,1,0,0,0,1,0
O[C@H](COc1c(C[NH2+]CCC=2[C@@H](C)N=NC=2C)cccc1)C[NH+]1CCCCC1,,C39380642,98.182579,1,0,0,0,1,1,0,0,1,0
Clc1ccc([C@@H]2[NH+](CC)[C@](C)(CO)C[C@@H]2C[NH2+]C[C@H]2N=NC=C2)cc1,,C39485379,92.045967,1,0,0,0,1,1,0,0,1,0
O[C@@H](COCC=1[C@@H]2C(C)(C)[C@@H](C2)CC=1)C[NH2+]C[C@H]([NH+](C)C)c1ccccc1,,C22779201,58.022827,1,0,0,0,1,0,0,0,1,0
O[C@@H](COc1c(C)c(C)ccc1C)C[NH2+]C[C@H]([NH+](C)C)c1ccccc1,,C25637822,62.868755,1,0,0,0,1,0,0,0,1,0
Brc1cc(OC)c(OC(C)C)c(C[NH2+]CC2CC[NH2+]CC2)c1,,C40719569,98.330109,1,0,0,0,1,0,0,0,1,0
Brc1c(OC(C)C)c(OCC)cc(C[NH2+]CCC[NH2+]C)c1,,C40719596,98.426613,1,0,0,0,1,0,0,0,1,0
Clc1c(OCc2cc(C)ccc2)c(OC)cc(C[NH2+]CCC[NH2+]C)c1,,C40720566,98.37648,1,0,0,0,1,0,0,0,1,0
Clc1c([C@@H]([NH+](CC)CC)CNC(=O)N[C@@H](C)Cn2c[nH+]cc2)cccc1,,C47927283,80.312065,1,0,0,0,1,0,0,0,1,0
O(C)C(C)(C)CCC[C@@H](C)CC[NH+]1CCC(n2nnc(C([NH3+])(C)C)c2)CC1,,C48179673,99.062599,1,0,0,0,1,0,0,0,1,0
O=C(NC[C@@H]([NH+](C)C)c1ccc(CC)cc1)C(=O)Nc1cc(C[NH+](C)C)ccc1,,C48846613,97.780235,1,0,0,0,1,1,0,0,0,0
Brc1c(O)c(OC)cc(C[NH2+][C@H](C[NH+](C)C)C(C)C)c1,,C49195144,46.612221,1,0,0,0,1,0,0,0,1,0
Brc1c(O)c(OC)cc(C[NH2+][C@@H](C[NH+](C)C)C(C)C)c1,,C49195146,46.612221,1,0,0,0,1,0,0,0,1,0
Brc1ccc(OC[C@@H](O)C[NH2+][C@H](C)CC[NH+](C)C)cc1,,C49557488,98.26931,1,0,0,0,1,1,0,0,1,0
O=C(NC(C)(C)C)C[NH+](C)C/C=C/C[NH+](C)CC(=O)NC(C)(C)C,,C51905842,54.973156,1,0,0,0,1,0,0,0,1,0
Clc1c(OC[C@H](O)C[NH2+]CC[NH+]2CCCC2)cc(Cl)cc1,,C48299045,57.898521,1,0,0,0,1,0,0,0,1,0
Clc1c(Cl)ccc(OC[C@H](O)C[NH2+]CC[NH+]2CCCC2)c1,,C48299154,57.350643,1,0,0,0,1,0,0,0,0,0
O=C(NC[C@@H]([NH+](CC)CC)C)NC[C@@H]([NH+]1CCCC1)c1ccc(OC)cc1,,C47747847,99.484879,1,0,0,0,1,1,0,0,1,0
O(C)c1ccc2N=C(C)[C@H](CC[NH2+]Cc3[nH+]c(CCCC)[nH]c3)c2c1,,C20494684,43.935673,1,0,0,0,1,0,0,0,1,0
S(Cc1c(C)ccc(C)c1)[C@H]1O[C@H]([C@@H]([NH3+])CC=2C[NH+]=C3C=CC=CC=23)N=N1,,C63720211,48.823807,1,0,0,0,0,0,0,0,1,0
Clc1ccc(CS[C@@H]2O[C@H]([C@@H]([NH3+])CC=3C[NH+]=C4C=CC=CC=34)N=N2)cc1,,C63761323,48.808887,1,0,0,0,0,0,0,0,1,0
S(Cc1cc(C)ccc1)[C@@H]1O[C@@H]([C@@H]([NH3+])CC=2C[NH+]=C3C=CC=CC=23)N=N1,,C63761340,48.825214,1,0,0,0,0,0,0,0,1,0
S(Cc1cc(C)ccc1)[C@H]1O[C@H]([C@@H]([NH3+])CC=2C[NH+]=C3C=CC=CC=23)N=N1,,C63761341,48.825214,1,0,0,0,0,0,0,0,1,0
S(Cc1ccc(F)cc1)[C@@H]1O[C@@H]([C@@H]([NH3+])CC=2C[NH+]=C3C=CC=CC=23)N=N1,,C63932687,48.778378,1,0,0,0,0,0,0,0,1,0
S(Cc1ccc(C)cc1)[C@H]1O[C@@H]([C@@H]([NH3+])CC=2C[NH+]=C3C=CC=CC=23)N=N1,,C64428666,48.825539,1,0,0,0,0,0,0,0,1,0
O=C(N[C@H](CC(C)C)C(=O)NC1[NH+]=C2C=CC=CC2=[NH+]1)Cc1ccc(C)cc1,,C65305812,99.883835,1,0,0,0,0,0,0,0,0,0
Fc1ccc(C(=O)N[C@H](CC(C)C)C(=O)NC2[NH+]=C3C=CC=CC3=[NH+]2)cc1,,C65305844,99.883835,1,0,0,0,0,0,0,0,0,0
O=C(NC1[NH+]=C2C=CC=CC2=[NH+]1)[C@H](NC(=O)c1cscc1)[C@H](C)CC,,C65305901,99.883705,1,0,0,0,1,0,0,0,0,0
O=C(NC1[NH+]=C2C=CC=CC2=[NH+]1)[C@H](NC(=O)c1cscc1)[C@@H](C)CC,,C65305902,99.883705,1,0,0,0,1,0,0,0,0,0
Fc1ccc(C(=O)N[C@@H]([C@@H](C)CC)C(=O)NC2[NH+]=C3C=CC=CC3=[NH+]2)cc1,,C65305936,99.883827,1,0,0,0,1,0,0,0,0,0
Fc1cc(F)cc(C(=O)N[C@H](CCC)C(=O)NC2[NH+]=C3C=CC=CC3=[NH+]2)c1,,C65306024,99.883972,1,0,0,0,0,0,0,0,0,0
Fc1c(CC(=O)N[C@H](CCC)C(=O)NC2[NH+]=C3C=CC=CC3=[NH+]2)cccc1,,C65306026,99.883881,1,0,0,0,0,0,0,0,0,0
Clc1ccc(-c2c(C[NH2+]CCCC[NH+](CC)CC)c[nH]n2)cc1,,C65934604,50.560677,1,0,0,0,1,1,0,0,1,0
O=C(NC[C@@H]1[NH+](CCCC)CCCC1)NC[C@H]1C[NH+](CCC)CC1,,C66701236,99.846947,1,0,0,0,1,1,0,0,1,0
O=C(NC[C@@H]([NH+](C)C)c1sccc1)NC[C@H]([NH+](CC)CC)c1occc1,,C67003404,95.435265,1,0,0,0,1,1,0,0,1,0
Fc1c(-n2c(C)c(C[NH2+]C[C@H](O)C[NH+]3CCC(C)CC3)c(C)n2)ccc(F)c1,,C67122458,94.719261,1,0,0,0,1,0,0,0,0,0
Clc1n(CCCC)nc(C)c1C[NH2+]C[C@H](O)C[NH+]1CCC(C)CC1,,C67122496,92.802109,1,0,0,0,1,0,0,0,1,0
O=C(NC)COc1c(C[NH2+]C[C@H](CC(C)C)[NH+]2CCCC2)cccc1,,C67187133,66.156967,1,0,0,0,1,0,0,0,1,0
O=[N+]([O-])c1ccc(NC(=O)[C@H](C)[NH+]2CC[NH+](C/C=C/c3ccccc3)CC2)cc1,,C06638562,98.203896,1,0,0,0,1,0,0,0,0,0
Clc1c(OC)ccc(NC(=O)C[NH+]2CCN(c3[nH+]cc(C(F)(F)F)cc3)CC2)c1,,C09245479,93.897415,1,0,0,0,0,0,0,0,0,0
FC(F)(F)c1c[nH+]c(N2CC[NH+]([C@H](C)C(=O)Nc3ccc4OCCOc4c3)CC2)cc1,,C09384640,81.863884,1,0,0,0,0,0,0,0,0,0
O(C)c1ccc(-c2c(-c3ccc(OC)cc3)c3C(=[NH2+])N(CC[NH+](C)C)C=Nc3o2)cc1,,C09577336,93.721397,1,0,0,0,0,1,0,0,0,0
O=C(N1CCCC1)c1c(C[NH2+]Cc2[nH+]c3n(C(C)=CC(C)=C3)c2)n2C=CSc2n1,,C20908003,93.727295,1,0,0,0,1,0,0,0,1,0
S(=O)(=O)(N1CC[NH+](CC/[NH+]=C/2\C=C(O)Oc3ccccc\23)CC1)c1ccccc1,,C22472613,66.193062,1,0,0,0,0,0,0,0,0,0
Fc1c([C@H]2[NH+](Cc3oc(C(=O)NCC[NH+]4CCCCC4)cc3)CCn3cccc23)cccc1,,C35846110,95.145821,1,0,0,0,0,0,0,0,1,0
O[C@H](COC(C)C)C[NH+]1C[C@H](C[NH+]2CCC(C)CC2)[C@@H](c2ccc(OC)cc2)C1,,C35882267,95.055153,1,0,0,0,1,1,0,0,1,0
Clc1ccc(N2CC[NH+](CC(=O)NC=3[C@H](C(OC)=O)[NH+]=C4C=CC=CC=34)CC2)cc1,,C38582555,99.197174,1,0,0,0,1,0,0,0,0,0
O(C)C(=O)[C@@H]1C(NC(=O)[C@H](C)[NH+]2CCN(c3ccccc3)CC2)=C2C=CC=CC2=[NH+]1,,C38605754,97.173836,1,0,0,0,1,0,0,0,0,0
ClC=1C=CC2=[NH+][C@@H](C(OC)=O)C(NC(=O)[C@@H](C)[NH+]3CCN(c4ccccc4)CC3)=C2C=1,,C38609991,97.11795,1,0,0,0,1,0,0,0,0,0
BrC=1C=CC2=[NH+][C@H](C(OCC)=O)C(NC(=O)CC[NH+]3CC(C)(C)CCC3)=C2C=1,,C38611474,98.960167,1,0,0,0,1,0,0,0,1,0
O(C)C(=O)[C@@H]1C(NC(=O)C[NH+]2C[C@@]3(C)CC(C)(C)[C@@H]2C3)=C2C=CC(OC)=CC2=[NH+]1,,C38627020,83.930611,1,0,0,0,1,0,0,0,1,0
Fc1ccc(N2CC[NH+](CC(=O)NC=3[C@@H](C(OC)=O)[NH+]=C4C=C(C)C=CC=34)CC2)cc1,,C38685013,99.220627,1,0,0,0,1,0,0,0,0,0
Clc1cc(N2CC[NH+](CC(=O)NC=3[C@H](C(OC)=O)[NH+]=C4C=CC=C(C)C=34)CC2)ccc1,,C38685599,99.221771,1,0,0,0,0,0,0,0,0,0
O(C)C(=O)[C@@H]1C(NC(=O)CN2CC[NH+](C/C=C/c3ccccc3)CC2)=C2C=C(C)C=CC2=[NH+]1,,C38688966,98.881432,1,0,0,0,1,1,0,0,0,0
P(=O)(OCC)(OCC)N[C@@H]([C@@H]1C(=O)[NH+]=C2C=CC=CC2=[NH+]1)c1ccccc1,,C38689174,93.972427,1,0,0,0,1,0,0,0,0,0
O=C(N/N=C/C=1C[NH+]=C2C=CC=CC=12)[C@H]1N=[NH+][C@@H](c2ccc(OCCC)cc2)C1,,C38826607,99.067352,1,0,0,0,1,0,0,0,0,0
Clc1cc(S(=O)(=O)/N=C\2/[C@H](NCc3occc3)[NH+]=C3C=CC=CC3=[NH+]/2)ccc1,,C38965067,72.644608,1,0,0,0,1,0,0,0,0,0
S(=O)(=O)(/N=C\1/[C@@H](NCCCC)[NH+]=C2C=CC=CC2=[NH+]/1)c1ccc(OC)cc1,,C38966537,83.753502,1,0,0,0,1,0,0,0,0,0
S(=O)(=O)(/N=C\1/[C@H](NCc2occc2)[NH+]=C2C=CC=CC2=[NH+]/1)c1ccc(F)cc1,,C38980436,72.659721,1,0,0,0,1,0,0,0,0,0
O=C(N/N=C/C=1C[NH+]=C2C=CC=CC=12)[C@H]1N=[NH+][C@@H](c2cc(OCc3ccccc3)ccc2)C1,,C39923036,99.066589,1,0,0,0,1,0,0,0,0,0
O(CC)C=1C=CC2=[NH+]C(=O)[C@H]([C@@H]3[C@H]([NH2+]Cc4occc4)N4C=CC=CC4=N3)C=C2C=1,,C39980733,99.982323,1,0,0,0,1,0,0,0,1,0
O(CC)C=1C=CC2=[NH+]C(=O)[C@@H]([C@@H]3[C@H]([NH2+]Cc4occc4)N4C=CC=CC4=N3)C=C2C=1,,C39980734,99.982323,1,0,0,0,1,0,0,0,1,0
O(C)CCNc1c([C@H]2C(=O)[NH+]=C3C=CC(OCC)=CC3=C2)[nH+]c2n1C=CC(C)=C2,,C39982293,91.737206,1,0,0,0,1,0,0,0,1,0
S(=O)(=O)(NCCCC1[NH+]=C2C=C3C=CC=CC3=CC2=[NH+]1)c1ccc2OCCOc2c1,,C40011829,71.404686,1,0,0,0,0,0,0,0,0,0
OC=1OC2=C/C(=[NH+]\C(=O)C)/C=CC2=C(C[NH+](CC)Cc2cc(OC)c(OC)cc2)C=1,,C45772623,97.46743,1,0,0,0,1,0,0,0,1,0
S(=O)(=O)(N[C@@H](c1sccc1)c1ccc(F)cc1)C=1C=CC2=[NH+]C(=O)C(=O)[NH+]=C2C=1,,C39780951,93.839508,1,0,0,0,0,0,0,0,0,0
O=C(NCCC=1C[NH+]=C2C=CC=CC=12)[C@@H]1N=[NH+][C@H](c2c(OC)cc(OC)cc2)C1,,C63302950,84.156441,1,0,0,0,0,0,0,0,0,0
O=C(NCCC=1C[NH+]=C2C=CC=CC=12)[C@H]1N=[NH+][C@H](c2c(OC)cc(OC)cc2)C1,,C63302952,84.156441,1,0,0,0,0,0,0,0,0,0
S(CC(=O)N[C@@H]1[NH+]=C2C=C(SCCC)C=CC2=[NH+]1)c1nc(C)cc(C)n1,,C63308921,99.539879,1,0,0,0,0,0,0,0,0,0
O(C)C(=O)[C@@H](NC(=O)CCCC=1C[NH+]=C2C=CC=CC=12)CC=1C[NH+]=C2C=CC=CC=12,,C63384354,71.335854,1,0,0,0,0,0,0,0,0,0
O=C(Nc1c(C2[NH+]=C3C=CC=CC3=[NH+]2)cccc1)c1cc(OC)c(OC)c(OC)c1,,C63637944,99.27076,1,0,0,0,0,0,0,0,0,0
O=C(NCc1cc(OC)c(OCC)cc1)C1CCN(C2[NH+]=C3C=CC=CC3=[NH+]2)CC1,,C63695146,76.988403,1,0,0,0,0,0,0,0,0,0
Clc1ccc(CC(=O)Nc2sc(SC[C@@H]3C(=O)[NH+]=C4C=CC=CC4=[NH+]3)nn2)cc1,,C63752007,99.855209,1,0,0,0,1,0,0,0,0,0
S(C[C@@H]1C(=O)[NH+]=C2C=C(C)C(C)=CC2=[NH+]1)c1sc(NC(=O)C(C)(C)C)nn1,,C63752062,99.853889,1,0,0,0,0,0,0,0,0,0
S(C[C@H]1C(=O)[NH+]=C2C=C(C)C(C)=CC2=[NH+]1)c1sc(NC(=O)CCC)nn1,,C63752069,99.854698,1,0,0,0,1,0,0,0,0,0
S(CC(=O)N/N=C/c1cc(OC)c(OCC)cc1)C1[NH+]=C2C=CC=CC2=[NH+]1,,C63962998,99.456314,1,0,0,0,0,0,0,0,0,0
O=C(N1CCOCC1)c1nn(CC)c2CC[C@@H]([NH2+]CCC=3C[NH+]=C4C=CC=CC=34)Cc12,,C64002129,86.16243,1,0,0,0,0,0,0,0,0,0
O=C(N[C@@H](CC)[C@@H]1[NH+]=C2C=C(C)C=CC2=[NH+]1)c1nnn(CCc2ccccc2)c1,,C64061498,99.189583,1,0,0,0,0,0,0,0,0,0
Fc1ccc(C2=NN([C@@H](C)C(=O)NCC3[NH+]=C4C=CC=CC4=[NH+]3)C(=O)C=C2)cc1,,C64411037,98.969009,1,0,0,0,0,0,0,0,0,0
O=C(NCC1CCC(C2[NH+]=C3C=CC=CC3=[NH+]2)CC1)[C@H]1N=NC(c2occc2)=C1,,C64414477,90.926102,1,0,0,0,1,0,0,0,0,0
O=C(NCC[C@@H](C)[NH+]1CCCC1)CC1CCN(C(=O)[C@@H]2[NH+]=C3C=C(OC)C=CC3=C2)CC1,,C64540912,61.426029,1,0,0,0,1,0,0,0,0,0
S(Cc1nc(CCC(=O)Nc2c(F)cccc2F)on1)[C@@H]1[NH+]=C2C=C(C)C=CC2=[NH+]1,,C64604281,99.37542,1,0,0,0,0,0,0,0,0,0
S(Cc1nc(CCC(=O)Nc2c(F)cc(F)cc2)on1)[C@H]1[NH+]=C2C=C(C)C=CC2=[NH+]1,,C64604295,99.375381,1,0,0,0,0,0,0,0,0,0
O=C(Nc1n(C2CC[NH+](C[C@H]3C(C)=C4C=CC=CC4=[NH+]3)CC2)ncc1)[C@@H]1COCC1,,C64625794,87.530441,1,0,0,0,0,0,0,0,1,0
Fc1c(Cn2nnc(C(=O)N[C@@H](CC)[C@@H]3[NH+]=C4C=C(C)C=CC4=[NH+]3)c2)cccc1,,C64636604,99.190575,1,0,0,0,0,0,0,0,0,0
S(=O)(=O)(NCCC1[NH+]=C2C=CC=CC2=[NH+]1)c1ccc2SCCCN(C(=O)C)c2c1,,C64952232,95.403595,1,0,0,0,0,0,0,0,0,0
Oc1c(C=2N=N[C@@H](C(=O)N(CC)CC[C@H]3[NH+]=C4C=C(C)C=CC4=[NH+]3)C=2)cccc1,,C65421546,90.064209,1,0,0,0,0,0,0,0,0,0
O=C(NC[C@H]([NH+](CC)CC)CC(C)C)N(C)C1CC[NH+](C2CCOCC2)CC1,,C66176901,99.75975,1,0,0,0,1,1,0,0,1,0
Fc1ccc([C@@H]2[NH2+][C@](Cc3ccccc3)(C(OCC)=O)[C@@H]3C(=O)N(C)C(=O)[C@H]23)cc1,,C04883453,99.927422,1,0,0,0,0,0,0,0,0,0
O(C)c1c(OC)cc([C@H]2Cc3cc(OC)c(OC)cc3[C@H]3C[NH2+]C[C@H]23)cc1OC,,C05022895,99.664291,1,0,0,0,0,0,0,0,0,0
Clc1cc(NC(=O)C[NH+](C)Cc2ccc(SC)cc2)c(-n2ncnc2)cc1,,C08066231,73.607086,1,0,0,0,0,0,0,0,0,0
O/C(/c1c(C)ccc(C)c1)=C/1\[C@@H](N(CC[NH+](CC)CC)C(=O)C\1=O)c1ccncc1,,C06078415,98.128128,1,0,0,0,0,0,0,0,0,0
O[C@@]1(CC(=O)c2ccc(OC)cc2)C(=O)N(C[NH+]2CCCCCC2)c2ccccc12,,C08569918,52.963623,1,0,0,0,0,0,0,0,0,0
O=C(Nc1n(C[C@@H]2OCCC2)c(C)c(C)c1C#N)C[NH+](C)Cc1c(C)ccs1,,C09256800,84.08046,1,0,0,0,0,0,0,0,0,0
S([C@@H](C)C(=O)Nc1c(F)cccc1)c1n(c([C@@H]([NH+](C)C)C)nn1)-c1ccc(F)cc1,,C09641044,88.446114,1,1,0,0,1,0,0,0,0,0
Clc1sc(S(=O)(=O)NCC[NH+]2CCN(c3ccc(OC)cc3)CC2)cc1,,C11900589,88.553749,1,0,0,0,0,0,0,0,0,0
Fc1c(C2(NC(=O)C)CC[NH+](Cc3c(OCC)cc4OCOc4c3)CC2)cccc1,,C12292806,98.07354,1,0,0,0,1,0,0,0,1,0
O=C1N(Cc2ccc(C)cc2)C=Nc2sc3C[C@@H]([NH2+]CCCn4cncc4)CCc3c12,,C12242488,79.753487,1,0,0,0,0,0,0,0,0,0
S(=O)(=O)(N1CC[NH+](C[C@H](O)COc2c(C)cccc2C)CCC1)c1ccc(F)cc1,,C13022880,87.54644,1,0,0,0,0,0,0,0,0,0
O=C(N[C@H](C)C[NH+](C(C)C)C(C)C)c1cc(-c2sccc2)nc2onc(C)c12,,C13642135,99.974937,1,0,0,0,0,0,0,0,0,0
O=C(N1CCCC1)c1nn(CC)c2CC[C@H]([NH2+]CC3(c4ccccc4)CCOCC3)Cc12,,C14535971,99.808281,1,0,0,0,0,0,0,0,0,0
Fc1c(CC[NH2+][C@H]2CCc3n(CC(C)C)nc(C(=O)N4CCOCC4)c3C2)cccc1,,C14751796,99.78981,1,0,0,0,0,0,0,0,1,0
Fc1c([C@H]2[NH2+][C@@](Cc3ccccc3)(C(OCC)=O)[C@H]3C(=O)N(CC)C(=O)[C@H]23)cccc1,,C12635494,99.979065,1,0,0,0,0,0,0,0,0,0
Fc1ccc2c(C3CC[NH+](C[C@@H](O)c4c(OC)ccc(OC)c4)CC3)noc2c1,,C19551140,98.963249,1,0,0,0,0,0,0,0,0,0
O=C(NC(C)C)C1CC[NH+](C2CCN(CC=3COc4c(OC)cccc4C=3)CC2)CC1,,C20906778,97.650826,1,0,0,0,1,0,0,0,0,0
Clc1ccc2OC(C(=O)NC[C@@H]([NH+](C)C)c3ccc(OC)cc3)=CC(=O)c2c1,,C20932298,98.455162,1,0,0,0,0,0,0,0,0,0
Clc1c([C@@H](CNC(=O)C2CCN(C(OCC)=O)CC2)[NH+]2CCCC2)cccc1,,C22619213,99.021835,1,0,0,0,0,0,0,0,0,0
Clc1ccc(C(=O)N2CC[NH+](CC(=O)NCCOc3cc(C)ccc3)CC2)cc1,,C23004885,95.658699,1,0,0,0,0,0,0,0,0,0
S(CC(=O)Nc1c(C(F)(F)F)cccc1)c1sc(N2CC[NH+](C)CC2)nn1,,C23139716,92.308266,1,0,0,0,0,0,0,0,0,0
Fc1ccc2C=C(C[NH2+]C3CCN(C(OCC)=O)CC3)C(=O)N(CC(C)C)c2c1,,C23339270,94.959557,1,0,0,0,0,0,0,0,1,0
O=C(NC[C@H]([NH+]1CCC(C)CC1)c1sccc1)CN1C(=O)N(C)c2ccccc12,,C24924986,99.383804,1,0,0,0,1,0,0,0,1,0
O=C(NC[C@@H]([NH+](C)C)c1cscc1)c1cc(-c2ccccc2)nc2n(C)nc(C)c12,,C25331844,98.95813,1,0,0,0,0,0,0,0,0,0
S(=O)(=O)(C(F)F)c1ccc(NC(=O)C[NH+]2[C@H](c3ccc(OC)cc3)CCC2)cc1,,C28973255,53.238312,1,0,0,0,0,0,0,0,1,0
Brc1cnc(N2CC[NH+]([C@@H](C)C(=O)Nc3ccc(OCC)cc3)CC2)cc1,,C30201572,76.519447,1,0,0,0,0,0,0,0,0,0
S(=O)(=O)(NC[C@H](N1CC[NH+](C)CC1)c1ccc(OC)cc1)c1ccc(C)cc1,,C22579376,57.237701,1,0,0,0,1,0,0,0,0,0
O=C(Nc1c(C)cc(C)cc1)COC=1C(=O)C=C(C[NH+]2CCc3ccccc3C2)OC=1,,C04583862,56.789967,1,0,0,0,0,0,0,0,0,0
S(=O)(=O)(NC[C@H]([NH+](C)C)c1ccc2N(C)CCc2c1)c1c(OC)ccc(F)c1,,C38670090,94.047943,1,0,0,0,0,0,0,0,1,0
O=C(NC[C@@H]([NH+]1CCCCCC1)c1cscc1)CN1C(=O)Oc2ccccc12,,C38673588,99.790535,1,0,0,0,0,0,0,0,1,0
O=C(NC[C@H]([NH+]1CCCCCC1)c1n(C)ccc1)[C@@H]1CN(c2cc(C)c(C)cc2)C(=O)C1,,C38677618,99.503815,1,0,0,0,0,0,0,0,0,0
Brc1ccc(OCC(=O)NC[C@H](N2CC[NH+](C)CC2)c2oc(C)cc2)cc1,,C22938369,97.687805,1,0,0,0,1,0,0,0,1,0
O=C(Nc1cc(-c2n(CC)cnn2)ccc1)[C@@H]([NH+]1CCSCC1)c1ccccc1,,C48302759,50.405247,1,0,0,0,0,0,0,0,1,0
Ic1c(OCCC[C@H]2[NH2+]CCC2)c([N+](=O)[O-])cc(C#N)c1,,C52765294,99.952293,1,0,0,0,0,0,0,0,1,0
O[C@H](COc1c(C)ccc(C)c1)CN1CCN(c2nc(C(C)C)[nH+]c(C)c2)CC1,,C29632305,36.249737,1,0,0,0,1,1,0,0,1,0
O=C(NCC[NH+]1CCCCC1)/C(=C/c1c(C)n(c(C)c1)-c1ccc(OC)cc1)/C#N,,C59280381,99.744415,1,0,0,0,0,0,0,0,0,0
Clc1ccc(-c2c(CC(=O)N[C@H](C)Cn3c[nH+]cc3)cn(-c3ccccc3)n2)cc1,,C52749707,80.6437,1,0,0,0,0,0,0,0,0,0
O=C(NC[C@@H]([NH+]1CCCCC1)c1c(OC)cccc1)Cc1nc2SC=Cn2c1,,C59782611,78.088127,1,0,0,0,0,0,0,0,1,0
Clc1cc(C(=O)NCc2ccc(C(=O)N3CC[NH+](C)CC3)cc2)c(OC(C)C)cc1,,C59994739,94.687874,1,0,0,0,1,0,0,0,0,0
FC=1C=CC2=[NH+][C@@H](C)C(CCNC(=O)C3CCN(C(OC(C)(C)C)=O)CC3)=C2C=1,,C63279877,83.934021,1,0,0,0,0,0,0,0,0,0
FC=1C=CC2=[NH+]CC(CCNC(=O)CC[C@H]3[C@@H](C)c4ccc(OC)cc4OC3=O)=C2C=1,,C63490744,90.21463,1,0,0,0,0,0,0,0,0,0
FC=1C=CC2=[NH+]CC(CCN3C(=O)C[C@@H](C(=O)Nc4c(OCC)cccc4)C3)=C2C=1,,C63557574,90.228485,1,0,0,0,0,0,0,0,0,0
S(=O)(=O)(N1C[C@@H](C(=O)NCCC=2C[NH+]=C3C=CC=CC=23)CCC1)c1sccc1,,C63731041,84.234993,1,0,0,0,0,0,0,0,0,0
O=C(NCCC=1C[NH+]=C2C=CC=CC=12)CN1C(=O)c2c(-c3sccc3)csc2N=C1,,C63731164,84.213768,1,0,0,0,0,0,0,0,0,0
O=C(NC[C@@H]1Oc2ccc(-c3c(C)ncc(C)n3)cc2C1)CCC=1C[NH+]=C2C=CC=CC=12,,C64006923,83.83638,1,0,0,0,0,0,0,0,0,0
S(C[C@H]1OCCCC1)[C@H]1N(C[C@H]2OCCC2)C(C=2C[NH+]=C3C=CC=CC=23)=NN1,,C64055081,99.994835,1,0,0,0,0,0,0,0,0,0
Fc1c(OCC=2ON[C@H](C(=O)N(C)C[C@H]3[NH+]=C4C=CC(F)=CC4=C3)C=2)c(F)ccc1,,C64093545,92.187752,1,0,0,0,0,0,0,0,0,0
S=C1N(C[C@H](c2c(OC)c(OC)ccc2)C=2C[NH+]=C3C=CC=CC=23)C(=O)[C@@H](C)N1,,C64155885,86.390404,1,0,0,0,0,0,0,0,0,0
FC(F)n1c(-c2c(C)nc(NC(=O)CCC=3C[NH+]=C4C=CC=CC=34)s2)ncc1,,C64353841,80.695122,1,0,0,0,1,0,0,0,0,0
O=C(C)N1CCc2cc(-c3ccc(C(=O)NCCCN4CC[NH+](CC)CC4)cc3)ccc12,,C65026996,53.026054,1,0,0,0,1,0,0,0,0,0
O=C(C[NH+](CC)CC)N1C[C@]2(C[NH+](CCC3CCCCC3)CCC2)CC1,,C12714653,91.51754,1,0,0,0,1,1,0,0,1,0
O=C(N(CC[NH+]1CCCCC1)C[C@H]1C[NH+](C2CCCC2)CCC1)C1CC1,,C14965662,99.760605,1,0,0,0,1,1,0,0,1,0
O(C)c1ccc(/C=[NH+]/CC[C@]2([C@@H](C)C[NH+](C)[C@H](C)C2)c2ccccc2)cc1,,C13381831,96.793503,1,0,0,0,0,0,0,0,0,0
Clc1ccc2OCC(C[NH+](CC)CC3CCN(C4CC[NH+](C)CC4)CC3)=Cc2c1,,C15077010,99.066315,1,0,0,0,1,1,0,0,1,0
[NH+](\[C@@H](C)[C@@H](/[NH+]=C/c1ccc(N(C)C)cc1)C)=C/c1ccc(N(C)C)cc1,,C02252306,66.373093,1,0,0,0,0,0,0,0,0,0
O(C)c1c(OCc2ccccc2)ccc(/C=C(\C#N)/[C@H]2[NH+]=C3C=C(C)C=CC3=[NH+]2)c1,,C39252991,99.757439,1,0,0,0,0,0,0,0,0,0
N#C/C(=C\c1ccc(N2CCCCC2)cc1)/[C@@H]1[NH+]=C2C=C(C)C=CC2=[NH+]1,,C39351887,99.738647,1,0,0,0,0,0,0,0,0,0
N#C/C(=C/c1c(C)n([C@H]2C(C#N)=C3CCCC[C@@H]3S2)c(C)c1)/C1[NH+]=C2C=CC=CC2=[NH+]1,,C39353201,99.713493,1,0,0,0,0,0,0,0,0,0
O(C(C)C)c1c(/C=C(\C#N)/C2[NH+]=C3C=CC=CC3=[NH+]2)ccc(OC(C)C)c1,,C39370759,99.761566,1,0,0,0,0,0,0,0,0,0
O(Cc1ccccc1)c1ccc(/C=C(/C#N)\C2[NH+]=C3C=CC=CC3=[NH+]2)cc1,,C39412157,99.762947,1,0,0,0,0,0,0,0,0,0
O(C)c1c(OCc2ccccc2)ccc(/C=C(/C#N)\[C@@H]2[NH+]=C3C=C(C)C=CC3=[NH+]2)c1,,C39412175,99.757439,1,0,0,0,0,0,0,0,0,0
O(C)c1ccc(-c2scc(C=3C=CC4=[NH+]C(=O)[NH+]=C4C=3)n2)cc1,,C39422729,99.986053,1,0,0,0,0,0,0,0,0,0
O(CC)c1cc(-c2scc(C=3C=CC4=[NH+]C(=O)[NH+]=C4C=3)n2)ccc1,,C39439035,99.986458,1,0,0,0,0,0,0,0,0,0
O(C)CC[NH+]1CCC(C[NH+](C[C@@H]2OCCC2)CC2CCCC2)CC1,,C15067196,99.360664,1,0,0,0,1,1,0,0,1,0
Clc1c(CN2C[C@@H](/C=C(\C#N)/C3[NH+]=C4C=CC=CC4=[NH+]3)c3ccccc23)ccc(Cl)c1,,C39702041,99.768822,1,0,0,0,0,0,0,0,0,0
O(C)c1c(OC)cccc1/C=C(\C#N)/[C@H]1[NH+]=C2C=C(C)C=CC2=[NH+]1,,C39708035,99.763786,1,0,0,0,0,0,0,0,0,0
O(C)c1c(OCC#C)ccc(/C=C(\C#N)/C2[NH+]=C3C=CC=CC3=[NH+]2)c1,,C39709631,99.765533,1,0,0,0,0,0,0,0,0,0
Clc1c([C@@H]2[NH+]=C3C=C(/N=C/c4ccccc4)C=CC3=[NH+]2)ccc(Cl)c1,,C39709907,98.527649,1,0,0,0,0,0,0,0,0,0
FC(F)(F)c1c(/C=C/C(=O)C=2C=CC3=[NH+]C(=O)[NH+]=C3C=2)cccc1,,C39751846,99.998291,1,0,0,0,0,0,0,0,0,0
N#C/C(=C\c1cn(Cc2cc(C)ccc2)c2ccccc12)/C1[NH+]=C2C=CC=CC2=[NH+]1,,C39934786,99.716751,1,0,0,0,0,0,0,0,0,0
Brc1c(/C=C(\C#N)/[C@H]2[NH+]=C3C=C(C)C=CC3=[NH+]2)cc(OC)c(OCC)c1,,C39934836,99.759857,1,0,0,0,0,0,0,0,0,0
FC(F)(C(F)(F)c1ccc(C)cc1)c1c(C2[NH+]=NN=[NH+]2)cccc1,,C39939810,98.182442,1,0,0,0,0,0,0,0,0,0
O(CC)c1c(/C=C(/C#N)\[C@@H]2[NH+]=C3C=C(C)C=CC3=[NH+]2)ccc(OCC)c1,,C39964797,99.753799,1,0,0,0,0,0,0,0,0,0
O(CC(C)C)c1ccc(/C=C(/C#N)\C2[NH+]=C3C=C(C)C(C)=CC3=[NH+]2)cc1,,C39973144,99.747414,1,0,0,0,0,0,0,0,0,0
[NH+](C[C@@H]1[NH+]2C[C@H](C#C)[C@@H](C1)CC2)(Cc1occc1)Cc1occc1,,C43525180,97.893921,1,0,0,0,0,0,0,0,1,0
Clc1cc(-c2occ(C[NH+](CC)C[C@H]3COCC3)[nH+]2)ccc1,,C52072433,97.940979,1,0,0,0,0,0,0,0,1,0
O=C([C@@H](C)[NH+]1CCC(CC[NH+](C)C)CC1)N1C[C@H](C)O[C@@H](C)C1,,C56523539,94.834938,1,0,0,0,1,1,0,0,1,0
CC[C@H]1[NH+](Cc2c(C)[nH+]c3n2C=CC(C)=C3)CCc2sccc12,,C36741534,90.260208,1,1,0,0,1,1,0,0,1,0
O(CC)c1c(N2C(=O)C[C@@H](C3[NH+]=C4C=CC=CC4=[NH+]3)C2)cccc1,,C63060531,98.924675,1,0,0,0,0,0,0,0,0,0
S(CC(=O)c1c(C)cc(C)c(C)c1)[C@@H]1[NH+]=C2C=C(C)C=CC2=[NH+]1,,C63110678,99.393738,1,0,0,0,0,0,0,0,0,0
S(CC(=O)N1CCC[C@H]2CCCC[C@H]12)C1[NH+]=C2C=CC=CC2=[NH+]1,,C63162761,99.417603,1,0,0,0,0,0,0,0,0,0
O=C(N1CCC(C2[NH+]=C3C=CC=CC3=[NH+]2)CC1)c1ccc(OCC)cc1,,C63206021,98.481262,1,0,0,0,0,0,0,0,0,0
N#C/C(=C\c1cc(C)c(N2CCCC2)cc1)/C1[NH+]=C2C=CC=CC2=[NH+]1,,C63206034,99.747032,1,0,0,0,0,0,0,0,0,0
O(C)c1ccc(N2C(=O)C[C@@H]([C@@H]3[NH+]=C4C=C(C)C=CC4=[NH+]3)C2)cc1,,C63221925,98.879868,1,0,0,0,0,0,0,0,0,0
S=C1N(/N=C/c2ccc(C(F)(F)F)cc2)[C@H](c2cc[nH+]cc2)N=[NH+]1,,C38906361,99.714012,1,0,0,0,0,0,0,0,0,0
S=C1N(/N=C/C(/C)=C\c2ccccc2)[C@H](c2cc[nH+]cc2)N=[NH+]1,,C38917671,99.714401,1,0,0,0,0,0,0,0,0,0
Cl/C(/C=N/N1[C@@H](c2cc[nH+]cc2)N=[NH+]C1=S)=C/c1ccccc1,,C38918589,99.715897,1,0,0,0,0,0,0,0,0,0
O(C)c1c(OCC2[NH+]=C3C=C(C)C(C)=CC3=[NH+]2)ccc(CC=C)c1,,C63521189,99.439102,1,0,0,0,0,0,0,0,0,0
Clc1cc(CS[C@@H]2[NH+]=C3C=C(C(F)(F)F)C=CC3=[NH+]2)c2OCOCc2c1,,C63591071,99.64798,1,0,0,0,0,0,0,0,0,0
S(CC(=O)c1ccc(-c2ccccc2)cc1)[C@H]1[NH+]=C2C=C(OCC)C=CC2=[NH+]1,,C63613602,86.534462,1,0,0,0,0,0,0,0,0,0
S(CC(=O)C1=CC[C@@H](F)C=C1)[C@H]1[NH+]=C2C=C(OCC)C=CC2=[NH+]1,,C63637412,86.576309,1,0,0,0,0,0,0,0,0,0
S(CC(=O)N1CCCCCC1)[C@H]1[NH+]=C2C=C(OC)C=CC2=[NH+]1,,C63726128,86.752655,1,0,0,0,0,0,0,0,0,0
S(=O)(=O)(C[C@H]1C(=O)[NH+]=C2C=CC=CC2=[NH+]1)c1ccc2ccccc2c1,,C63825238,99.881073,1,0,0,0,0,0,0,0,0,0
[NH+](C)(C[C@@H]1CCC[NH+]2CCCC[C@H]12)Cc1onc(-c2ccncc2)c1,,C63848113,63.825623,1,0,0,0,1,1,0,0,0,0
O=C(N(CC(C)C)Cc1cscc1)[C@H]1C(=O)[NH+]=C2C=CC=CC2=[NH+]1,,C63856865,99.514435,1,0,0,0,0,0,0,0,0,0
S(CC1=N[C@@H]2SC=CN2C1)[C@H]1[NH+]=C2C=C(OCC)C=CC2=[NH+]1,,C64383629,85.302017,1,0,0,0,0,0,0,0,0,0
O=C(Oc1ccccc1)C1CCN(C2[NH+]=C3C=CC=CC3=[NH+]2)CC1,,C64481513,68.535835,1,0,0,0,0,0,0,0,0,0
S(C)Cc1oc(C(=O)N(C)CC[C@@H]2[NH+]=C3C=C(F)C=CC3=[NH+]2)cc1,,C65459281,97.955872,1,0,0,0,0,0,0,0,0,0
O=C(N(CC)CC[C@@H]1[NH+]=C2C=C(C)C=CC2=[NH+]1)c1nc(C)sc1,,C65534410,98.543068,1,0,0,0,0,0,0,0,0,0
O=C(N(CC=C)CC=C)[C@H](C)[NH+]1CCC(C[NH+](C)CCCC)CC1,,C66960706,92.495796,1,0,0,0,0,0,0,0,1,0
O[C@H]1[C@H]([C@H](C)C(=O)NCC[NH+]2CCOCC2)CC[C@]2(C)Cc3sc(NC(=O)C4CC4)nc3[C@@H](C)[C@H]12,,C03840755,78.246376,1,0,0,0,1,0,0,0,0,0
O=C(N)CC[C@@H]1[NH2+][C@]2(C(=O)Nc3c(CC)cccc23)[C@@H]2C(=O)N(Cc3c(OC)cccc3)C(=O)[C@H]12,,C02136688,99.430656,1,0,0,0,1,0,0,0,0,0
OC[C@]1(C)[C@H](O)CC[C@@]2(C)[C@H](CC(=O)NCC[NH+]3CCOCC3)c3nc(NC(=O)C(C)(C)C)sc3C[C@H]12,,C04222360,78.126968,1,0,0,0,1,0,0,0,0,0
O[C@@H]1C[C@@]2(O)[C@](/C=[NH+]/Cc3ccncc3)(CC1)[C@H]1CC[C@]3(C)[C@@H](C=4COC(=O)C=4)CC[C@@]3(O)[C@@H]1CC2,,C08744510,99.37587,1,0,0,0,0,0,0,0,0,0
Clc1ccc2NC(=O)[C@@]3([NH2+][C@@H](CC(=O)N)[C@H]4C(=O)N(c5ccc(C(OCC)=O)cc5)C(=O)[C@@H]34)c2c1,,C08789556,99.898857,1,0,0,0,0,0,0,0,0,0
S(CCO)c1c(O)c2[C@]3(OC)C=C[C@]4([C@@H]5[NH+](C)CC[C@@]64[C@H]3Oc3c(OC)ccc(C5)c63)c2c(O)c1,,C08789705,94.808044,1,0,0,0,0,0,0,0,0,0
Clc1ccc(S(=O)(=O)N2[C@@H](C(=O)Nc3c(C(=O)N)c4CC[NH+](CC)Cc4s3)CCC2)cc1,,C08869021,99.508171,1,1,0,0,1,0,0,0,0,0
O[C@@H]1C[C@@]2(O)[C@](/C=[NH+]/CC(OC)OC)(CC1)[C@H]1CC[C@]3(C)[C@@H](C=4COC(=O)C=4)CC[C@@]3(O)[C@H]1CC2,,C08914083,99.989182,1,0,0,0,0,0,0,0,0,0
S(CC(=O)Nc1ccc2NC(=O)Nc2c1)c1n(CC[NH+]2CCOCC2)c(-c2ccc(F)cc2)nn1,,C09477320,51.892204,1,0,0,0,1,0,0,0,0,0
Clc1c(S(=O)(=O)N)cc(S(=O)(=O)N)c(NC(=O)C[n+]2c(C)cc(-c3ccccc3)cc2C)c1,,C13804364,99.995163,1,0,0,0,1,0,0,0,0,0
Clc1c(F)ccc(C(=O)N[C@@H]2C[NH+]3[C@H](CCC(=O)NCc4ccc(F)cc4)CNC(=O)[C@@H]3C2)c1,,C15707660,94.092155,1,0,0,0,1,0,0,0,0,0
O=C(N/N=C/c1cc(C[NH+]2C[C@@H]3CN4C(=O)C=CC=C4[C@H](C2)C3)c(OCC)cc1)c1ccc(N)cc1,,C20616161,96.775841,1,0,0,0,1,0,0,0,0,0
S(CC(=O)NC1CC(C)(C)[NH2+]C(C)(C)C1)c1nc(N/N=C/c2c(C)n(C(C)C)nc2C)[nH]n1,,C20905207,92.824974,1,0,0,0,1,0,0,0,0,0
S(=O)(=O)(N)c1ccc([C@H]([NH+](C)CC(=O)Nc2c(-n3ncnc3)ccc(C(F)(F)F)c2)C)cc1,,C23259790,67.244423,1,0,0,0,0,0,0,0,0,0
FC(F)(F)C(F)(F)[C@H]1n2nc(C(=O)NCC/[NH+]=C/c3c(O)c(OC)ccc3)cc2N[C@H](C)C1,,C22711529,98.601555,1,0,0,0,1,0,0,0,0,0
O[C@H]1[C@@H](N2CC[NH+](C)CC2)C[C@@H]2[C@]1(C)CC[C@H]1[C@@]3(C)C[C@H](N4CC[NH+](C)CC4)[C@H](O)C[C@@H]3CC[C@H]21,,C33932987,25.072598,1,0,0,0,1,0,0,0,0,0
Clc1c(C)cc(-[n+]2c(SCC(=O)Nc3cc(OC)c(OC)cc3)nc3n[nH]c(C)c3c2N)cc1,,C37867483,83.658806,1,0,0,0,1,0,0,0,0,0
BrC=1C=C(Br)C2=[NH+]C(=O)C(NNC(=O)C3=NC(=O)Nc4ccccc34)=C2C=1,,C13301111,99.831451,1,0,0,0,0,0,0,0,0,0
O=C(Oc1c(C(=O)N2C[C@H](C(=O)NCCc3c[nH]c4ccc(OC)cc34)C3(C2)CC[NH2+]CC3)cccc1)C,,C39598964,99.844597,1,0,0,0,1,0,0,0,0,0
Clc1c(C(=O)N2C[C@H](C(=O)NCCc3c[nH]c4ccc(OC)cc34)C3(C2)CC[NH2+]CC3)c(Cl)ccc1,,C39598972,99.844513,1,0,0,0,1,0,0,0,0,0
O=C([C@H](Oc1ccccc1)C)N1C[C@@H](C(=O)NCCc2c[nH]c3ccc(OC)cc23)C2(C1)CC[NH2+]CC2,,C39599101,99.842667,1,0,0,0,1,0,0,0,0,0
FC(F)(F)c1c(C(=O)N2C[C@@H](C(=O)N[C@H](C)CCCC(O)(C)C)C3(C2)CC[NH2+]CC3)cccc1,,C39631292,99.84417,1,0,0,0,1,0,0,0,1,0
Brc1c(C)cc(C(=O)N2C[C@@H](C(=O)N[C@H](C)CCCC(O)(C)C)C3(C2)CC[NH2+]CC3)cc1,,C39631637,99.846161,1,0,0,0,1,0,0,0,0,0
OC(C)(C)CCC[C@H](NC(=O)[C@H]1C2(CN(C(=O)c3c(-c4noc(C)c4)onc3C)C1)CC[NH2+]CC2)C,,C39631880,99.845261,1,0,0,0,1,0,0,0,0,0
Clc1c(C(=O)N2C[C@@H](C(=O)N[C@@H](C)CCCC(O)(C)C)C3(C2)CC[NH2+]CC3)cnc2n(C)nc(C)c12,,C39632078,99.802223,1,0,0,0,1,0,0,0,0,0
FC(F)(F)c1cc(F)c(C(=O)N2C[C@H](C(=O)NCC[NH+](C(C)C)C(C)C)C3(C2)CC[NH2+]CC3)cc1,,C39634734,99.812935,1,0,0,0,1,1,0,0,0,0
FC(F)(F)c1cc(F)cc(C(=O)N2C[C@@H](C(=O)NCC[NH+](C(C)C)C(C)C)C3(C2)CC[NH2+]CC3)c1,,C39634739,99.813736,1,0,0,0,0,1,0,0,0,0
Clc1c(C(=O)N2C[C@@H](C(=O)NCC[NH+](C(C)C)C(C)C)C3(C2)CC[NH2+]CC3)c(F)c(C)cc1,,C39634784,99.812843,1,0,0,0,1,1,0,0,1,0
Brc1c(C)cc(C(=O)N2C[C@H](C(=O)NCCNc3ccccc3)C3(C2)CC[NH2+]CC3)cc1,,C39655425,99.845055,1,0,0,0,1,0,0,0,0,0
O=C(NCCc1c[nH]c2ccc(C)cc12)[C@@H]1C2(CN(C(=O)c3cnc(N4CCOCC4)cc3)C1)CC[NH2+]CC2,,C39656128,97.426186,1,0,0,0,1,0,0,0,0,0
O=C(NCCc1c[nH]c2ccc(C)cc12)[C@H]1C2(CN(C(=O)C=3[C@@H](c4ccccc4)NOC=3C)C1)CC[NH2+]CC2,,C39656192,99.839005,1,0,0,0,1,0,0,0,0,0
Brc1c(C(=O)N2C[C@@H](C(=O)N[C@H]3C[NH+]4CCC3CC4)C3(C2)CC[NH2+]CC3)n(CC)nc1C,,C39663240,99.341545,1,0,0,0,1,1,0,0,0,0
O=C(NCCC=1[C@H](C)[NH+]=C2C=CC(C#N)=CC=12)[C@H]1C2(CN(C(=O)C3(C)CCCCC3)C1)CC[NH2+]CC2,,C39674721,84.827019,1,0,0,0,0,0,0,0,0,0
Clc1ccc2[nH]cc(CCNC(=O)[C@H]3C4(CN(C(=O)C5CCN(C(=O)C)CC5)C3)CC[NH2+]CC4)c2c1,,C39676451,99.845833,1,0,0,0,1,0,0,0,0,0
Clc1ccc2[nH]cc(CCNC(=O)[C@H]3C4(CN(C(=O)c5c(C)ccc(F)c5)C3)CC[NH2+]CC4)c2c1,,C39676473,99.845131,1,0,0,0,1,0,0,0,0,0
Clc1ccc2[nH]cc(CCNC(=O)[C@@H]3C4(CN(C(=O)[C@@H]5NN(C)C(C)=C5)C3)CC[NH2+]CC4)c2c1,,C39676534,99.839592,1,0,0,0,1,0,0,0,0,0
FC(F)(F)C(=O)N1[C@H](C(=O)N2C[C@H](C(=O)NCCNC(=O)OC(C)(C)C)C3(C2)CC[NH2+]CC3)CCC1,,C39693385,99.842163,1,0,0,0,1,0,0,0,0,0
Clc1cc(C(=O)N2C[C@H](C(=O)NCCNC(=O)OC(C)(C)C)C3(C2)CC[NH2+]CC3)c(F)cc1,,C39693505,99.843056,1,0,0,0,1,0,0,0,0,0
FC(F)(F)c1cc(F)cc(C(=O)N2C[C@@H](C(=O)N[C@H](C)c3c(C)[nH]nc3C)C3(C2)CC[NH2+]CC3)c1,,C44713749,99.825783,1,0,0,0,1,0,0,0,0,0
FC(F)(F)c1c(OC)ccc(C(=O)N2C[C@H](C(=O)N[C@H](C)c3c(C)[nH]nc3C)C3(C2)CC[NH2+]CC3)c1,,C44714038,99.827042,1,0,0,0,1,0,0,0,0,0
Clc1ccc(-n2c(S[C@@H](C)C(=O)Nc3ccc4NC(=O)Nc4c3)nnc2[C@H]([NH+](C)C)C)cc1,,C45486293,88.470825,1,0,0,0,1,0,0,0,0,0
Fc1c(F)c(C(=O)N2C[C@@H](C(=O)N[C@@H](C)c3[nH]c4cc(C)ccc4n3)C3(C2)CC[NH2+]CC3)ccc1C,,C39695787,45.778023,1,0,0,0,1,0,0,0,0,0
O=C(N[C@@H](C)c1[nH]c2cc(C)ccc2n1)[C@H]1C2(CN(C(=O)c3c(OC)ccc(OC)c3)C1)CC[NH2+]CC2,,C39695827,45.777935,1,0,0,0,1,0,0,0,0,0
Clc1c([C@H](CNC(=O)[C@H](NC(=O)N)Cc2c[nH]c3ccccc23)[NH+]2CCCC2)c(F)ccc1,,C58775347,95.374901,1,0,0,0,1,0,0,0,0,0
Oc1c([C@@H]2[NH2+][C@@](CC=3C[NH+]=C4C=CC=CC=34)(C(=O)[O-])[C@@H]3C(=O)N(c4cc(C)c(C)cc4)C(=O)[C@@H]23)cccc1,,C63472801,60.822857,1,0,0,0,0,0,0,0,0,0
O=C(N[C@H]1S[C@@H](Cc2ccccc2)NN1)[C@@H]1CN(CCC=2C[NH+]=C3C=CC(OC)=CC=23)C(=O)C1,,C63557992,62.086113,1,0,0,0,0,0,0,0,0,0
S(=O)(=O)(NC)c1ccc(NC(=O)[C@H](NC(=O)c2sccc2)CC=2C[NH+]=C3C=CC=CC=23)cc1,,C64707688,82.324821,1,0,0,0,1,0,0,0,0,0
Clc1c(C)ccc(NC(=O)CSc2[n+](-c3cc(C)c(Cl)cc3)c(N)c3c(C)[nH]nc3n2)c1,,C33860609,83.655037,1,0,0,0,1,0,0,0,0,0
Brc1ccc(-[n+]2c(S[C@@H](CC)C(=O)NCc3occc3)nc3n[nH]c(C)c3c2N)cc1,,C33750351,83.852631,1,1,0,0,1,0,0,0,0,0
Clc1c(C)cc(-[n+]2c(SCC(=O)Nc3c(OC)ccc(OC)c3)nc3[nH]nc(C)c3c2N)cc1,,C33594504,83.65078,1,0,0,0,1,0,0,0,0,0
O=C(N)c1c(NC(=O)c2c(C)ccc(C)c2)sc2C[NH+](C(C)C)CCc12,,C04330637,99.796417,1,0,0,0,1,0,0,0,1,0
S(CCC(=O)Nc1c(C(=O)N)c2CC[NH+](CCC)Cc2s1)c1ccc(F)cc1,,C05192823,99.512886,1,0,0,0,1,0,0,0,0,0
O=C(Nc1c(C(=O)N)c2CC[NH+](CCC)Cc2s1)Cc1c(C)cc(C)cc1,,C05267933,99.510788,1,0,0,0,1,0,0,0,1,0
O[C@@](C)([C@@H]([NH3+])C)c1cc(OCc2ccccc2)c(OCc2ccccc2)cc1,,C01563590,98.639961,1,0,0,0,1,0,0,0,0,0
Fc1ccc(NC(=O)c2c(NC(=O)C[NH2+][C@H](C)c3ccccc3)cccc2)cc1,,C07336553,70.794456,1,0,0,0,1,0,0,0,0,0
S(=O)(=O)(N)c1ccc(CCNc2cc(C)[nH+]c3ccc(OC)cc23)cc1,,C08491242,90.080688,1,0,0,0,1,0,0,0,0,0
Brc1c([C@@H]([NH2+][C@@H](C)c2nc(N)nc(N(C)C)n2)C)cccc1,,C08777713,95.445702,1,0,0,0,1,0,0,0,0,0
Brc1sc(C(=O)Nc2c(C(=O)N)c3CC[NH+](C(C)C)Cc3s2)cc1,,C09390601,99.797508,1,0,0,0,1,0,0,0,0,0
Clc1ccc([C@@H]([NH2+]CC(=O)N2C[C@H](C(=O)N)Oc3ccccc23)C(C)C)cc1,,C10139598,68.991478,1,0,0,0,1,0,0,0,0,0
O[C@H](C[NH+]1CCC2(Oc3cc(OC)ccc3[C@@H](O)C2)CC1)c1c[nH]c2cc(C)ccc12,,C12329699,98.277115,1,0,0,0,1,0,0,0,0,0
O=C(Nc1c(C(=O)N)c2CC[C@@H](C)Cc2s1)C[NH+]1C[C@H](C)C[C@@H](C)C1,,C13745044,65.026558,1,0,0,0,1,0,0,0,1,0
Fc1ccc2O[C@H]([C@H](O)C[NH2+]C[C@H](O)[C@H]3Oc4ccc(F)cc4CC3)CCc2c1,,C14951683,78.940254,1,0,0,0,1,0,0,0,1,0
Fc1cc(C[C@H]([NH3+])COc2cc(-c3ccc4[nH]nc(C)c4c3)cnc2)c(C)cc1,,C14961691,90.286819,1,0,0,0,1,0,0,0,0,0
Fc1c(F)ccc(NC(=O)CNC(=O)C[NH2+][C@@H](C(C)C)c2sccc2)c1,,C29202925,62.88026,1,0,0,0,1,0,0,0,0,0
Clc1c(C)c(NC(=O)[C@H]([NH2+][C@H](C)c2ccc(NC(=O)CC)cc2)C)ccc1,,C30499494,75.531212,1,0,0,0,1,0,0,0,0,0
Clc1c(C)c(NC(=O)[C@H]([NH2+][C@@H](C)c2ccc(NC(=O)CC)cc2)C)ccc1,,C30499498,75.531212,1,0,0,0,1,0,0,0,0,0
Clc1c(NC(=O)[C@H]([NH2+][C@@H](C)c2ccc(NC(=O)CC)cc2)C)ccc(C)c1,,C30500355,74.646637,1,0,0,0,1,0,0,0,0,0
Brc1c(OCC)c(NC(=O)[C@@H]([NH3+])[C@H](C)CC)cc(Cl)c1,,C37020131,72.537773,1,0,0,0,1,0,0,0,0,0
Ic1ccc([C@@H]([NH2+]Cc2ccc(S(=O)(=O)N)cc2)C)cc1,,C37199370,99.33007,1,0,0,0,1,0,0,0,0,0
Brc1c(NC(=O)CCCCC[NH3+])c(C(OC)=O)cc(Br)c1,,C37769887,99.725571,1,0,0,0,1,0,0,0,1,0
Brc1c(NC(=O)C[C@H]([NH3+])C)c(C(OC)=O)cc(Br)c1,,C37769929,98.189209,1,0,0,0,1,0,0,0,0,0
Brc1cc(C[NH2+][C@H](C)C23CC4CC(C2)CC(C3)C4)c(OCC(=O)N)cc1,,C04670905,99.707184,1,0,0,0,1,0,0,0,1,0
O=C(NCCc1ccccc1)COC1=CC=Cn2cc(-c3ccc(N)cc3)[nH+]c12,,C36273729,99.698875,1,0,0,0,1,0,0,0,1,0
O[C@@H](CO[C@@H](c1c(C)cccc1)c1ccccc1)C[NH+]1CCC(C(=O)N)CC1,,C06559781,98.605431,1,0,0,0,1,0,0,0,1,0
O=C([C@H](C)CC)N1C[C@@H](C(=O)NCCc2c[nH]c3ccc(C)cc23)C2(C1)CC[NH2+]CC2,,C39655908,99.846451,1,0,0,0,1,0,0,0,0,0
S(CC=1NC(=O)c2ccccc2N=1)[C@@H]1[NH+](CC=C)[C@H](c2cc(C)c(C)cc2)NN1,,C39744818,72.711205,1,0,0,0,1,0,0,0,1,0
Brc1c(OCC)c(NC(=O)[C@@H]([NH3+])C(C)(C)C)cc(Cl)c1,,C40462942,70.376129,1,0,0,0,1,0,0,0,0,0
Ic1cc(NC(=O)Nc2cc([C@@H]([NH2+]C)C)ccc2)ccc1,,C41712651,99.829124,1,0,0,0,1,0,0,0,0,0
Clc1ccc([C@H]([NH2+]CCOc2ccc(S(=O)(=O)N)cc2)C(C)C)cc1,,C42574219,98.174271,1,0,0,0,1,0,0,0,0,0
Brc1c(Br)c(Br)cc(C[C@@H]([NH3+])C(OC)=O)c1O,,C44335551,70.097366,1,0,0,0,0,0,0,0,0,0
Clc1c(-n2cc(C[C@@H]([NH3+])CO)c3ccccc23)ncc(C(F)(F)F)c1,,C44464910,97.990738,1,0,0,0,1,0,0,0,0,0
Oc1c(CCC)cc(-c2c(-c3ccc4OCCOc4c3)[nH]c(C)[nH+]2)c(O)c1,,C39550409,38.258892,1,0,0,0,1,0,0,0,0,0
Fc1c(F)c(C[C@H]([NH3+])COc2cc(-c3ncc4[nH]nc(C)c4c3)cnc2)ccc1F,,C45290259,71.582748,1,0,0,0,1,0,0,0,0,0
O=C(Nc1c(C(=O)NC(C)C)cccc1)C[NH2+][C@@H](C(C)(C)C)c1sccc1,,C52838958,76.809731,1,0,0,0,1,0,0,0,0,0
Clc1c([C@H](NC(=O)[C@@H](C)[NH+]2CCC(CC(=O)N)CC2)C)ccc(Cl)c1,,C52941237,93.770851,1,0,0,0,1,0,0,0,1,0
Clc1cc(NC(=O)C2CC[NH+]([C@@H](C)C(=O)NC(CC)CC)CC2)c(O)cc1,,C53020372,82.96418,1,0,0,0,1,0,0,0,1,0
Clc1c(C)cc(O[C@H](C)C(=O)N/N=C/2\[NH+]=C(N)c3ccccc\23)cc1C,,C16269388,59.632458,1,0,0,0,0,0,0,0,1,0
Fc1c(NC(=O)N[C@H](C)C[NH+]2C[C@H](C)C[C@@H](C)C2)cc(NC(=O)C)cc1,,C56608583,99.80574,1,0,0,0,1,0,0,0,0,0
O=C(N[C@H](C)C[NH+]1C[C@H](C)C[C@H](C)C1)N[C@@H](C)c1cc(NC(=O)C)ccc1,,C56946815,99.826393,1,0,0,0,1,0,0,0,1,0
Clc1ccc(C(=O)NNC(=O)NC[C@@H]([NH+](C)C)c2ccc(F)cc2)cc1,,C56950424,98.075821,1,0,0,0,1,0,0,0,0,0
O=C(N[C@H](C)c1[nH+]c(-c2ccccc2)c[nH]1)[C@@H](NC(=O)c1cc(C)ccc1)C(C)C,,C60199737,81.594643,1,0,0,0,1,0,0,0,0,0
Brc1c(S(=O)(=O)NC[C@H]2[NH+](C)CCCC2)cc(Cl)cc1N,,C61882443,95.289841,1,0,0,0,1,0,0,0,1,0
O=C(N)CC1CCN(C(=O)NC2CC[NH+](CC3CCCCC3)CC2)CC1,,C62528802,99.910011,1,0,0,0,1,0,0,0,0,0
Brc1c(NC(=O)CN2[C@@H]([C@@H]([NH3+])C)CCCC2)ccc(Br)c1,,C63195509,91.694832,1,0,0,0,1,0,0,0,1,0
O=C(Nc1ccc2N[C@@H](NC(=O)c3ccccc3)Sc2c1)[C@@H]1[NH+]=C2C=CC=CC2=C1,,C63600780,98.526276,1,0,0,0,1,0,0,0,0,0
S(CC(=O)N)c1c(NC(=O)C[NH+]2CCC[C@H]3C[C@H](C)CC[C@H]23)cccc1,,C64515529,86.541344,1,0,0,0,1,0,0,0,1,0
Fc1c(-c2sc(C[NH+](CCC(=O)NC(=O)N)C(C)C)cc2)cccc1,,C64988167,98.980225,1,0,0,0,1,0,0,0,0,0
Clc1cc(C2(C[NH2+][C@H](C)C(=O)NC(=O)NCC(C)C)CCOCC2)ccc1,,C66389333,67.161789,1,0,0,0,1,0,0,0,0,0
O=C(NC[C@H]([NH+](C)C)c1sccc1)Nc1cc(C(=O)NC(C)C)c(C)cc1,,C66686831,97.850502,1,0,0,0,1,0,0,0,1,0
FC(F)(F)[C@@H]1C[C@H](NC(=O)NC[C@@H](O)C[NH+]2CCC(C)CC2)CCC1,,C67613343,99.670593,1,0,0,0,1,0,0,0,1,0
S=C(NCC(C)C)NC[C@@H]1[NH+]2C[C@H](c3n(C)nc(-c4ccc(N(C)C)cc4)c3)[C@H](C1)CC2,,C08635357,99.36721,1,0,0,0,0,0,0,0,0,0
O=C(Nc1c(OC)cccc1)N1[C@@H](c2c(C)cccc2)SC[C@@H]1C(=O)NCC[NH+]1CCCC1,,C09251698,99.610161,1,0,0,0,1,0,0,0,0,0
Clc1c([C@H]2C(C#N)=C(N)OC=3C=C(C)N(CCC[NH+](CC)CC)C(=O)C2=3)c(Cl)ccc1,,C09329583,99.965576,1,0,0,0,1,0,0,0,0,0
Clc1ccc([C@H](NC(=O)C=2C(=O)NC(C[NH+](C)Cc3nc(C)sc3)=CC=2)c2ccccc2)cc1,,C12201170,49.536842,1,0,0,0,0,0,0,0,0,0
Clc1ccc(-c2csc3N=C(C[NH+](CC)CC(=O)Nc4c(F)cccc4F)NC(=O)c23)cc1,,C12858961,98.21917,1,0,0,0,1,0,0,0,0,0
Clc1c(C(=O)NC(=S)NC[C@@H]([NH+]2CCOCC2)c2ccc(F)cc2)ccc(Cl)c1,,C03168506,62.661003,1,0,0,0,1,0,0,0,1,0
Brc1c(O[C@H](C)C(=O)Nc2ccc(C(=O)NCC[NH+](CC)CC)cc2)ccc(Cl)c1,,C13621869,99.851555,1,0,0,0,1,0,0,0,0,0
Clc1ccc([C@H]2Nc3c(Cl)c(C(=O)NCCC[NH+](CC)CC)nn3[C@@H](C(F)(F)F)C2)cc1,,C02754850,99.712479,1,0,0,0,1,0,0,0,1,0
Clc1c(C(=O)N[C@H](CC(=O)NC[C@H]([NH+]2CCCCC2)c2occc2)c2ccccc2)cccc1,,C15988738,95.827309,1,1,0,0,1,0,0,0,0,0
Fc1c(F)c(NC(=O)C[NH+](CCC)CC=2NC(=O)c3c(-c4ccccc4)csc3N=2)ccc1F,,C16590081,98.194626,1,0,0,0,0,0,0,0,0,0
Brc1c(OC)ccc(C(=O)NC(=S)Nc2c(N3CC[NH+](CC)CC3)c(Cl)ccc2)c1,,C20977574,99.354088,1,0,0,0,0,0,0,0,0,0
O=C(NC[C@H](N1CC[NH+](C)CC1)c1ccc2N(C)CCc2c1)C(=O)Nc1ccc(C(C)C)cc1,,C22734565,77.139221,1,0,0,0,1,0,0,0,0,0
S(=O)(=O)(N[C@H](CCSC)C(=O)NC[C@@H]([NH+]1CCCC1)c1ccccc1)c1ccc(C)cc1,,C23741643,87.948914,1,0,0,0,1,0,0,0,1,0
Clc1c(C(=O)N[C@@H](CCSC)C(=O)NC[C@@H]([NH+]2CCCC2)c2c(OC)cccc2)cccc1,,C23980730,98.8685,1,0,0,0,1,0,0,0,1,0
FC(F)(F)c1nc2c(-c3cscc3)cnc(NC3CCC([NH2+]Cc4cnccc4)CC3)c2cc1,,C24904276,78.919304,1,0,0,0,1,1,0,0,1,0
S(C)c1c(NC(=O)C[NH+](C)[C@@H](C(=O)Nc2c(OC)ccc(C)c2)c2ccccc2)cccc1,,C31035800,99.906349,1,0,0,0,1,0,0,0,0,0
Clc1cc(-n2c(SCc3cc(OC)ccc3)nnc2[C@H]([NH3+])Cc2ccccc2)c(C)cc1,,C35707222,52.8181,1,0,0,0,0,0,0,0,1,0
Fc1c(OC)ccc(C[NH+](C)CC=2NC(=O)c3c(C)c(C(=O)Nc4c(C)cc(C)cc4)sc3N=2)c1,,C24072046,69.262039,1,0,0,0,0,0,0,0,0,0
O[C@](C)(C[NH+](Cc1ccccc1)CC=1NC(=O)c2c(-c3cc(OC)ccc3)csc2N=1)C=C,,C35746198,86.783447,1,0,0,0,0,0,0,0,0,0
O[C@H](COc1ccccc1)C[NH+](CC=1NC(=O)c2c(-c3c(C)cccc3)csc2N=1)C(C)C,,C35747235,60.12714,1,0,0,0,1,0,0,0,0,0
O[C@@H](COC(C)C)C[NH+](Cc1ccccc1)CC=1NC(=O)c2c(sc3CCCCCc23)N=1,,C35781312,91.346245,1,0,0,0,1,0,0,0,0,0
Clc1c(-c2csc3N=C(C[NH+](CC(C)C)C[C@H](O)COCC(C)C)NC(=O)c23)cccc1,,C36205415,74.413399,1,0,0,0,1,0,0,0,0,0
Clc1ccc(-c2csc3N=C(C[NH+](CCC(C)C)C[C@H](O)COCC#C)NC(=O)c23)cc1,,C36207791,77.547173,1,0,0,0,1,0,0,0,0,0
O=C(C[NH+]1CCC(C(=O)N)CC1)N1[C@@H](c2ccc(OCC)cc2)CC(c2c(C)cc(C)cc2)=N1,,C36342575,74.367203,1,0,0,0,0,0,0,0,0,0
S(CC=1NC(=O)c2c(C)c(C)sc2N=1)[C@H](C)C(=O)NC[C@@H]([NH+]1CCCC1)c1ccccc1,,C36750555,95.256325,1,0,0,0,1,0,0,0,0,0
S(CC=1NC(=O)c2c(C)c(C)sc2N=1)[C@H](C)C(=O)NC[C@H]([NH+]1CCCC1)c1sccc1,,C27603063,95.014519,1,0,0,0,1,0,0,0,1,0
OCC[NH2+][C@@H]1C[C@@H](c2ccc(C(C)C)cc2)N2[C@H](C(OC)=O)CC=3C(=NC4=CC=CCC=34)[C@H]2C1,,C39560910,97.842323,1,0,0,0,0,0,0,0,0,0
FC(F)(F)Oc1ccc(C(=O)N2C[C@H](C(=O)NCCc3cc(C)c(C)cc3)C3(C2)CC[NH2+]CC3)cc1,,C39609211,99.846001,1,0,0,0,1,0,0,0,0,0
FC(F)(F)Oc1ccc(C(=O)N2C[C@@H](C(=O)NCCCc3ccccc3)C3(C2)CC[NH2+]CC3)cc1,,C39623620,99.846146,1,0,0,0,0,0,0,0,0,0
FC(F)(F)c1cc(F)cc(C(=O)N2C[C@H](C(=O)NCCc3c(OCC)cccc3)C3(C2)CC[NH2+]CC3)c1,,C39652659,99.844185,1,0,0,0,1,0,0,0,0,0
O=C([C@@H](CC)c1ccccc1)N1C[C@H](C(=O)NC[C@H](Oc2ccccc2)C)C2(C1)CC[NH2+]CC2,,C39665259,99.844841,1,0,0,0,1,0,0,0,0,0
FC(F)(F)c1c(F)cc(C(=O)N2C[C@@H](C(=O)NC[C@@H](Oc3ccc(C)cc3)C)C3(C2)CC[NH2+]CC3)cc1,,C39666024,99.843765,1,0,0,0,1,0,0,0,0,0
FC(F)(F)c1ccc(C(=O)N2C[C@H](C(=O)N[C@H](C)CCc3ccc(OC)cc3)C3(C2)CC[NH2+]CC3)cc1,,C39675205,99.845459,1,0,0,0,0,0,0,0,0,0
Fc1c(C)ccc(C(=O)N2C[C@@H](C(=O)N[C@@H](C)CCc3ccc(OC)cc3)C3(C2)CC[NH2+]CC3)c1,,C39675311,99.845268,1,0,0,0,1,0,0,0,0,0
Clc1c(F)c(C(=O)N2C[C@@H](C(=O)N[C@H](C)CCc3ccc(OC)cc3)C3(C2)CC[NH2+]CC3)c(F)cc1,,C39675523,99.842117,1,0,0,0,0,0,0,0,0,0
O[C@@H](COC(C)C)C[NH+](CC(C)C)CC=1NC(=O)c2c(-c3c(C)ccc(C)c3)csc2N=1,,C35746476,74.174515,1,0,0,0,1,0,0,0,0,0
Brc1c(OCc2c(Cl)cccc2Cl)c(OC)cc(C[NH2+]CCOCCO)c1,,C40733729,96.730888,1,0,0,0,1,0,0,0,1,0
O(/N=C\1/CC[C@@]2(C)[C@@H]3CC[C@@]4(C)[C@@H](C(=O)C)CC[C@@H]4[C@H]3CCC2=C/1)CC(=O)NCCc1[nH+]c[nH]c1,,C43741661,53.863777,1,0,0,0,1,0,0,0,0,0
O[C@@H](CO[C@H](c1c(C)cccc1)c1ccccc1)C[NH+]1CCC(C(=O)Nc2ccccc2)CC1,,C45793870,98.45195,1,0,0,0,1,0,0,0,1,0
Clc1c(NC(=O)NC[C@@H]([NH+]2CCCC2)c2c(OC)cccc2)cc(N2C(=O)CCC2)cc1,,C58893842,98.914276,1,0,0,0,1,0,0,0,1,0
Brc1cc(C(=O)NC(=S)Nc2c(N3CC[NH+](CC)CC3)c(Cl)ccc2)c(OC)cc1,,C59723886,99.353851,1,0,0,0,0,0,0,0,0,0
O=C(NCCC=1C[NH+]=C2C=CC=CC=12)/C(/NC(=O)c1ccc(C)cc1)=C/[C@@H]1CN(C)c2ccccc12,,C63354506,84.281563,1,0,0,0,0,0,0,0,0,0
O=C(NCC(C)C)[C@@H](NC(=O)[C@H]1N2C(=O)c3ccccc3[C@@H]2[C@@H]2[NH+]=C3C=CC=CC3=C2C1)[C@H](C)CC,,C63383931,91.734924,1,0,0,0,0,0,0,0,0,0
O=C(N[C@H](CC(=O)NC[C@H](c1ccc(OC)cc1)C=1C[NH+]=C2C=CC=CC=12)c1ccc(C)cc1)C,,C63403674,85.427132,1,0,0,0,1,0,0,0,0,0
Clc1cc(N2[C@@H](SCC(=O)NCCC=3C[NH+]=C4C=CC(Cl)=CC=34)NN=N2)c(C)cc1,,C63478706,65.014702,1,0,0,0,1,0,0,0,0,0
Clc1ccc(C(=O)NC=2[C@@H](C(=O)NCc3cc(OC)c(OC)cc3)[NH+]=C3C=CC=CC=23)cc1,,C63752640,99.868332,1,0,0,0,0,0,0,0,0,0
S(=O)(=O)(N[C@H](Cc1ccccc1)C(=O)NCCC=1C[NH+]=C2C=CC=CC=12)c1c(F)cccc1,,C63819074,73.871384,1,0,0,0,1,0,0,0,0,0
Fc1ccc(C(=O)NC=2[C@@H](C(=O)NCc3c(OC)ccc(OC)c3)[NH+]=C3C=CC(C)=CC=23)cc1,,C64395755,99.867523,1,0,0,0,0,0,0,0,0,0
O=C(NCCC=1C[NH+]=C2C=CC(C)=CC=12)CC1CCN(C(=O)c2[nH]c3cc(OC)ccc3c2)CC1,,C64518501,84.030602,1,0,0,0,1,0,0,0,0,0
S(=O)(=O)(N1CCC2(C(NCc3cc(OC)ccc3)=[NH+]CCN2)CC1)c1ccc(C(C)C)cc1,,C65074854,67.560738,1,0,0,0,0,0,0,0,0,0
OC[C@@H](NC(=O)[C@@H]([NH2+]C)Cc1ccc(OCc2ccccc2)cc1)CC(C)C,,C01692687,64.098251,1,0,0,0,1,0,0,0,1,0
O=C(Nc1ccc([C@@H](C)CC)cc1)c1nc([C@@H]([NH3+])CC(C)C)sc1,,C06603792,84.818626,1,0,0,0,1,0,0,0,1,0
S(=O)(=O)(N)c1ccc(CC[NH2+]Cc2ccc(N(CC)CC)cc2)cc1,,C06703012,99.761055,1,0,0,0,1,0,0,0,1,0
FC(F)(F)Oc1c(C[NH+](C)[C@H](C)C(=O)Nc2ccc(C(=O)N)cc2)cccc1,,C25243208,75.500801,1,0,0,0,1,0,0,0,0,0
O=C(Nc1c(C(=O)N)c2CCCc2s1)[C@@H]([NH+](C)Cc1c(OC)ccc(C)c1)C,,C29158880,69.38343,1,0,0,0,0,0,0,0,0,0
O=C(NCC=C)[C@H]([NH2+]C[C@H](c1ccccc1)c1c[nH]c2ccccc12)C,,C28804340,74.838165,1,0,0,0,1,0,0,0,1,0
O=C(NCC=C)[C@@H]([NH2+]C[C@H](c1ccccc1)c1c[nH]c2ccccc12)C,,C28804343,74.838165,1,0,0,0,1,0,0,0,1,0
O=C(Nc1ccc([C@H]([NH2+][C@H](C)C(=O)Nc2cc(C)ccc2)C)cc1)CC,,C30498891,76.01268,1,0,0,0,1,0,0,0,0,0
ClC(Cl)(Cl)[C@@H](NCCC)c1ccc(/C=[NH+]/C(CO)(CO)CC)cc1,,C17421768,87.673042,1,0,0,0,1,0,0,0,0,0
S(=O)(=O)(N)c1ccc([C@@H]([NH+](C)CC(=O)Nc2cc(SC)ccc2)C)cc1,,C32542191,62.903152,1,0,0,0,1,0,0,0,0,0
Brc1c(OC)ccc([C@H](NC(=O)CCCCCC[NH3+])C)c1,,C37045580,99.742905,1,0,0,0,1,0,0,0,1,0
Clc1c(COc2c(C[NH2+]CCNCCO)cccc2)c(Cl)ccc1,,C40719875,37.861282,1,0,0,0,1,0,0,0,1,0
Clc1cc(C[NH2+][C@@H](CO)CC)c(OCC(=O)Nc2ccc(C)cc2)cc1,,C40743581,97.768791,1,0,0,0,1,0,0,0,0,0
Brc1cc(OCC[NH+](CC)C[C@@H](C)/C(/N)=N/O)ccc1,,C42445269,94.709236,1,0,0,0,1,1,1,1,1,0
O=C(NCCCC)NC(=O)[C@@H]([NH2+][C@H](c1occc1)c1ccccc1)C,,C43606732,98.554733,1,0,0,0,1,0,0,0,0,0
O=C(NC[C@H]([NH+](CC)CC)C)Nc1cc(NC(=O)C(C)(C)C)ccc1,,C44012010,99.942337,1,0,0,0,1,0,0,0,0,0
FC(F)Oc1ccc([C@@H]([NH2+][C@H](C)C(=O)NC(=O)NCC(F)(F)F)C)cc1,,C44803551,54.533306,1,0,0,0,1,0,0,0,0,0
Clc1ccc(CC(=O)NNC(=O)NC[C@H]([NH+](C)C)c2cscc2)cc1,,C46347485,99.101929,1,0,0,0,1,0,0,0,1,0
O=C(NC[C@H]([NH+](C)C)c1cscc1)Nc1ccc(C(=O)NCC(C)C)cc1,,C47730594,99.081696,1,0,0,0,1,0,0,0,0,0
O[C@@H](COc1c(C)cc(C(C)(C)C)cc1)C[NH+]1CCC(CC(=O)N)CC1,,C48026444,99.348236,1,0,0,0,1,0,0,0,1,0
Fc1ccc([C@@H]([NH+](C)C)CNC(=O)Nc2cc(C(=O)NCCC)ccc2)cc1,,C48078389,98.058693,1,0,0,0,1,0,0,0,0,0
O=C(NC[C@@H]([NH+](C)C)c1cscc1)Nc1ccc(C(=O)NC(C)C)cc1,,C48106775,99.081703,1,0,0,0,1,0,0,0,0,0
O=C(Nc1ccc(C(=O)Nc2c(OC)cccc2)cc1)[C@@H]([NH2+][C@H](C)C(C)C)C,,C16518688,90.789383,1,0,0,0,1,0,0,0,1,0
Fc1ccc2c(CC[NH2+][C@@H](CC)C(=O)Nc3noc(C)c3)c[nH]c2c1,,C51164888,69.02475,1,0,0,0,1,0,0,0,1,0
Fc1ccc2c(CC[NH2+][C@H](CC)C(=O)Nc3noc(C)c3)c[nH]c2c1,,C51164889,69.02475,1,0,0,0,1,0,0,0,1,0
Brc1cc([C@H]([NH2+]CCC)C)c(OC[C@@H](C)C(=O)N)cc1,,C52067683,99.831932,1,0,0,0,1,0,0,0,1,0
Clc1c([C@H]([NH+](CC)CC)CNC(=O)C(NC(=O)NC)(C)C)cccc1,,C53272542,99.542786,1,1,0,0,1,0,0,0,1,0
O=C(NC[C@@H]([NH+](C)C)c1cscc1)Nc1ccc(C(=O)N[C@H](C)CC)cc1,,C54477435,99.081703,1,0,0,0,1,0,0,0,0,0
O=C(Nc1c(C(=O)N)ccs1)[C@H]([NH+](C)Cc1ccc(C(C)C)cc1)C,,C58288884,52.545296,1,0,0,0,0,0,0,0,0,0
Fc1c(F)ccc([C@@H](O)CNC(=O)NC[C@H]([NH+](CC)CC)c2cscc2)c1,,C59119236,99.861977,1,0,0,0,1,0,0,0,1,0
O=C(NC[C@@H]([NH+](C)C)c1sccc1)Nc1ccc(C(=O)NCC=C)cc1,,C48149415,97.825485,1,0,0,0,1,0,0,0,0,0
O=C(NC[C@H]([NH+](C)C)c1ccc(CC)cc1)Nc1c(C)ccc(C(=O)NCC)c1,,C61263205,98.5242,1,0,0,0,1,0,0,0,0,0
FC(F)C[NH+]1CCC(NC(=O)Nc2ccc(C(=O)NCCC)cc2)CC1,,C61774908,78.049988,1,0,0,0,1,0,0,0,0,0
O=C(NNC(=O)CC12CC3CC(C1)CC(C2)C3)N[C@@H](C)CC[NH+](C)C,,C62506980,99.844971,1,0,0,0,1,0,0,0,1,0
Brc1c(OCC(=O)NC(CC)CC)ccc(CC[NH3+])c1,,C62703731,99.439415,1,0,0,0,1,0,0,0,0,0
Brc1c(OCC(=O)NC(C)(C)C)ccc(C[C@H]([NH3+])CC)c1,,C62705072,99.790215,1,0,0,0,1,0,0,0,1,0
Brc1cc(C[NH2+]CC(C)C)c(OC[C@@H](C)C(=O)N)cc1,,C62729986,99.482727,1,0,0,0,1,0,0,0,1,0
O(CC(=O)N[C@@H](Cc1[nH+]cc[nH]1)c1ccccc1)C[C@@H]1Sc2ccccc2N1,,C39758631,81.256485,1,0,0,0,1,0,0,0,0,0
O=C(N)COc1cc(C[NH2+]C(c2ccccc2)c2ccccc2)ccc1,,C63993100,97.768105,1,0,0,0,1,0,0,0,0,0
Clc1ccc([C@@H]2N(CC)[C@](C)(CO)C[C@@H]2C[NH2+]CC(C)(C)CO)cc1,,C19144750,99.14959,1,0,0,0,1,0,0,0,1,0
Clc1c(NNC(=O)C(=O)NCC([NH+](C)C)(CC)CC)ccc(Cl)c1,,C65100267,99.64666,1,0,0,0,1,0,0,0,1,0
S=C(NNC(=O)c1ccc(C[NH+](CC)CC)cc1)Nc1c(C(C)C)cccc1,,C66122630,99.916908,1,0,0,0,1,0,0,0,0,0
Oc1cc(CCNC(=O)NC[C@H]([NH+](CC)CC)c2occc2)ccc1,,C66232771,96.016159,1,0,0,0,1,0,0,0,1,0
Brc1ccc(-c2oc(CN/C(=[NH+]\CCOC)/N)cc2)cc1,,C66244243,99.855621,1,0,0,0,1,0,0,0,0,0
S(=O)(=O)(N)c1cc(NC(=O)CC[NH+](C)C[C@@H](C)c2ccccc2)ccc1,,C66853880,99.110115,1,0,0,0,1,0,0,0,0,0
Fc1ccc([C@H]([NH2+]Cc2cc(OC)c(OCc3ccccc3)cc2)C(=O)N)cc1,,C66938867,82.580261,1,0,0,0,1,0,0,0,0,0
Fc1cc(OC[C@@H](O)C[NH2+]Cc2c(-c3oc4ccccc4c3)n[nH]c2)ccc1,,C67224283,73.647484,1,0,0,0,1,0,0,0,0,0
O=C(NC(C)C)Nc1ccc(NC(=O)[C@@H]([NH+](CC)CC)c2ccccc2)cc1,,C67246393,83.65332,1,0,0,0,1,0,0,0,0,0
O=C(NCCCc1cc(OC)ccc1)N[C@H](C)c1[nH+]c(-c2ccccc2)c[nH]1,,C67423511,81.135872,1,0,0,0,1,0,0,0,0,0
O=C(NC[C@H]([NH+](C)C)c1cscc1)Nc1c(C)c(NC(=O)CCC)ccc1,,C67584887,99.098839,1,0,0,0,1,0,0,0,1,0
Clc1ccc(C(=O)[C@@H](OC(=O)c2c(C)c(C(=O)C)c(C)[nH]2)C)cc1,,C04548231,99.999763,1,0,0,0,0,0,0,0,0,0
Fc1cc(C(=O)Nc2c(C(OCC)=O)c(C)c(C(=O)C)s2)ccc1,,C00474797,100,1,0,0,0,0,0,0,0,0,0
S(CC(=O)Nc1c(C#N)c(C)c(C(OC)=O)s1)c1ccccc1,,C04750376,100,1,0,0,0,0,0,0,0,0,0
Clc1ccc(C(=O)N(CC(=O)Nc2sccn2)[C@H](C)CC)cc1,,C04873619,100,1,0,0,0,0,0,0,0,0,0
Clc1cc(NC(=O)[C@@H](OC(=O)c2sccc2)C)c(OC)cc1,,C01922365,100,1,0,0,0,0,0,0,0,0,0
Brc1c(OC)c(OC)c(OC)cc1C(=O)N[C@H](C)CC,,C05953896,100,1,0,0,0,0,0,0,0,0,0
Fc1c(F)ccc(NC(=O)/C=C/c2cc(OC)c(OC)c(OC)c2)c1,,C06377739,100,1,0,0,0,0,0,0,0,0,0
Fc1ccc([C@@H](NC(=O)[C@H](OC(=O)c2ccc(C#N)cc2)C)C)cc1,,C06638313,100,1,0,0,0,0,0,0,0,0,0
Clc1cc(NC(=O)[C@H](Oc2c(OC)cc(C(=O)C)cc2)C)ccc1,,C07200793,100,1,0,0,0,0,0,0,0,0,0
Clc1ccc(NC(=O)[C@@H](Sc2n(CC)c(C3CC3)nn2)C)cc1,,C07618420,99.585014,1,0,0,0,0,0,0,0,0,0
S([C@@H](C)C(=O)Nc1c(C)cc(C)cc1)c1n(CC)c(C2CC2)nn1,,C07841261,99.5849,1,0,0,0,0,0,0,0,0,0
Clc1c(OC)ccc(NC(=O)Cc2c(C)n(CC(C)C)nc2C)c1,,C07955999,99.841698,1,0,0,0,0,0,0,0,0,0
F[C@H]1CC=C(COc2c(/C=N/NC=3SCC(=O)N=3)cccc2)C=C1,,C03255921,80.74295,1,0,0,0,0,0,0,0,0,0
S(CC(=O)N[C@H](C)c1sccc1)c1oc(-c2sccc2)nn1,,C06462755,99.997314,1,0,0,0,0,0,0,0,0,0
Clc1ncc(S(=O)(=O)N[C@@H](C)c2ccc(OCC)cc2)cc1,,C10675228,96.259514,1,0,0,0,0,0,0,0,0,0
Fc1ccc(OCC(=O)NCc2noc(-c3ccc(F)cc3)c2)cc1,,C11613462,100,1,0,0,0,0,0,0,0,0,0
Clc1c(O[C@H](C)C(=O)Nc2c(C(OC)=O)scc2)cccc1,,C12380973,100,1,0,0,0,0,0,0,0,0,0
Fc1c(C(=O)COC(=O)c2n[nH]c(-c3ccccc3)c2)ccc(F)c1,,C09338255,97.900253,1,0,0,0,0,0,0,0,0,0
Clc1c(C)cc(NC(=O)COC(=O)c2cscc2)c(OC)c1,,C12600651,100,1,0,0,0,0,0,0,0,0,0
O=C(N[C@H](C)c1ccc(-n2cncc2)cc1)[C@@H](Oc1ccc(C)cc1)C,,C12549669,89.326302,1,0,0,0,0,0,0,0,0,0
FC(F)(F)c1cc(-c2c(C(=O)N[C@H](C)COC)c(C)no2)ccc1,,C22349107,100,1,0,0,0,0,0,0,0,0,0
O=C(N[C@H](C)c1ccc(-n2cncc2)cc1)COc1c(C)ccc(C)c1,,C23156468,89.327011,1,0,0,0,0,0,0,0,0,0
O(C)C[C@@H](NC(=O)c1c(-c2ccc(C)cc2)nn(-c2ccccc2)c1)C,,C24177163,99.994316,1,0,0,0,0,0,0,0,0,0
Fc1ccc(O[C@@H](C)C(=O)Nc2n(Cc3sccc3)ncc2)cc1,,C28403601,99.668167,1,0,0,0,0,0,0,0,0,0
FC(F)(F)c1cc(NC(=O)CCc2occc2)c(-n2nccc2)cc1,,C29769290,99.98243,1,0,0,0,0,0,0,0,0,0
Clc1c(S(=O)(=O)N[C@H](C(C)C)C(OC)=O)cc(Cl)cc1,,C35154485,83.775108,1,0,0,0,0,0,0,0,0,0
Clc1cc(Cl)cc(S(=O)(=O)N[C@H](C(C)C)C(OC)=O)c1,,C35154556,83.744896,1,0,0,0,0,0,0,0,0,0
Clc1c(OCc2scc(C(=O)NCc3occc3)n2)cccc1,,C36084005,100,1,0,0,0,0,0,0,0,0,0
O=C(Nc1cc(OC)ccc1)N(Cc1occc1)Cc1cscc1,,C44446468,100,1,0,0,0,0,0,0,0,0,0
S(=O)(=O)(Cc1c(OC)ccc(C)c1)[C@@H](C)C(=O)Nc1ccccc1,,C44642721,100,1,0,0,0,0,0,0,0,0,0
O=C(N(C)c1cc(NC(=O)[C@@H](Oc2ccc(CC)cc2)C)ccc1)C,,C44821862,100,1,0,0,0,0,0,0,0,0,0
Clc1ncc(C(=O)N[C@H](C)c2cc(OC)c(OC(C)C)cc2)cc1,,C31515214,99.995354,1,0,0,0,0,0,0,0,0,0
S(=O)(=O)([C@@H](C)C(=O)Nc1c(CC)cccc1)c1cc(OC)ccc1,,C47641416,100,1,0,0,0,0,0,0,0,0,0
S(CC)c1ccc(CC(=O)Nc2oc(-c3cscc3)nn2)cc1,,C49449231,99.99173,1,0,0,0,0,0,0,0,0,0
Clc1sc(S(=O)(=O)N[C@@H](C(OC)=O)c2ccccc2)cc1,,C33911117,78.474083,1,0,0,0,0,0,0,0,0,0
O=C(N[C@@H](C)CCc1occc1)[C@@H]1C(=O)N(c2ccc(C)cc2)CC1,,C53121405,100,1,0,0,0,0,0,0,0,0,0
Clc1n(C)nc(C)c1/C=C/C(=O)N[C@@H](C)COc1cc(C)ccc1,,C53185224,99.968521,1,0,0,0,0,0,0,0,0,0
S(=O)(=O)(c1ccc(O[C@H](C)C(=O)NC(C)C)cc1)c1ccccc1,,C54249123,100,1,0,0,0,0,0,0,0,0,0
Clc1sc(S(=O)(=O)NCc2c(OC)c(OC)ccc2)cc1,,C56118782,94.939072,1,0,0,0,0,0,0,0,0,0
Fc1c(OC)ccc(CC(=O)Nc2c(C(OC)=O)c(C)c(C)s2)c1,,C14637257,100,1,0,0,0,0,0,0,0,0,0
O=C(NC)CN(C(=O)COc1c(C)ccc(C)c1)c1cc(C#C)ccc1,,C63830107,100,1,0,0,0,0,0,0,0,0,0
O=C(N(C)[C@@H](CC)c1cc(OC)ccc1)C(=O)c1c[nH]c2ccccc12,,C65010313,99.996849,1,0,0,0,0,0,0,0,0,0
O(CC)CCOc1ccc([C@]2(C)N(C)C(=O)c3ccccc3N2)cc1,,C66128251,99.991676,1,0,0,0,0,0,0,0,0,0
FC(F)c1n(C)ncc1C(=O)Nc1ccc(OCC(F)(F)F)cc1,,C66280776,99.99781,1,0,0,0,0,0,0,0,0,0
S(CC(=O)NC1(c2cc(C)ccc2)CCCC1)Cc1nc(C)on1,,C66511550,99.993042,1,0,0,0,0,0,0,0,0,0
S(=O)(=O)(Nc1c(OC(C)C)ccc(F)c1)c1cc(C(=O)C)ccc1,,C66586175,92.037285,1,0,0,0,0,0,0,0,0,0
O=C(N[C@H](C)c1c(C)n(C)nc1C)/C=C/c1cc(OC(C)C)ccc1,,C66634035,99.847855,1,0,0,0,0,0,0,0,0,0
Brc1ccc(S(=O)(=O)NC(C)(C)C(OCC)=O)cc1,,C66938019,88.992043,1,0,0,0,0,0,0,0,0,0
Fc1cc(NC(=O)/C=C/c2ccc(-n3cncc3)cc2)c(OCC)cc1,,C67192945,89.853683,1,0,0,0,0,0,0,0,0,0
Fc1cc(OCCNC(=O)c2nn(-c3cc(F)ccc3)cc2)ccc1,,C67548277,100,1,0,0,0,0,0,0,0,0,0
O[C@H](COc1c(C(C)(C)C)cc(OC)cc1)C[NH2+]C[C@H](O)c1ccccc1,,C06906305,84.822685,1,0,0,0,1,0,0,0,1,0
Fc1cc([C@H]([NH2+][C@@H](C)C(=O)NC(=O)NC)c2ccc(CC)cc2)ccc1,,C07615030,90.181458,1,0,0,0,1,0,0,0,0,0
Clc1ccc([C@@H]([NH2+][C@H](C)C(=O)Nc2ccc(NC(=O)C)cc2)C)cc1,,C08326997,70.327042,1,0,0,0,1,0,0,0,0,0
Clc1c([C@@H]([NH2+]C2CC2)[C@H](C[NH2+]C2CC2)C(=O)[O-])ccc(Cl)c1,,C08377221,97.478905,1,0,0,0,1,0,0,0,1,0
Clc1c([C@@H]([NH2+]CC(=O)NC(=O)NCC=C)C)ccc(Cl)c1,,C09502975,91.471207,1,0,0,0,1,0,0,0,0,0
O=C(NCC)NC(=O)[C@@H]([NH2+][C@H](CCCc1ccccc1)c1ccccc1)C,,C12667461,54.902332,1,0,0,0,1,0,0,0,0,0
Clc1c(S(=O)(=O)NCC[NH+](C(C)C)C(C)C)cc(N)cc1,,C21515665,96.19986,1,0,0,0,1,0,0,0,1,0
Fc1c(NC(=O)[C@@H]([NH2+][C@H](C)c2ccc(NC(=O)CC)cc2)C)cccc1,,C30498573,72.315186,1,0,0,0,1,0,0,0,0,0
Fc1c(NC(=O)[C@@H]([NH2+][C@@H](C)c2ccc(NC(=O)CC)cc2)C)cccc1,,C30498575,72.315186,1,0,0,0,1,0,0,0,1,0
O=C(NC1=Cn2c(CC)c(-c3ccc(OCC)cc3)nc2C=C1)C[NH3+],,C31958822,93.691956,1,0,0,0,1,0,0,0,0,0
O=C(Nc1sc(C)c(-c2ccc(OCCCC)cc2)n1)CC[NH3+],,C31963667,94.087433,1,0,0,0,1,0,0,0,0,0
OCC[NH2+]Cc1c(O)ccc2C=C(c3ccc(OC)cc3)C(=O)Oc12,,C32501414,58.857834,1,0,0,0,1,0,0,0,0,0
Brc1c(C[NH2+]C(C)(C)C)cc(OCC)c(OCC(=O)N)c1,,C36612901,99.928596,1,0,0,0,1,0,0,0,1,0
Brc1c(O[C@H](C)C(=O)NCCC)c(OC)cc(C[NH3+])c1,,C36814886,97.688972,1,1,0,0,1,0,0,0,0,0
Clc1c(NC(=O)CCC[NH+](C)CC(C)C)c(N)cc(Cl)c1,,C37098980,99.934868,1,0,0,0,1,0,0,0,1,0
Brc1c(NC(=O)[C@@H]([NH3+])CCCC)ccc(C(OCC)=O)c1,,C37619914,76.503166,1,0,0,0,1,0,0,0,0,0
Brc1c(OC)ccc([C@H](NC(=O)[C@@]([NH3+])(C)CCC)C)c1,,C37622659,77.42395,1,0,0,0,0,0,0,0,1,0
Brc1c(O[C@@H](C)C(=O)NCC=C)c(OCC)cc(C[NH3+])c1,,C37712091,97.695084,1,1,0,0,1,0,0,0,0,0
Clc1c(OCC(=O)NCC#C)c(C[C@@H]([NH3+])CC)cc(Cl)c1,,C37729052,99.693596,1,0,0,0,1,0,0,0,1,0
Clc1c(OC(F)F)c(Cl)cc(NC(=O)[C@H]([NH3+])CC(C)C)c1,,C37767362,72.965996,1,0,0,0,1,0,0,0,0,0
OCC[NH+](C)Cc1c(-c2cc(C)c(OC)cc2)nc2n1C=C(N)C=C2,,C36273219,51.454803,1,0,0,0,1,0,0,0,1,0
Brc1cc(OC[C@@H](O)C[NH2+]CC(=O)NCCC)ccc1,,C37892118,92.476463,1,0,0,0,1,0,0,0,0,0
Brc1c(OC)ccc([C@@H](NCC[NH+](CC)CC)C(=O)N)c1,,C38052273,98.767677,1,0,0,0,1,0,0,0,1,0
Brc1scc(C[NH+](C)C[C@H](O)COc2cc(N)ccc2)c1,,C42360335,97.531097,1,0,0,0,1,0,0,0,1,0
Brc1cc(C[NH+](CC)CC/C(/N)=N/O)c(OC)cc1,,C42453261,95.190773,1,0,0,0,1,1,1,1,0,0
Brc1ccc(OCC[NH+](C)C[C@H](C)/C(/N)=N/O)cc1,,C42458407,91.555473,1,0,0,0,1,1,1,1,1,0
Brc1c(O)c(OC)cc(C[NH2+]CCC(=O)NCCC)c1,,C44351632,52.824234,1,0,0,0,1,0,0,0,1,0
Clc1ccc([C@H]([NH+](C)CC(=O)Nc2ccc(C(=O)N)cc2)C)cc1,,C46583893,55.063538,1,0,0,0,1,0,0,0,0,0
FC(F)(F)Oc1ccc([C@H]([NH2+][C@@H](C)C(=O)NC(=O)NC)C)cc1,,C46817822,54.418758,1,0,0,0,1,0,0,0,0,0
Brc1c([C@@]([NH2+]CCC[NH2+]CC)(C)C(=O)[O-])cccc1,,C48844977,97.768661,1,0,0,0,1,0,0,0,1,0
Clc1c(S(=O)(=O)N[C@H](C[NH+](C)C)CC(C)C)cc(N)cc1,,C49554483,95.263718,1,0,0,0,1,0,0,0,1,0
Brc1c(C)n(CCCC[C@@]([NH2+]C(C)C)(C)C(=O)N)nc1C,,C50595056,98.576012,1,0,0,0,1,0,0,0,1,0
Clc1c(C)cc(OC[C@H](O)C[NH+](C)CC(=O)N)c(C(C)C)c1,,C51827103,87.007835,1,0,0,0,1,0,0,0,0,0
Clc1c(Cl)ccc(OC[C@@H](O)C[NH2+][C@@H]2[C@@H](O)CCCC2)c1,,C52014251,96.647163,1,0,0,0,1,0,0,0,1,0
Clc1c(OC[C@H](O)C[NH2+]C2(CO)CCCC2)c(Cl)ccc1,,C53069584,98.377441,1,0,0,0,1,0,0,0,1,0
Fc1ccc([C@H]([NH+](C)C)CNC(=O)NNc2cc(C#N)ccc2)cc1,,C56937408,98.021088,1,0,0,0,1,0,0,0,0,0
Brc1c(OCC)c(CNCC[NH2+]CCO)cc(Br)c1,,C22074904,40.581936,1,0,0,0,1,0,0,0,1,0
O=C(N/N=C/c1c(C)n(-c2ccc(C)cc2)nc1C)[C@@H]([NH3+])CC(C)C,,C59165707,83.698097,1,0,0,0,1,0,0,0,0,0
Brc1sc([C@H](SC=2N(CCC)C(=O)NN=2)[C@H]([NH3+])C)cc1,,C61594933,98.69072,1,0,0,0,1,0,0,0,0,0
Brc1c(OCCC(=O)N)c(OC)cc(C[NH2+]CC(C)C)c1,,C62729768,99.733673,1,0,0,0,1,0,0,0,1,0
Clc1c(OC[C@@H](C)C(=O)N)c(C[NH2+]CC(C)C)cc(Cl)c1,,C62732941,99.326523,1,0,0,0,1,0,0,0,1,0
Brc1ccc(OCC[NH+](C)[C@H](C)C/C(/N)=N/O)cc1,,C63089819,94.516151,1,0,0,0,1,1,1,1,1,0
S(=O)(=O)(N)NC[C@@H](c1ccc(OC)cc1)C=1C[NH+]=C2C=CC=CC=12,,C64025460,81.405037,1,0,0,0,0,0,0,0,0,0
O=C(N)CC[C@@H]1CN(C(=O)NC2CC[NH+](CC(C)C)CC2)CCC1,,C66120811,99.922043,1,0,0,0,1,0,0,0,1,0
Fc1c(N(C)C)ccc(CNC(=[NH2+])NCCc2ccc(OC)cc2)c1,,C66243769,99.95092,1,0,0,0,1,0,0,0,1,0
Clc1ccc([C@H](CNC(=[NH2+])Nc2ccccc2)N2CCOCC2)cc1,,C66244260,51.992241,1,0,0,0,1,1,1,1,1,0
Fc1ccc([C@@H]([NH2+]Cc2cc(COC(C)C)ccc2)C(=O)N)cc1,,C66939679,82.733559,1,0,0,0,1,0,0,0,0,0
Fc1ccc([C@@H]([NH2+][C@@H](C)c2cc(OC)c(OC)cc2)C(=O)N)cc1,,C66939725,60.422215,1,0,0,0,0,0,0,0,0,0
Fc1ccc([C@H]([NH2+]Cc2cc(COC(C)(C)C)ccc2)C(=O)N)cc1,,C66940582,82.729599,1,0,0,0,1,0,0,0,0,0
O=C(NNC(=O)c1cc(C)ccc1)NC[C@@H]([NH+](C)C)c1sccc1,,C67359286,97.86927,1,0,0,0,1,0,0,0,1,0
Brc1ccc(OC[C@@H](O)C[NH2+][C@@H](CO)CC)cc1,,C04279517,96.49456,1,0,0,0,1,0,0,0,0,0
Clc1c(C)cc(OC[C@H](O)C[NH2+]C[C@@H](O)C)c(C(C)C)c1,,C02624425,91.980766,1,0,0,0,1,0,0,0,1,0
FC(F)(F)c1nn(-c2ccc(C)cc2)c2sc(C(=O)NCC[NH3+])cc12,,C06770079,95.675583,1,0,0,0,0,0,0,0,0,0
S(=O)(=O)(N)c1ccc(C[NH2+][C@@H](C)c2c(C)sc(C)c2)cc1,,C20553424,99.584732,1,0,0,0,1,0,0,0,0,0
Brc1cc(C[NH2+][C@@H](C)CC)c(OCC(=O)N)cc1,,C20873076,99.770065,1,0,0,0,1,0,0,0,1,0
O=C(NC1=Cn2c(CC)c(-c3ccc(C)cc3)nc2C=C1)CC[NH3+],,C31958745,94.785637,1,0,0,0,1,1,0,0,0,0
Clc1ccc(-c2sc(NC(=O)[C@H]([NH3+])[C@H](C)CC)nn2)cc1,,C35266490,86.016983,1,0,0,0,1,0,0,0,0,0
Clc1sc([C@@H]([NH2+]Cc2ccc(S(=O)(=O)N)cc2)C)cc1,,C35285770,98.607727,1,0,0,0,1,0,0,0,0,0
Clc1c(N)cc(NC(=O)[C@H]([NH+](C)Cc2sccc2)C)cc1,,C35716617,51.748505,1,0,0,0,1,0,0,0,0,0
Brc1c(OCC)c(NC(=O)[C@H]([NH3+])C(C)C)cc(Cl)c1,,C37020123,71.683922,1,0,0,0,1,0,0,0,0,0
Brc1ccc2oc([C@@]([NH2+]C(C)C)(C)C(=O)N)cc2c1,,C37446514,52.545185,1,0,0,0,1,0,0,0,0,0
Clc1oc(C[NH2+][C@H](C)c2ccc(S(=O)(=O)N)cc2)cc1,,C37508116,85.889915,1,0,0,0,1,0,0,0,0,0
Brc1c(OC)ccc([C@H](NC(=O)C[C@H]([NH3+])C)C)c1,,C37608728,98.686584,1,0,0,0,0,0,0,0,1,0
Clc1cc(C[C@@H]([NH3+])CC)c(O[C@@H](C)C(=O)NC(C)C)cc1,,C37726030,99.71759,1,0,0,0,1,0,0,0,1,0
Brc1c(OC[C@H](O)C[NH2+][C@@H](C)CO)ccc(C)c1,,C37888677,96.385071,1,0,0,0,1,0,0,0,1,0
Brc1sc([C@H]([NH2+]CCS(=O)(=O)N)C)cc1,,C38002325,58.718468,1,0,0,0,1,0,0,0,0,0
Brc1cc([C@@H]([NH2+]Cc2c(C)n[nH]c2)CC)c(O)cc1,,C38011171,67.437225,1,0,0,0,1,0,0,0,0,0
Brc1cc([C@@H](O)C[NH2+]CCC(=O)N[C@H](C)CC)ccc1,,C38014429,91.118782,1,0,0,0,1,0,0,0,1,0
Clc1c(O[C@H](C)C(=O)NC(C)C)c(C[C@@H]([NH3+])C)cc(Cl)c1,,C37728982,99.698509,1,0,0,0,1,0,0,0,0,0
Brc1ccc([C@@H](NC(=O)OC(C)(C)C)CC[NH3+])cc1,,C39795869,99.118774,1,0,0,0,1,0,0,0,0,0
S(=O)(=O)(Nc1c(C(C)C)cccc1)c1ccc([C@@H]([NH3+])C)cc1,,C20188017,95.764122,1,0,0,0,1,0,0,0,0,0
S(=O)(=O)(Nc1ccc(C(C)C)cc1)c1ccc([C@@H]([NH3+])C)cc1,,C20188021,95.835327,1,0,0,0,1,0,0,0,0,0
Brc1cc(S(=O)(=O)NC[C@@H]([NH+](C)C)C)c(N)cc1,,C40348205,95.26561,1,0,0,0,1,0,0,0,1,0
S(C)CC[C@H]([NH3+])C(=O)Nc1ccc(OCC(F)(F)F)cc1,,C40462833,74.453819,1,0,0,0,1,0,0,0,0,0
Brc1ccc2oc([C@H]([NH2+]C(C)(C)C(=O)N)C)cc2c1,,C40674210,55.610664,1,0,0,0,1,0,0,0,0,0
Brc1cc(N(CC(C)C)CC(=O)N)c(C[NH2+]C)cc1,,C42691800,99.577049,1,0,0,0,1,0,0,0,1,0
Brc1ccc([C@@H](Sc2[nH]nc(C)n2)C[NH3+])cc1,,C42959883,96.895363,1,0,0,0,1,0,0,0,0,0
Brc1ccc([C@H](Sc2[nH]nc(C)n2)[C@@H]([NH3+])CC)cc1,,C42959907,98.663971,1,0,0,0,1,0,0,0,0,0
Clc1c(S(=O)(=O)NCC([NH+](C)C)(C)C)c(Cl)cc(N)c1,,C43411131,95.525116,1,0,0,0,1,0,0,0,1,0
Clc1c(O[C@H](C)C(=O)N[C@H](C)CCC)ccc(CC[NH3+])c1,,C43490821,99.436111,1,1,0,0,1,0,0,0,0,0
Clc1c(O[C@H](C)C(=O)NCC(C)C)ccc(C[C@H]([NH3+])C)c1,,C43491368,99.791702,1,1,0,0,1,0,0,0,0,0
Clc1c(OCC(=O)N[C@H](C)C(C)C)ccc(C[C@@H]([NH3+])C)c1,,C43491662,99.791405,1,0,0,0,1,0,0,0,1,0
Ic1cc(C[C@H]([NH3+])C(OC)=O)c(O)cc1,,C44330981,95.511658,1,0,0,0,1,0,0,0,0,0
Ic1c(C)cc(O)c(C[C@@H]([NH3+])C(OC)=O)c1,,C44335257,95.504501,1,0,0,0,1,0,0,0,0,0
S(=O)(=O)(N[C@H](C)c1c(C)oc(C)c1)c1sc(C[NH3+])cc1,,C44731554,87.974869,1,0,0,0,1,0,0,0,0,0
Clc1cc(C[C@@H]([NH3+])C)c(OCC(=O)N[C@H](C)CCC)cc1,,C49289497,99.719147,1,0,0,0,1,0,0,0,1,0
Brc1cc(C[C@@H]([NH3+])C)c(OCC(=O)NCC(F)(F)F)cc1,,C49310286,99.720291,1,0,0,0,1,0,0,0,1,0
S(=O)(=O)(/N=C\1/SC=2CCCC=2N/1)c1sc(CC[NH3+])cc1,,C49548326,99.104614,1,0,0,0,1,0,0,0,0,0
Clc1cc([C@H]([NH3+])C)c(O[C@@H](C)C(=O)NCCC(C)C)cc1,,C50209223,98.472107,1,1,0,0,1,0,0,0,1,0
Clc1sc([C@H](Sc2ncnc3nc[nH]c23)[C@@H]([NH3+])C)cc1,,C51036249,88.647568,1,0,0,0,1,0,0,0,0,0
Brc1cc([C@H](O)[C@@H]([NH3+])Cc2ccccc2)cc2OCOc12,,C54685689,95.965477,1,0,0,0,1,0,0,0,0,0
O[C@@H](CC[NH+](C)Cc1ccccc1)c1cc(N)c(OCC)cc1,,C57662812,99.588814,1,0,0,0,1,0,0,0,0,0
Brc1c(OCC(=O)N[C@H](C)CC)ccc(CC[NH3+])c1,,C62703677,99.439423,1,0,0,0,1,0,0,0,0,0
Clc1c(O[C@@H](C)C(=O)N)c(C[NH2+]CC(C)C)cc(Cl)c1,,C62732936,99.275192,1,0,0,0,1,0,0,0,0,0
Brc1c(OC[C@@H](C)C(=O)N)c(C[NH2+]C(C)(C)C)ccc1,,C62733503,99.913368,1,0,0,0,1,0,0,0,1,0
S([C@H](C)C(=O)C=1[C@H](C)[NH+]=C2C=CC=CC=12)[C@H]1SC(N)=NN1,,C39995820,54.414532,1,0,0,0,1,0,0,0,0,0
OCC[C@@]1(CO)N[C@H](c2ccc3OC(C)(C)Cc3c2)[C@@H]2C[NH+](CC)C[C@H]12,,C65370832,91.60611,1,0,0,0,1,0,0,0,1,0
OCC[C@@]1(CO)N[C@H](c2ccc(CC(C)C)cc2)[C@@H]2C[NH+](C)C[C@H]12,,C65397859,89.828972,1,0,0,0,1,0,0,0,1,0
Brc1ccc(C(C)(C)CN/C(=[NH+]\CCOC)/N)cc1,,C66243236,99.940987,1,0,0,0,1,0,0,0,1,0
Clc1c(F)ccc([C@@H]([NH2+]Cc2ccc(OCC(=O)N)cc2)C)c1,,C67251044,99.415131,1,0,0,0,1,0,0,0,0,0
Brc1ccc(NC(=O)c2nc([C@@H]([NH3+])[C@H](C)CC)oc2)cc1,,C06933961,65.748741,1,0,0,0,1,0,0,0,0,0
Brc1c(O)c(OC)cc(/C=N/NC(SC)=[NH2+])c1,,C06004370,94.440216,1,0,0,0,1,0,0,0,0,0
Clc1c(Cl)cc(NC(=O)[C@H]([NH3+])CCS(=O)(=O)C)c(Cl)c1,,C20021735,94.084389,1,0,0,0,1,0,0,0,0,0
Clc1cccc2c(C)c(C)n(C[C@@H](O)C[NH2+][C@H](CO)CC)c12,,C28296729,97.031647,1,0,0,0,1,0,0,0,1,0
O(C)C(=O)c1c(c(C)sc1NC(=O)C[NH3+])-c1ccc(C)cc1,,C31960043,96.321602,1,0,0,0,1,0,0,0,0,0
Clc1cc(NC(=O)[C@H]([NH+](C)Cc2cscc2)C)c(N)cc1,,C35718416,73.066597,1,0,0,0,1,0,0,0,1,0
Brc1cc(C[NH2+][C@@H](C)c2ccc(S(=O)(=O)N)cc2)sc1,,C36954960,98.542984,1,0,0,0,1,0,0,0,0,0
Brc1c(NC(=O)[C@H]([NH3+])C)ccc(C(OCC)=O)c1,,C37016856,76.345711,1,0,0,0,1,0,0,0,0,0
Brc1c(OC)c(NC(=O)[C@@H]([NH3+])C(C)C)cc(Cl)c1,,C37019691,71.702171,1,0,0,0,0,0,0,0,0,0
Brc1c(OC)c(NC(=O)[C@H]([NH3+])CC)cc(Cl)c1,,C37019726,72.890205,1,0,0,0,1,0,0,0,0,0
S(=O)(=O)(N)c1ccc([C@@H]([NH2+][C@@H](C)c2c(C)ncs2)C)cc1,,C37278087,99.09169,1,0,0,0,1,0,0,0,0,0
Brc1c([C@H]([NH2+]Cc2cc(S(=O)(=O)N)ccc2)C)scc1,,C37650045,97.896484,1,0,0,0,1,0,0,0,0,0
Brc1cc(NC(=O)COc2ccc([C@@H]([NH3+])C)cc2)ccc1,,C37697489,99.523689,1,0,0,0,1,0,0,0,0,0
Clc1c(O[C@@H](C)C(=O)N[C@H](C)CC)c(CC[NH3+])cc(Cl)c1,,C37722134,99.163445,1,0,0,0,1,0,0,0,0,0
Clc1c(O[C@H](C)C(=O)NCC#C)c(CC[NH3+])cc(Cl)c1,,C37722149,99.162109,1,0,0,0,1,0,0,0,0,0
Brc1cc(C[C@H]([NH3+])C)c(O[C@@H](C)C(=O)NC(C)(C)C)cc1,,C37725293,99.722404,1,0,0,0,1,0,0,0,1,0
Clc1cc(C[C@@H]([NH3+])CC)c(OCC(=O)N[C@@H](C)CC)cc1,,C37725979,99.716248,1,0,0,0,1,0,0,0,1,0
Clc1c(OCC(=O)N[C@H](C)CC)c(C[C@@H]([NH3+])C)cc(Cl)c1,,C37728928,99.697037,1,0,0,0,1,0,0,0,1,0
Clc1c(O[C@@H](C)C(=O)NC)c(C[C@H]([NH3+])CC)cc(Cl)c1,,C37729143,99.695541,1,0,0,0,1,0,0,0,0,0
Brc1cc([C@@H]([NH2+]CC(C)C)C(=O)N)cc2OCCOc12,,C37946309,56.151951,1,0,0,0,1,0,0,0,1,0
Brc1sc([C@@H]([NH2+]CCS(=O)(=O)N)C)cc1,,C38002324,58.718468,1,0,0,0,1,0,0,0,0,0
Brc1cc([C@H]([NH2+]CCC(=O)N[C@H](C)CC)CC)c(O)cc1,,C38013759,94.430237,1,0,0,0,1,0,0,0,1,0
S(C)CC[C@H]([NH3+])C(=O)Nc1c(C(F)(F)F)cc(OC)cc1,,C40462540,78.170746,1,0,0,0,0,0,0,0,0,0
Brc1cc(C[NH+](C)CCCC/C(/N)=N/O)sc1,,C42399491,97.326683,1,0,0,0,1,1,1,1,0,0
Brc1c(O[C@@H](C)C(=O)N)c(C[NH2+]CCC)ccc1,,C42411781,99.455948,1,0,0,0,1,0,0,0,1,0
Brc1cc(N(CC(=O)N)C(C)C)c(C[NH2+]CCC)cc1,,C42438441,99.831833,1,0,0,0,1,0,0,0,1,0
Brc1ccc([C@H](SC=2NC(=O)C=CN=2)[C@H]([NH3+])C)cc1,,C42959345,96.653809,1,0,0,0,1,0,0,0,0,0
Brc1cc([C@H](N(CC)CC(=O)NC)[C@H]([NH3+])C)sc1,,C43285709,95.379402,1,0,0,0,1,0,0,0,0,0
Clc1c(O[C@@H](C)C(=O)NC(CC)CC)ccc(CC[NH3+])c1,,C43490819,99.436111,1,1,0,0,1,0,0,0,0,0
Clc1c(O[C@@H](C)C(=O)N[C@@H](C)CCC)ccc(CC[NH3+])c1,,C43490826,99.436111,1,1,0,0,1,0,0,0,0,0
Clc1c(Cl)ccc([C@@H]([NH2+]CCCS(=O)(=O)N)CC)c1,,C45069282,99.385948,1,0,0,0,1,0,0,0,1,0
Brc1cc([C@H](O)C[NH2+]CCC(=O)NCCC)ccc1,,C45073734,91.101364,1,0,0,0,1,0,0,0,1,0
S(CC[C@@]([NH2+]CC)(C)C(=O)N)c1ncc(C(F)(F)F)cc1,,C45559318,95.579155,1,0,0,0,1,0,0,0,1,0
S(C[C@@]([NH2+]C(C)C)(C)C(=O)N)c1ncc(C(F)(F)F)cc1,,C45559362,95.762161,1,0,0,0,1,0,0,0,1,0
Brc1c(O[C@@H](C)C(=O)N[C@@H](C)CC)c(CC[NH3+])ccc1,,C48797922,99.238777,1,0,0,0,1,0,0,0,1,0
Brc1c(OCC(=O)NC(C)(C)CC)c(C[C@H]([NH3+])C)ccc1,,C49282311,99.72274,1,0,0,0,1,0,0,0,1,0
Brc1cc(C[NH3+])c(OCC(=O)N[C@@H](C)CCC)cc1,,C49287184,95.117973,1,0,0,0,1,0,0,0,1,0
S(=O)(=O)(N[C@@H](C)c1c(F)cccc1)c1sc(CC[NH3+])cc1,,C49532566,95.153534,1,0,0,0,1,0,0,0,0,0
S(=O)(=O)(N[C@@H](C)c1cc(F)ccc1)c1sc(C[NH3+])cc1,,C49532570,88.193695,1,0,0,0,1,0,0,0,0,0
S(=O)(=O)(N[C@H](C)c1cc(F)ccc1)c1sc(CC[NH3+])cc1,,C49532573,95.110847,1,0,0,0,1,0,0,0,0,0
Clc1sc([C@H](Sc2ncnc3nc[nH]c23)[C@H]([NH3+])CC)cc1,,C51036052,88.649338,1,0,0,0,1,0,0,0,0,0
Brc1ccc(OC[C@@H](O)C[NH2+][C@H]2[C@@H](O)CCCC2)cc1,,C52013887,96.689972,1,0,0,0,1,0,0,0,0,0
Brc1cc([C@@H]([NH3+])C)c(O[C@@H](C)C(=O)NCCC(C)C)cc1,,C52066429,98.512596,1,1,0,0,1,0,0,0,1,0
Brc1cc([C@@H](O)[C@@H]([NH3+])CC(C)C)cc2OCCCOc12,,C54929307,97.938278,1,0,0,0,1,0,0,0,1,0
S(=O)(=O)(N[C@@H](C)c1cscc1)c1ccc(C#CC[NH3+])cc1,,C61372080,58.671516,1,0,0,0,1,0,0,0,0,0
Brc1c(O[C@@H](C)C(=O)NCC=C)ccc(C[C@H]([NH3+])CC)c1,,C62705194,99.790489,1,1,0,0,1,0,0,0,1,0
Brc1cc(N(CC(=O)N)C(C)C)c(C[NH2+]CC(C)C)cc1,,C62737555,99.831207,1,0,0,0,1,0,0,0,1,0
Brc1cc(Cl)c(S(=O)(=O)NC(C)(C)C[NH3+])c(Cl)c1,,C63020566,93.95459,1,0,0,0,1,0,0,0,0,0
Clc1c(C(=[NH2+])N)c(Sc2ccc(S(=O)(=O)C)cc2)ccc1,,C63131364,99.995232,1,0,0,0,0,0,0,0,0,0
Clc1ccc(S(=O)(=O)Cc2cc(C(=[NH2+])NO)ccc2)cc1,,C05992377,47.364948,1,0,0,0,0,0,0,0,0,0
Clc1cc(N)c([C@H]2[NH2+]CCc3cc(OC)c(OC)cc23)cc1,,C00173398,99.05352,1,0,0,0,1,0,0,0,0,0
Clc1c(Cl)cc(Oc2ncc(C(=[NH2+])N)cc2)c(Cl)c1,,C21047538,99.994896,1,0,0,0,0,0,0,0,0,0
Clc1ccc(-n2cc(-c3ccccc3)c3C(=[NH2+])N(N)C=Nc23)cc1,,C03852038,99.997414,1,0,0,0,0,0,0,0,0,0
Brc1c(OCC)c(Br)cc(C[NH2+][C@@H](C)C(=O)N)c1,,C35047440,52.203655,1,0,0,0,1,0,0,0,1,0
Brc1oc([C@@H]([NH3+])c2ccc3OCC(=O)Nc3c2)cc1,,C35382351,59.537128,1,0,0,0,1,0,0,0,0,0
Brc1sc([C@@H]([NH3+])c2ccc3OCC(=O)Nc3c2)cc1,,C35382354,94.382759,1,0,0,0,1,0,0,0,0,0
Clc1c(S(=O)(=O)N[C@@H]2[C@@H]([NH3+])C2)c(Cl)cc(Cl)c1,,C36264249,88.235146,1,0,0,0,0,0,0,0,0,0
Clc1c(S(=O)(=O)NC2CCC([NH3+])CC2)cc(Cl)s1,,C36880746,96.511032,1,0,0,0,1,0,0,0,0,0
Brc1c(C(F)(F)F)cc(NC(=O)[C@@H]2[NH2+]C[C@@H](O)C2)cc1,,C37014805,91.908577,1,0,0,0,1,0,0,0,0,0
Clc1c(S(=O)(=O)N[C@@H]2C[NH+]3CCC2CC3)c(N)cc(Cl)c1,,C37053363,95.449295,1,0,0,0,1,0,0,0,0,0
Clc1c(N[C@@H]2[C@H](C)C[NH+](C)[C@@H](C)C2)cc(S(=O)(=O)N)cc1,,C37138278,99.945183,1,0,0,0,1,0,0,0,0,0
Brc1oc(C[NH2+][C@H](C)c2ccc3NC(=O)Nc3c2)cc1,,C37163196,93.682434,1,0,0,0,1,0,0,0,0,0
Clc1c(Cl)ccc([C@@H]([NH2+]CCS(=O)(=O)N)CC)c1,,C37261812,50.978096,1,0,0,0,1,0,0,0,0,0
Brc1cc(F)c([C@@H]([NH3+])c2ccc3NC(=O)Oc3c2)cc1,,C37308652,83.243752,1,0,0,0,1,0,0,0,0,0
Brc1cc(F)c([C@@H]([NH3+])c2ccc3OCC(=O)Nc3c2)cc1,,C37371494,85.659256,1,0,0,0,1,0,0,0,0,0
Brc1ccc2oc([C@]([NH2+]CCC)(C)C(=O)N)cc2c1,,C37513836,70.162971,1,0,0,0,1,0,0,0,0,0
Brc1ccc(NC(=O)C=2C(=[NH2+])Oc3cc(O)ccc3C=2)cc1,,C04866105,97.150337,1,0,0,0,1,0,0,0,0,0
Brc1sc(C[NH2+]C2CCN(C(=O)N)CC2)cc1,,C38018282,99.12664,1,0,0,0,1,0,0,0,0,0
Brc1ccc(S(=O)(=O)N[C@@H]2[C@@H]([NH3+])CCCC2)cc1,,C38050129,94.491135,1,0,0,0,1,0,0,0,0,0
S(=O)(=O)(N[C@@H]1[C@@H]([NH3+])CCCC1)c1ccc(C(C)(C)C)cc1,,C38050349,94.500908,1,0,0,0,1,0,0,0,0,0
Brc1cn(-c2cc(C(F)(F)F)c(C(=[NH2+])N)cc2)nc1,,C38054392,99.989868,1,0,0,0,0,0,0,0,0,0
Brc1c(OC)ccc([C@H]([NH3+])c2ccc3NC(=O)Oc3c2)c1,,C38074057,96.173851,1,0,0,0,1,0,0,0,0,0
Brc1c(OC)ccc([C@@H](NC(=O)[C@@H]([NH3+])CC(C)C)C)c1,,C37045598,55.642258,1,0,0,0,0,0,0,0,0,0
Brc1cc(CN(C)c2ncc(C(=[NH2+])N)cc2)sc1,,C42399498,99.239807,1,0,0,0,1,0,0,0,0,0
Clc1cc(NC(=O)C(=O)NC2CC(C)(C)[NH2+]C(C)(C)C2)ccc1,,C42645730,99.992622,1,0,0,0,1,0,0,0,0,0
Clc1c(F)ccc(NC(=O)C(=O)NC2CC(C)(C)[NH2+]C(C)(C)C2)c1,,C42645855,99.992615,1,0,0,0,1,0,0,0,0,0
Clc1c(Cl)cc(Oc2c(C(=[NH2+])N)ccc(C)n2)c(Cl)c1,,C43401469,99.985596,1,0,0,0,1,0,0,0,0,0
S(c1ncc(C)cn1)c1cc(C(F)(F)F)c(C(=[NH2+])N)cc1,,C48771660,99.984108,1,0,0,0,0,0,0,0,0,0
Brc1c(O)c(C[NH2+][C@H](CC(C)C)C(=O)NC)ccc1,,C48797114,34.755501,1,0,0,0,1,0,0,0,0,0
Brc1cc(C[NH3+])c(OCC(=O)N[C@@H](C)C(C)C)cc1,,C49307217,95.117874,1,0,0,0,1,0,0,0,1,0
Brc1ccc(C=2N/C(=N/C(=O)C[NH3+])/SC=2)cc1,,C31959380,53.476524,1,0,0,0,1,0,0,0,0,0
Clc1c(OC(F)F)c(Cl)cc(NC(=O)[C@@H]2[C@@H]([NH3+])C2)c1,,C50459863,93.727127,1,0,0,0,1,0,0,0,0,0
Brc1c([C@H]([NH2+]CC)CCC)cc2NC(=O)Nc2c1,,C52094650,99.900986,1,0,0,0,1,0,0,0,0,0
Clc1cc(C(F)(F)F)c(NC(=O)[C@H]([NH3+])CCOC)cc1,,C52790844,88.373703,1,0,0,0,0,0,0,0,0,0
Clc1c(NC(=O)[C@H]([NH3+])CCOC)c(Cl)cc(Cl)c1,,C52791254,87.723846,1,0,0,0,1,0,0,0,0,0
Clc1c(/C(/N)=N/O)c(N2CCC(C[NH+](C)C)CC2)ccc1,,C52905364,49.018566,1,0,0,0,0,0,1,0,0,0
O=C(Nc1c(C)cc(C)cc1)C[C@@H](C[NH3+])c1c(OC)cccc1,,C57657100,98.438606,1,0,0,0,1,0,0,0,1,0
O=C(Nc1c(C)cc(C)cc1)C[C@H](C[NH3+])c1c(OC)cccc1,,C57657102,98.438606,1,0,0,0,1,0,0,0,1,0
O=C(Nc1c(C)ccc(C)c1)C[C@@H](C[NH3+])c1c(OC)cccc1,,C57657103,98.438629,1,0,0,0,1,0,0,0,1,0
Clc1c(Cl)ccc([C@@]2(C)C(=O)N([C@H](C)C[NH3+])C(=O)N2)c1,,C57845665,88.958595,1,0,0,0,1,0,0,0,0,0
Clc1c(NC(=O)[C@@H](C)[NH+]2CCOCCC2)c(N)cc(Cl)c1,,C61913855,56.349728,1,0,0,0,1,0,0,0,0,0
Brc1c(O[C@H](C)C(=O)NC)ccc(C[C@H]([NH3+])CC)c1,,C62705250,99.790504,1,1,0,0,1,0,0,0,1,0
Brc1c(O[C@H](C)C(=O)N)ccc(C[NH2+]C(C)(C)C)c1,,C62727935,99.962769,1,0,0,0,1,0,0,0,1,0
Brc1c([C@H]([NH3+])c2c[nH]nc2)cc2OCCCOc2c1,,C62776027,97.342583,1,0,0,0,1,0,0,0,0,0
Brc1c([C@@H]([NH3+])c2c[nH]nc2)cc2OCCCOc2c1,,C62776028,97.342583,1,0,0,0,1,0,0,0,0,0
S(=O)(=O)(N)c1ccc([C@@H]([NH2+]CC2CCC(C)CC2)C)cc1,,C63144696,99.858925,1,0,0,0,1,0,0,0,0,0
S(=O)(=O)(N)c1ccc([C@H]([NH2+]CC2CCC(C)CC2)C)cc1,,C63144697,99.858925,1,0,0,0,1,0,0,0,0,0
Ic1ccc(S(=O)(=O)N[C@H]2[C@H]([NH3+])CCC2)cc1,,C63175221,94.282616,1,0,0,0,1,0,0,0,0,0
S(=O)(=O)(N[C@@H]1[C@H]([NH3+])CCC1)c1c(C)c(C)c(C)c(C)c1C,,C63176254,94.334976,1,0,0,0,0,0,0,0,1,0
Brc1c(C2CC2)[nH]nc1C(=O)NC1CC(C)(C)[NH2+]C(C)(C)C1,,C65215033,98.713844,1,0,0,0,1,0,0,0,0,0
Brc1cnc2c(N[C@@H](C)CCC[NH3+])cc(OC)cc2c1,,C01607643,99.243698,1,0,0,0,1,0,0,0,0,0
Clc1sc(C[NH+](C)[C@@H](C)C(=O)Nc2ccc(C(=O)N)cc2)cc1,,C08158187,60.531902,1,0,0,0,1,0,0,0,0,0
Brc1cc(C[NH2+]CCNCCO)c(OCC)cc1,,C22075949,35.852119,1,0,0,0,1,0,0,0,1,0
FC(F)(F)CNC(=O)NC(=O)[C@H]([NH2+][C@@H](C)c1c(F)cc(F)cc1)C,,C25242358,88.189636,1,0,0,0,1,0,0,0,0,0
Fc1ccc(-c2c(C(OCC)=O)c(NC(=O)C[NH3+])sc2)cc1,,C31960004,96.336403,1,0,0,0,1,0,0,0,0,0
Fc1c([C@@H]([NH2+][C@@H](C)C(=O)Nc2ccc(NC(=O)C)cc2)C)cccc1,,C32811272,64.960022,1,0,0,0,1,0,0,0,0,0
Clc1ccc([C@@H](NC(=O)c2nc([C@@H]([NH3+])C)sc2)c2ccccc2)cc1,,C33670926,86.143654,1,0,0,0,1,0,0,0,0,0
Clc1cc(S(=O)(=O)NC[C@H]([NH3+])CC(C)C)c(C#N)cc1,,C36298991,93.133415,1,0,0,0,1,0,0,0,0,0
Brc1scc(C[NH2+][C@H](C)c2ccc(S(=O)(=O)N)cc2)c1,,C36954939,99.479454,1,0,0,0,1,0,0,0,0,0
Brc1c(OC)ccc([C@@H](NC(=O)[C@@H]([NH3+])CC)C)c1,,C37045617,53.494427,1,0,0,0,1,0,0,0,0,0
Brc1c(OC)ccc([C@H](NC(=O)[C@@H]([NH3+])CCCC)C)c1,,C37620592,55.095768,1,0,0,0,1,0,0,0,0,0
Brc1ccc([C@H]([NH2+]Cc2cc(S(=O)(=O)N)ccc2)C)cc1,,C37649844,99.070724,1,0,0,0,1,0,0,0,0,0
Brc1c([C@H]([NH2+]C(C)C)C(=O)N)cc(OC)c(OC)c1,,C37895130,69.747215,1,0,0,0,1,0,0,0,1,0
Brc1c([C@@H]([NH2+]C(C)C)C(=O)N)cc(OC)c(OC)c1,,C37895131,69.747215,1,0,0,0,1,0,0,0,1,0
Brc1c(OC)ccc([C@@H]([NH2+][C@H](C)CC)C(=O)N)c1,,C38065156,80.658112,1,0,0,0,1,0,0,0,1,0
Clc1c(O[C@@H](C)C(=O)NCC(C)C)c(OC)cc(C[NH3+])c1,,C20470650,97.627342,1,1,0,0,1,0,0,0,0,0
Clc1c(NC(=O)CC[NH+](C)C[C@H](C)C#N)c(Cl)cc(N)c1,,C42454670,80.425133,1,0,0,0,1,0,0,0,1,0
Brc1ccc([C@H](Sc2[nH]ncn2)[C@@H]([NH3+])CC)cc1,,C42958737,98.617332,1,0,0,0,1,0,0,0,0,0
O=C(N[C@H](C)c1ccc2ccccc2c1)c1nc([C@@H]([NH3+])[C@@H](C)CC)oc1,,C43213432,64.550011,1,0,0,0,1,0,0,0,0,0
Clc1ccc([C@H](NC(=O)c2nc([C@@H]([NH3+])C(C)C)oc2)c2ccccc2)cc1,,C43213759,63.726398,1,0,0,0,0,0,0,0,0,0
Clc1ccc([C@@H](NC(=O)c2nc([C@H]([NH3+])C(C)C)oc2)c2ccccc2)cc1,,C43216429,63.726398,1,0,0,0,1,0,0,0,0,0
Brc1sc([C@@H](Oc2c(NC(=O)C)cccc2)C[NH3+])cc1,,C43264257,86.886536,1,0,0,0,1,0,0,0,1,0
Brc1sc([C@H](Sc2[nH]ncn2)[C@H]([NH3+])CC)cc1,,C43283332,98.440384,1,0,0,0,1,0,0,0,0,0
Brc1c(C[NH+](CC/C(/N)=N/O)CC(C)C)cc(F)cc1,,C43418807,94.545654,1,0,0,0,1,1,1,1,1,0
Brc1c(O)c(OC)cc(C[C@@H]([NH3+])C(OCC)=O)c1,,C44339560,59.696762,1,0,0,0,1,0,0,0,0,0
Brc1c(O)c(C[C@@H]([NH3+])C(OCC)=O)cc(Br)c1C,,C44362095,75.853241,1,0,0,0,0,0,0,0,0,0
Clc1ccc(-c2oc(C[C@H]([NH3+])CO)c(C(OCC)=O)c2)cc1,,C44464760,89.366539,1,0,0,0,1,0,0,0,0,0
Clc1ccc(Oc2n(C)nc(C(F)(F)F)c2C[C@H]([NH3+])CO)cc1,,C44465465,95.886597,1,0,0,0,1,0,0,0,0,0
Brc1ccc2oc([C@H]([NH2+]CCCS(=O)(=O)N)C)cc2c1,,C45066521,90.912827,1,0,0,0,1,0,0,0,0,0
Brc1cc([C@@H]([NH2+]CCC(=O)NCCC)CC)c(O)cc1,,C45072145,94.426338,1,0,0,0,1,0,0,0,1,0
Clc1cc(C(F)(F)F)c(NC(=O)[C@H]([NH+](C)CC(=O)N)C)cc1,,C47628553,99.354141,1,0,0,0,0,0,0,0,0,0
Brc1c(O[C@H](C)C(=O)NCCC(C)C)c(C[NH3+])ccc1,,C48787726,95.290085,1,0,0,0,1,0,0,0,1,0
Brc1c(O[C@H](C)C(=O)N[C@H](C)CCC)c(CC[NH3+])ccc1,,C48797937,99.23877,1,0,0,0,1,0,0,0,0,0
Clc1c(NC(=O)[C@@H]([NH+](C)[C@@H](C)COC)C)c(N)cc(Cl)c1,,C49025775,70.23423,1,0,0,0,1,0,0,0,1,0
Clc1cc(N)c(S(=O)(=O)N[C@H](C[NH+](C)C)C(C)C)cc1,,C49192901,95.285942,1,0,0,0,1,0,0,0,0,0
Clc1c(F)c(S(=O)(=O)N[C@H](C[NH+](C)C)C(C)C)cc(N)c1,,C49192972,94.861641,1,0,0,0,1,0,0,0,1,0
Brc1cc(C[C@@H]([NH3+])C)c(OCC(=O)NC(C)(C)CC)cc1,,C49282293,99.721077,1,0,0,0,1,0,0,0,1,0
Clc1c(OCC(=O)NCC(F)(F)F)c(CC[NH3+])cc(Cl)c1,,C49310269,99.156631,1,0,0,0,1,0,0,0,1,0
Clc1c([C@@H](NS(=O)(=O)c2sc(CC[NH3+])cc2)C)cccc1,,C49512486,95.189102,1,0,0,0,1,0,0,0,0,0
Brc1cc(OCC[NH2+]C2CCC(C(=O)N)CC2)ccc1,,C49596082,99.369415,1,0,0,0,1,0,0,0,1,0
Brc1c(Br)cc(C[NH2+]CCCS(=O)(=O)N)o1,,C50361431,69.780151,1,0,0,0,1,0,0,0,1,0
Brc1c(OCCCCCO)c(OCC)cc(C[NH3+])c1,,C51020011,97.768852,1,1,0,0,1,0,0,0,0,0
Clc1c(S(=O)(=O)NC[C@H](C)CC)c(Cl)cc(C#CC[NH3+])c1,,C54491320,61.330769,1,0,0,0,1,0,0,0,0,0
Brc1cc([C@@H](SC=2N(CCC)C(=O)NN=2)[C@H]([NH3+])C)sc1,,C61594832,98.664139,1,0,0,0,1,0,0,0,0,0
Brc1cc([C@@H](SC=2N(CCC)C(=O)NN=2)[C@@H]([NH3+])C)sc1,,C61594834,98.664139,1,0,0,0,1,0,0,0,0,0
Brc1c(O[C@H](CC)C(=O)N)c(C[NH2+]CCC)ccc1,,C61675989,99.455734,1,0,0,0,1,0,0,0,1,0
Brc1c(OCCC(=O)NC)ccc(C[C@H]([NH3+])CC)c1,,C62704822,99.791862,1,0,0,0,1,0,0,0,1,0
Brc1cc(C(=O)Nc2cc(OCC[NH3+])ccc2)c(F)cc1,,C62839231,93.2304,1,0,0,0,1,0,0,0,0,0
Clc1c(OC(F)F)ccc(S(=O)(=O)NC(C)(C)C[NH3+])c1,,C63020729,94.045547,1,0,0,0,1,0,0,0,0,0
S(=O)(=O)(NCC1CCC(C)CC1)c1sc(CC[NH3+])cc1,,C63147546,95.702362,1,0,0,0,1,0,0,0,0,0
Brc1c(C[NH+](C)CC/C(/N)=N/O)ccc(F)c1,,C19834037,92.76239,1,0,0,0,1,1,1,1,0,0
S(=O)(=O)(Nc1c(C)ccc(C)c1)c1cc([C@H]([NH3+])C)ccc1,,C20006528,95.463676,1,0,0,0,1,0,0,0,0,0
S(=O)(=O)(Nc1c(C)cc(C)cc1)c1ccc([C@@H]([NH3+])C)cc1,,C20024632,95.777412,1,0,0,0,1,0,0,0,0,0
S(=O)(=O)(Nc1ccc([C@H]([NH3+])C)cc1)c1cc(C)c(C)cc1,,C20432253,95.07473,1,0,0,0,1,0,0,0,0,0
FC(F)(F)c1cc(N)c(NC(=O)[C@@H]([NH+](CC)CC)C)cc1,,C21508615,95.312874,1,0,0,0,1,0,0,0,0,0
Fc1ccc(COc2c(OC)cc([C@](O)(C)C[NH3+])cc2)cc1,,C32201014,95.719154,1,0,0,0,0,0,0,0,0,0
Clc1ccc(COc2c(OC)cc([C@H](O)C[NH3+])cc2)cc1,,C32208865,94.361099,1,0,0,0,0,0,0,0,0,0
Brc1cc(C[NH2+]CC)c(O[C@@H](C)C(=O)N)cc1,,C34659448,99.456024,1,0,0,0,1,0,0,0,0,0
Brc1cc(C[NH2+]CC)c(O[C@H](C)C(=O)N)cc1,,C34659450,99.456024,1,0,0,0,1,0,0,0,0,0
S(=O)(=O)(N)c1cc([C@H]([NH2+]Cc2cc(C)ccc2)C)ccc1,,C35046486,99.145012,1,0,0,0,1,0,0,0,0,0
FC(F)(F)CO[C@@H]1C[C@H](NC(=O)[C@@H]([NH3+])[C@H](C)CC)CCC1,,C37005499,52.052334,1,0,0,0,0,0,0,0,0,0
FC(F)(F)CO[C@@H]1C[C@H](NC(=O)[C@@H]([NH3+])[C@@H](C)CC)CCC1,,C37005500,52.052334,1,0,0,0,0,0,0,0,0,0
FC(F)(F)CO[C@@H]1C[C@H](NC(=O)[C@H]([NH3+])[C@H](C)CC)CCC1,,C37005501,52.052334,1,0,0,0,0,0,0,0,0,0
S(=O)(=O)(N)c1cc([C@@H]([NH2+][C@H](C)c2sccc2)C)ccc1,,C37235038,99.560898,1,0,0,0,1,0,0,0,0,0
FC(F)(F)CN1CCC([NH2+]C2CCC(C(=O)N)CC2)CC1,,C37319460,99.783058,1,0,0,0,1,0,0,0,0,0
Clc1ccc(NC(=O)COc2ccc([C@H]([NH3+])C)cc2)cc1,,C37697472,99.523727,1,0,0,0,1,0,0,0,0,0
Brc1cc(OC)c(NC(=O)[C@@H]([NH3+])CC)c(C)c1,,C37767009,71.470207,1,0,0,0,1,0,0,0,0,0
Clc1c(OC[C@H](O)C[NH2+][C@H](CO)CC)c(Cl)ccc1,,C37851499,96.314873,1,0,0,0,1,0,0,0,1,0
Brc1cc(OC[C@@H](O)C[NH2+]C[C@@H](O)C)ccc1,,C37853058,91.940674,1,0,0,0,1,0,0,0,1,0
Brc1cc(OC[C@H](O)C[NH2+]C[C@@H](O)C)ccc1,,C37853060,91.940674,1,0,0,0,1,0,0,0,1,0
S(=O)(=O)(NC[C@H]([NH3+])CC(C)C)c1c(F)cc(F)cc1F,,C37909113,92.837669,1,0,0,0,1,0,0,0,0,0
FC(F)(F)c1c(N)ccc(NC(=O)[C@H]([NH+](C)C(C)C)C)c1,,C20545576,95.294456,1,0,0,0,1,0,0,0,1,0
O=C(Nc1c(C#N)c2CCCCCc2s1)[C@@H]([NH3+])[C@@H](C)CC,,C40853319,78.236526,1,0,0,0,1,0,0,0,0,0
S(CCOc1ccc(C(=[NH2+])N)cc1)c1ccc(OC)cc1,,C41068845,99.9972,1,0,0,0,0,0,0,0,0,0
O(C)c1ccc2[nH]cc([C@H](C[NH3+])c3ccc(N(C)C)cc3)c2c1,,C41544104,99.327003,1,0,0,0,1,0,0,0,0,0
Brc1ccc([C@H]([C@H]([NH3+])C)N2CCN(CCO)CC2)cc1,,C42953500,89.376518,1,0,0,0,1,0,0,0,1,0
Brc1sc([C@H](Sc2[nH]ncn2)C[NH3+])cc1,,C43283323,96.267296,1,0,0,0,1,0,0,0,0,0
Brc1cc([C@@H](N(CC)CC(=O)NC)C[NH3+])sc1,,C43285705,93.696838,1,0,0,0,1,0,0,0,0,0
Fc1c(F)c(F)c2[nH]cc(C[C@@H]([NH3+])C(OCC)=O)c2c1F,,C44341506,96.464485,1,0,0,0,1,0,0,0,0,0
S(=O)(=O)(N)CCC[NH2+][C@H](C)c1cc(C(F)(F)F)ccc1,,C45066707,99.145439,1,0,0,0,1,0,0,0,0,0
S(C[C@@]([NH2+]CC)(C(=O)N)c1ccccc1)Cc1occc1,,C45548529,80.17765,1,0,0,0,1,0,0,0,0,0
O=C(Nc1cc(N)ccc1)[C@@H]([NH+](CC)Cc1sccc1)C,,C48970007,73.410248,1,0,0,0,1,0,0,0,0,0
Clc1c([C@@H](O)C[NH2+][C@@H](C)C(=O)NCC)cc(Cl)cc1,,C49201527,68.824486,1,0,0,0,1,0,0,0,0,0
Clc1c([C@H](O)C[NH2+][C@@H](C)C(=O)NCC)cc(Cl)cc1,,C49201534,68.824486,1,0,0,0,1,0,0,0,0,0
Brc1ccc([C@@H](NS(=O)(=O)CCC[NH3+])C)cc1,,C49526338,95.858551,1,0,0,0,1,0,0,0,0,0
S(=O)(=O)(N[C@@H](C)c1ccc(C)cc1)c1sc(C[NH3+])cc1,,C49560688,88.269707,1,0,0,0,1,0,0,0,0,0
O=C(N[C@@H](C)CCc1occc1)c1sc(C#CC[NH3+])cc1,,C49572139,63.7047,1,0,0,0,1,0,0,0,0,0
S(=O)(=O)(N)c1cc([C@H]([NH2+]Cc2sc(C)cc2)C)ccc1,,C50225277,98.71048,1,0,0,0,1,0,0,0,0,0
Brc1c(NC(=O)[C@H]([NH3+])CCOC)c(F)cc(F)c1,,C52791284,89.145256,1,0,0,0,1,0,0,0,0,0
Clc1c(Cl)ccc([C@H](NC(=O)[C@H]([NH3+])CCOC)C)c1,,C52809678,74.777946,1,0,0,0,1,0,0,0,0,0
Brc1cc([C@@H](NCCOC)C[NH3+])c(OC)cc1,,C53255932,56.716293,1,0,0,0,1,0,0,0,0,0
Brc1cc(OC)c(NC(=O)[C@@H](C)C[NH3+])c(C)c1,,C54340256,95.992958,1,0,0,0,1,0,0,0,0,0
Fc1c([C@H](C[NH3+])CC(=O)Nc2cc(OC)ccc2)cccc1,,C57630575,97.93586,1,0,0,0,1,0,0,0,1,0
Fc1ccc(NC(=O)C[C@@H](C[NH3+])c2cc(OC)ccc2)cc1,,C57630593,98.679077,1,0,0,0,1,0,0,0,1,0
Clc1ccc(N[C@@H](C[NH3+])c2cc(OC)c(OC)cc2)cc1,,C57637715,96.76046,1,0,0,0,1,0,0,0,0,0
S(=O)(=O)(N[C@@H](C)c1cscc1)c1sc(C[NH3+])cc1,,C61368811,88.194359,1,0,0,0,1,0,0,0,0,0
FC(F)(F)[C@](O)([C@@H]([NH3+])C)c1cc(OCC)c(OCC)cc1,,C62784465,54.125702,1,0,0,0,1,0,0,0,0,0
Clc1c(C(=O)Nc2cc(OCC[NH3+])ccc2)ccc(F)c1,,C62839194,93.236862,1,0,0,0,1,0,0,0,0,0
Brc1c(OC)ccc(C(=O)NCC[C@@H]([NH3+])C)c1,,C63170070,99.764183,1,0,0,0,1,0,0,0,1,0
Brc1cn(C(C)C)c(C(=O)NCC[C@@H]([NH3+])C)c1,,C63170207,99.764023,1,0,0,0,1,0,0,0,1,0
O(C)CC(=O)NC[C@@H]1[NH+]2C[C@H](C[NH+]3CCOCC3)[C@H](C1)CC2,,C08622858,90.206635,1,0,0,0,1,1,0,0,1,0
S(=O)(=O)(NC[C@@H]1[NH+]2C[C@H](C[NH+](C)CC=C)[C@H](C1)CC2)C,,C08635561,96.351799,1,0,0,0,1,1,0,0,1,0
Oc1c(OC)ccc([C@@H](N2CC[NH+](C)CC2)C2=[NH+]CCN2)c1,,C19684031,86.240814,1,0,0,0,1,0,1,0,0,0
S(=O)(=O)(C[C@@H](CN1CC[NH+](C)CC1)N1CC[NH+](C)CC1)c1ccc(C)cc1,,C19991341,78.386032,1,0,0,0,1,0,0,0,0,0
O(C)c1c(OC)ccc([C@H](C[NH3+])N2CC[NH+](CCC)CC2)c1,,C20179739,96.31823,1,0,0,0,1,0,0,0,1,0
O=C(C[NH2+]CCC[NH+](CC)CC)N1CCc2sccc2C1,,C35099763,64.452385,1,0,0,0,0,0,0,0,1,0
O=S1(=O)CCC([NH2+]CC(C)(C)N2CC[NH+](C)CC2)CC1,,C35652392,73.318031,1,0,0,0,1,1,0,0,1,0
Clc1c(F)ccc(N/C(=[NH+]\CCc2ccccc2)/[n+]2c(N)cc(C)s2)c1,,C35740172,44.725464,1,0,0,0,1,1,0,0,1,0
S(=O)(=O)(C)N1CCC([NH2+][C@@H](C)[C@@H]2C[NH+](C)CCC2)CC1,,C36828184,99.682846,1,0,0,0,1,0,0,0,1,0
Brc1oc([C@@H](C[NH3+])[NH+]2CCC(OC)CC2)cc1,,C37265832,48.069103,1,0,0,0,0,0,0,0,0,0
S(=O)(=O)(CC)CC[NH+]1CCN([C@@H](CC)CC[NH3+])CCC1,,C37370371,95.93087,1,0,0,0,1,0,0,0,1,0
S(=O)(=O)(C)c1ccc([C@@H](O)C[NH2+]C[C@H]2C[NH+](C)CC2)cc1,,C37894331,95.345573,1,0,0,0,1,0,0,0,0,0
Brc1c(OC)ccc([C@@H](C[NH3+])[NH+]2CCC(OC)CC2)c1,,C38052124,51.478813,1,0,0,0,1,0,0,0,0,0
O=C(NCC[NH+]1CCCCC1)[C@@H]1S[C@@H]([C@H]2[NH+](CC3N=CC=N3)CCC2)C=C1,,C39515334,97.914345,1,0,0,0,1,0,0,0,1,0
O=C(C[C@@H](C)CC)N1C[C@H](C(=O)N[C@@H]2C[NH+]3CCC2CC3)C2(C1)CC[NH2+]CC2,,C39663302,99.344162,1,0,0,0,1,1,0,0,1,0
O=C(C[C@@H](C)CC)N1C[C@@H](C(=O)N[C@@H]2C[NH+]3CCC2CC3)C2(C1)CC[NH2+]CC2,,C39663304,99.344162,1,0,0,0,1,1,0,0,1,0
O=C(C[C@@H](C)CC)N1C[C@@H](C(=O)N[C@H]2C[NH+]3CCC2CC3)C2(C1)CC[NH2+]CC2,,C39681964,99.344162,1,0,0,0,1,1,0,0,1,0
S(C)CC[C@H]([NH3+])C(=O)N1CCC(C[NH+](CC)CC)CC1,,C40468766,55.402573,1,0,0,0,1,0,0,0,1,0
FC(F)(F)C[NH+]1C[C@H](CNC(=O)[C@@H]2[NH2+]C[C@@H](OC)C2)CC1,,C40633798,81.773201,1,0,0,0,0,0,0,0,0,0
S(=O)(=O)(CC1CC[NH2+]CC1)N1CCC(C[NH+](C)C)CC1,,C42388888,99.740028,1,0,0,0,0,1,0,0,0,0
O=C(N(CC)[C@@H]1CS(=O)(=O)CC1)C[NH+]1[C@@H](C[NH3+])CCCC1,,C44558843,85.179878,1,0,0,0,0,0,0,0,0,0
S(=O)(=O)(N[C@@H]1C[NH+](C2CC2)CC1)c1ccc(C[NH2+]C)cc1,,C44680670,94.507652,1,0,0,0,1,0,0,0,0,0
O=C(N[C@H](C)CC)[C@@H](C)[NH+]1CCN(CC[NH+]2CCCC2)CC1,,C46063406,51.781811,1,0,0,0,1,0,0,0,1,0
S(=O)(=O)(N[C@@H]1CC[NH+]2CCCC[C@@H]12)C[C@H]1C[NH2+]CCC1,,C49646564,96.675041,1,0,0,0,1,1,0,0,1,0
O=S1(=O)C[C@H]([NH+](C)C[C@]2(C[NH2+]CCC)COCC2)CC1,,C51248962,74.187187,1,0,0,0,0,0,0,0,1,0
[NH2+](CC(C)C)C[C@@]1(C[NH+](C)Cc2nc(C)sc2)COCC1,,C51250997,96.384628,1,0,0,0,1,1,0,0,1,0
O=C(NC(C)C)NC(=O)[C@H](C)[NH+]1CCC([NH+]2CCCC2)CC1,,C51952335,67.347267,1,0,0,0,1,0,0,0,1,0
O=C(NCC=C)NC(=O)[C@@H](C)[NH+]1CCC([NH+]2CCCC2)CC1,,C51952849,67.548653,1,0,0,0,1,0,0,0,1,0
S(=O)(=O)(C[C@@H]1[NH2+]CCC1)N1CC[NH+](C2CCCC2)CC1,,C52064017,76.2519,1,0,0,0,1,1,0,0,1,0
Brc1cc([C@H]([NH3+])C)c(OCC[NH+](CC)CC)cc1,,C52066332,98.340515,1,0,0,0,1,1,0,0,1,0
O=S1(=O)CC[NH+](Cc2oc(C)c(C[NH2+]C(C)(C)C)c2)CC1,,C52480270,99.90641,1,0,0,0,0,0,0,0,1,0
[NH2+](Cc1scc(C[NH+](C)Cc2nc(C)sc2)n1)C1CC1,,C52505670,91.032295,1,0,0,0,1,1,0,0,1,0
[NH+](CCCn1c[nH+]cc1)(Cc1oc(C)cc1)Cc1ccncc1,,C36740245,59.225746,1,0,0,0,0,0,0,0,1,0
S(=O)(=O)(C)c1ccc([C@H](O)C[NH2+]CC[NH+](C)C(C)C)cc1,,C54112671,51.321857,1,0,0,0,1,0,0,0,0,0
O=S1(=O)CCC(C[NH3+])(N2CC[NH+]([C@H](C)CC)CC2)CC1,,C55064469,97.128906,1,0,0,0,1,1,0,0,1,0
O=S1(=O)C[C@H]([NH2+]CCN2CC[NH+]([C@H](C)CC)CC2)CC1,,C55075372,46.158615,1,0,0,0,1,0,0,0,1,0
O=S1(=O)C[C@H]([NH2+]CCN2CC[NH+]([C@@H](C)CC)CC2)CC1,,C55075375,46.158615,1,0,0,0,1,0,0,0,1,0
O=S1(=O)C[C@@H]([NH2+]CCN2CC[NH+]([C@@H](C)CC)CC2)CC1,,C55075380,46.158615,1,0,0,0,1,0,0,0,1,0
[NH3+]CCc1nc([C@@H](C)C[NH+](C)CCc2ccncc2)sc1,,C58008654,98.224686,1,1,0,0,1,1,0,0,1,0
Brc1cc([C@H](C[NH3+])N2CCN(CC[NH+](C)C)CC2)sc1,,C61642434,52.131699,1,0,0,0,1,1,0,1,1,0
S(=O)(=O)(CC[NH2+]C(C)C)N1CCN(CC[NH+](C)C)CC1,,C61653289,71.162178,1,0,0,0,1,1,0,0,1,0
[NH2+](CC)Cc1c(N2CCn3cc[nH+]c3C2)nc2SC=Cn12,,C62254890,56.146904,1,0,0,0,0,0,0,0,0,0
O=S1(=O)C[C@H]([NH2+]CCN2C[C@@H]([NH+]3CCCC3)CC2)CC1,,C62974456,72.211243,1,0,0,0,1,0,0,0,0,0
Brc1oc(-c2oc(C[NH+]3[C@H]([C@H]([NH3+])C)CCCC3)nn2)cc1,,C63195378,94.899292,1,0,0,0,0,0,0,0,1,0
[S@@](=O)(CC[NH3+])C=1[C@@H](c2ccc(F)cc2)[NH+]=C2C=CC=CC=12,,C63764090,54.158165,1,0,0,0,0,0,0,0,0,0
O=C(NC)C[NH+](CCC)CC(=O)NC1CC[NH+](C2CC2)CC1,,C64509156,98.823746,1,0,0,0,1,0,0,0,1,0
O=C(N[C@@H](Cn1c[nH+]cc1)C(C)C)C[NH+]1CCN(C)CCC1,,C65372441,78.759529,1,0,0,0,1,0,0,0,1,0
OC1(Cn2c[nH+]cc2)CCN(c2c(CC)c[nH+]c(C)n2)CC1,,C65490559,49.626122,1,0,0,0,0,0,0,0,0,0
S(=O)(=O)(C)c1ccc(C[NH2+]C[C@@H](C)Cn2c[nH+]cc2)cc1,,C67500324,79.26252,1,0,0,0,0,0,0,0,0,0
[NH2+](C[C@@H](C)Cn1c[nH+]cc1)Cc1c(-c2ccncc2)nn(C)c1,,C67500403,75.855835,1,0,0,0,0,0,0,0,1,0
O[C@H]1[C@H](O)CC(C(=O)N[C@@H](Cc2ccc(OC)cc2)C(=O)N)=C[C@H]1NC(=O)[C@H]([NH3+])C(C)C,,C03838834,55.973015,1,0,0,0,1,0,0,0,0,0
S(C)[C@@H]1[C@@H](O)[C@H](O)[C@@H](O)[C@@H]([C@@H](NC(=O)[C@H]2[NH+](C)C[C@H](CCC)C2)[C@H](O)C)O1,,C03978082,83.553802,1,0,0,0,1,0,0,0,1,0
Oc1ccc(N(C)C)c2C[C@@H]3C[C@H]4[C@H]([NH+](C)C)C(=O)C(C(=O)N)=C(O)[C@]4(O)C(=O)C3=C(O)c12,,C04574557,80.747589,1,0,0,0,1,0,0,0,0,0
O=C([C@H]([NH3+])C)N1CCOCCOCCN(C(=O)[C@@H]([NH3+])C)CCOCCOCC1,,C04661805,49.539841,1,0,0,0,1,0,0,0,0,0
OC[C@H]1[C@@H](O)[C@H](O)[C@@](Oc2c(-c3cc(O)c(O)c(O)c3)[o+]c3cc(O)cc(O)c3c2)(CO)O1,,C04802822,33.481209,1,0,0,0,1,0,0,0,0,0
O=C(Nc1cc(C(=[NH2+])N)ccc1)c1c(N)cc(C(=O)Nc2cc(C(=[NH2+])N)ccc2)cc1,,C04822118,99.990379,1,0,0,0,1,0,0,0,0,0
O=C([O-])[C@H](NC(=O)C1CCN(C(=O)[C@H]2[NH2+]CCC2)CC1)CCCNC(=[NH2+])N,,C05376846,79.525177,1,0,0,0,1,1,1,0,0,0
S(CC[NH3+])[C@H]1C[C@](O)(C(=O)C)Cc2c(O)c3C(=O)c4cccc(OC)c4C(=O)c3c(O)c12,,C05492863,32.441582,1,0,0,0,0,0,0,0,0,0
Fc1ccc2[nH]cc(C[C@H](NC(=O)[C@H]([NH3+])Cc3c[nH]c4ccccc34)C(OC)=O)c2c1,,C01605772,72.38266,1,0,0,0,1,0,0,0,0,0
S(=O)(=O)(NC(=[NH2+])N)c1ccc(NC(=S)NC(=O)/C=C/c2ccc(C)cc2)cc1,,C04798244,99.999214,1,0,0,0,1,0,0,0,0,0
O[C@@H]1[C@]2(O)[C@@](O)(C)[C@H]3[NH+](C[C@@H](C)CC3)C[C@H]2[C@@]2(O)[C@@](O)(C1)[C@@H]1CC[C@@H]3[C@@]4(O)[C@@H](OC(=O)/C(/C)=C\C)CC[C@]3(C)[C@@]1(O4)C2,,C08214734,98.774567,1,0,0,0,1,0,0,0,0,0
S(=O)(=O)(NC(=[NH2+])N)c1ccc(NC(=S)NC(=O)c2c(F)cccc2)cc1,,C07497724,99.999214,1,0,0,0,1,0,0,0,0,0
O=[N+]([O-])c1ccc(OCCCOc2cc(N3C(=[NH2+])NC(=[NH2+])NC3(C)C)ccc2)cc1,,C08649782,57.302601,1,0,0,0,1,0,0,0,0,0
S(=O)(=O)(NC(=[NH2+])N)c1ccc(NC(=S)NC(=O)/C=C/c2sccc2)cc1,,C08763931,99.999214,1,0,0,0,1,0,0,0,0,0
Brc1cc(-c2nc(/C(=C/Nc3ccc(S(=O)(=O)NC(=[NH2+])N)cc3)/C#N)sc2)ccc1,,C09010039,99.988823,1,0,0,0,0,0,0,0,0,0
Brc1ccc2n(C[C@@H](O)C[NH2+]C(CO)(CO)CO)c3ccc(Br)cc3c2c1,,C10384387,59.922604,1,0,0,0,1,0,0,0,1,0
S(=O)(=O)(NC(=[NH2+])N)c1ccc(NC(=S)NC(=O)c2ccc(C(C)C)cc2)cc1,,C10012379,99.999214,1,0,0,0,1,0,0,0,0,0
Oc1cccc2[C@](O)(C)[C@@H]3C[C@H]4[C@@H]([NH+](C)C)C(O)=C(C(=O)N)C(=O)[C@]4(O)C(O)=C3C(=O)c12,,C11592618,73.748291,1,0,0,0,1,0,0,0,0,0
O[C@@H]1[C@H]2[C@H]([NH+](C)C)C(O)=C(C(=O)N)C(=O)[C@]2(O)C(O)=C2C(=O)c3c(O)cccc3[C@](O)(C)[C@H]12,,C11592623,65.910744,1,0,0,0,1,0,0,0,0,0
O[C@@H]1[C@@H]2[C@H]([NH+](C)C)C(O)=C(C(=O)N)C(=O)[C@]2(O)C(O)=C2C(=O)c3c(O)cccc3[C@](O)(C)[C@H]12,,C11592625,65.910744,1,0,0,0,0,0,0,0,0,0
Brc1ccc(C(=O)NC(=S)Nc2ccc(S(=O)(=O)NC(=[NH2+])N)cc2)cc1,,C09199409,99.999214,1,0,0,0,1,0,0,0,0,0
Brc1cnc(Oc2c(C)cc(NC(=O)NC(=O)c3c(NC(=O)[C@@H]([NH3+])C)cccc3)cc2)nc1,,C17219391,76.831734,1,0,0,0,1,0,0,0,0,0
OC[C@@H](O)[C@H](O)[C@@H](O)[C@@H]1[NH+]2C[C@@]3(C(O)[C@](c4ccccc4)(C2)CN1C3)c1ccccc1,,C19331503,90.638008,1,0,0,0,1,0,0,0,0,0
S(CC(=O)NC1CC(C)(C)[NH2+]C(C)(C)C1)c1nc(N/N=C/c2cc(OCC)c(O)cc2)[nH]n1,,C20836211,85.139984,1,0,0,0,1,0,0,0,0,0
O[C@H]1[C@@H](O)CO[C@@H](O[C@H]2C[C@]([NH3+])(C(=O)C)Cc3c(O)c4C(=O)c5ccccc5C(=O)c4c(O)c23)C1,,C21982917,21.374146,1,0,0,0,1,0,0,0,0,0
Clc1ccc(O)c2C(=O)[C@H]3[C@H](O)[C@]4(O)C(=O)[C@@H](C(=O)N)[C@H](O)[C@@H]([NH3+])[C@@H]4C[C@@H]3[C@@](O)(C)c12,,C21983286,44.474888,1,0,0,0,1,0,0,0,0,0
S(C)[C@@H]1[C@H](O)[C@@H](O)[C@@H](O)[C@@H]([C@@H](NC(=O)[C@@H]2[NH+](C)C[C@@H](CCC)C2)[C@H](O)C)O1,,C24987189,83.553802,1,0,0,0,1,0,0,0,1,0
Cl[C@H](C)[C@@H](NC(=O)[C@H]1[NH2+]CC[C@@H](CC)C1)[C@@H]1[C@H](O)[C@H](O)[C@H](O)[C@H](SC)O1,,C33807858,83.444443,1,0,0,0,1,0,0,0,1,0
Clc1ccc(O)c2C(=O)[C@H]3[C@@H](O)[C@]4(O)C(=O)[C@@H](C(=O)N)[C@H](O)[C@@H]([NH3+])[C@@H]4C[C@@H]3[C@@](O)(C)c12,,C35565038,44.474888,1,0,0,0,0,0,0,0,0,0
O=C(NC=1C(=O)NC(=O)NC=1C)c1c(N)c2cc3cc(C)ccc3[nH+]c2s1,,C04848754,99.378365,1,0,0,0,1,0,0,0,0,0
S(C)[C@H]1[C@@H](O)[C@@H](O)[C@@H](O)[C@@H]([C@H](NC(=O)[C@H]2[NH+](C)C[C@H](CCC)C2)[C@H](O)C)O1,,C03830997,83.553802,1,0,0,0,1,0,0,0,1,0
S(C)[C@@H]1[C@@H](O)[C@H](O)[C@@H](O)[C@H]([C@H](NC(=O)[C@@H]2[NH+](C)C[C@H](CCC)C2)[C@H](O)C)O1,,C38609328,83.553802,1,0,0,0,1,0,0,0,1,0
O=C(Nc1c(C(=O)N)c2CCCCc2s1)C[NH2+]CC(=O)Nc1c(C(=O)N)c2CCCCc2s1,,C39220969,99.988831,1,0,0,0,1,0,0,0,0,0
OC[C@@H](O)[C@@H](O)/C(=N/Nc1ccc([N+](=O)[O-])cc1)/[C@H]1C(=O)[NH+]=C2C=CC=CC2=[NH+]1,,C40151159,66.500038,1,0,0,0,1,0,0,0,0,0
Clc1ccc(C(=O)N/N=C(/[C@H](O)[C@H](O)CO)\[C@@H]2C(=O)[NH+]=C3C=CC=CC3=[NH+]2)cc1,,C40151213,99.181839,1,0,0,0,1,0,0,0,0,0
OC[C@@H](O)[C@@H](O)/C(=N/NC(=O)c1ccc(OC)cc1)/[C@@H]1C(=O)[NH+]=C2C=CC=CC2=[NH+]1,,C40151250,99.158501,1,0,0,0,1,0,0,0,0,0
ClC=1C=CC2=[NH+]C(=O)[C@@H](/C(=N\NC(=O)c3ccc(O)cc3)/[C@@H](O)[C@H](O)CO)[NH+]=C2C=1,,C40151308,78.094833,1,0,0,0,1,0,0,0,0,0
S(c1c(-c2ccccc2)n[nH]n1)C1=C([C@H]([NH3+])CC(=O)N)C(=O)N2C=CC=CC2=N1,,C44255311,32.695992,1,0,0,0,1,0,0,0,0,0
OC[C@H]([NH3+])Cc1cc(OC)c(O)c(-c2c(O)c(OC)cc(C[C@@H]([NH3+])CO)c2)c1,,C44467019,68.703697,1,0,0,0,1,0,0,0,0,0
S(C)[C@@H]1[C@H](O)[C@@H](O)[C@H](O)[C@H]([C@H](NC(=O)[C@@H]2[NH+](C)C[C@H](CCC)C2)[C@H](O)C)O1,,C44830559,83.553802,1,0,0,0,1,0,0,0,1,0
Cl[C@H](C)[C@H](NC(=O)[C@H]1[NH2+]CC[C@@H](CC)C1)[C@@H]1[C@H](O)[C@@H](O)[C@H](O)[C@@H](SC)O1,,C44964071,83.444443,1,0,0,0,1,0,0,0,1,0
O=C(Nc1ccc(/C(=N/NC(=[NH2+])N)/C)cc1)Nc1ccc(/C(=N/NC(=[NH2+])N)/C)cc1,,C13981739,75.595612,1,0,0,0,1,0,0,0,0,0
O[C@@H]([C@@H](O)[C@@H]1[NH+]=C2C=C([N+](=O)[O-])C=CC2=[NH+]1)[C@H]1[NH+]=C2C=C([N+](=O)[O-])C=CC2=[NH+]1,,C63205474,99.599808,1,0,0,0,0,0,0,0,0,0
O[C@H]1[C@H](O)[C@H](O)O[C@H](COC(=O)[C@H](NC(=O)OC(C)(C)C)CC=2C[NH+]=C3C=CC=CC=23)[C@H]1O,,C63361904,86.108925,1,0,0,0,1,0,0,0,0,0
S(CC(=O)NCC1[NH+]=C2C=CC=CC2=[NH+]1)[C@@H]1N[C@H](c2occc2)NC=2N1NC(=O)C=2,,C63648741,70.577545,1,0,0,0,1,0,0,0,0,0
S(CC(=O)NCCC1[NH+]=C2C=CC=CC2=[NH+]1)[C@@H]1N[C@@H](c2occc2)NC=2N1NC(=O)C=2,,C63648747,74.187546,1,0,0,0,1,0,0,0,0,0
O[C@@H]1[C@H](O)[C@H](O)O[C@@H](COC(=O)[C@@H](NC(=O)OC(C)(C)C)CC=2C[NH+]=C3C=CC=CC=23)[C@@H]1O,,C63712365,86.108925,1,0,0,0,1,0,0,0,0,0
O=C(NCCC=1C[NH+]=C2C=CC=CC=12)[C@H]1ONC(COc2c(C(=O)N)cccc2)=[NH+]1,,C63818809,82.89576,1,0,0,0,1,0,0,0,0,0
ClC=1C=CC2=[NH+]CC(CC/[NH+]=C\3/N(N)C(=O)[C@@H](c4ccc(OC)cc4)NN/3)=C2C=1,,C63952595,84.568642,1,0,0,0,1,0,0,0,0,0
S(=O)(=O)(N)c1ccc(CCNC(=O)CSc2[n+](-c3c(C)cccc3)c(N)c3c(C)n[nH]c3n2)cc1,,C33726458,83.186676,1,0,0,0,1,0,0,0,0,0
Clc1c(Cl)ccc(NC(=O)N2CCN(C(=O)[C@H]([NH3+])[C@@H](C)CC)CC2)c1,,C00734234,53.233452,1,0,0,0,1,0,0,0,0,0
Clc1c(F)ccc(NC(=O)[C@@H]2[NH+]=C(Nc3ccc(C)cc3)NC(=O)C2)c1,,C01427712,51.840805,1,0,0,0,1,0,0,0,0,0
Clc1c(N2CCN(c3ccc(NC(=O)N)cc3)CC2)[nH+]cc(C(F)(F)F)c1,,C01403425,99.616302,1,0,0,0,1,0,0,0,0,0
O[C@H](C[NH2+]C[C@@H](c1ccc(OC)cc1)c1c[nH]c2ccccc12)c1ccccc1,,C06786515,98.075836,1,0,0,0,1,0,0,0,0,0
Fc1cc([C@H]([NH2+]CC(=O)Nc2c(C(=O)Nc3ccccc3)cccc2)C)ccc1,,C09449417,81.657219,1,0,0,0,1,0,0,0,0,0
O[C@@]1(C)CC[C@]2(CCC(=O)NCc3occc3)[C@@H]([NH2+]C(C)C)CC(C)(C)[C@@H]2C1,,C12531709,99.987679,1,0,0,0,1,0,0,0,1,0
Clc1ccc(COc2ccc(C[NH+](C)[C@@H](C)C(=O)NC(=O)N)cc2)cc1,,C12905607,60.280647,1,0,0,0,0,0,0,0,0,0
Fc1c(C)c(F)c(Oc2cc(C(=[NH2+])N)ccc2)nc1Oc1cc(F)ccc1,,C13474025,99.994492,1,0,0,0,0,0,0,0,0,0
Fc1ccc(NC(=O)[C@@H](C)[NH+]2CCC(C(=O)Nc3c(O)cccc3)CC2)cc1,,C15043519,71.212021,1,0,0,0,1,0,0,0,0,0
O[C@H](C[NH+]1CCc2[nH]c3c(C)cccc3c2C1)c1cc(NC(=O)CC)c(OC)cc1,,C19499308,98.725006,1,0,0,0,1,0,0,0,1,0
O=C(N)COc1c(OC)cccc1C[NH2+][C@@H](C)C12CC3CC(C1)CC(C2)C3,,C20872498,99.716362,1,0,0,0,1,0,0,0,1,0
Clc1ccc(NC(=O)[C@H]([NH2+][C@H](C)c2ccc(NC(=O)CC)cc2)C)cc1,,C30498775,75.925919,1,0,0,0,1,0,0,0,0,0
O=C(Nc1ccc([C@H]([NH2+][C@H](C)C(=O)Nc2c(C)cccc2C)C)cc1)CC,,C30500017,76.056839,1,0,0,0,1,0,0,0,0,0
OC12CC3([NH2+]Cc4ccc(OCC(=O)NC(C)(C)C)cc4)C[C@H](C1)C[C@H](C2)C3,,C18046429,99.886971,1,0,0,0,1,0,0,0,1,0
Oc1c(OC)cccc1[C@@H]1[C@H](C)C(=O)[C@@H](C)[C@H](c2c(O)c(OC)ccc2)[NH2+]1,,C36047546,57.778484,1,0,0,0,0,0,0,0,0,0
O=C(N)c1c(NC(=O)c2cc(C)cc(C)c2)sc2C[NH+](C(C)C)CCc12,,C36629217,99.796364,1,0,0,0,1,0,0,0,0,0
Brc1c(NC(=O)[C@@H]([NH3+])[C@H](C)CC)c(C(OC)=O)cc(Br)c1,,C37769899,76.918098,1,0,0,0,1,0,0,0,0,0
O=C(NC[C@@]1(C)C[C@H](N=C=O)CC(C)(C)C1)NC1CC(C)(C)[NH2+]C(C)(C)C1,,C38656632,99.993774,1,0,0,0,1,0,0,0,1,0
S(Cc1cc(C)ccc1)[C@@H]1O[C@H]([C@@H]([NH3+])Cc2c[nH]c3ccccc23)N=N1,,C38661779,72.395699,1,0,0,0,1,0,0,0,1,0
S(CC=1NC(=O)c2ccccc2N=1)[C@@H]1[NH+](CC)[C@@H](c2c(F)cccc2)NN1,,C39356191,49.273354,1,0,0,0,1,0,0,0,0,0
O=C(NC(C)(C)C)NC(=O)[C@H]([NH2+][C@H](Cc1ccccc1)c1ccccc1)C,,C40002633,68.092522,1,0,0,0,1,0,0,0,0,0
Brc1scc(C[NH+](C)CC(=O)Nc2c(N)cc(C)cc2)c1,,C42360420,66.042252,1,0,0,0,1,0,0,0,0,0
Clc1ccc([C@@H]([NH2+]CCOc2ccc(S(=O)(=O)N)cc2)C(C)C)cc1,,C42574216,98.174271,1,0,0,0,1,0,0,0,0,0
Brc1ccc(Sc2n(C)nc(C(F)(F)F)c2C[C@H]([NH3+])CO)cc1,,C44465461,96.723801,1,0,0,0,1,0,0,0,0,0
Brc1c([C@@H]([NH2+]CCCS(=O)(=O)N)C)ccc(Br)c1,,C45069299,99.165428,1,0,0,0,1,0,0,0,0,0
O=C(NNC(=O)c1sc2CC[C@H](C)Cc2c1)NC[C@@H]([NH+](CC)CC)C,,C46280615,99.942474,1,0,0,0,1,0,0,0,1,0
Clc1c(C(=O)Nc2cc(C[NH+](CC)CC)ccc2)cc(S(=O)(=O)N)cc1,,C47490170,99.939384,1,0,0,0,1,0,0,0,0,0
Fc1ccc([C@H]([NH+](C)C)CNC(=O)Nc2ccc(NC(=O)CC)cc2)cc1,,C48082526,98.089851,1,0,0,0,1,0,0,0,0,0
O=C(NC[C@H]([NH+](C)C)c1ccc(CC)cc1)Nc1c(C)ccc(NC(=O)C)c1,,C48271537,98.533813,1,0,0,0,1,0,0,0,0,0
Clc1cc(C[NH+](CC(=O)Nc2ccc(S(=O)(=O)N)cc2)C(C)C)ccc1,,C52906917,62.171856,1,0,0,0,1,0,0,0,0,0
Clc1c(OC)cc(OC)c(NC(=O)NC2CC(C)(C)[NH2+]C(C)(C)C2)c1,,C53954839,99.993439,1,0,0,0,1,0,0,0,0,0
Clc1c(Cl)ccc(C[NH+](CC)CC(=O)Nc2c(C(=O)N)ccs2)c1,,C54347783,72.192017,1,0,0,0,0,0,0,0,0,0
Clc1c(C(=O)NC)ccc(NC(=O)N[C@H](C)C[NH+]2C[C@H](C)C[C@H](C)C2)c1,,C56725063,99.80574,1,0,0,0,1,0,0,0,0,0
Clc1c(NNC(=O)NCCCCn2c[nH+]cc2)c(Cl)cc(Cl)c1,,C57379529,78.452644,1,0,0,0,1,0,0,0,0,0
O=C(NC[C@H]([NH+]1CCCC1)c1sccc1)Nc1cc(NC(=O)CC)ccc1,,C58892354,99.184631,1,0,0,0,1,0,0,0,1,0
Clc1c(CN2C(=O)/C(=N\NC(=O)[C@H]([NH3+])CC(C)C)/c3ccccc23)cccc1,,C06952418,93.202232,1,0,0,0,0,0,0,0,0,0
O=C(N/N=C\1/C(=O)N(C/C=C/c2ccccc2)c2ccccc/12)[C@@H]([NH3+])CC(C)C,,C59160895,93.192932,1,0,0,0,0,0,0,0,0,0
O=C(Nc1c(C(=O)N)ccs1)[C@H]([NH+](C)Cc1c(-c2ccccc2)cccc1)C,,C60356579,58.693905,1,0,0,0,1,0,0,0,0,0
Brc1cc(C[NH2+][C@@H]2CN(c3ncc(C(=O)NC4CC4)cc3)CC2)c(O)cc1,,C49421002,90.629654,1,0,0,0,1,0,0,0,0,0
Clc1c(Cl)cccc1-c1oc(C[NH2+][C@@H]2CN(CC(=O)N)CCC2)cc1,,C62257783,79.850525,1,0,0,0,1,0,0,0,1,0
Brc1c(NC(=O)CN2[C@@H]([C@H]([NH3+])C)CCCC2)ccc(Br)c1,,C63195510,91.694832,1,0,0,0,1,0,0,0,1,0
O=C(N[C@H](C)CCc1ccccc1)[C@H]1ON[C@@H](CC=2C[NH+]=C3C=CC=CC=23)N1,,C63295356,83.368088,1,0,0,0,1,0,0,0,0,0
Brc1c(O)c(/C=N/NC(SC)=[NH2+])cc(Br)c1,,C08664876,92.818741,1,0,0,0,1,0,0,0,0,0
ClC=1C=CC2=[NH+]CC(CCNC(=O)Cc3ccc4N[C@@H](NC(=O)C)Sc4c3)=C2C=1,,C64491146,86.87944,1,0,0,0,1,0,0,0,0,0
Clc1ccc(CC(=O)NNC(=O)NC[C@@H]([NH+](C)C)c2ccc(C)cc2)cc1,,C65470347,98.544624,1,0,0,0,1,0,0,0,0,0
O=C(N[C@@H]1C[NH+](C2CCCC2)CC1)Nc1cc(C)c(C(=O)NC(C)C)cc1,,C66682370,99.688057,1,0,0,0,1,0,0,0,1,0
Fc1c(NC(=O)NCC(C)(C)[NH+]2C[C@H](C)C[C@H](C)C2)cc(NC(=O)C)c(F)c1,,C66981891,99.966576,1,0,0,0,1,0,0,0,1,0
O=C(NNC(=O)c1c(C)ccs1)NC[C@@H]([NH+](C)C)c1ccc(CC)cc1,,C67382827,98.537285,1,0,0,0,1,0,0,0,0,0
O=C(NC1CC(C)(C)[NH2+]C(C)(C)C1)C(=O)Nc1cc(OCC(C)=C)ccc1,,C67489256,99.992622,1,0,0,0,1,0,0,0,0,0
Clc1c(NC(=O)NC[C@H]([NH+](C)C)c2ccc(F)cc2)ccc(NC(=O)C)c1,,C67576606,98.074326,1,0,0,0,1,0,0,0,1,0
Clc1cc(C)c2[nH+]cc(C(OCC)=O)c(NCCC[NH+]3CCOCC3)c2c1,,C01772995,72.438507,1,0,0,0,1,0,0,0,0,0
S(C[C@@H](O)C[NH+]1CCN(c2[nH+]cc(C(F)(F)F)cc2)CC1)c1ccccc1,,C04324435,86.290344,1,0,0,0,1,0,0,0,0,0
Clc1c([C@@H]2c3ccc(O)cc3OC=3N=CN(CC[NH+](C)C)C(=[NH2+])C2=3)cccc1,,C06661004,90.377342,1,0,0,0,0,1,0,0,1,0
Clc1c(Cl)ccc([C@@H](O)CN2C(=[NH2+])N(CC[NH+]3CCCCC3)c3ccccc23)c1,,C08670952,99.094246,1,0,0,0,1,1,0,0,1,0
Clc1cc(C[NH2+]C2CCOCC2)c(OC[C@H](O)C[NH+]2CCCCCC2)cc1,,C11818354,98.317284,1,0,0,0,1,1,0,0,1,0
Clc1cc(C[NH2+]C2CCOCC2)c(OC[C@@H](O)C[NH+]2CCCCCC2)cc1,,C11818355,98.317284,1,0,0,0,1,1,0,0,1,0
Fc1c(C[NH+]2[C@@H](CCO)CN(Cc3n(-c4cc(C)ccc4)cc[nH+]3)CC2)ccc(OC)c1,,C19221080,66.748856,1,0,0,0,1,0,0,0,1,0
Clc1ccc([C@@H]2[C@@H](c3nnsc3)CN(C(=O)C[NH+]3CC[NH+](C)CCC3)C2)cc1,,C19589194,97.419579,1,0,0,0,0,0,0,0,1,0
S([C@H](C)C(=O)Nc1c([C@@H](C)CC)cccc1)C=1[N+](=C2NC=CC(C)=C2)C(=O)c2ccccc2[NH+]=1,,C22132093,98.860413,1,0,0,0,0,0,0,0,0,0
Brc1ccc(-c2[n+](N3CC[NH+](C)CC3)c(Nc3ccc(OCC)cc3)sc2)cc1,,C34898254,90.730652,1,0,0,0,0,0,0,0,0,0
Fc1c(C[NH+](Cc2occ(C(=O)N3CC[NH+](C)CC3)n2)Cc2ccc(F)cc2)ccc(F)c1,,C36072435,91.791237,1,0,0,0,0,0,0,0,0,0
OC=1C=CC2=[NH+]CC(CC[NH2+]C[C@@H]3C(=O)O[C@@H]4C[C@@]5(C)CCCC(=C)[C@H]5C[C@H]34)=C2C=1,,C38555846,94.666527,1,0,0,0,0,0,0,0,1,0
ClC=1C=CC2=[NH+]C(=O)[C@@H]([NH+]3C[C@@H](C(=O)NCCCO)CCC3)C(c3ccccc3)=C2C=1,,C38573248,99.999054,1,0,0,0,1,0,0,0,0,0
O(Cc1ccccc1)c1ccc(N2C(N)=C(C3[NH+]=C4C=CC=CC4=[NH+]3)C(=O)C2)cc1,,C38819173,99.066696,1,0,0,0,0,0,0,0,0,0
BrC=1C=CC2=[NH+][C@@H](C(OCC)=O)C(NC(=O)CC[NH+]3CCC(C)CC3)=C2C=1,,C39037734,98.900742,1,0,0,0,1,0,0,0,1,0
O=C(NCC[C@H]1C(=O)[NH+]=C2C(C)=C(C)C=CC2=C1)C(=O)C=1[C@H](C)[NH+]=C2C=CC=CC=12,,C39364096,90.027252,1,0,0,0,1,0,0,0,0,0
Clc1c(Cl)ccc(C(=O)N2C[C@H](C(=O)NCC[NH+](C)C)C3(C2)CC[NH2+]CC3)c1,,C39626010,98.909691,1,0,0,0,1,1,0,0,0,0
O=C(NCCC[NH+](C)C)[C@@H]1C2(CN(C(=O)c3c(C)ccs3)C1)CC[NH2+]CC2,,C39627730,99.688232,1,0,0,0,1,1,0,0,1,0
O=C(NCCC[NH+]1[C@H](C)CCCC1)[C@H]1C2(CN(C(=O)C3CCC3)C1)CC[NH2+]CC2,,C39628419,99.82859,1,0,0,0,1,1,0,0,1,0
O=C(NCC(C)(C)C[NH+](C)C)[C@@H]1C2(CN(C(=O)c3ccc(C)cc3)C1)CC[NH2+]CC2,,C39630535,99.708893,1,0,0,0,1,1,0,0,0,0
Brc1cc(C(=O)N2C[C@@H](C(=O)NCC(C)(C)C[NH+](C)C)C3(C2)CC[NH2+]CC3)ccc1,,C39630636,99.708626,1,0,0,0,0,1,0,0,0,0
Clc1ccc(C(=O)N2C[C@H](C(=O)NCC(C)(C)C[NH+](C)C)C3(C2)CC[NH2+]CC3)cc1,,C39630678,99.708855,1,0,0,0,1,1,0,0,0,0
Clc1c(F)c(C(=O)N2C[C@H](C(=O)NCC(C)(C)C[NH+](C)C)C3(C2)CC[NH2+]CC3)c(F)cc1,,C39631107,99.704933,1,0,0,0,1,1,0,0,0,0
FC(F)(F)c1c(C(=O)N2C[C@@H](C(=O)N[C@@H]3C[NH+]4CCC3CC4)C3(C2)CC[NH2+]CC3)cccc1,,C39662959,99.341232,1,0,0,0,1,0,0,0,0,0
Fc1c(C(=O)N2C[C@@H](C(=O)N[C@@H](C[NH+](C)C)c3ccccc3)C3(C2)CC[NH2+]CC3)cccc1,,C39664531,98.374084,1,0,0,0,0,0,0,0,0,0
Fc1c(C(=O)N2C[C@H](C(=O)N[C@@H](C[NH+](C)C)c3ccccc3)C3(C2)CC[NH2+]CC3)c(F)ccc1,,C39664577,98.371231,1,0,0,0,1,1,0,0,0,0
Clc1ccc(C(=O)N2C[C@H](C(=O)N[C@H](C[NH+](C)C)c3ccccc3)C3(C2)CC[NH2+]CC3)cc1,,C39664638,98.376846,1,0,0,0,0,0,0,0,0,0
Fc1c(C)cc(C(=O)N2C[C@@H](C(=O)N[C@@H](C[NH+](C)C)c3ccccc3)C3(C2)CC[NH2+]CC3)cc1,,C39664736,98.376595,1,0,0,0,0,0,0,0,0,0
O=C(N[C@H](C[NH+](C)C)c1ccccc1)[C@@H]1C2(CN(C(=O)c3c(C)cc(C)cc3)C1)CC[NH2+]CC2,,C39664861,98.376938,1,0,0,0,1,0,0,0,0,0
O=C(N[C@@H](C[NH+](C)C)c1ccccc1)[C@@H]1C2(CN(C(=O)c3c(C)ccs3)C1)CC[NH2+]CC2,,C39664914,98.377174,1,0,0,0,1,1,0,0,0,0
O=C(NC[C@H]([NH+](C)C)c1ccccc1)[C@H]1C2(CN(C(=O)c3c(C)cccc3)C1)CC[NH2+]CC2,,C39675551,98.393166,1,0,0,0,1,1,0,0,1,0
Clc1c(C(=O)N2C[C@H](C(=O)NC[C@H]3C[NH+](C)CC3)C3(C2)CC[NH2+]CC3)c(F)c(C)cc1,,C39689690,99.672607,1,0,0,0,1,1,0,0,0,0
O=C(NC[C@@H]1C[NH+](C)CC1)[C@H]1C2(CN(C(=O)[C@@H]3CCC=CC3)C1)CC[NH2+]CC2,,C39689798,99.675415,1,0,0,0,1,1,0,0,1,0
Clc1c(F)c(C(=O)N2C[C@@H](C(=O)NC[C@@H]3C[NH+](C)CC3)C3(C2)CC[NH2+]CC3)c(F)cc1,,C39689937,99.671104,1,0,0,0,1,1,0,0,0,0
S=C1[N+](c2ccccc2)=C(N/C(=[NH+]/c2ccccc2)/c2ccccc2)SN1c1ccccc1,,C02686495,78.242744,1,0,0,0,0,0,0,0,0,0
Brc1c(Br)cc([C@@H](C[NH3+])[NH+]2CCC(OCC)CC2)o1,,C50362004,53.357849,1,0,0,0,0,0,0,0,0,0
Fc1c(C(=O)N2CCC3(N(CC[NH+](CC)CC)C(=O)[C@H](Cc4ccccc4)[NH2+]3)CC2)cccc1,,C36026533,99.075119,1,0,0,0,0,0,0,0,0,0
O=C(NC[C@@H](C)[NH+]1[C@H](C)CCCC1)Nc1c(C)cc(N2CC[NH+](C)CC2)cc1,,C58533433,98.832878,1,0,0,0,1,0,0,0,0,0
O=C(NCC1[NH+]=C2C=CC=CC2=[NH+]1)[C@H]1[C@H](C)N[C@@H](COc2cc(C)ccc2)S1,,C63363131,66.570496,1,0,0,0,1,0,0,0,1,0
O[C@@H](COc1ccc2OCOc2c1)C[NH+]1CCC(C[NH+]2CCCCCC2)CC1,,C63500422,99.086082,1,0,0,0,0,0,0,0,0,0
S(CC(=O)NC=1[C@@H]2N[C@@H](c3ccccc3)CN2C=CC=1)C1[NH+]=C2C=CC=CC2=[NH+]1,,C63625836,82.614296,1,0,0,0,0,0,0,0,1,0
S(=O)(=O)(CC)c1ccc(C(=O)Nc2c(C3[NH+]=C4C=CC=CC4=[NH+]3)cccc2)cc1,,C63706811,99.272926,1,0,0,0,0,0,0,0,0,0
Clc1cc(CS[C@H]2O[C@H]([C@@H]([NH3+])CC=3C[NH+]=C4C=CC=CC=34)N=N2)ccc1,,C63761335,48.790604,1,0,0,0,0,0,0,0,1,0
S(CC(=O)N[C@@H]1[C@H](C(OCC)=O)C=C(CC)S1)C1[NH+]=C2C=CC=CC2=[NH+]1,,C63772598,99.42569,1,0,0,0,0,0,0,0,0,0
Fc1ccc(CN2[C@H](C(=O)NCC3[NH+]=C4C=CC=CC4=[NH+]3)Cc3occc23)cc1,,C63795359,99.255859,1,0,0,0,0,0,0,0,0,0
O=C(Nc1ccc([C@H]2[NH+]=C3C=CC=CC3=C2)cc1)C1CC[NH+](Cc2cn(CC)nc2)CC1,,C64015509,85.992126,1,0,0,0,1,0,0,0,0,0
O=C(N(C)C1CC[NH+](C)CC1)CC[C@H]1CN(C(=O)CCC=2C[NH+]=C3C=CC=CC=23)CCC1,,C64058488,83.875923,1,0,0,0,0,0,0,0,0,0
O=C(Nc1cc(OC)c(OC)cc1)C[NH+]1CCC(C=2C[NH+]=C3C=CC=CC=23)CC1,,C64178595,51.795681,1,0,0,0,1,0,0,0,0,0
Fc1c(N2CC[NH+](C)CC2)ccc([C@@H]([NH2+][C@H](C)C(=O)Nc2ccccc2)C)c1,,C66390694,70.110222,1,0,0,0,1,0,0,0,0,0
O=C(C(C)(C)C)N1CCC2([NH+](C)CCN(Cc3[nH+]c(CCCC)[nH]c3)C2)CC1,,C67489833,40.97039,1,0,0,0,1,0,0,0,1,0
O[C@H](COc1c(C)cccc1)CN1C(=[NH2+])N(CC[NH+]2CCCCC2)c2ccccc12,,C01273571,99.093369,1,0,0,0,1,1,0,0,1,0
S(=O)(=O)(NC[C@@H]1[NH+]2C[C@H](C[NH+]3CCSCC3)[C@H](C1)CC2)c1ccccc1,,C08635620,94.549309,1,0,0,0,1,0,0,0,0,0
O=C(Nc1cc(C[NH2+]C2C3CC4CC2CC(C3)C4)cc(C(=O)N2CC[NH+](C)CC2)c1)C,,C12331599,94.417732,1,0,0,0,1,1,0,0,1,0
O[C@H](COc1c(C[NH+]2CCc3sccc3C2)cccc1)C[NH+]1CCSCC1,,C12719046,97.688416,1,0,0,0,1,1,0,0,1,0
Clc1ccc(OC[C@@H](O)CN2C(=[NH2+])N(CC[NH+]3CCCC3)c3ccccc23)cc1,,C05332288,98.62101,1,0,0,0,1,1,0,0,1,0
Fc1c(C[NH+](CC2CC[NH+](C3CCN(C)CC3)CC2)Cc2ccncc2)ccc(OC)c1,,C20452078,88.244232,1,0,0,0,1,1,0,0,1,0
O=C(NC(C)C)[C@H]1[NH+](Cc2ccncc2)C[C@H]([NH2+]C2C3CC4CC2CC(C3)C4)C1,,C23362427,98.530579,1,0,0,0,1,0,0,0,1,0
O=C(NCC[NH+](CC)CC)[C@@H]1C2(CN(C(=O)c3c(C)cccc3)C1)CC[NH2+]CC2,,C39626630,99.685913,1,0,0,0,1,1,0,0,0,0
O=C(CCC1CCCC1)N1C[C@H](C(=O)NCCC[NH+](C)C)C2(C1)CC[NH2+]CC2,,C39627298,99.688591,1,0,0,0,1,1,0,0,1,0
FC(F)(F)c1cc(F)c(C(=O)N2C[C@@H](C(=O)NCCC[NH+](C)C)C3(C2)CC[NH2+]CC3)cc1,,C39627334,99.685684,1,0,0,0,1,1,0,0,0,0
O=C(C(CC)CC)N1C[C@H](C(=O)NCCC[NH+]2[C@@H](C)CCCC2)C2(C1)CC[NH2+]CC2,,C39628434,99.82869,1,0,0,0,1,1,0,0,1,0
S(C)CCC(=O)N1C[C@@H](C(=O)NCCC[NH+]2[C@H](C)CCCC2)C2(C1)CC[NH2+]CC2,,C39628498,99.828476,1,0,0,0,1,1,0,0,1,0
O=C(CCC1CCCC1)N1C[C@H](C(=O)NCC(C)(C)C[NH+](C)C)C2(C1)CC[NH2+]CC2,,C39630649,99.709396,1,0,0,0,1,1,0,0,1,0
Fc1c(C)ccc(C(=O)N2C[C@H](C(=O)NCC[NH+](C(C)C)C(C)C)C3(C2)CC[NH2+]CC3)c1,,C39634771,99.81456,1,0,0,0,1,1,0,0,0,0
O=C(NCC[NH+](C(C)C)C(C)C)[C@@H]1C2(CN(C(=O)c3cc(C)c(C)cc3)C1)CC[NH2+]CC2,,C39634823,99.815323,1,0,0,0,1,1,0,0,0,0
O=C(NCC[NH+](C(C)C)C(C)C)[C@H]1C2(CN(C(=O)[C@H]3CCC=CC3)C1)CC[NH2+]CC2,,C39634861,99.815628,1,0,0,0,1,1,0,0,1,0
O=C(NC[C@H]([NH+](C)C)c1ccccc1)[C@H]1C2(CN(C(=O)c3cc(C)c(C)cc3)C1)CC[NH2+]CC2,,C39675819,98.393135,1,0,0,0,1,1,0,0,1,0
O=C(NC[C@@H]([NH+](C)C)c1ccccc1)[C@H]1C2(CN(C(=O)c3c(C)ccs3)C1)CC[NH2+]CC2,,C39675925,98.393387,1,0,0,0,1,1,0,0,0,0
O=C([C@H](C)CCC)N1C[C@H](C(=O)NCC2CC[NH+](C3CCCC3)CC2)C2(C1)CC[NH2+]CC2,,C39689086,99.831177,1,0,0,0,1,1,0,0,1,0
FC(F)(F)c1c(C(=O)N2C[C@@H](C(=O)NC[C@H]3C[NH+](C)CC3)C3(C2)CC[NH2+]CC3)cccc1,,C39689587,99.673172,1,0,0,0,1,1,0,0,0,0
FC(F)(F)c1c(F)ccc(C(=O)N2C[C@@H](C(=O)NC[C@H]3C[NH+](C)CC3)C3(C2)CC[NH2+]CC3)c1,,C39689623,99.674095,1,0,0,0,1,1,0,0,0,0
O=C(CCCCCC)N1C[C@H](C(=O)NC[C@@H]2C[NH+](C)CC2)C2(C1)CC[NH2+]CC2,,C39689732,99.675644,1,0,0,0,1,1,0,0,1,0
Fc1c(C(=O)N2C[C@@H](C(=O)NC[C@H]3[NH+](CC)CCC3)C3(C2)CC[NH2+]CC3)c(F)ccc1C,,C39695545,99.709381,1,0,0,0,1,1,0,0,0,0
O=C([C@H](CC)c1ccccc1)N1C[C@@H](C(=O)NC[C@H]2[NH+](CC)CCC2)C2(C1)CC[NH2+]CC2,,C39695571,99.712906,1,0,0,0,1,1,0,0,0,0
O=C(NC[C@H]1[NH+](CC)CCC1)[C@H]1C2(CN(C(=O)c3c(C)ccs3)C1)CC[NH2+]CC2,,C39695661,99.713318,1,0,0,0,1,1,0,0,1,0
S(=O)(=O)(N1CC[NH+]([C@@H](C)C(=O)C=2C[NH+]=C3C=CC=CC=23)CCC1)c1ccc(F)cc1,,C39736260,53.44236,1,0,0,0,0,0,0,0,0,0
OCc1oc(C[NH2+]C[C@@H]2[NH+]3C[C@H](c4nc(C)nc(-c5ccccc5)c4)[C@H](C2)CC3)cc1,,C39960782,80.683693,1,0,0,0,1,0,0,0,0,0
S(C)c1cc(NC(=O)NC[C@@H]2[NH+]3C[C@H](CN4CC[NH+](C)CC4)[C@@H](C2)CC3)ccc1,,C43527231,56.75914,1,0,0,0,1,0,0,0,1,0
S=C(NC[C@@H]1[NH+]2C[C@H](CN3CC[NH+](C)CC3)[C@@H](C1)CC2)Nc1ccccc1,,C43527240,56.730747,1,0,0,0,1,0,0,0,1,0
Clc1cc(C[NH+]2CC[C@H]3[NH+](C)[C@@H](CCC(=O)NCc4ccc(F)cc4)CNC(=O)[C@@H]23)ccc1,,C22922841,90.504662,1,0,0,0,1,0,0,0,1,0
O=C(NCc1ccccc1)CC[C@@H]1[NH+](C)[C@@H]2CC[NH+](Cc3sccc3)[C@@H]2C(=O)NC1,,C22922964,91.166084,1,0,0,0,1,0,0,0,1,0
Fc1ccc(-c2oc(CCC(=O)NC[C@H]([NH+](C)C)c3cscc3)[nH+]c2)cc1,,C23133370,99.010201,1,0,0,0,0,0,0,0,0,0
O=C(N)c1ccc2[C@@H](CC[NH+]3CCC(C=4C[NH+]=C5C(C#N)=CC=CC=45)=CC3)OCCc2c1,,C52595189,83.961327,1,0,0,0,1,0,0,0,1,0
Brc1c(Br)cc([C@H](C[NH3+])N2CC[NH+]([C@H](C)CC)CC2)o1,,C55064369,94.437553,1,0,0,0,1,1,0,0,1,0
OC1CCN(c2c(CNCCC[NH+]3C[C@H]4C[C@@H]3C=C4)cc3ccc(C)cc3[nH+]2)CC1,,C20783304,55.673119,1,0,0,0,1,1,1,1,1,0
FC(F)(F)C[NH+]1C[C@H](CNC(=O)C[NH+]2CCC(C(=O)NC3CC3)CC2)CC1,,C55911506,61.768887,1,0,0,0,1,0,0,0,1,0
Clc1ccc(SCCNC(=O)NCc2cc(N3CC[NH+](C)CC3)[nH+]cc2)cc1,,C48132262,87.783127,1,0,0,0,1,0,0,0,1,0
S(CC(=O)N[C@@H]1C(C(OCC)=O)=C2CCC[C@H]2S1)C1[NH+]=C2C=CC=CC2=[NH+]1,,C63254454,99.426437,1,0,0,0,0,0,0,0,0,0
S(C[C@@H]1ONC(C)=[NH+]1)c1c(C(=O)N2CCC(C=3C[NH+]=C4C=CC=CC=34)=CC2)cccc1,,C63403840,58.364662,1,0,0,0,1,0,0,0,0,0
S(C/C(=N/NC(=O)c1ccncc1)/c1ccccc1)C1[NH+]=C2C=CC=CC2=[NH+]1,,C63637507,99.204399,1,0,0,0,0,0,0,0,0,0
O=S1(=O)C[C@H](N2[C@H](C)C(C[NH2+]C[C@@H](c3sccc3)C=3C[NH+]=C4C=CC=CC=34)=C(C)N2)CC1,,C63820459,87.252449,1,0,0,0,1,0,0,0,1,0
O=C(NC[C@@H]1C[NH+](Cc2cccc3OCOc23)CCC1)[C@@H]1[NH+]=C2C=CC=CC2=C1,,C64044979,97.663078,1,0,0,0,0,0,0,0,1,0
O=C(CCC1CCN(C(=O)[C@H]2C(C)=C3C=C(C)C=CC3=[NH+]2)CC1)N1CC[NH+](CC)CC1,,C64066685,95.713547,1,0,0,0,0,0,0,0,0,0
O=C(Nc1ccc(C[NH+]2[C@@H](c3cn(C(C)C)nc3)[C@@H]3[NH+]=C4C=CC=CC4=C3CC2)cc1)C,,C64120643,90.523254,1,0,0,0,1,0,0,0,0,0
O=C(Nc1c(C)cccc1C)CNC(=O)[C@H](C)[NH+]1CCC(C=2C[NH+]=C3C=CC=CC=23)=CC1,,C64212782,39.761101,1,1,0,0,1,0,0,0,0,0
FC(F)(F)C[NH+]1C[C@@H](CNC(=O)C[NH+]2C[C@H](C(=O)NC3CC3)CCC2)CC1,,C65244537,64.295143,1,0,0,0,1,0,0,0,0,0
Fc1c(N2CC[NH+](C)CC2)ccc([C@H]([NH2+][C@@H](C)C(=O)Nc2ccccc2)C)c1,,C66390693,70.110222,1,0,0,0,1,0,0,0,0,0
[NH2+](C[C@@H](C(C)C)N1CC[NH+](C)CC1)Cc1c(-c2oc3ccccc3c2)nn(C)c1,,C67187069,88.371651,1,0,0,0,1,1,0,0,1,0
O(C)c1c(OC)cc(C[NH2+][C@H](C)c2ccc(N3CC[NH+](C)CC3)cc2)c(OC)c1,,C67250827,98.237007,1,0,0,0,1,0,0,0,0,0
O=C(NC1CC[NH+](CC)CC1)[C@H]1C[C@@H](C(=O)NC2CC[NH+](CC)CC2)CCC1,,C67571882,99.843124,1,0,0,0,1,0,0,0,0,0
FC(F)(F)c1ccc(N2C(=O)[C@@H]([NH+]3CCN(c4[nH+]cccc4)CC3)CC2=O)cc1,,C04476099,82.411629,1,0,0,0,0,0,0,0,0,0
O[C@H](CN1C(=[NH2+])N(CC[NH+](CC)CC)c2ccccc12)c1occc1,,C04793543,99.393463,1,0,0,0,1,1,0,0,1,0
O=C(NC[C@H]1OCCC1)[C@H](C)[NH+]1CCC([NH+]2CCCCC2)CC1,,C04969039,69.723541,1,0,0,0,1,0,0,0,1,0
O=C(CC)N1[C@@H](C(=O)NCCC[NH+]2CCCCC2)CSC21CC[NH+](C)CC2,,C06943604,99.648361,1,0,0,0,1,1,0,0,1,0
S(=O)(=O)(C)c1n(CC(C)C)c(C[NH+]2CCC([NH+]3CCSCC3)CC2)cn1,,C11663996,88.549133,1,0,0,0,1,0,0,0,1,0
O=C(NC(C)C)C1CC[NH+](C2CCN(C(=O)[C@@H]3[NH+](C)CCCC3)CC2)CC1,,C11839087,91.848763,1,0,0,0,1,1,0,0,0,0
O(C)c1c(OC)cc([C@@H](C[NH2+]C)N2CC[NH+](C)CC2)cc1OC,,C19862177,46.079781,1,0,0,0,1,0,0,0,0,0
O(C)c1c(OC)cc([C@H](C[NH2+]C)N2CC[NH+](C)CC2)cc1OC,,C19862178,46.079781,1,0,0,0,1,0,0,0,0,0
O(C)c1c(OC)ccc([C@H](N2CC[NH2+]CC2)c2n(C)cc[nH+]2)c1,,C19931662,63.019703,1,0,0,0,0,0,0,0,0,0
O=C(CC)N1[C@@H](C(=O)NCCC[NH+](CC)CC)CSC21CC[NH+](C)CC2,,C06943450,99.66256,1,0,0,0,1,1,0,0,1,0
Fc1c(C[NH+]2CCC(n3nnc(C[NH+]4C[C@@H](O)CC4)c3)CC2)cc(F)cc1,,C20917082,86.576637,1,0,0,0,1,0,0,0,1,0
Brc1c(OC)c(OC)cc([C@@H](C[NH3+])[NH+]2CCCC2)c1,,C32089087,54.42765,1,0,0,0,1,0,0,0,0,0
O[C@@]1([N+](c2ccccc2)=C(CC(=[NH+]c2ccccc2)C)SC1)c1ccccc1,,C06292592,99.583191,1,0,0,0,1,0,0,0,1,0
Brc1cc([C@H](C[NH3+])N2CC[NH+](C(C)C)CC2)sc1,,C36170855,97.196426,1,0,0,0,1,1,0,0,1,0
S(=O)(=O)(C)N1CCC([NH2+][C@@H](C)C2CC[NH+](CC)CC2)CC1,,C36828190,99.870949,1,0,0,0,1,1,0,0,0,0
Brc1c([C@H](C[NH3+])[NH+]2CCCC2)cc(OC)c(OC)c1,,C37754876,50.531132,1,0,0,0,1,0,0,0,0,0
O=C([C@H](C)CCCC)N1C[C@H](C(=O)NCC[NH+](C)C)C2(C1)CC[NH2+]CC2,,C39626424,98.910965,1,0,0,0,1,1,0,0,1,0
O=C([C@H](C)CCCC)N1C[C@@H](C(=O)NCC[NH+](C)C)C2(C1)CC[NH2+]CC2,,C39626429,98.910965,1,0,0,0,1,1,0,0,0,0
O=C([C@@H](C)CC)N1C[C@@H](C(=O)NCCC[NH+](C)C)C2(C1)CC[NH2+]CC2,,C39627364,99.688675,1,0,0,0,1,1,0,0,1,0
O=C1C(C2[NH+]=C3C=CC=CC3=[NH+]2)=C(N)N(CCc2ccccc2)C1,,C39927489,98.935249,1,0,0,0,0,0,0,0,0,0
O=S1(=O)CCC([NH2+]C[C@@H](C(C)C)N2CC[NH+](C)CC2)CC1,,C40770246,86.291252,1,0,0,0,1,1,0,0,1,0
S(=O)(=O)(NC[C@@H]1[NH+]2C[C@H](C[NH+]3CCC(C)CC3)[C@@H](C1)CC2)C,,C43527096,96.603004,1,0,0,0,1,0,0,0,1,0
O=C(Nc1c(C)cc(N2CC[NH+](CC)CC2)cc1)[C@H](C)n1c[nH+]cc1,,C46762901,83.871056,1,0,0,0,1,0,0,0,1,0
O=C(NCc1cc(N2CC[NH+](C)CC2)[nH+]cc1)/C=C/c1oc(C)cc1,,C48329605,87.789032,1,0,0,0,1,0,0,0,0,0
Brc1ccc([C@H](C[NH3+])N2CC[NH+](C3CC3)CC2)cc1,,C48991738,96.462814,1,0,0,0,1,1,0,0,1,0
Clc1cc(C[NH2+]CC[NH+](C)C)c(OS(=O)(=O)CC)cc1,,C35828839,63.707588,1,0,0,0,0,0,0,0,1,0
S(=O)(=O)(N1CC[NH+](C[C@H](C)C[NH3+])CCC1)C1CCOCC1,,C50198925,96.866058,1,0,0,0,0,0,0,0,0,0
S(=O)(=O)(C[C@@H]1[NH2+]CCCC1)N1CC[NH+](C2CCCC2)CC1,,C52064005,83.859657,1,0,0,0,1,1,0,0,1,0
Brc1cc(C[NH+](C)[C@@H](C[NH3+])C2CCOCC2)sc1,,C52177726,57.612835,1,0,0,0,1,0,0,0,1,0
O=S1(=O)C[C@H]([NH2+]CCN2CC[NH+](C3CCCC3)CC2)CC1,,C53388882,45.620689,1,0,0,0,1,0,0,0,1,0
[NH3+]C[C@H](N1CC[NH+](CC)CC1)c1c(C)n(-c2ccccc2)nc1C,,C53994327,95.766487,1,0,0,0,1,0,0,0,1,0
O(C)c1ccc(-c2[n+](CC=C)c(Nc3cc[nH+]cc3)sc2)cc1,,C59186644,54.675682,1,0,0,0,0,0,0,0,1,0
O=C(N[C@@H](C)C[NH+]1C[C@@H](C)C[C@H](C)C1)CCCn1c(C)[nH+]cc1,,C60358895,51.962803,1,0,0,0,0,0,0,0,1,0
Brc1c(N2CC[NH+](CCC)CC2)ccc([C@H]([NH3+])C)c1,,C61694458,99.075058,1,0,0,0,1,0,0,0,1,0
Brc1c(N2CC[NH+]([C@H](C)CC)CC2)ccc([C@@H]([NH3+])C)c1,,C61698223,99.420029,1,0,0,0,1,0,0,0,1,0
Brc1c(OCC[C@H]2[NH+](C)CCC2)ccc([C@@H]([NH3+])C)c1,,C61699639,99.350647,1,0,0,0,1,0,0,0,1,0
Brc1c(OCC[C@@H]2[NH+](C)CCC2)ccc([C@H]([NH3+])C)c1,,C61699642,99.350647,1,0,0,0,1,1,0,0,1,0
O(C)c1cc(C[NH2+]C[C@@H](C)Cn2c[nH+]cc2)cc2OCCOc12,,C62254734,79.406586,1,0,0,0,0,0,0,0,1,0
Brc1cc(C[NH+](C)CC[C@@H](OCC)C[NH3+])sc1,,C62741101,95.143013,1,0,0,0,1,1,0,0,1,0
S(C[C@@H]1C(=O)[NH+]=C2C=CC=CC2=[NH+]1)C(=S)N1CCN(C)CC1,,C63393601,93.573265,1,0,0,0,1,0,0,0,0,0
O=C(NCCCN1CC[NH+](C)CC1)C=1C=CC2=[NH+][C@H](C)C(C)=C2C=1,,C63647286,33.758286,1,0,0,0,1,0,0,0,1,0
O=C(N)C[NH+]1C[C@H](C(=O)N(C)C[C@@H]2C(C)=C3C=CC=CC3=[NH+]2)CCC1,,C63855416,57.650928,1,0,0,0,0,0,0,0,0,0
O=C(NCCn1c[nH+]cc1)NC[C@H]([NH+]1CCCC1)c1sccc1,,C48302882,80.167786,1,0,0,0,1,0,0,0,0,0
O=C(NCC1CC1)C1CCN([C@H]2C(=O)[NH+]=C3C=CC=CC3=[NH+]2)CC1,,C64410443,95.859093,1,0,0,0,1,0,0,0,0,0
[NH2+](Cc1nc(C)c2CCCCc2n1)[C@@H](C)CN1CC[NH+](C)CC1,,C65422681,56.555698,1,0,0,0,1,1,0,0,1,0
O[C@@]1(Cn2cc(CCNC(=O)C)[nH+]c2)CCC[NH+]2CCCC[C@H]12,,C65430466,73.500259,1,0,0,0,1,0,0,0,1,0
O=C(NC1CC1)CN(C)C(=O)C[NH+]1[C@H](C[NH+]2CCCC2)CCC1,,C66536638,90.635155,1,0,0,0,1,0,0,0,1,0
O[C@H](C[NH+]1CCC(NC(=O)CC2CCCC2)CC1)CN1CC[NH+](C)CC1,,C66951259,86.330391,1,0,0,0,1,1,0,0,1,0
[NH2+](CCN1CC[NH+](CC)CC1)Cc1c(-c2ccncc2)nn(C)c1,,C67187698,92.357948,1,0,0,0,1,1,0,0,1,0
O(C)CCn1c([C@H]([NH2+]C2CCC3(CC2)CC[NH2+]CC3)C)nnc1,,C67457970,95.474823,1,0,0,0,1,0,0,0,0,0
FC(F)(F)c1c[nH+]c(N2CC[NH+](C[C@H](O)c3ccccc3)CC2)cc1,,C04324388,82.316902,1,0,0,0,0,0,0,0,0,0
Clc1c(N2CC[NH+](C[C@H](O)C(F)(F)F)CC2)c(Cl)c[nH+]c1,,C04389286,63.989834,1,0,0,0,0,0,0,0,0,0
Clc1cc(Cl)cc(S(=O)(=O)NC(=[NH2+])C[NH+]2CCCCC2)c1,,C04300288,75.846298,1,0,0,0,1,0,0,0,1,0
Fc1c(C[NH+]2C[C@@]3(CN(C(=O)c4cc(NC)[nH+]cc4)CC3)CCC2)cc(OC)cc1,,C12585508,90.944733,1,0,0,0,1,0,0,0,1,0
[NH+](CC)(CC)Cc1nc(N2CC[NH+](C)CC2)c2c(C)c(C)sc2n1,,C14085842,75.111092,1,0,0,0,1,1,0,0,1,0
Clc1c(N2CC[NH+](C(C)(C)C(=O)N)CC2)[nH+]cc(C(F)(F)F)c1,,C05186955,55.40239,1,0,0,0,1,0,0,0,1,0
O(C)CC[NH+]1C[C@@]2(C[NH+](CC=3Nc4ccccc4C(=O)C=3)CC2)CCC1,,C20541102,89.23777,1,0,0,0,1,1,0,0,1,0
Brc1c(F)ccc([C@@H](C[NH3+])N2CC[NH+](CCC)CC2)c1,,C22166434,96.618576,1,0,0,0,1,1,0,0,1,0
C(=C/c1ccc(C2=[NH+]CCN2)cc1)\c1nc2n(c1)C=C(C1=[NH+]CCN1)C=C2,,C27436590,63.9589,1,0,0,0,0,0,1,0,0,0
Fc1cc(-n2c(N3CC[NH+](CC)CC3)c(C[NH2+]CC)c(C)n2)ccc1,,C35938860,98.145653,1,0,0,0,1,1,0,0,1,0
Brc1cc([C@@H](C[NH3+])[NH+]2CCC(N(C)C)CC2)c(OC)cc1,,C36191609,35.559429,1,0,0,0,1,1,0,0,0,0
Brc1c(OC[C@@H](O)C[NH2+]C[C@@H]2C[NH+](C)CC2)ccc(C)c1,,C37894263,94.183929,1,0,0,0,1,0,0,0,1,0
O=C(NCC[C@H]1C(=O)[NH+]=C2C(C)=C(C)C=CC2=C1)C(=O)C=1[C@@H](C)[NH+]=C2C=CC=CC=12,,C39364094,90.027252,1,0,0,0,1,0,0,0,0,0
Fc1ccc(C(=O)COC(=O)CC[C@@H]2C(=O)[NH+]=C3C=CC=CC3=[NH+]2)cc1,,C39741333,99.905518,1,0,0,0,0,0,0,0,0,0
O=C([C@H]([NH2+]CC[C@H]1OC=CC1)c1ccccc1)C=1C[NH+]=C2C=CC=CC=12,,C39752117,57.885693,1,0,0,0,0,0,0,0,0,0
Brc1ccc([C@H]([C@@H]([NH3+])C)[NH+]2[C@@H](C(=O)N(C)C)CCC2)cc1,,C42953562,87.579201,1,0,0,0,0,0,0,0,0,0
Brc1ccc([C@H]([C@H]([NH3+])C)[NH+]2[C@@H](C(=O)N(C)C)CCC2)cc1,,C42953565,87.579201,1,0,0,0,0,0,0,0,0,0
Brc1cc([C@H]([C@@H]([NH3+])CC)N2CC[NH+](C3CC3)CC2)ccc1,,C43021354,97.77285,1,0,0,0,1,1,0,0,1,0
Brc1cc([C@@H]([C@@H]([NH3+])CC)N2CC[NH+](C3CC3)CC2)ccc1,,C43021357,97.77285,1,0,0,0,1,1,0,0,1,0
Brc1c([C@H]([C@H]([NH3+])CC)[NH+]2CCC(OCC)CC2)cccc1,,C43092440,67.788185,1,0,0,0,1,0,0,0,0,0
Brc1c([C@@H]([C@H]([NH3+])CC)[NH+]2CCC(OCC)CC2)cccc1,,C43092446,67.788185,1,0,0,0,0,0,0,0,0,0
Brc1sc([C@@H]([C@H]([NH3+])C)N2CC[NH+](C3CC3)CC2)cc1,,C43261914,98.161606,1,0,0,0,1,1,0,0,1,0
Brc1sc([C@H]([C@@H]([NH3+])C)N2CC[NH+](CC3CC3)CC2)cc1,,C43261930,97.912209,1,0,0,0,1,1,0,0,1,0
Brc1cc([C@H]([NH+](C)CC(=O)N(C)C)[C@@H]([NH3+])CC)sc1,,C43285459,97.634697,1,0,0,0,0,0,0,0,0,0
Brc1cc([C@@H]([NH+](C)CC(=O)N2CCCC2)[C@H]([NH3+])CC)sc1,,C43286795,97.664848,1,0,0,0,0,0,0,0,0,0
Brc1scc(C[NH+](C)[C@H]([C@@H]([NH3+])CC)c2cnccc2)c1,,C43347888,56.097145,1,0,0,0,1,0,0,0,1,0
O=C1N(CCCn2c[nH+]cc2)[C@@H]2CC[NH+](Cc3oc(C)cc3)C[C@@H]2CC1,,C43630957,74.043533,1,0,0,0,0,0,0,0,1,0
O=C(NCCCn1c[nH+]cc1)[C@H]1[NH2+][C@@H](c2ccc(C)cc2)CSC1,,C44170389,41.524525,1,0,0,0,1,0,0,0,0,0
Clc1ccc2OCC(C(=O)NCc3cc(N4CC[NH+](C)CC4)[nH+]cc3)=Cc2c1,,C48330087,87.799377,1,0,0,0,0,0,0,0,0,0
Brc1c(F)ccc([C@H](C[NH3+])N2CC[NH+](C(C)(C)C)CC2)c1,,C48927037,97.316139,1,0,0,0,1,1,0,0,1,0
Brc1cc([C@@H](C[NH3+])N2CC[NH+](C3CC3)CC2)c(OC)cc1,,C48991910,96.773727,1,0,0,0,1,1,0,0,1,0
Brc1c(F)ccc([C@H](C[NH3+])N2CC[NH+](CC3CC3)CC2)c1,,C48991986,96.444595,1,0,0,0,1,1,0,0,1,0
O(C[C@@H]([NH3+])CC=1C[NH+]=C2C=CC=CC=12)c1cc(C#Cc2ccncc2)cnc1,,C52627727,79.296196,1,0,0,0,0,0,0,0,0,0
Brc1c([C@@H]([NH2+]C)CCN2CC[NH+](CCC)CC2)cccc1,,C54015361,69.295715,1,0,0,0,1,1,0,0,1,0
Brc1cc([C@@H](C[NH3+])N2CC[NH+]([C@H](C)CC)CC2)sc1,,C55064049,97.195999,1,0,0,0,1,1,0,0,1,0
Brc1cc(F)c([C@@H](C[NH3+])N2CC[NH+]([C@@H](C)CC)CC2)cc1,,C55064294,96.832954,1,0,0,0,1,1,0,0,1,0
Brc1cc([C@@H](C[NH3+])N2CC[NH+]([C@@H](C)CC)CC2)c(F)cc1,,C55064503,96.73111,1,0,0,0,1,1,0,0,1,0
Brc1c(F)ccc([C@H](C[NH3+])N2CC[NH+](CC(C)C)CC2)c1,,C55078192,96.624107,1,0,0,0,1,0,0,0,1,0
Brc1ccc(OC[C@@H](O)C[NH2+]CC[NH+]2CCCCC2)cc1,,C48334150,56.980865,1,0,0,0,1,0,0,0,0,0
Brc1cc([C@H](C[NH3+])N2CCC(C[NH+](C)C)CC2)sc1,,C42392299,49.080563,1,0,0,0,1,1,1,0,1,0
Brc1sc([C@@H]([C@@H]([NH3+])CC)N2CC[NH+](C)CCC2)cc1,,C43259311,91.391624,1,0,0,0,1,1,0,0,1,0
Brc1cc([C@H]([C@H]([NH3+])C)N2CC[NH+](CCC)CC2)sc1,,C44418607,98.133324,1,0,0,0,1,1,0,0,1,0
Brc1cc([C@H]([C@@H]([NH3+])CC)N2[C@@H](C[NH+](C)C)CCC2)sc1,,C61642073,71.674408,1,0,0,0,1,1,0,0,1,0
Brc1c(OC)ccc([C@@H](C[NH3+])N2CCn3cc[nH+]c3C2)c1,,C62248828,60.005669,1,0,0,0,0,0,0,0,0,0
Brc1sc([C@@H]([C@H]([NH3+])CC)N2C[C@@H]([NH+](C)C)CC2)cc1,,C62964040,92.570961,1,0,0,0,1,1,0,0,1,0
Brc1ccc([C@H]([C@H]([NH3+])C)N2C[C@@H]([NH+]3CCCC3)CC2)cc1,,C62977526,88.839729,1,0,0,0,1,1,0,0,0,0
Brc1sc([C@@H](C[NH3+])N2C[C@@H]([NH+]3CCCCC3)CC2)cc1,,C62977709,91.282051,1,0,0,0,1,1,0,0,1,0
Brc1cc([C@H](N(C)CC[NH+]2CCCC2)[C@H]([NH3+])CC)sc1,,C63050812,89.392708,1,0,0,0,1,1,0,0,1,0
Fc1c(C[NH2+][C@H]2CN([C@H](C(=O)NCC)C2)C2CC[NH+](CCC)CC2)ccc(F)c1,,C23358601,87.823807,1,0,0,0,1,1,0,0,0,0
Fc1c(F)ccc(C(=O)N[C@@H](C)C(=O)NC2[NH+]=C3C=CC=CC3=[NH+]2)c1,,C65305779,99.883781,1,0,0,0,0,0,0,0,0,0
O=C1N(CCC[NH+](C)C)C(=[NH2+])c2c(sc3COC(C)(C)Cc23)N1,,C02890141,55.177532,1,0,0,0,1,1,0,0,1,0
O[C@H](CN1C(=[NH2+])N(CC[NH+]2CCOCC2)c2ccccc12)c1sccc1,,C04663509,52.08638,1,0,0,0,1,0,0,0,1,0
Brc1ccc2OCC(C[NH+](C)C)(C[NH+](C)C)C(=O)c2c1,,C05535334,90.373611,1,0,0,0,1,1,0,0,1,0
O[C@H](CN1C(=[NH2+])N(CC[NH+]2CCCC2)c2ccccc12)c1occc1,,C00241422,98.616768,1,0,0,0,1,0,0,0,1,0
O=C(N1CC[NH+](C)CC1)c1nn(CC=C)c2CC[C@@H]([NH+]3CCC(C)CC3)Cc12,,C19113511,94.795212,1,0,0,0,1,1,0,0,0,0
Brc1cc([C@H]([NH+](C)CC(C)C)C[NH3+])cc2OCOc12,,C37108234,53.170959,1,0,0,0,1,0,0,0,0,0
Brc1cc(C[NH2+]CCCn2c[nH+]cc2)cc2OCOc12,,C37300905,79.37841,1,0,0,0,0,0,0,0,0,0
C(C[C@H]1O[C@@H](C[NH+]2CCCC2)CO1)[C@H]1O[C@@H](C[NH+]2CCCC2)CO1,,C37623971,98.58242,1,0,0,0,0,1,0,0,1,0
Brc1c(C[NH2+]C[C@H](O)C[NH+]2CCCC2)cc(F)cc1,,C37998654,79.310432,1,0,0,0,1,1,0,0,1,0
S(=O)(=O)(NC[C@@H]1[NH+]2C[C@H](CN3CC[NH+](C)CC3)[C@H](C1)CC2)C,,C22926957,55.228634,1,0,0,0,1,1,0,0,1,0
O=C(C)N1C[C@H](C(=O)NCC(C)(C)C[NH+](C)C)C2(C1)CC[NH2+]CC2,,C39630548,99.709457,1,0,0,0,1,1,0,0,1,0
O=C([C@H](C)CC)N1C[C@H](C(=O)N[C@@H]2C[NH+]3CCC2CC3)C2(C1)CC[NH2+]CC2,,C39663041,99.344269,1,0,0,0,1,1,0,0,0,0
O=C([C@@H](C)CC)N1C[C@H](C(=O)N[C@@H]2C[NH+]3CCC2CC3)C2(C1)CC[NH2+]CC2,,C39663043,99.344269,1,0,0,0,1,1,0,0,0,0
O=C(C(C)C)N1C[C@@H](C(=O)NC[C@H]2[NH+](CC)CCC2)C2(C1)CC[NH2+]CC2,,C39695435,99.713821,1,0,0,0,1,1,0,0,1,0
O=C(NC[C@H]1[NH+](CC)CCC1)[C@H]1C2(CN(C(=O)C3CCC3)C1)CC[NH2+]CC2,,C39695513,99.713631,1,0,0,0,1,1,0,0,1,0
O=C(C)N1CCC([NH2+]C[C@@H]2[NH+]3C[C@H](c4nc(C)nc(C5CCCC5)c4)[C@H](C2)CC3)CC1,,C39960776,83.491966,1,0,0,0,1,0,0,0,1,0
O=C(Nc1ccc(C(=O)C)cc1)C[NH2+]C[C@@H]([NH+](C)C)c1ccccc1,,C22030010,99.160172,1,0,0,0,1,0,0,0,0,0
Brc1c([C@@H](C[NH3+])N2CCC(C[NH+](C)C)CC2)cccc1,,C42392135,50.511837,1,0,0,0,1,0,1,0,1,0
Brc1ccc([C@@H]([C@@H]([NH3+])C)[NH+]2CCC(N(C)C)CC2)cc1,,C42953662,64.897667,1,0,0,0,1,1,0,0,1,0
Brc1ccc([C@@H]([C@H]([NH3+])C)N2CC[NH+](C3CC3)CC2)cc1,,C42954577,97.55172,1,0,0,0,1,1,0,0,1,0
Brc1cc([C@H]([C@@H]([NH3+])C)N2CC[NH+](C(C)C)CC2)ccc1,,C43020806,98.193779,1,0,0,0,1,1,0,0,1,0
Brc1sc([C@@H]([C@H]([NH3+])C)N2CC[NH+](CC)CC2)cc1,,C43258888,98.070801,1,0,0,0,1,1,0,0,1,0
Brc1cc([C@@H]([C@@H]([NH3+])C)N2CC[NH+](CC)CC2)sc1,,C43284604,98.140526,1,0,0,0,1,1,0,0,1,0
O[C@@H](C[NH+]1[C@@H](c2c(OC)cc(OC)cc2)CCC1)C[NH+]1CCCC1,,C44907679,96.829041,1,0,0,0,1,1,0,0,1,0
O=C(NC[C@@H]([NH+]1CCCC1)c1occc1)N[C@H]1CC[NH+]2CCCC[C@H]12,,C44966500,93.850807,1,0,0,0,1,1,0,0,1,0
O=C(N(CC)CC(C)=C)[C@@H](C)[NH+]1CCN(CC[NH+]2CCCC2)CC1,,C46063328,50.939526,1,0,0,0,1,0,0,0,1,0
Brc1cc(C[NH2+]CCN2CC[NH+](CC)CC2)sc1,,C47889565,95.820694,1,0,0,0,1,1,0,0,1,0
O=C(C[NH+]1CCC(C[NH+]2CCCCCC2)CC1)N1CCC(C(=O)N)CC1,,C48563466,76.717743,1,0,0,0,1,0,0,0,0,0
Brc1cc(C[NH2+]CC)c(OCCn2c(C)[nH+]cc2)cc1,,C49329412,55.093662,1,0,0,0,0,0,0,0,1,0
[NH2+](C[C@@H]([NH+](C)C)c1occc1)Cc1c(C)n(-c2ccccc2)nc1C,,C22787445,51.818943,1,0,0,0,0,0,0,0,1,0
Brc1c(Br)cc([C@@H](C[NH3+])N2CC[NH+](C(C)C)CC2)o1,,C50361913,94.439056,1,0,0,0,1,1,0,0,1,0
Brc1scc(C[NH+](C)C[C@H]2O[C@@H](C[NH2+]C)CC2)c1,,C52547660,97.874687,1,0,0,0,1,1,0,0,1,0
Brc1c(O)c(OC)cc(C[NH2+]CC[NH+]2CCCC2)c1,,C20126734,40.948734,1,0,0,0,1,0,0,0,1,0
Brc1cc([C@H]([C@@H]([NH3+])CC)N2CC[NH+](C)CCC2)sc1,,C43284990,91.939445,1,0,0,0,1,1,0,0,1,0
S(C)C[C@@H](C)[NH+]1CCC(CCC(=O)N2CC[NH+](CC)CC2)CC1,,C12458920,97.825493,1,0,0,0,1,1,0,0,1,0
Brc1c(N(CC[NH+](C)C)CC(C)C)ccc([C@@H]([NH3+])C)c1,,C61697908,99.284523,1,1,0,0,1,1,0,0,1,0
S([C@H](CC)C(=O)Nc1sc(C)nn1)C1[NH+]=C2C=CC=CC2=[NH+]1,,C63165560,99.351074,1,0,0,0,0,0,0,0,0,0
S(=O)(=O)(NCCc1ccc(F)cc1)C=1C=CC2=[NH+]C(=O)[NH+]=C2C=1,,C63427072,96.53582,1,0,0,0,0,0,0,0,0,0
S(CC(=O)[C@H]1[C@H](C)N(C)c2ccccc12)[C@H]1[NH+]=C2N=CC=CC2=[NH+]1,,C63558228,99.917435,1,0,0,0,0,0,0,0,0,0
S(CC(=O)Nc1ccc(NC(=O)C)cc1)C1[NH+]=C2C=CC=CC2=[NH+]1,,C63562635,99.435623,1,0,0,0,1,0,0,0,0,0
O=C(Nc1ccc(C[NH+](C)C)cc1)C(=O)C=1[C@H](C)[NH+]=C2C=CC=CC=12,,C63914249,90.208992,1,0,0,0,1,0,0,0,0,0
S(=O)(=O)(N[C@H](C)c1c(F)cccc1)C=1C=CC2=[NH+]C(=O)[NH+]=C2C=1,,C63996530,95.96637,1,0,0,0,0,0,0,0,0,0
Clc1c(CNS(=O)(=O)C=2C=CC3=[NH+]C(=O)[NH+]=C3C=2)cccc1,,C64470732,94.998512,1,0,0,0,0,0,0,0,0,0
O=C(NC[C@H]1[NH+]=C2C=CC(OC)=CC2=C1)[C@@H](C)n1c(C(C)C)[nH+]cc1,,C65403645,52.698769,1,0,0,0,0,0,0,0,0,0
O=C(NCC1(Cn2c(C)[nH+]cc2)CC1)[C@H]1C(C)=C2C=C(C)C=CC2=[NH+]1,,C65408955,51.31205,1,0,0,0,0,0,0,0,0,0
FC=1C=CC2=C[C@H](CNC(=O)C=3[C@@H](c4ccccc4)[NH+]=NC=3)C(=O)[NH+]=C2C=1,,C65526439,99.997841,1,0,0,0,1,0,0,0,0,0
O=C1N(C[NH+](CC)Cc2ccc(C[NH+](C)C)cc2)N=C2N1C=CC=C2,,C66795636,97.116814,1,0,0,0,0,0,0,0,1,0
O=C([C@@H](C)[NH+]1CCC(CC[NH+](C)C)CC1)N1C[C@@H](C(=O)N)CCC1,,C67119455,95.227699,1,0,0,0,1,1,0,0,1,0
O=C1N(C)C(=O)C(C[NH2+]C[C@H](C(CC)CC)[NH+]2CCCC2)=CN1C,,C67187131,65.347221,1,0,0,0,0,0,0,0,1,0
S(=O)(=O)(C)N1C[C@@H](C[NH2+]C2CCC3(CC2)CC[NH2+]CC3)OCC1,,C67654211,99.414215,1,0,0,0,1,0,0,0,1,0
FC(F)(F)c1ccc(C(=O)NC[C@@H]2[NH+]3C[C@H](C[NH+]4CCOCC4)[C@H](C2)CC3)cc1,,C08635544,90.26001,1,0,0,0,1,0,0,0,0,0
[NH2+]=C1N(CC[NH+]2CCOCC2)c2ccccc2N1CCc1ccccc1,,C09426376,51.76775,1,0,0,0,0,0,0,0,1,0
Brc1c(C[NH2+]C2CC[NH+](C3CC3)CC2)cc2OCOc2c1,,C10352380,97.040649,1,0,0,0,0,0,0,0,1,0
O=C(NC[C@H]1[NH+](CC)CCC1)CCC1CC[NH+](C2CCOCC2)CC1,,C11879572,99.82328,1,0,0,0,1,1,0,0,1,0
Brc1ccc2OCC[C@@H]([NH2+][C@H](C)C[NH+]3CCCCC3)c2c1,,C37319703,80.864479,1,0,0,0,0,0,0,0,1,0
Ic1oc(C[NH2+]C[C@H]2C[NH+](C3CC3)CC2)cc1,,C37648837,80.822342,1,0,0,0,1,1,0,0,1,0
Ic1oc(C[NH2+]C[C@@H]2C[NH+](C3CC3)CC2)cc1,,C37648838,80.822342,1,0,0,0,1,0,0,0,1,0
O=C1[C@@H](CNc2ccc(N3CC[NH+](C)CC3)cc2)C=C2C=CC=CC2=[NH+]1,,C38789842,98.976074,1,0,0,0,1,0,0,0,0,0
S(=O)(=O)(/N=C\1/[C@H](NCC=C)[NH+]=C2C=CC=CC2=[NH+]/1)c1sccc1,,C38980167,82.870781,1,0,0,0,1,0,0,0,0,0
O=C(NN1[C@H](C)C(/C=C(\C#N)/C2[NH+]=C3C=CC=CC3=[NH+]2)=C[C@@H]1C)c1ccccc1,,C39934807,99.773384,1,0,0,0,0,0,0,0,0,0
O(C)c1c(OC)cc2CC[NH2+][C@@H]([C@H]3C(=O)[NH+]=C4C=CC(OC)=CC4=C3)c2c1,,C40011055,91.363731,1,0,0,0,1,0,0,0,0,0
Brc1ccc2OCC[C@@H]([NH2+]CCCCn3c[nH+]cc3)c2c1,,C45106335,78.398521,1,0,0,0,0,0,0,0,0,0
Clc1ccc(SCC(=O)NCc2cc(N3CC[NH+](C)CC3)[nH+]cc2)cc1,,C48329088,87.857002,1,0,0,0,1,0,0,0,0,0
O=C(NCc1cc(N2CC[NH+](C)CC2)[nH+]cc1)CCOc1cc(C)c(C)cc1,,C48336389,87.856285,1,0,0,0,1,0,0,0,0,0
Fc1c(-n2c(C)c(C[NH2+]C[C@@H](C)N3CC[NH+](CC)CC3)c(C)n2)ccc(F)c1,,C48712896,93.762863,1,0,0,0,1,1,0,0,0,0
O=C(C[NH+]1CCC(C[NH+](C)CCCC)CC1)N1CCN(C(=O)C2CC2)CC1,,C52210246,74.214714,1,0,0,0,0,1,0,0,1,0
Brc1cc(C[NH+](C)CCn2nnc(C[NH2+]C3CC3)c2)sc1,,C52517076,83.824348,1,0,0,0,1,1,0,0,1,0
Brc1c([C@@H]([NH2+]C)CCN2CC[NH+](C3CC3)CC2)cccc1,,C54022974,70.771736,1,0,0,0,1,1,0,0,1,0
O[C@@H]1[C@@H](N2CC[NH+](C)CC2)C[NH+](Cc2c(OCC(C)=C)cccc2)C1,,C55327312,81.557945,1,0,0,0,1,1,0,0,1,0
O=C1N2C(C)=CSC2=[NH+]C(CN2CC[NH+](CCC(C)(C)C)CC2)=C1,,C55935767,95.129181,1,0,0,0,0,0,0,0,1,0
Brc1ccc2[C@H]([NH2+]C[C@@H]3[NH+](CC)CCC3)CCCOc2c1,,C37213905,79.696861,1,0,0,0,1,0,0,0,1,0
Brc1c(OC)c(OC)cc(C[NH2+]CC([NH+](C)C)(C)C)c1,,C35161417,81.881836,1,0,0,0,1,0,0,0,1,0
Brc1scc(C[NH+](C)Cc2c(C[NH2+]C3CC3)cco2)c1,,C52547570,87.121986,1,0,0,0,1,1,0,0,1,0
Brc1cc(C[NH2+]CCN2CCN(CC[NH+](C)C)CC2)sc1,,C61655258,38.45871,1,0,0,0,1,1,0,1,1,0
[NH2+](C[C@H](C)Cn1c[nH+]cc1)Cc1c(C)n(Cc2ccc(C)cc2)nc1C,,C62254492,79.573036,1,0,0,0,0,0,0,0,1,0
Brc1cc(N2CCn3cc[nH+]c3C2)c(C[NH2+]C2CC2)cc1,,C62254938,71.258301,1,0,0,0,0,0,0,0,1,0
Brc1c(OCCn2c(C)[nH+]cc2)ccc(C[NH2+]C(C)C)c1,,C62701690,55.357262,1,0,0,0,0,0,0,0,1,0
Brc1cc(C[NH2+]C(C)(C)C)c(N2C[C@@H]([NH+](C)C)CC2)nc1,,C62971261,97.618111,1,0,0,0,1,1,0,0,1,0
O=C1N(c2ccc(C)cc2)C(=O)C[C@H]1[NH2+]CCC=1C[NH+]=C2C=CC=CC=12,,C63172620,80.859657,1,0,0,0,0,0,0,0,0,0
S(CC(=O)Nc1scc(C)n1)[C@@H]1[NH+]=C2C=C(OCC)C=CC2=[NH+]1,,C63393525,87.259323,1,0,0,0,0,0,0,0,0,0
O(C)C(=O)[C@@H]1C(NC(=O)C[NH+]2[C@@H](C)CCCC2)=C2C(C)=CC=CC2=[NH+]1,,C63448341,76.502441,1,0,0,0,0,0,0,0,1,0
O=C(NCCC[NH+]1C[C@@H](C)C[C@H](C)C1)[C@H]1N(C)C=2C(C(=O)[NH+]=C3C=CC=CC=23)=C1,,C63480561,99.951294,1,0,0,0,1,0,0,0,1,0
S(CC(=O)N[C@H](C(OC)=O)c1ccccc1)C1[NH+]=C2C=CC=CC2=[NH+]1,,C63515577,99.430756,1,0,0,0,0,0,0,0,0,0
S([C@@H](CC)C(=O)Nc1ccc(C(=O)C)cc1)[C@H]1[NH+]=C2N=CC=CC2=[NH+]1,,C63558243,99.919601,1,0,0,0,0,0,0,0,0,0
S(CC1[NH+]=C2C=CC=CC2=[NH+]1)C=1N(CC=C)[C@H](c2ccncc2)NN=1,,C63596516,57.048153,1,0,0,0,0,0,0,0,0,0
O(C)C=1C=CC2=[NH+]CC(CC[NH2+][C@H]3C(=O)N(c4c(CC)cccc4)C(=O)C3)=C2C=1,,C63626106,83.585472,1,0,0,0,0,0,0,0,0,0
O(C)c1ccc(-n2c(C[NH+](C)[C@H](C)Cc3nccc(C)c3)[nH+]cc2)cc1,,C63855905,63.83313,1,0,0,0,0,0,0,0,0,0
O=C(NC[C@H]1C[NH+](Cc2cccc3OCOc23)CCC1)[C@@H]1[NH+]=C2C=CC=CC2=C1,,C64044976,97.663078,1,0,0,0,0,0,0,0,1,0
O=C1N(Cc2cscc2)C(=O)N[C@@]1(C)C1CC[NH+](C[C@@H]2[NH+]=C3C=CC=CC3=C2)CC1,,C64045433,91.870636,1,0,0,0,0,0,0,0,1,0
O=C(CC[C@H]1ONC(C(C)C)=[NH+]1)N1[C@@H](C)[C@@H]2[NH+]=C3C=CC=CC3=C2CC1,,C64117533,86.918549,1,0,0,0,0,0,0,0,0,0
O=C(Nc1ccccc1)[C@@H]1[NH+](CC(=O)C=2C[NH+]=C3C=CC=CC=23)CCC1,,C64120524,89.193848,1,0,0,0,0,0,0,0,0,0
Clc1sc(CN(S(=O)(=O)C=2C=CC3=[NH+]C(=O)[NH+]=C3C=2)CC)cc1,,C64131405,99.999237,1,0,0,0,0,0,0,0,0,0
FC(F)C[NH+]1CCC(NC(=O)N2C[C@H]([NH+]3CCCC3)CCC2)CC1,,C64255196,76.853638,1,0,0,0,1,0,0,0,0,0
O=C(NCCCCn1c[nH+]cc1)N1CC[NH+](CC2CCCCC2)CC1,,C65460489,76.878052,1,0,0,0,1,0,0,0,0,0
FC=1C=CC2=C[C@H](C[NH+]3CCC(Cc4n(C)cnn4)CC3)C(=O)[NH+]=C2C=1,,C65529854,98.565094,1,0,0,0,1,0,0,0,1,0
[NH2+](Cc1c(-c2ccncc2)nn(C)c1)Cc1cc(C[NH+](C)C(C)C)ccc1,,C65976471,93.9263,1,0,0,0,1,1,0,0,1,0
O=C(NCCO[C@H]1[C@@H](C)CCCC1)C[NH+]1[C@@H](C[NH+]2CCCC2)CCC1,,C66535936,90.044197,1,0,0,0,0,0,0,0,1,0
S=C1N(C)C(CC)=NN1C[NH+](CC)Cc1ccc(C[NH+](C)C)cc1,,C66795598,95.02169,1,0,0,0,0,0,0,0,1,0
Clc1c(OC(F)F)ccc(C[NH2+]C[C@H](C)N2CC[NH+](C)CC2)c1,,C67121529,88.704468,1,0,0,0,1,1,0,0,1,0
[NH2+](C[C@@H](C)Cn1c[nH+]cc1)Cc1c(-c2oc3ccccc3c2)nn(C)c1,,C67500397,79.614006,1,0,0,0,0,0,0,0,0,0
O=C(Nc1ccc2OCOc2c1)[C@H](C)[NH+]1CCC([NH+]2CCCCC2)CC1,,C04969018,54.890087,1,0,0,0,1,0,0,0,1,0
FC(F)(F)c1c(CN2C(=O)C[C@H]([NH2+]C3CC[NH+](CC)CC3)C2)cccc1,,C12029063,87.37368,1,0,0,0,0,0,0,0,1,0
Fc1ccc2cc(C[NH2+]CCC[NH+]3C[C@H]4C[C@@H]3C=C4)c(N3CCOCC3)nc2c1,,C12125684,46.218319,1,0,0,0,1,0,0,0,1,0
O=C(C)N1CCN(c2c(C[NH2+]C[C@H](C)CCC=C(C)C)ccc[nH+]2)CC1,,C12478585,92.421341,1,0,0,0,0,0,0,0,0,0
O(C)CC[NH+]1C[C@@]2(C[NH+](Cc3c(OC)cc4CCCc4c3)CC2)CCC1,,C12585213,97.722221,1,0,0,0,1,1,0,0,1,0
O(C)CC[NH+]1C[C@]2(C[NH+](Cc3c(-c4c(C)ccc(C)c4)n[nH]c3)CC2)CCC1,,C12306044,51.121635,1,0,0,0,1,1,0,0,1,0
O=C(N1CC[NH+](CC)CC1)c1ccc(N2CCC([NH+]3CCc4sccc4C3)CC2)cc1,,C15004334,97.840187,1,0,0,0,0,0,0,0,0,0
Brc1c(OCC[NH+]2CCCCC2)c(OC)cc(C[NH2+]C)c1,,C19777586,98.929108,1,0,0,0,1,1,0,0,1,0
Fc1c(C[NH+]2C[C@]3(CN(Cc4n(CC)cc[nH+]4)CC3)CCC2)cc(OC)cc1,,C20110069,46.429562,1,0,0,0,0,1,0,0,1,0
Fc1c(C[NH+](CC2CC[NH+](C3CCN(C)CC3)CC2)Cc2ccncc2)cc(OC)cc1,,C23338510,84.968727,1,0,0,0,1,1,0,0,1,0
O(C)c1c([C@@H](CN/C=C/2\C(=O)[NH+]=C3C=CC=CC3=C\2)[NH+]2CCCC2)cccc1,,C27062916,98.769348,1,0,0,0,1,0,0,0,0,0
Ic1oc(C[NH2+][C@@H](Cn2c[nH+]cc2)C(C)(C)C)cc1,,C37320097,57.333553,1,0,0,0,0,0,0,0,1,0
O(C)C=1C=CC2=C[C@@H](CNc3ccc(N4CC[NH+](C)CC4)cc3)C(=O)[NH+]=C2C=1,,C38789849,98.979828,1,0,0,0,1,0,0,0,0,0
O=C([C@@H](C)N1CC[NH+](CCOc2ccc(OC)cc2)CC1)C=1[C@H](C)[NH+]=C2C=CC=CC=12,,C39736651,74.814041,1,0,0,0,0,0,0,0,1,0
O(C)c1c(OC)cc2CC[NH2+][C@H]([C@H]3C(=O)[NH+]=C4C=CC(OC)=CC4=C3)c2c1,,C40011053,91.363731,1,0,0,0,1,0,0,0,0,0
Brc1c(OC)c(OC)cc(C[NH2+]CC2CC[NH+](C)CC2)c1,,C44516336,99.24839,1,0,0,0,1,0,0,0,1,0
Fc1c(Nc2[n+](CCC[NH+]3[C@H](C)CCCC3)c(-c3ccccc3)cs2)cc(F)cc1,,C44944532,73.810944,1,0,0,0,0,0,0,0,0,0
CCC[C@H]1C[NH+](Cc2nnn(C3CC[NH+](C4CCOCC4)CC3)c2)CC1,,C48121597,98.950653,1,0,0,0,1,0,0,0,1,0
FC(F)(F)c1cnc(N2CC[NH+](CC=3[NH+]=C4N(C(=O)C=3)C=C(C)C=C4)CC2)cc1,,C25572074,82.976982,1,0,0,0,0,0,0,0,0,0
FC(F)(F)C[NH+]1C[C@H](CNC(=O)C[NH+]2[C@@H](c3cscc3)CCC2)CC1,,C51853071,79.627304,1,0,0,0,1,0,0,0,1,0
FC(F)(F)c1cc(NC(=O)[C@@H](C)[NH+]2CCC([NH+]3CCCC3)CC2)ccc1,,C51952414,52.447716,1,0,0,0,1,0,0,0,1,0
Brc1scc(C[NH+](C)CC2(C[NH2+]C3CC3)CCOCC2)c1,,C52197466,99.186279,1,0,0,0,1,1,0,0,1,0
Brc1scc(C[NH+](C)Cc2c(C[NH2+]CCC)occ2)c1,,C52547593,93.77861,1,0,0,0,1,1,0,0,1,0
O[C@H]1[C@H](N2CCN(c3[nH+]cccc3)CC2)CC[NH+](C/C=C/c2occc2)C1,,C19732639,56.529209,1,0,0,0,1,0,0,0,1,0
[NH2+](CCCn1c[nH+]cc1)Cc1c(C)n(c(C)c1)-c1cccc2ccccc12,,C12539871,79.917473,1,0,0,0,0,0,0,0,1,0
S(CC(=O)N[C@@H]1C(C#N)=C2CCC[C@@H]2S1)[C@H]1[NH+]=C2C=C(C)C=CC2=[NH+]1,,C63068091,99.408798,1,0,0,0,0,0,0,0,0,0
Brc1c(C[NH+]2[C@H](C[NH2+]C)CCCC2)cc(OC)c(OC)c1,,C63166425,84.385208,1,0,0,0,1,0,0,0,1,0
O=C(NCCC[NH+]1CCC(C)CC1)[C@H]1SC=2C(C(=O)[NH+]=C3C=CC(C)=CC=23)=C1,,C63494167,88.056465,1,0,0,0,1,0,0,0,0,0
O=C(NCCC[NH+]1[C@@H](C)CCC[C@H]1C)[C@H]1SC=2C(C(=O)[NH+]=C3C=CC(C)=CC=23)=C1,,C63494504,88.086411,1,0,0,0,1,0,0,0,0,0
BrC=1C=CC2=[NH+][C@@H](N3CCC(C(=O)NCc4oc(C)cc4)CC3)[NH+]=C2C=1,,C63695670,71.104576,1,0,0,0,0,0,0,0,0,0
ClC=1C=CC2=[NH+][C@@H](N3C[C@@H](C(=O)NCc4oc(C)cc4)CCC3)[NH+]=C2C=1,,C63695961,51.405479,1,0,0,0,0,0,0,0,1,0
ClC=1C=NC2=[NH+][C@H](S[C@H](C)C(=O)NC3(C#N)CCCCC3)[NH+]=C2C=1,,C63731412,99.891251,1,0,0,0,0,0,0,0,0,0
S(CC(=O)N[C@H](C)c1ccc2OCCOc2c1)C1[NH+]=C2C=CC=CC2=[NH+]1,,C63751057,99.421844,1,0,0,0,0,0,0,0,0,0
O=C(N1C[C@H](C2[NH+]=C3C=CC=CC3=[NH+]2)CCC1)c1cc(OC)c(OC)cc1,,C63767690,98.629272,1,0,0,0,0,0,0,0,0,0
O(C)C=1C=CC2=[NH+][C@H](CN3C(=O)[C@H]4C=C(c5ccccc5)S[C@@H]4NC3)[NH+]=C2C=1,,C63856733,82.761246,1,0,0,0,0,0,0,0,0,0
FC=1C=CC2=C[C@H](C[NH+](CC)Cc3nc(CC(C)C)on3)C(=O)[NH+]=C2C=1,,C63872064,53.508118,1,0,0,0,0,0,0,0,0,0
O=C(COc1c(OC)cccc1)N1C[C@@H](C2[NH+]=C3C=CC=CC3=[NH+]2)CCC1,,C63967689,98.643494,1,0,0,0,0,0,0,0,0,0
Brc1ccc(N2C(=O)[C@@H]([NH2+]CCC=3C[NH+]=C4C=CC(C)=CC=34)CC2=O)cc1,,C63980235,80.664413,1,0,0,0,0,0,0,0,0,0
ClC=1C=CC2=[NH+][C@H]([C@@H]3N(C(=O)CCn4nc(C)cc4)CCC3)[NH+]=C2C=1,,C64066700,98.895416,1,0,0,0,0,0,0,0,0,0
O=C(Nc1ccc([C@@H]2[NH+]=C3C=CC=CC3=C2)cc1)[C@H]1[NH+](C2CCOCC2)CCC1,,C64066937,66.115479,1,0,0,0,1,0,0,0,0,0
O=C(N(C)CCC1[NH+]=C2C=CC=CC2=[NH+]1)c1ccc2O[C@@H](C(C)C)Nc2c1,,C64093332,98.576408,1,0,0,0,0,0,0,0,0,0
Clc1ccc(C2=[NH+][C@H]([C@H]3CN(C(=O)CC=4C[NH+]=C5C=CC=CC=45)CCC3)ON2)cc1,,C64128616,86.533859,1,0,0,0,0,0,0,0,0,0
OCC[C@H]1[NH+](CC(C)C)CCN(C[C@H]2C(C)=C3C=C(OC)C=CC3=[NH+]2)C1,,C64157890,70.760162,1,0,0,0,1,0,0,0,0,0
FC(F)(F)c1cc(N2C(=O)[C@@H]([NH2+]CCC=3C[NH+]=C4C=CC=CC=34)CC2=O)ccc1,,C64165796,80.997345,1,0,0,0,0,0,0,0,0,0
O=C(Cc1c(OC)cc(OC)cc1)N1[C@H](C2[NH+]=C3C=CC=CC3=[NH+]2)CCC1,,C64380856,99.21386,1,0,0,0,0,0,0,0,0,0
ClC=1C=CC2=[NH+]CC(CCNC(=O)[C@H]3CN(c4cc[nH+]cc4)CCC3)=C2C=1,,C64541290,72.853401,1,0,0,0,1,0,0,0,1,0
[NH2+](CCC=1C[NH+]=C2C=CC=CC=12)Cc1c(-c2ccncc2)nn(-c2ccccc2)c1,,C64705044,81.658638,1,0,0,0,0,0,0,0,0,0
Clc1c(Cl)cccc1CN(C)CC(=O)C=1C=CC2=[NH+]C(=O)[NH+]=C2C=1,,C39756384,81.122154,1,0,0,0,0,0,0,0,0,0
[NH2+](Cc1c(-c2cnccc2)nn(C)c1)Cc1c(C[NH+](C)C(C)C)cccc1,,C67187986,97.786354,1,0,0,0,1,1,0,0,1,0
O(C)c1c(C[NH2+][C@H](C)c2ccc(N3CC[NH+](C)CC3)cc2)cc(OC)cc1,,C67250888,98.195396,1,0,0,0,1,0,0,0,0,0
O=C(C[NH+]1CCN(c2[nH+]cccc2)CC1)N1[C@H](c2sccc2)CC(c2sccc2)=N1,,C09050103,80.176193,1,0,0,0,0,0,0,0,0,0
Fc1c(C[NH+]2C[C@]3(C[NH+](C4CCSCC4)CC3)CCC2)cc(OC)cc1,,C11933280,97.212982,1,0,0,0,1,1,0,0,1,0
O=C(NC[C@@H]1OCCC1)C1CC[NH+](C2CC[NH+](CC#Cc3ccccc3)CC2)CC1,,C12465238,72.037102,1,0,0,0,1,0,0,0,0,0
O=C1N(CC[NH+](C)C)C(=O)C2(N1CCC(C)C)CC[NH+]([C@H](C)CC)CC2,,C14731656,96.879456,1,0,0,0,0,1,0,0,1,0
Fc1ccc(-c2c(C[NH+]3CCC(Cn4c(C)[nH+]cc4)CC3)n3C=CSc3n2)cc1,,C19715784,45.281116,1,0,0,0,0,0,0,0,1,0
OC=1Oc2ccccc2/C(=[NH+]/CC[NH+]2CCN(C(=O)c3cc(C)ccc3)CC2)/C=1,,C22472398,78.013298,1,0,0,0,0,0,0,0,1,0
O(C)C(=O)[C@@H]1C(NC(=O)C[NH+]2CC(C)(C)CCC2)=C2C=C(C)C=CC2=[NH+]1,,C38597051,87.440773,1,0,0,0,1,0,0,0,1,0
O(C)C(=O)[C@@H]1C(NC(=O)[C@@H](C)[NH+]2CC(C)(C)CCC2)=C2C=C(C)C=CC2=[NH+]1,,C38604956,62.811287,1,0,0,0,1,0,0,0,1,0
S(C[C@@H]1[NH+](C)CCCC1)C1=NC(=O)N(CC[NH+](CC)CC)C=2CCCC1=2,,C38786513,99.255508,1,0,0,0,0,1,0,0,1,0
O(C)c1ccc([NH+]2CCN([C@H]3C[NH+](C4CCOCC4)CCC3)CC2)cc1,,C22851598,74.008469,1,0,0,0,1,0,0,0,0,0
S(=O)(=O)(Nc1c([C@H]2C(=O)[NH+]=C3C=CC=CC3=[NH+]2)cccc1)c1ccccc1,,C39404663,84.37674,1,0,0,0,1,0,0,0,0,0
O(C)CCNc1c([C@@H]2C(=O)[NH+]=C3C=CC(C)=CC3=C2)[nH+]c2n1C=CC(C)=C2,,C39697738,91.739799,1,0,0,0,1,0,0,0,1,0
O([C@@H](C)C(=O)C=1C[NH+]=C2C=CC=CC=12)C(=O)C=1CC(=O)[NH+]=C2C=CC=CC=12,,C39726988,92.763893,1,0,0,0,0,0,0,0,0,0
BrC=1C=CC2=[NH+][C@H]3N=C(SCCC[NH+](C)C)N=NC3=C2C=1,,C39777966,99.887947,1,0,0,0,1,0,0,0,0,0
[NH2+](C[C@@H]1[NH+]2C[C@H](c3nc(C)nc(-c4sccc4)c3)[C@@H](C1)CC2)Cc1occc1,,C43527978,78.425018,1,0,0,0,0,0,0,0,1,0
Brc1c(OC)c(C[NH2+]CCCCn2c[nH+]cc2)cc(Br)c1,,C44353322,78.270493,1,0,0,0,0,0,0,0,1,0
Clc1cc2C(C)=CC(=O)Oc2c2C[NH+](CCCn3c[nH+]cc3)COc12,,C39232480,76.124619,1,0,0,0,0,0,0,0,0,0
Brc1c(OCCC[NH+]2CCCC2)c(OC)cc(C[NH2+]C)c1,,C49332011,99.255989,1,0,0,0,1,0,0,0,1,0
O(C)c1c(OC)cc2CC[NH+](CC=3[NH+]=C4N(C(=O)C=3)C=C(C)C=C4)[C@@H](C)c2c1,,C49749954,66.401566,1,0,0,0,0,0,0,0,1,0
Brc1c(OC)c(C[NH2+]CC[NH+](C)CC)cc(Br)c1,,C49938290,51.365498,1,0,0,0,1,0,0,0,1,0
Brc1scc(C[NH+](C)Cc2oc(C)c(C[NH2+]C(C)C)c2)c1,,C52547576,90.603172,1,0,0,0,1,1,0,0,1,0
Brc1scc(C[NH+](C)Cc2oc(C[NH2+]CC)c(C)c2)c1,,C52547718,86.985847,1,1,0,0,1,1,0,0,1,0
O=C(CCC1CC[NH+](C[C@@H]2CC(C)(C)OCC2)CC1)N1CC[NH+](CC)CC1,,C11949913,97.803169,1,0,0,0,1,1,0,0,1,0
Brc1sc(C[NH2+]C[C@@H](C(C)C)N2CC[NH+](C)CC2)cc1,,C40435586,86.702965,1,0,0,0,1,1,0,0,1,0
S(=O)(=O)(Nc1c[nH+]c(N2CC[NH+](C)CC2)cc1)c1c(C)cc(C)cc1,,C11857352,78.75721,1,0,0,0,1,0,0,0,0,0
O(C)c1c(OC)ccc(CN(C[C@@H]2[NH+](CC)CCC2)C=2SCCC[NH+]=2)c1,,C17077282,97.741791,1,0,0,0,1,1,0,0,1,0
Clc1n(Cc2ccc(C)cc2)nc(C)c1C[NH2+]C[C@H](C)Cn1c[nH+]cc1,,C62254422,79.357811,1,0,0,0,0,0,0,0,1,0
Brc1c(Br)cc(C[NH+]2CCC(C[NH2+]C)CC2)o1,,C63159124,94.670242,1,0,0,0,1,0,0,0,1,0
O(C)CC/[NH+]=C\1/N(/N=C/C=2C[NH+]=C3C=CC=CC=23)[C@H](c2occc2)CS/1,,C39946660,96.351639,1,0,0,0,0,0,0,0,1,0
O=C1N(c2cc(C)cc(C)c2)C(=O)C[C@H]1[NH2+]CCC=1C[NH+]=C2C=CC=CC=12,,C63330616,80.85939,1,0,0,0,0,0,0,0,0,0
O=C1[C@H](C[NH2+]CCC=2C[NH+]=C3C=CC=CC=23)[C@@H]2[C@H](O1)C[C@@]1(C)CCC[C@H](C)[C@]31O[C@@H]23,,C63375679,81.108543,1,0,0,0,0,0,0,0,1,0
O=C(NC[C@H]([NH+](CC)CC)Cc1ccccc1)[C@H]1C(=O)[NH+]=C2C=CC=CC2=C1,,C63405646,99.878418,1,0,0,0,1,0,0,0,0,0
S(C1[NH+]=C2C=CC=CC2=[NH+]1)c1ncnc2N(CC=C)C(=S)Sc12,,C63598669,99.594902,1,0,0,0,0,0,0,0,0,0
ClC=1C=CC2=[NH+][C@H](C(=O)N3CCC([C@H](C)C(=O)N4CC[NH+](CCC)CC4)CC3)C=C2C=1,,C63739593,96.392715,1,0,0,0,0,0,0,0,0,0
S(C[C@H]1C(=O)[NH+]=C2C=CC=CC2=[NH+]1)c1ccc(NC(=O)c2occc2)cc1,,C63751697,99.905891,1,0,0,0,1,0,0,0,0,0
OCC[C@H]1[NH+](CCC(C)C)CCN(C[C@@H]2C(C)=C3C=C(OC)C=CC3=[NH+]2)C1,,C64006490,70.456291,1,0,0,0,1,0,0,0,0,0
Fc1c(C[NH+]2C[C@]3(CN(C(=O)[C@H]4[NH+]=C5C=CC=CC5=C4)CC3)CCC2)cc(OC)cc1,,C64015334,96.715492,1,0,0,0,0,0,0,0,1,0
Fc1c([C@@H]2N(Cc3[nH+]cc[nH]3)CCC=3[C@H]2[NH+]=C2C=CC=CC=32)ccc(OC)c1,,C64031791,45.385201,1,0,0,0,0,0,0,0,0,0
Clc1sc(CN(CC)C(=O)C=2C=CC3=[NH+]C(=O)C(=O)[NH+]=C3C=2)cc1,,C64042846,99.999649,1,0,0,0,0,0,0,0,0,0
S(=O)(=O)(NCC1(c2ccccc2)CCCC1)C=1C=CC2=[NH+]C(=O)[NH+]=C2C=1,,C32865575,96.058411,1,0,0,0,0,0,0,0,0,0
O=C(N1CCC=2[C@H]([NH+]=C3C=CC=CC=23)C1)[C@@H]1[C@@H](CC)N(C[C@H]2[NH+](CC)CCC2)C(C)=CC1=O,,C64640541,87.956253,1,0,0,0,0,0,0,0,0,0
FC=1C=CC2=C[C@H](C[NH2+]Cc3cc(C)c(OC(=O)C)c(C)c3)C(=O)[NH+]=C2C=1,,C65398126,89.00766,1,0,0,0,1,0,0,0,1,0
[NH+](C)(Cc1c(C)n(-c2c(C)cccc2)nc1C)Cc1[nH+]c2n(c1)C=CC=C2,,C65604140,80.255135,1,0,0,0,1,0,0,0,1,0
Brc1cc(C[NH2+]CCCC[NH+]2CCCC2)cc2OCCCOc12,,C65932052,99.520012,1,0,0,0,1,1,0,0,1,0
O=C(NC[C@H]([NH+]1CCCC1)c1sccc1)N1C[C@H]([NH+]2CCCC2)CC1,,C66175189,98.989792,1,0,0,0,1,1,0,0,1,0
O=C(N[C@H](C)c1ccc(N2CC[NH+](C)CC2)cc1)N1C[C@@H]([NH+]2CCCC2)CC1,,C66188458,98.462387,1,0,0,0,1,0,0,0,0,0
O(Cc1c(C#N)cccc1)c1cc(C[NH2+][C@@H](C)CN2CC[NH+](C)CC2)ccc1,,C66906052,95.171104,1,0,0,0,1,1,0,0,1,0
Fc1cc(C[C@@H]2[NH+](CC(=O)NC3CC[NH+](C4CC4)CC3)CCC2)ccc1,,C66962006,80.943275,1,0,0,0,1,1,0,0,1,0
Fc1c(N2CC[NH+](C)CC2)ccc([C@@H]([NH2+]Cc2nc(CC)sc2)C)c1,,C67248956,97.310791,1,0,0,0,1,0,0,0,0,0
[NH2+](Cc1cccc2OCCOc12)[C@@H](C)c1ccc(N2CC[NH+](C)CC2)cc1,,C67250605,98.18042,1,0,0,0,1,0,0,0,0,0
S(CCCSc1c(C=2C[NH+](C)CCC=2)nsn1)c1c(C=2C[NH+](C)CCC=2)nsn1,,C01536411,97.864471,1,0,0,0,1,0,0,0,0,0
O=C1C(c2c(C[NH+]3CCOCC3)cccc2)=CC=C2N1C[C@@H]1C[NH+](CC3CCCCC3)C[C@H]2C1,,C08296436,87.215599,1,0,0,0,0,1,0,0,0,0
Fc1c(C[NH+](C[C@H]2OCCC2)CC2CC[NH+](C3CCCC3)CC2)cc(OC)cc1,,C12373014,93.00576,1,0,0,0,1,1,0,0,1,0
Clc1c([C@H]2[NH+](Cc3oc(C(=O)N4CC[NH+](CC)CC4)cc3)CCn3cccc23)cccc1,,C35523312,86.93364,1,0,0,0,0,0,0,0,1,0
Clc1cc(F)c(NC(=O)C[NH+]2CCN(c3nc(C(C)C)[nH+]c(C)c3)CC2)cc1,,C12807552,74.387047,1,0,0,0,1,0,0,0,1,0
Fc1c(CN2C[C@@H](/C=N/NC3[NH+]=C4C=CC=CC4=[NH+]3)c3ccccc23)cccc1,,C38690081,99.330505,1,0,0,0,0,0,0,0,0,0
O=C1[C@@H](CN(CC)c2ccc(N3CC[NH+](C)CC3)cc2)C=C2C=C(C)C=CC2=[NH+]1,,C38790068,98.974205,1,0,0,0,1,0,0,0,0,0
O=C([C@H](C)N1CC[NH+](C/C=C/c2ccccc2)CC1)C=1[C@H](C)[NH+]=C2C=CC=CC=12,,C39164080,81.187653,1,0,0,0,0,0,0,0,0,0
O=C(N1CCCC1)c1nn(C)c2CC[C@@H]([NH2+]CC3([NH+]4CCCCC4)CCCCC3)Cc12,,C32533090,95.210686,1,0,0,0,0,0,0,0,0,0
O=C(N(C)CCOc1ccc(C)cc1)[C@@H]1C2(C1)CC[NH+](C[C@@H]1C(=O)[NH+]=C3C=CC=CC3=C1)CC2,,C39412701,98.569008,1,0,0,0,1,0,0,0,0,0
S(CC(=O)C=1C[NH+]=C2C(CC)=CC=CC=12)[C@@H]1N([C@H]([C@H]([NH+](C)C)C)N=N1)c1ccc(F)cc1,,C39457974,89.151596,1,0,0,0,0,0,0,0,0,0
O=C(N/N=C/C=1C[NH+]=C2C=CC=CC=12)[C@H]1N=[NH+][C@@H](c2ccc(-c3ccccc3)cc2)C1,,C39707961,99.067017,1,0,0,0,1,0,0,0,0,0
O=C([C@H](N[C@@H](C[NH+](C)C)c1ccccc1)c1ccccc1)C=1C[NH+]=C2C=CC=CC=12,,C39730270,88.707657,1,0,0,0,0,0,0,0,0,0
O=C(N[C@H](C)c1ccc(-c2ccccc2)cc1)CC[C@H]1C(=O)[NH+]=C2C=CC=CC2=[NH+]1,,C39745837,99.906494,1,0,0,0,1,0,0,0,0,0
O=C1[C@H]([C@H]2[C@H]([NH2+]Cc3occc3)N3C=C(C)C=CC3=N2)C=C2C=C(C)C=C(C)C2=[NH+]1,,C39980683,99.982712,1,0,0,0,1,0,0,0,0,0
O(C)C=1C=CC2=C[C@@H]([C@H]3[C@H]([NH2+]Cc4ccccc4)N4C=C(C)C=CC4=N3)C(=O)[NH+]=C2C=1,,C40011174,99.907303,1,0,0,0,1,0,0,0,0,0
[NH+](C[C@@H]1OCCC1)(CC1CC[NH+](C2CCCC2)CC1)Cc1cccc2OCOc12,,C42936059,96.336594,1,0,0,0,1,1,0,0,1,0
Clc1cc2C(C)=C(Cc3ccccc3)C(=O)Oc2c2C[NH+](CCCn3c[nH+]cc3)COc12,,C38776370,76.124619,1,0,0,0,0,0,0,0,0,0
O[C@H](C)c1c[nH+]c(N2CCN(c3[nH+]nc(Cc4ccccc4)c4ccccc34)CC2)cc1,,C45484440,89.515099,1,0,0,0,0,0,0,0,0,0
Brc1c(OC)c(C[NH2+][C@H](C)CC[NH+](C)C)cc(Br)c1,,C49554042,98.767418,1,0,0,0,1,1,0,0,1,0
Brc1c(Br)cc(C[NH2+][C@H](Cn2c[nH+]cc2)C(C)(C)C)o1,,C50360648,48.729816,1,0,0,0,0,0,0,0,1,0
Brc1c(Br)cc(C[NH2+]C[C@@H](C)C[NH+]2CCCCC2)o1,,C50361059,80.250122,1,0,0,0,1,0,0,0,1,0
Clc1c(OC)ccc(NC(=O)[C@H](C)[NH+]2CCC(C=3C[NH+]=C4C=CC=CC=34)CC2)c1,,C63098840,73.40007,1,0,0,0,1,0,0,0,0,0
FC(F)Oc1ccc(NC(=O)[C@@H](C)[NH+]2CCC(C=3C[NH+]=C4C=CC=CC=34)CC2)cc1,,C63098874,73.495293,1,0,0,0,1,0,0,0,0,0
O=C(NC[C@H](c1sccc1)C=1C[NH+]=C2C=CC=CC=12)CC=1C[NH+]=C2C=CC=CC=12,,C63110619,74.674667,1,0,0,0,0,0,0,0,0,0
Brc1cc(/C(=N\NC(=O)CSC2[NH+]=C3C=CC=CC3=[NH+]2)/C)ccc1,,C63135124,99.456871,1,0,0,0,0,0,0,0,0,0
O=C(Nc1cc(C)c(N2CC[NH+](CC)CC2)cc1)CCCC=1C[NH+]=C2C=CC=CC=12,,C63135283,82.633438,1,0,0,0,1,0,0,0,0,0
S([C@H]1C(=O)[NH+]=C2C=CC=CC2=C1C)c1sc(S[C@H]2C(=O)[NH+]=C3C=CC=CC3=C2C)nn1,,C39933447,99.995705,1,0,0,0,0,0,0,0,0,0
Ic1cc(NC(=O)CSC2[NH+]=C3C=CC=CC3=[NH+]2)ccc1,,C63233123,99.437584,1,0,0,0,0,0,0,0,0,0
O(C)c1c(OC)cc(/C=N/c2c(C3[NH+]=C4C=CC=CC4=[NH+]3)cccc2)cc1OC,,C63393876,98.992813,1,0,0,0,0,0,0,0,0,0
Brc1ccc(/C=N/NC(=O)CSC2[NH+]=C3C=CC=CC3=[NH+]2)cc1,,C63462839,99.456833,1,0,0,0,0,0,0,0,0,0
Brc1cc(CNC(=O)C2CCN(C3[NH+]=C4C=CC=CC4=[NH+]3)CC2)ccc1,,C63505940,76.988457,1,0,0,0,0,0,0,0,0,0
Clc1ccc(SC=2[C@H](C(=O)NCCN3CC[NH+](C)CC3)[NH+]=C3C=CC=CC=23)cc1,,C63530459,67.494003,1,0,0,0,1,0,0,0,0,0
S(CC1[NH+]=C2C=CC=CC2=[NH+]1)[C@H]1N(Cc2c(F)cccc2)C(=O)c2sccc2N1,,C63709745,56.028214,1,0,0,0,0,0,0,0,0,0
S([C@@H]1C(CC(=O)N2CCN(c3[nH+]cccc3)CC2)=C2C=CC=CC2=[NH+]1)c1c(F)cccc1,,C63743318,80.375542,1,0,0,0,0,0,0,0,0,0
S([C@H]1C(CC(=O)N2CC[NH+](CCC)CC2)=C2C=CC=CC2=[NH+]1)c1cc(F)ccc1,,C63743407,91.142822,1,0,0,0,0,0,0,0,0,0
S(C[C@H]1C(=O)[NH+]=C2C=C(C)C(C)=CC2=[NH+]1)c1ccc(NC(=O)c2occc2)cc1,,C63751571,99.907883,1,0,0,0,1,0,0,0,0,0
S(C[C@H]1C(=O)[NH+]=C2C=CC=CC2=[NH+]1)c1ccc(NC(=O)c2ccc(C)cc2)cc1,,C63751692,99.905891,1,0,0,0,1,0,0,0,0,0
S(C[C@@H]1C(=O)[NH+]=C2C=CC=CC2=[NH+]1)c1ccc(NC(=O)c2c(F)cccc2)cc1,,C63751810,99.905891,1,0,0,0,1,0,0,0,0,0
S(C[C@H]1C(=O)[NH+]=C2C=CC=CC2=[NH+]1)c1ccc(NC(=O)c2c(C)ccs2)cc1,,C63751828,99.905899,1,0,0,0,0,0,0,0,0,0
O=C(Nc1c(C)cc(C)cc1C)C[NH+](C)Cc1scc(C=2[C@H](C)[NH+]=C3C=CC=CC=23)n1,,C63842619,88.967438,1,1,0,0,1,0,0,0,0,0
Clc1c(OCC)c(OCC)cc(C[NH2+]C[C@@H]2C(=O)[NH+]=C3C=C(F)C=CC3=C2)c1,,C63856125,86.130104,1,0,0,0,1,0,0,0,1,0
O=C(NCCC=1C[NH+]=C2C=CC=CC=12)CC[NH+]1C[C@@H](c2ccccc2)Oc2ccccc2C1,,C64006308,55.700871,1,0,0,0,0,0,0,0,1,0
O=C(CCn1c(C)[nH+]cc1)N1[C@H](C2CCCCC2)[C@H]2[NH+]=C3C=CC=CC3=C2CC1,,C64031673,47.458443,1,0,0,0,0,0,0,0,0,0
FC(F)(F)c1cc(CN2C(=O)CC[C@@H]3C[NH+](C[C@@H]4[NH+]=C5C=CC=CC5=C4)CC[C@H]23)ccc1,,C64040328,90.453659,1,0,0,0,0,0,0,0,0,0
O(C)c1c(C)c(C)c([C@H]2N(Cc3[nH+]cc[nH]3)CCC=3[C@@H]2[NH+]=C2C=CC=CC=32)cc1,,C64053312,34.231731,1,0,0,0,1,0,0,0,0,0
S([C@@H]1C(CC(=O)N2CCN(c3[nH+]cccc3)CC2)=C2C=CC=CC2=[NH+]1)c1ccccc1,,C64518786,79.262688,1,0,0,0,0,0,0,0,0,0
O(C)c1c(C)c(C)c([C@@H]2N(Cc3n(CC)cc[nH+]3)CCC=3[C@@H]2[NH+]=C2C=CC=CC=32)cc1,,C64636335,28.030418,1,0,0,0,0,0,0,0,1,0
FC(F)(F)c1ccc(-c2oc(C[NH2+]C[C@H](C)N3CC[NH+](CC)CC3)cc2)cc1,,C67188422,69.140335,1,0,0,0,1,1,0,0,0,0
Brc1scc(C[NH2+][C@H](C)c2ccc(N3CC[NH+](C)CC3)cc2)c1,,C67250632,98.559731,1,0,0,0,1,0,0,0,0,0
O=C([C@H]([NH3+])C)N1CCOCCN(C(=O)[C@H]([NH3+])C)CCOCC1,,C04718918,49.544624,1,0,0,0,1,0,0,0,0,0
S=C(Nc1cc(C(=O)Nc2ccc(C3=[NH+]CCN3)cc2)ccc1)Nc1ccc(C2=[NH+]CCN2)cc1,,C01691355,93.562859,1,0,0,0,1,1,1,0,0,0
O=[N+]([O-])c1cc(COc2cc(N3C(=[NH2+])NC(=[NH2+])NC3(C)C)ccc2)ccc1,,C03954275,57.251274,1,0,0,0,1,0,0,0,1,0
[NH2+]=C1N(c2cc(CCCCc3cc(N)ccc3)ccc2)C(C)(C)NC(=[NH2+])N1,,C08627517,57.707779,1,0,0,0,1,0,0,0,1,0
O=C(Nc1ccc(C2=[NH+]C[C@@H](C)CN2)cc1)c1ncc(C(=O)Nc2ccc(C3=[NH+]C[C@@H](C)CN3)cc2)cc1,,C17354606,97.58316,1,0,0,0,1,0,0,0,0,0
OC[C@H]1[C@@H](O)[C@@H]([NH+]2[C@@H](COC)CCC2)[C@@H](C[NH2+]C2CCOCC2)O1,,C20465328,80.356148,1,0,0,0,1,0,0,0,1,0
OCC[NH+](C)[C@H](C[NH3+])c1cc(OCC[NH+](C)C)c(OC)cc1,,C32069796,38.152264,1,0,0,0,1,1,1,1,1,0
Clc1c(O)c(OC)cc([C@@H](C[NH3+])N2CC[NH+](CC)CC2)c1,,C32070916,62.185352,1,0,0,0,1,1,0,0,1,0
OCC[NH+](C)[C@H](C[NH3+])c1ccc(OCc2ccc(C)cc2)cc1,,C32071075,42.256161,1,0,0,0,1,0,0,0,1,0
OCC[NH+](C)[C@@H](C[NH3+])c1ccc(OCc2c(C)cccc2)cc1,,C32071099,42.256969,1,0,0,0,1,0,0,0,1,0
Clc1c(O)c(OCC)cc([C@H]([NH+](CC)CCCC)C[NH3+])c1,,C32071400,32.532467,1,0,0,0,1,0,0,0,1,0
Brc1cc(OC)c(O)c([C@@H](C[NH3+])[NH+]2CCCC2)c1,,C32071428,43.337177,1,0,0,0,1,0,0,0,0,0
Brc1cc([C@H]([NH+](CCC)CCC)C[NH3+])c(O)cc1,,C32071467,49.89941,1,0,0,0,1,0,0,0,1,0
Brc1cc([C@H]([NH+](CC)C(C)(C)C)C[NH3+])c(O)cc1,,C32071489,52.184135,1,0,0,0,1,0,0,0,0,0
OCC[NH2+]CC[NH2+]Cc1oc(-c2ccc(C(OC)=O)cc2)cc1,,C38245881,82.492989,1,0,0,0,1,0,0,0,0,0
O(CC)C(=O)[C@@H]1C(NC(=O)[C@@H](C)[NH+]2CCC(C(=O)N)CC2)=C2C=C(OC)C=CC2=[NH+]1,,C38605476,85.781166,1,0,0,0,1,0,0,0,0,0
O(CC)C(=O)[C@@H]1C(NC(=O)[C@H](C)[NH+]2CCC(C(=O)N)CC2)=C2C=C(OC)C=CC2=[NH+]1,,C38605482,85.781166,1,0,0,0,1,0,0,0,1,0
O=C(N)c1ccc(N2C(N)=C([C@@H]3[NH+]=C4C=C(C)C=CC4=[NH+]3)C(=O)C2)cc1,,C38819061,99.072311,1,0,0,0,1,0,0,0,0,0
Brc1ccc2[nH]cc(C[NH+]3[C@H]4CC([NH3+])C[C@@H]3CC4)c2c1,,C40749436,98.241508,1,0,0,0,1,0,0,0,1,0
Clc1ccc([C@@H]([NH+](CCCC)CC(=O)N)[C@H]([NH3+])CC)cc1,,C42947070,93.852615,1,0,0,0,1,0,0,0,0,0
Brc1ccc([C@H]([NH+](CCO)CCCC)C[NH3+])cc1,,C42954613,49.379822,1,0,0,0,1,0,0,0,0,0
Brc1ccc([C@H]([NH+](CC(=O)N)C(C)C)[C@@H]([NH3+])CC)cc1,,C42955142,85.613762,1,0,0,0,1,0,0,0,0,0
Brc1ccc([C@@H]([NH+](C)C[C@H](O)COC)[C@H]([NH3+])CC)cc1,,C42955319,45.468151,1,0,0,0,1,0,0,0,1,0
Brc1ccc([C@H]([NH+](C)C[C@H](O)COC)[C@H]([NH3+])CC)cc1,,C42955325,45.468151,1,0,0,0,1,0,0,0,1,0
O(CCCCCOc1ncc(C(=[NH2+])N)cc1)c1ncc(C(=[NH2+])N)cc1,,C43060190,99.987152,1,0,0,0,1,0,1,0,0,0
O=C(NC1CC(C)(C)[NH2+]C(C)(C)C1)c1nc([C@H]([NH3+])CCCC)oc1,,C43210015,66.366547,1,0,0,0,1,0,0,0,0,0
Brc1cc(C[NH+](CCC(=[NH2+])N)CC(C)C)ccc1,,C43423033,97.643219,1,0,0,0,1,1,1,1,1,0
Brc1ccc(C[NH+](CCC(=[NH2+])N)CC(C)C)cc1,,C43423044,98.01387,1,0,0,0,1,1,1,0,0,0
O(C)C(=O)c1cc(C[C@H]([NH3+])CC)n2C(C[C@@H]([NH3+])CC)=CC=Cc12,,C44405661,99.037231,1,1,0,0,1,1,0,0,1,0
Brc1sc([C@@H]([NH+](CCO)CCO)[C@H]([NH3+])C)cc1,,C43261272,73.760803,1,0,0,0,1,0,0,0,0,0
Brc1c(OC)c(OC)cc(C[NH2+]CC[NH2+]C[C@H](O)C)c1,,C20500230,46.536777,1,0,0,0,1,0,0,0,1,0
Brc1cc([C@@H]([NH2+]CC)C[NH3+])cc2OCCCOc12,,C50270288,47.890606,1,0,0,0,1,0,0,0,1,0
Brc1cc([C@H]([NH2+]C(C)C)C[NH3+])cc2OCCOc12,,C50270970,50.356121,1,0,0,0,1,0,0,0,1,0
Fc1ccc2S(=O)(=O)CC[C@@H]([NH2+]C3CCC([NH3+])CC3)c2c1,,C51692849,94.901718,1,0,0,0,1,0,0,0,0,0
Brc1ccc([C@@H]([NH+](C)C[C@H](O)C)[C@@H]([NH3+])CC)cc1,,C51817405,61.840862,1,0,0,0,1,0,0,0,0,0
O=C(N[C@H](CC=1C[NH+]=C2C=CC=CC=12)C(=O)N1CCC2(CC1)CCc1ccccc21)[C@H]([NH3+])C,,C52594508,51.885963,1,0,0,0,0,0,0,0,0,0
O(C)c1cc(OC)cc([C@H](Nc2nc(N)[nH+]c(C)c2)c2n(C)cc[nH+]2)c1,,C54104321,69.778641,1,0,0,0,1,0,0,0,1,0
O=C1N([C@H](C)C[NH3+])C(=O)NC21CC[NH+](CC[NH+]1CCCC1)CC2,,C57845837,59.203465,1,0,0,0,1,1,1,1,1,0
S(CC(=O)Nc1sc(SCC(=O)N)nn1)[C@H]1[NH+]=C2C=C(C)C=CC2=[NH+]1,,C63302030,99.375183,1,0,0,0,1,0,0,0,0,0
S(CC(=O)N(CC)CC)[C@@H]1O[C@@H]([C@@H]([NH3+])CC=2C[NH+]=C3C=CC=CC=23)NN1,,C63684370,75.430511,1,0,0,0,1,0,0,0,1,0
S(CC1[NH+]=C2C=CC=CC2=[NH+]1)C=1N(N)[C@H](c2ccncc2)NN=1,,C63744020,91.69075,1,0,0,0,1,0,0,0,0,0
O[C@@]1(C[NH2+]CCNC=2NC(=O)C=C(C)N=2)CCC[NH+]2CCCC[C@H]12,,C63856384,64.487274,1,0,0,0,1,1,0,0,1,0
O[C@@]1(CN2CCC(C(=O)N)([NH+]3CCCCC3)CC2)CCC[NH+]2CCCC[C@H]12,,C63857432,78.368057,1,0,0,0,1,1,0,0,1,0
O[C@H]1N(CC(=O)NC2[NH+]=C3C=CC=CC3=[NH+]2)C(=O)c2ccccc2N1,,C64197151,99.856865,1,0,0,0,0,0,0,0,0,0
O=C(N(C)C[C@H]1[NH+]=C2C(C)=CC=CC2=[NH+]1)CN1[C@H](C[NH+](C)C(C)C)N[NH2+]N1,,C64651179,69.70639,1,0,0,0,1,1,0,0,1,0
O=C([C@H](N)c1ccccc1)N1CCN2NC(C3[NH+]=C4C=CC=CC4=[NH+]3)=C[C@@H]2C1,,C65385781,85.653954,1,0,0,0,1,0,0,0,0,0
Clc1c([C@@H](CN/C(=[NH+]/CC=C)/N)[NH+]2CCCC2)c(F)ccc1,,C66243008,93.298332,1,0,0,0,1,1,1,1,1,0
OCCn1c(C)c(C[NH2+]C[C@@H](O)C[NH+]2CCC(C)CC2)c(C)n1,,C67122213,95.670418,1,0,0,0,1,0,0,0,1,0
O[C@H](CNC(=O)NC1CC[NH+](C2CC2)CC1)C[NH+]1CCC(C)CC1,,C67612936,99.598213,1,0,0,0,1,1,0,0,1,0
O[C@H](CNC(=O)NCC[NH+]1CCC(C)CC1)C[NH+]1CCC(C)CC1,,C67619311,99.43544,1,0,0,0,1,1,0,0,1,0
Clc1c(C[NH2+]CC(=O)Nc2ccc(C#N)cc2)cccc1,,C04897788,92.442055,1,0,0,0,1,0,0,0,0,0
O(C)c1c([C@H](CC[NH3+])c2ccc3OCOc3c2)cccc1,,C00287378,99.527435,1,0,0,0,0,0,0,0,0,0
O(C)c1ccc(C[C@H]([NH3+])Cc2ccc3OCOc3c2)cc1,,C11601182,99.548225,1,0,0,0,0,0,0,0,0,0
O(C)c1cc(OC)cc([C@@H]([NH3+])c2ccc(N(C)C)cc2)c1,,C11737563,97.923576,1,0,0,0,0,0,0,0,0,0
OCC[NH2+]Cc1n(-c2sc3cc(C)ccc3n2)ccc1,,C10038112,90.494171,1,0,0,0,1,0,0,0,0,0
O=C1NC(C[NH2+]CCC(C)C)=Nc2sc3CCCc3c12,,C18937017,52.533531,1,0,0,0,0,0,0,0,1,0
OC1CCC([NH2+][C@@H](C)c2c(OC)ccc(OC)c2)CC1,,C19918778,99.867058,1,0,0,0,0,0,0,0,0,0
O(C)c1c(OC)ccc([C@@H]([NH3+])c2c(C)cc(OC)cc2)c1,,C19972084,97.201019,1,0,0,0,0,0,0,0,0,0
Clc1c(CCC=2Sc3n(N=2)cc(CC[NH3+])n3)cccc1,,C20270595,91.954819,1,0,0,0,0,0,0,0,0,0
Fc1ccc([C@@H]([NH3+])c2c(OC)cc(OC)c(OC)c2)cc1,,C20440095,91.237312,1,0,0,0,0,0,0,0,0,0
Clc1cc([N+](=O)[O-])cc([C@H]([NH3+])[C@@H](CC)c2ccccc2)c1,,C21505327,96.397827,1,0,0,0,0,0,0,0,1,0
O(C)c1ccc(O[C@@H](C[NH3+])c2ccc(OC)cc2)cc1,,C32120426,90.171074,1,0,0,0,0,0,0,0,0,0
O=C(NCC(C)C)[C@H]1[C@@H](c2cc(OC)ccc2)C[NH2+]C1,,C35667075,95.973557,1,0,0,0,1,0,0,0,0,0
O(CC(C)C)c1ccc2O[C@]3(CN(CC[NH3+])CC3)CCc2c1,,C36149061,49.327717,1,0,0,0,0,0,0,0,0,0
Fc1ccc(-c2c(CC[NH3+])n3C=CC=C(OCC)c3n2)cc1,,C36222966,96.938568,1,0,0,0,1,1,0,0,0,0
Clc1cc([C@H]([NH2+][C@H](C)CC)CO)cc2OCOc12,,C38116654,99.603554,1,0,0,0,1,0,0,0,0,0
Clc1ccc(-c2c(C[NH2+]Cc3occc3)c[nH]n2)cc1,,C40464599,46.62368,1,0,0,0,1,0,0,0,0,0
Clc1cc([C@@H](N)c2n(CCC)cc[nH+]2)c(OC)cc1,,C41109953,38.839314,1,0,0,0,0,0,0,0,0,0
O(C)c1c([C@@H]([NH3+])c2scc(C(C)C)n2)ccc(OC)c1,,C41182832,53.855789,1,0,0,0,0,0,0,0,1,0
S(c1[nH]nc(C)n1)c1c([C@@H]([NH2+]CC)C)c(F)ccc1,,C41632878,99.057686,1,0,0,0,1,0,0,0,0,0
S(CC(=O)N1C[C@@H](C)C[C@H](C)C1)/C(=[NH+]/[C@H](C)CC)/N,,C42634341,98.472694,1,0,0,0,0,0,0,0,1,0
O(Cc1sccc1)c1c(C[C@H]([NH3+])C)cc2OCOc2c1,,C42877983,99.719276,1,0,0,0,0,0,0,0,1,0
O(C)c1ccc([C@@H](Oc2cc(C#N)ccc2)[C@@H]([NH3+])C)cc1,,C42963286,96.575447,1,0,0,0,0,0,0,0,0,0
O([C@H]([C@H]([NH3+])CC)c1cscc1)c1ccc2OCOc2c1,,C43125173,97.145782,1,0,0,0,0,0,0,0,0,0
O([C@@H]([C@@H]([NH3+])C)c1cn(C)nc1)c1cc(C)c(C(C)C)cc1,,C43233616,96.995834,1,0,0,0,0,0,0,0,0,0
O([C@H]([C@@H]([NH3+])CC)c1cn(C)nc1)c1cc(CC)ccc1,,C43235184,97.038597,1,0,0,0,0,0,0,0,0,0
Clc1c(O[C@@H]([C@@H]([NH3+])CC)c2cn(C)nc2)ccc(F)c1,,C43236592,96.700661,1,0,0,0,0,0,0,0,1,0
FC(F)(F)c1nn([C@H]([C@H]([NH3+])CC)c2oc(C)cc2)cc1,,C43365601,84.770226,1,0,0,0,0,0,0,0,1,0
O(C)c1c(O[C@H]([C@H]([NH3+])C)c2oc(C)cc2)ccc(C)c1,,C43366246,91.211548,1,0,0,0,0,0,0,0,0,0
O(C)c1c(O[C@H]([C@@H]([NH3+])C)c2oc(C)cc2)ccc(C)c1,,C43366250,91.211548,1,0,0,0,0,0,0,0,0,0
O([C@@H]([C@H]([NH3+])C)c1oc(C)cc1)c1cc(N(C)C)ccc1,,C43367072,92.187881,1,0,0,0,0,0,0,0,0,0
Clc1c(O)ccc(C[NH2+][C@@H](C(C)C)C(OC)=O)c1,,C43477560,56.841476,1,0,0,0,1,0,0,0,0,0
Brc1c(O[C@@H](CC)C#N)c(OC)cc(C[NH3+])c1,,C43538968,97.619133,1,0,0,0,0,0,0,0,0,0
O=C(Nc1cc(C)ccc1)C[NH2+][C@@H](C)c1c(C)oc(C)c1,,C44730583,57.92527,1,0,0,0,1,0,0,0,0,0
O(C)c1ccc2cc(C[NH+](C)CC(C)C)c(N)nc2c1,,C50812957,71.255119,1,0,0,0,1,0,0,0,0,0
Clc1c(NC(=O)C[NH+](C)C[C@H](O)C)c(C)cc(C)c1,,C51837502,82.489815,1,0,0,0,1,0,0,0,0,0
O[C@@H]1[C@H]([NH2+][C@@H](C)c2c(OC)cc(OC)cc2)CCCC1,,C51992522,99.564629,1,0,0,0,1,0,0,0,1,0
[NH+](C)(C)C[C@@H](C(C)C)n1c(C(C)C)nc2cc(N)ccc12,,C52854594,52.839973,1,1,0,0,1,1,0,0,0,0
O([C@@H]([C@H]([NH3+])C)c1cn(C)nc1)c1ccc(CCC)cc1,,C53331928,96.997429,1,0,0,0,0,0,0,0,0,0
Oc1c(OC)cc(-c2sc([C@H]([NH2+]CC)C)cn2)cc1,,C54160257,74.28656,1,0,0,0,1,0,0,0,1,0
O(C(C)C)c1ccc([C@@H]([NH2+]Cc2c(C)[nH]cn2)C)cc1,,C54794723,65.526314,1,0,0,0,1,0,0,0,1,0
Clc1c(OC(F)F)ccc(NCc2[nH+]c(C)[nH]c2)c1,,C54798200,41.26572,1,0,0,0,1,0,0,0,0,0
Oc1c([C@H](NC2CC[NH+](C3CC3)CC2)C)cc(OC)cc1,,C37140948,96.473892,1,0,0,0,0,0,0,0,1,0
O(C)c1cc(C[C@H](C[NH3+])c2ccc3OCCOc3c2)ccc1,,C57758543,99.275955,1,0,0,0,0,0,0,0,1,0
O[C@H](C[NH2+]CC1CCC(C)CC1)c1ccc2OCOc2c1,,C58864577,99.197807,1,0,0,0,1,0,0,0,0,0
O(C(C)C)c1cc([C@H](N)c2n(CCC)cc[nH+]2)ccc1,,C61667081,39.393429,1,0,0,0,0,0,0,0,1,0
S(=O)(=O)(NC[C@H]1C[NH2+][C@H](C)CC1)CC1CCCCC1,,C62037584,97.55114,1,0,0,0,1,0,0,0,1,0
ClC(Cl)(Cl)c1n(CCC(C)C)nnc1C[NH3+],,C62300154,90.002319,1,0,0,0,0,0,0,0,0,0
O=C(N[C@@H](C)c1[nH+]c(-c2ccccc2)c[nH]1)[C@H](C)CC,,C58225086,81.152374,1,0,0,0,1,0,0,0,0,0
O([C@H](C)CC)c1cc(-c2c(C[NH2+]C)c(C)n[nH]2)ccc1,,C66135611,79.999458,1,0,0,0,1,0,0,0,1,0
O=C([O-])[C@@H]([NH3+])c1cc(OC)cc(OC)c1,,C04202366,92.989395,1,0,0,0,0,0,0,0,0,0
O=C([C@H]([NH3+])CC(C)C)N1[C@H](C(=O)[O-])CCC1,,C04556775,54.39817,1,0,0,0,0,0,0,0,0,0
O=C(NN)COc1c(OC)cc(C)cc1,,C00434082,100,1,0,0,0,0,0,0,0,0,0
O[C@@]1(C)[C@H]([NH2+]CCC(=O)[O-])COCC1,,C02475561,94.921562,1,0,0,0,0,0,0,0,0,0
O=C(NN)c1c(C)nc(C)c(-c2ocnn2)c1,,C03239668,97.832176,1,0,0,0,0,0,0,0,0,0
S(=O)(=O)([C@@H](C)C(=O)NN)c1ccc(C)cc1,,C04290621,100,1,0,0,0,0,0,0,0,0,0
O(C)C(=O)[C@@H](C)C=1C(=O)NC(N)=NC=1C,,C05818098,81.499832,1,0,0,0,0,0,0,0,0,0
O=C([O-])C1=C(/C=C\C)CS[C@@H]2[C@H]([NH3+])C(=O)N12,,C26892296,99.102348,1,0,0,0,0,0,0,0,0,0
O=C(NNC(=O)C1=CC(=O)Nc2ccccc12)C,,C13633194,99.995796,1,0,0,0,1,0,0,0,0,0
O=C(NN)C(C)(C)N1CCOCC1,,C30769518,53.392998,1,0,0,0,0,0,0,0,0,0
O=C(NC)c1c(N)n(C)c(C)c1C(=O)C,,C32593664,100,1,0,0,0,1,0,0,0,0,0
S=C1N([C@H](C)C(=O)N)C(CC)=NN1,,C35796053,99.282639,1,0,0,0,1,0,0,0,0,0
S=C1N([C@@H](C)C(=O)N)C(C)=NN1,,C35796056,99.267624,1,0,0,0,1,0,0,0,0,0
S(=O)(=O)([N-]c1n(C)nc(C)c1)CC[NH3+],,C37116318,53.76767,1,0,0,0,1,0,0,0,0,0
O=C(N[C@H](C)CC)Cn1nc(N)nc1,,C37996099,74.775635,1,0,0,0,1,0,0,0,0,0
O=C(N)C(=O)Nc1nc(C)cc(C)n1,,C38723694,99.871063,1,0,0,0,1,0,0,0,0,0
O(C)C(=O)N1C[C@@H]([NH3+])[C@@H](C(=O)[O-])C1,,C39083348,85.151817,1,0,0,0,0,0,0,0,0,0
BrC=1[C@H](C(=O)NN)N=NN=1,,C39273458,82.766182,1,0,0,0,0,0,0,0,0,0
Fc1c(O)c(O)ccc1[C@H](NC=O)CC=O,,C39496947,60.745293,1,0,0,0,0,0,0,0,0,0
S=C(N)[C@H](NC(=O)c1cn(C)nc1)C,,C40352099,99.99147,1,0,0,0,1,0,0,0,0,0
O=C([O-])CN(C)C(=O)C1CCC([NH3+])CC1,,C40469822,99.594162,1,0,0,0,0,0,0,0,0,0
O=C(C[C@@H]([NH3+])C)N1[C@@H](C(=O)[O-])C[C@H](OC)C1,,C40480532,98.438354,1,0,0,0,0,0,0,0,0,0
O=C([O-])C[C@@H](NC(=O)[C@@H]1[NH2+]CCC1)C,,C40481836,77.739075,1,0,0,0,1,0,0,0,0,0
S=C(N)CNC(=O)C(=O)N1C[C@H](C)CC1,,C40724916,100,1,0,0,0,0,0,0,0,0,0
O=C([O-])C[C@H]1N(C(=O)[C@H]([NH3+])C)CCC1,,C42164460,50.786221,1,0,0,0,0,0,0,0,0,0
O=C([O-])CN(C(=O)N1C[C@@H]([NH3+])CCC1)C1CC1,,C42305030,98.054359,1,0,0,0,0,0,0,0,0,0
O=C([O-])[C@H](C)[NH+]1[C@@H](C(=O)N)CCCC1,,C42405347,91.341492,1,0,0,0,1,0,0,0,0,0
ClCC(=O)NC(=O)N[C@@H](C)C(=O)NC,,C42576062,100,1,0,0,0,1,0,0,0,0,0
O=C(C([NH3+])(C)C)N1C[C@H](C(=O)[O-])OCC1,,C43705647,76.449249,1,0,0,0,0,0,0,0,0,0
Fc1cc([C@@H]([NH3+])CC(=O)[O-])c2OCOCc2c1,,C44219117,89.116524,1,0,0,0,0,0,0,0,0,0
S(=O)(=O)(N[C@H](C)C(=O)N)CC#N,,C44509724,91.522514,1,0,0,0,1,0,0,0,0,0
S=C(N)[C@H](C)C(=O)Nc1scnn1,,C44833285,99.933777,1,0,0,0,1,0,0,0,0,0
S=C(N)[C@H](C)C(=O)N1[C@H](C(=O)NC)CCC1,,C44858461,100,1,0,0,0,1,0,0,0,0,0
S(=O)(=O)(N(C)[C@@H](C)/C(/N)=N/O)C,,C45145697,96.7929,1,0,0,0,1,0,0,0,0,0
O=C([O-])[C@@H]([NH3+])Cn1c(C)c(CC)c(C)n1,,C45459122,79.549629,1,0,0,0,0,0,0,0,0,0
Nc1n(C)ncc1-c1nc(C)[nH]n1,,C48630492,91.147789,1,0,0,0,1,0,0,0,0,0
O=C(NNC(=O)C=1OCCOC=1)NC,,C48949178,100,1,0,0,0,1,0,0,0,0,0
O=C(NNC(=O)c1c(C)n(C)nc1)NC,,C48949891,99.989403,1,0,0,0,1,0,0,0,0,0
O=C([O-])[C@@H]([NH2+][C@H](C)c1n[nH]cc1)C,,C49358199,53.676083,1,0,0,0,0,0,0,0,0,0
O=C([O-])/C=C/C(=O)N1C[C@H]([NH3+])CC1,,C50242357,96.251595,1,0,0,0,0,0,0,0,0,0
O=C([O-])[C@@H]1[C@@H](C(=O)N2C[C@H](C[NH3+])CC2)C1,,C50250611,98.601357,1,0,0,0,0,0,0,0,0,0
S(CCC(=O)N)c1ncnc2nc[nH]c12,,C51037133,90.092094,1,0,0,0,1,0,0,0,0,0
O=C(NN)C(=O)N1[C@H](C)C[C@H](C)CC1,,C51750480,100,1,0,0,0,0,0,0,0,0,0
O=C([O-])C[C@H](C[NH3+])c1ccc2OCOc2c1,,C57515469,98.440666,1,0,0,0,0,0,0,0,0,0
S(=O)(=O)([C@H](C)C(=O)[O-])N1C[C@@H](C[NH3+])CC1,,C50246536,99.038162,1,0,0,0,0,0,0,0,0,0
O=C([C@H]([NH3+])C)N1CCC(C)(C(=O)[O-])CC1,,C62842834,50.054676,1,0,0,0,0,0,0,0,0,0
O=C(N1C[C@H]([NH3+])CC1)N1C[C@@](C)(C(=O)[O-])CC1,,C62935071,96.233803,1,0,0,0,0,0,0,0,0,0
O=C(NN)C(=O)N1CCC(CC)(CC)CC1,,C62960583,100,1,0,0,0,0,0,0,0,0,0
O=C(N)[C@@]1(NCCC)CS(=O)(=O)CC1,,C62962933,98.385582,1,0,0,0,1,0,0,0,0,0
O[C@@H]1[C@H](O)[C@H](O)O[C@H](C(OC)=O)[C@@H]1OC,,C65743382,99.999893,1,0,0,0,1,0,0,0,0,0
Clc1c(N2CC[NH+](C[C@@H](O)C(F)(F)F)CC2)[nH+]cc(C(F)(F)F)c1,,C04050461,86.434006,1,0,0,0,0,0,0,0,0,0
Oc1c(C[NH+](C)C)cc(C(=O)/C=C/c2ccc(OC)cc2)cc1C[NH+](C)C,,C06374819,67.593773,1,0,0,0,1,1,0,0,0,0
O=C1C(c2c(C[NH+]3CCOCC3)cccc2)=CC=C2N1C[C@@H]1C[NH+](C3CCOCC3)C[C@H]2C1,,C08296447,86.874634,1,0,0,0,0,1,0,0,1,0
S(SC(=S)N1CC[NH+](C)CCC1)C(=S)N1CC[NH+](C)CCC1,,C02013172,97.836357,1,0,0,0,1,0,0,0,0,0
O(CCN1C(=[NH2+])N(CC[NH+]2CCOCC2)c2ccccc12)c1ccccc1,,C00821025,52.083057,1,0,0,0,0,0,0,0,1,0
O=C(NC[C@@H]1[NH+]2C[C@H](C[NH+]3CCCC3)[C@H](C1)CC2)c1ccc2OCOc2c1,,C08635577,99.240372,1,0,0,0,0,0,0,0,0,0
O=C(NC[C@@H]1[NH+]2C[C@H](C[NH+]3C[C@H]4CN5C(=O)C=CC=C5[C@@H](C3)C4)[C@H](C1)CC2)c1ccccc1,,C08635605,97.910782,1,0,0,0,0,0,0,0,0,0
FC(F)(F)[C@]1(Nc2c(C)ccc[nH+]2)C(=O)N(Cc2occc2)C(c2ccccc2)=[NH+]1,,C06759202,82.659439,1,0,0,0,0,0,0,0,0,0
O[C@H]1[C@H]([NH+]2CCCCCC2)CC[NH+](Cc2c(OC)c(OC)c(OC)cc2)C1,,C11818103,83.683273,1,0,0,0,1,0,0,0,1,0
O(C)c1cc(C[NH+]2C[C@]3(C[NH+](CC4CCC4)CCC3)CC2)cc2OCOc12,,C11874057,98.859283,1,0,0,0,1,1,0,0,1,0
O=C(C[NH+]1C[C@@H](c2cscc2)Oc2ccc(C)cc2C1)N1CCC([NH+]2CCOCC2)CC1,,C11963193,92.430168,1,0,0,0,0,0,0,0,1,0
Clc1cc(C)c(OCC(=O)N[C@H]2C[NH+](C3CC[NH+](C)CC3)CCC2)cc1,,C12588367,98.1147,1,0,0,0,1,0,0,0,1,0
S(=O)(=O)(CC)c1n(CCCC)c(C[NH+]2C[C@]3(C[NH+](C)CCC3)CCC2)cn1,,C12434243,95.22702,1,0,0,0,0,0,0,0,1,0
O=C(N1C[C@@]2(C[NH+](C)CC2)CC1)c1ccc(OC2CC[NH+](CCc3ccccc3)CC2)cc1,,C14981585,99.529411,1,0,0,0,0,0,0,0,0,0
O=C(N[C@H]1CN(C2CC[NH+](C)CC2)CCC1)C1([NH+]2CCCCC2)CCCCC1,,C19740412,96.901428,1,0,0,0,1,1,0,0,1,0
O[C@@H]1C[NH+](Cc2nnn(CC3CC[NH+](C4CCSCC4)CC3)c2)CCC1,,C23339982,97.158012,1,0,0,0,1,1,0,0,1,0
Clc1ccc2[n+](/N=C(\O)/CC[NH+](C)C)c3-c4cccc5cccc(c45)-c3nc2c1,,C17123960,92.420792,1,0,0,0,1,0,0,0,1,0
Brc1c(F)ccc([C@@H]([NH2+]CCCN2CC[NH+](C)CC2)C)c1,,C37229185,53.183926,1,0,0,0,1,1,0,0,1,0
O(C)c1c(-c2c(CC)n3C=C(N4CC[NH2+]CC4)C=Cc3[nH+]2)cc(OC)cc1,,C36237493,97.63163,1,0,0,0,1,0,0,0,1,0
FC=1C=CC2=[NH+][C@H](C(OCC)=O)C(NC(=O)[C@H](C)[NH+]3CCCCC3)=C2C=1,,C38605504,63.567867,1,0,0,0,1,0,0,0,1,0
FC=1C=CC2=[NH+][C@H](C(OCC)=O)C(NC(=O)CC[NH+]3CCCCC3)=C2C=1,,C38612337,98.792923,1,0,0,0,1,0,0,0,1,0
ClC=1C=CC2=[NH+][C@H](C(OC)=O)C(NC(=O)CC[NH+]3C[C@H](C)CCC3)=C2C=1,,C38612544,98.923584,1,0,0,0,1,0,0,0,1,0
O=C(Nc1ccc(OC)cc1)C[NH+](C)CC(=O)C=1[C@H](C)[NH+]=C2C=CC=CC=12,,C39335679,83.569839,1,0,0,0,0,0,0,0,0,0
Fc1c([C@H]2C(C[NH2+]Cc3ccc(-n4ncnc4)cc3)=CN=[NH+]2)ccc(F)c1,,C39398994,88.768044,1,0,0,0,0,0,0,0,0,0
[NH2+](Cc1c(-n2ncnc2)cccc1)CC=1[C@@H](c2cc(C)c(C)cc2)[NH+]=NC=1,,C39404930,77.219673,1,0,0,0,0,0,0,0,1,0
O=C(Nc1ccc(-n2c(C)[nH+]cc2)cc1)[C@@H]1C[NH+](C2CCSCC2)CCC1,,C39542142,65.928192,1,0,0,0,1,0,0,0,0,0
O=C(Nc1ccc(OC)cc1)C[NH+](C)[C@@H](C)C(=O)C=1[C@H](C)[NH+]=C2C=CC=CC=12,,C39738397,82.629288,1,0,0,0,0,0,0,0,0,0
O=C(Nc1c(C)cc(N2CC[NH+](CC)CC2)cc1)N1CC[NH+](CC2CC2)CC1,,C47373768,96.713043,1,0,0,0,1,0,0,0,0,0
O=C(NCc1cc(N2CC[NH+](C)CC2)[nH+]cc1)/C=C/c1ccc(OCC)cc1,,C47398356,87.783615,1,0,0,0,1,0,0,0,0,0
[NH+](CC)(CC)CCC[n+]1c(N)c2c(c(-c3ccccc3)oc2nc1)-c1ccccc1,,C49762669,99.952637,1,0,0,0,1,1,0,0,1,0
O[C@@H](COc1ccc(C(=O)CC)cc1)C[NH+]1CCC([NH+]2CCCC2)CC1,,C51924670,95.49279,1,0,0,0,1,0,0,0,0,0
Brc1scc(C[NH+](C)CC2(C[NH2+]CCC)CCOCC2)c1,,C52197461,99.17276,1,0,0,0,1,1,0,0,1,0
O=C(NCc1c[nH+]c(N2CCOCC2)cc1)CCC=1C[NH+]=C2C=CC=CC=12,,C63072947,75.68412,1,0,0,0,0,0,0,0,0,0
O(C)C=1C=CC2=[NH+][C@@H]3C(=O)N(CCC=4C[NH+]=C5C=CC=CC=45)C=NC3=C2C=1,,C63349765,68.632103,1,0,0,0,0,0,0,0,1,0
O=C(NCCC[NH+](C)Cc1ccccc1)[C@H]1SC=2C(C(=O)[NH+]=C3C=CC(C)=CC=23)=C1,,C63494162,87.793022,1,0,0,0,1,0,0,0,0,0
S(CC(=O)N[C@@H](C(OC)=O)c1ccccc1)[C@@H]1[NH+]=C2C=C(C)C=CC2=[NH+]1,,C63515580,99.412148,1,0,0,0,0,0,0,0,0,0
O(C)C=1C=CC2=[NH+]CC(CC[NH2+][C@H]3C(=O)N(c4cccc5ccccc45)C(=O)C3)=C2C=1,,C63633139,83.726181,1,0,0,0,0,0,0,0,0,0
S(CC(=O)N[C@H](C)c1ccc2OCCCOc2c1)C1[NH+]=C2C=CC=CC2=[NH+]1,,C63698894,99.421814,1,0,0,0,0,0,0,0,0,0
S(CC(=O)N[C@@H]1[C@@H](C(OCC)=O)C=C(C)S1)C1[NH+]=C2C=CC=CC2=[NH+]1,,C63772588,99.425674,1,0,0,0,0,0,0,0,0,0
O(C)c1cc(N2C(=O)[C@H]([NH2+]CCC=3C[NH+]=C4C=CC(C)=CC=34)CC2=O)ccc1,,C63867169,80.707527,1,0,0,0,0,0,0,0,0,0
O=C(NC[C@H]1C[NH+](C2CSCCSC2)CCC1)[C@H]1[NH+]=C2C=CC=CC2=C1,,C64093483,98.254707,1,0,0,0,0,0,0,0,1,0
O(C)C(=O)CC[C@@H]1[C@H](N2CCOCC2)CC[NH+](CC=2C[NH+]=C3C=CC=CC=23)C1,,C64110579,71.867508,1,0,0,0,1,0,0,0,1,0
O=C(NC1CC[NH+](C2CC2)CC1)C[NH+]1[C@H](c2ccc(OCC)cc2)CCC1,,C64507945,71.806976,1,0,0,0,1,1,0,0,1,0
O(C)CCN1C(=O)[C@H](C[NH2+]C[C@H]2[NH+]=C3C=CC=CC3=C2)Cc2cc(C)ccc12,,C64609776,77.901039,1,0,0,0,0,0,0,0,1,0
C(n1c([C@@H]2[NH+]=C3C=CC=CC3=C2)c(-c2ccccc2)nc1)[C@@H]1OCC[NH2+]C1,,C65461823,66.809502,1,0,0,0,0,0,0,0,0,0
O=C(NCCCCn1c[nH+]cc1)N(C)C1CC[NH+](C2CCC(C)CC2)CC1,,C66187504,78.673134,1,0,0,0,0,0,0,0,1,0
Fc1c(N2CC[NH+](C)CC2)ccc([C@H]([NH2+][C@@H](C)c2onc(C3CC3)n2)C)c1,,C66390567,56.807121,1,0,0,0,1,0,0,0,0,0
C(/C=C/CN1CCC([NH+]2CCCC2)CC1)N1CCC([NH+]2CCCC2)CC1,,C66532896,98.021988,1,0,0,0,1,1,0,0,0,0
O(C)c1cc(C[NH2+][C@H](C)c2ccc(N3CC[NH+](C)CC3)cc2)cc2OCOc12,,C67250845,98.401588,1,0,0,0,1,0,0,0,0,0
O=C(N[C@@H]1CN2CC[NH+](C)C[C@@H]2C1)c1oc(CC)c(C[NH+](CC)CC)c1,,C67587863,79.863319,1,0,0,0,1,1,0,0,1,0
S(=O)(=O)(Nc1c[nH+]c(N2CC[NH+](C)CC2)cc1)c1c(C)c(C)c(C)c(C)c1C,,C08705466,78.795128,1,0,0,0,1,0,0,0,0,0
Clc1c(N2CC[NH+](CCOC(=O)c3sccc3)CC2)[nH+]cc(C(F)(F)F)c1,,C08782010,60.379478,1,0,0,0,0,0,0,0,1,0
S([C@H]1C[NH+](Cc2c(C)ccc(C)c2)[C@H](C(=O)N2CC[NH+](C)CCC2)C1)c1nc(C)cc(C)n1,,C11995274,66.677689,1,0,0,0,0,0,0,0,0,0
S(CC[NH+]1CCCC1)c1nc([C@H]2C[NH+](CC=3C(=O)c4cc(C)ccc4OC=3)CCC2)ccn1,,C12098869,94.397568,1,0,0,0,1,1,0,0,1,0
Fc1c(OC)ccc(-c2c(C[NH2+]CC[C@@H]3[NH+](C)CCC3)cn(-c3c(C)cccc3)n2)c1,,C12298759,98.89817,1,0,0,0,1,0,0,0,1,0
FC(F)(F)CCC[NH+]1C[C@]2(C[NH+](Cc3c(F)ccc(OC)c3)CCC2)CC1,,C12385357,96.713356,1,0,0,0,0,1,0,0,1,0
O=C(Nc1ccc(OC)cc1)[C@@H]1C[NH+](C)[C@@H](C2CC[NH+](C[C@H]3COCC3)CC2)C1,,C19587638,98.529175,1,0,0,0,1,0,0,0,0,0
Fc1c(F)cccc1C[NH+]1C[C@@]2(CN(C3CC[NH+](CCC)CC3)CC2)CCC1,,C20210131,96.526443,1,0,0,0,1,1,0,0,1,0
Clc1ccc(C(=O)N2CC[NH+](CC/[NH+]=C/3\C=C(O)Oc4ccccc\34)CC2)cc1,,C22472434,77.98526,1,0,0,0,0,0,0,0,0,0
Brc1c(OC)c(C[NH2+]CCC[NH+]2CCCC2)cc(Br)c1,,C35015692,97.295403,1,0,0,0,1,0,0,0,1,0
Clc1ccc([C@H]2[NH+](CC(=O)NCC[NH+]3CCCCC3)CCn3cccc23)cc1,,C35522953,96.379059,1,0,0,0,0,0,0,0,1,0
Fc1c([C@@H]2[NH+](CC(=O)NCCC[NH+]3[C@@H](C)CCCC3)CCn3cccc23)ccc(F)c1,,C35523276,99.2686,1,0,0,0,1,0,0,0,1,0
Fc1c(F)c(NC(=O)C[NH+](CCC)CC(=O)C=2[C@@H](C)[NH+]=C3C=CC=CC=23)ccc1F,,C38787334,83.282249,1,0,0,0,0,0,0,0,0,0
S(=O)(=O)(/N=C\1/[C@@H](NCCC(C)C)[NH+]=C2C=CC=CC2=[NH+]/1)c1ccc(F)cc1,,C38979466,83.830688,1,0,0,0,1,0,0,0,0,0
O(C)CCN1[C@@H](NC(=O)c2sccc2)C(C2[NH+]=C3C=CC=CC3=[NH+]2)=C(C)[C@H]1C,,C39041489,89.548882,1,0,0,0,0,0,0,0,0,0
Brc1c(OCCCC#N)cc(OC)c(/C=C(\C#N)/C2[NH+]=C3C=CC=CC3=[NH+]2)c1,,C39370670,99.764107,1,0,0,0,0,0,0,0,0,0
Clc1cc([C@@H]2C(=O)[NH+]=C3C=CC=CC3=[NH+]2)c(NS(=O)(=O)c2ccccc2)cc1,,C39404745,85.757263,1,0,0,0,0,0,0,0,0,0
O=C([C@H]([NH2+][C@@H](C)c1ccc2OCCOc2c1)c1ccccc1)C=1C[NH+]=C2C=CC=CC=12,,C39746810,48.316196,1,0,0,0,0,0,0,0,0,0
Brc1cc(OC)c(OC)c(/C=C(/C#N)\[C@@H]2[NH+]=C3C=C(OC)C=CC3=[NH+]2)c1,,C39969141,94.38121,1,0,0,0,0,0,0,0,0,0
N(/N=C/[C@@H]1CN(Cc2c(C#N)cccc2)c2ccccc12)C1[NH+]=C2C=CC=CC2=[NH+]1,,C39978355,99.330467,1,0,0,0,0,0,0,0,0,0
Oc1ccc(N2CC[NH+](CC=3[NH+]=C4SC=C(c5ccccc5)N4C(=O)C=3)CC2)cc1,,C49590218,72.867157,1,0,0,0,1,0,0,0,0,0
Brc1c(OCC)c(Br)cc(C[NH2+]CC[NH+](C)CC)c1,,C49938286,69.780815,1,0,0,0,1,0,0,0,1,0
S(CC(=O)C=1C[NH+]=C2C=CC=CC=12)[C@H]1N(c2ccccc2)C(N2CCCCC2)=[NH+]N1,,C39933502,74.243217,1,0,0,0,0,0,0,0,1,0
S([C@@H](CC)C(=O)N[C@@H]1SCC(c2ccccc2)=N1)C1[NH+]=C2C=CC=CC2=[NH+]1,,C63279377,99.332375,1,0,0,0,0,0,0,0,0,0
O=C(N[C@H](C1[NH+]=C2C=CC=CC2=[NH+]1)c1ccccc1)c1cc(OC)c(OC)cc1,,C63478221,99.368935,1,0,0,0,0,0,0,0,0,0
O=C(N[C@@H](C1[NH+]=C2C=CC=CC2=[NH+]1)c1ccccc1)c1cc(OC)c(OC)cc1,,C63478222,99.368935,1,0,0,0,0,0,0,0,0,0
O(C)CCN1[C@@H](NC(=O)c2c(C)cccc2)[C@H]([C@H](C)[C@@H]1C)C1[NH+]=C2C=CC=CC2=[NH+]1,,C63491018,54.816326,1,0,0,0,0,0,0,0,0,0
O=C(NCc1ccc(OCC)cc1)C1CCN([C@H]2[NH+]=C3C=C(C)C=CC3=[NH+]2)CC1,,C63694798,71.83815,1,0,0,0,0,0,0,0,0,0
ClC=1C=CC2=[NH+][C@@H](N3CCC(C(=O)N[C@@H](C)Cc4occc4)CC3)[NH+]=C2C=1,,C63695508,70.830276,1,0,0,0,1,0,0,0,0,0
S(=O)(=O)(CCC(=O)Nc1ccc(C2[NH+]=C3C=CC=CC3=[NH+]2)cc1)c1ccc(C)cc1,,C63696123,99.089531,1,0,0,0,0,0,0,0,0,0
S(C[C@@H]1C(=O)[NH+]=C2C=CC=CC2=[NH+]1)c1ccc(NC(=O)c2ccccc2)cc1,,C63751694,99.905891,1,0,0,0,1,0,0,0,0,0
S(C[C@@H]1C(=O)[NH+]=C2C=CC=CC2=[NH+]1)c1ccc(NC(=O)c2c(F)cccc2F)cc1,,C63751818,99.905891,1,0,0,0,1,0,0,0,0,0
O=C([C@@H]([NH2+]C[C@@H]([C@H]1SC=CC1)C=1C[NH+]=C2C=CC=CC=12)C)N1CCc2ccccc12,,C63830800,45.817345,1,0,0,0,0,0,0,0,1,0
O=C1N(CCc2ccccc2)C2(C(=O)N1C(C)C)CC[NH+](CC=1C[NH+]=C3C=CC=CC=13)CC2,,C63980677,78.383644,1,0,0,0,0,0,0,0,1,0
O=C1N(CC)C2(C(=O)N1C1Cc3ccccc3C1)CC[NH+](C[C@@H]1[NH+]=C3C=CC=CC3=C1)CC2,,C63985638,84.167816,1,0,0,0,0,0,0,0,0,0
O=C1N(C)C2(C(=O)N1Cc1ccc3ccccc3c1)CC[NH+](C[C@H]1[NH+]=C3C=CC=CC3=C1)CC2,,C63993975,84.048096,1,0,0,0,0,0,0,0,0,0
S(CC(=O)N1CCC2([C@@H](C(=O)Nc3cc(F)c(F)cc3)C2)CC1)[C@@H]1[NH+]=C2C=C(C)C=CC2=[NH+]1,,C64002166,99.399109,1,0,0,0,0,0,0,0,0,0
O(C)C(=O)[C@@H]1C2(N(CCC(C)C)C(=O)C1)CC[NH+](CC=1C[NH+]=C3C=CC=CC=13)CC2,,C64006902,85.577515,1,0,0,0,0,0,0,0,1,0
O=C(NCC[NH+]1C[C@@H](c2ccccc2)Oc2ccccc2C1)CC=1C[NH+]=C2C=CC=CC=12,,C64015506,55.505238,1,0,0,0,0,0,0,0,1,0
O=C(CCn1c(C)[nH+]cc1)N1[C@H](C2CCCCC2)[C@@H]2[NH+]=C3C=CC=CC3=C2CC1,,C64031674,47.458443,1,0,0,0,0,0,0,0,0,0
Clc1c([C@H](CNC(=O)CSC=2N(C)CC[NH+]=2)C=2C[NH+]=C3C=CC=CC=23)ccc(Cl)c1,,C64054961,81.054932,1,0,0,0,0,0,0,0,1,0
O(C)c1c(C)cc([C@@H]2N(Cc3n(CC)cc[nH+]3)CCC=3[C@H]2[NH+]=C2C=CC=CC=32)cc1,,C64057953,28.046299,1,0,0,0,0,0,0,0,0,0
O=C(NCCc1c(OC)cccc1)[C@H]1C2(C1)CC[NH+](C[C@H]1[NH+]=C3C=CC=CC3=C1)CC2,,C64058465,92.105736,1,0,0,0,0,0,0,0,0,0
FC=1C=CC2=[NH+][C@H](C)C(CC(=O)NC[C@H]([NH+]3CCCC3)c3cc(OC)ccc3)=C2C=1,,C64066541,86.307732,1,0,0,0,1,0,0,0,1,0
O=C(Nc1c(C#N)c2CCCc2s1)CC[NH+]1CCC(C=2C[NH+]=C3C=CC=CC=23)CC1,,C64076603,84.189255,1,0,0,0,0,0,0,0,0,0
Fc1cc(CN2C(=O)[C@H]3[C@H](SC=4C[C@H]([NH2+]CCC=5C[NH+]=C6C=CC=CC=56)CCC3=4)N=C2)ccc1,,C64152257,77.455658,1,0,0,0,0,0,0,0,0,0
O=C(N1CCN(C[C@@H]2[NH+]=C3C=C(OC)C=CC3=[NH+]2)CC1)C1(c2sccc2)CCCC1,,C64410785,39.986221,1,0,0,0,0,0,0,0,0,0
Brc1ccc(NC(=O)[C@@H](S[C@H]2[NH+]=C3N=CC=CC3=[NH+]2)CC)cc1,,C64490970,99.919014,1,0,0,0,0,0,0,0,0,0
S(C)c1ccc(NC(=O)[C@@H]2C3(C2)CC[NH+](C[C@H]2[NH+]=C4C=CC=CC4=C2)CC3)cc1,,C64651336,92.076591,1,0,0,0,1,0,0,0,0,0
O=C([C@H]([NH2+]C[C@@H]([C@H]1SC=CC1)C=1C[NH+]=C2C=CC=CC=12)C)N1[C@H](CC)CCCC1,,C64726209,60.311565,1,0,0,0,0,0,0,0,1,0
O(CC=C)C(=O)c1c(C)n(-c2c(N)non2)nn1,,C02024944,99.999672,1,0,0,0,0,0,0,0,0,0
Clc1c(n(C)nc1)-c1onc(-c2c(N)non2)n1,,C00970310,99.996262,1,0,0,0,0,0,0,0,0,0
O([C@H](C)CNc1[nH]c2C(=O)N(C)C(=O)N(C)c2n1)C(=O)C,,C01042098,65.02784,1,0,0,0,0,0,0,0,0,0
O(CC)C(=O)c1c(N)n(C(=O)c2c(C)nns2)nc1,,C00155015,99.996651,1,0,0,0,0,0,0,0,0,0
FC(F)n1nc(C(=O)Nc2c(C(=O)NC)nn(C)c2)cc1,,C02800419,100,1,0,0,0,0,0,0,0,0,0
O(CC)C(=O)Cc1c(C)n(-c2n(N)cnn2)nc1C,,C06667953,99.971619,1,0,0,0,0,0,0,0,0,0
S([C@H](C)C(=O)NC(=O)NC)c1ncnc2n(C)ncc12,,C11680326,99.537697,1,0,0,0,0,0,0,0,0,0
S(/N=N/c1[nH]c2N(C)C(=O)N(C)C(=O)c2n1)CCO,,C16990227,92.178955,1,0,0,0,1,0,0,0,0,0
OC[C@@H](O)[C@H]1[C@@H](N=[N+]=[N-])[C@@H]2OC(C)(C)O[C@@H]2O1,,C19891524,100,1,0,0,0,0,0,0,0,0,0
OC[C@@H](O)[C@H]1[C@H](N=[N+]=[N-])[C@@H]2OC(C)(C)O[C@@H]2O1,,C25627094,100,1,0,0,0,0,0,0,0,0,0
O=[N+]([O-])C1=CN(Cc2nc(C)sc2)C(=O)C(C(=O)N)=C1,,C31811350,100,1,0,0,0,0,0,0,0,0,0
O=C(N1CCCC1)c1c(C)n(-c2c(N)non2)nn1,,C00052422,99.998978,1,0,0,0,0,0,0,0,0,0
O=[N+]([O-])c1cn(CC)c(C(=O)NCc2c[nH]nc2)c1,,C38007025,99.987907,1,0,0,0,0,0,0,0,0,0
O=[N+]([O-])c1cn(C(C)C)c(C(=O)NCc2c[nH]nc2)c1,,C38007031,99.987907,1,0,0,0,0,0,0,0,0,0
O(C)C(=O)Cn1ncc(NC(=O)c2c(C)[nH]nc2C)c1,,C38030348,87.963242,1,0,0,0,0,0,0,0,0,0
O(C)C(=O)[C@H](N[C@@H]1C(=O)NC(=O)N=N1)C(C)C,,C38813950,99.292336,1,0,0,0,1,0,0,0,0,0
Clc1c([N+](=O)[O-])cc(S(=O)(=O)NNC(=O)C)cc1,,C40413061,99.223137,1,0,0,0,0,0,0,0,0,0
S(=O)(=O)(N[C@@H](C)c1n(C)cnn1)c1c(C)[nH]nc1,,C40827221,69.678741,1,0,0,0,1,0,0,0,0,0
O=[N+]([O-])C=1C=C(C(=O)N[C@@H](C)C(OC)=O)C(=O)NC=1,,C42319432,73.290413,1,0,0,0,1,0,0,0,0,0
O=C(NCc1n(C)cnn1)Nc1sc(CC)nn1,,C43343814,99.780144,1,0,0,0,0,0,0,0,0,0
O=C(N[C@@H](C)Cn1c[nH+]cc1)N1C[C@H](C(=O)[O-])OCC1,,C43706972,80.496559,1,0,0,0,0,0,0,0,0,0
O(CC)C(=O)c1c(N)n(Cc2onc(C)n2)c(C)n1,,C45007999,97.32962,1,0,0,0,0,0,0,0,0,0
O([C@H](C)C(=O)NC(=O)NCC)C(=O)c1c(C)onc1C,,C06612364,100,1,0,0,0,0,0,0,0,0,0
O([C@H](C)C(=O)NC(=O)NC(C)C)C(=O)c1c(C)onc1C,,C07836005,100,1,0,0,0,0,0,0,0,0,0
O=C(N[C@H](C)c1n(C)cnn1)Nc1cnc(OC)cc1,,C46963812,99.84359,1,0,0,0,0,0,0,0,0,0
S([C@@H](C)C(=O)NC(=O)NC(C)C)c1n(C)nnn1,,C15797852,100,1,0,0,0,0,0,0,0,0,0
S(=O)(=O)(C)c1cc([N+](=O)[O-])c(N[C@@H](C)C(=O)NC)cc1,,C48439544,99.986252,1,0,0,0,1,0,0,0,0,0
O=C(NC)C(=O)Nc1c(C)ccc(-n2nnnc2)c1,,C48498942,100,1,0,0,0,1,0,0,0,0,0
O(C)C(=O)N1CCN(CC(=O)NC(=O)NC)CC1,,C48584248,99.455391,1,0,0,0,0,0,0,0,0,0
O=C(Nc1n[nH]cc1)Cn1nc(-c2cscc2)nn1,,C48798762,58.448952,1,0,0,0,1,0,0,0,0,0
Nc1nc(N(C)C)nc(Cn2c(CC)nnn2)n1,,C48838169,99.999878,1,0,0,0,0,0,0,0,0,0
O(C)C(=O)NCC(=O)N[C@@H](C)c1n(C)cnn1,,C48936130,99.899109,1,0,0,0,0,0,0,0,0,0
O(C)C(=O)NCC(=O)NC1(c2nc(C)on2)CCCC1,,C48939896,99.995895,1,0,0,0,0,0,0,0,0,0
FC(F)(F)CNC(=O)NC(=O)Cn1c(CC)nnn1,,C49423049,84.027679,1,0,0,0,1,0,0,0,0,0
O=C(NNc1c(C#N)nc(C(C)C)o1)[C@@H]1OCCOC1,,C49519988,87.813438,1,0,0,0,0,0,0,0,0,0
O=[N+]([O-])c1c(N)n(-c2nnc(C)cc2)nc1C,,C49960932,99.981644,1,0,0,0,0,0,0,0,0,0
O(CC)C(=O)c1c(N)n([C@@H](C)c2n(C)cnn2)cn1,,C50422179,98.999802,1,0,0,0,0,0,0,0,0,0
O(CC)C(=O)c1c(N)n([C@H](C)c2n(C)cnn2)cn1,,C50422181,98.999802,1,0,0,0,0,0,0,0,0,0
Clc1c([N+](=O)[O-])c(N[C@H](C)C(=O)NC)ncn1,,C50455375,98.661575,1,0,0,0,1,0,0,0,0,0
OCC1(NC(=O)Cn2ncc([N+](=O)[O-])c2)CCCC1,,C53068529,99.339142,1,0,0,0,1,0,0,0,0,0
O=[N+]([O-])c1ccc(NC(=O)c2n[nH]cn2)cc1,,C04991963,92.860367,1,0,0,0,1,0,0,0,0,0
O=C(N[C@@H](C)CC)C(=O)Nc1ccc(-n2nnnc2)cc1,,C57902620,100,1,0,0,0,0,0,0,0,0,0
Clc1nc(NCCO)nc(-n2ncnc2)n1,,C61535857,99.524742,1,0,0,0,0,0,0,0,0,0
Clc1nc(N[C@H](C)C(=O)NC)nc(-n2ncnc2)n1,,C61538993,99.441689,1,0,0,0,0,0,0,0,0,0
S=C(N)c1nn(C=2n3ncnc3N=C(C)C=2)cn1,,C61843563,94.270851,1,0,0,0,0,0,0,0,0,0
S(=O)(=O)(NOC)c1sc(NC(=O)C)nn1,,C62139464,97.879341,1,0,0,0,0,0,0,0,0,0
O=[N+]([O-])c1ccc2NC(=O)/C(=C/C(OC)=O)/Nc2c1,,C18116778,87.757927,1,0,0,0,0,0,0,0,0,0
S(Cc1nc(NC)c2cnn(C)c2n1)c1[nH]ncn1,,C63079900,55.737175,1,0,0,0,1,0,0,0,0,0
O=C(NCC(C)C)CNC=1N(C)C(=O)N(C)C(=O)C=1C#N,,C64538886,99.99942,1,0,0,0,0,0,0,0,0,0
O=C(NCCCc1onc(C)n1)Nc1sc(C)nn1,,C67014529,99.856964,1,0,0,0,0,0,0,0,0,0
FC(F)(F)C([NH2+]CCC[NH+]1CCOCC1)(NC(=O)C1CCCCC1)C(F)(F)F,,C04301653,94.425644,1,0,0,0,1,0,0,0,1,0
FC(F)(F)c1c[nH+]c(N2CC[NH+](C[C@H](O)COCc3ccc(OC)cc3)CC2)cc1,,C04324419,79.651825,1,0,0,0,0,0,0,0,0,0
O=C(OC1(C#C)CC[NH+](C)CC1)CCCCC(=O)OC1(C#C)CC[NH+](C)CC1,,C05510071,96.716133,1,0,0,0,1,0,0,0,1,0
S=C(NC[C@@H]1[NH+]2C[C@H](C[NH+]3CCC(C)CC3)[C@H](C1)CC2)NCc1occc1,,C08635595,99.356789,1,0,0,0,1,1,0,0,1,0
Fc1c(C[NH2+]Cc2cc(OC[C@H](O)C[NH+]3CCOCC3)ccc2)ccc(F)c1,,C12597327,61.51516,1,0,0,0,1,1,0,0,1,0
Fc1c(-c2c(C[NH+]3CCN(c4cc[nH+]cc4)CC3)cn(-c3ccccc3)n2)ccc(OC)c1,,C12744909,71.243271,1,0,0,0,0,0,0,0,0,0
O(C)CC[NH+]1C[C@@]2(C[NH+](C3CCN(c4ccc(OC)cc4)CC3)CC2)CCC1,,C12305947,98.950638,1,0,0,0,1,1,0,0,0,0
S=C(NC[C@@H]1[NH+]2C[C@H](C[NH+]3CCC(C)CC3)[C@H](C1)CC2)Nc1ccccc1,,C08636225,99.312622,1,0,0,0,1,0,0,0,0,0
S=C(NC[C@@H]1[NH+]2C[C@H](C[NH+]3CCSCC3)[C@H](C1)CC2)Nc1ccc(N(C)C)cc1,,C08636232,99.162933,1,0,0,0,1,0,0,0,1,0
[NH+](Cc1sccc1)(Cc1cnc(N2CCOCC2)nc1)C1CC(C)(C)[NH2+]C(C)(C)C1,,C19461035,93.345558,1,0,0,0,1,1,0,0,0,0
O(C)CC[NH+]1CCC(C[NH+](Cc2ccncc2)C2CSCCSC2)CC1,,C20389534,98.640129,1,0,0,0,1,1,0,0,1,0
Brc1c(OCCC)c(OCC)cc(C[NH2+]CC2CC[NH2+]CC2)c1,,C20968160,99.19899,1,0,0,0,1,0,0,0,1,0
O=C(NCCCN1CCC([NH+]2CCCCC2)CC1)[C@@H]1CN(c2[nH+]ccc3sccc23)CCC1,,C33174398,58.546101,1,0,0,0,1,0,0,0,0,0
O=C(N1CC[NH+](C)CC1)c1nc(C[NH+](Cc2c(C)ccc(C)c2)[C@H](C)C(C)C)oc1,,C36065564,69.990936,1,0,0,0,1,1,0,0,1,0
N#Cc1c(N(C)C)[nH+]c(N2CC[NH+](C/C=C/c3ccccc3)CC2)cc1N(C)C,,C39265176,91.355194,1,0,0,0,0,0,0,0,1,0
O(C)CC[NH+]1CCC(CN(C[C@H]2[NH+](CC)CCC2)C(=O)C2=C[C@H]3N=CC=C3C=C2)CC1,,C39358074,99.607658,1,0,0,0,1,1,0,0,1,0
O(C)[C@H](C(=O)Nc1c([C@@H]2C(=O)[NH+]=C3C=CC=CC3=[NH+]2)cccc1)c1ccccc1,,C39460408,99.753822,1,0,0,0,1,0,0,0,0,0
FC(F)(F)c1cc(F)cc(C(=O)N2C[C@@H](C(=O)NC[C@@H]3C[NH+](C)CC3)C3(C2)CC[NH2+]CC3)c1,,C39689626,99.673508,1,0,0,0,1,1,0,0,1,0
S(=O)(=O)(N1CC[NH+]([C@H](C)C(=O)C=2C[NH+]=C3C=CC=CC=23)CCC1)c1ccc(F)cc1,,C39736261,53.44236,1,0,0,0,0,0,0,0,0,0
S([C@@H](C)C(=O)C=1[C@H](C)[NH+]=C2C=CC=CC=12)[C@H]1N(C2CC2)C(c2cc[nH+]cc2)=NN1,,C39776992,67.661949,1,0,0,0,0,0,0,0,0,0
Clc1ccc(S(=O)(=O)NC[C@@H]2[NH+]3C[C@H](C[NH+](CC)CC)[C@@H](C2)CC3)cc1,,C43526848,94.734612,1,0,0,0,1,1,0,0,1,0
O=C(NC[C@@H]1[NH+]2C[C@H](C[NH+]3CCC(C)CC3)[C@@H](C1)CC2)Nc1ccc(C(=O)C)cc1,,C43527115,99.24025,1,0,0,0,1,0,0,0,0,0
Clc1cc(NC(=S)NC[C@@H]2[NH+]3C[C@H](C[NH+]4[C@@H](COC)CCC4)[C@@H](C2)CC3)ccc1,,C43528205,98.941994,1,0,0,0,1,1,0,0,1,0
Nc1[n+](CCCn2c[nH+]cc2)cnc2n(Cc3ccccc3)c(-c3ccccc3)c(-c3ccccc3)c12,,C04041896,79.621605,1,0,0,0,0,0,0,0,0,0
[NH2+](C[C@H]([NH+](C)C)Cc1ccccc1)Cc1c(-c2cnccc2)nn(-c2ccccc2)c1,,C22384881,73.920174,1,0,0,0,1,0,0,0,1,0
Brc1cc(C[NH2+]CC[NH+](C)C)c(OCC(=O)Nc2ccc(C)cc2)cc1,,C20406717,50.92561,1,0,0,0,1,0,0,0,0,0
Clc1c(C(=O)N2CCC3(N(CC[NH+](CC)CC)C(=O)[C@@H](Cc4ccccc4)[NH2+]3)CC2)cccc1,,C36026526,99.060555,1,0,0,0,1,0,0,0,1,0
O=C(N[C@H](C)c1c(OC)ccc(OC)c1)[C@H](C)[NH+]1CCC(CC[NH+](C)C)CC1,,C56523338,94.670502,1,0,0,0,1,1,0,0,1,0
[NH+](CCCn1c[nH+]cc1)(Cc1c(C)n(c(C)c1)-c1cnccc1)Cc1oc(C)cc1,,C43277755,77.974541,1,0,0,0,0,0,0,0,1,0
O(CCn1c(N)[n+](CC[NH+](CC)CC)c2ccccc12)c1ccc2ccccc2c1,,C59233637,99.395889,1,0,0,0,1,1,0,0,1,0
Clc1c(OC(F)F)ccc(NC(=O)C[NH+]2C[C@H]([NH+]3CCCC3)CCC2)c1,,C59386196,97.20784,1,0,0,0,1,0,0,0,1,0
Brc1c(Br)cc([C@H](C[NH3+])N2[C@@H](C[NH+](C)C)CCC2)o1,,C61642761,88.153397,1,0,0,0,1,1,0,0,1,0
Fc1c(C[NH+]2[C@H](C(=O)NC[C@H]([NH+]3CCCC3)c3occc3)CCC2)cccc1,,C62356168,61.096272,1,0,0,0,1,0,0,0,1,0
Fc1ccc(-n2c(C)c([C@@H]([NH2+]Cc3ccc(OCC[NH+](C)C)cc3)C)cn2)cc1,,C62420935,98.368111,1,0,0,0,1,1,0,0,0,0
O=C(NC[C@@H](c1ccc(OC)cc1)C=1C[NH+]=C2C=CC=CC=12)CN1CC[NH+](C)CC1,,C63108208,84.562866,1,0,0,0,1,0,0,0,0,0
S(CC(=O)N[C@H]1Sc2cc(OC)ccc2N1)[C@@H]1[NH+]=C2C=C(C)C=CC2=[NH+]1,,C63229160,99.408134,1,0,0,0,0,0,0,0,0,0
O=C(NCCC[NH+]1C[C@@H](C)C[C@H](C)C1)[C@@H]1SC=2C(C(=O)[NH+]=C3C=CC(C)=CC=23)=C1,,C63490522,88.059219,1,0,0,0,1,0,0,0,0,0
Brc1cc(C(=O)NC(=S)Nc2ccc(C3[NH+]=C4C=CC=CC4=[NH+]3)cc2)cnc1,,C63569264,99.077087,1,0,0,0,0,0,0,0,0,0
O=C(CCn1c(C)[nH+]cc1)N1[C@H](c2ccc(OCC)cc2)[C@H]2[NH+]=C3C=CC=CC3=C2CC1,,C64006734,48.571297,1,0,0,0,0,0,0,0,0,0
O=C1N(Cc2cscc2)C(=O)N[C@@]1(C)C1CC[NH+](C[C@H]2[NH+]=C3C=CC=CC3=C2)CC1,,C64045430,91.870636,1,0,0,0,0,0,0,0,0,0
OCc1oc(C[NH+]2C[C@H](C(=O)Nc3cc([C@@H]4[NH+]=C5C=CC=CC5=C4)ccc3)CCC2)cc1,,C64053597,71.449516,1,0,0,0,1,0,0,0,0,0
Clc1c(CS[C@@H]2O[C@H]([C@@H]([NH3+])CC=3C[NH+]=C4C=CC=CC=34)N=N2)c(F)ccc1,,C64428674,48.491173,1,0,0,0,0,0,0,0,1,0
O=C(Nc1cc([C@H]2[NH+]=C3C=CC=CC3=C2)ccc1)[C@@H]1C[NH+](Cc2c(C)n(C)nc2)CCC1,,C64626195,86.90287,1,0,0,0,1,0,0,0,0,0
Fc1cc(F)cc(C(=O)N[C@@H](CC(C)C)C(=O)NC2[NH+]=C3C=CC=CC3=[NH+]2)c1,,C65305823,99.884026,1,0,0,0,1,0,0,0,0,0
O=C(NC[C@H]([NH+]1CCCC1)c1ccc(OC)cc1)N1C[C@H]([NH+]2CCCC2)CC1,,C66174196,99.275352,1,0,0,0,1,1,0,0,1,0
FC(F)(F)c1ccc(OCCNC(=O)C[NH+]2[C@@H](C[NH+]3CCCC3)CCC2)cc1,,C66535174,90.31208,1,0,0,0,0,0,0,0,0,0
O(Cc1c(C#N)cccc1)c1cc(C[NH2+]C[C@@H](C)N2CC[NH+](CC)CC2)ccc1,,C66905311,92.935509,1,0,0,0,1,1,0,0,1,0
Brc1c([N+](=O)[O-])cc(C[NH2+]C[C@@H](O)C[NH+]2CCC(C)CC2)cc1,,C67122394,82.697502,1,0,0,0,1,0,0,0,1,0
Fc1c(N2CC[NH+](C)CC2)ccc([C@H]([NH2+]Cc2c(OC)ccc(OC)c2)C)c1,,C67249049,97.299728,1,0,0,0,1,0,0,0,0,0
[NH2+](C[C@@H](C)Cn1c[nH+]cc1)Cc1c(-c2sccc2)nn(Cc2ccccc2)c1,,C67500600,79.578438,1,0,0,0,0,0,0,0,1,0
O[C@@H](C[NH+](Cc1sccc1)Cc1cc(OC)c(OC)cc1)C[NH+]1CCOCC1,,C08187908,55.737106,1,0,0,0,1,1,0,0,1,0
S=C(NC[C@@H]1[NH+]2C[C@H](C[NH+](C)CC=C)[C@H](C1)CC2)NCc1occc1,,C08635569,99.104607,1,0,0,0,1,1,0,0,1,0
O[C@@H](COc1c(OC)ccc(C[NH2+]CCc2sccc2)c1)C[NH+]1CCCC1,,C11759773,98.873131,1,0,0,0,1,1,0,0,1,0
O(C)CC[NH+]1CCC(C[NH+](Cc2cscc2)Cc2ccncc2)CC1,,C11820662,97.78009,1,0,0,0,1,1,0,0,1,0
O[C@@H](COc1c(OC)cc(C[NH2+]Cc2oc(C)cc2)cc1)C[NH+](C)C(C)C,,C12203372,82.433922,1,0,0,0,1,1,0,0,1,0
O[C@H](COc1ccc(C[NH+](C)Cc2oncc2)cc1)C[NH+](C)Cc1ccccc1,,C12313944,66.992798,1,0,0,0,1,0,0,0,1,0
O=C(NC[C@@H]1[NH+](CC)CCC1)CCC1CC[NH+](Cc2c(C)nn(CCC)c2)CC1,,C12373177,99.735184,1,0,0,0,1,1,0,0,1,0
S(C)c1cc(C[NH2+]Cc2cc(OC)c(OC[C@H](O)C[NH+](C)C(C)C)cc2)ccc1,,C12454114,98.515068,1,0,0,0,1,1,0,0,1,0
O[C@H](COc1c(OC)ccc(C[NH2+]C(C)C)c1)C[NH+](C)Cc1ccccc1,,C12597489,96.617966,1,1,0,0,1,1,0,0,1,0
Fc1c(C[NH2+]Cc2cc(OC[C@H](O)C[NH+](CC)CC)c(OC)cc2)c(F)ccc1,,C12708528,72.313538,1,0,0,0,1,1,0,0,1,0
O[C@@H](COc1c(OC)ccc(C[NH2+]CCc2ncsc2)c1)C[NH+](C)C(C)C,,C12713432,98.995255,1,0,0,0,1,1,0,0,1,0
Fc1c(C[NH2+]Cc2cc(OC)c(OC[C@H](O)C[NH+](CC)CC)cc2)c(F)ccc1,,C12714070,72.44915,1,0,0,0,1,0,0,0,1,0
O[C@@H](COc1c(OC)ccc(C[NH2+]C2CCCC2)c1)C[NH+](CC)CC,,C12716230,99.624084,1,0,0,0,1,1,0,0,1,0
O[C@H](COc1c(OC)cc(C[NH2+]CC=C)cc1)C[NH+]1CCSCC1,,C12759254,98.235008,1,0,0,0,1,0,0,0,1,0
O=C(CN1C(=[NH2+])N(CC[NH+](CC)CC)c2ccccc12)c1ccc(OC)cc1,,C05311563,99.384132,1,0,0,0,0,1,0,0,0,0
O[C@@H](COc1c(OC)cc(C[NH+](C)Cc2cnccc2)cc1)C[NH+](CC)CC,,C12319398,96.640083,1,0,0,0,1,0,0,0,1,0
O(C)CC[NH+]1CCC(C[NH+](Cc2c(OC)cc(OC)cc2)Cc2ccncc2)CC1,,C12434464,94.980247,1,0,0,0,1,1,0,0,1,0
O[C@H](COc1c(C[NH2+]CCCOCC)cccc1)C[NH+]1CCc2ccccc2C1,,C15077598,95.288307,1,0,0,0,1,1,0,0,1,0
O[C@@H](COc1c(OC)ccc(C[NH2+]C2CCCCC2)c1)C[NH+]1CCN(C)CCC1,,C20167832,54.092335,1,0,0,0,1,1,0,0,1,0
O[C@H](COc1c(OC)ccc(C[NH+](CC)Cc2ccccc2)c1)CN1CC[NH+](C)CC1,,C20599137,84.886574,1,0,0,0,1,1,0,0,1,0
O[C@@H](COc1cc(C[NH2+]C2CC2)ccc1)CN1CC[NH+](CC)CC1,,C20778133,90.439407,1,0,0,0,1,1,0,0,1,0
O[C@@H](COc1ccc(C[NH+](CCOC)C(C)C)cc1)CN1CC[NH+](C)CC1,,C20910062,84.640358,1,0,0,0,1,0,0,0,1,0
Fc1c(C[NH+](Cc2occ(C(=O)NCC[NH+](C)C)n2)[C@H](C)CC)ccc(F)c1,,C35713460,69.252098,1,0,0,0,0,0,0,0,0,0
O=C(O[C@H]1C[NH+](C)CCC1)CCCCC(=O)O[C@@H]1C[NH+](C)CCC1,,C36046749,96.087387,1,0,0,0,1,1,0,0,1,0
Brc1c(OC[C@H](O)C[NH2+]CCC[NH+](C)C)ccc(C)c1,,C37851710,95.746513,1,0,0,0,1,0,0,0,1,0
O[C@@H](COc1c(OC)cc(C(=O)C)cc1)C[NH2+]C[C@H]([NH+](C)C)c1ccccc1,,C22794381,64.376022,1,0,0,0,1,0,0,0,1,0
O(C)CCNC(=O)C[NH2+]C[C@@H]([NH+]1CCCC1)c1ccc(OC)cc1,,C39620377,98.814423,1,0,0,0,1,0,0,0,1,0
O=C([C@@H](CC)c1ccccc1)N1C[C@H](C(=O)NCC[NH+](CC)CC)C2(C1)CC[NH2+]CC2,,C39626917,99.685638,1,0,0,0,1,1,0,0,0,0
O[C@@H](COCc1cc(OC)ccc1)C[NH2+]C[C@H]([NH+]1CCCC1)c1ccc(OC)cc1,,C22792069,59.872993,1,0,0,0,1,0,0,0,0,0
O=C(NC[C@H]([NH+](C)C)CC(C)C)C(=O)Nc1cc(C[NH+](C)C)ccc1,,C41322867,99.175682,1,0,0,0,1,1,0,0,1,0
O=C(NC[C@H]([NH+](CC)CC)C)C(=O)Nc1cc(C[NH+](CC)CC)ccc1,,C41605818,99.865807,1,0,0,0,1,0,0,0,0,0
S(=O)(=O)(N(CC[NH+](C)C)CC(C)C)c1sc(CC[NH3+])cc1,,C42782435,97.943306,1,1,0,0,1,1,0,0,0,0
Brc1c(OC)c(OC)cc(C[NH2+]CCCC[NH+](C)C)c1,,C45598427,99.462471,1,0,0,0,1,1,0,0,1,0
OCC[NH+](C)Cc1nnn(CC2CC[NH+](C[C@@H](C)CCC)CC2)c1,,C48302740,95.489159,1,0,0,0,1,1,0,0,1,0
O=C(NC[C@@H]([NH+](C)C)c1c(OC)cccc1)NC[C@H]([NH+](C)C)c1sccc1,,C54042182,95.473137,1,0,0,0,1,1,0,0,1,0
O(C)c1c(CN(CCCn2c[nH+]cc2)C=2SCCC[NH+]=2)ccc(OC)c1,,C17076672,78.269531,1,0,0,0,0,0,0,0,1,0
O(C)c1c(OCCCC)cc(C[NH2+]C[C@H](C)Cn2c[nH+]cc2)cc1,,C62254723,79.543022,1,0,0,0,0,0,0,0,1,0
O(C)c1c(OC)cc(C[NH2+]C[C@H](C)[NH+]2CCC(C)CC2)cc1OC,,C62423520,77.565102,1,0,0,0,1,0,0,0,1,0
Brc1c(OCC[NH+](C)C)c(OC)cc(C[NH2+]CCOC)c1,,C62729802,95.538002,1,0,0,0,1,1,0,0,1,0
O(C)CCN1C[C@H](C[NH2+]CC=2[C@H](c3cc(C)c(C)cc3)[NH+]=NC=2)CC1,,C39399517,91.568558,1,0,0,0,1,1,0,0,1,0
O(CC)CCOc1c(C[NH+]2CCN(CCC[NH3+])CC2)c2ccccc2cc1,,C66143260,64.618439,1,0,0,0,1,0,0,0,1,0
O=C(NCC[NH+](C)[C@@H](C)CC)N[C@@H](C)c1ccc(N2CC[NH+](C)CC2)cc1,,C66188412,98.57048,1,0,0,0,1,0,0,0,1,0
O(C)C(=O)[C@](NC(=O)C[NH+]1[C@@H](C[NH+]2CCCC2)CCC1)(C)CCC,,C66537085,91.93293,1,0,0,0,0,0,0,0,1,0
O(C)CCC[NH+]1CCC(NC(=O)NC[C@@H]2[NH+](CCCC)CCCC2)CC1,,C66703111,99.719353,1,0,0,0,1,0,0,0,1,0
O(C)CC[NH+]1C[C@H](CNC(=O)NC[C@@H]2[NH+](CCCC)CCCC2)CC1,,C66703655,99.234604,1,0,0,0,1,1,0,0,1,0
O=C(NC)COc1c(C[NH2+]C[C@H](C(C)C)[NH+]2CCCC2)cccc1,,C67187264,66.480957,1,0,0,0,1,0,0,0,1,0
O=C(N(C)C)COc1c(C[NH2+]C[C@H](C)N2CC[NH+](CC)CC2)cccc1,,C67188414,91.31163,1,0,0,0,1,1,0,0,1,0
FC(F)(F)C[NH+]1C[C@H](CNC(=O)C[NH+](CC(OCC)=O)CC2CC2)CC1,,C67410403,99.407524,1,0,0,0,0,0,0,0,0,0
O(C)c1c(OCC(C)C)cc(C[NH2+]C[C@@H](C)Cn2c[nH+]cc2)cc1,,C67500823,79.542892,1,0,0,0,0,0,0,0,1,0
O(CC)c1c(OCCC)ccc(C[NH2+]C[C@@H](C)Cn2c[nH+]cc2)c1,,C67500924,79.543961,1,0,0,0,0,0,0,0,1,0
FC(F)(F)c1c[nH+]c(N2CCC(C(O[C@@H](C)C(=O)c3ccc(C)cc3)=O)CC2)cc1,,C07989951,98.458069,1,0,0,0,0,0,0,0,0,0
Brc1cc(C[NH+](C)Cc2onc(-c3ccc(Cl)cc3)n2)c(OC)cc1,,C09753906,93.715393,1,0,0,0,0,0,0,0,0,0
Fc1cc(F)c2nc(N(CC[NH+]3CCOCC3)C(=O)c3cc(C)c(C)cc3)sc2c1,,C10046988,58.761299,1,0,0,0,0,0,0,0,0,0
S(C)c1ccc(C(=O)N(CC[NH+]2CCOCC2)c2sc3ccc(C)c(C)c3n2)cc1,,C10127624,59.946968,1,0,0,0,0,0,0,0,1,0
Clc1ccc([C@H]2N(CCC[NH+](C)C)C(=O)C=3Oc4cc(C)c(C)cc4C(=O)C2=3)cc1,,C10233144,99.825722,1,0,0,0,0,0,0,0,0,0
O=C1N(CCC[NH+](CC)CC)[C@@H](c2ccccc2)C=2C(=O)c3cc(C)c(C)cc3OC1=2,,C10233158,99.969887,1,0,0,0,0,0,0,0,0,0
FC(F)(F)c1ccc(-c2oc(C)c(C[NH+](C)Cc3ccc(-n4nccc4)cc3)n2)cc1,,C11879978,96.843727,1,0,0,0,0,0,0,0,0,0
O(C)c1c(OC)c(C[NH+]2C[C@@H](c3cscc3)Oc3ccc(C)cc3C2)ccc1OC,,C12198052,71.191315,1,0,0,0,0,0,0,0,1,0
Clc1cc(CN2C(=O)[C@@]34[NH+]([C@H](c5c(OC)c(C)c(OC)cc5)C[C@H]3C2)CCC4)ccc1,,C12582177,76.059296,1,0,0,0,0,0,0,0,1,0
Fc1c(-n2nc(c(C[NH+](C)[C@@H](C)c3sccn3)c2)-c2ccc(OC)cc2)cccc1,,C12711674,96.658142,1,0,0,0,0,0,0,0,0,0
Clc1c(C[NH+](CN2C(=S)N(C)C(c3c(OC)cccc3)=N2)C2CC2)c(F)ccc1,,C12792396,99.538094,1,0,0,0,0,0,0,0,1,0
Clc1c(Cl)ccc(C[NH+](C)CN2C(=S)OC(Cc3ccc(OC)cc3)=N2)c1,,C13071942,99.643532,1,0,0,0,0,0,0,0,0,0
Clc1ccc(C(=O)[C@@H](Sc2n(c([C@H]([NH+](C)C)C)nn2)-c2ccc(F)cc2)C)cc1,,C12554257,88.45517,1,0,0,0,0,0,0,0,0,0
Clc1cc(C(=O)[C@@H](Sc2n(c([C@@H]([NH+](C)C)C)nn2)-c2ccc(F)cc2)C)ccc1,,C12557987,88.454491,1,0,0,0,0,0,0,0,0,0
S=C1N(c2c(C(C)C)cccc2)C(c2cnccc2)=NN1C[NH+]1CCc2sccc2C1,,C14309441,98.268806,1,0,0,0,0,0,0,0,1,0
Clc1cc(OC2CC[NH+](C[C@@H]3CC(C)(C)OCC3)CC2)c(C(=O)N2CCCCC2)cc1,,C14957230,99.755264,1,0,0,0,0,0,0,0,0,0
O=C(N1CCOc2c(OC[C@@H]3C[NH+](C)CCC3)cc(-c3sc(C)cc3)cc2C1)C1CC1,,C14994090,99.876579,1,0,0,0,0,0,0,0,0,0
O=C1N(CCC[NH+](C)C)[C@H](c2ccc(CC)cc2)C=2C(=O)c3cc(C)c(C)cc3OC1=2,,C16741933,99.825897,1,0,0,0,0,0,0,0,0,0
Fc1ccc(Cn2c3cc(C)sc3c3C=NN(CC[NH+](C(C)C)C(C)C)C(=O)c23)cc1,,C19126011,99.896133,1,0,0,0,0,0,0,0,1,0
S(CC[NH+]1CCCC1)C=1N(C2CC2)C(=O)c2sc(-c3cc(OC)ccc3)cc2N=1,,C19797154,97.822784,1,0,0,0,0,0,0,0,0,0
Clc1ccc(-n2c(S[C@H](C)C(=O)c3ccc(F)cc3)nnc2[C@@H]([NH+](C)C)C)cc1,,C23483421,88.569481,1,0,0,0,0,0,0,0,0,0
Brc1ccc(-c2oc(C[NH+](C)CCOc3cc(C)cc(C)c3)nn2)cc1,,C24339796,94.355492,1,0,0,0,0,0,0,0,0,0
Clc1ccc(N(CC(=O)c2ccc3OCCOc3c2)C=2SC[C@H](CC)[NH+]=2)cc1,,C26442113,92.489174,1,0,0,0,0,0,0,0,1,0
Clc1ccc2OC=3C(=O)N(CCC[NH+](C)C)[C@@H](c4ccc(CC)cc4)C=3C(=O)c2c1,,C32622746,99.825806,1,0,0,0,0,0,0,0,0,0
Clc1ccc2OC=3C(=O)N(CCC[NH+](C)C)[C@H](c4ccc(CC)cc4)C=3C(=O)c2c1,,C32622748,99.825806,1,0,0,0,0,0,0,0,0,0
S(C)c1ccc([C@H]2N(CC[NH+](CC)CC)C(=O)C=3Oc4ccc(C)cc4C(=O)C2=3)cc1,,C35486212,99.784912,1,0,0,0,0,0,0,0,0,0
Clc1c(Cl)ccc([C@H]2N(CCC[NH+](C)C)C(=O)C=3Oc4ccc(C)cc4C(=O)C2=3)c1,,C35486890,99.825317,1,0,0,0,0,0,0,0,0,0
Fc1ccc([C@H]2N(C(=O)C[NH+](C)Cc3ccccc3)N=C(c3ccc(OC)cc3)C2)cc1,,C36341315,85.294945,1,0,0,0,0,0,0,0,0,0
Clc1cc([C@H]2[NH+](Cc3c(OC)c(OC)c(OC)cc3)CCCn3cccc23)ccc1,,C36347545,94.776695,1,0,0,0,0,0,0,0,1,0
Clc1ccc(CC(=O)N(CCCn2c[nH+]cc2)c2sc3cccc(F)c3n2)cc1,,C38847739,79.428635,1,0,0,0,0,0,0,0,0,0
Fc1c(C(=O)N(CCCn2c[nH+]cc2)c2sc3ccc(C)c(C)c3n2)ccc(F)c1,,C38848055,79.439583,1,0,0,0,0,0,0,0,0,0
Clc1ccc(S(=O)(=O)N(CC(C)C)C[C@H]2C(=O)[NH+]=C3C=CC(C)=CC3=C2)cc1,,C39016447,99.998421,1,0,0,0,0,0,0,0,0,0
Clc1ccc(S(=O)(=O)N(CC(C)C)C[C@@H]2C(=O)[NH+]=C3C=CC(C)=CC3=C2)cc1,,C39016448,99.998421,1,0,0,0,0,0,0,0,0,0
S([C@H]1C(=O)[NH+]=C2C=CC=CC2=C1c1ccccc1)[C@@H]1N(CC)[C@H](c2sccc2)N=N1,,C39431563,80.85424,1,0,0,0,1,0,0,0,0,0
Clc1c(CN2C(=O)CC[C@@H]([NH+](C)[C@H](C)c3sccc3)CC2)cc2OCOc2c1,,C39500475,99.838493,1,0,0,0,0,0,0,0,1,0
Fc1ccc(C(=O)N(C[C@H]2C(=O)[NH+]=C3C=CC(C)=CC3=C2)c2cc(OC)ccc2)cc1,,C39928322,99.998405,1,0,0,0,0,0,0,0,0,0
S(=O)(=O)(N(C[C@@H]1C(=O)[NH+]=C2C(C)=CC=CC2=C1)Cc1sccc1)c1c(F)cccc1,,C39970342,99.998306,1,0,0,0,0,0,0,0,0,0
S(=O)(=O)(N(C[C@@H]1C(=O)[NH+]=C2C=CC(C)=CC2=C1)Cc1ccccc1)c1c(F)cccc1,,C39970345,99.998405,1,0,0,0,0,0,0,0,0,0
FC(F)(F)COc1c(C)cc(CN(C)CC=2[NH+]=C3SC=C(C)N3C(=O)C=2)cc1C,,C59577810,88.872795,1,0,0,0,0,0,0,0,1,0
O(C)c1c(OC)ccc(CC/[NH+]=C\c2n(-c3c(C#N)c4CCCCc4s3)ccc2)c1,,C13941960,77.570045,1,0,0,0,0,0,0,0,0,0
O(C)c1c(C)c(CN2[C@H](c3sccc3)c3cc(OC)c(OC)cc3CC2)[nH+]cc1C,,C60375690,56.609272,1,0,0,0,0,0,0,0,1,0
Clc1ccc([C@@H]2N3C(=O)CN(CCCCC)C(=O)[C@H]3CC=3[C@H]2[NH+]=C2C=CC=CC=32)cc1,,C63137245,91.305168,1,0,0,0,0,0,0,0,0,0
O=C1N2[C@H](c3ccc(C)cc3)[C@H]3[NH+]=C4C=CC=CC4=C3C[C@H]2C(=O)N(CCCCC)C1,,C63137638,91.225494,1,0,0,0,0,0,0,0,0,0
S(c1c(C(OCC(=O)C=2C[NH+]=C3C=CC=CC=23)=O)cccc1)c1c(C#N)cccc1,,C39946299,92.921852,1,0,0,0,0,0,0,0,0,0
O=C(N(C[C@H]1C(=O)[NH+]=C2C=CC(OC)=CC2=C1)c1cc(C)ccc1)CCc1ccccc1,,C63428322,99.998138,1,0,0,0,0,0,0,0,0,0
ClC=1C=CC2=[NH+]CC(CCN3C(=O)C[C@@H](C(=O)N(CC)c4c(C)cccc4)C3)=C2C=1,,C63557859,86.892914,1,0,0,0,0,0,0,0,0,0
S([C@H]1C(CC(=O)N2C[C@@H](C(OCC)=O)CCC2)=C2C=CC=CC2=[NH+]1)c1ccccc1,,C63743353,92.732689,1,0,0,0,0,0,0,0,0,0
Fc1c(CN2[C@@H](c3cn(C(C)C)nc3)[C@@H]3[NH+]=C4C=CC=CC4=C3CC2)ccc(OC)c1,,C64053748,79.269882,1,0,0,0,0,0,0,0,0,0
O(C)Cc1oc(CN2[C@@H](c3c(OCC)cccc3)[C@H]3[NH+]=C4C=CC=CC4=C3CC2)cc1,,C64074471,43.606785,1,0,0,0,0,0,0,0,0,0
Br/C(/C=N/N1[C@H](c2ccc(OC)cc2)N=[NH+]C1=S)=C\c1ccccc1,,C39016485,100,1,0,0,0,0,0,0,0,0,0
Clc1ccc2OC=3C(=O)N(CC[NH+](C)C)[C@@H](c4sccc4)C=3C(=O)c2c1,,C04337790,98.713806,1,0,0,0,0,0,0,0,0,0
O=C(N1CC[NH+](CC)CC1)c1c(C)n(c(-c2ccccc2)c1)-c1c(OC)cccc1,,C04421258,98.104675,1,0,0,0,0,0,0,0,0,0
O=C(N1CC[NH+](C23CC4CC(C2)CC(C3)C4)CC1)c1cc(OC)c(OC)cc1,,C04751649,99.345093,1,0,0,0,0,0,0,0,1,0
O=C1N2C[C@@H]3C[NH+](Cc4cc(C#N)ccc4)C[C@@H](C3)C2=C(c2occc2)C=C1,,C05411659,96.431679,1,0,0,0,0,0,0,0,0,0
Brc1cc(C[NH+](C)CN2C(=O)Oc3ccccc23)c(OC)cc1,,C06209182,98.995552,1,0,0,0,0,0,0,0,0,0
Clc1ccc(N2CC[NH+]([C@@H]3C(=O)N(c4cc(C)ccc4)C(=O)C3)CC2)cc1,,C00821676,99.426704,1,0,0,0,0,0,0,0,0,0
Clc1ccc2OC=3C(=O)N(CC[NH+](C)C)[C@@H](c4cc(F)ccc4)C=3C(=O)c2c1,,C11614665,98.704597,1,0,0,0,0,0,0,0,0,0
Fc1c(N2CC[NH+]([C@H]3CN(C(=O)/C=C/c4occc4)CCC3)CC2)cccc1,,C12308011,95.88974,1,0,0,0,0,0,0,0,0,0
O=C1N(C)C2(C(=O)N1Cc1ccc3ccccc3c1)CC[NH+]([C@H](C)CC)CC2,,C14742968,99.845009,1,0,0,0,0,0,0,0,0,0
Fc1c(OC)cc(-c2oc(C)c(C[NH+]3[C@@H](c4sccn4)CCCC3)n2)cc1,,C14971111,93.377686,1,0,0,0,0,0,0,0,0,0
Clc1ccc([C@H](C(OC)=O)[NH+]2CCN(C(=O)c3c(C)ccs3)CC2)cc1,,C25160511,99.44973,1,0,0,0,0,0,0,0,0,0
CC(=C)C[NH+]1CCN(c2nc(C)nc3sc4COC(C)(C)Cc4c23)CC1,,C34749818,77.0989,1,0,0,0,0,0,0,0,0,0
Clc1cc(-n2c(CC)c(C(=O)N3CC[NH+](CC)CC3)c(C3CC3)n2)ccc1,,C35638023,97.934158,1,0,0,0,0,0,0,0,0,0
Fc1c(C[NH+]2[C@H](C)C(=O)N(c3c(OC)cc(OC)cc3)CC2)ccc(F)c1,,C35798825,97.440926,1,0,0,0,0,0,0,0,0,0
Clc1ccc(C2=N[NH+]=C(N3CCN(C(=O)C4CCC4)CC3)SC2)cc1,,C38553621,87.874474,1,0,0,0,0,0,0,0,0,0
Fc1c(C(=O)N(C[C@H]2C(=O)[NH+]=C3C(C)=CC=CC3=C2)Cc2occc2)cccc1,,C39000810,99.998344,1,0,0,0,0,0,0,0,0,0
Clc1ccc(C2(C3=NN=C4CCN(Cc5n(C)c[nH+]c5)C[C@@H]34)CCCC2)cc1,,C39353940,41.671307,1,0,0,0,1,0,0,0,1,0
O(CC)c1ccc([C@H]2[NH+](C[C@H]3N=NC=C3)CC[C@@H]3[C@@H]2N=C2[C@H]3C=CC=C2)cc1,,C39515745,95.100861,1,0,0,0,0,0,0,0,0,0
Fc1ccc(C(=O)N(C[C@H]2OCCC2)C[C@H]2C(=O)[NH+]=C3C=C(C)C=CC3=C2)cc1,,C39699406,99.998466,1,0,0,0,0,0,0,0,0,0
Clc1ccc(C=2[C@H](C[NH+]3CCc4cc(OC)c(OC)cc4C3)C=NN=2)cc1,,C39938324,50.933109,1,0,0,0,1,0,0,0,1,0
Cn1nc(c(C[NH+]2C[C@]3(C)CC(C)(C)C[C@H]2C3)c1)-c1ccc2OCCOc2c1,,C43619522,99.956017,1,0,0,0,0,0,0,0,0,0
O(C)c1c(N2C(=O)[C@@H]3[NH+](Cc4cocc4)C[C@H]2C3)cc(-c2ccccc2)cc1,,C43631119,95.711189,1,0,0,0,0,0,0,0,0,0
O(CC)C(=O)C1CC[NH+](C[C@H]2C(=O)O[C@@H]3C[C@]4(C)CCCC(=C)[C@H]4C[C@H]23)CC1,,C43737214,96.445686,1,0,0,0,0,0,0,0,0,0
O(CC)C(=O)[C@@H]1C[NH+](C[C@H]2C(=O)O[C@@H]3C[C@]4(C)CCCC(C)=C4C[C@H]23)CCC1,,C43741056,85.987762,1,0,0,0,0,0,0,0,1,0
Clc1ccc(C(=O)C[NH+]2CCC(c3sc(-c4occc4)nn3)CC2)cc1,,C49363167,67.99025,1,0,0,0,0,0,0,0,0,0
O=C(N1CCN(c2cc[nH+]cc2)CC1)c1c(n(C)c2ccccc12)-c1ccccc1,,C52609999,83.203094,1,0,0,0,0,0,0,0,0,0
S=C1N(C)C(c2ccc(OC)cc2)=NN1C[NH+]1[C@@H](c2cscc2)CCC1,,C54513466,92.575188,1,0,0,0,0,0,0,0,1,0
S=C1N(C)C(c2occc2)=NN1C[NH+]1[C@@H](Cc2cc(F)ccc2)CCC1,,C54546812,92.769867,1,0,0,0,0,0,0,0,1,0
O=C(COc1c(OC)cc(C)cc1)N1[C@H]2CC[NH+](C)C[C@@H]2c2cc(C)ccc12,,C60848016,99.422668,1,0,0,0,0,0,0,0,0,0
O=C(N1CCN(c2cc[nH+]cc2)CC1)c1sc(-c2c(C)cc(C)cc2)nc1,,C61367061,83.13694,1,0,0,0,0,0,0,0,0,0
FC(F)Oc1c(OC)cc(C(=O)N2CCC(C=3C[NH+]=C4C=CC=CC=34)CC2)cc1,,C63135218,83.54612,1,0,0,0,0,0,0,0,0,0
Clc1ccc([C@@H]2N3C(=O)CN(CCC)C(=O)[C@H]3CC=3[C@@H]2[NH+]=C2C=CC=CC=32)cc1,,C63137704,91.304634,1,0,0,0,0,0,0,0,0,0
O=C1N2[C@@H](c3ccc(C)cc3)[C@@H]3[NH+]=C4C=CC=CC4=C3C[C@H]2C(=O)N(CCC)C1,,C63138655,91.224968,1,0,0,0,0,0,0,0,0,0
Clc1cc([C@H]2N3C(=O)CN(CC=C)C(=O)[C@@H]3CC=3[C@H]2[NH+]=C2C=CC=CC=32)ccc1,,C63140671,91.391426,1,0,0,0,0,0,0,0,0,0
O=C1N2[C@@H](c3c(C)cccc3)[C@H]3[NH+]=C4C=CC=CC4=C3C[C@H]2C(=O)N([C@H](C)CC)C1,,C63141130,91.219543,1,0,0,0,0,0,0,0,0,0
Fc1c(N2CCN(C(=O)C=3[C@@H](C)[NH+]=C4C=CC=CC=34)CC2)ccc(C(=O)C)c1,,C63153290,80.713791,1,0,0,0,0,0,0,0,0,0
ClC=1C=CC2=[NH+]CC(CCN3C(=O)C[C@@H](C(=O)N4CCc5ccccc45)C3)=C2C=1,,C63557285,86.893158,1,0,0,0,0,0,0,0,0,0
ClC=1C=CC2=[NH+]CC(CCN3C(=O)C[C@H](C(=O)N4CCc5ccccc45)C3)=C2C=1,,C63557287,86.893158,1,0,0,0,0,0,0,0,0,0
FC=1C=CC2=[NH+]CC(CCN3C(=O)C[C@@H](C(=O)N4CCc5ccccc45)C3)=C2C=1,,C63557404,90.227692,1,0,0,0,0,0,0,0,0,0
ClC=1C=CC2=[NH+][C@H](C(=O)N3CCC(CC(=O)N4CCCCC4)CC3)C=C2C=1,,C63739409,98.565781,1,0,0,0,0,0,0,0,0,0
S([C@H](C)C(=O)C=1[C@H](C)[NH+]=C2C=CC=CC=12)C=1N2N=CC[C@@H]2c2ccccc2N=1,,C38691467,61.286175,1,0,0,0,0,0,0,0,0,0
O=C(N1[C@H](C2CCCCC2)[C@H]2[NH+]=C3C=CC=CC3=C2CC1)c1cn(CC)nc1,,C64040254,87.576439,1,0,0,0,0,0,0,0,0,0
Fc1c([C@@H]2N(C(=O)c3cn(CC)nc3)CCC=3[C@H]2[NH+]=C2C=CC=CC=32)cccc1,,C64074352,90.797523,1,0,0,0,0,0,0,0,0,0
Clc1c(N2C(=O)[C@H]3N(C(=O)CCC=4C[NH+]=C5C=CC=CC=45)C[C@@H]2C3)cccc1,,C64131738,84.110123,1,0,0,0,0,0,0,0,0,0
O(CC)c1ccc([C@@H]2N(Cc3cn(C)nc3)CCC=3[C@H]2[NH+]=C2C=CC=CC=32)cc1,,C64137289,89.762634,1,0,0,0,0,0,0,0,0,0
O=C(N1[C@H](c2ccc(OCC)cc2)[C@H]2[NH+]=C3C=CC=CC3=C2CC1)c1ccncc1,,C64568191,89.687477,1,0,0,0,0,0,0,0,0,0
C[C@@H](N1CC[NH+](C)CC1)C1CCN(c2ncnc3sc(C)c(C)c23)CC1,,C65374698,54.269188,1,0,0,0,0,0,0,0,0,0
S(=O)(=O)(C)CCn1c([C@@H]2C(C)=C3C=CC=CC3=[NH+]2)c(-c2ccccc2)nc1,,C65435536,80.567596,1,0,0,0,0,0,0,0,0,0
S(=O)(=O)(N(C)C1CC[NH+](C2CCC(C)CC2)CC1)c1ccc(OC)cc1,,C66103417,99.950737,1,0,0,0,0,0,0,0,0,0
O(C1CC[NH+]([C@@H](C)c2oc(-c3sccc3)nn2)CC1)c1c(C)ccc(C)c1,,C66437307,53.433716,1,0,0,0,0,0,0,0,1,0
[NH+](CC)(CC)CCN1C(C)=CC(=Cc2[n+](C)c3ccccc3s2)C=C1C,,C05444971,98.883453,1,0,0,0,0,0,0,0,1,0
N(CCC[NH+]1CCOCC1)c1c(CCC(C)C)c(C)c(C#N)c2[n+]1c1ccccc1[nH]2,,C01798381,94.003052,1,1,0,0,1,1,0,0,1,0
S(=O)(=O)(Nc1c[nH+]c(N2CC[NH+](C)CC2)cc1)c1sc(C)cc1,,C11857373,78.61499,1,0,0,0,1,0,0,0,0,0
O=C(NCC[C@H]1[NH+](C)CCC1)c1cc(OC)c(OC2CC[NH+](C3CCCC3)CC2)cc1,,C12225426,99.87162,1,0,0,0,1,0,0,0,0,0
O(C)c1c(OC)cccc1C[NH+]1C[C@]2(C[NH+](Cc3c(C)nc(CC)[nH]3)CC2)CCC1,,C12440646,49.742725,1,0,0,0,1,1,0,0,1,0
S(=O)(=O)(C)c1ccc([C@H](NC(=O)C2CC[NH+](C3CC[NH+](CCC)CC3)CC2)C)cc1,,C04261664,99.417122,1,0,0,0,0,0,0,0,0,0
S(C)c1ncc(C[NH+](CC2CC[NH+](C3CCN(C)CC3)CC2)Cc2ccncc2)cn1,,C20389195,87.287109,1,0,0,0,1,1,0,0,1,0
FC(F)Oc1c(C[NH+]2C[C@H](O)[C@@H](N3CCN(c4[nH+]cccc4)CC3)C2)cccc1,,C20534995,41.268028,1,0,0,0,1,0,0,0,0,0
S(C)CCC[NH2+][C@@H]1CCc2n(CCC)nc(C(=O)N3CC[NH+](C)CC3)c2C1,,C20993123,94.762497,1,0,0,0,1,0,0,0,0,0
S=C1[N+](C)=C(N/C(=[NH+]/c2ccccc2)/c2ccccc2)SN1c1ccccc1,,C28120148,86.840668,1,0,0,0,0,0,0,0,0,0
[NH+](C)(C)/C=C/C=1Oc2ccccc2/C(=C\c2[n+](CC)c3ccccc3s2)/C=1,,C32519846,100,1,0,0,0,0,0,0,0,0,0
Ic1oc(C[NH2+][C@H]2[C@H](n3c[nH+]cc3)CCC2)cc1,,C37313985,55.938477,1,0,0,0,0,0,0,0,1,0
Clc1ccc([N+]=2N=C(C(C)(C)C)C3=C[C@H](C[NH2+]Cc4ccccc4)C(=O)NC=23)cc1,,C38790140,91.094078,1,0,0,0,0,0,0,0,0,0
P(=O)(OC)(OC)[C@H]([C@@H]1C(=O)[NH+]=C2C=CC=CC2=[NH+]1)c1ccccc1,,C39205331,99.894951,1,0,0,0,0,0,0,0,0,0
O=C(N1CCCC1)C1CC[NH+](C2CCN(Cc3[nH+]c(CCCC)[nH]c3)CC2)CC1,,C39430380,41.082451,1,0,0,0,1,0,0,0,0,0
O(C)C(=O)[C@@H]1C(NC(=O)CC[NH+]2CCCCC2)=C2C=C(C)C=CC2=[NH+]1,,C39578880,98.98275,1,0,0,0,1,0,0,0,0,0
O(C)c1c(OC)cc2CC[NH2+][C@H]([C@H]3C(=O)[NH+]=C4C=C(OC)C=CC4=C3)c2c1,,C40011050,92.295036,1,0,0,0,1,0,0,0,0,0
O(C)c1c(OC)cc2CC[NH2+][C@H]([C@@H]3C(=O)[NH+]=C4C=CC(OC)=CC4=C3)c2c1,,C40011054,91.363731,1,0,0,0,1,0,0,0,0,0
S(=O)(=O)(NC[C@@H]1[NH+]2C[C@H](C[NH+]3[C@@H](COC)CCC3)[C@@H](C1)CC2)C,,C43527611,96.236778,1,0,0,0,1,1,0,0,1,0
S(CC(=O)NC1CC[NH+](CC)CC1)c1n(C[C@@H]2OCCC2)c(C)c(C)[nH+]1,,C45650023,53.025757,1,0,0,0,1,0,0,0,1,0
O=C(NC1CCC(C)CC1)[C@H](C)[NH+]1CCN(CC[NH+]2CCCC2)CC1,,C46062990,51.956573,1,0,0,0,1,0,0,0,0,0
Fc1ccc(/C=C/C(=O)NCc2cc(N3CC[NH+](C)CC3)[nH+]cc2)cc1,,C47398313,87.792389,1,0,0,0,1,0,0,0,0,0
O[C@@H](C)Cc1nnn(CC2CC[NH+](CC(C)(C)C[NH+]3CCCC3)CC2)c1,,C48063566,99.800468,1,0,0,0,1,0,0,0,1,0
O=C(NCc1cc(N2CC[NH+](C)CC2)[nH+]cc1)CCOc1c(C)c(C)ccc1,,C48336429,87.856171,1,0,0,0,1,0,0,0,0,0
O=C(CC[C@@H]1[NH+](C)[C@@H]2CC[NH+](Cc3sccc3)[C@@H]2C(=O)NC1)N1CCc2ccccc12,,C22922714,90.818504,1,0,0,0,0,0,0,0,1,0
Brc1c(Br)cc(C[NH2+]CCCCn2c[nH+]cc2)o1,,C50361438,72.000191,1,0,0,0,0,0,0,0,1,0
Brc1cc(C[NH+](C)CC2(C[NH2+]C)CCOCC2)sc1,,C52182807,97.793518,1,0,0,0,1,1,0,0,1,0
Brc1scc(C[NH+](C)Cc2onc(C[NH2+]C3CC3)c2)c1,,C52547601,66.275299,1,0,0,0,1,1,0,0,1,0
O[C@H](COc1ccc(OCC)cc1)C[NH+]1C[C@@H]([NH+]2CCCC2)CCC1,,C59386209,68.06604,1,0,0,0,1,0,0,0,0,0
Brc1c(C[NH+]2CCC(C[NH2+]C)CC2)cc2OCCOc2c1,,C63166099,99.382629,1,0,0,0,1,0,0,0,1,0
BrC=1C=CC2=[NH+][C@H](C(OCC)=O)C(NC(=O)CC[NH+](C)C)=C2C=1,,C38601111,97.043015,1,0,0,0,1,0,0,0,1,0
O(C)C(=O)c1ccc2[N+](C)=C(/C=C/C=3[C@H](C)[NH+]=C4C=CC=CC=34)C(C)(C)c2c1,,C63416479,81.858589,1,0,0,0,0,0,0,0,0,0
O=C(NCCC[NH+](CC)CC)[C@@H]1N(C)C=2C(C(=O)[NH+]=C3C=CC=CC=23)=C1,,C63480477,99.965446,1,0,0,0,1,0,0,0,1,0
O=C(NCCC[NH+]1CCCC1)[C@H]1N(C)C=2C(C(=O)[NH+]=C3C=CC=CC=23)=C1,,C63480577,99.928581,1,0,0,0,1,0,0,0,1,0
S(CC(=O)[C@@]1(C)[C@@H](CC(C)C)CC(=O)O1)C1[NH+]=C2C=CC=CC2=[NH+]1,,C63720238,99.43631,1,0,0,0,0,0,0,0,0,0
S=C1N(C[C@H]2OCCC2)[C@H](C=2C[NH+]=C3C=CC=CC=23)NN1C[NH+]1CCCC1,,C63775675,51.22551,1,0,0,0,0,0,0,0,1,0
O=C(NC1[NH+]=C2C=CC=CC2=[NH+]1)[C@H](C(C)C)N1C(=O)c2ccccc2C1,,C63821491,99.883751,1,0,0,0,0,0,0,0,0,0
O[C@H]1[C@H](N2CC[NH+](CCc3ccccc3)CC2)CC[NH+](Cc2cn(C(C)C)nc2)C1,,C22852890,87.555107,1,0,0,0,1,1,0,0,1,0
Clc1ccc(N2C(=O)[C@H]([NH2+]CCN3CC[NH+](C)CC3)CC2=O)cc1,,C44791070,49.452625,1,0,0,0,1,0,0,0,0,0
O(C)c1ccc(N2CC[NH+]([C@H]3CN(Cc4[nH]c(C)[nH+]c4)CCC3)CC2)cc1,,C20452218,25.92691,1,0,0,0,1,0,0,0,0,0
FC(F)C1=NC(c2c(C[NH+]3CCC(Cn4c[nH+]cc4)CC3)cccc2)=NC(=O)C1,,C64074128,69.485641,1,0,0,0,1,0,0,0,1,0
O(C)CCNC(=O)CCC1CC[NH+](C[C@H]2[NH+]=C3C=CC=CC3=C2)CC1,,C64074419,92.333801,1,0,0,0,0,0,0,0,1,0
FC=1C=CC2=[NH+][C@@H](CNC(=O)[C@@H]3CN(CC[NH+](C)C)C(=O)CC3)C=C2C=1,,C64093868,92.102982,1,0,0,0,1,0,0,0,1,0
O=C(Nc1ccccc1)[C@H]1[NH+](CC(=O)C=2C[NH+]=C3C=CC=CC=23)CCC1,,C64120523,89.193848,1,0,0,0,0,0,0,0,0,0
O=C(NCc1cc(N2CC[NH+](CC)CC2)[nH+]cc1)c1ccc(-n2cccc2)cc1,,C64417544,89.674561,1,0,0,0,0,0,0,0,0,0
O=C(NCCC[NH+]1CCCC1)[C@@H](C)C1CCN(C(=O)[C@H]2[NH+]=C3C=CC=CC3=C2)CC1,,C64540626,98.164314,1,0,0,0,1,0,0,0,0,0
Fc1cc(CNC(=O)[C@@H]2CN([C@@H]3C(=O)[NH+]=C4C=CC=CC4=[NH+]3)CCC2)ccc1,,C64927127,96.039253,1,0,0,0,1,0,0,0,0,0
O=C(C(C)C)N1CCC([NH+]2CCN(c3nc(CC)[nH+]c(C)c3)CC2)CC1,,C65410415,64.569672,1,0,0,0,1,1,0,0,1,0
FC=1C=CC2=C[C@@H](C[NH+]3CCC(Cc4n(C)cnn4)CC3)C(=O)[NH+]=C2C=1,,C65529849,98.565094,1,0,0,0,1,0,0,0,1,0
S(CC(=O)N1C[C@H]([NH+](C)C)CCC1)CC(=O)N1C[C@@H]([NH+](C)C)CCC1,,C67045133,99.164185,1,0,0,0,1,1,0,0,1,0
Cl[C@@H](COC)C(=[NH2+])NS(=O)(=O)c1c(Cl)cc(Cl)cc1C,,C04277599,100,1,0,0,0,0,0,0,0,0,0
Clc1cc(NC(=O)C(=O)NC[C@H]([NH+](C)C)c2cscc2)ccc1,,C08863576,98.848282,1,0,0,0,1,0,0,0,1,0
FC(F)(F)CNC(=O)[C@H]([NH+](C)CC(=O)Nc1c(C)cc(C)cc1C)C,,C12698008,99.486145,1,0,0,0,1,0,0,0,0,0
FC(F)(F)CNC(=O)[C@@H]([NH+](C)CC(=O)Nc1c(C)cc(C)cc1C)C,,C12698012,99.486145,1,0,0,0,1,0,0,0,0,0
S=C(NC(=O)c1ccccc1)Nc1ccc(N2CC[NH+](C)CC2)cc1,,C14257852,98.819748,1,0,0,0,1,0,0,0,0,0
O(C)c1c(OC)ccc([C@H](C[NH3+])N2CCN(c3ccccc3)CC2)c1,,C19796349,44.476013,1,0,0,0,0,0,0,0,0,0
Clc1cc(C[NH+](C)[C@@H](C)C(=O)NC(=O)NCC(F)(F)F)ccc1,,C24373800,68.940254,1,0,0,0,1,0,0,0,0,0
Fc1c(C[NH+](C)[C@H](C)C(=O)Nc2cc(C(=O)NC)ccc2)ccc(F)c1,,C25075033,82.516121,1,0,0,0,1,0,0,0,0,0
Brc1c(C[NH2+]CC(=O)NC(C)C)cc(OC)c(OC)c1,,C35011319,84.014191,1,0,0,0,0,0,0,0,0,0
Brc1c(NC(=O)CC[NH2+]C(C)C)cc2OCCOc2c1,,C37654953,99.75106,1,0,0,0,1,0,0,0,1,0
Clc1c(OC[C@@H](O)C[NH2+][C@@H]2CS(=O)(=O)CC2)cc(Cl)cc1,,C37850317,92.783928,1,0,0,0,1,0,0,0,0,0
Clc1c(Cl)ccc(OC[C@H](O)C[NH2+]C[C@@H]2OCCOC2)c1,,C38061408,80.747871,1,0,0,0,0,0,0,0,1,0
O=C([C@@H](C)CC)N1C[C@H](C(=O)NCCC(C)C)C2(C1)CC[NH2+]CC2,,C39601126,99.846596,1,0,0,0,1,0,0,0,1,0
O=C([C@H](C)CC)N1C[C@H](C(=O)N[C@H](C)C(C)C)C2(C1)CC[NH2+]CC2,,C39607989,99.846649,1,0,0,0,1,0,0,0,1,0
O=C([C@H](C)CCCC)N1C[C@@H](C(=O)NC2CCC2)C2(C1)CC[NH2+]CC2,,C39635365,99.846535,1,0,0,0,1,0,0,0,0,0
S([C@H](C)C(=O)C=1[C@@H](C)[NH+]=C2C=CC=CC=12)[C@H]1SC(NC2CC2)=NN1,,C39785404,66.388237,1,0,0,0,1,0,0,0,1,0
Brc1cc(C[NH2+]C[C@H](O)COc2nsnc2)c(F)cc1,,C41069402,69.844482,1,0,0,0,1,0,0,0,0,0
Clc1c(F)cc(NC(=O)C(=O)NCC[NH+]2[C@H](C)CCCC2)cc1,,C41664747,99.868172,1,0,0,0,1,0,0,0,0,0
Clc1c(F)cc(NC(=O)C(=O)NCC[NH+]2[C@@H](C)CCCC2)cc1,,C41664753,99.868172,1,0,0,0,1,0,0,0,0,0
Fc1c(F)c(F)c(NC(=O)C(=O)NCCC[NH+](C)C(C)C)c(F)c1F,,C41716433,99.968933,1,0,0,0,1,0,0,0,0,0
Fc1c(F)ccc(NC(=O)C(=O)NCC[NH+]2C[C@@H](C)C[C@H](C)C2)c1,,C41724601,99.691315,1,0,0,0,1,0,0,0,0,0
Brc1ccc([C@@H](Sc2n(C)nnn2)[C@@H]([NH3+])CC)cc1,,C42958683,98.981476,1,0,0,0,0,0,0,0,0,0
Brc1cc([C@H](Sc2n(C3CC3)nnn2)[C@H]([NH3+])C)sc1,,C43290533,98.752853,1,0,0,0,0,0,0,0,0,0
Clc1c(C)c(C[C@@H]([NH3+])C(OC)=O)cc(Cl)c1N1CCOCC1,,C44336065,96.005104,1,0,0,0,0,0,0,0,0,0
Brc1cc(OC[C@H](O)C[NH2+]Cc2onc(C)c2)ccc1,,C44991405,81.557739,1,0,0,0,1,0,0,0,0,0
Brc1cc(C[NH+](C)[C@@H](C)C(=O)NC(=O)NCC=C)sc1,,C48575445,77.71257,1,0,0,0,0,0,0,0,0,0
Fc1cc([C@@H]([NH+](C)C)CNC(=O)C(=O)Nc2cc(C#C)ccc2)ccc1,,C48842455,96.706261,1,0,0,0,1,0,0,0,0,0
Fc1cc([C@@H]([NH+](C)C)CNC(=O)C(=O)Nc2ccc(F)cc2)ccc1,,C48842901,96.708992,1,0,0,0,1,0,0,0,0,0
Fc1c(NC(=O)C(=O)NC[C@@H]([NH+](C)C)c2cc(F)ccc2)c(F)ccc1,,C48843287,96.662697,1,0,0,0,1,0,0,0,0,0
Fc1c(NC(=O)C(=O)NC[C@H]([NH+]2CCCC2)c2sccc2)cccc1,,C48853562,98.954048,1,0,0,0,1,0,0,0,0,0
O=C(NCCc1sccc1)C(=O)Nc1cc(C[NH+](C)C)ccc1,,C48917495,99.642456,1,0,0,0,1,0,0,0,0,0
Clc1c(OC[C@@H](O)C[NH2+][C@@H](C)C(=O)N(C)C)ccc(Cl)c1,,C49098862,72.162323,1,0,0,0,1,0,0,0,0,0
Brc1c(C)[nH]nc1C(=O)NC[C@@H](C)C[NH+]1CCCCC1,,C49117183,98.949966,1,0,0,0,1,0,0,0,1,0
Clc1cc([C@@H]([NH2+]CC)C)c(O[C@H]2[C@@H](O)CS(=O)(=O)C2)cc1,,C50210212,99.815269,1,0,0,0,1,0,0,0,0,0
O(C)c1c([C@H](C[NH3+])N2CCN(c3ccc(OC)cc3)CC2)cccc1,,C19795742,54.574726,1,0,0,0,0,0,0,0,0,0
O[C@H](COc1cc(C)ccc1)C[NH+]1CCC(C(=O)NC2CC2)CC1,,C56511297,98.385284,1,0,0,0,1,0,0,0,1,0
FC(F)(F)C[NH+]1C[C@@H](CNC(=O)N[C@H]2CCOc3ccccc23)CC1,,C43165241,99.494781,1,0,0,0,0,0,0,0,0,0
Clc1c(C)ccc(NC(=O)[C@@H](C)[NH+]2CCC(CNC(=O)C)CC2)c1,,C47773447,88.018349,1,0,0,0,1,0,0,0,1,0
Fc1ccc([C@@H](NC(=O)C(=O)Nc2cc(C[NH+](C)C)ccc2)C)cc1,,C48724791,99.642319,1,0,0,0,1,0,0,0,0,0
Brc1cc(C[C@H]([NH3+])CCC(OC)=O)cc2OCCCOc12,,C61893233,99.321106,1,0,0,0,0,0,0,0,1,0
Clc1ccc(OCC(=O)Nc2ccc(C3=[NH+]CCN3)cc2)cc1,,C62565608,96.630608,1,0,0,0,1,0,0,0,0,0
Brc1c(OC[C@@H]2OC(=O)NC2)ccc(C[NH2+]C(C)C)c1,,C62701787,99.913696,1,0,0,0,1,0,0,0,1,0
Brc1c([C@@H]([NH2+]CC)c2c[nH]nc2)cc(OC)c(OC)c1,,C62776644,99.56649,1,0,0,0,1,0,0,0,1,0
Clc1cc(F)c(NC(=O)C(=O)NC2CC[NH+](CC(F)F)CC2)cc1,,C64304370,80.088043,1,0,0,0,0,0,0,0,0,0
O=C(Nc1c(C)cccc1C(C)C)C[NH2+]C[C@H](C)n1c(C)cc(C)n1,,C65386084,96.952385,1,0,0,0,0,0,0,0,0,0
O=C([C@H](Oc1ccc(C(C)(C)C)cc1)C)N1CCN(CCC[NH3+])CC1,,C66143001,87.702362,1,0,0,0,1,0,0,0,0,0
OCC([NH2+]CC(=O)N(C)Cc1ccc2cc(OC)ccc2c1)(C)C,,C66862745,64.353531,1,0,0,0,1,0,0,0,0,0
[O-][C@@H](C[NH2+]Cc1c(C)nc2SC(C)=Cn12)C[NH+]1CCC(C)CC1,,C67122510,36.759014,1,0,0,0,1,0,0,0,1,0
O=C(Nc1c(C)cc(C)cc1C)CNC(=O)[C@H](C(C)C)[NH+]1CCCC1,,C67290416,93.552979,1,0,0,0,1,0,0,0,1,0
Fc1c(NC(=O)C(=O)N[C@H](C)C[NH+]2C[C@H](C)C[C@@H](C)C2)ccc(F)c1,,C67439209,99.756142,1,0,0,0,1,0,0,0,0,0
Clc1ccc(OC[C@@H](O)C[NH+]2CCN(c3ccc(OC)cc3)CC2)cc1,,C00719704,89.367737,1,0,0,0,0,0,0,0,0,0
Clc1ccc(N2C([C@H]([NH2+]CCOC)CC)=Nc3ccccc3C2=O)cc1,,C04572341,57.285854,1,0,0,0,0,0,0,0,0,0
O(C)c1c(OC)ccc(C2(C[NH2+]C[C@@H]3Oc4ccccc4OC3)CCCC2)c1,,C04811826,95.509415,1,0,0,0,0,0,0,0,1,0
Clc1ccc(S(=O)(=O)NC[C@@H]([NH+](C)C)c2ccc(N(C)C)cc2)cc1,,C05098872,94.262383,1,0,0,0,0,0,0,0,0,0
FC(F)(F)c1nn([C@@H](C)C(=O)N[C@H](C)C[NH+]2CCC(C)CC2)c(C2CC2)c1,,C02782158,99.769775,1,0,0,0,0,0,0,0,1,0
S(c1c(C(=O)NC[C@H]([NH+](C)C)c2occc2)cccc1)c1c(C#N)cccc1,,C06608959,84.749229,1,0,0,0,1,0,0,0,1,0
FC(F)Oc1ccc(C[NH+](C)[C@@H](C)C(=O)Nc2c(C#N)cccc2)cc1,,C07421197,54.047817,1,0,0,0,1,0,0,0,0,0
O=C(NC[C@H]([NH+]1CCCC1)c1ccccc1)Cc1coc2cc(OC)ccc12,,C07686506,99.450371,1,0,0,0,1,0,0,0,0,0
O=C([C@H]([NH+](C)Cc1cc(OC)c(OC)cc1)C)c1c(C)[nH]c2ccccc12,,C07929878,87.735001,1,0,0,0,1,0,0,0,1,0
O(CC)c1c(C[NH2+][C@H](C)c2ccc(-n3cncc3)cc2)cc2O[C@H](C)Cc2c1,,C07984344,88.716347,1,0,0,0,0,0,0,0,0,0
Clc1ccc(OCC[NH+](C)CC(=O)c2c(C)c(C(=O)C)c(C)[nH]2)cc1,,C08120570,85.389694,1,0,0,0,0,0,0,0,0,0
S(=O)(=O)(NC[C@@H]([NH+]1CCCC1)c1cscc1)c1cc(C)c(OC)c(C)c1,,C08900018,94.948517,1,0,0,0,0,0,0,0,1,0
S(=O)(=O)(NC[C@@H]([NH+](C)C)c1ccc(C)cc1)c1cc(C)c(OC)cc1,,C10090507,93.549667,1,0,0,0,1,0,0,0,1,0
S(=O)(=O)(NC[C@@H]([NH+](C)C)c1ccc(C)cc1)c1c(OC)ccc(F)c1,,C10090553,93.32428,1,0,0,0,1,0,0,0,1,0
S(=O)(=O)(NC[C@H]([NH+](C)C)c1cc(OC)ccc1)c1ccc2ccccc2c1,,C10091614,93.243958,1,0,0,0,0,0,0,0,1,0
S(=O)(=O)(NC[C@@H]([NH+](C)C)c1ccc(OC)cc1)c1ccc(CC)cc1,,C10506496,93.653481,1,0,0,0,1,0,0,0,0,0
Fc1cc(-n2nc(c(C[NH2+]CCc3occc3)c2)-c2oc(C)cc2)ccc1,,C11843091,98.090332,1,0,0,0,0,0,0,0,0,0
Clc1c(OCC[NH+](C)[C@@H](C)C(=O)Nc2cc(C#N)ccc2)cccc1,,C15103441,75.701653,1,0,0,0,0,0,0,0,0,0
Clc1cc(C)c(NC(=O)C[NH+](C)Cc2cc(OC)c(OC)cc2)cc1,,C07973611,75.471283,1,0,0,0,0,0,0,0,0,0
O=C(N[C@@H](CC)CN1CC[NH+](C)CC1)Cc1ccc(OC)c2ccccc12,,C19365222,74.503113,1,0,0,0,1,0,0,0,0,0
Clc1c([C@@H]([NH+](CC)CC)CNC(=O)[C@@H]2Oc3ccccc3OC2)cccc1,,C22681748,99.505211,1,0,0,0,1,0,0,0,1,0
Fc1c(F)ccc([C@@H]([NH+](C)CC(=O)Nc2c(C(OC)=O)scc2)C)c1,,C23356117,76.325821,1,0,0,0,0,0,0,0,0,0
O=C(Nc1cc(C[NH+](CC)CC)ccc1)/C(=C/c1cc(OC)ccc1)/C#N,,C24927833,99.940865,1,0,0,0,1,0,0,0,1,0
O=C(NC[C@H]([NH+](CC)CC)c1cc(OC)ccc1)c1c(C)c(C)oc1C,,C25409443,99.727661,1,0,0,0,0,0,0,0,1,0
Brc1c(C[NH2+][C@H]([C@H](C)CC)C(OC)=O)cc2OCOc2c1,,C35044761,92.383202,1,0,0,0,0,0,0,0,0,0
Clc1c(C[NH2+]CCCSc2n(-c3ccccc3)nnn2)cccc1,,C06670166,99.29937,1,0,0,0,0,0,0,0,0,0
S(=O)(=O)(NC[C@@H](N1CC[NH+](CC)CC1)c1ccccc1)c1c(C)cccc1,,C36089603,70.814064,1,0,0,0,1,0,0,0,1,0
Clc1ccc([C@H]([NH+](C)C)CNS(=O)(=O)c2c(OC)ccc(C)c2)cc1,,C36090657,93.325188,1,0,0,0,0,0,0,0,1,0
Brc1cc([C@@H]([NH2+][C@@H](C)CC)C(OCC)=O)cc2OCOc12,,C38067959,72.758751,1,0,0,0,0,0,0,0,0,0
OCC[C@@H]1[NH+](Cc2c(C)cccc2)CCN(C[C@H]2C(c3ccccc3)=NN=C2)C1,,C39557850,26.238676,1,0,0,0,1,0,0,0,1,0
Fc1c(C[NH+](Cc2occ(C(=O)NC(C)C)n2)[C@H](C)C(C)C)cccc1,,C40401241,62.740105,1,0,0,0,0,0,0,0,0,0
O[C@@H](COc1c(C)cc(C(C)(C)C)cc1)C[NH+](C)Cc1c(C)onc1C,,C46060727,92.668541,1,0,0,0,0,0,0,0,1,0
Clc1c(C)c(NC(=O)C[NH+](CC(OC)=O)Cc2ccccc2)ccc1,,C47628409,99.989052,1,0,0,0,0,0,0,0,0,0
O=C(NCC[NH+]1CCN(c2c(OC)cccc2)CC1)/C=C/c1sccc1,,C49512330,92.62822,1,0,0,0,0,0,0,0,0,0
Brc1cc(Cl)c(NC(=O)C[NH+](C)C[C@H](C)C(OC)=O)cc1,,C50069341,92.722534,1,0,0,0,0,0,0,0,0,0
Fc1ccc(N(C)C(=O)C(=O)NC[C@@H]([NH+](C)C)c2ccc(CC)cc2)cc1,,C52648483,98.14505,1,0,0,0,0,0,0,0,0,0
OCC[C@@H]1[NH+](CC(C)(C)C)CCN(C2CCN(c3c(OC)cccc3)CC2)C1,,C20209523,42.767147,1,0,0,0,0,0,0,0,0,0
O=C(Nc1ccc(C(=O)C)cc1)[C@@H](C)N1CC[NH+](CCC(C)(C)C)CC1,,C55936362,99.209297,1,0,0,0,1,0,0,0,0,0
Clc1ccc(S(=O)(=O)NC[C@@H]([NH+]2CCCC2)c2c(OC)cccc2)cc1,,C57425198,93.921242,1,0,0,0,1,0,0,0,0,0
Clc1c(C[NH+](C)[C@@H](C)C(=O)Nc2cc(OC)c(OC)cc2)cccc1,,C14930299,54.708374,1,0,0,0,0,0,0,0,0,0
Clc1c(NC(=O)C[NH+](C[C@H]2OCCC2)Cc2occc2)cc(Cl)cc1,,C60039478,99.36367,1,0,0,0,0,0,0,0,0,0
Fc1ccc([C@@H](CC)C(=O)Nc2ccc(C(=O)CN3CC[NH+](C)CC3)cc2)cc1,,C41316473,98.796234,1,0,0,0,1,0,0,0,0,0
S(CCNC(=O)c1cc(OC)c(OC)cc1)C=1[C@H](C)[NH+]=C2C=CC=CC=12,,C63437389,79.104637,1,0,0,0,1,0,0,0,0,0
Fc1ccc(C=2[C@@H](CN[C@H](Cn3c[nH+]cc3)c3ccccc3)C=NN=2)cc1,,C63832371,40.667004,1,0,0,0,1,0,0,0,0,0
O[C@@H](COc1c(C)ccc(C)c1)C[NH+]1[C@@H](CN2C[C@@H](C)O[C@@H](C)C2)CCC1,,C66377294,50.662334,1,0,0,0,0,0,0,0,1,0
S(=O)(=O)(N(C)C)c1cc([C@@H]([NH2+]Cc2c(OC)ccc(C)c2)C)ccc1,,C67010735,98.216591,1,0,0,0,0,0,0,0,1,0
O(C)c1c([C@H](NCc2nc(-c3cscc3)sc2)c2n(C)cc[nH+]2)cccc1,,C67186683,40.157814,1,0,0,0,0,0,0,0,0,0
O(CC)c1ccc(C2(C[NH2+]Cc3cccc4OCCOc34)CCOCC2)cc1,,C67251724,98.279381,1,0,0,0,0,0,0,0,0,0
Clc1c(CCC(=O)NC[C@@H]2[NH+](CC3CCCCC3)CCC2)c(C)no1,,C67331910,99.849976,1,0,0,0,0,0,0,0,1,0
Fc1ccc(-n2c(C)c([C@H]([NH2+]Cc3cc(OC)c(OC)cc3)C)cn2)cc1,,C67504655,99.646965,1,0,0,0,0,0,0,0,0,0
Oc1c(OCC)cc([C@H]2[NH2+]CCc3cc(OCC)c(OCC)cc23)cc1,,C00718279,93.763817,1,0,0,0,1,0,0,0,0,0
Clc1ccc(OC[C@@H](O)C[NH2+][C@@H](C)[C@H]2Oc3ccccc3OC2)cc1,,C04771378,84.966515,1,0,0,0,1,0,0,0,0,0
O=C(NC[C@@H]([NH+](C)C)c1ccc(C)cc1)C(=O)Nc1ccc(CC)cc1,,C10019679,98.140099,1,0,0,0,1,0,0,0,0,0
OC1(c2ccc(C)cc2)CC[NH+](CCNC(=O)c2ccc(OCC)cc2)CC1,,C12326361,98.404648,1,0,0,0,0,0,0,0,0,0
Fc1ccc(C(=O)NCC(=O)NC[C@@H]([NH+](C)C)c2ccc(CC)cc2)cc1,,C22684489,98.450439,1,1,0,0,1,0,0,0,0,0
Brc1sc(C[NH+](C)[C@@H](C)C(=O)NC(=O)NCCCC)cc1,,C24598202,75.968651,1,0,0,0,0,0,0,0,0,0
O=C(NC[C@@H]([NH+](C)C)c1ccc(CC)cc1)[C@@H](NC(=O)c1sccc1)C,,C27597860,98.465569,1,1,0,0,1,0,0,0,1,0
O=C(NC[C@@H]([NH+](CC)CC)C)CCNC(=O)C12CC3CC(C1)CC(C2)C3,,C31825505,99.943306,1,0,0,0,1,0,0,0,1,0
Brc1c(OCC)c(OC)cc(C[NH2+]CC(=O)NCCC)c1,,C35161399,77.665268,1,0,0,0,0,0,0,0,0,0
Brc1cc(OC[C@H](O)C[NH2+][C@H](C(C)C)C(OC)=O)ccc1,,C37887814,95.93885,1,0,0,0,0,0,0,0,0,0
O=C([C@H](C)CCCC)N1C[C@@H](C(=O)N[C@H](C)C(C)C)C2(C1)CC[NH2+]CC2,,C39608212,99.846626,1,0,0,0,1,0,0,0,0,0
Brc1ccc2[nH+]c(C)c(CC(OC)=O)c(NCCCO)c2c1,,C41473990,85.799049,1,0,0,0,1,0,0,0,0,0
Fc1c(F)c(NC(=O)[C@@H]([NH2+][C@@H](C)c2c(OC)cc(OC)cc2)C)ccc1F,,C42184094,50.732132,1,0,0,0,1,0,0,0,0,0
Fc1ccc(CNC(=O)[C@@H]([NH2+][C@H](C)c2c(OC)cc(OC)cc2)C)cc1,,C42184314,72.01667,1,0,0,0,0,0,0,0,1,0
O=C(NC[C@@H]([NH+]1CCCC1)c1occc1)N[C@@H](C(C)C)c1sccc1,,C43167491,94.163528,1,0,0,0,1,0,0,0,1,0
O=C(NC[C@H]([NH+](C)C)c1cscc1)Nc1c(OCCC)cccc1,,C43452352,99.09314,1,0,0,0,1,0,0,0,1,0
O(C)C(OC)c1ccc(-c2sc(C[C@H]([NH3+])C(OCC)=O)cc2)cc1,,C44363098,96.625267,1,0,0,0,0,0,0,0,0,0
O(C)C(OC)c1cc(-c2sc(C[C@@H]([NH3+])C(OCC)=O)cc2)ccc1,,C44363179,96.630089,1,0,0,0,0,0,0,0,0,0
O=C(NCC([NH+](C)C)(C)C)CCNC(=O)C12CC3CC(C1)CC(C2)C3,,C44717078,99.873322,1,0,0,0,1,0,0,0,1,0
O=C(Nc1c(C(=O)NC(C)C)cccc1)C[NH+](C)Cc1c(C)ccs1,,C46503077,84.073097,1,0,0,0,1,0,0,0,0,0
S(=O)(=O)(N)c1ccc(OCC[NH+](CC)Cc2c(C)cccc2)cc1,,C48059176,98.75943,1,0,0,0,1,0,0,0,0,0
Fc1cc(NC(=O)C(=O)NC[C@H]([NH+](C)C)c2ccc(CC)cc2)c(C)cc1,,C48846280,98.127632,1,0,0,0,1,0,0,0,0,0
S=C(NC1CC1)N1CCC2(N(C[C@H](C)CC)C(=O)[C@@H](CC(C)C)[NH2+]2)CC1,,C36032792,97.41787,1,0,0,0,1,0,0,0,0,0
Clc1ccc([C@H](OC[C@@H](O)C[NH+](C)CC(=O)NC(C)(C)C)C)cc1,,C53402338,82.449394,1,0,0,0,1,0,0,0,0,0
Fc1ccc(NNC(=O)c2ccc(OCC[NH+](CC)CC)cc2)cc1,,C56422188,99.684937,1,0,0,0,1,0,0,0,0,0
Clc1c(OC[C@@H](O)C[NH+](CCC)CC(=O)NC)cc(Cl)cc1,,C56508580,70.266151,1,0,0,0,1,0,0,0,0,0
Clc1c(C)cc(OC[C@@H](O)C[NH+](CC)CC(=O)NC)c(C(C)C)c1,,C56509598,69.350052,1,0,0,0,1,0,0,0,0,0
Clc1c(OC)c(NC(=O)NCCC[NH+](C)CC(F)(F)F)ccc1,,C56660875,99.508598,1,0,0,0,0,0,0,0,0,0
Fc1ccc([C@H]([NH+](C)C)CNC(=O)NCCc2ccc(OC)cc2)cc1,,C56950428,98.250336,1,0,0,0,1,0,0,0,1,0
O=C(Nc1cc(C(=O)NC)ccc1)C[NH+](C)Cc1ccc(C(C)C)cc1,,C58044253,74.644455,1,0,0,0,1,0,0,0,0,0
Fc1ccc([C@@H](NC(=O)C[NH+](C)CC(=O)NC(C)C)c2sccc2)cc1,,C07796522,99.613518,1,0,0,0,1,0,0,0,0,0
O=C(N[C@@H](C)c1cc(C)c(C)cc1)C[NH+](C)Cc1ccc(C(=O)NC)cc1,,C07996798,66.933647,1,0,0,0,1,0,0,0,0,0
O=C(NCCC(c1ccccc1)c1ccccc1)N[C@H](C)Cn1c[nH+]cc1,,C47677432,80.617958,1,0,0,0,0,0,0,0,0,0
Fc1cc(OCCNC(=O)NC[C@@H]([NH+]2CCCC2)c2sccc2)ccc1,,C47956567,99.251472,1,0,0,0,1,0,0,0,1,0
Fc1cc(CC(=O)NCC(=O)NCC(C)(C)[NH+]2C[C@H](C)C[C@H](C)C2)ccc1,,C54259600,99.965515,1,0,0,0,1,0,0,0,1,0
S(=O)(=O)(NCCC)NC[C@H]([NH+]1CCCCCC1)c1ccc(C)cc1,,C62362824,90.077774,1,0,0,0,1,0,0,0,1,0
Clc1c(C(=O)NCCC(=O)NCC([NH+](C)C)(CC)CC)ccc(F)c1,,C63801673,99.875458,1,0,0,0,1,0,0,0,1,0
FC(F)(F)c1ccc(C(=O)NCC[NH2+]Cc2cc(OC)c(OC)cc2)cc1,,C65978888,96.613655,1,0,0,0,0,0,0,0,0,0
Clc1ccc(C(=O)NCC[NH2+]Cc2cc(OC)c(OCC)cc2)cc1,,C65979051,96.682442,1,0,0,0,0,0,0,0,0,0
Clc1c(OC)c(OC)cc(C[NH2+]CCNC(=O)c2ccc(Cl)cc2)c1,,C65979063,95.760223,1,0,0,0,1,0,0,0,0,0
FC(F)(F)c1cc([C@H](NC(=O)NCCc2n(C)cc[nH+]2)C(C)C)ccc1,,C66234988,58.063622,1,0,0,0,0,0,0,0,0,0
O=C(NCCC(C)C)[C@@H]([NH2+]CC1(c2ccc(OC)cc2)CCOCC1)C,,C66392742,75.053955,1,0,0,0,1,0,0,0,1,0
Fc1cc(F)cc(NC(=O)C[NH+](C)[C@H](C)C(=O)NCc2ccc(C)cc2)c1,,C66844375,99.326157,1,0,0,0,1,0,0,0,0,0
Fc1cc(F)cc(NC(=O)C[NH+](C)[C@H](C)C(=O)N[C@H](C)c2ccccc2)c1,,C66844699,99.316811,1,0,0,0,1,0,0,0,0,0
Fc1cc(F)cc(NC(=O)C[NH+](C)[C@@H](C(C)C)C(=O)NC(C)(C)C)c1,,C66844722,99.170151,1,0,0,0,1,0,0,0,0,0
FC(F)(F)CNC(=O)NC(=O)[C@@H]([NH+](C)C[C@H](C)c1ccccc1)C,,C66853657,59.601097,1,0,0,0,1,0,0,0,0,0
Fc1c(Oc2ccccc2)ccc([C@@H]([NH2+]Cc2c(C)n(CCO)nc2C)C)c1,,C67214979,99.485207,1,0,0,0,1,0,0,0,0,0
Fc1ccc(OC[C@H](O)C[NH2+]Cc2c(OC)cc3C[C@@H](C)Oc3c2)cc1,,C67252419,86.737587,1,0,0,0,1,0,0,0,1,0
O=C(NC[C@@H]([NH+](CC)CC)C)C(=O)Nc1cc(-c2c(C)ccs2)ccc1,,C67497162,99.926338,1,0,0,0,1,0,0,0,1,0
O=C(NC[C@@H]([NH+](C)C)C(C)C)C(=O)Nc1cc(-c2c(C)ccs2)ccc1,,C67532707,99.580063,1,0,0,0,1,0,0,0,1,0