wash.smiles,active_ID,ID,%C,real_activity,U5,U4,U1,U3,U2,autoph4,dbautoph4,elucidator,reversefp
O=C(C(=O)c1cc(OC)c(OC)c(OC)c1)N1C2C(=O)OCCCCOC(=O)C1CCC2,209130,CHEMBL127368,100,1,0,0,1,0,1,0,0,1,0
O=C(C(C)(C)CC)C(=O)N1[C@H](C(=O)NCCCc2ccccc2)CCC1,46762,CHEMBL33094,100,1,0,0,1,0,1,1,1,1,1
O(CCCc1ccccc1)C(=O)C1N(C(=O)C(=O)C(C)(C)C)CCCC1,77646,CHEMBL50795,100,1,0,0,1,0,1,0,0,1,1
O(C(CCCc1ccccc1)CCc1cnccc1)C(=O)C1N(C(=O)C(=O)c2cc(OC)c(OC)c(OC)c2)CCCC1,247317,CHEMBL150120,99.324043,1,0,0,1,0,1,0,0,1,0
O(C(CCCc1ccccc1)CCCc1ccccc1)C(=O)C1N(C(=O)C(=O)c2ccccc2)CCCC1,77454,CHEMBL300752,100,1,1,0,1,0,0,0,0,1,0
O(CCCc1cnccc1)C(=O)C1N(C(=O)C(=O)C(C)(C)C)CCC1,246629,CHEMBL423033,99.325829,1,0,0,1,0,1,0,0,1,1
O(C(CCCc1ccccc1)CCCc1ccccc1)C(=O)C1N(C(=O)C(=O)C(C)(C)C)CCCC1,77571,CHEMBL417192,100,1,0,0,1,0,0,0,0,1,0
S(CCCc1ccc2ccccc2c1)C(=O)[C@H]1N(C(=O)C(=O)C(C)(C)CC)CCC1,195341,CHEMBL118937,100,1,0,0,0,1,1,0,0,1,1
S(CCC(c1ccccc1)c1ccccc1)C(=O)[C@H]1N(C(=O)C(=O)C(C)(C)CC)CCC1,195340,CHEMBL118884,100,1,0,0,0,0,1,0,0,1,1
O(CCC(c1ccccc1)c1ccccc1)C(=O)C1N(C(=O)C(=O)C(C)(C)CC)CCCC1,77455,CHEMBL300040,100,1,0,0,1,0,1,0,0,1,1
S(CCCc1cnccc1)C(=O)[C@H]1N(C(=O)C(=O)C(C)(C)CC)CCC1,196043,CHEMBL118858,99.29467,1,0,0,1,0,1,0,0,1,1
S(CCCc1ccc(OC)cc1)C(=O)[C@H]1N(C(=O)C(=O)C(C)(C)CC)CCC1,195275,CHEMBL119571,100,1,0,0,0,0,1,0,0,1,1
O(CCCc1cnccc1)C(=O)C1N(C(=O)C(=O)C2CCCCC2)CCC1,246632,CHEMBL148517,99.325829,1,0,0,1,0,1,0,1,1,1
S(c1ccccc1)C12CC(=O)CC(C1)CCC2,71239,CHEMBL295091,100,1,0,0,0,0,0,0,0,0,0
O[C@H]1[C@H](OC)C[C@H](/C=C(\C)/COC(=O)[C@H]2N(C(=O)C(=O)[C@@]3(O)[C@H](C)C[C@H](OC)[C@@H](COC)O3)CCCC2)CC1,91578,CHEMBL56278,99.999344,1,0,0,1,0,1,0,1,0,1
S(CCCc1ccccc1)C(=O)[C@H]1N(C(=O)C(=O)C(C)(C)CC)CCC1,195484,CHEMBL119228,100,1,0,0,0,0,1,0,0,1,1
O(CCCc1c(OC)cc(OC)cc1)C(=O)C1N(C(=O)NC23CC4CC(C2)CC(C3)C4)CCCC1,45369,CHEMBL33860,100,1,0,0,1,0,1,0,0,1,0
O(CCCc1c(OC)ccc(OC)c1)C(=O)C1N(C(=O)C(=O)C(C)(C)CC)CCCC1,246747,CHEMBL342735,100,1,0,0,1,0,1,0,0,1,1
S(CCc1ccccc1)C(=O)[C@H]1N(C(=O)C(=O)C(C)(C)CC)CCC1,195486,CHEMBL119280,100,1,0,0,1,1,1,0,0,1,1
O(CCCCc1ccc(OC)cc1)C(=O)C1N(C(=O)C(=O)c2cc(OC)c(OC)c(OC)c2)CCCC1,246953,CHEMBL150100,100,1,0,1,1,1,1,0,0,0,0
O(C(CC)C(CCc1ccccc1)c1ccc(OC)cc1)C(=O)C1N(C(=O)C(=O)C(C)(C)CC)CCCC1,247630,CHEMBL146919,100,1,0,0,0,0,0,0,0,0,1
O(CCCc1c[nH]c2ccccc12)C(=O)C1N(C(=O)C(=O)c2cc(OC)c(OC)c(OC)c2)CCCC1,246949,CHEMBL148446,100,1,0,0,1,1,1,0,1,1,0
O([C@H](CCc1ccccc1)c1ccccc1)C(=O)C1N(C(=O)C(=O)C(C)(C)CC)CCCC1,247402,CHEMBL148435,100,1,0,0,1,0,1,0,0,1,1
O(Cc1cc(Oc2ccccc2)ccc1)C(=O)C1N(C(=O)C(=O)c2cc(OC)c(OC)c(OC)c2)CCCC1,246985,CHEMBL150062,100,1,0,0,1,1,1,0,0,1,0
O(C(CCc1ccccc1)CCc1ccccc1)C(=O)C1N(C(=O)C(=O)C(C)(C)CC)CCCC1,77995,CHEMBL417908,100,1,0,0,1,0,1,0,0,1,1
S(=O)(=O)(Cc1ccccc1)N1[C@H](C(OCCCc2ccc(OC)cc2)=O)CCC1,45444,CHEMBL432085,100,1,0,0,1,0,1,0,0,1,1
O(CCCCc1ccc(OC)cc1)C(=O)C1N(C(=O)C(=O)C(C)(C)C)CCCC1,77572,CHEMBL51710,100,1,0,0,1,1,1,0,0,1,1
O(C(CCCc1ccccc1)CCCc1ccccc1)C(=O)C1N(C(=O)C(=O)C(C)(C)CC)CCCC1,77522,CHEMBL298173,100,1,1,0,1,0,1,0,0,1,1
O=C(C(C)(C)CC)C(=O)N1[C@H](C(=O)CCCCc2ccccc2)CCC1,196624,CHEMBL120518,100,1,0,0,1,0,1,0,0,1,1
O(CCCc1cc(OC)c(OC)cc1)C(=O)C1N(C(=O)NC23CC4CC(C2)CC(C3)C4)CCCC1,45415,CHEMBL440799,100,1,0,0,1,0,1,0,1,1,0
O(CCCC1CCCCC1)C(=O)C1N(C(=O)C(=O)C(C)(C)C)CCCC1,246723,CHEMBL149707,100,1,0,0,1,0,1,0,0,1,1
S(=O)(=O)(Cc1ccccc1)N1C(C(OCCCCc2ccccc2)=O)CCCC1,247245,CHEMBL148494,100,1,0,0,1,1,1,0,0,1,1
O=C(C(=O)c1cc(OC)cc(OC)c1)N1C2C(=O)N3CCc4cc(OC)cc(OC)c4C3C1CCC2,337539,CHEMBL202048,100,1,0,0,1,0,0,0,0,0,1
Clc1c(Cl)ccc(C(=O)C(=O)N2C3C(=O)N4CCc5cc(OC)cc(OC)c5C4C2CCC3)c1,337624,CHEMBL370367,100,1,0,0,0,0,1,0,0,0,0
O(CCCCC1CCCCC1)C(=O)C1N(C(=O)C(=O)c2cc(OC)c(OC)c(OC)c2)CCCC1,247396,CHEMBL148982,100,1,0,0,1,0,1,0,1,1,0
O(CCCc1ccccc1)C(=O)C1N(C(=O)C(=O)C(C)(C)CC)CCC1,247527,CHEMBL149314,100,1,0,0,1,0,1,0,0,1,1
S(=O)(=O)(Cc1ccccc1)N1C(C(OCCCc2cc(OC)c(OC)cc2)=O)CCCC1,45547,CHEMBL30694,100,1,0,0,1,1,1,0,0,1,1
O(C(CCCc1ncccc1)CCCc1ccccc1)C(=O)C1N(C(=O)C(=O)c2ccccc2)CCCC1,247425,CHEMBL357727,96.125862,1,1,0,1,1,1,0,0,1,1
O([C@H](CCc1ccccc1)c1ccccc1)C(=O)[C@H]1N(C(=O)C(=O)C(C)(C)CC)CCC1,211865,CHEMBL126031,100,1,0,0,0,0,1,0,0,1,1
Brc1cc(S(=O)(=O)N2C3C(=O)N4CCc5cc(OC)cc(OC)c5C4C2CCC3)ccc1,337824,CHEMBL371424,100,1,0,0,1,1,1,0,0,0,1
O=C(C(=O)c1cc(OC)c(OC)c(OC)c1)N1C2C(=O)N3CC(=O)N(c4cc(OC)cc(OC)c4)C=C3C1CCC2,338560,CHEMBL381691,100,1,0,0,1,1,1,0,0,0,1
O(CCCCc1ccc(OC)cc1)C(=O)C1N(C(=O)C(=O)C(C)(C)CC)CCCC1,77400,CHEMBL52541,100,1,0,0,1,0,1,0,0,1,1
O(CCCc1cnccc1)C(=O)C1N(C(=O)NCC(C)CC)CCCC1,246849,CHEMBL343212,99.325668,1,0,0,1,0,1,0,0,1,1
S(=O)(=O)(Cc1ccccc1)N1C(C(OCCCc2cnccc2)=O)CCC1,247246,CHEMBL150229,99.325905,1,0,0,1,1,1,0,1,1,1
O=C(C(C)(C)C)C(=O)N1C(C(=O)OC2C3CC4CC2CC(C3)C4)CCCC1,247115,CHEMBL151327,100,1,0,0,1,0,1,0,0,0,1
O(CCCc1ccccc1)C(=O)C1N(C(=O)C(=O)C2CCCCC2)CCC1,246633,CHEMBL149373,100,1,0,0,1,1,1,0,1,1,0
S(=O)(=O)(N1C2C(=O)N3CCc4cc(OC)cc(OC)c4C3C1CCC2)c1ccc(C#N)cc1,338019,CHEMBL201214,100,1,0,0,1,0,1,0,0,0,1
S=C(NC1CCCCC1)N1[C@H](C(OCCCc2cc(OC)c(OC)cc2)=O)CCC1,45384,CHEMBL30416,100,1,0,0,1,0,1,0,1,1,1
S(CCC(c1ccccc1)c1ccccc1)C(=O)[C@H]1N(C(=O)C(=O)C(C)(C)CC)CCCC1,195962,CHEMBL119580,100,1,0,0,1,0,1,0,0,1,1
S(=O)(=O)(N1C2C(=O)N3CCc4cc(OC)cc(OC)c4C3C1CCC2)c1ccc(-c2ccccc2)cc1,337963,CHEMBL201714,100,1,0,0,1,0,1,0,0,0,1
FC(F)(C(=O)N1C2C(=O)N3CCc4cc(OC)cc(OC)c4C3C1CCC2)c1cc(OC)c(OC)c(OC)c1,338569,CHEMBL381637,100,1,0,0,1,0,1,0,0,0,0
S(=O)(=O)(Cc1ccccc1)N1C(C(OCCCc2ccc(OC)cc2)=O)CCCC1,45815,CHEMBL286230,100,1,0,0,1,1,1,0,0,1,1
O(C(CCc1cc(OC)c(OC)cc1)c1cc(OCC(=O)[O-])ccc1)C(=O)[C@H]1N(C(=O)[C@@H](C)c2ccccc2)CCCC1,14999,CHEMBL14903,99.85302,1,1,1,1,1,1,0,1,0,1
O(CCCCc1ccc(OC)cc1)C(=O)C1N(C(=O)C(=O)C2CCCCC2)CCCC1,246560,CHEMBL146203,100,1,0,0,1,1,1,0,0,1,0
S(=O)(=O)(Cc1ccccc1)N1C(C(OC(CCCc2ccccc2)Cc2ccccc2)=O)CCCC1,247306,CHEMBL346171,100,1,1,0,1,1,1,0,0,1,1
O=C(C(=O)c1sccc1)N1C2C(=O)N3CCc4cc(OC)cc(OC)c4C3C1CCC2,338018,CHEMBL202655,100,1,0,0,1,0,1,0,0,0,1
S(=O)(=O)(Cc1ccccc1)N1[C@H](C(=O)NCCCCc2ccccc2)CCCC1,46649,CHEMBL33299,100,1,0,0,1,1,1,1,0,1,1
O=C(C(=O)c1cnccc1)N1C2C(=O)N3CCc4cc(OC)cc(OC)c4C3C1CCC2,337893,CHEMBL372288,99.930344,1,0,0,1,0,1,0,0,0,1
O=C(C(=O)c1ccncc1)N1C2C(=O)N3CCc4cc(OC)cc(OC)c4C3C1CCC2,337894,CHEMBL381509,99.906349,1,0,0,1,0,1,0,0,0,0
S=C(NC1C2CC3CC1CC(C2)C3)N1C(C(OCCCc2cnccc2)=O)CCC1,246852,CHEMBL149669,99.3255,1,0,0,1,0,1,1,0,1,1
O(CCc1cc(OC)c(OC)c(OC)c1)C(=O)C1N(C(=O)C(=O)C(C)(C)CC)CCC1,246373,CHEMBL341856,100,1,0,1,1,1,1,0,0,1,1
S(=O)(=O)(N1C[C@@H](C)O[C@@H](C)C1)N1C2C(=O)N3CCc4cc(OC)ccc4C3C1CCC2,337645,CHEMBL414675,100,1,0,0,1,0,1,0,0,0,1
O(CCCc1cnccc1)C(=O)C1N(C(=O)C(=O)C(C)(C)CC)CCCC1,178493,CHEMBL108247,99.325783,1,0,0,1,0,1,0,0,1,1
FC(F)(F)c1c(F)c(F)c(CCCCC(=O)[C@H]2N(C(=O)C(=O)C(C)(C)CC)CCC2)c(F)c1F,195826,CHEMBL119155,100,1,0,0,1,0,1,0,0,1,1
S=C(NC1CCCCC1)N1C(C(OCCCc2cnccc2)=O)CCC1,246853,CHEMBL148621,99.3255,1,0,0,1,0,1,1,0,1,1
S(=O)(=O)(Nc1cc(F)c(F)cc1)N1C2C(=O)N3CCc4cc(OC)ccc4C3C1CCC2,337717,CHEMBL202123,94.894753,1,0,0,1,0,1,0,1,0,1
Clc1c(Cl)ccc(-c2ccc(S(=O)(=O)N3C4C(=O)N5CCc6cc(OC)cc(OC)c6C5C3CCC4)cc2)c1,338012,CHEMBL201359,100,1,0,0,1,0,1,0,0,0,1
O(CCCC1CCCCC1)C(=O)C1N(C(=O)C(=O)C(C)(C)CC)CCCC1,178776,CHEMBL107698,100,1,0,0,1,0,1,0,0,1,1
O(CCCc1ccc2OCOc2c1)C(=O)C1N(C(=O)C(=O)C(C)(C)CC)CCC1,246372,CHEMBL147712,100,1,0,0,1,0,1,0,0,1,1
S(=O)(=O)(N1C(C(OCCCc2cc(OC)c(OC)cc2)=O)CCCC1)c1ccccc1,45828,CHEMBL34109,100,1,0,0,1,1,1,0,1,1,0
O=C(C(C)(C)C)C(=O)N1[C@H](C(=O)CCCc2ccccc2)CCC1,195527,CHEMBL334179,100,1,0,0,1,1,1,0,0,0,1
S(=O)(=O)(Nc1cnc(F)cc1)N1C2C(=O)N3CCc4cc(OC)ccc4C3C1CCC2,337751,CHEMBL200999,93.595589,1,0,0,1,0,1,1,1,1,1
O(CCCC1CCCCC1)C(=O)C1N(C(=O)C(=O)C(C)(C)CC)CCC1,247314,CHEMBL151517,100,1,0,0,1,0,1,0,0,1,1
O(CCCc1ncccc1)C(=O)C1N(C(=O)C(=O)C(C)(C)CC)CCC1,246316,CHEMBL435686,96.506424,1,0,0,1,0,1,0,0,1,1
O[C@H]1[C@H](OC)C[C@H](/C=C(\C)/[C@@H](OC(=O)[C@H]2N(C(=O)C(=O)[C@@]3(O)[C@H](C)CCCO3)CCCC2)CCCC=C)CC1,48847,CHEMBL287350,99.99955,1,0,0,1,0,1,0,1,1,1
Clc1ccc(C(O)C(=O)N2C3C(=O)N4CCc5cc(OC)cc(OC)c5C4C2CCC3)cc1,337845,CHEMBL372289,100,1,0,0,1,0,1,0,0,0,1
O(CCCc1ccccc1)C(=O)C1N(C(=O)C(=O)C2CCCCC2)CCCC1,246561,CHEMBL146204,100,1,0,0,1,1,1,0,0,1,0
S(=O)(=O)(Nc1cnc(OC)cc1)N1C2C(=O)N3CCc4cc(OC)ccc4C3C1CCC2,337752,CHEMBL370582,95.63974,1,0,0,1,0,1,1,1,0,0
O=C(C(C)(C)CC)C(=O)N1[C@H](C(=O)CCCCc2cnccc2)CCC1,196469,CHEMBL120303,99.282104,1,0,0,1,0,1,0,0,1,1
S(=O)(=O)(N1C(C(OCCCc2ccc(OC)cc2)=O)CCCC1)c1ccc(C)cc1,45779,CHEMBL34739,100,1,0,0,1,1,1,0,0,1,0
S(=O)(=O)(Nc1cc(F)c(F)c(F)c1)N1C2C(=O)N3CCc4cc(OC)ccc4C3C1CCC2,337638,CHEMBL201785,92.751831,1,0,0,1,0,0,0,1,0,1
O=C(C(=O)c1occc1)N1C2C(=O)N3CCc4cc(OC)cc(OC)c4C3C1CCC2,337947,CHEMBL203094,100,1,0,0,1,0,0,0,0,0,1
O=C(C(C)(C)C)C(=O)N1[C@H](C(=O)CCCCCc2ccccc2)CCCC1,195788,CHEMBL326794,100,1,0,0,0,0,0,0,0,1,1
O=C(C(=O)C1CCCCC1)N1[C@H](C(=O)CCCCc2ccccc2)CCC1,196623,CHEMBL120630,100,1,0,0,1,0,1,0,0,1,0
O=C(N(c1c(C)cccc1)c1c(C)cccc1)N1C2C(=O)N3CCc4cc(OC)cc(OC)c4C3C1CCC2,337391,CHEMBL202000,100,1,0,0,1,0,0,0,0,0,1
S(=O)(=O)(N1C(C(OC(CCCc2ccccc2)CCCc2ccccc2)=O)CCCC1)c1ccc(C)cc1,247266,CHEMBL149011,100,1,1,0,1,0,1,0,0,0,1
O=C(N(c1c(OC)cccc1)c1c(OC)cccc1)N1C2C(=O)N3CCc4cc(OC)cc(OC)c4C3C1CCC2,337737,CHEMBL436478,100,1,0,0,1,0,0,0,0,0,1
S(=O)(=O)(N1CCCCC1)N1C2C(=O)N3CCc4cc(OC)ccc4C3C1CCC2,337675,CHEMBL372099,100,1,0,0,1,0,0,0,0,0,1
O=C(C(C)(C)CC)C(=O)N1[C@H](C(=O)NCCC(c2ccccc2)c2ccccc2)CCCC1,195154,CHEMBL118978,100,1,0,0,1,0,1,0,0,1,1
O(C/C=C/c1c(OC)ccc(OC)c1)C(=O)C1N(C(=O)C(=O)C(C)(C)CC)CCC1,246634,CHEMBL356461,100,1,0,0,1,1,1,0,0,1,1
Fc1ccc(C(CCCC(=O)[C@H]2N(C(=O)C(=O)C(C)(C)CC)CCC2)c2ccc(F)cc2)cc1,196502,CHEMBL340105,100,1,0,0,1,0,1,0,0,1,1
O(CCCCc1ccccc1)C(=O)[C@H]1N(C(=O)NC23CC4CC(C2)CC(C3)C4)CCC1,45793,CHEMBL284069,100,1,0,0,0,0,1,0,0,1,0
S(=O)(=O)(N1C(C(OCCCCc2ccccc2)=O)CCCC1)c1ccccc1,246734,CHEMBL146527,100,1,0,0,1,0,0,0,0,1,0
S(=O)(=O)(N1C(C(OCCCCc2ccccc2)=O)CCCC1)c1ccc(C)cc1,247304,CHEMBL357091,100,1,0,0,1,0,1,0,0,1,0
O(C(CCc1cc(OC)c(OC)cc1)c1cc(OCC(=O)[O-])ccc1)C(=O)[C@H]1N(C(=O)[C@H](C)c2ccccc2)CCCC1,15058,CHEMBL406996,99.85302,1,1,1,1,1,1,0,1,0,1
S(=O)(=O)(Nc1cnc(N2CCOCC2)cc1)N1C2C(=O)N3CCc4cc(OC)ccc4C3C1CCC2,337599,CHEMBL202171,75.038055,1,0,0,1,0,1,1,1,0,0
S(=O)(=O)(N1C(C(=O)NCCCc2ccccc2)CCCC1)c1ccc(CC)cc1,46511,CHEMBL417492,100,1,0,0,1,1,1,1,0,1,1
S(=O)(=O)(N1[C@H](C(OCCCc2ccccc2)=O)C2CCC1C2)c1ccccc1,209145,CHEMBL127050,100,1,0,0,1,0,1,0,0,1,0
O(CCCc1ccccc1)C(=O)[C@H]1N(C(=O)C(=O)C(C)(C)CC)C2CCC1C2,209104,CHEMBL419598,100,1,0,0,1,0,1,0,0,1,1
O(CCCCc1ccccc1)C(=O)[C@H]1N(C(=O)C(=O)C(C)(C)CC)C2CCC1C2,208395,CHEMBL338272,100,1,0,0,1,0,1,0,0,1,1
S(=O)(=O)(Cc1ccccc1)N1[C@H](C(SCCCc2ccccc2)=O)C2CCC1C2,209166,CHEMBL433871,100,1,0,0,1,0,1,0,0,1,1
S(=O)(=O)(N1C(C(=O)NCCCc2ccccc2)CCCC1)c1ccccc1,45892,CHEMBL286152,100,1,0,0,1,1,1,1,1,1,1
O(CCCc1cnccc1)C(=O)C1N(C(=O)C(=O)c2ccccc2)CCCC1,863,CHEMBL6714,99.325798,1,0,1,1,1,1,0,0,1,1
O(CCCC1CCCCC1)C(=O)C1N(C(=O)C(=O)C2CCCCC2)CCCC1,247046,CHEMBL146804,100,1,0,0,1,0,1,0,0,1,0
O=C(C(C)(C)CC)C(=O)N1[C@H](C(=O)CCCCc2ccccc2)CCCC1,196205,CHEMBL120311,100,1,0,0,1,0,1,0,0,1,1
O(CCCc1ccccc1)C(=O)[C@H]1N(C(=O)Nc2ccccc2)CCC1,46025,CHEMBL285557,100,1,0,0,1,0,1,1,1,1,0
O=C(C(C)(C)CC)C(=O)N1[C@H](C(=O)NCCCc2cnccc2)CCC1,195152,CHEMBL326317,99.306664,1,0,0,1,0,1,1,1,1,1
S=C(NC12CC3CC(C1)CC(C2)C3)N1[C@H](C(OCCCc2ccc(F)cc2)=O)CCC1,45439,CHEMBL285079,100,1,0,0,0,0,1,0,0,0,0
O=C(C(C)(C)CC)C(=O)N1[C@H](C(=O)CCCCCc2cnccc2)CCCC1,195791,CHEMBL324792,99.275566,1,0,0,1,0,1,0,0,1,1
S(=O)(=O)(N1[C@H](C(SCCCc2ccccc2)=O)C2CCC1C2)c1ccccc1,209168,CHEMBL126300,100,1,0,0,0,0,0,0,0,1,1
S(CCC(c1ccccc1)c1ccccc1)C(=O)[C@H]1N(C(=O)C(=O)C(C)(C)CC)C2CCC1C2,208798,CHEMBL126088,100,1,0,0,0,0,1,0,0,1,1
Brc1ccc(C2=NN(C(=O)CCC(=O)[O-])[C@H](c3ccc(N(C)C)cc3)C2)cc1,,C00710121,99.371048,0,0,1,1,0,1,0,0,1,0
Brc1ccc(C2=NN(C(=O)CCC(=O)[O-])[C@@H](c3ccc(N(C)C)cc3)C2)cc1,,C00710120,99.371048,0,0,0,1,0,0,0,1,1,0
Clc1cc(c(C(=O)[O-])cc1)-c1oc(C=C2C(=O)N(CC)C(=S)N(CC)C2=O)cc1,,C02220932,99.375397,0,0,0,1,0,1,0,0,0,0
Brc1c(OCc2oc(-c3oc(Br)cc3)nn2)ccc(C(=O)[O-])c1,,C13191283,99.10244,0,0,0,1,0,1,0,0,0,0
Clc1c(S(=O)(=O)Oc2ccc(-c3nc(C)on3)cc2)cc(C(=O)[O-])c(Cl)c1,,C13198835,99.913521,0,0,1,1,0,1,0,0,0,0
Clc1c(F)ccc(Sc2c(C(=O)[O-])cc(S(=O)(=O)N3CCOCC3)cc2)c1,,C13276262,99.569153,0,0,1,1,0,1,0,1,1,0
Clc1ccc([C@@H](N(S(=O)(=O)c2cc(C(=O)[O-])c(F)cc2)C)c2n(C)ccn2)cc1,,C13279351,78.121521,0,0,0,1,0,1,0,0,1,0
S(=O)(=O)(Oc1ccc(N(C)C(=O)c2ccc(C)cc2)cc1)c1scc(C(=O)[O-])c1,,C13311142,99.428604,0,0,0,1,1,0,0,0,1,0
S(CC(=O)N1CCC(C(=O)[O-])CC1)C=1N(CC=C)C(=O)c2c(sc3CCCc23)N=1,,C13344672,98.709999,0,0,0,1,0,0,0,0,0,1
Brc1c(CN2C(=O)c3c(C)c(C(=O)[O-])sc3N=C2)cc2OCCOc2c1,,C13418273,99.24884,0,0,0,1,0,0,0,0,0,0
Clc1c(CN2C(=O)/C(=C\3/C(=O)N(CC(=O)[O-])C(=S)S/3)/c3ccccc23)cccc1,,C16248093,99.898949,0,0,0,0,0,0,0,1,0,0
S(c1ccccc1)C1=C(/C=C\2/C(=O)N(CC(=O)[O-])C(=S)S/2)C(=O)N2C=CC=C(C)C2=[NH+]1,,C16741439,84.786804,0,0,0,1,0,0,0,1,1,0
FC(F)(F)c1cc(N2C(=O)/C(=C\c3ccc(O[C@H](C)C(=O)[O-])cc3)/SC2=O)ccc1,,C16907005,99.818222,0,0,0,1,0,0,0,1,0,0
FC(F)(F)c1cc(N2C(=O)/C(=C\c3cc(O[C@@H](C)C(=O)[O-])ccc3)/SC2=O)ccc1,,C16909311,99.813179,0,0,0,0,0,0,0,0,0,0
Clc1sc(S(=O)(=O)N2CCN(C(=O)[C@@H]3[C@@H](C(=O)[O-])[C@@H]4C[C@H]3C=C4)CC2)cc1,,C17097262,99.377968,0,1,0,1,0,0,0,0,1,1
Brc1cc([C@H]2N(c3scnn3)C(=O)C([O-])=C2C(=O)c2ccccc2)ccc1,,C08740878,98.951927,0,0,0,1,1,1,0,0,0,0
Brc1cc(/C=C\2/C(=O)N(NC3=NS(=O)(=O)c4ccccc34)C(=S)S/2)ccc1,,C20530784,65.833084,0,0,0,1,1,0,1,0,1,0
FC(F)(F)c1cc(-c2c(C)n(CC)nc2)nc2n(-c3ccc(C(=O)[O-])cc3)nc(C)c12,,C20615504,98.54744,0,0,0,0,0,0,0,0,1,0
S(=O)(=O)(Nc1c(F)cccc1)c1c(CN2C(=O)c3ncccc3C2=O)ccc(F)c1,,C20935798,87.149925,0,0,0,1,0,1,1,0,0,0
Clc1c(NS(=O)(=O)c2ccc(F)cc2)cc(C(=O)N(C)Cc2oc(C)cc2)cc1,,C23159096,92.929443,0,0,0,1,0,1,1,0,0,0
Clc1c(Oc2c(NS(=O)(=O)c3ccc(S(=O)(=O)C)cc3)cccc2)cccc1,,C32906728,92.975075,0,0,0,1,1,1,1,1,1,0
S(=O)(=O)(Nc1ccc(N(C)C)cc1)[C@H]1[C@@H](N(C)OC1)c1ccc(C(F)(F)F)cc1,,C34738663,99.477821,0,0,0,0,0,1,0,0,0,0
S(=O)(=O)(Nc1ccc(N(C)C)cc1)[C@H]1[C@@H](N(C)OC1)c1cc(C(F)(F)F)ccc1,,C35916839,99.477692,0,0,0,1,0,1,1,0,0,0
Fc1c([C@H]2N(c3sc(C)nn3)C(=O)C([O-])=C2C(=O)c2ccc3O[C@@H](C)Cc3c2)cccc1,,C09541721,98.885193,0,0,0,1,1,1,0,0,0,0
S(=O)(=O)(Nc1ccc2N(CC=C)C(=O)C(C)(C)COc2c1)c1cccc2cccnc12,,C38707350,97.863312,0,0,0,1,0,1,0,0,0,1
S(CC1=CC(=O)N=C2S[C@@H](C(=O)[O-])C(C)=C12)c1n(CC)c(-c2sccc2)nn1,,C39680096,99.595306,0,0,0,1,0,0,0,0,0,0
Clc1c(S(=O)(=O)N2CCN(c3ncc(C(F)(F)F)cc3)CC2)cc(C(=O)[O-])c(Cl)c1,,C13071544,98.620735,0,0,0,1,0,0,0,0,1,0
S(=O)(=O)(N1CCN(c2ncc(C(F)(F)F)cc2)CC1)c1cc(C(=O)[O-])c(F)cc1,,C13071554,98.522102,0,0,0,0,0,0,0,0,1,0
S=C1N(CC(=O)[O-])C(=O)/C(=C\C2=C(N3C[C@H](C)C[C@H](C)C3)[NH+]=C3N(C2=O)C=C(C)C=C3)/S1,,C33446976,94.41127,0,0,0,1,0,0,0,1,0,0
Clc1c(C(F)(F)F)cc(N2C(=O)/C(=C\3/C(=O)N(CC(=O)[O-])c4ccccc/34)/SC2=O)cc1,,C39860871,99.850685,0,0,0,1,0,1,0,0,0,0
Fc1c(OC)ccc(-c2c(/C=C(/C(=O)Nc3sccn3)\C#N)cn(-c3ccccc3)n2)c1,,C39997763,99.989655,0,0,0,0,0,0,0,0,0,0
O=C(O[C@@H]1C[C@@]2(C)[C@H](C(=O)C)CC[C@H]2[C@H]2CCC=3[C@@](C)(CCC(=O)C=3)[C@H]12)CCC(=O)[O-],,C43736594,99.408813,0,0,0,1,0,1,0,0,1,0
Brc1ccc(N2C(=O)/C(=C/c3c(C)n(c(C)c3)-c3cnccc3)/C(=O)NC2=O)cc1,,C13810378,99.695183,0,0,0,1,0,1,0,0,0,0
Clc1c(Cn2c(/C=C\3/C(=O)N(Cc4occc4)C(=O)NC/3=O)ccc2)c(Cl)ccc1,,C13552643,99.994156,0,0,0,0,0,0,0,0,0,0
S(=O)(=O)(Nc1ccc2n(CC)c3ccccc3c2c1)c1c(S(=O)(=O)C)cccc1,,C58611699,98.803947,0,0,0,1,0,1,1,1,1,0
Brc1c(/C=C/2\C(=O)N(c3ccc(F)cc3)C(=O)NC\2=O)cc2OCOc2c1,,C59106165,99.977753,0,0,0,0,0,1,0,0,0,0
S=C1N(c2c(F)cccc2)C(=O)/C(=C\c2oc(-c3c([N+](=O)[O-])cccc3)cc2)/C(=O)N1,,C59135747,98.355438,0,0,0,0,0,1,0,0,0,0
Clc1c(Cl)ccc(N2C(=O)/C(=C/c3oc(N4CCCC4)cc3)/C(=O)NC2=S)c1,,C59138548,99.462051,0,0,0,0,0,0,0,0,0,0
S=C1N(C)C(=O)/C(=C/c2cn(CCCOc3c(C)cccc3)c3ccccc23)/C(=O)N1,,C59182220,99.726517,0,0,0,1,0,1,1,0,0,0
S(=O)(=O)(/N=C(\[O-])/c1c(C)n(-c2ncc(C(F)(F)F)cc2)nc1)c1cc(C)c(C)cc1,,C59250666,91.630066,0,0,0,1,0,1,0,0,0,0
Fc1ccc(N2C(=O)/C(=C\c3c(C)n(c(C)c3)-c3c(C)c(C)ccc3)/C(=O)NC2=O)cc1,,C33343270,99.989777,0,0,0,1,0,1,0,0,0,0
S=C1N(C)C(=O)/C(=C\c2oc(-c3cc(C(=O)[O-])ccc3)cc2)/C(=O)N1c1ccc(F)cc1,,C59595761,99.336029,0,0,0,1,0,1,0,0,0,0
S(CC1=CC(=O)N=C2S[C@@H](C(=O)[O-])C(C)=C12)c1nn(c(C2CC2)n1)-c1ccccc1,,C39929799,71.665581,0,0,0,1,0,1,0,0,0,1
S(Cc1ccc(C)cc1)C=1NC=2NC=3CCCC(=O)C=3[C@@H](c3ccncc3)C=2C(=O)N=1,,C39765161,74.147339,0,0,0,1,0,0,0,1,0,0
Brc1cc(-c2nc3[nH]nc(-c4cc([N+](=O)[O-])ccc4)c3c(C(=O)[O-])c2)ccc1,,C20135870,97.088226,0,0,0,1,1,1,0,0,0,0
Fc1ccc(N2C(=O)/C(=C/c3n(CCOc4c(C)cccc4)ccc3)/C(=O)NC2=O)cc1,,C17196831,99.986549,0,0,0,1,0,1,1,0,0,0
Ic1ccc(N2C(=O)/C(=C\C=C\c3occc3)/C(=O)NC2=O)cc1,,C15798905,99.979179,0,0,0,0,0,1,0,0,0,0
S(c1oc(/C=C\2/C(=O)N(c3ccc4OCOc4c3)C(=O)NC/2=O)cc1)c1ccccc1,,C08738748,99.981323,0,0,0,1,0,0,0,0,0,0
Brc1c(C)cc(N2C(=O)/C(=C/c3oc(N(CC)CC)cc3)/C(=O)NC2=O)cc1,,C01211139,99.992378,0,0,0,1,0,0,0,0,0,0
Clc1ccc(C(=O)N(Cc2ccc(C#N)cc2)c2nn3C(=O)C(C)=C(C)Nc3n2)cc1,,C64814016,97.502632,0,0,0,0,0,1,0,0,0,0
BrC=1C(=NS(=O)(=O)c2c(C)nn(C)c2)NN(Cc2c(Cl)cccc2F)C=1,,C02804856,51.788509,0,0,0,1,0,1,1,0,0,0
Brc1c(C)cc(N2C(=O)/C(=C/c3cc(OC)c(OCC#C)cc3)/C(=O)NC2=O)cc1,,C02193086,99.977684,0,0,0,0,0,1,0,0,0,0
O=C(N[C@@H]1CS(=O)(=O)CC1)CC=1C(=O)Oc2cc(C)c3c(-c4ccccc4)coc3c2C=1C,,C09340548,100,0,0,0,1,0,1,1,1,0,0
FC(F)(F)c1cc(C(F)(F)F)cc(C(=O)NN2C(=O)c3cnn(-c4ccc(F)cc4)c3N=C2)c1,,C09562997,99.944214,0,0,0,0,0,1,0,0,0,0
Fc1ccc(C(=O)C=2C(=O)c3cc(C)ccc3N(CC(=O)Nc3ccc4OCCOc4c3)C=2)cc1,,C09855659,100,0,0,0,1,0,1,0,0,1,0
O=C(Nc1scc(-c2ccc3OCCOc3c2)n1)CN1c2ccccc2C(=O)c2ccccc12,,C11249059,100,0,0,0,1,0,0,0,0,0,0
Brc1cc(/C=C/2\C(=O)N(CC(=O)Nc3ccc([N+](=O)[O-])cc3)C(=S)S\2)ccc1,,C11866665,100,0,0,0,0,1,0,0,0,0,0
Clc1cc(NC(=O)c2cc(S(=O)(=O)N3CCOCC3)c(F)cc2)c(N2CCCC2)cc1,,C12596006,100,0,0,0,1,0,1,0,1,0,0
Clc1cc(-n2ncc3C(=O)N4[C@@H](CC(=O)NCc5c(F)cccc5F)CSC4=Nc23)ccc1,,C14011494,99.871666,0,0,0,1,0,0,1,0,1,1
S(=O)(=O)(C)c1ccc2nc(NC(=O)c3sc4n(-c5ccccc5)nc(C)c4c3)sc2c1,,C14462662,99.982819,0,0,0,1,1,0,0,1,0,0
Clc1c(C(=O)N2CCN(S(=O)(=O)C3=C(C)NC(=O)S3)CC2)sc2cc(F)ccc12,,C14850029,99.995308,0,0,0,1,0,0,0,0,1,0
O=C(N(C)CC=1Nc2ccccc2C(=O)N=1)c1c(-c2cc(C)c(C)cc2)nn(-c2ccccc2)c1,,C14933565,79.61216,0,0,0,0,0,0,0,0,0,1
S(CC(=O)Nc1sccn1)C=1N(c2ccccc2)C(=O)c2c(sc3C[NH+](C)CCc23)N=1,,C20392293,97.970078,0,0,0,1,0,1,1,0,0,0
S(=O)(=O)(N1CCC2(OCCO2)CC1)c1c(F)ccc(C(=O)Nc2c(C(F)(F)F)cccc2)c1,,C20677220,100,0,0,0,1,0,0,0,0,1,0
Brc1ccc2N=C(SCC(=O)Nc3ccc4OCCOc4c3)N(CC)C(=O)c2c1,,C21955109,97.187904,0,0,0,1,0,1,1,1,1,0
F[C@]12[C@@H](O)C[C@]3(C)[C@]4(C(=O)COC(=O)C)OC(C)(C)O[C@H]4C[C@@H]3[C@@H]1CCC=1[C@@]2(C)C=CC(=O)C=1,,C21983775,100,0,0,0,1,0,1,0,0,0,1
S(=O)(=O)(N1CCN(CC=2Nc3sc4CCCc4c3C(=O)N=2)CC1)c1ccc(C(C)C)cc1,,C24630945,96.333771,0,0,0,1,0,1,0,0,0,0
FC(F)(F)c1cnc(N2CCN(C(=O)CCC=3Nc4sc5CCCc5c4C(=O)N=3)CC2)cc1,,C24954926,94.167442,0,0,0,1,0,1,0,0,0,1
O=C(Nc1c(C)c(C(=O)N2CCc3sccc3C2)ccc1)CN1C(=O)c2cc(C)ccc2C1=O,,C26052698,100,0,0,0,1,0,1,1,1,1,1
F[C@H]1C[C@H]2[C@@H]([C@@H](O)C[C@]3(C)[C@]4(C(=O)COC(=O)C)OC(C)(C)O[C@@H]4C[C@@H]23)[C@]2(C)CCC(=O)C=C12,,C26965922,100,0,0,0,1,0,1,0,1,0,1
Clc1cc(NC(=O)c2ccc3OCCOc3c2)c(N2CCN(C(=O)c3c(F)cccc3)CC2)cc1,,C30828778,100,0,0,0,0,0,0,0,1,0,0
S(=O)(=O)(Nc1ccc(C(=O)N2CCN(c3c(C#N)c(F)ccc3)CC2)cc1)c1cc(C)c(F)cc1,,C31401114,71.561951,0,0,0,1,0,0,0,0,1,0
Fc1cc(NC(=O)c2nc(-c3ccccc3)cc3n([C@H]4CS(=O)(=O)CC4)c(C)nc23)ccc1,,C32642045,96.1222,0,0,0,1,0,1,0,0,0,0
Clc1ccc-2c(N(C)S(=O)(=O)c3cnc(SCC(=O)NCc4sccc4)nc-23)c1,,C33039654,99.987747,0,0,0,1,0,1,1,0,0,1
Fc1cc(-n2c(C)c(/C=C/3\C(=O)N=C4SC(COc5c(C)cccc5)=NN4C\3=[NH2+])cc2C)ccc1,,C33369875,99.953217,0,0,0,0,0,1,0,0,0,0
Brc1c(C)cc(S(=O)(=O)N2CCN([C@@H](C)C=3Nc4ccccc4C(=O)N=3)CC2)cc1,,C12853126,73.92704,0,0,0,1,0,0,0,0,0,0
S=C1N(C[C@@H]2OCCC2)C(=O)/C(=C\2/C(=O)N(CC(=O)Nc3cc(C)ccc3)c3ccccc/23)/S1,,C01832454,100,0,0,0,1,0,0,0,0,0,0
Fc1ccc(CN2C(=O)c3ccccc3S(=O)(=O)c3ccc(C(=O)NCc4occc4)cc23)cc1,,C08597950,100,0,0,0,0,1,0,0,0,1,1
Brc1cc(NC(=O)c2cn(C)c3C(=O)N(c4ccc(Cl)cc4)C(=O)Nc23)ccc1,,C39384047,99.991142,0,0,0,0,0,0,1,0,0,0
S(=O)(=O)(C(C)C)[C@@H]1NC=2c3nc4cccc(SC)c4cc3C(=O)N(SC)C=2C(=O)C1,,C39456298,91.327988,0,0,0,1,0,1,1,1,0,0
BrC=1C(Cl)=C[C@H]2CN3NP(S(=O)(=O)Oc4ccccc4)(=O)OC[C@H]3C[C@H]2C=1,,C39469757,51.779617,0,0,0,0,0,1,0,0,1,0
Brc1sc(S(=O)(=O)N2CCN([C@H](C)C(=O)Nc3ncc(Cl)cc3)CC2)cc1,,C39519546,96.739212,0,0,0,1,0,1,1,0,0,1
Ic1cc(C)c(NC(=O)COC(=O)[C@H]2C(C)=C3C(=O)N=C(C)N=C3S2)cc1,,C39617523,99.993446,0,0,0,1,1,1,1,0,0,0
O=C(N1CCN(CC=2Nc3sc(C)c(C)c3C(=O)N=2)CC1)[C@H]1[C@H](n2cccc2)SC(C)=C1C,,C39733574,94.808487,0,0,0,0,0,1,0,0,0,0
OCCCN1C(=O)C=2Oc3ccccc3C(=O)C=2[C@@]21C(=O)N(Cc1c(C)cccc1)c1ccccc21,,C39889697,100,0,0,0,1,0,0,0,0,0,0
O=C(N(C)CC=1Nc2ccsc2C(=O)N=1)[C@@H]1[C@H](N(c2ccc(C)cc2)C(=O)C1)c1sccc1,,C22186933,97.568756,0,0,0,1,0,1,1,0,0,0
O=C1/C(=C\c2c(-c3ccccc3)nc3SC(C4CC4)=Nn23)/C(=[NH2+])N2C(c3ccccc3)=CSC2=N1,,C41074297,93.291153,0,0,0,0,0,1,0,0,0,1
Clc1cc(N2CCN(C(=O)C=3C(=O)c4c(C)nn(-c5ccc(F)cc5)c4NC=3)CC2)ccc1,,C43921035,98.713676,0,0,0,0,0,0,0,0,0,0
Brc1cccc2cc(C(=O)NCc3sc(S(=O)(=O)N4CCOCC4)cc3)oc12,,C46768536,100,0,0,0,1,0,1,0,1,0,0
Brc1cc(/C=C\2/C(=O)n3nc(C)nc3S/2)c(OCC(=O)Nc2ccc(F)cc2)cc1,,C47154679,97.97197,0,0,0,0,1,0,0,0,0,0
Clc1ccc2[C@@H](N3CCN(C(NCc4ccncc4)=NC#N)CC3)c3ncccc3CSc2c1,,C13912213,73.234543,0,0,0,1,0,1,1,0,1,1
O(CC=1SC=2N(C(=[NH2+])/C(=C/c3c(C)n(c(C)c3)-c3cc(C)ccc3)/C(=O)N=2)N=1)c1ccccc1,,C41108045,99.95356,0,0,0,0,0,1,0,0,0,0
Clc1c(-n2c(/C=C/3\C(=O)N=C4SC(COc5c(C)cccc5)=NN4C\3=[NH2+])ccc2)cccc1,,C41108308,99.944168,0,0,0,1,0,1,0,0,0,0
Fc1c(C=2SC=3N(C(=[NH2+])/C(=C\c4c(C)n(c(C)c4)-c4c(OC)cccc4)/C(=O)N=3)N=2)cccc1,,C09234589,99.95063,0,0,0,0,0,0,0,0,0,0
Clc1n(-c2ccccc2)nc(C)c1/C=C/1\C(=O)N=C2SN=C(SCc3ccccc3)N2C\1=[NH2+],,C41076720,99.961853,0,0,0,0,0,0,1,0,0,0
IC=1C(=O)C(OC)=CC(=CNc2ccc3OCCOCCOCCOc3c2)C=1,,C03038290,99.472038,0,0,0,1,0,1,0,1,0,1
S(=O)(=O)(N1CCc2ccccc2C1)c1c(C(=O)Nc2cc(-c3n[nH]cc3)ccc2)scc1,,C63919416,53.571659,0,0,0,1,1,1,1,0,1,1
S(=O)(=O)(c1c(C)cc(C)cc1)C=1C(=O)c2ccc(C)nc2N(CC(=O)Nc2ccc(F)cc2)C=1,,C64591264,99.188057,0,0,0,1,0,1,0,0,0,1
Brc1ccc(N2C(=O)c3n(c(SCC(=O)Nc4ccc(F)cc4)nn3)C=C2)cc1,,C46047945,99.998322,0,0,0,0,0,0,0,0,0,0
O=C(N1CCN(c2c(C)ccc(C)c2)CC1)c1cc(NC=2S[C@@H]3CS(=O)(=O)C[C@@H]3[NH+]=2)c(C)cc1,,C67240882,50.433556,0,0,0,1,0,0,0,1,0,0
O=C(C)N1C[C@@H]2[C@@H](c3cc(OCC)c(OC(C)C)cc3)C(C#N)(C#N)C(N)=C(C#N)C2=CC1,,C08441907,99.946625,0,0,0,1,0,1,0,0,0,0
S(CC(=O)NC(C)C)c1nc(-c2cc(C)cc(C)c2)nc2N(C)C(=O)N(C)C(=O)c12,,C08900859,99.773018,0,0,0,0,0,1,1,0,0,0
O=C(NCc1n2C(C)=CC(C)=Nc2nn1)c1n(-c2ccccc2)nc(-c2sccc2)c1,,C09592864,99.951256,0,0,0,1,0,1,1,0,0,0
S([C@H](C)C(=O)NC=1C(=O)N(N(C)C=1C)c1ccccc1)c1n2CCCCCc2nn1,,C09592973,99.545464,0,0,0,1,0,1,0,0,0,0
S(=O)(=O)(N(C)C)c1ccc(NC(=O)c2ccc(N3C(C)=Nc4ccccc4C3=O)cc2)cc1,,C09671804,98.44648,0,0,0,0,0,0,0,1,0,0
Fc1ccc([C@H](NC(=O)Cn2cnc3N(C)C(=O)N(C)C(=O)c23)c2sccc2)cc1,,C09875881,84.001984,0,0,0,1,0,1,1,0,0,0
S(=O)(=O)(N=C1N([C@@H]2CS(=O)(=O)CC2)NC(c2occc2)=C1)c1c(C)cc(F)cc1,,C11795961,71.787636,0,0,0,1,0,0,1,0,1,0
S(=O)(=O)(Nc1ccc(C(=O)C)cc1)c1c(C)cc(N2S(=O)(=O)CCC2=O)cc1C,,C11858155,53.373459,0,0,0,1,0,0,0,1,0,0
O=C(NN1C(C)=Nc2sc3CCCCCc3c2C1=O)CN1C(=O)c2ccccc2N=C1,,C12680595,98.408775,0,0,0,0,0,1,1,0,0,0
O=C(CN1C(=O)C(C)(C)Oc2ccc(C(=O)Nc3c(C)cccc3C)cc12)N1CCOCC1,,C12875382,100,0,0,0,0,0,1,0,0,0,1
Brc1c(C)n(Cn2nc(C(=O)N3[C@@](O)(C(F)(F)F)CC(C)=N3)cc2)nc1C,,C13959757,99.908806,0,0,0,1,0,1,0,0,1,0
Fc1c(/C=C\2/C(=O)N(CCNC(=O)c3ccc4C(=O)N(C)C(=O)c4c3)C(=O)S/2)cccc1,,C14621694,100,0,0,0,1,0,1,1,1,0,0
O(CC)C(=O)N1CCN(C(=O)CCC=2Nc3sc4C[C@@H](C)CCc4c3C(=O)N=2)CC1,,C15861414,95.396942,0,0,0,0,0,1,0,0,0,1
S(CC=1Nc2sc(C)c(C)c2C(=O)N=1)c1n(C)c([C@H]2Oc3ccccc3OC2)nn1,,C03452600,97.687775,0,0,0,1,0,1,0,0,0,0
S(CC(=O)Nc1cc(C(F)(F)F)ccc1)c1n(C)c2C(=O)N(C)C(=O)N(C)c2[nH+]1,,C01152412,50.219048,0,0,0,1,0,1,0,0,1,0
S(=O)(=O)(Nc1sc(C)c(C)n1)c1c(C)cc(N2S(=O)(=O)CC(C)(C)C2=O)cc1,,C16701735,58.675571,0,1,0,1,0,1,0,1,0,1
Fc1c(N2C(C)=CC(=O)C(C(=O)NC=3C(=O)N(N(C)C=3C)c3ccccc3)=N2)cccc1,,C17303448,99.995674,0,0,0,1,0,1,0,0,0,1
S(CC=1Nc2sc(C)c(C)c2C(=O)N=1)[C@H](C)C(=O)N1CCN(c2ncccn2)CC1,,C17640728,95.412872,0,0,0,1,0,0,0,0,1,1
Fc1ccc(Cn2c([C@H](N3CCOCC3)C=3C(=O)Nc4c(C)cc(C)cc4C=3)nnn2)cc1,,C19568191,99.131523,0,0,0,1,0,1,0,0,0,0
O=C(NC[C@@H]1OCCC1)C(=O)N1CCN(c2c(C#N)c3CCCCc3c(C(C)C)n2)CC1,,C20648173,94.50663,0,0,0,0,0,1,0,0,0,1
Fc1c(F)ccc(-n2c(CN3CCN(C(=O)Nc4c(F)cccc4F)CC3)nnn2)c1,,C21151125,97.096634,0,0,0,0,0,1,0,0,0,0
O=C(Nc1n(-c2ccccc2)nc2CCCc12)CN1C(=O)N(CC)C(=O)c2ccccc12,,C22088849,99.673775,0,0,0,1,0,1,1,1,0,0
FC(F)n1c(-c2c(C)nc(NC(=O)CN3C(=O)c4cccc(C)c4N=C3)s2)[nH+]cc1,,C22472735,94.87677,0,0,0,1,0,1,1,0,0,1
Fc1c(N2CCN(C(=O)CN3C(=O)[C@@](C)(c4ccccc4)NC3=O)CC2)ccc(C(=O)C)c1,,C22958657,99.999619,0,0,0,0,0,0,0,0,0,1
O=C(N1CCN(Cc2onc(-c3ccc(C)cc3)n2)CC1)c1ccc2S[C@@H](C)C(=O)Nc2c1,,C12756422,98.877296,0,0,0,1,0,1,0,0,0,0
O=C(c1ccc2O[C@@H](C)Cc2c1)C1=C([O-])C(=O)N(CC[NH+](C)C)[C@]21C(=O)N(C)c1ccccc21,,C24147530,97.796532,0,0,0,1,0,1,0,0,0,0
O=C(C[C@H]1C(=O)Nc2ccccc2S1)N1CCN(Cc2onc(-c3sccc3)n2)CC1,,C14481297,98.962776,0,1,0,1,1,1,0,0,1,1
FC(F)n1c(-c2c(C)nc(NC(=O)CC3=NN(C)C(=O)c4ccccc34)s2)[nH+]cc1,,C25163029,95.646889,0,0,1,1,0,1,1,0,1,0
Brc1sc(S(=O)(=O)N2CCN(c3ncnc4[nH]cnc34)CC2)cc1,,C31808050,81.655304,0,0,0,1,0,0,0,0,0,0
O=C(Nc1ccc2OCCOc2c1)CN1C(=O)N=C(c2sccc2)c2nc(C)sc12,,C32615844,99.764236,0,0,0,1,0,1,0,0,0,1
O=C(NCc1occc1)c1nc(-c2ccccc2)cc2n([C@H]3CS(=O)(=O)CC3)c(C)nc12,,C32641982,95.82888,0,0,0,0,0,1,1,0,0,0
Brc1ccc2N=CN(CCC(=O)Nc3ccc(-n4nccn4)cc3)C(=O)c2c1,,C32928152,99.071869,0,0,0,1,0,1,1,0,0,0
O=C(Nc1cc(C)c(C)cc1)N1CCN(Cc2n(C)c3ccc(C(=O)N(C)C)cc3n2)CC1,,C33275737,65.432365,0,0,0,1,0,1,0,0,0,0
O=C(Nc1c(C)cccc1)CN1C(=O)N(CC(=O)N2CC2)c2sc3CC(C)=C(C)c3c2C1=O,,C34725721,100,0,0,0,1,0,1,0,0,0,1
Clc1c(OC)cc(OC)c(NS(=O)(=O)C=2C(=O)N3C=C(C)SC3=NC=2C)c1,,C08589410,94.393051,0,0,0,1,0,0,1,0,0,0
BrC=1N(CCSc2[nH]c3ccccc3n2)[C@H]2C(=O)N(C)C(=O)N(C)[C@H]2N=1,,C38898628,77.382408,0,0,0,1,0,1,0,0,0,0
S(=O)(=O)(N(C)C)c1ccc2nc(NC(=O)[C@@H]3C(=O)Oc4ccccc4C3)sc2c1,,C38994791,99.859634,0,0,0,1,1,0,1,1,1,0
S(CC1=NC(=O)C2=C(C)[C@@H](C)SC2=N1)[C@@H](C)C(=O)NC=1C=CC2=NC(=O)N=C2C=1,,C39447324,51.382885,0,0,0,1,1,1,1,1,0,1
Br[C@@H]1NC=2c3ncc(OCC)cc3C(=O)N(S(=O)(=O)C(C)C)C=2C(=O)C1,,C39451478,99.657623,0,0,0,1,0,1,0,1,0,1
Brc1cnc2c(C(=O)N(S(=O)(=O)C(C)C)C=3C(=O)C[C@@H](OCC)NC2=3)c1,,C39451978,99.41465,0,0,0,1,0,1,1,1,0,1
S(=O)(=O)(C(C)C)c1cccc2nc3c(C(=O)N(OCC)C=4C(=O)C[C@H](F)NC3=4)cc12,,C39453775,97.126556,0,0,0,0,0,1,0,1,0,0
Brc1cc(C(=O)N/N=C/2\CCCc3oc(C(=O)N4CCOCC4)c(C)c\23)cnc1,,C40823023,99.973206,0,0,0,1,0,1,1,0,0,0
O=C(Nc1c(C(=O)N2C[C@H](C)C[C@@H](C)C2)cccc1)CCC1=C(C)n2ncnc2N=C1C,,C46711196,92.213432,0,0,0,1,0,1,1,1,1,1
S(CC(=O)Nc1c(C#N)c2CCCc2s1)c1n(C)c([C@H]2Oc3ccccc3OC2)nn1,,C03486573,99.930702,0,0,0,1,1,1,1,0,1,1
Clc1c(S(=O)(=O)N2CCOCC2)cc(C(=O)Nc2c(C)ccc(C(=O)N(C)C)c2)cc1,,C59282664,100,0,0,0,1,0,1,0,1,1,0
O=C(Nc1ccc2OC(=O)C=Cc2c1)CN1C(=O)/C(=C\c2c(OC)cccc2)/SC1=O,,C33585083,100,0,0,0,0,0,1,1,0,0,0
O=C(Nc1ccc(-c2nc(C3CCN(C(=O)c4cccc5[nH]ccc45)CC3)on2)cc1)C,,C64655808,99.994583,0,0,0,1,0,0,0,0,0,0
S(=O)(=O)(N1CCN(C(=O)c2cc(C)c(C)cc2)CC1)c1c(C)cc2NC(=O)COc2c1,,C64889613,99.997902,0,0,0,1,0,0,0,1,0,0
S(=O)(=O)(N1CCN(C(=O)c2cc(C)c(C)cc2)CC1)c1c(C)cc2NC(=O)[C@@H](C)Oc2c1,,C64889750,99.998184,0,0,0,0,0,0,0,1,0,0
S(=O)(=O)(NC[C@@H]1OCCC1)c1c(C)c(C)cc2c(C)c(C(=O)N3CCOCC3)oc12,,C65010818,93.942551,0,0,0,1,0,1,1,1,0,1
Brc1ccc(N(NC(P(=O)(N2CCOCC2)N2CCOCC2)=O)C(=O)CCl)cc1,,C03190914,100,0,0,0,1,0,1,0,0,0,1
Brc1c(N2CCOCC2)oc(/C=C/2\C(=O)N(c3cc(OCC)ccc3)C(=O)NC\2=O)c1,,C06573623,99.992203,0,0,0,1,0,0,0,0,0,0
Fc1c([C@@H]2N(C(=O)CN3C(=O)[C@](C)(c4cc(-n5nnnc5)ccc4)NC3=O)CCS2)cccc1,,C08776238,99.999557,0,0,0,1,0,1,1,0,0,1
Fc1c(Cn2nnc3C(=O)NC(C4CCN(C(=O)c5ccc6OCCOc6c5)CC4)=Nc23)cccc1,,C09202307,85.276237,0,0,0,0,0,1,0,0,0,0
Clc1cc(-n2nc(C)c(C(=O)N(C[C@@H]3OCCC3)CC=3Nc4ccccc4C(=O)N=3)n2)ccc1,,C09223611,79.494583,0,0,0,1,0,1,0,1,0,1
Brc1ccc(-c2oc(CN3C(=O)[C@](C)(c4ccc5OCCCOc5c4)NC3=O)nn2)cc1,,C09503356,99.997978,0,1,0,1,0,1,1,1,1,0
S(=O)(=O)(N1CCOCC1)c1cc(NC(=O)c2nc3ccccc3cc2)c(N2CCOCC2)cc1,,C09509732,99.990158,0,0,0,1,0,1,1,1,1,0
S(CC(=O)NC[C@H]1Oc2ccccc2OC1)c1n(c(N2CCOCC2)nn1)-c1cc(C)ccc1,,C09548859,90.271629,0,0,0,1,0,1,1,0,0,1
Brc1c(-c2oc(CN3C(=O)[C@@](C)(c4ccc5OCCOc5c4)NC3=O)nn2)cccc1,,C09882209,99.998253,0,0,0,1,1,1,0,1,0,0
O=C(Nc1c(C(=O)N2CCOCC2)c(C)c(-c2ccccc2)s1)/C=C/C=1C(=O)N(C)C(=O)N(C)C=1,,C10025597,100,0,0,0,1,0,1,0,0,0,0
S(C[C@@H](C)Cn1c(N2CCc3ccccc3C2)[nH+]c2N(C)C(=O)NC(=O)c12)c1sc(C)nn1,,C10249340,98.898117,0,0,0,1,0,1,1,1,1,0
O=C(CNc1nc(C)nc2sc(C)c(C)c12)N1CCN(C(=O)[C@@H]2Oc3ccccc3OC2)CC1,,C12762921,69.334869,0,0,0,1,0,1,1,0,0,1
O=C(N1CCc2n(CCC(C)C)nc(C(=O)N3CCOCC3)c2C1)c1n[nH]c(-c2cscc2)c1,,C14733439,97.694931,0,0,0,1,0,1,0,0,0,1
Clc1c(S(=O)(=O)N2CCOCC2)cc(C(=O)N2C[C@@H](C(=O)NC)Oc3ccccc23)cc1,,C15616848,100,0,1,1,1,0,1,0,0,1,1
O(CC)c1c(OCC#C)ccc([C@@H]2CC(=O)Nc3n(-c4nc(-c5ccccc5)cnn4)nc(C)c23)c1,,C15670382,99.792572,0,0,0,1,0,1,1,0,0,0
Clc1c(N2CCN(C(=O)c3sccc3)CC2)ccc(NC(=O)c2nc(-n3cnnc3)ccc2)c1,,C15867168,99.917183,0,0,0,0,0,0,1,0,0,0
Clc1n(CC(=O)Nc2n(c(C)c(C)c2C#N)-c2cc(F)ccc2)c2C(=O)N(C)C(=O)N(C)c2n1,,C16581889,99.019852,0,0,0,1,0,1,1,0,0,0
S(CC(=O)NN1C(=O)c2c(C)c(C)sc2N=C1)C=1N(C[C@H]2OCCC2)C(=O)c2ccccc2N=1,,C16633377,97.225266,0,0,0,1,0,1,1,1,0,1
S(=O)(=O)(N1CCN(C(=O)CCC=2Nc3ccccc3C(=O)N=2)CC1)c1cccc2nsnc12,,C19098359,79.459305,0,1,1,1,0,1,1,0,1,1
S(CC)c1sc(NC(=O)c2cc(C3CC3)nc3n([C@H]4CS(=O)(=O)CC4)nc(C)c23)nn1,,C19166938,99.711342,0,0,0,1,0,1,1,1,0,1
S(=O)(=O)(N(C)C)c1ccc(C(=O)Nc2sc(C)c(-c3ccc4OCC(=O)N(C)c4c3)n2)cc1,,C19820100,100,0,0,0,1,0,0,0,1,0,0
Clc1ccc(-c2nc(CNC3=C(C(=O)N4CCOCC4)S(=O)(=O)c4ccccc34)on2)cc1,,C19852153,99.971893,0,0,0,1,0,1,1,1,0,1
S(=O)(=O)(N1C[C@H](C)C[C@H](C)C1)c1ccc2NC=C(C(=O)N(C[C@H]3OCCC3)Cc3occc3)C(=O)c2c1,,C09495462,99.8349,0,0,0,1,0,1,0,0,1,1
O=C(N1CCC([C@@]2(C)C(=O)N(CC[NH+]3CCOCC3)C(=O)N2)CC1)c1ccc(-c2occc2)cc1,,C20781763,52.450764,0,0,0,0,0,0,0,1,0,0
O=C(N1CCC([C@@]2(C)C(=O)N(CC[NH+]3CCOCC3)C(=O)N2)CC1)c1cc(C)nc2ccc(C)cc12,,C20910666,52.141121,0,0,0,0,0,0,0,1,0,0
S(=O)(=O)(N1CCN(C(=O)c2ccc(NC(=O)C)cc2)CC1)c1ccc2N(C(C)C)C(=O)Sc2c1,,C21358498,100,0,0,0,1,0,0,0,0,0,0
O=C1N(CC=2N=C3SC=4CCCCC=4N3C(=O)C=2)C(=O)N[C@]1(C)c1ccc2OCCCOc2c1,,C21977896,99.442451,0,0,0,1,0,1,0,1,1,1
O=C(NCC[NH+]1CCOCC1)c1nn(C)c2CCN(C(=O)c3nc(-c4sccc4)sc3)Cc12,,C14531158,78.305473,0,0,0,1,0,1,1,1,0,1
FC(F)(F)c1cc([N+](=O)[O-])c(N2CCN(C(=O)c3cc(NC(=O)[C@@H]4OCCC4)ccc3)CC2)cc1,,C24813868,100,0,0,0,1,0,1,0,1,0,0
FC(F)(F)c1nn2C(C)=C(CCC(=O)Nc3scc(C[NH+]4C[C@H](C)O[C@@H](C)C4)n3)C(C)=Nc2n1,,C12733442,87.337852,0,0,0,1,1,1,1,0,1,1
O=C(Nc1ccc2OCCOc2c1)c1nc(-c2occc2)cc2n([C@@H]3CS(=O)(=O)CC3)c(C)nc12,,C32642072,96.098625,0,0,0,1,0,0,0,0,0,1
S(=O)(=O)(N1CCC(C(=O)N2CCC3(OCCO3)CC2)CC1)c1c(C)cc2NC(=O)[C@H](C)Oc2c1,,C32959006,99.998192,0,0,0,1,0,0,0,1,1,0
Brc1cc(NC(=O)CCS(=O)(=O)c2n(C)c3N(C)C(=O)N(C)C(=O)c3n2)ccc1,,C33274181,99.999619,0,0,0,1,1,1,1,1,0,0
S=C1N(C)C(=O)/C(=C/2\C(=O)N(CC(=O)NC=3C(=O)N(N(C)C=3C)c3ccccc3)c3ccccc\23)/S1,,C02533478,99.996002,0,0,0,0,0,0,0,0,0,0
S(CC(=O)Nc1c(-n2ncnc2)ccc(C(F)(F)F)c1)c1ncnc2n(-c3ccccc3)ncc12,,C36241532,98.036201,0,0,0,1,0,0,1,0,0,0
O=C(Nc1ccc(C)cc1)CN1C(=O)N(CC(=O)N2CCOCC2)c2sc3CCCc3c2C1=O,,C37640896,100,0,0,0,1,0,1,0,0,0,1
S(=O)(=O)(N1CCC2(N(S(=O)(=O)c3cc(C)c(F)cc3)CCO2)CC1)c1c(C)cc(NC(=O)C)cc1,,C38635077,100,0,0,0,1,1,1,1,1,0,1
S(=O)(=O)(Oc1ccccc1)P1(=O)OC[C@H]2N(N1)C[C@@H]1C=C(F)C(S(=O)(=O)C(C)C)=C[C@H]1C2,,C39469810,51.276993,0,0,0,0,0,1,0,1,0,0
S(=O)(=O)(C(C)C)P1(=O)OC[C@H]2N(N1)C[C@@H]1C=C(S(=O)(=O)C(C)C)C(OCC)=C[C@@H]1C2,,C39470022,64.343437,0,0,0,1,0,1,0,1,0,0
S(CC=1Nc2cc(C(=O)[O-])ccc2C(=O)N=1)[C@H]1N(CCOC)C(=O)C=2C(S[C@@H]3CCCC=23)=N1,,C39722780,74.541138,0,0,1,1,1,1,0,1,0,1
S(=O)(=O)(N1CCN(C(=O)CC2=C(C)NC(c3ncccc3)=NC2=O)CC1)c1c(C)cc(C)cc1,,C40152770,99.093056,0,0,0,1,0,1,0,1,0,0
S(=O)(=O)(C)C=1SC=2N(C(=[NH2+])/C(=C/c3cc(OC)c(OCc4ccc(C)cc4)cc3)/C(=O)N=2)N=1,,C41077807,99.715698,0,0,0,0,0,0,0,1,0,0
S(=O)(=O)(C)C=1SC=2N(C(=[NH2+])/C(=C/c3cn(CCOc4cc(C)ccc4)c4ccccc34)/C(=O)N=2)N=1,,C41077867,99.962219,0,0,0,0,0,0,0,1,0,0
Brc1c(NC(=O)CN2C(=O)N(CCc3sccc3)C(=O)C2=O)cc2OCCOc2c1,,C29500442,100,0,0,0,1,1,1,1,0,1,1
Clc1ccc(C(=O)Oc2ccc(/C=C/3\C(=O)N=C4SC(S(=O)(=O)CC)=NN4C\3=[NH2+])cc2)cc1,,C41084145,99.686081,0,0,0,0,0,0,0,1,0,0
Clc1c(OC)ccc(-n2c(C)c(/C=C/3\C(=O)N=C4SN=C(S(=O)(=O)CC)N4C\3=[NH2+])cc2C)c1,,C20206908,99.93454,0,0,0,0,0,1,0,0,0,0
Clc1c(OC(=O)c2cc(C)ccc2)ccc(/C=C\2/C(=O)N=C3SC(S(=O)(=O)C)=NN3C/2=[NH2+])c1,,C20207978,99.677811,0,0,0,1,0,0,0,1,0,0
O=C(N[C@H]1N=NC(C)=C1)CN1C(=O)N(c2ccccc2)C(=O)[C@H]2[C@H]1S[C@H]1CN(C(=O)C)CC[C@@H]21,,C63494063,100,0,1,0,0,0,0,0,0,0,0
Clc1c(S(=O)(=O)N2CCN(C(=O)c3cc(N(C)C)ccc3)CC2)cc2OCC(=O)Nc2c1,,C64889629,99.997292,0,0,0,0,0,0,0,1,0,0
Brc1ccc(NC(=O)CN2C(=O)N3c4ccsc4C(=O)N(Cc4occc4)C3=N2)cc1,,C65305561,92.811707,0,0,0,1,0,1,0,0,0,1
S(=O)(=O)(N(C)C)c1cc(-c2n3N=C([C@H](CC(=O)[O-])Sc3nn2)c2ccccc2)ccc1,,C08882385,99.422493,0,0,0,1,0,1,0,1,0,0
Clc1c(CN2C(=O)N(C)c3[nH+]c4N(CC(=O)[O-])N=C(C(C)(C)C)Cn4c3C2=O)cccc1,,C10366599,87.604095,0,0,0,1,0,1,0,0,0,0
Clc1c(Cl)ccc(CN2C(=O)N(C)c3[nH+]c4N(CC(=O)[O-])N=C(C)[C@H](C)n4c3C2=O)c1,,C10370573,88.577553,0,0,0,1,0,0,0,0,0,0
Brc1ccc(CN2C(=O)N(C)c3[nH+]c4N(CC(=O)[O-])N=C(C)[C@H](C)n4c3C2=O)cc1,,C10371555,88.615036,0,0,0,1,0,0,0,0,0,0
S=C1N(/N=C/c2c([O-])ccc([N+](=O)[O-])c2)C(=O)/C(=C/c2cc(OC)c(OC)c(OC)c2)/S1,,C12276157,62.121971,0,0,0,1,0,1,0,0,0,0
S=C1N(CCCCC(=O)[O-])C(=O)/C(=C\c2cc([N+](=O)[O-])cc3COCOc23)/S1,,C13033178,98.988434,0,0,0,1,0,1,0,1,1,0
S(=O)(=O)(N1CCOCC1)c1cc(C(=O)[O-])c(Sc2n(C)c3ccccc3n2)cc1,,C13036601,79.373932,0,0,1,1,0,1,0,1,0,1
FC(F)Oc1ccc(-n2c(C)c(C(=O)CN3C(=O)c4c(C(=O)[O-])c(C)oc4N=C3)cc2C)cc1,,C13056612,99.39418,0,0,0,0,0,1,0,0,0,1
Clc1c(C(=O)[O-])cc(S(=O)(=O)N2CCN(S(=O)(=O)c3cc(F)c(F)cc3)CC2)cc1,,C13067642,99.911469,0,0,1,1,1,1,0,1,1,0
S(=O)(=O)(N1CCN(S(=O)(=O)c2ccc3OCCOc3c2)CC1)c1c(F)ccc(C(=O)[O-])c1,,C13093692,99.575676,0,0,0,1,1,1,0,0,1,0
S(CC(=O)[O-])c1n(/N=C/c2c(C)n(-c3sccn3)c(C)c2)c(-c2c(C)occ2)nn1,,C13186912,99.589432,0,0,0,1,0,1,0,1,0,1
S(=O)(=O)(N(C)C)c1cc(C(=O)[O-])c(N2CCN(S(=O)(=O)c3c(C#N)cccc3)CC2)cc1,,C13191268,99.054268,0,0,1,1,0,1,0,1,1,0
S([C@H](C)C(=O)N1CCc2ccccc2C1)c1nn2C(C)=C(CCC(=O)[O-])C(C)=Nc2n1,,C13210079,87.974564,0,0,0,1,1,1,0,0,1,1
S(CC(=O)N([C@H]1CS(=O)(=O)CC1)c1ccccc1)C=1N(CC(=O)[O-])C(=O)c2ccccc2N=1,,C13223096,97.24897,0,0,0,1,0,1,0,0,0,1
S(CC(=O)N1CCN(C(=O)C)CC1)C=1N(c2c(F)cccc2)C(=O)c2ccc(C(=O)[O-])cc2N=1,,C13231255,98.594521,0,0,0,0,0,0,0,0,1,0
S(CC(=O)N1C[C@@H](C(=O)[O-])CCC1)C=1N(CCOC)C(=O)c2c(sc3CCCCc23)N=1,,C13253903,98.892143,0,0,0,1,0,1,0,1,1,1
Fc1c(N2CCN(C(=O)/C=C/c3ccc4OCCc4c3)CC2)cc2N(CC)C=C(C(=O)[O-])C(=O)c2c1,,C13258536,98.378426,0,0,0,1,0,0,0,0,0,0
Clc1cc(-n2c(Sc3c(C(=O)[O-])cc(S(=O)(=O)N4CCOCC4)cc3)nnc2)ccc1,,C13273239,99.450111,0,0,1,1,0,1,0,1,1,0
S(=O)(=O)(N1CCOCC1)c1cc(C(=O)[O-])c(Sc2n(C(C)(C)C)nnn2)cc1,,C13273528,99.627579,0,0,1,1,0,1,0,1,1,0
S(CC(=O)N1CCC(C(=O)[O-])CC1)C=1N(CCOC)C(=O)c2c(sc3C[C@@H](C)CCc23)N=1,,C13344793,98.727699,0,0,0,1,0,1,0,0,0,1
S(=O)(=O)(N1CCN(C(=O)/C=C/c2ccc(OC(F)F)cc2)CC1)c1scc(C(=O)[O-])c1,,C13398834,99.372246,0,0,0,1,0,0,0,0,1,0
S(CC(=O)N1CCC(C(=O)[O-])CC1)c1n(C[C@@H]2OCCC2)c(-c2sccc2)nn1,,C13414574,99.061607,0,0,0,1,0,1,0,0,1,1
S(=O)(=O)([O-])c1ccc(N2C(=O)/C(=C/c3ccc([N+](=O)[O-])cc3)/N=C2c2ccccc2)cc1,,C15221177,99.356964,0,0,0,1,0,0,0,0,0,0
O=C([O-])c1cc(N2C(=O)/C(=C\c3ccc(N4CC(=[N+]([O-])[O-])N(C)CC4)cc3)/C(C)=N2)ccc1,,C19333433,97.566917,0,0,0,0,0,0,0,0,0,0
O=[N+]([O-])c1cc(-n2c(/C=C/3\C(=O)N(c4ccc(OC)cc4)C(=O)NC\3=O)ccc2)ccc1,,C19788568,99.986519,0,0,0,0,0,1,0,0,0,0
O=[N+]([O-])c1cc([C@H]2N(c3sc(C)nn3)C(=O)C([O-])=C2C(=O)c2ccc(OCC)cc2)ccc1,,C05354870,98.817184,0,0,0,1,1,1,0,0,0,0
O=[N+]([O-])c1cc([C@H]2N(c3sc(C)nn3)C(=O)C([O-])=C2C(=O)c2ccc3O[C@@H](C)Cc3c2)ccc1,,C08845738,98.842476,0,0,0,1,1,1,0,0,0,0
S(=O)(=O)(Nc1ccc([N+](=O)[O-])cc1)c1c(CN2C(=O)c3ncccc3C2=O)ccc(F)c1,,C20762411,64.51297,0,0,0,1,1,1,1,0,0,1
O=[N+]([O-])c1ccc([C@H]2N(c3sc(C)nn3)C(=O)C([O-])=C2C(=O)c2ccc(OCC)cc2)cc1,,C06143922,98.797218,0,0,0,1,1,1,0,0,0,0
O=[N+]([O-])c1sc(NC(=O)C2=CN(CCC)C=C3C(=O)N(c4ccccc4)N=C23)nc1,,C10062677,97.11972,0,0,0,1,0,1,1,0,0,1
Clc1cc(/C=C/C(=O)c2ccc(S(=O)(=O)N(C)CC(=O)[O-])cc2)cc2OCCCOc12,,C25452215,99.819061,0,0,0,1,0,1,0,0,1,0
O=[N+]([O-])c1cc([C@H]2N(c3sccn3)C(=O)C([O-])=C2C(=O)c2ccc3OCCOc3c2)ccc1,,C33510804,99.031395,0,0,0,1,1,1,0,0,0,0
O(C)C(=O)c1ccc([C@@H]2N(c3sc(C)nn3)C(=O)C([O-])=C2C(=O)c2c(C)[nH+]c3n2C=CC=C3)cc1,,C33814001,99.640671,0,0,0,1,0,0,0,0,0,0
O=[N+]([O-])c1ccc([C@H]2N(c3sc(C)nn3)C(=O)C([O-])=C2C(=O)/C=C/c2ccccc2)cc1,,C35421027,98.62458,0,0,0,1,1,1,0,0,0,0
S(=O)(=O)(N(CC)CC)c1ccc(C(=O)C(C#N)=C2NC(=O)c3ccccc3N2)cc1,,C09086801,99.885063,0,0,0,1,0,0,0,1,0,0
S([C@@H](C)C1=NC(=O)C2=C(C)[C@H](C(OCC)=O)SC2=N1)c1c(C(=O)[O-])c(C)cc(C)n1,,C39630293,95.679886,0,0,0,0,0,1,0,0,0,1
S(=O)(=O)(N1CCN(S(=O)(=O)c2cccc3nsnc23)CC1)c1scc(C(=O)[O-])c1,,C39645877,99.37252,0,0,0,1,1,0,0,0,1,1
S(CC1=NC(=O)C2=C(C(=O)[O-])[C@H](C)OC2=N1)C=1N(CCCC)C(=O)c2ccccc2N=1,,C39690662,96.668228,0,0,0,1,0,1,0,0,0,1
Clc1c(OCc2n(C)c(SCC3=NC(=O)C4=C(C(=O)[O-])[C@H](C)OC4=N3)nn2)cccc1,,C39691877,99.77124,0,0,0,1,1,1,0,0,0,1
S([C@@H](C)C(=O)[C@H]1C(C)=C(C(=O)C)C(C)=N1)C=1N(CC(=O)[O-])C(=O)c2ccccc2N=1,,C13055438,97.07695,0,0,0,1,0,1,0,0,0,1
S(CC(=O)N([C@@H]1CS(=O)(=O)CC1)C1CCCC1)c1n(c(C(=O)[O-])c[nH+]1)-c1ccc(F)cc1,,C13191623,89.578514,0,0,0,1,0,1,0,1,0,0
S=C1N(CCCC(=O)[O-])C(=O)/C(=C\C2=C(N(C)C(=O)C(C#N)=C2C)N2C[C@H](C)CCC2)/S1,,C39769137,99.125031,0,1,0,1,1,1,0,1,1,1
S=C1N(CCCC(=O)[O-])C(=O)/C(=C/C2=C(N(CC)C(=O)C(C#N)=C2C)N2CCC(C)CC2)/S1,,C39989673,99.125031,0,1,0,1,1,1,0,1,0,1
S=C1N(CCCC(=O)[O-])C(=O)/C(=C/C2=C(N(CC)C(=O)C(C#N)=C2C)N2CCCCCC2)/S1,,C39989893,99.125023,0,0,0,1,0,1,0,0,0,1
FC(F)(F)c1cc([N+](=O)[O-])c(NC=C2C(=O)N(CCOC)C(=O)C(C#N)=C2C)cc1,,C39894161,99.911942,0,0,0,1,0,1,0,1,0,1
S(=O)(=O)(Nc1ccc(-n2nc(C(OCC)=O)cc2)cc1)c1ccc2N(C)C(=O)Oc2c1,,C58017104,95.645378,0,0,0,1,0,1,1,0,0,0
S(CC=1Nc2c(C#N)cnn2C(=O)C=1)c1n-2c(N(CC=C)C(=O)c3ccccc-23)nn1,,C58984435,99.237862,0,0,0,1,0,0,1,0,0,1
Brc1cc(N2C(=O)/C(=C\c3c([N+](=O)[O-])cc4OCOc4c3)/C(=O)NC2=O)ccc1,,C59198312,99.971123,0,0,0,0,0,0,0,0,0,0
S(CC1=NC(=O)C2=C(C)[C@H](C(=O)[O-])SC2=N1)c1n(Cc2occc2)c(-c2ccccc2)nn1,,C39939649,99.698578,0,0,1,1,0,1,0,0,0,0
S(=O)(=O)(Nc1cc(C#N)ccc1)c1c(C)cc2N(Cc3nc(CC)on3)C(=O)COc2c1,,C65022697,95.178932,0,0,0,1,0,1,0,1,1,0
Clc1ccc(CSc2n(/N=C/c3c(OCc4c(C)cccc4)cccc3)c(CCC)nn2)cc1,,C02610827,99.781639,0,0,0,1,0,0,0,0,0,1
S=C1N(C[C@H](CC)CCCC)C(=O)/C(=C/c2c(-c3cc(OC)ccc3)nn(-c3ccccc3)c2)/S1,,C09164660,99.987663,0,0,0,1,0,0,0,0,1,0
S=C1N(CCCCC)C(=O)/C(=C/c2c(-c3cc(C)c(OCC(C)C)cc3)nn(-c3ccccc3)c2)/S1,,C09361010,99.98127,0,0,0,1,0,0,0,0,1,0
S(=O)(=O)(N(CCC)CCC)c1ccc(C(=O)N(Cc2ccccc2)c2sc3cc(F)ccc3n2)cc1,,C09525356,100,0,0,0,1,0,0,0,0,0,1
S(C)CCN1/C(=N/C(=O)c2cc(OCC)c(OCC)c(OCC)c2)/Sc2c(C)cc(C)cc12,,C09564749,98.14164,0,0,0,1,0,1,0,0,0,0
S=C1N(c2ccccc2)C(=O)/C(=C\c2cc(OCC)c(OCCCOc3cc(C)cc(C)c3)cc2)/S1,,C09969744,100,0,0,0,0,0,0,0,0,0,0
FC(F)(F)c1cc(N(/N=C/c2ccccc2)C(=O)COC(=O)COc2cccc3ccccc23)ccc1,,C13109581,100,0,1,0,1,1,1,0,0,0,1
Clc1ccc(SCCC(=O)/N=C\2/N(CCC(OC)=O)c3c(OCC)cccc3S/2)cc1,,C09293833,97.353157,0,0,0,1,1,1,0,0,0,0
S(CC(=O)N(C(C)C)c1ccccc1)c1n(c(Cc2ccccc2)nn1)-c1ccc(OCC)cc1,,C03239619,99.510086,0,0,0,0,0,1,0,0,0,0
S(Cc1n(c(SCC(=O)c2ccc(OC)cc2)nn1)-c1ccccc1)Cc1cccc2ccccc12,,C08649272,99.541931,0,0,0,0,1,0,0,0,0,0
S=C1N(CCCCCC)C(=O)/C(=C/c2c(-c3cc(C)c(OCC)cc3)nn(-c3ccccc3)c2)/S1,,C13785551,99.981262,0,0,0,1,0,0,0,0,0,0
S(C[C@H](CCC#N)C#N)c1n(CCC(C)C)c(-c2cc(-c3ccccc3)nc3ccccc23)nn1,,C15244826,80.077644,0,0,0,0,0,1,0,0,0,0
Fc1c([C@@H]2C(C(OCC)=O)=C(CCC)NC=3C[C@H]([C@@H](C(OCC)=O)C(=O)C2=3)c2sccc2)cccc1,,C15319532,99.998291,0,0,0,1,0,1,0,0,0,0
Brc1ccc(C(=O)[C@H](CC)[C@@H](C(C(OC)=O)C(OC)=O)c2ccc(Cl)cc2)cc1,,C15320966,99.701607,0,0,0,1,0,0,0,0,0,0
C(Cc1ccc([C@H](n2ncnc2)c2ccccc2)cc1)Cc1ccc([C@H](n2cnnc2)c2ccccc2)cc1,,C15774024,95.107506,0,0,0,0,0,0,0,0,0,0
Clc1ccc(/C=C/c2nn3C(=O)/C(=C/c4cc(OC)c(OCCCCCC)cc4)/Sc3n2)cc1,,C16735189,99.904869,0,0,0,1,0,1,0,0,0,0
O(CCCCCC)c1ccc(/C=C/2\C(=O)N(CN3CCN(c4c(C)cccc4)CC3)C(=O)S\2)cc1,,C20265892,99.737068,0,0,0,1,0,0,0,0,0,0
O=C(N(CCC[NH+]1CCOCC1)c1sc2ccc(C)c(C)c2n1)c1ccc(OCCCC)cc1,,C20590600,93.978699,0,0,0,1,0,1,1,0,0,1
S(Cc1c(OC(F)F)cccc1)c1n(Cc2cc(F)ccc2)c2ccc(C(OCC)=O)cc2n1,,C25151424,85.270912,0,0,0,0,0,0,0,0,0,0
S(=O)(=O)(N(CC=C)CC(=O)N(Cc1c(C)ccs1)Cc1ccc(F)cc1)c1c(C)cc(C)cc1C,,C33479339,100,0,0,0,0,0,1,0,0,0,1
Clc1c(Cl)ccc(C(=O)N(C[C@H](C)CC)CC(=O)N(Cc2sc(C)cc2)Cc2ccccc2)c1,,C34706105,100,0,0,0,1,0,1,0,0,0,1
Clc1ccc2C(=O)N(CC)C([C@@H](N(S(=O)(=O)c3ccc(C(C)(C)C)cc3)CCCC)CC)=Nc2c1,,C35026355,98.50106,0,0,0,1,0,0,0,0,0,1
FC(F)(F)c1cc(C(=O)N(CCCC)[C@H](CC)C=2N(CCC)C(=O)c3ccccc3N=2)ccc1,,C35030001,97.95063,0,0,0,1,0,0,0,0,0,1
S(=O)(=O)(N(CCCCCC)[C@@H](C)C=1N(c2ccccc2)C(=O)c2ccccc2N=1)c1ccccc1,,C35037818,99.235184,0,0,0,0,0,1,0,0,0,0
Cl[C@H](C(=O)N(CCCCCC)[C@@H](C)C=1N(c2ccc(C)cc2)C(=O)c2ccccc2N=1)c1ccccc1,,C35063651,99.154465,0,0,0,0,0,0,0,0,0,1
O(C)CCN([C@@H](C)C=1N(c2cc(C)ccc2)C(=O)c2ccccc2N=1)C(=O)C[C@H](C)CC(C)(C)C,,C35065274,99.152313,0,0,0,1,0,1,0,0,0,1
O=C(N(CCCCCC)[C@H](C)C=1N(c2cc(C)ccc2)C(=O)c2ccccc2N=1)Cc1sccc1,,C35067532,99.138733,0,0,0,1,0,1,0,0,0,1
Clc1c(F)ccc(N2C([C@H](N(CCCC)C(=O)CCCC)CC)=Nc3ccccc3C2=O)c1,,C35073096,99.162819,0,0,0,1,0,1,0,0,0,1
O=C(N(CCCC)[C@@H](C)C=1N(c2c(OCC)cccc2)C(=O)c2ccccc2N=1)Cc1sccc1,,C35092904,99.128166,0,0,0,1,0,1,0,0,0,1
O=C(N(CCCCC)[C@H](C)C=1N(c2c(OCC)cccc2)C(=O)c2ccccc2N=1)c1c(C)cccc1,,C35092978,99.126381,0,0,0,1,0,1,0,0,0,1
Fc1ccc(CN(Cc2sccc2)C(=O)CN(CC(C)C)C(=O)c2ccc(-c3ccccc3)cc2)cc1,,C35173994,100,0,0,0,0,0,0,0,0,0,1
Brc1ccc2OC=3C(=O)N(CCCOC)[C@@H](c4cc(OCCCCC)ccc4)C=3C(=O)c2c1,,C35487911,100,0,0,0,1,1,1,0,0,0,1
O(CC(=O)O[C@H]1[C@@H](C(C)C)CC[C@H](C)C1)C(=O)/C=C/c1c(-c2sccc2)nn(-c2ccccc2)c1,,C35526371,99.984749,0,0,0,1,0,1,0,0,0,0
Brc1c(OC(=O)COc2ccc(OCCCCC)cc2)c(Br)cc(C#N)c1,,C35565689,100,0,0,0,1,0,1,0,0,0,0
Clc1ccc([C@H]2N(C(=O)CN(CCC)C(=O)[C@H](CC)CCCC)CCc3sccc23)cc1,,C35768103,100,0,0,0,0,0,1,0,0,1,1
O(CCCCn1c([C@H]2CN(c3c(CC)cccc3)C(=O)C2)nc2ccccc12)c1ccc(C(C)(C)C)cc1,,C38587503,72.271576,0,0,0,0,0,0,0,0,0,0
O(CCCN1[C@@H](c2cc(OCCCC)ccc2)C=2C(=O)c3c(C)cc(C)cc3OC=2C1=O)C(C)C,,C38593479,100,0,0,0,1,0,1,0,0,0,1
S(CCC)c1ccc(-c2c(C=C3C(=O)N(CCCCC)C(=O)C(C#N)=C3C)cn(-c3ccccc3)n2)cc1,,C38603828,99.98951,0,0,0,1,0,0,0,0,0,1
Clc1c(OCC)cc2cc(Cn3ncnc3)c(C(OCC)=O)c(-c3cc(Cc4ccccc4)ccc3)c2c1,,C39502803,95.253532,0,0,0,1,0,0,0,0,0,1
S=C1N(C[C@H](CC)CCCC)C(=O)/C(=C\C2=C(N(CCC)C(=O)C(C#N)=C2C)N2C[C@@H](C)CCC2)/S1,,C39769985,100,0,0,0,1,0,1,0,0,0,1
S=C1N(CCCCCC)C(=O)/C(=C\C2=C(N(CCCC)C(=O)C(C#N)=C2C)N2C[C@@H](C)C[C@H](C)C2)/S1,,C39770656,100,0,0,0,1,0,1,0,0,0,1
Clc1ccc2OC=3C(=O)N(CCCOC(C)C)[C@H](c4cc(OCCC(C)C)ccc4)C=3C(=O)c2c1,,C39839721,100,0,0,0,0,0,1,0,0,0,1
O(CN(C(=O)Cn1c([C@H](Oc2ccccc2)C)nc2ccccc12)c1c(C)cccc1CC)CC,,C39899856,88.634521,0,0,0,1,0,1,0,0,0,1
Clc1c(C)cc2OC=3C(=O)N(CCCOC(C)C)[C@@H](c4ccc(OCCCC)cc4)C=3C(=O)c2c1,,C39913913,100,0,0,0,1,0,0,0,0,1,1
Clc1c(C)cc2OC=3C(=O)N(CCCOC(C)C)[C@@H](c4cc(OCCCC)ccc4)C=3C(=O)c2c1,,C39913931,100,0,0,0,1,0,1,0,0,0,1
O(CC)c1c(OCCCC)ccc([C@@H]2N(Cc3ccc(C)cc3)C(=O)C=3Oc4ccc(CC)cc4C(=O)C2=3)c1,,C40044250,100,0,0,0,1,0,1,0,0,0,0
O=C1N(CCCCCCCCCN2C(=O)c3cccc4cccc(C2=O)c34)C(=O)c2cccc3cccc1c23,,C36644145,100,0,0,0,0,0,0,0,0,0,0
O(CCCCn1c([C@@H]2CN(c3cc(C)c(C)cc3)C(=O)C2)nc2ccccc12)c1ccc([C@@H](C)CC)cc1,,C40255458,72.27314,0,0,0,1,0,0,0,0,0,0
Clc1ccc(N2C(=O)C[C@H](c3n(CCCCOc4ccc([C@H](C)CC)cc4)c4ccccc4n3)C2)cc1,,C40256149,72.291489,0,0,0,0,0,0,0,0,0,0
Brc1cc(-c2c(C(OCC)=O)c(C)nc(C)c2C(OCC)=O)c(OCc2c(C)cccc2)cc1,,C54618809,98.270607,0,0,0,1,1,1,0,0,0,1
Brc1ccc(CSc2n(/N=C/c3ccc(OCCCC)cc3)c(CCC)nn2)cc1,,C01779090,99.77652,0,0,0,1,0,0,0,0,0,1
Clc1ccc(CSc2n(/N=C/c3cc(OC)c(OCc4c(F)cccc4)cc3)c(CCC)nn2)cc1,,C02610871,99.778587,0,0,0,1,0,1,0,0,0,1
Clc1ccc(C=2N(CCCCCCOc3ccc(C(OC)=O)cc3)C(=O)c3ccccc3N=2)cc1,,C09046765,93.1474,0,0,0,0,0,0,0,0,0,1
S=C1N(CCCCCC)C(=O)/C(=C/c2c(-c3cc(C)c(OCC=C)cc3)nn(-c3ccccc3)c2)/S1,,C09435822,99.981339,0,0,0,1,0,0,0,0,0,0
S=C1N(CC=C)C(=O)/C(=C\c2cc(OCC)c(OCCCOc3ccc(C(C)(C)C)cc3)cc2)/S1,,C09660149,100,0,0,0,0,0,0,0,0,0,0
O(C)C[C@@H](N(C(=O)Cn1c([C@@H](C)c2ccc(CC(C)C)cc2)nc2ccccc12)c1c(C)cccc1CC)C,,C13030713,74.061356,0,0,0,1,0,0,0,0,0,1
O(C)C[C@H](N(C(=O)Cn1c([C@H](C)c2ccc(CC(C)C)cc2)nc2ccccc12)c1c(C)cccc1CC)C,,C13030723,74.061356,0,0,0,0,0,0,0,0,0,1
Clc1cc(OCCSc2n(c(COc3ccc(OCC)cc3)nn2)-c2ccc(Cl)cc2)ccc1,,C03436864,99.750847,0,0,0,0,0,1,0,0,0,0
S=C1N(CCCCC)C(=O)/C(=C/c2c(-c3cc(C)c(OCCCC)cc3)nn(-c3ccccc3)c2)/S1,,C13810063,99.98127,0,0,0,1,0,0,0,0,0,0
Brc1ccc(N2C([C@H](N(CCC(C)C)C(=O)CCCCCC)C)=Nc3ccccc3C2=O)cc1,,C16425499,99.098648,0,0,0,0,0,1,0,0,0,1
O=C(N(CCC(C)C)[C@H](CC)C=1N(c2ccc(OCC)cc2)C(=O)c2ccccc2N=1)CC(C)C,,C16425506,99.025749,0,0,0,1,0,1,0,0,0,1
Brc1ccc(N2C([C@@H](N(CCCCCC)C(=O)CC(C)C)CC)=Nc3ccccc3C2=O)cc1,,C16427165,99.098434,0,0,0,0,0,1,0,0,0,1
O(CC(=O)N(CCCCC)[C@@H](CC)C=1N(c2cc(C)c(C)cc2)C(=O)c2ccccc2N=1)Cc1ccccc1,,C16427306,99.156708,0,0,0,1,0,1,0,0,0,1
Clc1ccc(N2C([C@@H](N(CCCOC)C(=O)C[C@@H](C)CC(C)(C)C)C)=Nc3ccccc3C2=O)cc1,,C16431075,99.130371,0,0,0,1,0,0,0,0,0,1
Clc1ccc(N2C([C@@H](N(CCCOC)C(=O)[C@H](CC)CCCC)C)=Nc3ccccc3C2=O)cc1,,C16431085,99.129982,0,0,0,1,0,1,0,0,0,0
Clc1c(Cn2c(CN(CC(C)C)C(=O)CN(CC)C(=O)[C@H](CC)CCCC)ccc2)cccc1,,C16458774,100,0,0,0,1,0,1,0,0,0,1
Clc1c(Cn2c(CN(CC(C)C)C(=O)CN(CCCC)C(=O)[C@H]3[C@H](c4ccccc4)C3)ccc2)cccc1,,C16458933,100,0,0,0,0,0,1,0,0,0,1
O=C(N(CCCC)Cc1n(Cc2cc(C)ccc2)ccc1)CN([C@H](C)CC)C(=O)Cc1sccc1,,C16462470,100,0,0,0,1,0,1,0,0,0,1
O=C(N(CCCC)Cc1n(Cc2cc(C)ccc2)ccc1)CN(CCC)C(=O)[C@@H](CC)c1ccccc1,,C16462510,100,0,0,0,1,0,1,0,0,0,1
Brc1ccc(Cn2c(CN(CCCC)C(=O)CN(C(C)C)C(=O)CCCCC)ccc2)cc1,,C16462649,100,0,0,0,1,0,1,0,0,0,1
Brc1ccc(Cn2c(CN(CCCC)C(=O)CN(CCC(C)C)C(=O)C3CC3)ccc2)cc1,,C16462701,100,0,0,0,1,0,1,0,0,0,1
Clc1c(Cn2c(CN(CC(C)C)C(=O)CN(C(C)C)C(=O)[C@H](CC)c3ccccc3)ccc2)cccc1,,C16462913,100,0,0,0,0,0,1,0,0,0,1
S(CCOc1ccc(F)cc1)C=1N(c2ccc(OCC)cc2)C(=O)/C(=C\c2ccc(OC(C)C)cc2)/N=1,,C20152127,99.454643,0,0,0,0,0,0,0,0,0,0
S(CC)[C@@H]1[C@@H](OCc2ccccc2)[C@H](OCc2ccccc2)[C@H](OCc2ccccc2)[C@H](C)O1,,C22059222,100,0,0,0,0,0,0,0,0,0,1
S(Cc1c(C(F)(F)F)ccc(F)c1)c1n(CCCOCC)c2ccc(C(OCC)=O)cc2n1,,C23445206,84.487274,0,0,0,1,0,0,0,0,0,1
Ic1ccc2N=C(S[C@H](C)C(=O)N(CCCC)CCCC)N(CC=C)C(=O)c2c1,,C27578082,96.988968,0,0,0,1,0,0,0,0,0,1
S(=O)(=O)(N(CCCC)CCCC)c1ccc(C(=O)/N=C\2/N(CC=C)c3c(F)cccc3S/2)cc1,,C33645263,98.833298,0,0,0,1,0,0,0,0,0,0
Clc1ccc(N2C([C@@H](N(CCCCCC)C(=O)Cc3sccc3)CC)=Nc3ccccc3C2=O)cc1,,C35037600,99.13102,0,0,0,0,0,1,0,0,0,1
Fc1ccc(N2C([C@@H](N(CCCCC)C(=O)[C@@H](CC)CCCC)C)=Nc3ccccc3C2=O)cc1,,C35065616,99.134117,0,0,0,0,0,1,0,0,0,1
Clc1c(F)ccc(N2C([C@@H](N(CCOC)C(=O)C[C@@H](C)CC(C)(C)C)CC)=Nc3ccccc3C2=O)c1,,C35073053,99.183228,0,0,0,0,0,0,0,0,0,1
Clc1c(F)ccc(N2C([C@H](N(CCCCCC)C(=O)CCC)CC)=Nc3ccccc3C2=O)c1,,C35073168,99.162849,0,0,0,0,0,1,0,0,0,1
O=C(N(CCCCC)[C@H](C)C=1N(c2c(OCC)cccc2)C(=O)c2ccccc2N=1)CCCCC,,C35092975,99.120659,0,0,0,1,0,1,0,0,0,1
O=C(N(CCCCCC)[C@@H](C)C=1N(c2c(OCC)cccc2)C(=O)c2ccccc2N=1)c1sccc1,,C35093047,99.126152,0,0,0,1,0,1,0,0,0,1
S([C@H](CCCC)C(=O)N(CCC)CCC)C=1N(C)C(=O)C(Cc2ccc(C(C)(C)C)cc2)=C(C)N=1,,C35159591,97.414879,0,0,0,0,0,0,0,0,0,1
Clc1ccc([C@H]2N(C(=O)CN(CCCC)C(=O)[C@H](CC)CCCC)CCc3sccc23)cc1,,C35358356,100,0,0,0,1,0,1,0,0,1,1
Clc1ccc2OC=3C(=O)N(CCCOC)[C@@H](c4ccc(OCCCCCC)cc4)C=3C(=O)c2c1,,C35487760,100,0,0,0,1,0,0,0,0,1,0
O=C(N(CCCC)[C@@H](C)C=1N(c2ccc(OCC)cc2)C(=O)c2ccccc2N=1)C[C@@H](C)CC(C)(C)C,,C35689294,99.025757,0,0,0,0,0,0,0,0,0,0
Clc1c(Cn2c(CN(CC(C)C)C(=O)CN(CCCC)C(=O)Cc3ccc(F)cc3)ccc2)cccc1,,C35752195,100,0,0,0,1,0,1,0,0,0,1
S(=O)(=O)(N(C[C@H](C)CC)CC(=O)N(Cc1sc(C)cc1)Cc1ccccc1)c1c(C)cc(C)cc1C,,C35805266,100,0,0,0,1,0,1,0,0,0,1
Fc1c(C(=O)N(CCCCCC)[C@H](CC)C=2N(c3ccc(OCC)cc3)C(=O)c3ccccc3N=2)cccc1,,C37288764,99.047333,0,0,0,0,0,0,0,0,0,1
Clc1cccc2sc(N(CCC[NH+]3CCOCC3)C(=O)c3ccc(OCCCCC)cc3)nc12,,C36705109,93.958435,0,0,0,1,0,1,1,0,0,1
Clc1ccc(C)c2nc(N(CCC[NH+]3CCOCC3)C(=O)c3cc(OCCCCC)ccc3)sc12,,C36706186,93.917664,0,0,0,1,0,1,1,0,0,1
O=C(O[C@H]1CC[C@]2(C)[C@@H]3CC[C@]4(C)[C@@H]([C@@H](C)CCCC(C)C)CC[C@H]4[C@H]3CC=C2C1)N(CCC#N)CCC#N,,C03848554,100,0,0,0,0,0,0,0,0,0,1
O(CC)c1c(OCCCC)ccc([C@H]2N(CCCCC)C(=O)C=3Oc4c(C)cc(C)cc4C(=O)C2=3)c1,,C39910728,100,0,0,0,1,0,0,0,0,0,0
O(CCCN1[C@H](c2cc(OCCCCC)ccc2)C=2C(=O)c3cc(C)cc(C)c3OC=2C1=O)C(C)C,,C39911472,100,0,0,0,0,0,1,0,0,0,1
S=C1N(C[C@@H](CC)CCCC)C(=O)/C(=C\c2c(-c3ccc(OCCC)cc3)nn(-c3ccccc3)c2)/S1,,C39983099,99.981361,0,0,0,0,0,1,0,0,0,0
Clc1c(COc2c(OCC)cc(/C=C/3\C(=O)N(CCCCCC)C(=S)S\3)cc2)ccc(Cl)c1,,C40006071,100,0,0,0,1,0,0,0,0,0,1
O(CC)c1c(OCCCC)ccc([C@H]2N(CCCC)C(=O)C=3Oc4ccc(CC)cc4C(=O)C2=3)c1,,C40042830,100,0,0,0,1,0,1,0,0,0,0
O(CC)c1c(N2C(=O)C[C@H](c3n(CCCCOc4ccc(C(C)C)cc4)c4ccccc4n3)C2)cccc1,,C40253472,72.435326,0,0,0,1,0,1,0,0,0,0
S=C1N(CC)C(=O)/C(=C/c2c(OCCOc3ccc(OCCCCCC)cc3)cccc2)/S1,,C41108596,100,0,0,0,1,0,1,0,0,0,0
S(C(Sc1ccccc1)(P(=O)(OC(C)C)OC(C)C)C(OC(C)C)=O)c1ccccc1,,C02054187,100,0,0,0,1,0,1,0,0,0,1
Clc1c(OCCOCCOc2cc(C)c(C)cc2)c(OC)cc(/C=C\2/C(=O)N(CC)C(=S)S/2)c1,,C09299725,100,0,0,0,1,0,1,0,1,0,1
S(CCCC(=O)/N=C/1\N(CC(OC)=O)c2ccc(C(OCC)=O)cc2S\1)c1ccc(F)cc1,,C09475282,98.551132,0,0,0,1,0,1,0,0,0,0
Fc1c(N(C(=O)C)c2scc(COC(=O)CCC(=O)c3ccc(OCCC)cc3)n2)cccc1,,C11227627,100,0,0,0,1,1,0,0,0,0,0
S(CC(=O)N(C)[C@@H](C)c1ccc(F)cc1)c1n(CC(C)C)c(COc2ccc(CC)cc2)nn1,,C11478212,99.901474,0,0,0,1,0,1,0,0,0,1
S(CC(=O)N(C)[C@H](C)c1ccc(F)cc1)c1n(CC(C)C)c(COc2ccc(CC)cc2)nn1,,C11478220,99.901474,0,0,0,1,0,1,0,0,0,1
S(=O)(=O)(N(CC)CC)c1cc(-c2n([C@H](C)COC)c(SCc3cc(F)ccc3)nn2)ccc1,,C11478233,99.906845,0,0,0,1,0,0,0,0,0,0
Clc1ccc(OCCN(C)C(=O)CSc2n(CCOC)c(-c3ccc(Cl)cc3)nn2)cc1,,C12803068,99.901779,0,0,0,1,1,1,0,0,0,1
S(C)c1ccc2cc(CN(CCCOC)C(=O)c3c(OC)c(OC)ccc3)c(-c3cc(C)ccc3)nc2c1,,C12152907,94.66378,0,0,0,1,0,1,0,0,0,1
O(C)CCN(CCOC)C(=O)COC(=O)c1c2ccccc2nc2/C(=C/c3ccccc3)/C[C@H](C)Cc12,,C15978187,98.361404,0,0,0,1,0,1,0,0,0,1
O(C)CCN([C@H](CC)C=1N(c2ccc(OCC)cc2)C(=O)c2ccccc2N=1)C(=O)c1ccc(CC)cc1,,C16425006,99.054947,0,0,0,0,0,0,0,0,0,1
FC(F)(F)c1cc(C(F)(F)F)cc(C(=O)N(CCCCC)Cc2scc(C(OCC)=O)n2)c1,,C16457943,100,0,0,0,0,0,1,0,0,0,1
Fc1ccc(Cn2c(CN(Cc3ccccc3)C(=O)CN(CC(C)C)C(=O)c3sccc3)ccc2)cc1,,C16462090,100,0,0,0,1,0,1,0,0,0,1
Brc1ccc(Cn2c(CN(CCCC)C(=O)CN(CCCOCC)C(=O)C(C)C)ccc2)cc1,,C16462822,100,0,0,0,1,0,1,0,0,0,1
Clc1c(Cn2c(CN(CC(C)C)C(=O)CN(CCCOC)C(=O)c3ccc(C)cc3)ccc2)cccc1,,C16462970,100,0,1,0,1,0,1,0,0,1,1
Fc1ccc(CN(CC=2C(=O)c3ccccc3OC=2)C(=O)CN(CCCC)C(=O)Cc2sccc2)cc1,,C16532772,100,0,0,0,0,0,1,0,0,0,1
S(=O)(=O)(c1ccccc1)[C@]1(C#N)[C@H](/C=C/c2ccccc2)C(OCC)(OCC)C1(OCC)OCC,,C19944893,100,0,0,0,1,0,0,0,0,0,1
Clc1c(OCCOCCOc2ccc(C)cc2)c(OCC)cc(/C=C/2\C(=O)N(C)C(=S)S\2)c1,,C27531853,100,0,0,0,1,0,1,0,0,0,1
O(CC[NH+]1CCOCC1)c1ccc(/C(/CC)=C(\CC)/c2ccc(OCC[NH+]3CCOCC3)cc2)cc1,,C17003841,49.357552,0,0,0,1,0,0,0,0,0,0
FC(F)(F)c1cc(Cn2c(CN(CCCC)C(=O)CN(CC)C(=O)c3ccc(OC)cc3)ccc2)ccc1,,C33480414,100,0,0,0,1,0,0,0,0,0,1
O(CC(=O)N(C[C@@H](C)CC)CC(=O)N(Cc1sc(C)cc1)Cc1ccccc1)Cc1ccccc1,,C33607439,100,0,0,0,1,0,0,0,0,0,1
FC(F)(F)c1cc(C(F)(F)F)cc(C(=O)N(CC(=O)N(CC(C)C)Cc2n(C)ccc2)[C@H](C)CC)c1,,C33611547,100,0,0,0,0,0,0,0,0,0,1
Clc1ccc(C(=O)N(CCCOCC)CC(=O)N(Cc2c(C)ccs2)Cc2ccc(F)cc2)cc1,,C33786033,100,0,0,0,1,0,1,0,0,0,1
Fc1ccc(CN(Cc2c(C)ccs2)C(=O)CN(CCCOC)C(=O)c2ccc(CC)cc2)cc1,,C34848497,100,0,0,0,1,0,1,0,0,0,1
ClCC(C)(C)C(=O)N(CCC[NH+]1CCOCC1)Cc1c(Sc2ccc(C)cc2)ccc([N+](=O)[O-])c1,,C34998059,95.23008,0,0,0,0,0,0,0,1,0,0
O(CC)C(=O)CCC(=O)N(CCC(C)C)[C@@H](C)C=1N(c2ccc3ccccc3c2)C(=O)c2ccccc2N=1,,C35072898,99.174942,0,0,0,1,0,1,0,0,1,1
O(C)CCCN([C@@H](CC)C=1N(c2ccc(OCC)cc2)C(=O)c2ccccc2N=1)C(=O)CCCC,,C35114703,99.032494,0,0,0,1,0,1,0,0,1,1
Fc1ccc(CN(Cc2sccc2)C(=O)CN(CC=C)C(=O)c2ccc(OCCCC)cc2)cc1,,C35383348,100,0,0,0,0,0,1,0,0,0,1
O=C(N(CCC)Cc1n(Cc2oc(C(=O)N3CC[NH+](Cc4ccccc4)CC3)cc2)ccc1)CC(C)C,,C16533927,87.898956,0,0,0,0,0,0,0,0,0,0
Fc1ccc2OC=3C(=O)N(CCC[NH+]4CCOCC4)[C@H](c4ccc(OCCCCCC)cc4)C=3C(=O)c2c1,,C35486128,94.749756,0,0,0,1,0,0,0,0,0,0
O(C)CCCN1[C@H](c2cc(OCC)c(OCCCC)cc2)C=2C(=O)c3cc(C)c(C)cc3OC=2C1=O,,C35488063,100,0,0,0,1,0,0,0,0,0,1
O(C)CCCN1[C@H](c2cc(OCC)c(OCCCCC)cc2)C=2C(=O)c3cc(C)c(C)cc3OC=2C1=O,,C35488067,100,0,0,0,1,0,0,0,0,0,1
Brc1ccc(Cn2c(CN(CCCC)C(=O)CN(S(=O)(=O)C)CC(C)C)ccc2)cc1,,C35753398,100,0,1,0,1,0,1,0,1,1,1
O=C(N(Cc1n(Cc2c(C)cccc2)ccc1)[C@H](C)CC)CN(CC(C)C)C(=O)c1ccc(CC)cc1,,C35777414,100,0,0,0,1,0,1,0,0,0,1
Clc1ccc(S(=O)(=O)N(C[C@H](C)CC)CC(=O)N(Cc2sc(C)cc2)Cc2ccccc2)cc1,,C35805260,100,0,0,0,1,1,0,0,0,0,1
S(=O)(=O)(N(CC=C)[C@H](C)C(=O)c1c(C)n(C)c(C(OCC)=O)c1C)c1ccc(C(C)(C)C)cc1,,C35869406,100,0,0,0,1,0,0,0,0,0,0
S(=O)(=O)(Cc1c(C)cccc1)c1n(CC(C)C)c(CN(CC(C)C)C(=O)c2ccc(OC)cc2)cn1,,C36039694,99.98571,0,0,0,1,0,1,0,0,0,1
O(CCCN1[C@@H](c2cc(OCC)c(OCC=C)cc2)C=2C(=O)c3c(C)cc(C)cc3OC=2C1=O)C(C)C,,C38593963,100,0,0,0,1,0,1,0,0,0,1
Fc1ccc2OC=3C(=O)N(CCCOC(C)C)[C@@H](c4cc(OC)c(OCCCCC)cc4)C=3C(=O)c2c1,,C39840462,100,0,0,0,1,0,0,0,0,0,1
O(C)CCCN1[C@H](c2cc(OCC)c(OCCC)cc2)C=2C(=O)c3cc(CC)ccc3OC=2C1=O,,C40042750,100,0,0,0,1,0,0,0,0,0,1
O(CCCN1[C@H](c2cc(OCC)c(OCC=C)cc2)C=2C(=O)c3cc(CC)ccc3OC=2C1=O)C(C)C,,C40042794,100,0,0,0,1,0,1,0,0,0,1
Clc1c(C[C@H]2C(=O)N(CC=C)/C(=N/N=C/c3cc(OC)c(OCCCC)cc3)/S2)cccc1,,C40147707,99.488518,0,0,0,0,1,0,0,0,1,1
FC(F)(F)c1cc(C(F)(F)F)cc(C(=O)N(CC(C)C)CC(=O)N(CCCC)Cc2n(C)ccc2)c1,,C40368071,100,0,0,0,0,0,0,0,0,0,1
Brc1c(OC)ccc(/C=C/C(=O)Oc2c(OCC)cc(/C=C(/C(OCC)=O)\C#N)cc2)c1,,C40867232,100,0,0,0,1,0,0,0,0,0,0
Brc1cc(C)c(OCC(=O)Oc2c(OCC)cc(/C=C(/C(OCC)=O)\C#N)cc2)c(C)c1,,C40867333,100,0,0,0,1,0,0,0,0,0,0
Clc1ccc(COc2c(OCC)cc(/C=C\3/C(=O)N(CCC(OCCC)=O)C(=S)S/3)cc2)cc1,,C40938263,100,0,0,0,1,0,1,0,0,1,0
S=C1N(CCC(OCCC)=O)C(=O)/C(=C/c2cc(OCC)c(OCc3ccc(C)cc3)cc2)/S1,,C40938271,100,0,0,0,1,0,1,0,0,1,0
S=C1N(CCCC(OCCC)=O)C(=O)/C(=C\c2cc(OCC)c(OCc3cc(C)ccc3)cc2)/S1,,C40939050,100,0,0,0,1,0,1,0,0,0,0
Brc1c(OCCC(C)C)c(OCC)cc(-c2c(C(OC)=O)c(C)nc(C)c2C(OC)=O)c1,,C54618467,98.19558,0,0,0,1,0,1,0,0,0,1
FC(F)(F)c1cc([C@H](O[C@H](OCC(OC)=O)C(=O)c2ccc(F)cc2)C)cc(C(F)(F)F)c1,,C65734931,100,0,0,0,1,0,1,0,0,0,1
O=C(N(CC[C@@]1(CCC(C)C)C[C@@H](C(C)C)OCC1)Cc1occc1)C,,C02109292,100,0,0,0,1,0,1,0,0,0,1
O=C(N(CC[C@]1(CCC(C)C)C[C@H](C(C)C)OCC1)Cc1occc1)C,,C02109291,100,0,0,0,1,0,1,0,0,0,1
O(C)C[C@@H](C)n1c(C)c(C(=O)COc2cccc3ccccc23)cc1C,,C06010680,100,0,0,0,1,0,1,0,0,0,0
Clc1ccc2C(=O)N(CCC(C)C)C(SCCCC#N)=Nc2c1,,C07238106,96.6418,0,0,0,1,0,0,0,0,0,1
S=C1N(CCOc2ccccc2)C(=O)/C(=C/c2ccc(OCC)cc2)/S1,,C09188355,100,0,0,0,1,0,1,0,0,0,0
O=C(N(Cc1sccc1)Cc1occc1)COc1cc(C)c(C)cc1,,C09204446,100,0,0,0,0,0,1,0,0,0,1
O=C(N(C)Cc1oc(C)cc1)CCC(=O)c1ccc(-c2ccccc2)cc1,,C12991879,100,0,0,0,1,0,1,0,0,1,0
S(=O)(=O)(N(CCc1ccccc1)Cc1ccccc1)c1c(C#N)cccc1,,C16093915,100,0,0,0,1,0,1,0,0,0,1
O=C(N(C)Cc1ccc(N(C)C)cc1)c1cc(OCc2sccc2)ccc1,,C32806328,100,0,0,0,0,0,1,0,0,0,0
O=C(N(CC=C)Cc1n(Cc2c(C)ccc(C)c2)ccn1)c1ccc(C)cc1,,C35637172,74.526176,0,0,0,1,0,1,0,0,0,1
Clc1sc(S(=O)(=O)N(CC(F)(F)F)C(CC)CC)cn1,,C38110039,100,0,0,0,1,0,1,0,0,0,0
FC(F)(F)c1cc(CC(=O)N(C)Cc2cn(Cc3ccccc3)nc2)ccc1,,C40005370,99.961525,0,0,0,1,0,1,0,0,0,0
S=C1N(CCCOC)C(=O)/C(=C/c2ccc3N(CC=C)CCCc3c2)/S1,,C40114021,100,0,0,0,1,0,0,0,1,0,0
O(CC([O-])=C(C#N)c1sc2ccccc2n1)c1c([C@@H](C)CC)cccc1,,C41500368,90.93087,0,0,0,1,0,1,0,0,0,0
Brc1c(C)cc(S(=O)(=O)N(CCOC)[C@H](C)CC)cc1,,C42267135,100,0,0,0,1,0,1,0,0,0,1
Brc1c(S(=O)(=O)N(CCOC)[C@H](C)CC)c(F)cc(F)c1,,C42267164,100,0,0,0,1,0,1,0,0,0,1
Clc1c(S(=O)(=O)N(CCOC)Cc2cscc2)cc(Cl)cc1,,C44446999,100,0,0,0,1,0,1,0,0,1,1
Brc1ccc(OCCSc2n(CC=C)c(C)nn2)cc1,,C47821973,99.515724,0,0,0,1,1,1,0,0,0,0
Brc1c(OCc2nc(CCC)sc2)c(OC)cc(C=O)c1,,C49276409,100,0,0,0,1,0,1,0,0,1,1
S(=O)(=O)(N(Cc1n(C)ccc1)Cc1sccc1)Cc1cc(C)ccc1,,C49410100,100,0,1,0,1,0,1,0,0,0,0
Clc1cc(Cn2c(CN(CCOC)C(=O)CC(C)C)ccc2)ccc1,,C04716858,100,0,0,0,1,0,1,0,0,0,1
S(CC=C)CC(=O)Oc1ccc2C(=O)C(c3ccccc3)=COc2c1,,C51013456,100,0,0,0,0,0,0,0,0,0,0
Clc1c(OCCC(=O)[C@H](C#N)c2scc(-c3ccccc3)n2)cccc1,,C51534145,52.202721,0,0,0,1,0,1,0,0,0,0
Clc1sc(CN(C)C(=O)c2c(S[C@H](C)C(OC)=O)cccc2)cc1,,C55011491,100,0,0,0,1,0,1,0,0,1,0
Clc1c(N2CCC(C(=O)N(CC=C)CC=C)CC2)ncc(C(F)(F)F)c1,,C57626018,99.576439,0,0,0,0,0,0,0,0,0,0
S([C@H](C)C(=O)N(C)Cc1cc(F)ccc1)c1n(CC(C)C)c(C)c(C)[nH+]1,,C57651159,57.088593,0,0,0,0,0,0,0,0,0,0
Fc1cc(-n2c(CN(Cc3occc3)Cc3cnccc3)ccc2)ccc1,,C13569418,62.948074,0,0,0,0,0,0,0,0,0,0
O=C(N(Cc1sccc1)Cc1occc1)CCc1ccc(C#N)cc1,,C24461589,100,0,0,0,0,0,0,0,0,0,0
Clc1c(Cn2ncc(C(=O)N(CC(C)C)CC(F)(F)F)c2)cccc1,,C58182264,99.993767,0,0,0,0,0,1,0,0,0,1
S(Cc1onc(C)c1)c1c(C(=O)N(CC)Cc2cc(F)ccc2)cccc1,,C52753957,100,0,0,0,0,0,0,0,0,0,0
S([C@H](C)C(=O)N(CCC#N)c1ccccc1)c1ccc(OCC)cc1,,C31326237,100,0,0,0,1,0,1,0,0,1,0
FC(F)(F)Oc1c(CN(C)C(=O)CCOc2ccccc2)cccc1,,C58618611,100,0,0,0,1,0,1,0,0,0,1
O=C(N(CC)c1c(C)ccc(C)c1)CCc1c(C)n(CC(C)C)nc1C,,C58714102,99.791847,0,0,0,1,0,1,0,0,0,1
Fc1cc(COc2c(CC=C)cc(/C=C(\C(=O)N(C)C)/C#N)cc2)ccc1,,C59334760,100,0,0,0,0,0,1,0,0,0,0
Brc1c(OCC=C)c(CC=C)cc(/C=C(\C(=O)N(C)C)/C#N)c1,,C59334840,100,0,0,0,1,0,1,0,0,0,0
S(=O)(=O)(N(CCOC)CC(F)(F)F)c1ccc(CC(C)C)cc1,,C60186915,100,0,0,0,1,0,0,0,0,1,0
S(CC(=O)c1c(C)n(CCC=2CCCCC=2)c(C)c1)c1sc(C)nn1,,C60385535,99.99704,0,0,0,1,0,1,0,0,1,1
Brc1ccc(-c2occ(CSCC(OCC)=O)n2)cc1,,C63846441,100,0,0,0,0,0,1,0,0,0,0
S(=O)(=O)([C@H](C)c1ccc(OC(F)F)cc1)c1ccc(OCC)cc1,,C63860900,100,0,0,0,1,0,0,0,0,1,0
Clc1c(-c2occ(CS[C@@H](C)C(=O)N(CC)CC)n2)cccc1,,C64410110,100,0,0,0,0,0,1,0,0,0,0
Brc1cc(F)c(OC(=O)[C@H](OC[C@H]2OCCC2)C(C)C)cc1,,C65715585,100,0,0,0,1,0,1,0,0,1,0
S(=O)(=O)(Cc1nc(CC)sc1)[C@@H](C)c1ccc(OC(F)(F)F)cc1,,C65762792,100,0,0,0,1,0,1,0,0,0,1
Clc1n(CC(C)C)nc(C)c1/C=C/C(=O)N(CC=C)CC(F)(F)F,,C66292196,99.966423,0,0,0,0,0,0,0,0,0,0
Clc1c(CS(=O)CCCc2onc(-c3sccc3)n2)ccc(F)c1,,C66297965,99.996162,0,0,0,1,0,1,0,0,1,1
S(=O)(=O)(Cc1nc(CC)sc1)[C@H](C)c1ccc(OC(F)(F)F)cc1,,C66503583,100,0,0,0,1,0,1,0,0,0,1
Fc1c(-c2scc(CN(CCCC)[C@@H]3CS(=O)(=O)CC3)n2)cccc1,,C66559308,66.150497,0,0,1,1,1,1,0,1,0,0
S(=O)(=O)(N(C)[C@@H](C)C1CC1)N(CCC)[C@H]1CCc2ccccc2C1,,C66913078,100,0,0,0,1,0,1,0,0,0,0
S([C@H](C)C(=O)N(CCC#N)c1ccc(F)cc1)c1c(OC)cccc1,,C67007562,100,0,0,0,1,0,1,0,0,0,0
S(=O)(CCCc1onc(-c2sccc2)n1)Cc1c(C)cc(C)cc1C,,C67224259,99.996155,0,0,0,1,0,1,0,0,1,1
S(=O)(Cc1oc(-c2sccc2)cn1)[C@@H](C)c1ccc(OC(F)F)cc1,,C67484808,100,0,0,0,1,0,1,0,0,1,1
S(Cc1n(C)c(SCC(=O)Nc2cc(C)c(C)cc2)nn1)Cc1ccccc1,,C01108941,99.708282,0,0,0,1,0,1,1,0,0,0
Clc1sc(C(=O)CCC(O[C@H](C)C(=O)Nc2c(C)cc(C)cc2C)=O)cc1,,C05301909,100,0,0,0,1,0,1,1,1,1,1
Clc1sc(C(=O)CCC(O[C@@H](C)C(=O)Nc2c(C)cc(C)cc2C)=O)cc1,,C05301913,100,0,0,0,1,1,1,1,1,1,1
Clc1c(C(=O)NC[C@@H](OC(=O)c2cc(C(F)(F)F)ccc2)CC#N)cccc1,,C05679031,100,0,0,0,1,0,1,0,0,0,1
Clc1ccc(S(=O)(=O)NCCCn2c(C3CC3)cc(C(F)(F)F)n2)cc1,,C02777819,96.728241,0,0,0,1,0,1,1,0,0,0
S(=O)(=O)(N(CC)CC)c1cc(NC(=O)Cc2cc(C(F)(F)F)ccc2)ccc1,,C06271202,100,0,0,0,0,0,1,0,1,0,0
Clc1c(CN(S(=O)(=O)c2ccc(Cl)cc2)CC(=O)NCC=C)cccc1,,C02938280,100,0,0,0,1,0,1,1,0,0,1
Brc1ccc(COc2ccc(/C=C(/C(=O)NCCOC)\C#N)cc2)cc1,,C06735315,100,0,0,0,1,0,1,1,0,0,0
Clc1c(Cl)ccc(S(=O)(=O)N(CC=C)CC(=O)NCC(F)(F)F)c1,,C06904828,100,0,0,0,1,0,1,0,1,1,1
S(CC)c1ccc(-c2c(/C=C(\C(=O)NCC=C)/C#N)cn(-c3ccccc3)n2)cc1,,C08325742,99.988541,0,0,0,0,0,1,0,0,0,0
S(=O)(=O)(N(CC)CC)c1cc(C(=O)Nc2c(C(C)C)cccc2C(C)C)ccc1,,C03552368,100,0,0,0,1,0,1,0,1,0,0
Clc1c(NC(=O)[C@@H](OC(=O)CCC(=O)c2sc(Cl)cc2)C)ccc(F)c1,,C09488905,100,0,0,0,1,1,1,1,1,1,1
S(CC(=O)N[C@@H](C)c1sccc1)c1n(C[C@@H]2OCCC2)c(-c2ccccc2)c[nH+]1,,C11641538,97.73378,0,0,0,0,0,0,0,1,0,0
S(CCCC(=O)N(CC=C)c1sc2CCCCc2n1)c1[nH]c2ccccc2n1,,C12569522,85.62011,0,0,0,1,0,1,0,1,0,1
S([C@@H](C)C(=O)Nc1cc(C(F)(F)F)ccc1)c1n(CC=C)c(C2CC2)nn1,,C12803071,99.628967,0,0,0,1,0,1,0,0,0,0
S(=O)(=O)(N(CC=C)CC(=O)Nc1ccc(C(F)(F)F)cc1)c1sccc1,,C14352852,100,0,0,0,1,0,1,1,1,1,1
S(=O)(CCC1=C(/C=C/c2ccc(N(C)C)cc2)NC(C)=NC1=O)Cc1ccccc1,,C16856042,97.438332,0,0,0,1,0,1,1,0,1,1
FC(F)(F)c1cc(-n2nc(C)c3cc(C(=O)NCCCOCC)sc23)ccc1,,C17401246,99.985184,0,0,0,1,0,1,1,0,1,0
Clc1c(C)cc(OCCCC(=O)N[C@@H](C)c2ccc(-n3cncc3)cc2)cc1,,C18048141,89.319946,0,0,0,0,0,1,1,0,0,0
FC(F)(F)CNC(=O)COC(=O)c1oc(-c2cc(C(F)(F)F)ccc2)cc1,,C21183583,100,0,0,0,0,0,1,0,0,1,0
Clc1c(C)c(-n2c(SCC(=O)N[C@@H](Cc3ccccc3)C(=O)C)ncc2)ccc1,,C21533756,81.658257,0,0,0,1,0,1,1,0,1,0
S(CC(=O)c1sc(CCNC(=O)C)cc1)c1n(-c2c(C)ccc(C)c2)ccn1,,C26047643,80.734322,0,0,0,1,0,1,1,0,0,0
S(=O)(=O)(N(CCCC(=O)N[C@H](C)c1ccc(C)cc1)c1cc(C)c(C)cc1)C,,C30853197,100,0,0,0,1,0,1,1,1,0,1
Clc1ccc(OCCOC[C@H](O)CSc2ncnc3ccsc23)cc1,,C32854361,99.919655,0,0,0,1,1,1,1,1,1,0
O=C(NCC=C)c1c(C)n(CC(C)C)c(-c2nc(-c3cc(CC)ncc3)sc2)c1,,C33586138,95.649536,0,0,0,0,0,0,0,0,0,0
Fc1c(-c2scc(C(=O)NCCOC)n2)ccc(OCc2ccc(F)cc2)c1,,C34713202,100,0,0,0,1,1,1,1,0,1,0
Fc1ccc(C(=O)N(CCC)Cc2c(N(C)C)ccc(NC(=O)CCC)c2)cc1,,C34921602,100,0,0,0,0,0,1,1,0,0,0
Fc1cc(C(=O)N(CC(C)C)Cc2c(N(C)C)ccc(NC(=O)CC)c2)ccc1,,C35619208,100,0,0,0,1,0,1,1,0,0,0
Fc1c(COc2cc(-c3scc(C(=O)NCCOC)n3)ccc2)cc(F)cc1,,C35895683,100,0,0,0,1,0,1,1,0,1,0
Fc1c(F)ccc(Cn2c(C(=O)NCCOC)cc3c(OCC=C)cccc23)c1,,C35927756,100,0,0,0,1,0,1,1,0,0,0
Clc1cc(CN([C@H](C)CC)C(=O)CC)c(OCc2scc(CO)n2)cc1,,C36094462,100,0,0,0,1,0,1,0,1,0,1
S(CC(=O)NCc1c(F)cccc1)Cc1c(n(-c2ccccc2)nc1)-n1cccc1,,C02948354,99.963814,0,0,0,0,0,0,1,0,0,0
Clc1cc(N(S(=O)(=O)C)[C@@H](C)C(=O)N[C@H](CC(C)C)c2ccccc2)ccc1,,C30754547,100,0,0,0,1,0,1,1,1,0,1
FC(F)(F)Oc1ccc(/C=C/C(=O)NCc2c(Cn3cncc3)cccc2)cc1,,C40023575,80.766747,0,0,0,0,0,0,1,1,0,0
S(=O)(=O)(CC(=O)N[C@H](C)CCC(C)C)Cc1nc(-c2sccc2)sc1,,C32929880,100,0,0,0,1,0,1,1,0,1,1
Clc1c(C)ccc(Cc2sc(NC(=O)CCS(=O)(=O)CC(C)C)nc2)c1,,C40117674,100,0,0,1,1,0,1,1,1,1,1
Clc1c(C)cc(OCCCCn2c(CCNC(=O)C)nc3ccccc23)cc1,,C40197579,67.105812,0,1,0,1,1,1,1,0,1,1
FC(F)(F)c1c(C(=O)Nc2scc(C(=O)N(CC=C)CC=C)n2)cccc1,,C40355943,100,0,0,0,1,0,1,0,1,0,1
Clc1c([C@@H](NC(=O)CSc2n(CCc3sccc3)cnn2)C)cccc1,,C45683995,99.903809,0,0,0,1,0,1,1,0,1,1
Fc1ccc(-n2c(C)c(CC(=O)NCCN(CC)c3cc(C)ccc3)c(C)n2)cc1,,C48299221,99.95256,0,0,0,1,1,1,1,0,0,1
Fc1c(NC(=O)CN(Cc2c(F)cccc2)C(=O)CCc2occc2)cccc1,,C58494411,100,0,0,0,0,0,1,1,0,0,0
O(CC)Cc1c(CNC(=O)COc2cc3sc(C)nc3c3sccc23)cccc1,,C58822293,100,0,0,0,1,0,1,1,1,1,1
Clc1c(S(=O)(=O)NCCSc2ccc(C)cc2)ccc(C(OC)=O)c1,,C60357213,96.491402,0,0,0,1,1,1,1,0,1,0
O=C(N[C@@H](CCC)C(=O)N1CCc2sccc2C1)CCc1oc([C@@H]2[C@@H](C)C2)cc1,,C60373284,100,0,0,0,1,0,1,1,0,0,1
S(C[C@@H](O)COCc1ccccc1)c1n(C2CC2)c(-c2c(F)cccc2)nn1,,C15237922,99.90728,0,0,0,1,0,1,0,1,0,0
S(C[C@H](O)CO[C@H](c1ccc(C)cc1)c1ccccc1)c1n(C(C)C)cnn1,,C61732883,99.859703,0,0,0,1,0,1,0,1,0,0
FC(F)(F)c1ccc(-c2scc(CC(=O)N(CCC)CC(=O)NC)n2)cc1,,C62273329,100,0,0,0,1,0,1,0,0,1,1
S(C)c1ccc(CNC(=O)CSc2n(-c3c(CC)cccc3)cnn2)cc1,,C56355058,99.763229,0,0,0,1,0,1,1,0,0,0
Fc1ccc([C@H](N(C)C[C@@H](O)COc2c(C)ccc(C)c2)c2ncccn2)cc1,,C66881704,65.066246,0,0,0,1,0,1,0,0,0,1
S([C@@H](C)CC#N)c1c(NC(=O)N(C)CCCOc2c(C)cccc2)cccc1,,C66954313,100,0,0,0,1,0,1,1,0,0,1
Clc1ccc(-n2c(SCCCC)nnc2CSc2ncccn2)cc1,,C02706185,99.510307,0,0,0,1,0,1,0,0,1,0
S([C@@H](C)C(=O)N(CC)c1ccccc1)c1n(CC=C)c(-c2ccccc2)nn1,,C03556931,99.898163,0,0,0,0,0,1,0,0,0,0
S(CC(=O)c1ccc(C)cc1)c1n(C)c(SCC(=O)c2ccc(C)cc2)nn1,,C01323599,99.845482,0,0,0,0,0,0,0,0,0,0
S(CC(=O)N(CC=C)CC=C)C=1N(c2ccc(C)cc2)C(=O)c2ccccc2N=1,,C04975259,98.719231,0,0,0,1,0,1,0,0,0,0
Clc1ccc(C(=O)CSc2oc(Cc3ccc(OCC)cc3)nn2)cc1,,C01191868,99.998207,0,0,0,1,0,1,0,0,1,1
S([C@@H](CC)C(OCCOCC)=O)c1ncnc2sc3C[C@H](C)CCc3c12,,C01987168,99.974861,0,0,0,1,0,1,0,1,1,1
O(C)C[C@@H](N(C(=O)Cn1c(CC)nc2ccccc12)c1c(C)cccc1CC)C,,C01470646,69.507057,0,0,0,1,0,1,0,0,0,1
Clc1ccc(-c2n(CC=C)c(SCC(=O)N(C)Cc3ccccc3)nn2)cc1,,C03604171,99.894684,0,0,0,0,1,1,0,0,0,1
Clc1ccc(OCc2oc(SCC(=O)c3ccc(CC)cc3)nn2)cc1,,C07193366,99.999229,0,0,0,1,0,1,0,0,0,0
S(CCOc1ccccc1)c1n(C)c(COc2ccc3CCCCc3c2)nn1,,C07341962,99.885735,0,0,0,1,1,1,0,0,1,0
S(CCC#N)c1n([C@@H](C)c2ccccc2)c(COc2ccc(CC)cc2)nn1,,C07985238,99.891785,0,0,0,0,0,1,0,0,0,0
FC(F)Oc1ccc(-c2c(/C=C/C(=O)N(CC)CC)cn(-c3ccccc3)n2)cc1,,C03239369,99.981575,0,0,0,0,0,0,0,0,1,0
S(CC(OCc1cc(C)cc(C)c1)=O)c1n(CC)c(-c2sccc2)nn1,,C09620538,99.888924,0,0,0,0,0,1,0,0,0,0
S(CCCC(=O)c1ccc(F)cc1)c1n(c(-c2occc2)nn1)-c1ccccc1,,C02620116,99.973892,0,0,0,0,0,1,0,0,0,0
[P+](Nc1ccccc1)(N(CC)CC)(N(CC)CC)c1c(C)[nH+]c2n1C=CC=C2,,C05072685,99.865402,0,0,0,0,0,0,0,0,0,0
Clc1ccc(C(=O)CSc2n(CC)c(COc3ccc(C)cc3)nn2)cc1,,C16789302,99.900085,0,0,0,1,0,0,0,0,0,0
N(C)(Cc1onc(CCc2ccccc2)n1)Cc1nc(-c2ccccc2)sc1,,C20780511,94.666924,0,0,0,1,0,1,0,0,0,0
O=C(N(C)Cc1ccc(N(C)C)cc1)Cc1nc(-c2c(OCC)cccc2)sc1,,C21391590,100,0,0,0,1,0,1,0,0,0,0
O(CC(=O)N(CC)c1cccc2ccccc12)C(=O)CCc1nc2ccccc2cc1,,C21431879,99.379196,0,0,0,1,1,1,0,0,0,1
Clc1n(Cc2c(Cl)cccc2Cl)nc(C)c1/C=C/C(OCCCC#N)=O,,C21713592,99.979729,0,0,0,1,0,0,0,0,0,1
S(CC(=O)c1c(C)sc(C)c1)c1n(CC=C)c(COc2cc(C)ccc2)nn1,,C24105254,99.909813,0,0,0,1,0,1,0,0,1,1
Clc1c(OCc2n(C)c(SCCOc3c(C)cccc3)nn2)cccc1,,C25893181,99.888206,0,0,0,1,0,1,0,0,0,1
Clc1c(/C=C/C(OCC(=O)N(CCC#N)c2c(F)cccc2)=O)ccc(Cl)c1,,C28426232,100,0,0,0,1,1,1,0,0,1,0
FC(F)(F)c1ccc(OCCCCCCN2C(=O)N(c3ccncc3)CC2)cc1,,C29395267,63.394791,0,0,0,0,0,0,0,0,0,0
S(CC(C)C)c1sc(SCC(=O)N(CCC#N)c2cc(C)c(C)cc2)nn1,,C29422753,99.996666,0,0,0,1,0,1,0,0,1,1
S(Cc1c(OCC)ccc(C(=O)C)c1)c1n(CC=C)c(C2CCCCC2)nn1,,C07978391,99.514618,0,0,0,1,0,0,0,0,0,0
Clc1ccc2N=C([C@@H](N(CCCC)C(=O)CC(C)C)C)N(CC)C(=O)c2c1,,C35031647,98.138634,0,0,0,1,0,1,0,0,1,1
ClCC(C)(C)C(=O)N(CCCCC)[C@@H](C)C=1N(CC)C(=O)c2ccccc2N=1,,C35042204,97.927269,0,0,0,1,0,1,0,0,1,1
Clc1ccc(-c2nc3SC=C(CCN(CCOC)C(=O)C(C)C)n3c2)cc1,,C35493581,80.600906,0,0,0,1,0,1,0,0,1,1
O([C@@H](C)C(=O)N(CCC#N)c1ccccc1)C(=O)c1c(-c2ccccc2)ccs1,,C37512913,100,0,0,0,1,0,1,0,0,0,0
S(Cc1cc(F)ccc1)c1n(CC(=O)N(CCC)CCC)c2ncccc2n1,,C08590183,92.685844,0,0,0,0,0,1,0,0,0,0
S=C1N(C[C@H](CC)CCCC)C(=O)/C(=C/c2oc(N3CCOCC3)cc2)/S1,,C38704465,100,0,0,0,1,0,0,0,0,0,1
S(Cc1nc(COc2ccc(F)cc2)sc1)c1oc(Cc2ccccc2)nn1,,C39524732,99.997932,0,0,1,1,0,1,0,0,0,1
S([C@@H](C)C(=O)c1ccccc1)C=1N(CCCOC(C)C)C(=O)c2ccccc2N=1,,C39565873,96.876602,0,0,0,1,0,1,0,0,1,1
Clc1c(OCc2n(C)c(SCCOc3cc(C)ccc3)nn2)cccc1,,C36661971,99.888222,0,0,0,1,0,1,0,0,0,0
Clc1c(C)cc(OCCCCn2c(CN3CCOCC3)nc3ccccc23)cc1,,C39917119,53.145336,0,0,0,1,0,1,0,0,1,1
Clc1c(OCc2n(CC(=O)N(CC=C)CC=C)c3ccccc3n2)cccc1,,C40233097,89.609413,0,0,0,1,0,1,0,0,0,0
ClC1=Cn2c(CC(=O)N(CC)CC)c(-c3ccc(OCCF)cc3)[nH+]c2C=C1,,C40378987,99.925774,0,0,0,0,0,0,0,1,0,0
Clc1c(CN(CC=C)C(=O)c2cc(OCc3c(C)nsn3)ccc2)cccc1,,C40794958,100,0,0,0,1,0,1,0,0,1,0
Clc1ccc(-c2noc(CSc3scc(CC(OCC)=O)n3)c2)cc1,,C45327372,100,0,0,0,1,0,1,0,0,1,0
Fc1cc(CN(CC)C(=O)COC(=O)c2c(C)nc(-c3ccccc3)s2)ccc1,,C07534024,100,0,0,0,1,0,1,0,0,0,0
Fc1ccc(OCc2scc(COC(=O)[C@@H](Oc3ccc(C)cc3)C)n2)cc1,,C45485489,100,0,0,0,1,1,1,0,0,0,0
Clc1c(S(=O)(=O)N(CC)CC)cc(C(=O)N(CC=C)c2ccccc2)cc1,,C57565595,100,0,0,0,0,0,1,0,0,1,0
S(CCCOc1cc(C)cc(C)c1)C=1N(CCCOC)C(=O)c2ccccc2N=1,,C57852986,95.973938,0,0,0,1,0,1,0,0,1,1
S(CC(OCc1nc(-c2ccccc2)oc1)=O)c1c(F)cc(C(=O)C)cc1,,C58170608,100,0,0,0,1,0,1,0,0,1,0
Brc1ccc(-c2n(CC=C)c(SCC(OCCC)=O)nn2)cc1,,C59265883,99.896225,0,0,0,1,0,1,0,0,0,1
Clc1c(Cl)cccc1OS(=O)(=O)c1ccc(OCCOCC)cc1,,C60084888,100,0,0,0,1,0,1,0,0,0,0
O=C(N(CCc1ccccc1)CC=C)c1nc(-c2cn(-c3ccccc3)nc2)sc1,,C60334590,99.995369,0,0,0,1,0,1,0,0,0,0
Clc1c(Cn2c(C)c(/C=C/C(OCC(=O)C(C)(C)C)=O)c(C)n2)cccc1,,C05875493,99.948219,0,0,0,1,0,1,0,0,0,0
S(C[C@H](CCC#N)C#N)C=1N([C@H](C)CCCCC)C(=O)c2ccccc2N=1,,C66400050,96.332573,0,0,0,1,0,1,0,0,0,0
S(CC=C)c1n(c(-c2occc2)nn1)-c1ccc(OCc2ccccc2)cc1,,C04366570,99.972565,0,0,0,0,0,0,0,0,0,0
S=C1N(CC=C)C(=O)/C(=C/c2c(OCCOc3ccccc3)cccc2)/S1,,C02993845,100,0,0,0,1,0,1,0,0,0,0
Clc1c(OCCOCCOc2c(OCC)cccc2)c(Cl)cc(Cl)c1,,C02983850,100,0,0,0,1,0,1,0,0,0,1
Brc1cc(C)c(OCCOCCOc2cc(OCC)ccc2)c(C)c1,,C02984175,100,0,0,0,1,1,1,0,0,1,1
Brc1cc(C)c(OCCOCCOc2c(OCC)cccc2)c(C)c1,,C02984293,100,0,0,0,1,0,1,0,0,0,1
FC(F)(F)c1ccc(-c2nc(Cc3cc(OCC)c(OCC)cc3)on2)cc1,,C01432790,99.997177,0,0,0,1,0,0,0,0,0,0
O(C)CCN(Cc1n(Cc2cc(C)ccc2)ccc1)C(=O)C[C@H](C)CC(C)(C)C,,C04752543,100,0,0,0,1,0,1,0,0,0,1
O(CC)c1ccc(N2C(=O)C[C@@H](c3n(CCCCC)c4ccccc4n3)C2)cc1,,C05235750,71.928886,0,0,0,0,0,0,0,0,0,0
O(C)[C@@H]([C@@H]([C@@H](OCC)c1ccccc1)c1ccccc1)n1nnc2ccccc12,,C05334902,99.980751,0,0,0,1,0,1,0,0,0,0
Clc1c(Cl)ccc(S(=O)(=O)N(CCC(C)C)CC(=O)C(C)(C)C)c1,,C03324087,100,0,0,0,1,0,1,0,0,1,1
S(Cc1c(F)cccc1F)c1n(CC=C)c(COc2ccc(C)cc2)nn1,,C06300424,99.901321,0,0,0,1,0,0,0,0,1,0
Clc1ccc(OCCCOc2c(/C=C\3/C(=O)N(CC)C(=S)S/3)cccc2)cc1,,C02843943,100,0,0,0,1,0,1,0,0,1,0
S([C@H](Cc1ccc(C)cc1)C#N)c1n(CC=C)c(-c2c(OC)cccc2)nn1,,C06610031,99.905022,0,0,0,1,0,1,0,0,0,0
O=C(C)c1ccc(OCC(=O)c2c(C)n(CCc3sccc3)c(C)c2)cc1,,C07338173,100,0,1,0,1,1,1,0,0,0,0
O=C(N(Cc1sccc1)Cc1occc1)COc1ccc(C(C)(C)C)cc1,,C09204428,100,0,0,0,0,0,1,0,0,0,0
Fc1cc(/C=C/C(=O)N(Cc2ccc(OCC3(C)COC3)cc2)C2CC2)ccc1,,C11911374,100,0,0,0,1,0,0,0,0,0,0
ClC1=Cn2c(CCC(=O)N(CCC)CCC)c(-c3ccccc3)[nH+]c2C=C1,,C13765540,99.930115,0,0,0,0,0,0,0,0,0,0
S(Cc1c(OC(F)F)cccc1)c1n(CC)c(-c2ccc(OC)cc2)nn1,,C14568335,99.794701,0,0,0,0,0,0,0,0,0,0
S(C)c1ccc2cc(CN(CCCOC)C(=O)C)c(-c3cc(C)ccc3)nc2c1,,C15001359,94.632286,0,0,0,1,1,1,0,0,1,1
Clc1ccc(OCc2n(CC=C)c(SCc3c(F)cccc3F)nn2)cc1,,C16789269,99.901634,0,0,0,1,0,0,0,0,0,0
S(Cc1ncsc1)c1c(C(OCC(=O)c2c(C)ccc(C)c2)=O)cccc1,,C22524734,100,0,1,0,1,1,1,0,0,0,1
S(CCCC(=O)N(Cc1occc1)c1sc2cc(C)cc(C)c2n1)c1ccccc1,,C22898937,100,0,0,0,1,0,1,0,0,0,1
S=C1N(C)C(=O)/C(=C/c2cc(OCCCOc3c([C@H](C)CC)cccc3)ccc2)/S1,,C33391787,100,0,0,0,1,0,1,0,0,0,0
Clc1c(Cl)ccc(C(=O)N(CCCOC)Cc2n(Cc3cc(F)ccc3)ccc2)c1,,C33783596,100,0,1,0,1,1,1,0,0,0,1
Clc1c(Cn2c(CN(CCCOC)C(=O)c3cccc4ccccc34)ccc2)cccc1,,C34828612,100,0,0,0,1,1,1,0,0,0,1
Fc1c(C(=O)N2[C@H](CC(C)C)SC[C@H]2C(=O)N(CCC)CCC)cccc1,,C35196987,100,0,0,0,1,0,1,0,0,0,1
O=C(N(CC=C)C[C@@H]1ON=C(c2ccccc2)C1)C(c1ccccc1)c1ccccc1,,C35474102,99.999817,0,0,0,0,0,0,0,0,0,0
O=C(N(CC(C)C)C[C@@H]1[C@@H](c2c(C)cccc2)C[NH+](Cc2oc(C)cc2)C1)C(C)C,,C35918013,89.937347,0,0,0,0,0,0,1,1,0,0
O=C(N(CC(C)C)Cc1nc(COc2cc(C)cc(C)c2)sc1)c1ccc(C)cc1,,C36105207,100,0,0,0,0,0,1,0,0,0,1
O=C(N(Cc1nc(COc2cc(C)ccc2)sc1)[C@H](C)CC)c1cc(C)ccc1,,C36106494,100,0,0,0,1,0,1,0,0,0,1
O=C(N(CC(C)C)Cc1nc(COc2ccc(C)cc2)sc1)c1c(C)cccc1,,C36114640,100,0,0,0,1,0,1,0,0,1,1
O=C(Oc1c(CC=C)cc(/C(=C\C)/C(=C/C)/c2cc(CC=C)c(OC(=O)C)cc2)cc1)C,,C16990097,100,0,0,0,1,0,0,0,0,0,0
S=C1N(CCCCC)C(=O)/C(=C/c2cc(OC)c(OCc3c(F)cccc3)cc2)/S1,,C40006006,100,0,0,0,1,0,1,0,1,0,0
S=C1N(CCCOC)C(=O)/C(=C\c2ccc(OCc3c(F)cccc3)cc2)/S1,,C40006236,100,0,0,0,1,0,0,0,1,0,0
FC(F)(F)c1ccc2n(CCCOCC)c(COc3c(C)cccc3)nc2c1,,C40403059,92.294907,0,0,0,1,0,1,0,0,0,0
Clc1c(-c2n(CCCOC)c(SCc3cc(F)ccc3)nn2)cccc1,,C42367707,99.883102,0,0,0,1,0,1,0,0,0,1
O=C(N(Cc1n(C)ccc1)Cc1sccc1)COc1ccc(C(C)(C)C)cc1,,C49409995,100,0,0,0,1,0,1,0,0,0,0
O=C(N(Cc1sccc1)Cc1ccccc1)CN(CC=C)C(=O)c1sccc1,,C04873972,100,0,0,0,1,0,1,0,0,0,1
FC(F)(F)c1ccc(Cn2c(CN(CC=C)C(=O)c3sccc3)ncc2)cc1,,C06689935,74.921951,0,0,0,0,0,1,0,0,0,1
Brc1ccc2N=C(SCCCC)N(CCCOCC)C(=O)c2c1,,C57934395,96.033852,0,0,0,1,0,1,0,0,1,1
O=C(N([C@H](C)C(C)C)C1CC1)C1CCC(C(=O)N([C@@H](C)C(C)C)C2CC2)CC1,,C58745310,100,0,0,0,0,0,0,0,0,0,0
O=C(N([C@@H](C)C(C)C)C1CC1)C1CCC(C(=O)N([C@@H](C)C(C)C)C2CC2)CC1,,C58745311,100,0,0,0,0,0,0,0,0,0,0
S(CCCC(OCC)=O)c1nc(C(F)(F)F)cc(-c2ccc(C)cc2)n1,,C05869270,99.994865,0,0,0,0,0,1,0,0,1,0
Clc1c(CN(C(=O)CCC)c2ccc(C(OCC)=O)cc2)c(Cl)ccc1,,C06592601,100,0,0,0,0,0,0,0,0,0,0
O(CC)C(=O)c1ccc(-n2c(C)c(/C=N/c3cc(OCC)ccc3)cc2C)cc1,,C59427352,89.751625,0,0,0,0,0,1,0,0,0,0
S(CCCOCC(F)(F)F)c1n(C2CCCCC2)c(Cc2sccc2)nn1,,C59962823,99.543617,0,0,0,0,0,1,0,0,0,0
Brc1c(-c2oc(SCCCOCC(F)(F)F)nn2)cccc1,,C64652708,99.997597,0,0,0,0,0,1,0,0,0,1
Clc1ccc(OCc2scc(CN(CC#N)Cc3ccccc3)n2)cc1,,C64932498,99.862984,0,0,0,1,1,1,0,0,0,0
S(Cc1c(C)ccc(C)c1)C=1N(CCCOC(C)C)C(=O)c2ccccc2N=1,,C67259108,96.19326,0,0,0,1,0,1,0,0,0,0
Clc1c(CSC=2N(CCCOCC)C(=O)c3ccccc3N=2)cccc1,,C67259177,96.30027,0,0,0,1,0,1,0,0,0,0
Clc1c(OCC(=O)Nc2cc(C)cc(C)c2)cc2OC(=O)C=C(CCCC)c2c1,,C05546947,100,0,0,0,1,0,1,1,0,0,0
S(CCCCC)c1nnc-2c(O[C@@H](/C=C/c3sccc3)Nc3ccccc-23)n1,,C02742851,99.989044,0,0,0,1,0,1,0,0,0,0
S(=O)(=O)(Nc1ccc(Oc2ccc(OCC)cc2)cc1)c1c(C)c(C)cc(C)c1C,,C02642921,97.75042,0,0,0,0,0,0,0,0,0,0
O=C(Nc1ccc(-c2sc3cc(C)ccc3n2)cc1)c1cc(OCC)c(OCC)cc1,,C02844043,100,0,0,0,1,0,0,0,1,0,0
S(C)c1ccc([C@H]2Oc3nc(SCCCCCC)nnc3-c3ccccc3N2)cc1,,C02073676,99.987175,0,0,0,1,0,1,0,0,0,0
O=C(Oc1ccc(/C=N/Nc2scc(-c3ccc(C)cc3)n2)cc1)c1cc(C)ccc1,,C08454089,99.997963,0,0,0,0,0,0,0,0,0,0
O(C)C(=O)c1c(NC(=O)/C(=C/c2ccc(C(C)C)cc2)/C#N)scc1-c1ccccc1,,C01805722,100,0,0,0,0,0,0,0,0,0,0
O([C@@H](C)C(=O)Nc1ccc(Oc2ccccc2)cc1)C(=O)/C=C/c1cccc2ccccc12,,C01931624,100,0,0,0,1,0,0,1,0,0,0
S(C)c1nc(NCc2occc2)c2sc3nc(CCCC)c4CCCc4c3c2n1,,C02430648,54.997578,0,0,0,0,0,1,0,0,0,0
Clc1cc(-c2n(CC=C)c(SCC(=O)Nc3c(C(C)(C)C)cccc3)nn2)ccc1,,C09480259,99.911385,0,0,0,1,0,1,0,0,0,0
Brc1c(Nc2c(C(OCC)=O)cnc3ccc(OCC)cc23)ccc(C)c1,,C09775676,83.663895,0,0,0,1,0,1,1,0,0,0
O=C(NCc1ccc(-c2oc3cc(C)c(C)cc3n2)cc1)COc1ccc(CC)cc1,,C10120437,100,0,0,0,1,0,1,1,0,0,0
ClCCn1cnc2c(NC(c3ccccc3)(c3ccccc3)c3ccccc3)ncnc12,,C10129740,70.049179,0,0,0,1,0,0,1,0,0,0
O=C(Nc1c(C(=O)N(CC)c2ccccc2)cccc1)[C@H](Oc1c([C@H](C)CC)cccc1)C,,C10475123,100,0,0,0,1,0,0,1,0,0,1
S(CC=C)c1c(NC(=O)c2ccc(-c3oc(-c4c(C)cccc4)nn3)cc2)cccc1,,C11203366,100,0,0,0,0,0,0,0,0,0,0
S(C)c1[nH+]c2c(c(NC[C@H]3OCCC3)n1)sc1nc(CCCC)c3CCCc3c21,,C02426658,83.344948,0,0,0,1,0,0,0,0,0,0
Clc1cc(NC(=O)CSc2n(CC=C)c(-c3ccc(C(C)(C)C)cc3)nn2)ccc1,,C02454478,99.903381,0,0,0,0,0,0,0,0,0,0
Brc1cc(C(=O)Nc2ccc(C(OCC)=O)cc2)c(OCCC(C)C)cc1,,C14650422,100,0,0,0,0,0,1,0,1,0,1
O(CC=C)c1ccc(/C=C\2/C(=O)N=C(Nc3ccc(N(CC)CC)cc3)S/2)cc1,,C06869788,93.327187,0,0,0,0,0,0,0,0,0,0
O(C)c1c(CN=NCc2c(OCc3c(C#N)cccc3)ccc3ccccc23)cccc1,,C20763476,99.961578,0,0,0,1,0,1,0,0,0,1
Clc1cc(Cl)cc(NC=2C(=O)N(CC=C)C(SCc3ccc(F)cc3)=NN=2)c1,,C28536985,99.809532,0,0,0,0,0,1,0,0,0,0
Clc1c(C)c(NC(=O)Cc2nc(-n3c(C)c(CCCCC)c(C)n3)sc2)ccc1,,C33019382,99.982361,0,0,0,1,0,1,0,0,0,1
S(=O)(=O)(Nc1ccc(C(C)C)cc1)c1c(CC)ccc(-c2noc(C(F)(F)F)c2)c1,,C33173645,96.804405,0,0,0,0,0,1,1,0,1,0
O(C)C(=O)c1c(NC(=O)[C@H](Oc2ccc(C(C)(C)C)cc2)C)sc2C[C@H](C)CCc12,,C01909684,100,0,0,0,0,0,1,0,0,0,0
O=C(Nc1cc(C)ccc1)CCc1c(Oc2cc(C)ccc2)n(-c2ccccc2)nc1CC,,C37278354,99.937073,0,0,0,0,0,0,1,0,0,0
Fc1ccc(-n2c(Oc3cc(C)ccc3)c(CCC(=O)Nc3cc(C)ccc3)c(C)n2)cc1,,C37547164,99.941582,0,0,0,0,0,1,1,0,0,0
O=C(Nc1sc(CCC)c(-c2ccc(-c3ccccc3)cc2)n1)c1n(C(C)C)ncc1,,C38501825,99.999779,0,0,0,1,0,1,0,0,0,0
S([C@H](C)C(=O)Nc1ccc(C)cc1)c1n(CC)c(-c2ccc(C(C)(C)C)cc2)nn1,,C39748490,99.887222,0,0,0,0,0,0,0,0,0,0
Clc1ccc(-c2n(CC)c(SCC(=O)Nc3ccc([C@H](C)CC)cc3)nn2)cc1,,C39773066,99.886154,0,0,0,1,0,1,0,0,0,0
Clc1c(COc2ccc(-c3oc(N[C@H](C)c4ccccc4)c(C#N)n3)cc2)cccc1,,C39841538,99.924576,0,0,0,1,0,0,0,0,0,0
Clc1c(CNc2c(C#N)nc(COc3ccc(-c4ccccc4)cc3)o2)cccc1,,C39841589,99.967545,0,0,0,1,1,1,1,0,0,0
Clc1c(OCCCCC)c(Cl)cc(C(=O)Nc2ccc(C(OC)=O)cc2)c1,,C39868671,100,0,0,0,0,0,0,0,1,0,0
S(CC(=O)Nc1cc(CC)ccc1)c1n(CC=C)c(-c2ccc(C(C)C)cc2)nn1,,C39967688,99.903152,0,0,0,1,0,0,0,0,0,0
O=C1N(CC=C)C(N/N=C/c2ccc(C(C)C)cc2)=NC=2c3ccccc3C[C@@](C)(CC)C1=2,,C40035036,53.725376,0,0,0,0,0,0,0,0,0,1
O=C1N(CC=C)C(N/N=C/c2ccc(C)cc2)=NC=2c3ccccc3C[C@@](C)(CCC)C1=2,,C40035925,53.778347,0,0,0,0,0,0,0,0,0,1
Clc1c(Cc2c(C)nc(NC(=O)c3oc(COc4ccccc4)cc3)s2)cccc1,,C36639918,100,0,0,0,1,0,1,1,1,0,1
Clc1ccc(-c2[nH]nc3C(=O)N(CCCCC)[C@H](c4ccc(OCCC)cc4)c23)cc1,,C40343361,96.821587,0,0,0,1,0,1,0,0,0,0
Clc1c(OCC(=O)Oc2ccc(C(=O)Nc3c(C)cc(C)cc3)cc2)cc(Cl)cc1,,C40878510,100,0,0,0,0,0,1,0,0,0,0
Clc1c(C)cc(O[C@H](C)C(=O)N/N=C/c2c(OCC)ccc3ccccc23)cc1C,,C40960450,99.999825,0,1,0,1,0,1,1,0,0,1
O=C(Nc1sc2cc(OCCC)ccc2n1)[C@@H](Oc1ccc(-c2ccccc2)cc1)C,,C40978605,100,0,0,0,1,1,0,1,0,0,0
Clc1c(C)cc(O[C@H](C)C(=O)Nc2sc3cc(OCCC)ccc3n2)cc1C,,C40978606,100,0,0,0,1,0,1,1,0,0,0
O=C(Nc1sc2cc(OCCCC)ccc2n1)COc1c(-c2ccccc2)cccc1,,C40991822,100,0,0,0,1,1,0,1,0,0,0
O=C(Nc1sc(C)c(-c2ccc(OCC)cc2)n1)[C@H](Oc1ccc(C(C)(C)C)cc1)C,,C41017893,100,0,0,0,1,0,0,0,0,0,0
Clc1c(F)ccc(-c2oc(/C=N/NC(=O)COc3c(C(C)C)ccc(C)c3)cc2)c1,,C44950360,100,0,0,0,1,1,1,1,0,0,0
Clc1cc(-c2oc(SC[C@H](O)COc3ccc(-c4ccccc4)cc3)nn2)ccc1,,C10319271,99.997902,0,0,0,1,1,1,0,0,0,0
Clc1c(Cl)cc(N/C=C\2/C(=O)OC(c3ccc(OCCCC)cc3)=N/2)c(Cl)c1,,C02947019,99.919449,0,0,0,1,0,0,0,0,0,0
Clc1c(Cl)ccc(OCc2oc(/C=C(/C(=O)Nc3c(CC)cccc3)\C#N)cc2)c1,,C58978567,100,0,0,0,1,0,0,0,0,0,0
O(Cc1ccccc1)c1c([C@H]2Oc3ccccc3C(=O)N2)ccc(OCc2ccccc2)c1,,C59488780,99.999886,0,0,0,0,0,0,1,0,0,0
O(C)c1ccc(-c2csc3nc(C)nc(Nc4ccc(OCC(C)C)cc4)c23)cc1,,C62040123,88.862053,0,0,0,0,0,0,1,0,0,0
O(CC)C(=O)c1ccc(NC(=O)c2c(-n3cccc3)c(-c3cc(C)ccc3)cs2)cc1,,C64472491,100,0,0,0,0,0,0,0,1,0,0
O=C(N/N=C/c1c(OCC#C)cccc1)c1ccc(-n2c(C)ccc2C)cc1,,C04229872,100,0,0,0,1,0,1,0,0,0,0
FC(F)(F)Oc1ccc(NC(=O)Cn2c(C)cc(C(F)(F)F)n2)cc1,,C00826491,99.012253,0,0,0,0,0,0,0,0,0,0
O[C@]1(CC(=O)c2cc(-n3cccc3)ccc2)C(=O)N(CCC)c2ccccc12,,C04122645,99.99987,0,0,0,1,0,1,1,0,0,1
F[C@@H](C(F)(F)F)C(F)(F)Oc1ccc(C(=O)Nc2noc(C)c2)cc1,,C05525496,99.999573,0,0,0,0,0,0,0,0,0,0
Clc1c(CC(OCC(=O)Nc2c(C#N)ccs2)=O)c(Cl)ccc1,,C06611215,100,0,0,0,1,1,1,1,0,0,1
S(CC(=O)Nc1c(C(=O)C)cccc1)c1ncnc2sc(CC)cc12,,C02620951,99.97496,0,0,0,1,0,1,1,0,1,1
Clc1cc(NC(=O)COC(=O)Cc2cccc3cccnc23)c(F)cc1,,C10831459,99.775002,0,0,0,1,1,1,1,1,1,1
O=C(Nc1ccc(OCC)cc1)C(=O)c1c(C)n(c(C)c1)-c1cc(C)ccc1,,C06781015,100,0,0,0,1,0,0,1,0,1,1
S(CC(=O)c1c(F)cc(NC(=O)C)cc1)c1n(CC)c2ccccc2n1,,C06974755,73.06424,0,0,0,1,0,0,1,0,0,0
Clc1cnc(NC(=O)[C@@H](Sc2n(CC(C)C)c(C)c(C)[nH+]2)C)cc1,,C08136212,55.831188,0,0,0,1,0,1,1,0,0,0
S(CC(=O)c1c(C)c(C(=O)C)c(C)[nH]1)c1n(-c2cc(F)ccc2)ccn1,,C05174698,82.5924,0,0,0,1,0,0,0,0,0,0
Fc1c(Cn2nnc(C(=O)NCCC=3[C@H]4C(C)(C)[C@H](C4)CC=3)c2)cccc1,,C15069665,99.998047,0,0,0,1,0,1,0,0,1,1
S(=O)(=O)(Nc1ccc(C(=O)N(CC)CC)cc1)c1c(C)cc(C)cc1C,,C16120553,73.449699,0,0,0,1,0,0,0,1,0,0
O=C(N[C@H](C)c1sc2ccccc2n1)CCn1c(-c2ccccc2)[nH+]cc1,,C19459858,98.569389,0,0,0,1,0,1,1,0,0,0
S(CC(=O)NC)C=1N(CC=C)C(=O)c2sc(-c3ccccc3)cc2N=1,,C21494440,98.191826,0,0,0,1,0,1,0,1,0,1
O=C(Nc1ccc2ccccc2c1)COc1c(C(=C)n2cncc2)cccc1,,C24908353,89.061935,0,0,0,1,1,1,1,1,0,0
FC(F)(F)[C@@]1(NCC(OC)OC)Oc2ccc3ccccc3c2C(=O)C1,,C25179643,95.808548,0,0,0,1,0,1,1,0,0,1
Clc1c(C)n(CCC(=O)NCc2nc(-c3ccccc3)sc2)nc1C,,C28242439,99.932777,0,0,0,1,0,1,1,0,1,0
Fc1ccc(Cn2c(C)c(NC(=O)c3ccc(OCC)cc3)c(C)n2)cc1,,C28574565,99.915497,0,0,0,0,0,0,0,0,0,0
S(=O)(=O)(NCc1c(Oc2cc(F)ccc2)nccc1)c1cc(F)ccc1,,C32437739,95.193108,0,1,0,1,0,0,1,0,0,1
S(CC(=O)NCCc1sccc1)C1=Nc2ncccc2-n2cccc12,,C33012083,99.113602,0,0,0,1,0,1,1,0,0,1
S(CC(=O)Nc1c(C)cccc1C)Cc1onc(-c2cc(F)ccc2)n1,,C33250432,99.997597,0,0,0,1,1,1,1,0,0,0
Clc1ccc(-n2c(CC)c(C(=O)NCc3occc3)c(C3CC3)n2)cc1,,C35638058,99.990562,0,0,0,0,0,1,0,0,0,0
S(C)c1n(c(C(=O)Nc2c(OCC)cccc2)c[nH+]1)-c1ccc(F)cc1,,C36838948,78.891808,0,0,0,0,0,1,1,0,0,0
O=C(Nc1cc(-c2nc3SC=Cn3c2)ccc1)CCC(=O)c1ccccc1,,C38734829,81.530922,0,0,0,1,0,1,1,1,0,0
Brc1sc(C(O[C@H](C)C(=O)N[C@@](C)(C(C)C)C#N)=O)cc1,,C39476269,100,0,0,0,1,0,1,0,0,0,0
Clc1ccc(C(=O)Cn2c([C@H](NC(=O)CC)C)nc3ccccc23)cc1,,C40188841,83.746002,0,0,0,0,0,1,0,0,0,0
Fc1c(c(F)ccc1)-c1oc(CCC(=O)Nc2c(C(=O)C)cccc2)nc1,,C45726512,100,0,1,0,1,0,1,1,0,0,0
S(CCNC(=O)c1cnn2C(c3ccccc3)=CC=Nc12)c1ccccc1,,C46902291,99.960609,0,0,0,1,1,1,1,0,0,0
Fc1c(-n2c(C)c(C(=O)NCCOc3ccccc3)c(C)n2)ccc(F)c1,,C47586709,99.994202,0,0,0,0,0,1,1,0,0,0
O=C(Nc1scc(-c2c(C)cccc2)n1)CN(C)Cc1ccc(C#N)cc1,,C52581258,88.984032,0,0,0,1,1,1,1,0,0,1
Fc1c(OC[C@@H](NC(=O)c2c(C)n(-c3ccccc3)nc2C)C)cccc1,,C55678408,99.989624,0,0,0,0,0,1,1,0,0,0
O(CCN(C)CC=1Nc2sc3CCCc3c2C(=O)N=1)c1ccc(C)cc1,,C23732842,86.976715,0,0,0,1,1,1,1,0,1,1
S(=O)(=O)(C)c1cc(NC(=O)COc2c(C)ccc(C(C)C)c2)c(C)cc1,,C15815662,100,0,0,1,1,1,1,1,1,1,1
S(=O)(=O)(NCCCn1cnc2ccccc12)C=1CCc2ccccc2C=1,,C57765969,82.935081,0,0,0,1,1,1,1,1,1,0
Clc1c(NC(=O)CN(C)C(=O)CCn2ccc3ccccc23)cccc1,,C31448546,100,0,0,0,1,0,1,1,0,0,1
S(=O)(=O)(C(F)F)c1c(NC(=O)N(CC)Cc2sccc2)cccc1,,C58099795,100,0,0,0,1,0,1,1,0,1,1
S(=O)(=O)(N(C)C(C)C)c1cc(C(=O)N[C@H](C)c2c(C)cccc2)ccc1,,C15685566,100,0,0,0,1,0,1,0,1,0,0
S(=O)(=O)(C)c1cc(NC(=O)c2ccc(N(CC)C(C)C)cc2)c(C)cc1,,C63850153,100,0,0,0,1,0,1,0,1,0,0
S(CC(=O)Nc1n[nH]c(-c2n(CC)c3ccccc3c2)c1)c1ccccc1,,C64459910,65.343071,0,0,0,1,0,1,1,0,0,0
Clc1c(CCNC(=O)c2ccc(Cn3ncnc3)cc2)c(Cl)ccc1,,C53237895,94.906906,0,0,0,0,0,0,0,0,0,0
FC(F)(F)c1n(CCNC(=O)c2ccc(N(C)C)cc2)c2ccccc2n1,,C64887943,99.75843,0,0,0,0,0,0,1,0,0,0
O=C([O-])c1c(-c2n(CC[C@H]3[NH+](C)CCC3)cnc2-c2ccccc2)cccc1,,C65395392,88.92794,0,0,0,1,0,0,0,0,0,1
O=C1Oc2cc(C)c(C)cc2C(CN[C@H](Cn2nccc2)c2ccccc2)=C1,,C65408664,56.005917,0,0,0,1,0,1,1,0,1,0
Fc1c(OC[C@H](NC(=O)c2c(C)onc2-c2ccc(F)cc2)C)cccc1,,C55678615,100,0,0,0,0,0,0,0,0,0,0
S(=O)(=O)(Nc1ccc(C(=O)N(C)[C@@H](C)CC)cc1)c1cc(C)c(C)cc1,,C66646671,72.95726,0,0,0,1,0,0,0,1,1,0
S([C@H](C)C(=O)NCc1c(C)nc(-c2ccccc2)s1)c1ncccn1,,C66782226,99.986603,0,0,0,0,0,1,1,1,1,0
Fc1c(C2=NN(C[C@@H](O)COc3c(C)ccc(C)c3)C(=O)C=C2)cccc1,,C66969586,100,0,0,0,1,1,1,1,0,0,1
Fc1c(OC[C@@H](NC(=O)C(=O)N(C)c2cc(C)cc(C)c2)C)ccc(F)c1,,C67426333,100,0,0,0,1,1,1,1,0,0,0
FC(F)(F)c1cc(NC(=O)N(C)Cc2sc(C)nc2)c(OCC)cc1,,C67584300,100,0,0,0,1,0,1,1,1,0,0
Clc1c(C[C@H](C(OCC)=O)c2n(-c3nc(F)ccc3)ncc2)c(F)ccc1,,C04060573,99.995316,0,0,0,1,0,1,0,0,0,1
S(C)c1n(CCc2ccccc2)c(CSc2nc(C)cc(C)n2)nn1,,C02706253,99.514343,0,0,0,1,0,1,0,0,0,1
S(CC(OC)=O)C=1N(CCCC)C(=O)c2c(sc3CCCCc23)N=1,,C02115860,99.55983,0,0,0,1,0,1,0,0,0,1
O=C1N(Cc2c(C)cccc2)/C(=N/N=C/c2occc2)/S[C@@H]1CCCC,,C02261533,99.618919,0,0,0,0,0,1,0,0,0,1
S(CC(=O)c1ccc(OCC)cc1)c1n(C)c(-c2c(C)cccc2)nn1,,C05209428,99.891891,0,0,0,0,0,0,0,0,0,0
O(CC(=O)N(C)Cc1c(C)cccc1)C(=O)Cc1coc2c(C)c(C)ccc12,,C05301789,100,0,0,0,1,0,1,0,0,1,1
O(CC)C(=O)C=1/C(=C\c2ccc(OCC)cc2)/C(=O)N(c2ccccc2)C=1C,,C00825275,100,0,0,0,0,0,0,0,0,0,0
O([C@H](C)C(=O)c1ccc(C(C)(C)C)cc1)C(=O)/C=C/c1c(C)n(C)nc1C,,C05774763,99.93261,0,0,0,1,0,0,0,0,0,0
Clc1ccc(-c2sc3C(=O)N(CC(=O)N(CC=C)CC=C)C=Nc3c2)cc1,,C05801964,99.504883,0,0,0,1,0,1,0,0,0,1
Clc1c(C(OCC(=O)c2c(C)n(Cc3occc3)c(C)c2)=O)c(F)ccc1,,C05872235,100,0,0,0,1,0,1,0,0,0,0
S(=O)(=O)(N(CCC)CCC)c1cc(-c2[nH+]c3n(c2)C=CC(C)=C3)ccc1,,C06184591,99.915207,0,0,0,1,0,0,0,1,0,0
Clc1ccc(OCc2oc(/C=C/C(=O)c3c(C)n(CC)nc3)cc2)cc1,,C06556032,99.987679,0,0,0,1,0,1,0,0,0,0
S(CC(=O)C(C)(C)C)c1n(C)c(CSc2sc3ccccc3n2)nn1,,C06625626,99.750053,0,0,0,1,0,1,0,0,0,0
S(CC(=O)c1c(C)cc(C)cc1)c1oc([C@@H](Oc2c(F)cccc2)C)nn1,,C07137556,99.999176,0,0,0,1,0,1,0,0,1,0
O=C(N(C)Cc1ccc(C(=O)COc2ccc(-c3ccc(C#N)cc3)cc2)cc1)C,,C07735406,100,0,0,0,1,0,0,0,0,0,0
S([C@@H](C(=O)c1ccccc1)c1ccccc1)c1n(Cc2sccc2)nnn1,,C08232481,100,0,0,0,1,0,1,0,0,0,1
O(CC(=O)N(C)[C@@H](C)c1ccccc1)C(=O)Cc1coc2cc(C)c(C)cc12,,C08334506,100,0,0,0,1,0,1,0,0,0,1
Fc1ccc(C(=O)COC(=O)/C=C/c2c(C)n(-c3ccc(F)cc3)nc2C)cc1,,C09418080,99.979294,0,0,0,0,0,1,0,0,0,0
Clc1ccc2n(CCC)c(SCC(=O)N(C)Cc3oc(C)cc3)nc2c1,,C11235503,76.697189,0,0,0,1,0,1,0,0,0,0
O=C(Oc1ccc(C#N)cc1)/C=C/c1cc(OCc2nc(C)sc2)ccc1,,C11327153,100,0,0,0,0,0,1,0,0,0,1
FC(F)Oc1c(C=2OC(=O)/C(=C/c3ccc(OCC=C)cc3)/N=2)cccc1,,C15264883,99.994133,0,0,0,1,0,0,0,0,0,0
O(CC(=O)N(CC)c1ccccc1)C(=O)c1c(C)nc(-c2ccccc2)cc1,,C16166261,98.526917,0,0,0,0,1,1,0,0,1,0
Clc1c(O[C@H](C)Cn2c(C(C)(C)C[NH+]3CCOCC3)cnc2)cccc1,,C19719350,76.495102,0,0,0,1,0,0,1,0,1,0
O(CCn1c(CN2CCOCC2)nc2ccccc12)c1c(C(C)C)ccc(C)c1,,C19939699,56.22662,0,0,0,1,0,1,0,0,0,1
N(C)(Cc1onc(C(c2ccccc2)c2ccccc2)n1)[C@H](C)c1scc(C)n1,,C20109585,95.257408,0,0,0,1,0,1,0,0,0,1
Clc1c(OCCSc2n(C3CC3)c(-c3ccncc3)nn2)cccc1,,C22988467,97.268906,0,0,0,0,1,1,0,0,0,0
FC(F)Oc1ccc(C(=O)N(CCOC)c2sc3ccccc3n2)cc1,,C26970558,100,0,0,0,1,1,1,0,0,1,1
FC(F)(F)Oc1c(CN(C)C(=O)/C=C/c2cn(-c3ccccc3)nc2)cccc1,,C30917811,99.992661,0,0,0,0,0,0,0,0,0,0
S([C@H](C)C(=O)c1ccc(CC)cc1)c1n(CC)c(-c2ccncc2)nn1,,C31641854,97.291122,0,0,0,0,0,0,0,0,0,0
S(CC(=O)c1ccc(C(C)C)cc1)c1n(CC)c(-c2ccncc2)nn1,,C31641921,97.297302,0,0,0,0,0,0,0,0,0,0
S(=O)(=O)(N(C)Cc1ccc(C(C)C)cc1)c1c(C(OC)=O)scc1,,C32895523,100,0,0,0,1,0,1,0,0,1,1
O=C(N(CC=C)c1scc(-c2ccccc2)n1)c1cc(Cn2cncc2)ccc1,,C32932117,80.927902,0,0,0,1,0,1,0,0,1,1
Clc1cc(-n2nc(CN(CC(C)C)C(=O)C)c3C[NH+](CCC)CCc23)ccc1,,C35921539,99.587418,0,0,0,1,0,1,0,0,1,1
O=C(N(Cc1c(N(C)C(C)C)onc1-c1ccccc1)C(C)C)c1sccc1,,C36245964,99.98848,0,0,0,0,0,1,0,0,0,0
Clc1ccc(/C=C\2/C(=O)c3ccc(OCC(OCC=C)=O)cc3O/2)cc1,,C38321055,100,0,0,0,1,0,1,0,0,0,0
S(CC(=O)C1=C(C(OCC)=O)[C@@H](C)N=C1C)c1nc2ccccc2c(C)c1,,C39991100,99.280014,0,0,0,1,0,1,0,0,1,1
O=C(N([C@@H](C)CC)[C@@H](C)CC)CN1C(=O)N(C(C)=C)c2cc(C)c(C)cc12,,C40311284,100,0,0,0,0,0,1,0,0,0,1
Brc1cc(OCCCC([O-])=C(C#N)c2oc3ccccc3n2)ccc1,,C41546575,98.118103,0,0,1,1,1,1,0,0,0,0
S(=O)(=O)(N(CC=C)Cc1nc(-c2ccc(F)cc2)oc1)c1sccc1,,C43565173,100,0,1,0,1,0,1,0,0,0,0
S(Cc1onc(-c2sccc2)n1)[C@@H](C)C(=O)N(C)Cc1c(C)cccc1,,C45020205,99.997093,0,0,0,1,1,1,0,0,0,1
Fc1ccc(OCc2scc(COC(=O)c3c(C)c(C)oc3C)n2)cc1,,C45540886,100,0,0,0,1,0,1,0,0,0,0
O(CCOc1ccc(C#N)cc1)C(=O)c1c(C)nc(-c2cscc2)s1,,C45601945,100,0,1,0,1,0,1,0,0,0,0
S(=O)(C)Cc1cc(C(=O)Oc2ccc3C(CCC)=CC(=O)Oc3c2)ccc1,,C54230464,100,0,0,0,0,0,1,0,0,1,0
S(=O)(=O)(N(CC)CC)c1cc(C(=O)N(CC)c2ccc(F)cc2)c(C)cc1,,C25736476,100,0,0,0,1,0,0,0,1,0,0
S([C@@H](C)C(=O)N(C)C)c1n(CC=C)c(-c2ccc(C(C)(C)C)cc2)nn1,,C07180892,99.895546,0,0,0,1,0,1,0,0,0,1
S(=O)(=O)(N(C)C)c1ccc(C(=O)/C=C/c2ccc(OC(C)C)cc2)cc1,,C44024813,100,0,0,0,1,0,0,0,1,1,0
S(=O)(=O)(N(C)CC(=O)Oc1c(-c2ccccc2)cccc1)c1sccc1,,C60740920,100,0,0,0,1,0,1,0,0,0,0
O(CC=C)C(=O)COc1cc(C)c2C(=O)/C(=C/c3c(C)ccs3)/Oc2c1,,C41505256,100,0,0,0,1,0,1,0,0,0,0
S(CCOc1cccc2ccccc12)c1n(CC)c(-c2ccncc2)nn1,,C64926447,97.259773,0,0,0,0,0,1,0,0,0,0
Clc1c([C@H](OC(=O)CSc2n(C(C)C)cnn2)C)ccc(Cl)c1,,C66875222,99.904358,0,0,0,1,0,1,0,0,0,0
S(C)c1nc(SCC(OCC)=O)c2c(sc3CO[C@](C)(CC)Cc23)n1,,C02213674,99.942772,0,0,0,1,0,1,0,0,1,0
Clc1c(OCC=C(C)C)cc2OC(=O)C(CCC(OCC)=O)=C(C)c2c1,,C01119975,100,0,0,0,0,0,1,0,0,0,0
S(CCC)c1nc(SCC(OC)=O)c2c(sc3COC(C)(C)Cc23)n1,,C05047191,99.942154,0,0,0,1,0,1,0,0,0,1
S(Cc1ccccc1)c1n(/N=C/c2c(OCC)ccc3ccccc23)cnn1,,C05486715,99.906647,0,0,0,1,0,0,0,0,0,0
S(Cc1cc(F)ccc1)c1n(Cc2occc2)c(-c2cc(OC)ccc2)nn1,,C05877861,99.910591,0,0,0,0,0,0,0,0,0,0
Clc1ccc(S(=O)(=O)c2c(SCCCC)oc(-c3occc3)n2)cc1,,C02721856,100,0,0,0,1,0,0,0,0,1,0
S(C/C=C/c1ccccc1)C=1N(CC(OC)=O)C(=O)c2c(C)c(C)sc2N=1,,C01841435,99.571297,0,0,0,1,0,0,0,0,0,0
S(=O)(=O)(N(CCCC)Cc1oc2ccccc2c1)c1ccc(OCC)cc1,,C02595839,100,0,0,0,1,0,0,0,0,1,0
S(CC(=O)N(C)c1ccccc1)c1n(CC=C)c(-c2cc(C)ccc2)nn1,,C02635003,99.902031,0,0,0,0,0,1,0,0,0,0
S(Cc1nc(-c2ccccc2)sc1)c1c(C#N)cc(C(OCC)=O)c(C)n1,,C07149405,99.949509,0,0,0,1,0,1,0,0,0,0
S(=O)(=O)(N(C)c1ccc2ccccc2c1)c1cc(OCC)c(OCC)cc1,,C07927923,100,0,0,1,1,0,1,0,0,1,0
O(CCC)C(=O)c1c(OC(=O)[C@@]23C(C)(C)[C@@](C)(C(=O)C2)CC3)c2ccccc2cc1,,C08474189,100,0,0,0,0,0,1,0,0,0,1
O(CCC)C(=O)c1c(OC(=O)[C@]23C(C)(C)[C@](C)(C(=O)C2)CC3)c2ccccc2cc1,,C08474221,100,0,0,0,1,0,1,0,0,0,1
S([C@H](C)C(=O)c1ccc(C(C)(C)C)cc1)c1n(CC)c(-c2occc2)nn1,,C08620283,99.943985,0,0,0,0,0,0,0,0,0,0
Brc1ccc(OCc2n(CC)c3ccc(C(OCC)=O)cc3n2)cc1,,C08653958,92.814598,0,0,0,1,0,0,0,0,0,0
O(CCCCC)c1ccc([C@H]2N(CC)C(=O)C=3Oc4ccccc4C(=O)C2=3)cc1,,C08917236,100,0,0,0,0,0,0,0,0,0,0
S([C@@H](C)C(=O)c1cc(C)c(C)cc1)c1n(CC(C)C)c(-c2occc2)nn1,,C09566845,99.944107,0,0,0,1,0,0,0,0,0,1
O(CC=1N=C2SC=C(C)N2C(=O)C=1)C(=O)c1sc(CCC)c(CC)c1,,C09824637,99.607613,0,0,0,1,0,1,0,0,1,0
O=C(N(Cc1occc1)c1sc2cccc(OCC)c2n1)/C=C/c1sccc1,,C10527425,100,0,0,0,1,0,0,0,0,0,1
S(CC(=O)c1cn(CCC)c2ccccc12)c1oc(-c2ccccc2)nn1,,C10007901,99.997955,0,0,0,1,0,0,0,0,0,0
Clc1c(S(=O)(=O)N(CC=C)c2ccccc2)cc(C(OC(C)C)=O)cc1,,C12281279,100,0,0,0,1,0,0,0,0,0,0
O(CC)C(=O)c1c(C)n(-c2ccc(OCC)cc2)c2ccc(OCCC)cc12,,C02614997,100,0,0,0,1,0,0,0,0,0,0
S(CC(=O)N(CC(C)C)CC(C)C)c1n-2c(nn1)C=C(C)c1ccccc-21,,C03495905,99.804039,0,0,0,1,0,1,0,0,0,1
S([C@@H](C)C(=O)c1c(C)ccc(C)c1)c1oc(COc2cc(C)ccc2)nn1,,C20895311,99.999199,0,0,0,1,0,1,0,0,1,1
S(C/C=C/c1ccccc1)c1n(CC=C)c([C@H]2Oc3ccccc3OC2)nn1,,C21177251,99.902649,0,0,0,1,0,1,0,0,1,0
FC(F)(F)c1ccc(CN(C)C(=O)CCc2onc(-c3ccc(C)cc3)n2)cc1,,C21636141,99.996475,0,0,0,1,0,1,0,0,0,0
S([C@H](CC)C(OC)=O)c1n(C)c(-c2sc3CC[C@H](CC)Cc3c2)nn1,,C22130985,99.891205,0,0,0,0,0,1,0,0,0,0
Clc1c(OCCSc2n(C3CC3)c(-c3ccncc3)nn2)ccc(Cl)c1,,C22988472,97.268997,0,0,0,1,1,1,0,0,0,0
Clc1c(OCCCCC)cc(S(=O)(=O)n2cnc3ccccc23)cc1,,C27822624,99.093994,0,0,0,1,0,1,0,0,1,0
S(Cc1nc(-c2ccc(F)cc2)sc1)c1n(CC=C)c(-c2occc2)nn1,,C29991134,99.94265,0,0,0,0,0,1,0,0,0,0
Clc1c(C=C(C(OCC)=O)C(OCC)=O)cc2cc(Cl)cc(C)c2n1,,C32099795,99.969086,0,0,0,1,0,1,0,0,0,1
O=C(N(CC(C)C)[C@@H](C)C=1N(C)C(=O)c2ccccc2N=1)[C@H](CC)CCCC,,C35007664,97.990433,0,0,0,1,0,1,0,0,0,1
S([C@H](C)C(=O)c1c(C)cc(C)c(C)c1)c1n(CC=C)c(-c2c(C)occ2)nn1,,C35767173,99.608818,0,0,0,1,0,1,0,0,0,0
Clc1sc(C(=O)CSc2n(CC(C)C)c(-c3occc3)nn2)cc1,,C03451167,99.9468,0,0,0,0,0,1,0,0,0,0
O(CCCCC)c1ccc(/C=C\2/C(=O)N(CCCC)C(=O)C(C#N)=C/2C)cc1,,C38603690,100,0,0,0,1,0,1,0,0,0,1
S(CC)c1c(C(OCc2noc(-c3ccc4O[C@H](C)Cc4c3)c2)=O)cccc1,,C38758117,100,0,0,0,1,0,1,0,0,0,0
S(CC(OCC(=O)c1c(C)c(C)c(C)c(C)c1)=O)c1nc(C)cc(C)n1,,C39541767,99.886414,0,0,0,1,0,1,0,0,1,1
O(CC=C)c1c(/C=C\2/C(=O)N(CC=C)/C(=N/c3ncccc3)/S/2)cccc1,,C39862512,95.460564,0,0,0,1,0,1,0,0,0,0
O(C(C)C)C(=O)Cn1c(COc2ccc3ccccc3c2)nc2ccccc12,,C40238022,90.517601,0,0,0,1,0,1,0,0,0,1
FC(F)(F)c1ccc(-n2nnc(C(OCc3ccc(C=C)cc3)=O)c2)cc1,,C40872845,99.999649,0,0,0,1,0,0,0,0,0,0
S(CC(=O)N(C)Cc1ccc(C(C)(C)C)cc1)c1n(-c2ccc(C)cc2)cnn1,,C46628775,99.763611,0,0,0,1,0,1,0,0,0,0
S(Cc1c(OCC)cccc1)c1n(CC=C)c(-c2c(OC)cccc2)nn1,,C49536475,99.851448,0,0,0,1,0,1,0,0,0,0
S(Cc1nc(-c2ccccc2)sc1)C=1N(CCOC)C(=O)c2ccccc2N=1,,C06035135,96.70121,0,0,0,1,0,1,0,0,0,1
Clc1c(/C=N/c2c(C(OC)=O)c(C)c(C(OCC)=O)s2)c(Cl)ccc1,,C59460948,99.992775,0,0,0,0,0,0,0,0,0,0
O=C(N(C)CC[C@H]1OCCCC1)Cc1c(C)oc(-c2ccc(C(C)(C)C)cc2)n1,,C62275755,100,0,0,0,1,0,1,0,0,0,0
Clc1ccc(/C=C\2/C(=O)c3c(C)cc(OCC(OCC=C)=O)cc3O/2)cc1,,C41505102,100,0,0,0,1,0,1,0,0,0,0
S(CC(=O)N(C)Cc1cc(F)ccc1)c1oc(-c2ccc(C(C)C)cc2)nn1,,C66261119,99.998016,0,0,0,1,1,1,0,0,0,0
S([C@H](C)C(=O)N(C)Cc1ccccc1)c1oc(-c2ccc(C(C)C)cc2)nn1,,C66261180,99.997963,0,0,0,1,0,0,0,0,0,0
Fc1c(C)ccc(-c2nc(CCC(=O)N(C)C[C@H](C)c3ccccc3)on2)c1,,C66457797,99.997192,0,0,0,1,1,1,0,1,0,1
S(Cc1n(C(F)F)c2ccccc2n1)c1n(CC=C)c(-c2ccccc2)nn1,,C55527440,92.19989,0,0,0,0,0,0,0,0,0,0
S(CC(=O)N(CCC#N)c1ccccc1)c1n(CC)c2ccccc2n1,,C04484553,73.690315,0,0,0,1,0,1,0,0,0,0
O(CC)c1c(OCC=C)ccc(/C=C/2\C(=O)N(c3ccccc3)C(=O)S\2)c1,,C02119757,100,0,0,0,0,0,1,0,0,0,0
O(CC)C(=O)[C@]12C(=O)OC(C)(C)[C@H]1[C@@]2(CC)C(=O)c1ccc(C(C)(C)C)cc1,,C04029771,100,0,0,0,1,0,1,0,0,0,1
O(CC(=O)N(CCC#N)c1ccccc1)C(=O)c1cccc2ccccc12,,C03235549,100,0,0,0,1,0,1,0,0,0,0
Clc1ccc(CCn2c(C)c(C(=O)CSc3n(C)cnn3)cc2C)cc1,,C02618674,99.899475,0,0,0,1,0,1,0,0,1,0
S(CC(=O)c1c(C)n(CC)c(C)c1)c1n(CC)c(-c2ccccc2)nn1,,C05311479,99.882423,0,0,0,1,0,1,0,0,0,0
S(=O)(=O)(CC)CCSc1nc(c(-c2ccccc2)nn1)-c1ccccc1,,C05718928,99.999863,0,0,1,1,0,1,0,1,0,1
Clc1ccc(CSc2n(CCOC)c(-c3ccncc3)nn2)cc1,,C03444943,97.312523,0,0,0,1,0,0,0,0,0,1
Fc1cc(CN(C[C@@H]2ON=C(c3ccc(N(C)C)cc3)C2)C(=O)CC)ccc1,,C06708638,99.997223,0,0,0,0,0,0,0,0,0,0
O=C(N(C)Cc1c(-c2ccccc2)nn(-c2ccccc2)c1)CCc1occc1,,C12552796,99.97551,0,0,0,0,0,0,0,0,0,0
S(=O)(=O)(OCCSc1n(Cc2ccccc2)c2ccccc2n1)C,,C06184617,72.870216,0,0,0,1,1,1,0,1,1,0
O=C(N(CC(C)C)Cc1n(Cc2c(C)ccc(C)c2)ccn1)c1occc1,,C06690080,74.816795,0,0,0,1,0,1,0,0,0,1
S(CCOc1ccc(OC)cc1)c1n(c(C)nn1)-c1c(C)cccc1,,C03424327,99.352684,0,0,1,1,1,1,0,0,0,0
S(C)c1ccc2cc(CN(Cc3occc3)C(=O)CC)c(N(C)C)nc2c1,,C20135718,56.672413,0,0,0,0,0,1,0,0,0,0
Fc1cc(-n2nc(c(C[NH+](C)CCc3ncccc3)c2)-c2oc(C)cc2)ccc1,,C14981349,96.739281,0,0,0,1,0,0,1,0,0,0
S(CC(=O)c1c(C)ccc(C)c1)c1n(Cc2occc2)c(C2CC2)nn1,,C21623405,99.710793,0,0,0,1,0,1,0,0,0,0
Clc1c(COC(=O)c2c(SCc3onc(C)n3)cccc2)cccc1,,C22765335,99.993561,0,0,0,1,1,1,0,0,0,0
FC(F)Oc1c(/C=C/C(=O)N(C)Cc2cn(-c3ccccc3)nc2)cccc1,,C25063956,99.984848,0,0,0,1,0,1,0,0,1,0
ClCCCC(=O)N(CC)[C@H](C)C=1N(CC)C(=O)c2ccc(Cl)cc2N=1,,C35026173,98.30146,0,0,0,1,0,1,0,0,0,1
O=C(N(C[C@H]1OCCC1)Cc1n(Cc2c(C)cc(C)cc2C)ccn1)C(C)C,,C35637317,74.590195,0,0,0,1,0,1,0,0,0,1
O(C)CCN(Cc1noc(-c2c(C)ccc(C)c2)c1)C(=O)c1ccccc1,,C36005563,100,0,0,0,1,0,1,0,0,0,1
S(Cc1ccc(F)cc1)c1n(C(C)C)c(CCc2cn(C)nc2)nn1,,C41342094,99.36644,0,0,0,1,0,1,0,0,0,0
O=C(N(C)Cc1c(C)onc1C)C(CC)(CC)Cc1sc2ccccc2n1,,C42047690,100,0,0,0,1,0,1,0,0,1,1
Brc1ccc2N=CN(CCOCCOc3ccccc3)C(=O)c2c1,,C49769228,99.079933,0,0,0,1,1,1,0,0,0,0
Clc1cc(-n2c(SCC(=O)N(CC)C[C@H](C)C#N)ncc2)ccc1,,C53532547,81.634346,0,0,0,1,0,1,0,1,1,1
Clc1n(Cc2ccccc2)nc(C)c1/C=C/C(=O)N(CCC)CC#N,,C56484736,99.974236,0,0,0,1,0,0,0,0,1,1
S(CC[NH+]1CCOCC1)C=1N(CCCC)C(=O)c2c(C)c(C)sc2N=1,,C57502162,87.837143,0,0,0,0,0,0,0,1,0,1
N(Cc1c(-n2nccc2)c(C)cc(C)c1)(Cc1occc1)Cc1cnccc1,,C13569383,61.629295,0,0,0,1,0,1,0,0,0,1
S([C@@H](C)C(OC)=O)c1n(c(Cc2sccc2)nn1)-c1ccccc1,,C06993070,99.578209,0,0,0,0,0,1,0,0,0,0
O=C(N(Cc1occc1)Cc1occc1)Cc1nc(-c2cscc2)sc1,,C30470936,100,0,0,0,1,0,1,0,0,0,0
Fc1c(N(C(=O)C)c2scc(COC(=O)Cc3cscc3)n2)cccc1,,C24851916,100,0,0,0,1,1,1,0,0,0,1
Clc1sc(S(=O)(=O)N(C)CC(OCc2c(F)cccc2)=O)cc1,,C44174059,100,0,1,0,1,1,1,0,0,1,1
O(Cc1sccn1)C(=O)c1sc2nc(N(CC)CC)sc2c1,,C58377821,100,0,0,0,0,0,0,0,0,1,0
S(Cc1nc(COc2ccc(C)cc2)sc1)c1n(C(C)C)cnn1,,C58481434,99.863548,0,0,0,1,0,1,0,0,1,0
O(CC)c1c(OCCC)cc(/C=C\2/C(=O)N(c3ccccc3)N=C/2C)cc1,,C20244035,99.999832,0,0,0,0,0,1,0,0,0,1
Clc1cc(C)c(OCC(O[C@@H](C(F)(F)F)c2n(C)ccn2)=O)cc1,,C60488639,95.092781,0,0,0,1,0,1,0,0,0,0
O(C)CCn1c(-c2nc(COc3ccccc3)sc2)nc2ccccc12,,C60511865,71.863014,0,0,0,1,1,1,0,0,1,1
FC(F)(F)Cn1c(C)c(C(=O)/C(=C/c2ccc(OCC#N)cc2)/C#N)cc1C,,C08238751,100,0,0,0,1,0,1,0,0,0,0
Clc1ccc(SCCSc2n(CC)c(N3CCOCC3)nn2)cc1,,C61152956,78.639076,0,0,0,1,0,0,0,0,0,0
S(CC(=O)N(C)C(C)C)c1n(c(Cc2sccc2)nn1)-c1ccccc1,,C61367095,99.552765,0,0,0,0,0,1,0,0,0,0
S(CCOC(C)C)c1n(c(-c2ccncc2)nn1)-c1c(C)cccc1,,C48727011,97.557365,0,0,0,0,0,1,0,0,0,1
Clc1c(C(=O)N(CC=C)Cc2cc(C#N)ccc2)nc(OCC)cc1,,C62905471,99.999847,0,0,0,0,0,0,0,0,0,1
S(CC(=O)N(CC=C)CC=C)C1=NC(=O)C=2C(S[C@H]3CCCCC=23)=N1,,C40003077,99.995964,0,0,0,0,0,1,0,0,0,1
FC(F)Oc1c(/C=C/C(=O)c2c(C)n(C)nc2C)ccc(OC(F)F)c1,,C64926265,99.968941,0,0,0,1,0,1,0,0,0,0
O(C)Cc1scc(C(=O)N(CC=C)c2scc(-c3ccccc3)n2)n1,,C65049270,100,0,0,0,1,0,1,0,0,0,1
O(C)c1c(-c2n(CCCn3cncc3)cnc2-c2ccccc2)ccc(C)c1,,C65382105,70.292503,0,0,0,0,0,0,0,0,0,0
Clc1n(C)nc(CC)c1-c1n(CCOCC)cnc1-c1ccccc1,,C65460878,84.129364,0,0,0,0,0,1,0,0,0,1
S(C)c1sc(CSc2n(CC=C)c(-c3ccccc3)nn2)nn1,,C65691819,99.889656,0,0,0,1,0,1,0,0,0,0
[S-]c1[n+](CN(CC#C)C2CCCCC2)nc(n1CCC)-c1ccncc1,,C65943418,95.710388,0,0,0,1,0,1,0,0,0,1
Fc1cc([C@H](N(C)Cc2oc(C(OC)=O)c(C)c2)c2ncccc2)ccc1,,C66531173,81.876694,0,0,0,0,0,1,0,0,0,0
S(CC(=O)N(C(C)C)c1ccccc1)c1n(CC)c(-c2ccccc2)nn1,,C04594937,99.890739,0,0,0,0,0,1,0,0,0,0
O(CC(=O)N(C(C)C)C(C)C)C(=O)c1cc(-c2sccc2)nc2ccccc12,,C03398543,98.790573,0,0,0,1,0,1,0,0,1,0
S(CC(=O)c1ccccc1)C=1N(Cc2occc2)C(=O)c2cc(CC)sc2N=1,,C05001004,99.608025,0,0,0,0,0,1,0,0,0,1
FC(F)(F)Oc1ccc(Cn2c(C(OC(C)C)=O)cc3n(C)ccc23)cc1,,C05001261,100,0,0,0,0,0,0,0,0,0,0
Clc1ccc(-c2n(CC)c(SCC(=O)N(C)Cc3cc(F)ccc3)nn2)cc1,,C05309467,99.882423,0,0,0,0,1,1,0,0,0,0
S(CC(=O)c1c(C)sc(C)c1)c1n(Cc2ccccc2)c(-c2occc2)nn1,,C05313409,99.953918,0,0,0,0,0,1,0,0,0,0
S([C@@H](C)C(=O)N(C)c1ccccc1)C=1N(CC=C)C(=O)c2cc(CC)sc2N=1,,C03450595,99.534096,0,0,0,0,0,0,0,0,0,1
O=C(N(C)C)COc1c(OCC)cc(/C=C/c2sc3cc(C)c(C)cc3n2)cc1,,C06112031,100,0,0,0,0,0,1,0,0,0,0
S(CC(=O)c1ccc(F)cc1)c1n(Cc2ccccc2)c(-c2c(C)occ2)nn1,,C03534508,99.637947,0,0,0,0,0,1,0,0,0,0
Clc1c(/C=C/C(OCC(=O)c2c(C)n(-c3sccn3)c(C)c2)=O)cccc1,,C06644042,100,0,0,0,1,1,1,0,0,1,0
O(C)CO[C@@H]1[C@@]2(C)CC[C@H]3[C@H](CCc4cc(OCOC)c(C=O)cc34)[C@@H]2CC1,,C06795907,100,0,0,0,1,0,1,0,0,1,0
Clc1c(Cn2c(C)c(/C=C/C(OCc3c(C#N)cccc3)=O)c(C)n2)cccc1,,C06886347,99.948006,0,0,0,0,0,0,0,0,0,0
S(CC(=O)N(C)Cc1c(C)cc(C)cc1)C=1N(CC=C)C(=O)c2ccccc2N=1,,C07827788,97.112061,0,0,0,1,1,1,0,0,0,1
S([C@@H](C)C(=O)C12CC3CC(C1)CC(C2)C3)c1n(CCC)c(-c2ccncc2)nn1,,C09812800,97.289566,0,0,0,0,0,1,0,0,0,0
S(CC(=O)N(C)[C@H](C)c1sc2ccccc2n1)c1n(CC(C)C)c(C)c(C)[nH+]1,,C09862728,56.203526,0,0,0,1,0,1,0,0,0,0
S(CCOc1ccc(F)cc1)C=1N(Cc2occc2)C(=O)c2ccccc2N=1,,C11120582,97.021553,0,0,0,0,0,1,0,0,0,0
Clc1ccc(OCc2scc(CSc3n(-c4ccccc4)cnn3)n2)cc1,,C11331081,99.723503,0,0,0,1,0,1,0,0,0,0
Clc1c(CN(C)C(=O)CSc2n(C)c(Cc3ccccc3)nn2)c(F)ccc1,,C11977287,99.685104,0,0,0,0,1,1,0,0,0,1
S(CC(=O)N(/N=C/c1ccccc1)c1cc(C(F)(F)F)ccc1)c1ncccn1,,C13095907,99.988876,0,0,0,1,0,0,0,0,0,1
O=C(COc1c(OC)cc(/C=C/C)cc1)c1c(C)n(-c2sccn2)c(C)c1,,C14318203,100,0,0,0,1,1,0,0,0,0,0
Clc1c(C(F)(F)F)cc(S(=O)(=O)Oc2c(OCC)cc(C=O)cc2)cc1,,C16092995,100,0,0,0,1,0,1,0,0,1,0
S(CC(=O)c1ccccc1)c1c(C#N)c(c(C#N)c(OCC)n1)-c1ccccc1,,C08706701,99.999542,0,0,0,0,0,0,0,0,0,0
FC(F)(F)C1=CC(=O)Oc2cc(OCC(=O)c3c(C)n(CCC)c(C)c3)ccc12,,C22738207,100,0,0,0,1,0,1,0,0,0,0
S([C@@H](C)c1ccccc1)C=1N(CCC[NH+]2CCOCC2)C(=O)c2ccccc2N=1,,C22956599,90.011375,0,0,0,0,0,0,1,0,1,0
S(Cc1ccc(C(C)(C)C)cc1)c1n(CC=C)c([C@H]2CS(=O)(=O)CC2)nn1,,C23175113,99.702057,0,0,0,1,0,1,0,1,0,0
S(Cc1ccc(C(C)(C)C)cc1)c1n(CC=C)c([C@@H]2CS(=O)(=O)CC2)nn1,,C23175116,99.702057,0,0,0,1,0,1,0,1,0,0
S([C@@H](C)C(=O)c1c(C)ccc(C)c1)c1oc(COc2ccc(F)cc2)nn1,,C23553081,99.999207,0,0,0,1,0,1,0,0,1,1
S(Cc1oc(CC)nn1)c1n(Cc2ccccc2)c2ccc(C(F)(F)F)cc2n1,,C24832302,86.58625,0,0,0,0,0,0,0,0,0,0
O=C(N(CCC#N)c1ccccc1)COc1ccc(-c2ccc(C#N)cc2)cc1,,C31678129,100,0,0,0,1,0,1,0,0,1,0
Clc1cc(-n2nc(CN(C)C(=O)CC(C)C)c3C[NH+](CCC)CCc23)ccc1,,C35574230,99.58741,0,0,0,0,0,1,0,0,1,1
Fc1ccc2OC=3C(=O)N(CCCC)[C@H](c4ccc(OCC=C)cc4)C=3C(=O)c2c1,,C40021168,100,0,0,0,0,0,0,0,0,0,0
O(CCCn1c([C@@H]2CN(C)C(=O)C2)nc2ccccc12)c1ccc(C(C)(C)C)cc1,,C40250790,71.687744,0,0,0,1,0,0,0,0,0,0
FC(F)(F)c1cc(Cn2nnc(C(OCc3cc(F)cc(F)c3)=O)c2)ccc1,,C40874706,99.999336,0,0,0,1,0,1,0,0,0,0
S(=O)(=O)(C)c1cc(OC(=O)c2cc(OCc3sccc3)ccc2)ccc1,,C44769707,100,0,0,0,1,0,1,0,1,0,0
S(CC(=O)N(C)Cc1ccc(C(C)C)cc1)c1n(-c2ccc(C)cc2)cnn1,,C45930222,99.763611,0,0,0,1,0,1,0,0,0,0
Clc1ccc2nc(C)c(C(OCC(=O)N(CC)Cc3cc(F)ccc3)=O)cc2c1,,C45936095,99.841774,0,0,0,1,1,1,0,0,0,1
Clc1c(-c2oc(CN(CCC)C(=O)/C=C/c3ccccc3)nn2)cccc1,,C57510590,99.99839,0,0,0,1,0,1,0,0,0,1
S(CC(C)C)c1sc(SCC(=O)N(C)C2(C#N)CCCCC2)nn1,,C24848520,99.996613,0,0,0,1,0,1,0,1,1,1
FC(F)(F)c1c(-c2nc3onc(C)c3c(C(=O)N(CCC)CCC)c2)cccc1,,C29518320,99.999695,0,0,0,1,0,1,0,0,0,0
S(=O)(=O)(CCCc1onc(-c2cc(F)c(C)cc2)n1)Cc1c(F)cccc1,,C46160489,99.996941,0,0,1,1,0,1,0,0,1,0
S(Cc1ccc(OCc2n(C)ccn2)cc1)c1n(-c2c(C)cccc2)ccn1,,C59256535,61.46109,0,0,0,1,0,0,0,0,1,0
S(Cc1ccc(OCc2n(C)ccn2)cc1)c1n(-c2cc(F)ccc2)ccn1,,C59256556,63.045029,0,0,0,1,0,0,0,0,1,0
FC(F)(F)CN(Cc1ccc(C#N)cc1)C(=O)COc1cccc2CC(C)(C)Oc12,,C59265043,100,0,0,0,0,0,1,0,0,0,1
S(=O)(=O)(N(C)C)c1ccc2n(CCC)c(CSc3cc(C)ccc3)nc2c1,,C60134532,84.41922,0,0,0,1,1,0,0,1,0,0
S(Cc1n(CC(F)(F)F)ccn1)c1n(-c2ccc(OC)cc2)c2ccccc2n1,,C60376367,66.697823,0,0,0,0,0,1,0,0,0,0
Clc1ccc(S(=O)(=O)N(C)c2ccc(OC(=O)CC(C)C)cc2)cc1,,C60392519,100,0,0,0,1,0,0,0,0,0,0
Clc1c(-c2oc(COC(=O)CSc3cc(F)c(F)cc3)nn2)cccc1,,C61151608,99.998978,0,0,0,1,1,1,0,0,0,1
Fc1c(N(Cc2occc2)C(=O)[C@H](Oc2cc(C(=O)C)ccc2)C)ccc(F)c1,,C62881706,100,0,0,0,1,0,1,0,0,0,0
Clc1ccc(-c2onc(CCN(C)C(=O)CSc3ccccc3)n2)cc1,,C64841061,99.988899,0,0,0,1,1,1,0,0,0,1
S(=O)(=O)(CCCc1onc(-c2sccc2)n1)Cc1c(C)cc(C)cc1C,,C67224993,99.996391,0,0,1,1,0,1,0,0,1,1
O[C@@H](CN(c1ccccc1)c1ccccc1)Cn1c(c(-c2ccccc2)nc1)-c1ccccc1,,C01907576,89.382683,0,0,0,0,0,1,0,0,0,0
Clc1c(-c2nc(/C(=C/Nc3cc(OCCCC)ccc3)/C#N)sc2)ccc(Cl)c1,,C09331147,100,0,0,0,1,0,0,0,0,0,0
P(=O)(OCC)([C@H](Nc1ccccc1)c1ccc(C(C)C)cc1)c1ccc(N(C)C)cc1,,C02382235,99.995995,0,0,0,0,0,0,0,0,0,0
Clc1ccc([C@H](P(=O)(OC(C)C)c2ccc(N(C)C)cc2)Nc2ccccc2)cc1,,C02384509,99.995987,0,0,0,0,0,1,0,0,0,0
S(CC(=O)Nc1ccc(OCC)cc1)c1cn(Cc2c(C)cccc2)c2ccccc12,,C09392863,100,0,0,0,0,0,0,0,0,0,0
Clc1c(COc2ccc(/C=N/NC(=O)CCSc3ccccc3)cc2)cccc1,,C14166470,99.999886,0,0,0,1,0,1,1,0,0,0
O(CC)CCOc1ccc2N[C@@H](c3ccc(OCc4ccccc4)cc3)[C@@H]3CC=C[C@@H]3c2c1,,C14470194,99.999374,0,0,0,1,0,0,0,1,0,0
O(CC)c1ccc([C@H]2Nc3c(OCCOc4ccccc4)cccc3[C@@H]3[C@H]2CC=C3)cc1,,C14543578,99.998604,0,0,0,0,0,1,0,0,0,0
O(CC)c1ccc([C@H]2Nc3c(OCCOc4ccccc4)cccc3[C@@H]3[C@@H]2CC=C3)cc1,,C14543582,99.998604,0,0,0,1,0,1,0,0,0,0
O(CC)c1c([C@@H]2Nc3ccc(OCCOc4ccccc4)cc3[C@@H]3[C@@H]2CC=C3)cccc1,,C14545651,99.999382,0,0,0,1,0,1,0,0,0,0
FC(F)(F)c1c(NC(=O)CN(CC)C(=O)/C=C/c2sc(-c3ccccc3)cc2)cccc1,,C14635128,100,0,0,0,1,0,1,1,0,0,1
Brc1c(O[C@H](C)C(=O)Nc2ccc(OCCCC)cc2)ccc(Cl)c1,,C14644096,100,0,0,0,0,0,0,0,0,0,0
Brc1c(OCC(=O)Nc2c(OCCCC)cccc2)ccc2ccccc12,,C14783904,100,0,0,0,1,0,1,1,0,0,1
Brc1ccc(NC(=O)c2ccc(OC(=S)N(CC(C)C)CC(C)C)cc2)cc1,,C03079509,100,0,0,0,0,0,0,0,0,0,0
S(Cc1cc(C)ccc1)c1nc(C(=O)NCc2ccccc2)c(Sc2ccccc2)cn1,,C15860644,99.997795,0,0,0,1,0,1,1,0,0,0
Fc1ccc([C@@]2(CCNC(=O)c3ccc(OCC(C)C)cc3)C[C@@](C)(CC)OCC2)cc1,,C16115931,100,0,0,0,0,0,0,0,1,0,0
S(CCOc1c(/C=C(/C(=O)Nc2ccc(C)cc2)\C#N)cccc1)c1ccc(C)cc1,,C16157715,100,0,0,0,1,0,1,1,0,0,0
Clc1c(CC2=C(C)NC(SCCSCc3ccc(OCC)cc3)=NC2=O)cccc1,,C16854866,98.627495,0,0,0,1,0,1,0,0,0,1
Clc1c(COc2ccc(/C=N/NC(=O)c3cc(CCC)sc3)cc2)ccc(F)c1,,C17097257,99.999886,0,0,0,1,0,1,0,0,0,0
Br[C@H](CCCC)C(=O)Nc1sc2cc(OCc3c(F)cccc3)ccc2n1,,C20133036,100,0,0,0,1,0,1,0,0,0,1
O(CC)c1ccc([C@H]2Nc3ccc(OCCOc4ccccc4)cc3[C@H]3[C@H]2CC=C3)cc1,,C20717829,99.999374,0,0,0,1,0,1,0,1,0,0
O=C(NC[C@H](CC)CCCC)CN1C(=O)/C(=C/c2ccc(C)cc2)/Sc2ccccc12,,C20726498,100,0,0,0,1,0,1,0,0,0,1
O(CC)c1c([C@H]2Nc3c(OCCOc4ccccc4)cccc3[C@H]3[C@H]2CC=C3)cccc1,,C20748807,99.998619,0,0,0,1,0,1,0,0,0,0
FC(F)(F)c1c(C(=O)Nc2c(C(OCC)=O)cc([C@@H](C)CC(C)(C)C)s2)cccc1,,C23310018,100,0,0,0,1,0,0,0,0,0,0
Clc1cc(C)c(O[C@H](C[NH+]2CCOCC2)[C@](O)(CCC(C)C)c2ccc(C)cc2)cc1,,C27237651,54.7705,0,0,0,0,0,0,1,0,0,1
Fc1cc([C@@H](CC(=O)N[C@H](Cc2ccccc2)c2ccccc2)c2n3C=CC=Cc3[nH+]c2)ccc1,,C33693632,99.954361,0,0,0,0,0,0,1,0,0,0
FC(F)(F)c1cc(COc2cc(-c3scc(C(=O)NCC(C)C)n3)ccc2)ccc1,,C34712917,100,0,0,0,0,0,1,1,0,0,1
Fc1c(COc2cccc3n(CC=C)c(C(=O)N[C@H](C)c4ccccc4)cc23)cccc1,,C35560865,100,0,0,0,0,0,0,0,0,0,0
FC(F)(F)c1ccc(N2[C@@H](c3ccc(NC(=O)[C@@H](CC)CCCC)cc3)SCC2=O)cc1,,C35927002,100,0,0,0,0,0,0,0,0,0,0
ClCC(=O)N(CCCCCC)[C@@H](C(=O)NC(C)(C)C)c1c(Cl)cccc1Cl,,C36517428,100,0,0,0,0,0,0,0,0,0,1
Clc1cc(N([C@@H](C(=O)NC(C)(C)CC(C)(C)C)c2c(C)cc(C)cc2)C(=O)CC)ccc1,,C36554801,100,0,0,0,1,0,0,1,0,0,1
O=C(N(CCC)[C@@H](C(=O)NC(C)(C)C)c1cc2ccccc2c2ccccc12)CC(C)C,,C36560812,100,0,0,0,1,0,0,0,0,0,1
Clc1c([C@H](N(CCC)C(=O)Cc2c(C)cccc2)C(=O)NC(C)(C)C)c(Cl)ccc1,,C36561641,100,0,0,0,1,0,1,1,0,0,1
Clc1c([C@@H](N(CCC)C(=O)c2ccc(Cl)cc2)C(=O)NCCCC)c(Cl)ccc1,,C36566506,100,0,0,0,0,0,0,0,1,0,0
Clc1c(Cl)cccc1CC(=O)N(CCC)[C@H](C(CC)CC)C(=O)NC(C)(C)C,,C36571585,100,0,0,0,0,0,1,0,0,0,1
Clc1c(Cl)cccc1CC(=O)N(CCC)[C@H](/C=C\C)C(=O)NC(C)(C)CC(C)(C)C,,C36571630,100,0,0,0,0,0,0,0,0,0,1
Clc1c(Cl)cccc1CC(=O)N(CCC)[C@H](/C=C/C)C(=O)NC(C)(C)CC(C)(C)C,,C36571631,100,0,0,0,0,0,0,0,0,0,1
Clc1c(Cl)cccc1CC(=O)N(CCC)[C@H](C(=O)NC(C)(C)C)c1ccc(C)cc1,,C36571668,100,0,0,0,1,0,1,1,0,0,1
O=C(NC(C)(C)CC(C)(C)C)[C@@H](N(CCC)C(=O)c1ccccc1)c1c(C)cc(C)cc1,,C36573246,100,0,0,0,0,0,0,1,0,0,1
O=C(NC(C)(C)CC(C)(C)C)[C@H](N(CCC)C(=O)c1ccccc1)c1c(C)cc(C)cc1,,C36573247,100,0,0,0,0,0,0,0,0,0,1
ClCC(=O)N(CCC)[C@H](C(=O)NC(C)(C)CC(C)(C)C)c1c(Cl)cccc1Cl,,C36574320,100,0,0,0,0,0,1,0,0,0,1
Clc1c(C(=O)N(CCC)[C@@H](C(=O)NC(C)(C)CC(C)(C)C)c2c(C)cccc2)cccc1,,C36577418,100,0,0,0,0,0,0,0,0,0,1
ClCC(=O)N([C@@H](C(=O)NC(C)(C)CC(C)(C)C)c1ccc(C(F)(F)F)cc1)C(C)(C)C,,C36590042,100,0,0,0,0,0,0,0,0,0,1
O[C@H](CN(C)c1ccccc1)Cn1c([C@H](C)c2ccc(CC(C)C)cc2)nc2ccccc12,,C27694778,68.916443,0,0,0,0,0,0,0,0,1,0
Brc1c(NCCCOc2cc(Cl)cc(Cl)c2)c(C(OC)=O)cc(C)c1,,C39289186,99.995285,0,0,0,1,0,1,1,0,0,1
Clc1c(CC(=O)NCCc2n(Cc3ccc(C(C)C)cc3)c3ccccc3n2)cccc1,,C40202704,69.244125,0,0,0,0,0,1,1,0,0,0
Brc1ccc(C(=O)N[C@H](C)c2n(CCCCCC)c3ccccc3n2)cc1,,C40281064,78.386932,0,0,0,1,0,1,0,0,0,0
Clc1c(NC(=O)c2ccccc2)ccc(SCCOC(=O)c2cc(C)c(C)cc2)c1,,C57318016,100,0,0,0,0,0,0,1,1,0,0
Clc1c(C)ccc(NC(=S)N(Cc2ccc(OC)cc2)Cc2ccc(OCC)cc2)c1,,C59068025,100,0,0,0,0,0,0,0,0,0,0
S(CCC(=O)N/N=C/c1ccc(OCc2cccc3ccccc23)cc1)c1ccccc1,,C59473573,99.999886,0,0,0,1,0,1,1,0,0,0
Clc1ccc(NC(=O)[C@H](OC(=O)c2ccc(N(C)C)cc2)C)cc1,,C03400746,100,0,0,0,1,0,0,0,0,0,0
O(C)C(=O)CCC(=O)Nc1ccc(-c2sc3cc(C)ccc3n2)cc1,,C00673850,100,0,0,0,1,0,1,0,1,1,0
O(CC)C(=O)c1c(NC(=O)c2oc3ccccc3c2)sc(CC)c1,,C00150298,100,0,0,0,1,0,0,1,0,0,0
Clc1c(C)cc(OCC(=O)N/N=C/c2ccc(N(C)C)cc2)cc1,,C00587130,99.999657,0,0,0,1,0,1,1,0,1,0
Cl[C@@H](C)[C@H](Sc1ccccc1)C(=O)Nc1ccc([N+](=O)[O-])cc1,,C04844004,100,0,0,0,0,0,0,0,0,0,0
Cl[C@H](C)[C@H](Sc1ccccc1)C(=O)Nc1ccc([N+](=O)[O-])cc1,,C04844005,100,0,0,0,0,0,0,0,0,0,0
O(C)C(=O)c1n(CC(=O)Nc2ccc(C(C)C)cc2)c2sccc2c1,,C05085018,100,0,0,0,0,0,0,0,1,0,0
S(C(F)F)c1ccc(NC(=O)/C=C/c2cc([N+](=O)[O-])ccc2)cc1,,C05556017,100,0,0,0,0,0,0,1,0,0,0
O=C(NC(C)C)CC=1C(=O)Oc2c(C)c(OCC=C(C)C)ccc2C=1C,,C06624106,100,0,0,0,1,0,1,0,0,0,1
O(CC)C(=O)C=1C(=O)/C(=C/c2sc(C)cc2)/OC=1Nc1ccccc1,,C07332335,99.971077,0,0,0,0,0,1,0,0,0,0
O([C@@H](C)C(=O)NCCC)C(=O)c1c(C)c2ccc3ccccc3c2o1,,C07541151,100,0,0,0,1,0,1,0,0,0,0
FC(F)(F)c1cc([N+](=O)[O-])c(N[C@@H](C)c2c(OC)cccc2)cc1,,C08132113,99.995811,0,0,0,0,0,0,0,0,0,0
Brc1ccc(C(=O)CCNc2cc([N+](=O)[O-])ccc2)cc1,,C02522051,99.999489,0,0,0,0,0,0,0,0,0,0
O=C(Nc1ccc(OC(C)C)cc1)/C(=C/c1ccc(OC)cc1)/C#N,,C00144425,100,0,0,0,0,0,0,0,1,0,0
Fc1ccc(-c2onc(CC(=O)Nc3ccc(OCC)cc3)c2)cc1,,C11693144,100,0,0,0,1,0,0,0,0,0,0
Clc1nc(NCCC=2CCCCC=2)c2cc(OC)c(OC)cc2n1,,C11756102,87.257591,0,0,0,1,0,1,0,0,0,0
O=C(NN=Cc1ccc(OCC)cc1)c1c(-n2cccc2)cccc1,,C12339727,99.999901,0,0,0,0,0,1,1,0,0,0
S(=O)(=O)(c1c(NCC=C)oc(-c2cc(C)ccc2)n1)c1ccccc1,,C12419223,99.972153,0,1,0,1,0,1,0,0,0,0
S([C@@H](CC)C(=O)N(CC)c1cc(C)ccc1)c1[nH]c2ccncc2n1,,C08913275,64.760429,0,0,0,1,0,1,1,1,0,0
S(C(F)F)c1c(NC(=O)/C=C/c2c([N+](=O)[O-])cccc2)cccc1,,C14603360,100,0,0,0,0,0,0,1,0,0,0
O=C(Nc1scc(-c2ccc(OCCC)cc2)n1)c1c(C)oc(C)c1,,C14657308,100,0,0,0,0,0,1,0,0,0,0
S(C)c1nc(N(C)CCO)c(C#N)c(-c2ccc(C(C)(C)C)cc2)n1,,C19820409,98.309807,0,0,0,0,0,0,0,1,0,0
S(Cc1nc(-c2ccc(C)cc2)sc1)C=1N(CCC)C(=O)NN=1,,C21126090,99.874329,0,0,0,1,0,1,1,0,0,1
S([C@H](C)C(=O)N[C@H](C)c1ccc(F)cc1)c1ccc([N+](=O)[O-])cc1,,C23115854,100,0,0,0,0,0,0,0,0,0,0
O=C([O-])/C=C/c1c(-c2ccc(OCCC)cc2)[nH+]c2C(C)=CC=Cn12,,C31973197,98.27626,0,0,0,1,0,0,0,1,0,0
ClC1=Cn2c(NCC(OCC)=O)c(-c3ccc(C)cc3)[nH+]c2C=C1,,C35156984,93.977211,0,0,0,0,0,0,1,0,0,0
Clc1nc(NCCOC)c2c(-c3ccc(OC)cc3)csc2n1,,C36327867,98.039604,0,0,0,1,0,1,1,0,0,0
O=C(Nc1ccc2N(CCC)C(=O)Sc2c1)c1c(OCC)cccc1,,C08594725,100,0,0,0,1,0,0,1,1,0,0
O=C(N(C)c1ccc(NC(=O)[C@H](Oc2ccc(C(C)C)cc2)C)cc1)C,,C08108627,100,0,0,0,1,0,1,0,0,1,0
Clc1c(N/C=C\2/C(=O)N(CCCCC)C(=O)C(C#N)=C/2C)cccc1,,C39893534,99.98735,0,0,0,0,0,1,0,1,0,1
Clc1c(C(=O)NCCOc2c(C)cccc2C)nc(SC)nc1,,C40113698,99.999313,0,0,0,1,0,1,1,0,1,0
Fc1c(Oc2c(C(=O)NCCC)cnc(-c3ccccc3)n2)cccc1,,C40390283,99.981461,0,0,0,0,0,1,0,0,0,0
O(CC)C(=O)C1=C(OC2C[C@H](C)C[C@H](C)C2)C(CC)=C(C)NC1=O,,C40835083,99.657753,0,0,0,1,0,1,0,0,0,1
O=C(Oc1c(C)c(C)cc(C)c1)Cc1nc(NC(=O)C(C)C)sc1,,C44344863,100,0,0,0,1,0,1,0,1,0,0
S(=O)(=O)(N[C@@H](C)CC)c1ccc(-c2oc(-c3ccccc3)cn2)cc1,,C47162617,97.258499,0,0,0,1,0,0,0,1,0,0
O=C(Nc1ccc(OC(C)C)cc1)CCc1ccc2oc(C)nc2c1,,C49682591,100,0,0,0,1,0,0,1,1,1,0
Clc1n(C)nc(C)c1/C=C\C(=O)Nc1c(OCCC)cc(C)cc1,,C55620312,99.969322,0,0,0,1,0,0,1,0,0,1
Fc1ccc(OCC[NH+](C)CC2=CC(=O)Oc3c(C)c(O)ccc23)cc1,,C12778172,56.596146,0,0,0,1,1,1,1,1,1,0
O=C(Nc1ccc2oc(C3CC3)nc2c1)N(CC=C)Cc1sccc1,,C58074873,100,0,0,0,0,0,1,0,0,0,0
S(CCC(=O)Nc1ccc(C)cc1)c1oc(-c2c(C)cccc2)nn1,,C59133639,99.997589,0,0,0,1,0,1,1,1,1,0
FC(F)(F)c1ccc(C(=O)/C=C/c2cc([N+](=O)[O-])c(NC)cc2)cc1,,C59270322,99.988701,0,0,0,0,0,0,0,0,0,0
O=C(Nc1ccc(OCC)cc1)/C(=C\c1n(-c2ccccc2)ccc1)/C#N,,C59678492,100,0,0,0,1,0,0,0,0,0,0
Fc1cc(-c2oc(C)c(CC(=O)Nc3c(OCC)cccc3)n2)ccc1,,C62126918,100,0,0,0,1,0,1,1,0,0,0
O=C(NC[C@@H]1Oc2ccccc2C1)N(CC=C)Cc1cc(C#N)ccc1,,C63402195,100,0,0,0,1,1,1,1,1,0,1
Clc1c(-c2occ(CSc3[nH]c(CCC)nn3)n2)cccc1,,C64363439,99.530113,0,0,0,0,0,1,1,0,0,1
O=C(Oc1ccc(-c2[nH+]cc[nH]2)cc1)c1cn(CC=C)c2ccccc12,,C65537952,97.10202,0,0,0,0,0,0,0,0,0,0
O(C)Cc1ccc(C(=O)Nc2n(C(C)(C)C)nc(C(C)(C)C)c2)cc1,,C66672089,98.717743,0,0,0,0,0,0,0,0,0,0
O=[N+]([O-])c1c(C)ccc(C[NH2+]Cc2c(C)nc(-c3ccccc3)s2)c1,,C67011820,87.344528,0,0,0,0,0,0,0,0,0,0
O=C(NCc1c(C)n(CC)nc1C)N(C)Cc1ccc(C(C)(C)C)cc1,,C67467635,99.840981,0,0,0,0,0,0,1,0,0,0
Fc1c(Oc2c(CNc3nc(CC)c(C)cn3)cccn2)ccc(F)c1,,C67649527,96.322083,0,0,0,1,0,1,1,0,0,0
S([C@H](C)C(OCC)=O)c1c(C#N)c(-c2sccc2)cc(-c2sccc2)n1,,C00705879,99.61676,0,0,0,0,0,1,0,0,0,0
Brc1ccc(COc2c(OC)cc(C=C(C#N)C#N)cc2CC=C)cc1,,C04681253,100,0,0,0,0,0,0,0,0,1,0
S(Cc1cc(C#N)ccc1)c1n(c(CCc2ccccc2)nn1)-c1ccccc1,,C01159448,99.372238,0,0,0,0,0,0,0,0,0,0
S=C1N(CC)C(=O)/C(=C/c2c(OCCOc3cc(C)cc(C)c3)cccc2)/S1,,C02977677,100,0,0,0,1,0,1,0,0,0,0
Clc1c(CSC=2N(CCCOC)C(=O)c3ccccc3N=2)c(Cl)ccc1,,C05801769,96.40583,0,0,0,1,0,1,0,0,0,0
Clc1ccc(N2C(=S)SC(SCCOc3ccc(OC)cc3)=N2)cc1,,C02635993,100,0,0,0,1,0,1,0,0,0,1
S(=O)(=O)(N(C)Cc1ccccc1)c1ccc(/N=C/c2ccc(SC)cc2)cc1,,C06125902,99.830528,0,0,0,1,1,0,0,0,0,0
S=C1N(CCCCCC)C(=O)/C(=C/C=2[C@@H](C)Oc3c(OC)cccc3C=2)/S1,,C06427105,100,0,0,0,1,0,0,0,0,0,0
Clc1c(C)cc(OCCOc2cc(/C=C\3/C(=O)N(CC)C(=S)S/3)ccc2)cc1,,C02977622,100,0,0,0,1,1,1,0,0,0,0
Fc1c(CN(C[C@@H]2ON=C(c3c(C)cccc3)C2)C(=O)CC(C)(C)C)cccc1,,C06696266,99.999817,0,0,0,0,0,0,0,0,0,0
O=C(N(C[C@@H]1CCC=CC1)Cc1c(C)onc1-c1ccccc1)C1(c2ccccc2)CC1,,C06727362,100,0,0,0,0,0,1,0,0,0,0
O=C(N(Cc1c(C)ccs1)[C@H]1CS(=O)(=O)CC1)C1CCC(CCCC)CC1,,C06810264,100,0,0,0,1,1,1,0,1,1,0
S(CC(=O)c1c(F)cc(F)cc1)c1nc(-c2cc(OC(F)F)ccc2)ccn1,,C02808927,99.96759,0,0,0,1,0,1,0,0,0,0
Brc1ccc(SCC(OCc2oc(-c3ccccc3)cn2)=O)cc1,,C07431818,100,0,0,0,1,1,1,0,0,0,0
S([C@@H](C(=O)c1ccc(C)cc1)c1ccc(C)cc1)c1n(C2CC2)c(C2CC2)nn1,,C07851819,99.610931,0,0,0,1,0,1,0,0,0,0
Clc1c(C)cc(O[C@H](C)C(=O)N(Cc2occc2)Cc2cc(F)ccc2)cc1,,C09204980,100,0,0,0,0,0,1,0,0,0,0
Ic1c(C(OCC(=O)c2ccc(OC(F)F)cc2)=O)cccc1,,C03525433,100,0,0,0,0,0,1,0,0,1,0
Brc1ccc(C(=O)CCCSc2oc(-c3c(F)cccc3)nn2)cc1,,C09949230,99.99826,0,0,0,1,0,1,0,0,1,0
S(CCC(=O)N(Cc1occc1)c1sc2cc(C)ccc2n1)c1ccccc1,,C10528522,100,0,0,0,1,1,1,0,0,0,1
S(CCC(=O)N(Cc1occc1)c1sc2cc(C)ccc2n1)c1ccc(F)cc1,,C10528531,100,0,0,0,1,1,1,0,0,0,1
Brc1ccc(C(=O)CCCSc2n(C)c(-c3sccc3)nn2)cc1,,C10709263,99.844597,0,0,0,0,0,0,0,0,0,0
S(CC(=O)c1ccc2Cc3ccccc3-c2c1)c1n(CCc2sccc2)cnn1,,C11105850,99.902054,0,0,0,1,0,1,0,0,0,0
Clc1c(Cn2nc(c(CN(C)C(=O)CC(C)C)c2)-c2ccccc2)cccc1,,C12745608,99.99826,0,0,0,0,0,0,0,0,0,0
Clc1c(Cn2nc(c(CN(C)C(=O)C[C@@H]3CCC=C3)c2)-c2ccccc2)cccc1,,C12784471,99.99826,0,0,0,0,0,0,0,0,0,0
S(CC(=O)c1sc(C)cc1)c1n(c(Cc2sccc2)nn1)-c1ccccc1,,C06993221,99.550865,0,0,0,1,0,1,0,0,0,0
S(CCO[C@H]1OCCCC1)c1c(C#N)c(C(F)(F)F)cc(-c2ccccc2)n1,,C05900007,99.969109,0,1,0,1,0,0,0,1,0,0
FC(F)n1c([C@H](OC(=O)Cc2ccc(C(F)(F)F)cc2)C)nc2ccccc12,,C12540655,96.781181,0,0,0,1,0,0,0,0,0,0
Clc1cc(C(F)(F)F)c(S(=O)(=O)N(CC)Cc2ccc(N(C)C)cc2)cc1,,C14099561,100,0,0,0,1,1,1,0,0,0,0
Fc1cc(-c2scc(CC(=O)N(Cc3sccc3)Cc3occc3)n2)ccc1,,C15356479,100,0,0,0,1,0,1,0,0,0,1
S(CC)C(SCC)[C@H]1O[C@@H](c2ccccc2)O[C@@H]2CO[C@@H](c3ccccc3)O[C@H]12,,C15635961,100,0,0,0,1,0,1,0,0,0,0
Clc1ccc2C(=O)N(CCOC)C(SCc3ccc(C(F)(F)F)cc3)=Nc2c1,,C16253398,97.168922,0,0,0,1,0,0,0,0,0,1
S(C)c1ccc(CN(C)C(=O)c2ccc(Oc3ncc(C(F)(F)F)cc3)cc2)cc1,,C17972606,99.998619,0,0,0,0,0,0,0,0,0,0
N(=C/c1ccc(N(CC)CC)cc1)\N1CC[NH+](Cc2cccc3ccccc23)CC1,,C19773146,88.626854,0,0,0,0,0,0,0,0,0,0
Brc1cc(S(=O)(=O)N(CC=C)c2ccccc2)c(OCC)cc1,,C20917212,100,0,0,0,1,0,1,0,0,0,0
Clc1sc(CSC=2N(CCCOC)C(=O)c3ccc(Cl)cc3N=2)cc1,,C21868169,96.980194,0,0,0,1,1,1,0,1,1,1
Brc1cc(/C=C/C(OCc2cnc(Cl)cc2)=O)c(OC(F)F)cc1,,C26053012,99.986008,0,0,0,0,0,1,0,0,0,0
FC(F)(F)c1ccc(CN(C(=O)Cc2c(C)oc(-c3sccc3)n2)C2CC2)cc1,,C31318066,100,0,0,0,0,0,0,0,0,0,0
S=C1N(C)C(=O)/C(=C/c2cc(OCCCOc3c(C)c(C)ccc3)ccc2)/S1,,C33390863,100,0,0,0,1,0,1,0,0,1,0
S=C1N(C)C(=O)/C(=C/c2cc(OCCCOc3cc(C)cc(C)c3)ccc2)/S1,,C33430078,100,0,0,0,1,0,1,0,0,0,0
Fc1c(-c2scc(C(=O)N(CC)CC)n2)ccc(OCc2c(F)ccc(F)c2)c1,,C34713585,100,0,0,0,0,0,1,0,0,0,0
O=C(N(C)CCC)c1ccc(Cn2c(Cc3ccccc3)nc3ccccc23)cc1,,C37398254,69.310287,0,0,0,0,0,0,0,0,0,0
S(CC(=O)N(C)Cc1ccccc1)c1n(Cc2c(F)cccc2)c2ccccc2n1,,C08609103,76.73439,0,0,0,0,0,1,0,0,0,0
FC(F)(F)c1cnc(N2CCN([C@H](C)C(=O)c3ccc(CC(C)C)cc3)CC2)cc1,,C20421557,68.797684,0,0,0,1,0,0,0,0,1,0
O=C(N(CC)CC)c1c(C)n(Cc2ccccc2)c(-c2nc(-c3ccccc3)sc2)c1,,C44162551,100,0,0,0,0,0,0,0,0,0,0
Clc1c(/C=C/C(=O)N(Cc2oc([C@@H]3[C@H](C)C3)cc2)Cc2occc2)cccc1,,C47132161,100,0,0,0,0,0,0,0,0,0,0
Clc1c(C(F)(F)F)cc(/C=C/C(=O)N(CCCC)[C@@H]2CS(=O)(=O)CC2)cc1,,C57683664,100,0,0,0,1,0,1,0,1,0,0
Brc1sc(C(=O)N(C)CC(=O)N(CCCC)c2ccccc2)cc1,,C58099456,100,0,0,0,1,0,1,0,0,0,1
S(CC(=O)N(Cc1occc1)C=1CCCCC=1)c1ncc(C(F)(F)F)cc1,,C58474617,99.936707,0,0,0,1,0,1,0,0,0,1
Brc1ccc2N=C(S[C@H](C)C(=O)C)N(CCCCC)C(=O)c2c1,,C57747736,96.912071,0,0,0,1,0,1,0,0,0,1
S(Cc1ccc(C#N)cc1)CC1=NC(=O)C2=C(C[C@H](C)CC)[C@H](C)SC2=N1,,C39936577,99.990814,0,0,0,1,0,1,0,0,0,1
Clc1ccc(OCCCSc2c(C#N)c(C)nc(-c3ccccc3)n2)cc1,,C04324306,99.973663,0,0,0,1,0,1,0,0,0,0
S=C1N(CC)C(=O)/C(=C/c2cc(OCC)c(OCc3ccc(C)cc3)cc2)/S1,,C01182514,100,0,0,0,0,0,0,0,0,0,0
Brc1cc(/C=C(/C(=O)N(CC)CCCC)\N2C(=O)C=CC=C2)ccc1,,C04670382,100,0,0,0,1,0,1,0,1,0,0
S(CC(=O)N(c1ccccc1)c1ccccc1)c1n(CC)c(-c2ccccc2)c[nH+]1,,C00892096,97.957298,0,0,0,0,0,0,0,0,0,0
O(C)C(=O)CC[C@@H](C)[C@H]1[C@]2(C)[C@@H](CC1)[C@H]1CC[C@@H]3[C@](C)(CC[C@@H](OC(=O)C)C3)[C@@H]1C=C2,,C05276025,100,0,0,0,0,0,0,0,0,0,0
O(C)C(=O)CC[C@@H](C)[C@@H]1[C@]2(C)[C@@H](CC1)[C@H]1CC[C@@H]3[C@](C)(CC[C@@H](OC(=O)C)C3)[C@@H]1C=C2,,C05276032,100,0,0,0,0,0,0,0,0,0,0
Clc1ccc(CSCc2n(CC)c(SCc3ccc(F)cc3)nn2)cc1,,C01396996,99.596985,0,0,0,0,0,0,0,0,0,0
Brc1cc(CSc2n(CC=C)c(-c3ccc(OC)cc3)nn2)ccc1,,C05478394,99.807945,0,0,0,0,0,0,0,0,0,0
Clc1ccc(C(=O)CSc2n(CC=C)c(-c3ccc(Cl)cc3)nn2)cc1,,C06071616,99.893555,0,0,0,0,0,0,0,0,0,0
S(CC(=O)N(Cc1ccccc1)Cc1ccccc1)c1ncnc2sccc12,,C06115667,99.975105,0,0,0,0,0,1,0,0,0,0
S(Cc1cc(F)ccc1)c1n(CC)c(CSc2sc3ccccc3n2)nn1,,C06140557,99.677673,0,0,0,1,0,0,0,0,0,0
Clc1c(OCC(=O)N(CCC#N)c2cc(C(F)(F)F)ccc2)ccc(F)c1,,C03359552,100,0,0,0,1,0,1,0,0,0,0
Brc1ccc(CSc2n(/N=C/c3c(C)ccs3)c(CCC)nn2)cc1,,C02611183,99.782219,0,0,0,1,0,0,0,0,0,1
S(Cc1c(F)cccc1)c1c(C#N)c(C(F)(F)F)cc(-c2cc(OC)c(OC)cc2)n1,,C08993438,99.95945,0,0,0,1,0,0,0,0,0,0
S(C)c1ccc2nc(N(C[C@H]3OCCC3)C(=O)CSc3ccc(C)cc3)sc2c1,,C10833754,100,0,0,0,1,1,1,0,0,0,1
S(Cc1cc(C(F)(F)F)ccc1)c1n(C)c(CSc2sc3ccccc3n2)nn1,,C12600233,96.269577,0,0,0,0,0,0,0,0,0,0
Brc1cc(CSc2n(CC=C)c(-c3cc(N(C)C)ccc3)nn2)ccc1,,C14115893,99.857834,0,0,0,0,0,0,0,0,0,0
Clc1ccc(-c2c(CN(C[C@H]3OCCC3)C(=O)CC)cc3ccc(SC)cc3n2)cc1,,C14996719,94.229401,0,0,0,0,0,0,0,0,0,0
Cl[C@H](C)C(=O)N(CC=C)CC(=O)N1[C@@H](c2ccc(C(C)(C)C)cc2)c2ccsc2CC1,,C16504319,100,0,0,0,0,0,0,0,0,0,1
S=C1N(c2cc(C(F)(F)F)ccc2)C(=O)/C(=C/c2cc(OCC)c(OCC)cc2)/S1,,C16692880,100,0,0,0,1,0,0,0,0,0,0
ClC1=Cn2c(CN(CCc3ccccc3)Cc3nc(C)ccc3)c(C)[nH+]c2C=C1,,C19717459,61.268517,0,0,0,1,0,0,0,0,0,0
S(Cc1nc(Cc2ccccc2)sc1)c1n(C2CC2)c(-c2c(F)cccc2)nn1,,C31645967,99.908684,0,0,0,0,0,1,0,0,0,0
Clc1cc(/C=C\2/C(=O)N(C)C(=S)S/2)c(OCCCOc2c(C)ccc(C)c2)cc1,,C33391842,100,0,0,0,1,0,1,0,0,1,0
FC(F)(F)c1ccc(C[NH+]2C[C@H](CN(C(C)C)C(=O)C)[C@@H](c3cc(F)ccc3)C2)cc1,,C34740764,98.487717,0,0,0,0,0,0,1,1,0,0
O=C(N(C[C@@H]1[C@@H](c2c(C)cccc2)C[NH+](Cc2c(C)ccs2)C1)C(C)C)C(C)C,,C34740874,98.834793,0,0,0,0,0,0,1,1,0,0
Brc1cc(C(=O)N(CCC)Cc2n(Cc3c(Cl)cccc3)ccc2)ccc1,,C35317146,100,0,0,0,0,0,0,0,0,0,0
O=C(CN(CC=C)C(=O)[C@H]1[C@H](c2ccccc2)C1)N1[C@@H](c2ccccc2)c2ccsc2CC1,,C35358140,100,0,0,0,0,0,0,0,0,0,1
Fc1c(CN(C[C@H]2ON=C(c3c(F)cccc3)C2)C(=O)[C@@H]2[C@H](c3ccccc3)C2)ccc(F)c1,,C35496258,99.999847,0,0,0,1,0,1,0,0,0,0
Fc1c(CN(C[C@@H]2ON=C(c3c(F)cccc3)C2)C(=O)[C@@H]2[C@H](c3ccccc3)C2)ccc(F)c1,,C35496264,99.999847,0,0,0,1,0,0,0,0,0,0
Clc1c(Cn2c(CN(CC(C)C)C(=O)c3ccc(Cl)cc3)ncc2)ccc(Cl)c1,,C35637197,74.973587,0,0,0,1,0,1,0,0,0,1
Brc1cc(C(=O)N(Cc2nc(COc3ccc(C)cc3)sc2)C(C)C)ccc1,,C36114673,100,0,0,0,1,1,1,0,0,1,1
Clc1c(Cc2n(CCC(=O)N(C)CCC)c3ccccc3n2)c(Cl)ccc1,,C37397269,71.712662,0,0,0,0,0,0,0,0,0,0
Clc1c(C2=NO[C@@H](CN(Cc3cc(C(F)(F)F)ccc3)C(=O)C(C)C)C2)cccc1,,C37440551,99.999817,0,0,0,0,0,0,0,0,0,0
FC(F)(F)c1cc(CN(C[C@H]2ON=C(c3cc(F)ccc3)C2)C(=O)c2sccc2)ccc1,,C37441932,99.999855,0,0,0,1,0,1,0,0,0,0
Brc1cc(/C=N/N=C/c2c(OCC)ccc(Br)c2)c(OCC)cc1,,C01754820,99.980309,0,0,0,1,0,1,0,0,0,0
S(CC)c1ccc(CC(=O)N(Cc2ccncc2)c2sc3ccc(C)c(C)c3n2)cc1,,C38827971,99.541267,0,0,0,1,0,0,0,0,0,1
Clc1c(C)cc(O[C@@H](C)C(=O)N(Cc2occc2)Cc2ccc(Cl)cc2)cc1,,C40115072,100,0,0,0,1,0,1,0,0,0,1
Clc1cc(Cn2c(CN([C@@H](C)C(C)C)C(=O)c3c(F)cccc3)ccc2)ccc1,,C04527421,100,0,0,0,0,0,0,0,0,0,0
Clc1ccc2n(CCCOCC)c(COc3cccc4ccccc34)nc2c1,,C40403406,88.07914,0,0,0,1,0,1,0,0,0,0
Clc1ccc2nc(COc3cccc4ccccc34)n(CCCOCC)c2c1,,C40403409,87.533127,0,0,0,1,0,1,0,0,0,0
Brc1cc(Cl)c(S(=O)(=O)N(CCCC)CC(F)(F)F)cc1,,C40433695,100,0,0,0,1,0,1,0,0,0,0
Brc1cc(C)c(OC(=O)/C=C/c2cc(OC)c(OC(C)C)cc2)c(C)c1,,C40950632,100,0,0,0,0,0,1,0,0,0,0
FC(F)(F)c1cc(C(F)(F)F)cc(C(=O)N(Cc2occc2)Cc2cscc2)c1,,C44446371,100,0,0,0,0,0,0,0,0,0,0
ClC(Cl)=C[C@H]1[C@@H](C(=O)N(Cc2oc([C@@H]3[C@@H](C)C3)cc2)Cc2occc2)C1(C)C,,C47132186,100,0,0,0,0,0,0,0,0,0,0
ClC(Cl)=C[C@H]1[C@@H](C(=O)N(Cc2oc([C@H]3[C@@H](C)C3)cc2)Cc2occc2)C1(C)C,,C47132188,100,0,0,0,0,0,0,0,0,0,0
FC(F)(F)c1cc(C(=O)N(CC=C)Cc2n(Cc3cc(C)ccc3)ccc2)ccc1,,C04708522,100,0,0,0,0,0,0,0,0,0,0
O=C(O[C@]1(C(=O)C)[C@@]2(C)CC[C@@H]3[C@]4(C)CCC(=O)C=C4CC[C@@H]3[C@H]2CC1)CCCCC,,C01837661,100,0,0,0,1,0,1,0,0,0,1
Clc1c(C(F)(F)F)cc(SCC(=O)[C@H](C#N)c2scc(-c3ccccc3)n2)cc1,,C58035415,50.553253,0,0,0,1,0,1,0,0,0,0
S([C@@H](C)C(=O)N(C)Cc1ccccc1)c1nc(C(F)(F)F)cc(-c2sccc2)n1,,C58964687,99.99527,0,0,0,1,0,1,0,0,0,1
[NH+](Cc1c(C)ncs1)(Cc1c(C)oc(-c2cscc2)n1)Cc1ccccc1,,C64626474,82.501083,0,0,0,1,1,0,0,0,0,1
O=C(N(CC)CCCC)CN1C(=O)c2n(C(CC)=N1)c1ccsc1c2,,C05109070,99.999863,0,0,0,1,0,1,0,0,0,1
O(CC)C(=O)c1ccc(N(CCC)C=2S[C@@H]3CS(=O)(=O)C[C@H]3[NH+]=2)cc1,,C06803872,66.82505,0,0,0,1,0,0,0,1,0,0
O(CC=1[NH+]=C2N(C(=O)C=1)C=C(C)C=C2)C(=O)CCC(=O)c1c(C)sc(C)c1,,C07440929,94.19754,0,0,0,1,0,1,0,1,1,0
O=C(N(C)Cc1cn(Cc2ccccc2)nc1)/C=C/c1cn(-c2ccccc2)nc1,,C09217096,99.953651,0,0,0,0,0,0,0,0,0,0
S(CC(=O)CC(OCC)=O)C=1n2c3ccccc3[nH+]c2C(C#N)=C(C)C=1,,C07425226,82.738777,0,0,0,1,0,1,0,1,0,0
Clc1cc(-n2c(SCC(=O)N(CCC#N)c3ccccc3)nnc2)ccc1,,C05892119,99.780357,0,0,0,1,0,1,0,0,1,0
S(CC(=O)N(CCC#N)c1ccc(C)cc1)c1n(-c2c(F)cccc2)cnn1,,C04890466,99.823082,0,0,0,1,0,1,0,0,0,0
S(CC(=O)N(CC)CC(C)=C)c1ncnc2n(-c3ccccc3)ncc12,,C15088314,99.706604,0,0,0,1,0,1,0,0,0,0
O=C1/C(=C/c2ccc(N(CC)CC)cc2)/SC(N2CCN(CCC#N)CC2)=N1,,C13425235,68.219833,0,0,0,0,0,1,0,0,1,0
S=C1N(CN(CCCC)[C@@H]2CS(=O)(=O)CC2)N=C(c2c(C)cccc2)O1,,C22010997,99.994759,0,0,1,1,0,1,0,1,1,1
S(CC(=O)N(C)Cc1cc(F)ccc1)c1n(C2CC2)c(-c2ccncc2)nn1,,C26581642,97.308838,0,0,0,0,1,1,0,0,0,0
S([C@@H]1C(=O)OCC1)c1n(c(Cc2ccccc2)nn1)-c1ccc(OCC)cc1,,C28373961,99.548645,0,0,0,0,0,0,0,0,1,0
FC(F)(F)CN(Cc1occc1)C(=O)COc1ccc2C=CC(=O)Oc2c1,,C31077633,100,0,0,0,1,0,1,0,0,0,0
Fc1c(OCCN(C)C(=O)c2oc(CN3C(=O)C=CC=C3)cc2)cccc1,,C32899757,100,0,0,0,1,0,1,0,0,1,1
O(C)C(=O)c1n(C)c(C)c(C(=O)[C@@H](N(C)C(=O)c2ccc(CC)cc2)C)c1C,,C35538879,100,0,0,0,0,0,0,0,0,1,1
S([C@@H](C)C(=O)N(C)Cc1cc(F)ccc1)c1n(CC)c(-c2ccncc2)nn1,,C36776363,97.293701,0,0,0,0,0,1,0,0,0,1
Fc1c(OCc2[nH]nc(C(=O)N(C)CCC3CCOCC3)c2)cccc1,,C39516254,96.807175,0,0,0,1,0,1,1,1,1,1
Brc1cnc2sc3c(N(CCOC)CCOC)ncnc3c2c1,,C41477491,96.158546,0,0,1,1,0,1,0,0,0,0
Clc1c(OC(=O)CN(S(=O)(=O)c2ccc(C(=O)C)cc2)C)ccc(F)c1,,C42624964,100,0,0,0,1,0,1,0,0,1,1
S(=O)(=O)(CC(=O)N(C(C)C)C(C)C)Cc1onc(-c2ccccc2)c1,,C45339164,100,0,0,0,1,1,1,0,0,0,1
S(=O)(=O)(CC(=O)N(C)Cc1sccc1)Cc1noc(-c2sccc2)c1,,C46156115,100,0,1,0,1,1,1,0,0,1,1
O=C(N(C)Cc1c(C)n(-c2ccccc2)nc1C)COc1ccc(C(=O)C)cc1,,C14306045,99.951408,0,0,0,1,0,1,0,0,1,1
S(=O)(=O)(C(C)C)c1ccc(C(O[C@@H](C(F)(F)F)c2n(C)ccn2)=O)cc1,,C49635299,94.94368,0,0,0,0,0,0,0,1,0,0
S(CC(=O)N(C)[C@H](C)c1sccc1)c1n(Cc2ccccc2)nnn1,,C53629168,100,0,0,0,1,0,1,0,0,0,1
Clc1ccc(OCCCN(S(=O)(=O)c2c(C)n(C)nc2C)C)cc1,,C53669592,99.981735,0,0,0,1,0,1,0,0,1,1
O(C)CCN/1C(=O)/C(=C\c2cc(OC)ccc2)/S\C\1=C(\C#N)/C(=O)C(C)C,,C55717864,100,0,0,0,1,0,1,0,0,0,0
S(Cc1n(-c2ccccc2)nnn1)[C@@H](C)C(=O)N(CC)c1ccccc1,,C56231347,100,0,0,0,1,1,1,0,0,0,0
S(=O)(=O)(CC[NH+](C)[C@H](C)c1ccc(-n2ncnc2)cc1)c1c(C)ccc(C)c1,,C57800508,64.837975,0,0,0,1,1,0,0,0,0,1
S([C@@H](C)C(=O)N(C(C)C)C(C)C)c1n(-c2c(OC)cccc2)cnn1,,C07207541,99.768295,0,0,0,1,0,1,0,0,0,1
O=C(N(C)Cc1cn(-c2ccccc2)nc1)COc1ccc(C(=O)C)cc1,,C14318478,99.985222,0,0,0,1,0,1,0,0,1,0
S(=O)(=O)(N(CC)CC)c1cn(C)c(C(=O)N(C)Cc2c(C)cccc2)c1,,C23599321,100,0,0,0,1,1,0,0,1,0,0
Clc1c(Cl)ccc(CN(CN2C(=O)N(CC(C)C)C(=O)C2=O)C2CC2)c1,,C60212972,99.270996,0,0,0,1,0,1,0,0,1,1
S(CC(=O)N(C)Cc1c(C)ccs1)c1n(CC)c(-c2occc2)nn1,,C07898234,99.947037,0,0,0,1,1,1,0,0,0,0
Clc1c(Cl)cc(C(=O)N(CCOC)CC(F)(F)F)cc1[N+](=O)[O-],,C62920438,100,0,0,0,1,0,1,0,0,0,0
S(CCCN1C(=O)CCC1)c1n(C2CC2)c(N2CCC(C)CC2)nn1,,C63535925,75.559204,0,0,0,0,0,1,0,0,0,0
[S-]c1[n+](CN(CCC)CC#N)nc(n1-c1ccc(C)cc1)-c1ccncc1,,C63728974,96.44265,0,0,0,1,0,1,0,0,0,1
S(Cc1oc(Cc2ccccc2)nn1)c1n(Cc2ccccc2)c(C)nn1,,C64308270,99.630447,0,0,0,1,0,1,0,0,0,0
Fc1c(C=2OC(=O)/C(=C/c3cc(OCCCC#N)c(OC)cc3)/N=2)cccc1,,C64378539,99.996803,0,0,0,1,0,1,0,0,0,0
S(=O)(=O)(N(C)C)c1ccc2n(CCC)c(CSc3sccn3)nc2c1,,C52914083,86.025703,0,0,0,1,0,0,0,1,1,0
Clc1cc(-c2occ(CS(=O)Cc3onc(CCC)n3)n2)ccc1,,C64823491,99.996719,0,0,1,1,1,1,0,0,1,1
S(CCn1c(c(-c2ccccc2)nc1)-c1c(C)n(CC)nc1)c1n(C)ccn1,,C65373224,50.750217,0,0,0,1,0,1,0,0,0,0
S(CC(=O)N(C)C=1CCCC=1)c1n(CC(F)(F)F)c(-c2ccncc2)nn1,,C65695091,97.679657,0,0,0,0,0,1,0,0,0,0
S(=O)(=O)(Cc1onc(CC)n1)[C@@H](C)c1ccc(OC(F)(F)F)cc1,,C65762842,99.997879,0,0,0,1,0,1,0,0,1,1
S(=O)(=O)(N(C)C)c1cc(CSc2oc(Cc3sccc3)nn2)ccc1,,C66261944,99.997978,0,0,0,1,1,1,0,1,1,1
O=C(N(C)CCOc1ccc(C)cc1)Cc1nc(-c2nccnc2)sc1,,C66279144,99.996574,0,0,0,1,1,1,0,0,1,1
S(C[C@@H](CCC#N)C#N)c1n(CC)c(-c2ccc3OCCOc3c2)c[nH+]1,,C66401080,98.483223,0,0,0,1,0,0,0,1,0,0
Clc1ccc(-c2oc(CCC(=O)N(CC)Cc3cn(C)nc3)nc2)cc1,,C66455006,99.952911,0,0,0,1,1,1,0,0,1,0
FC(F)(F)Oc1c(CCC(=O)N(C)Cc2n3CCCc3nn2)cccc1,,C66607262,99.649971,0,0,0,1,0,1,0,0,1,0
O(C(C)(C)C)C(=O)CCCN(C)C(=O)[C@]1(C)OC(=O)c2ccccc2C1,,C66777150,100,0,0,0,1,0,1,0,0,1,1
S(=O)(=O)(N(C)c1cc(C#N)ccc1)c1c(C(=O)N(C)CCCC)cccc1,,C67244264,100,0,0,0,1,0,1,0,0,1,1
S=P(N(C)C)(N(C)C)N(C)CN(P(=S)(N(C)C)N(C)C)C,,C01723811,99.999664,0,0,0,0,0,0,0,0,0,0
Clc1sc(C(=O)CCC(OCC(=O)N(CCC#N)c2ccccc2)=O)cc1,,C05301945,100,0,0,0,1,1,1,0,1,1,1
S(C[C@@H](CCC#N)C#N)c1n(Cc2ccccc2)c(-c2cnccc2)nn1,,C07203643,99.575951,0,0,0,1,0,1,0,1,0,0
O(CC(=O)c1c(C)n(Cc2sccc2)c(C)c1)C(=O)CN1C(=O)SC=C1C,,C07985876,100,0,1,0,1,1,1,0,0,1,1
S(CC=1OC=C(OC(=O)COc2ccc(C)cc2)C(=O)C=1)c1scc(C)n1,,C04518843,100,0,0,0,1,0,1,0,0,1,0
O(CC(=O)N(CC#N)c1ccccc1)C(=O)CCc1sc2ccccc2n1,,C10357512,100,0,0,0,1,1,1,0,0,1,1
Clc1c([C@@]2(CC(=O)N(C)CCCC)C(=O)N(CCOC)C(=O)C2)cccc1,,C11813285,100,0,0,0,1,0,1,0,0,0,1
Clc1c([C@]2(CC(=O)N(C)CCCC)C(=O)N(CCOC)C(=O)C2)cccc1,,C11813286,100,0,0,0,1,1,1,0,0,1,1
O(C)CCN(Cc1sccc1)C(=O)CCN1C(=O)c2ccccc2C1=O,,C14023298,100,0,0,0,1,1,1,0,0,1,1
FC(F)(F)c1cc(Cc2nc(CN(C)CCc3cn(C)nc3)on2)ccc1,,C20209355,65.480499,0,0,0,1,0,1,0,0,0,0
S(CC(=O)N(C)C)c1c(C(OCc2ccc(-n3nccc3)cc2)=O)cccc1,,C21736788,99.980278,0,0,0,0,0,0,0,0,1,0
S(CC(=O)N(CC)c1cccc2ccccc12)c1n(CCOC)cnn1,,C21972828,99.918045,0,0,0,1,1,1,0,0,1,0
S(CC(=O)c1c(C)n(C2CC2)c(C)c1)c1n(Cc2occc2)c(C2CC2)nn1,,C22866699,99.700981,0,0,0,0,0,1,0,0,0,0
Fc1cc(CN(C)C(=O)COC(=O)c2c(C)n(Cc3occc3)c(C)c2)ccc1,,C25685457,100,0,0,0,0,0,1,0,0,0,0
S(CC(=O)c1c(C)n(CCCOC)c(C)c1)C=1N(C)C(=O)c2sccc2N=1,,C26106363,97.935295,0,0,0,1,0,1,0,0,1,1
ClCC(C)(C)C(=O)N(CC=C)CC(=O)N(Cc1n(C)ccc1)Cc1occc1,,C33744845,100,0,0,0,1,0,1,0,0,0,1
ClCC(C)(C)C(=O)N(CC)[C@H](C)C(=O)c1c(C)n(C)c(C(OC)=O)c1C,,C35538783,100,0,0,0,0,0,1,0,0,0,1
O(CC)C(=O)c1n(C)c(C)c(C(=O)[C@H](N(C(C)C)C(=O)C2CCC2)C)c1C,,C35647204,100,0,0,0,0,0,1,0,0,1,0
O(C)C(=O)c1n(CC)c(C)c(C(=O)[C@H](N(CC=C)C(=O)C2CCC2)C)c1C,,C35665213,100,0,0,0,1,0,1,0,0,0,1
O(CC)C(=O)c1n(CC)c(C)c(C(=O)CN(CC)C(=O)c2ccccc2)c1C,,C36000648,100,0,0,0,1,1,1,0,0,0,0
O(C)C(=O)c1n(C)c(C)c(C(=O)CN(CC=C)C(=O)c2ccc(C)cc2)c1C,,C36014541,100,0,0,0,1,0,1,0,0,1,1
O(C)C(=O)c1n(CC)c(C)c(C(=O)CN(C(C)C)C(=O)c2ccccc2)c1C,,C36018634,100,0,0,0,0,0,1,0,0,0,0
O(C)C(=O)c1n(CC)c(C)c(C(=O)[C@@H](N(C(C)C)C(=O)C2CCC2)C)c1C,,C36025235,100,0,0,0,1,0,0,0,0,0,1
O(C)C(=O)c1n(CC)c(C)c(C(=O)[C@H](N(C(C)C)C(=O)c2ccccc2)C)c1C,,C36025242,100,0,0,0,0,0,1,0,0,0,0
S([C@@H](C)C(=O)N(CCC#N)c1ccccc1)c1n(CC=C)c(C2CC2)nn1,,C36802239,99.627579,0,0,0,1,0,1,0,0,0,0
S([C@H](C)C(=O)N(CCC#N)Cc1occc1)c1n(-c2c(C)cccc2)ccn1,,C43857880,80.516914,0,1,0,1,0,1,0,0,1,0
O=C(N(Cc1cscc1)c1sc(C)nn1)c1cc(OCC)c(OCC)cc1,,C44444842,99.854034,0,0,1,1,0,1,0,0,0,1
S(CC(=O)N(CC)C[C@@H]1COCC1)c1n(-c2c(CC)cccc2)cnn1,,C48432688,99.761688,0,0,0,1,0,1,0,0,0,1
O(C)C(=O)CCCN/1C(=O)/C(=C/c2ccccc2)/S\C\1=C(\C#N)/C(=O)C(C)C,,C55772493,100,0,0,0,1,0,1,0,0,1,0
S(=O)(=O)(N(CCC)CC(=O)N(C)C)c1ccc(OCC)c2ccccc12,,C57100157,100,0,0,0,1,0,1,0,0,1,1
S(CC(=O)N(CC)Cc1cc(F)ccc1)c1n(CC)c(-c2ccncc2)nn1,,C07768589,97.300011,0,0,0,0,0,1,0,0,0,0
S(CCCOc1ccc(F)cc1)c1n(C)c(C[C@@H]2CS(=O)(=O)CC2)nn1,,C58238327,99.533653,0,0,0,1,1,1,0,1,1,1
[S-]c1[n+](CN2CCOCC2)nc(COc2ccccc2)n1CCC(C)C,,C58584257,99.866875,0,0,0,1,0,1,0,0,1,1
S(=O)(=O)(N(CC)CC)c1c(C)ccc(C(=O)N([C@@H](C)c2occc2)C2CC2)c1,,C56185800,100,0,0,0,1,0,1,0,1,0,0
S(=O)(=O)(N(CC)CC)c1c(C)ccc(C(=O)N([C@H](C)c2occc2)C2CC2)c1,,C56185803,100,0,0,0,1,0,1,0,1,0,0
S(=O)(=O)(N(CC)CC)C1=CN(CCCOc2c(C)cccc2)C(=O)C=C1,,C60132987,100,0,0,0,1,0,1,0,1,0,1
FC(F)(F)c1ccc(CN(CC(OCC)=O)Cc2oc(C(C)C)nn2)cc1,,C60372825,99.991226,0,0,0,1,0,1,0,0,1,0
S(CC(=O)N(C)Cc1sccc1)c1n(Cc2occc2)c(C2CC2)nn1,,C60384535,99.714035,0,0,0,1,1,1,0,0,0,1
Fc1c(F)cc2ncn([C@@H](C(C)C)C(=O)N(CCOC)CCCOC)c2c1,,C61411969,95.340645,0,0,0,1,0,1,0,0,1,1
Clc1ccc(OCc2scc(CC(=O)N(C)CC(OCC)=O)n2)cc1,,C63485523,100,0,0,0,1,1,1,0,0,1,1
S(=O)(=O)(C)c1ccc(-n2c(CSC(CCC)CCC)nnn2)cc1,,C64050165,100,0,0,0,1,0,1,0,1,1,0
S(=O)(=O)(N(CC)CC)c1ccc(/C=C/C(=O)Oc2cnc(C)cc2)cc1,,C64698863,99.583565,0,0,0,1,0,1,0,1,0,0
S(CC(=O)c1c(C)n(CCOC)c(C)c1)c1sc(OC(C)C)nn1,,C65845433,99.994576,0,0,0,1,0,1,0,0,1,1
Clc1ncc(S(=O)(=O)N(C)CC(=O)N(CC(C)C)CC(C)C)cc1,,C66081764,99.996857,0,0,0,1,0,1,0,0,1,1
S(CC(=O)c1ccc(OC(F)F)cc1)c1oc(Cc2nc(C)sc2)nn1,,C23870311,99.998611,0,0,0,1,0,1,0,0,1,1
S(CC(=O)N(CC(OCC)=O)c1ccc(F)cc1)Cc1c(C)onc1C,,C66276106,100,0,0,0,1,0,1,0,0,1,1
S(C[C@@H](CCC#N)C#N)c1n(C[C@@H]2OCCC2)c(-c2ccc(F)cc2)nn1,,C66399015,99.886673,0,0,0,1,0,1,0,1,1,1
S(C[C@@H](CCC#N)C#N)C=1N(CCCOC(C)C)C(=O)c2ccccc2N=1,,C66399696,96.554192,0,0,0,1,0,1,0,1,0,1
S(=O)(=O)(N(CC)CC)N1CC[NH+]([C@@H](C)c2ccc(OC(F)F)cc2)CC1,,C66411792,92.15892,0,0,0,1,0,0,0,1,0,0
Clc1c(C(=O)N(CCOCC)Cc2oc(C(OC)=O)cc2)ccc(F)c1,,C66440008,100,0,0,0,1,0,1,0,0,1,1
FC(F)(F)c1c(C#N)ccc(C(F)(F)F)c1,,C04240938,100,0,0,0,0,0,0,0,0,0,0
ClC(=O)c1c(F)cc(C(F)(F)F)cc1,,C02600075,100,0,0,0,0,0,0,0,0,0,0
FC(F)(F)c1c(C=O)cc(C(F)(F)F)cc1,,C02568276,100,0,0,0,0,0,0,0,0,0,0
S[C@@H]1c2cc(N(C)C)ccc2-c2ccccc12,,C05420234,97.707726,0,0,0,0,0,0,0,0,0,0
ClC(Cl)=C[C@H]1[C@H](C(Cl)=O)C1(C)C,,C05765577,100,0,0,0,0,0,0,0,0,0,0
c1([C-]2[NH+]=Cc3cccc4cccc2c34)ccccc1,,C06474807,99.385612,0,0,0,0,0,0,0,0,0,0
Brc1c(C)cc(OC(F)(F)F)cc1,,C02382230,100,0,0,0,0,0,0,0,0,0,0
ClCc1c(-c2cc(C)c(F)cc2)nc(C)s1,,C20184749,100,0,0,0,0,0,0,0,0,0,0
Brc1c(CCC)cc(C=O)cc1,,C21987116,100,0,0,0,0,0,0,0,0,0,0
Brc1ccc2ccc(C=O)cc2c1,,C21987187,100,0,0,0,0,0,0,0,0,0,0
S(Cc1c(C#N)cccc1)c1c(F)ccc(F)c1,,C35121671,100,0,0,0,0,0,0,0,0,0,0
Clc1sc(C(=O)c2cscc2)cc1,,C35369029,100,0,0,0,0,0,0,0,0,0,0
Brc1c(C)ccc(N(CC)CC)c1,,C36156120,100,0,0,0,0,0,0,0,0,0,0
Brc1cc(C)c(C[C@H](Cl)C#N)cc1,,C36205999,100,0,0,0,0,0,0,0,0,0,0
Brc1c(C)ccc(C[C@H](Cl)C=O)c1,,C36206109,100,0,0,0,0,0,0,0,0,0,0
BrCc1cc(C)c(OCC)c(C)c1,,C36894629,100,0,0,0,0,0,0,0,0,0,0
Cl[C@H](C)c1sc2c(Cl)cccc2n1,,C37205113,100,0,0,0,0,0,0,0,0,0,0
ClCC#Cc1c(OCC(F)(F)F)ccc(C)c1,,C37544709,100,0,0,0,0,0,0,0,0,0,0
Clc1c(CC)c(C)nc2c(F)c(F)c(F)cc12,,C38004126,99.919197,0,0,0,0,0,0,0,0,0,0
Clc1c(-c2ccc3[nH]ccc3c2)cccc1,,C39328217,100,0,0,0,0,0,0,0,0,0,0
FC(F)(F)C(C(F)(F)F)C=1C(C)=N[C@@H](C)C=1,,C39947934,99.739143,0,0,0,0,0,0,0,0,0,0
Cl[C@H](c1sc(C)cc1)c1oc(C)cc1,,C40265509,100,0,0,0,0,0,0,0,0,0,0
Cl[C@@H](c1c(F)ccc(F)c1)c1c(C)occ1,,C40269486,100,0,0,0,0,0,0,0,0,0,0
Cl[C@H](c1c(F)cc(F)cc1)c1occc1,,C40271084,100,0,0,0,0,0,0,0,0,0,0
ClCc1c(C)nc(-c2ccc(F)cc2)s1,,C41285739,100,0,0,0,0,0,0,0,0,0,0
ClCc1nc(Cc2c(F)cccc2)sc1,,C41285745,100,0,0,0,0,0,0,0,0,0,0
Brc1sc(/C(=C/C(C)C)/C#N)cc1,,C41326366,100,0,0,0,0,0,0,0,0,0,0
O=C(c1c(C)sc(C)c1)c1sc(CC)cc1,,C43639689,100,0,0,0,0,0,0,0,0,0,0
Clc1c(CC#N)c(Cl)cc(C(F)(F)F)c1,,C44368502,100,0,0,0,0,0,0,0,0,0,0
Brc1cc(F)c(-c2ncccc2)cc1,,C45028358,98.77327,0,0,0,0,0,0,0,0,0,0
Fc1c(CC#N)cccc1-c1ccc(F)cc1,,C47204538,100,0,0,0,0,0,0,0,0,0,0
Clc1c(-c2ccccc2)ncc(C(F)(F)F)c1,,C47207421,99.961296,0,0,0,0,0,0,0,0,0,0
FC(F)(F)c1c(c(F)ccc1)-c1ccncc1,,C47216768,99.074951,0,0,0,0,0,0,0,0,0,0
FC(F)(F)c1c(-c2ccncc2)cc(F)cc1,,C47216772,99.118896,0,0,0,0,0,0,0,0,0,0
Clc1c(c(C(F)(F)F)ccc1)-c1ccncc1,,C47216844,99.011925,0,0,0,0,0,0,0,0,0,0
Br[C@@H]1[C@H](OC2CCCC2)CCCC1,,C50502664,100,0,0,0,0,0,0,0,0,0,0
Br[C@@H]1[C@H](O[C@H]2[C@@H](C)CCCC2)CCC1,,C50502771,100,0,0,0,0,0,0,0,0,0,0
Br[C@@H]1[C@@H](C[C@H]2OCCC2)CCCCC1,,C53339095,100,0,0,0,0,0,0,0,0,0,0
Clc1ccc(-c2nc(SCC#C)sc2)cc1,,C33728280,100,0,0,0,0,0,0,0,0,0,0
ClCCc1c(Cl)nc(Cl)cc1Cl,,C59366983,99.998734,0,0,0,0,0,0,0,0,0,0
Cl[C@@H](Cc1cscc1)c1oc(C)cc1,,C62144202,100,0,0,0,0,0,0,0,0,0,0
Cl[C@@H]([C@@H]1COCCC1)c1sc(Cl)cc1,,C62241148,100,0,0,0,0,0,0,0,0,0,0
Cl[C@@H](c1c(C)ccc(C)c1)c1ncsc1,,C62360243,100,0,0,0,0,0,0,0,0,0,0
Cl[C@@H](c1sc(Cl)cc1)c1ncsc1,,C62360386,100,0,0,0,0,0,0,0,0,0,0
Brc1ccc(-c2oc(C)cc2)cc1,,C39617620,100,0,0,0,0,0,0,0,0,0,0
Cl[C@H](C)[C@H](CC)c1sc2ccccc2n1,,C63042281,100,0,0,0,0,0,0,0,0,0,0
Brc1cnc(C[C@H](Cl)C(C)C)cc1,,C63043357,98.971748,0,0,0,0,0,0,0,0,0,0
Br[C@H](C)[C@H](CC)c1ncc(Cl)cc1,,C63044563,99.161209,0,0,0,0,0,0,0,0,0,0
BrC[C@H](Cc1cc(C)c(C)cc1)C#N,,C63064775,100,0,0,0,0,0,0,0,0,0,0
Clc1c(CC)cc2ccc(F)c(F)c2n1,,C63116368,99.991531,0,0,0,0,0,0,0,0,0,0
S(CC(=O)N(CCC#N)c1ccccc1)c1n(-c2c(C)cccc2)cnn1,,C04501163,99.768883,0,0,0,1,0,1,0,0,0,0
O(CC(=O)c1ccccc1)C(=O)c1c(-c2sccc2)nn(CCC#N)c1,,C05000346,99.992226,0,0,0,1,1,1,0,0,1,1
O(C)C(=O)CC1(CC(OC)=O)C(=O)N(c2ccccc2)c2ccccc12,,C01557011,100,0,0,0,1,0,1,0,0,0,0
Clc1c(C)n(CCC(=O)N(C)Cc2n(CC)ncc2)nc1C(F)(F)F,,C02793774,99.940224,0,0,0,1,0,1,0,0,1,1
FC(F)Oc1ccc(/C=C/2\C(=O)N(CCCOC)C(=C(C#N)C#N)S\2)cc1,,C06497779,100,0,0,0,1,0,1,0,0,0,0
Cl[C@@H](C)C(=O)N(CC)[C@H](C)C(=O)c1c(C)n(C)c(C(OC)=O)c1C,,C06834255,100,0,0,0,0,0,1,0,0,0,0
S(=O)(CC(OC(C)(C)C)=O)c1c([N+](=O)[O-])cc(C(F)(F)F)cc1,,C00952009,100,0,0,0,1,0,1,0,0,0,0
S(=O)(CC(OC(C)(C)C)=O)c1c([N+](=O)[O-])cc(C(F)(F)F)cc1,,C08468926,100,0,0,0,1,0,1,0,0,0,0
O(CC(=O)N(CCC#N)c1cc(C)cc(C)c1)C(=O)c1c(C)nc(C)s1,,C10142555,100,0,0,0,1,0,1,0,0,0,1
Fc1cc(CN(C)C(=O)COC(=O)/C=C/c2c(C)n(C)nc2C)ccc1,,C12213803,99.932732,0,0,0,1,0,1,0,0,0,0
S(C[C@@H](CCC#N)C#N)c1n(c(-c2cnccc2)nn1)-c1ccccc1,,C12526474,99.649887,0,0,0,1,0,1,0,1,0,0
S(CC(=O)c1c(C)n(CC=C)c(C)c1)c1n(C)c(-c2cnccc2)nn1,,C20866597,99.573715,0,0,0,1,0,1,0,0,1,0
Clc1c(OCCSc2oc(C[C@@H]3CS(=O)(=O)CC3)nn2)cccc1,,C21624081,99.997803,0,0,0,1,1,1,0,1,1,0
Clc1cc(OCCSc2oc(C[C@@H]3CS(=O)(=O)CC3)nn2)ccc1,,C21624212,99.997795,0,0,0,1,1,1,0,1,1,1
FC(F)(F)c1ccc(CN(C)C(=O)CCc2onc(-c3ccncc3)n2)cc1,,C22677958,98.64386,0,0,0,1,0,1,0,0,0,1
O(CC(=O)N(C)Cc1occc1)C(=O)c1c(C)n(c(C)c1)-c1ccccc1,,C22705900,100,0,0,0,1,0,1,0,0,0,0
S(CC(=O)c1ccc(C)cc1)c1n(CC=C)c([C@H]2CS(=O)(=O)CC2)nn1,,C24509106,99.760925,0,0,0,1,0,1,0,1,1,0
S(Cc1c(OCC)cccc1)c1n(C)c(C[C@@H]2CS(=O)(=O)CC2)nn1,,C32776450,99.571167,0,0,0,1,0,1,0,1,1,1
O(C)C(=O)c1n(C)c(C)c(C(=O)CN(C(C)C)C(=O)c2ccccc2)c1C,,C36006339,100,0,0,0,0,0,1,0,0,0,1
Fc1ccc(C(=O)N(C)[C@H](C)C(=O)c2c(C)n(C)c(C(OCC)=O)c2C)cc1,,C36028254,100,0,0,0,0,0,1,0,0,0,0
Fc1c(/C=C/C(=O)N(CCC)Cc2oc(-c3occc3)nn2)cccc1,,C36062757,99.99868,0,0,0,1,0,1,0,0,0,1
O(CC)c1c(OCC)ccc(/C=C\2/C(=O)N(CC=C)C(=O)C(C#N)=C/2C)c1,,C38607744,100,0,0,0,1,0,1,0,0,0,1
Fc1ccc(-n2c(C)c(C(OCC(=O)N(C)Cc3occc3)=O)cc2C)cc1,,C39612255,100,0,0,0,1,0,1,0,0,0,0
S(=O)(=O)(N(C)C)c1cnc(S[C@@H](C)C(=O)N(C(C)C)C(C)C)cc1,,C07190626,99.87101,0,0,0,1,0,1,0,1,1,1
O=C(N(C)Cc1n(CCOc2ccccc2)c2ccccc2n1)c1ccncc1,,C40183968,81.744202,0,0,0,1,1,1,0,0,0,1
Clc1c(OC(=O)CCc2c(C)n(CCC#N)nc2C)ccc(C#N)c1,,C43509403,99.87146,0,0,0,1,0,1,0,0,0,0
O=C(N(C)Cc1cn(-c2ccccc2)nc1)c1cnc(OCC(C)C)cc1,,C44366896,99.97551,0,0,0,1,0,1,0,0,1,0
S(=O)(=O)(N(CC)CC)c1cn(C)c(C(OCC#Cc2ccccc2)=O)c1,,C47895903,100,0,0,0,0,0,0,0,1,0,0
Brc1ccc(-c2oc(CN(CC)CC(OC)=O)nn2)cc1,,C50066402,99.959503,0,0,0,1,1,1,0,0,1,0
FC(F)(F)c1ccc(-c2nc(CN(C)CC[NH+]3CCOCC3)on2)cc1,,C23375192,92.589333,0,0,0,1,0,1,0,0,0,0
O(C)CCN1C(=O)/C(=C\c2cc(OCCC)ccc2)/SC1=C(C#N)C#N,,C55719181,100,0,0,0,1,0,1,0,0,0,1
S([C@H](C)C(=O)N(Cc1sc(C)cc1)C(C)C)c1n(C2CC2)nnn1,,C57444650,100,0,0,0,1,1,1,0,0,1,1
O=C(N(C[C@@H]1OCCC1)Cc1ccc(N(C)C)cc1)/C=C/c1cn(C)nc1,,C57584923,99.976997,0,0,0,1,0,1,0,0,1,0
O=C(N(CC)C[C@H]1COCC1)/C(=C\c1c(C)n(C[C@H]2OCCC2)c(C)c1)/C#N,,C57729882,100,0,0,0,1,0,1,0,1,0,0
O(CC(=O)N(C)Cc1cscc1)C(=O)c1ccc(-n2c(C)ccn2)cc1,,C07542791,99.979027,0,0,0,1,0,1,0,0,1,0
O=C(N(C)Cc1c(C)ccs1)C1=NN(CCOc2ccccc2)C(=O)C=C1,,C52587768,100,0,0,0,1,0,1,0,0,1,1
S(=O)(=O)(CCSc1n(Cc2sccc2)nnn1)c1ccccc1,,C29903613,100,0,0,0,1,1,1,0,0,0,0
Clc1sc(CN(CC=C)C(=O)CN(C)C(=O)[C@H](C)n2nccc2)cc1,,C58834147,98.382233,0,0,0,1,1,1,0,0,1,1
S(Cc1oc(C2CCC2)nn1)c1n(CC=C)c(-c2ccccc2)nn1,,C59882528,99.902802,0,0,0,1,1,1,0,0,0,0
Clc1nc(C)nc(N(C)CCCOc2ccc(S(=O)(=O)C)cc2)c1,,C60372355,96.882523,0,0,0,1,1,1,0,1,1,1
Clc1c(-c2oc(C(=O)N(CCC#N)CC[NH+]3CCOCC3)cc2)cccc1,,C60794217,75.898087,0,0,0,1,1,1,1,1,0,0
S(CC)c1n(/N=C/c2cc(OC)c(OC)cc2)c(C(F)(F)F)nn1,,C12198955,99.991806,0,0,0,1,0,0,0,0,0,1
O(CC1=NC(=O)C2=CCSC2=N1)C(=O)CCOc1c(C)ccc(C)c1,,C39791763,99.997879,0,0,0,1,1,1,0,0,1,1
O(C)C(=O)C=1[C@@H](C)N=C(C(=O)[C@H](OC(=O)c2sc3CCCc3c2)C)C=1C,,C39996191,99.974785,0,0,0,1,0,0,0,1,0,0
S(CC(=O)C=1C(C)=C(C(=O)C)[C@H](C)N=1)Cc1onc(-c2sccc2)n1,,C64120540,99.942642,0,0,1,1,0,1,0,0,1,1
S(=O)(=O)(C)CCn1c(-c2c(C)n(CC=C)nc2C)c(-c2ccccc2)nc1,,C65375106,84.614067,0,1,0,1,0,1,0,1,1,1
S(C[C@H](CCC#N)C#N)C=1N(C[C@@H]2OCCC2)C(=O)c2ccccc2N=1,,C66238734,96.80117,0,0,0,1,1,1,0,0,1,1
S(=O)(=O)(N1CCCC1)c1c(C)oc(C(=O)N(CC=C)CC(F)(F)F)c1,,C66292575,100,0,0,0,1,0,0,0,1,1,0
S(CC(=O)N(C)Cc1c(C)ncs1)c1n(Cc2ccccc2)c(C)nn1,,C66407200,99.613274,0,0,0,1,1,1,0,0,0,0
S(CC(=O)N(C)C1CC1)c1n(C[C@H]2OCCC2)c(-c2sccc2)nn1,,C66408872,99.895638,0,0,0,1,0,1,0,0,1,1
S(CC(=O)Nc1c(CC)cccc1CC)c1n(C2CC2)c(-c2c(F)cccc2)nn1,,C03361895,99.926582,0,0,0,0,0,1,0,0,0,0
S(CC(=O)N[C@@H](C)c1ccc(CC(C)C)cc1)C=1N(CC)C(=O)c2ccccc2N=1,,C06094857,96.919365,0,0,0,0,0,0,1,1,0,0
Clc1c(CN(S(=O)(=O)C)c2ccc(C(=O)NCCC(C)C)cc2)cccc1,,C01117623,100,0,0,0,1,1,1,0,1,0,0
Clc1ccc([C@@H](C(C)C)C(=O)Nc2cc(S(=O)(=O)N(CC)CC)ccc2)cc1,,C06271178,100,0,0,0,1,0,1,0,1,0,0
Clc1ccc(S[C@H](C)C(=O)Nc2ccc(S(=O)(=O)N(CC)CC)cc2)cc1,,C02851319,100,0,0,0,0,0,0,0,1,0,0
Clc1cc(Cl)cc(N(S(=O)(=O)C)CC(=O)NCCSc2ccc(C)cc2)c1,,C02978515,100,0,0,0,1,0,1,1,1,1,1
S(CC(=O)Nc1c(C)cc(C)cc1)c1cn(CC(=O)N(CC)CC)c2ccccc12,,C06867045,100,0,0,0,0,0,1,0,0,0,0
O=C(Nc1cc(CN([C@@H](C)C(C)C)C(=O)c2cc(C)ccc2)c(N(C)C)cc1)CC,,C06722427,100,0,0,0,0,0,1,1,0,0,0
S(=O)(=O)(N(CCC)CC(=O)Nc1c(C)cccc1)c1ccc(C(F)(F)F)cc1,,C07218000,100,0,0,0,1,0,1,0,0,0,1
O=C/1N(CNc2ccc(CCCC)cc2)C(=O)S\C\1=C\c1ccc(N(C)C)cc1,,C04517934,99.998726,0,0,0,1,0,0,0,0,0,0
Clc1ccc(OCc2sc(NC(=O)c3c(SCCC)cccc3)nn2)cc1,,C08782421,99.947281,0,0,0,1,0,1,1,0,0,0
S(=O)(=O)([C@H](CNC(=O)/C=C/c1ccc(F)cc1)c1occc1)c1ccc(C(C)C)cc1,,C09082040,100,0,0,0,1,0,0,1,0,0,0
O[C@@]1(CC(=O)/C=C/c2ccccc2)C(=O)N(CCOc2c(C)cccc2)c2ccccc12,,C10109897,99.99987,0,0,0,1,1,1,0,0,0,1
O(Cc1nc(CC(=O)Nc2c(C)cccc2)sc1)C(=O)c1sc(C)c(CC)c1,,C10238159,100,0,0,0,1,0,1,1,0,0,0
S(C(C)C)c1ccc(CC(=O)Nc2scc(-c3ccc(C(OC)=O)cc3)n2)cc1,,C12070894,100,0,0,0,1,0,0,1,0,0,0
FC(F)(F)COc1c(NC(=O)c2nc(COc3ccc(F)cc3)sc2)cccc1,,C13020416,100,0,0,0,1,0,1,1,0,0,1
Clc1c(CC(O[C@H](C)C(=O)Nc2c(OC(F)F)cccc2)=O)ccc(Cl)c1,,C15700859,100,0,0,0,1,0,1,1,0,1,1
S(=O)(=O)(N(CC)CC)c1cc(C(=O)Nc2ccc(SC(F)F)cc2)c(C)cc1,,C16018907,100,0,0,0,1,0,1,0,1,0,0
FC(F)Oc1c(OCC)cccc1/C=C(/C(=O)Nc1cc(C(F)(F)F)ccc1)\C#N,,C16408502,100,0,0,0,1,0,1,0,0,0,1
S(CC(=O)Nc1ccc(Sc2c(C)ccc(C)c2)cc1)c1n(CC)c(C2CC2)nn1,,C17827873,99.59993,0,0,0,1,1,1,0,0,1,0
S(CC(=O)NCC#C)c1n(CC=C)c(-c2sc3CC[C@H](C(C)(C)C)Cc3c2)nn1,,C19012828,99.889984,0,0,0,1,0,1,0,0,0,0
Fc1ccc(-c2n(CCC(=O)Nc3cc(C)c(C)cc3)c(C)c(C(OCC)=O)c2)cc1,,C20761118,100,0,0,0,1,0,1,0,0,0,0
S(CC(OCC)=O)[C@H](C)C(=O)Nc1ccc(-c2sc3cc(C)ccc3n2)cc1,,C21139579,100,0,0,0,0,0,1,0,1,0,0
Fc1c(c(F)ccc1)-c1oc(CCC(=O)NCCCn2ccc3ccccc23)nc1,,C22278890,100,0,0,0,1,0,1,1,0,0,0
Clc1c(F)ccc(OCC(=O)N(CCC)CC(=O)Nc2c(F)c(F)c(F)cc2)c1,,C23023143,100,0,1,0,1,0,1,1,1,1,1
FC(F)(F)c1ccc(-c2nc(NCc3c(F)c(F)ccc3)c(C(OCC)=O)cn2)cc1,,C23430671,95.259987,0,0,0,1,0,1,0,0,0,0
Fc1c(NC(=O)[C@H](OC(=O)COc2c(-c3ccccc3)cccc2)C)c(F)ccc1,,C24224719,100,0,0,0,1,0,1,1,0,0,0
FC(F)(F)c1c(CNC(=O)c2nn(COc3cc(C(F)(F)F)ccc3)cc2)cccc1,,C27973159,100,0,0,0,1,0,1,1,0,0,0
O=C(NC[C@@H]([NH+]1CCOCC1)c1ccc(C(C)C)cc1)c1ccc(OC(C)C)cc1,,C28290445,71.044983,0,0,0,0,0,0,1,0,0,0
FC(F)(F)Oc1c(CN(C)C(=O)[C@H](NC(=O)c2c(C)cccc2)C(C)C)cccc1,,C31074687,100,0,0,0,0,0,1,1,0,0,1
FC(F)(F)Oc1c(CN(C)C(=O)[C@@H](NC(=O)c2c(C)cccc2)C(C)C)cccc1,,C31074690,100,0,0,0,1,0,1,0,0,0,1
Clc1c(F)ccc(/C=C/C(=O)N(CCOC)CC(=O)Nc2c(C)c(C)ccc2)c1,,C32971693,100,0,0,0,1,0,1,1,1,0,1
Brc1ccc(-c2[nH]c(SCC(=O)N(CC(C)C)CC(C)C)nn2)cc1,,C02624119,99.610756,0,0,0,1,0,1,0,1,0,0
Fc1ccc(CN(C(=O)c2occc2)c2ccc(CC(=O)NCC(C)C)cc2)cc1,,C34679673,100,0,0,0,0,0,0,1,0,0,0
S(CCCC(=O)Nc1c(F)cccc1)c1n(c(-c2sccc2)nn1)-c1ccccc1,,C35172654,99.939507,0,0,0,0,0,0,1,0,0,0
Fc1c(Cn2c(C(=O)NCc3ncccc3)cc3c(OCC=C)cccc23)cc(F)cc1,,C35575005,98.931267,0,0,0,0,0,1,1,1,0,0
O=C(NCC(C)C)Cc1cc(N(Cc2ccccc2)C(=O)c2ccc(C#N)cc2)ccc1,,C37600869,100,0,0,0,0,0,1,1,1,0,0
S([C@@H](C)C(=O)NCC(C)C)C=1N(CC=C)C(=O)c2sc(-c3ccccc3)cc2N=1,,C18519617,98.123886,0,0,0,1,0,1,0,0,0,1
Clc1sc(C(=O)CCC(OCC(=O)Nc2c(C(C)(C)C)cccc2)=O)cc1,,C39514524,100,0,0,0,1,1,1,1,1,0,0
Clc1c(/C=C/C(OCc2nc(CC(=O)Nc3c(C)cccc3)sc2)=O)cccc1,,C39587608,100,0,0,0,1,1,1,0,0,0,0
Clc1c(C)c(N(S(=O)(=O)C)CC(=O)NCCSc2ccc(C)cc2)ccc1,,C44791511,100,0,0,0,1,0,1,1,1,1,1
FC(F)(F)c1ccc(-c2sc(C(O[C@H](C)C(=O)NCC(C)C)=O)c(C)n2)cc1,,C45795427,100,0,0,0,1,0,1,0,0,1,1
Clc1c(OCC(=O)N(CC)CC)ccc(NC(=O)c2sc(CC)c(C)c2)c1,,C45935397,100,0,0,0,0,0,1,0,1,0,0
Clc1c(-c2oc(CCC(=O)NCc3cc(COC)ccc3)nc2)ccc(Cl)c1,,C46894135,100,0,0,0,1,0,1,1,1,1,0
S(C)c1cc(NC(=O)CSC=2N(CCC(C)C)C(=O)c3sccc3N=2)ccc1,,C57426034,98.041939,0,0,0,1,0,1,0,1,0,1
Clc1ccc(SCCC(=O)Nc2sc(COc3ccc(Cl)cc3)nn2)cc1,,C59291643,99.951126,0,0,0,1,1,1,1,0,0,1
S(CCCCCO)C=1N(Cc2occc2)C(=O)c2c(sc3C[C@H](C)CCc23)N=1,,C60364460,99.444702,0,0,0,1,0,0,0,1,0,1
S(CC(=O)C1=C(C)N(CCc2sccc2)[C@@H](C)C1)c1[nH]c(-c2ccccc2)nn1,,C64048433,99.616035,0,0,0,1,0,1,0,0,1,1
Fc1cccc2sc(C(OCc3nc(CC(=O)NCc4ccccc4)sc3)=O)cc12,,C23076130,100,0,0,0,1,0,1,1,0,0,1
O(CCOc1ccccc1)c1c([C@]2(C)N(CC=C)C(=O)c3ccccc3N2)cccc1,,C66133959,99.991493,0,0,0,1,0,1,0,0,0,1
Clc1ccc(C(=O)N(CCCCC)CC(=O)Nc2scc(C)n2)cc1,,C04490317,100,0,0,0,1,0,1,1,1,0,1
O(C)CCNC(=O)c1c(C)n(c(-c2ccccc2)c1)-c1ccc(OCC)cc1,,C04630711,100,0,0,0,0,0,0,1,0,1,0
Clc1ccc2C(=O)N(CCC)C(SCC(=O)NCCCC)=Nc2c1,,C05568345,97.479546,0,0,0,1,0,1,1,1,0,1
FC(F)(F)Oc1ccc(NC(=O)COc2ccc(C(=O)CC)cc2)cc1,,C03611225,100,0,0,0,1,0,0,0,0,1,0
O([C@@H](C)C(=O)Nc1cc(C#N)ccc1)C(=O)[C@H]([C@@H](C)CC)c1ccccc1,,C05681692,100,0,0,0,1,0,1,1,0,0,1
FC(F)(F)c1cc(NC(=O)c2c(OCC)nccc2)c(OCCC)cc1,,C06219450,99.98922,0,0,0,1,0,1,0,0,1,0
S=C(Nc1ccc(OCC)cc1)N(CC)C[C@H]1Oc2ccccc2OC1,,C06336344,100,0,0,0,0,0,1,1,0,1,0
Clc1ccc2C(=O)N(CC=C)C(SCC(=O)NCCCC)=Nc2c1,,C06558357,97.644463,0,0,0,1,0,1,1,1,0,1
Clc1c(C(=O)N(CCCCC)CC(=O)Nc2sc(C)cn2)cccc1,,C06740601,100,0,0,0,1,0,1,1,1,0,1
O=C(Nc1cc(CN(CC2CC2)C(=O)C(C)(C)C)c(N(C)C)cc1)C(C)C,,C06722954,100,0,0,0,1,0,1,0,0,0,0
O=C(Nc1cc(CN([C@@H](C)CC)C(=O)C(C)C)c(N(C)C)cc1)C(C)C,,C06723110,100,0,0,0,1,0,1,0,0,0,0
O(CC(=O)NCCC=1CCCCC=1)C(=O)/C=C/c1sc2ccccc2n1,,C07432590,100,0,0,0,1,0,1,0,0,1,0
FC(F)Oc1c(NC(=O)COC(=O)/C=C/c2cc(F)ccc2)cccc1,,C03430835,100,0,0,0,1,1,1,1,0,0,0
FC(F)(F)c1ccc(CC(=O)Nc2scc(CC(OCC)=O)n2)cc1,,C10421310,100,0,0,0,1,0,1,1,1,0,1
S=C(Nc1ccc(OCC)cc1)N(CC)C[C@@H]1Oc2ccccc2OC1,,C06336347,100,0,0,0,1,0,1,1,0,1,0
S(=O)(=O)(N[C@@H](C)c1cc(OCC)c(OCC)cc1)c1ccc(F)cc1,,C13671427,95.820107,0,0,0,1,0,0,0,1,0,1
S(CC(=O)Nc1ccc(OC)cc1)CC(=O)N(CC)c1cc(C)ccc1,,C19650649,100,0,0,0,1,0,1,0,0,0,1
S(CCC(=O)Nc1c(C)cccc1)c1n(CC=C)c(C(F)(F)F)nn1,,C20840044,99.994392,0,0,0,1,0,1,1,0,0,0
O(CCCNC(=O)c1c(-c2cc(C)ccc2)nn(-c2ccccc2)c1)C(C)C,,C21556071,99.994255,0,0,0,1,0,1,1,0,0,0
S(c1c(C(OCC(=O)NCCC)=O)cccn1)c1c(C)ccc(C)c1,,C22835041,99.926056,0,0,0,1,0,1,1,0,1,0
S([C@@H](C)C(=O)NC(CC)CC)C=1N(CCC)C(=O)c2ccccc2N=1,,C23301240,96.800209,0,0,0,0,0,1,1,0,0,1
O=C(Nc1c(OCCC)cccc1)/C(=C/c1c(C)n(CCC)c(C)c1)/C#N,,C29581588,100,0,0,0,1,0,0,0,0,0,0
S([C@@H](C(C)C)C(=O)N[C@@H](C)CC)c1n(C2CC2)c(-c2sccc2)nn1,,C30630176,99.873497,0,0,0,0,0,1,0,0,0,1
FC(F)(F)c1ccc(/C=N\Nc2scc(CC(OCC)=O)n2)cc1,,C31850106,99.973061,0,0,0,1,0,1,0,1,0,0
Brc1ccc(S(=O)(=O)N[C@@H](CC(C)C)C(OCC)=O)cc1,,C32919228,85.059258,0,0,0,1,0,1,0,0,1,0
O=C(N(C)[C@@H](C(=O)NC(C)(C)CC(C)(C)C)c1ccc(N(C)C)cc1)CC,,C36540174,100,0,0,0,0,0,0,0,0,0,1
Clc1ccc([C@H](N(Cc2oc(C)cc2)C=O)C(=O)NCCCC)cc1,,C36596518,100,0,0,0,1,0,1,1,0,0,1
P(=O)(OCC(C)C)([C@H](O)c1c(OC)cccc1)c1ccc(N(C)C)cc1,,C02193819,99.999283,0,0,0,1,0,1,0,0,0,1
Clc1cc(C)c(O[C@H](C)C(OCC(=O)NCc2sccc2)=O)cc1,,C39514161,100,0,0,0,1,0,1,1,0,0,1
Clc1c(OCCn2c(CCNC(=O)C=C)nc3ccccc23)cccc1,,C40203666,70.2612,0,0,0,1,0,1,1,1,1,0
O=C(NCCc1n(CCOc2cc(C)c(C)cc2)c2ccccc2n1)C=C,,C40203710,70.181923,0,0,0,1,0,1,1,1,0,1
S(=O)(=O)(NC1CC1)c1ccc(/C=C/C(=O)N(C)[C@H](C)CC(C)C)cc1,,C32162268,96.896057,0,0,0,1,0,0,0,1,1,0
O=C(Nc1cc(CN([C@H](C)C(C)C)C(=O)C2CC2)c(N(C)C)cc1)C1CC1,,C06709349,100,0,0,0,1,0,1,0,1,0,0
S(=O)(=O)(Nc1c(OCCOC)cccc1)c1cc(C(F)(F)F)ccc1,,C57126051,93.93792,0,0,1,1,0,1,0,0,1,1
FC(F)(F)c1c(NC(=O)CN(CC)C(=O)CCc2occc2)cccc1,,C57355839,100,0,0,0,1,0,1,1,1,0,1
O(Cc1nc(CC)sc1)C(=O)[C@@H](NC(=O)c1ccc(C)cc1)C(C)C,,C22884375,100,0,0,0,1,0,1,0,0,1,0
Clc1c(C#N)ccc(S(=O)(=O)NCCCO[C@H](C)c2ccccc2)c1,,C58931528,96.680984,0,0,0,1,1,1,1,0,0,1
S(CCC(=O)Nc1cc(C)c(C)cc1)c1n(CC=C)c(C(C)C)nn1,,C59910954,99.48732,0,0,0,1,0,1,0,0,0,0
Clc1c(NS(=O)(=O)c2ccc(OCCOCC)cc2)ccc(F)c1,,C63442304,94.694016,0,0,1,1,0,1,0,0,1,0
S(=O)(=O)(N(C)[C@H](C)c1cc(NC(=O)c2ccccc2)ccc1)CCCC,,C53645664,100,0,0,0,1,0,1,0,1,0,0
O(CC)CCOc1cc([C@@]2(C)N(CC=C)C(=O)c3ccccc3N2)ccc1,,C66131553,99.991325,0,0,0,1,0,1,0,1,0,0
O(C)CCCN1[C@H](c2c(OCC(C)=C)cccc2)Nc2ccccc2C1=O,,C66132899,99.98922,0,0,0,1,0,1,0,1,0,1
S(C[C@@H](O)COCc1occc1)c1n(-c2cc(C)c(C)cc2)ccn1,,C66237553,77.698982,0,0,0,1,0,1,0,1,1,0
Fc1cc(C2(CN[C@@H](C)c3onc(CCCC)n3)CCOCC2)ccc1,,C66390137,61.106056,0,0,0,1,1,1,0,0,0,0
S(=O)(=O)(C(C)C)[C@@H](C)C(=O)Nc1cc(C)c(O[C@@H](C)CC(C)C)cc1,,C66412543,100,0,0,0,1,0,1,0,1,1,1
S(Cc1ccc(C(=O)NC)cc1)c1n(CC=C)c(Cc2ccccc2)nn1,,C66748099,99.621704,0,0,0,0,0,0,0,0,0,0
S([C@H](C)CC#N)c1c(NC(=O)/C=C/c2ccc(OCC#N)cc2)cccc1,,C66801527,100,0,0,0,1,1,1,0,1,0,0
S(CCC(=O)NCC1CCCCC1)Cc1nc(-c2sccc2)on1,,C66903993,99.984764,0,0,0,1,0,1,1,1,1,1
Fc1ccc([C@@H](N(CC)C(=O)C(=O)Nc2cc(OCC=C)ccc2)C)cc1,,C67374501,100,0,0,0,1,0,1,0,0,0,1
Fc1c(-c2oc(CCC(=O)N[C@@H](C)CCc3occc3)nc2)cccc1,,C67507873,100,0,0,0,1,0,1,1,0,1,0
S=P(Oc1ccc(/C=N/n2cnnc2)cc1)(C=C1N(C)c2ccccc2C1(C)C)c1ccccc1,,C03212541,99.957207,0,0,0,0,0,0,0,0,0,0
S(=O)(=O)(C(C)C)c1nc(-c2nc(S(=O)(=O)C(C)C)c3CCCCCc3c2)cc2CCCCCc12,,C06059375,100,0,0,0,1,0,1,0,0,0,1
Clc1ccc(-c2c(C(O)OC(C)C)c(C)nc3S/C(=C\c4cn(C)c5ccccc45)/C(=O)[n+]23)cc1,,C02120766,99.999855,0,0,0,0,0,0,0,0,0,1
S(CC=1N=C2SC=CN2C(=O)C=1)C=1N(c2ccccc2)C(=O)c2c(sc3C[C@H](C)CCc23)N=1,,C08632454,98.856049,0,0,0,0,0,0,0,0,0,0
Brc1c(-c2oc(/C=C/3\C(=O)N(c4cc([N+](=O)[O-])ccc4)C(=S)S\3)cc2)ccc(C)c1,,C08721782,100,0,0,0,0,0,0,0,0,0,0
FC(F)(F)c1cc(-n2c3nc4ccccc4nc3c3C(=O)N(Cc4ccc(C)cc4)C(C)=Nc23)ccc1,,C02251101,99.650238,0,0,0,0,0,0,0,0,0,0
Ic1ccc2N=C(/C=C/c3cc([N+](=O)[O-])ccc3)N(c3ccc(C)cc3)C(=O)c2c1,,C08861341,95.468407,0,0,0,0,0,0,0,0,0,0
Ic1ccc2N=C(/C=C/c3cc([N+](=O)[O-])ccc3)N(Cc3ccccc3)C(=O)c2c1,,C09068852,91.680954,0,0,0,0,0,0,0,0,0,0
Brc1ccc2nc(N(/N=C/C=3C(=O)c4ccccc4OC=3)C(=O)c3ccccc3)sc2c1,,C09148707,100,0,0,0,1,1,1,0,0,0,0
S(=O)(=O)(N(C)c1ccccc1)c1ccc(C(=O)/N=C\2/N(CC#C)c3ccc(SC)cc3S/2)cc1,,C09399824,98.816978,0,0,0,1,0,1,0,0,0,0
Clc1c(CN2C(=O)c3c4nc5ccccc5nc4n(-c4ccc(CCCC)cc4)c3N=C2)cccc1,,C02256329,99.721794,0,0,0,0,0,0,0,0,0,0
Clc1ccc(Cl)c2S/C(=N\C(=O)c3ccc(S(=O)(=O)N(C)c4ccccc4)cc3)/N(C)c12,,C08797876,98.771652,0,0,0,1,0,1,0,0,0,0
Clc1c(Cl)ccc(N2C(=O)c3cc4C(=O)N(c5cc(Cl)c(Cl)cc5)C(=O)c4cc3C2=O)c1,,C02176716,100,0,0,0,0,0,0,0,0,0,0
BrC1=Cn2cc(CSC=3N(c4ccc(OCC)cc4)C(=O)c4ccccc4N=3)[nH+]c2C=C1,,C12623983,98.49073,0,0,0,0,0,0,0,0,0,0
S=C1N(CC(C)C)C(=O)/C(=C/C=2C(=O)N3C=CC=CC3=NC=2Oc2ccc(C(C)(C)C)cc2)/S1,,C02199639,88.730019,0,0,0,1,0,1,0,0,1,0
Brc1cc(/C=C\2/C(=O)c3ccc(OC(=O)c4c(C)cccc4)cc3O/2)c2OCOCc2c1,,C13656338,100,0,0,0,0,0,1,0,0,0,0
Clc1ccc(-c2c(/C=C\3/C(=O)n4nc(-c5ccc(C)cc5)nc4S/3)cn(-c3ccccc3)n2)cc1,,C13944021,99.897408,0,0,0,0,0,1,0,0,0,0
Clc1ccc(S(=O)(=O)N(CC)[C@@H](C)C=2N(c3cc(C)c(C)cc3)C(=O)c3ccccc3N=2)cc1,,C16426862,99.234787,0,0,0,1,0,1,0,0,0,0
Clc1c(F)ccc(N2C(S[C@H](C)c3oc(-c4cc(C)ccc4)nn3)=Nc3ccccc3C2=O)c1,,C17671234,98.800522,0,0,0,1,0,0,0,0,0,1
FC(F)Oc1ccc([C@@H]2N(c3ccccc3)O[C@H]3C(=O)N(c4cc(C(F)(F)F)ccc4)C(=O)[C@H]23)cc1,,C11859562,100,0,0,0,0,0,0,0,0,0,0
FC(F)(F)c1cc(N2CCN(C=3n4nc(-c5ccc(C(C)(C)C)cc5)[nH+]c4N=C(C)C=3)CC2)ccc1,,C20463718,54.918945,0,0,0,1,0,1,0,0,0,0
FC(F)(F)C1=CC(=O)N(Cc2c(C)oc(-c3cc(C)ccc3)n2)c2n(-c3ccc(C)cc3)nc(C)c12,,C20996052,99.972664,0,0,0,1,0,0,0,0,0,0
Clc1ccc(-c2nn3C(=O)/C(=C\c4c(-c5ccc(F)cc5)nn(-c5ccccc5)c4)/Sc3n2)cc1,,C25581127,99.898438,0,0,0,0,0,0,0,0,0,0
Clc1ccc(-c2c(C(O)OC(C)C)c(C)nc3S/C(=C/c4cn(C)c5ccccc45)/C(=O)[n+]23)cc1,,C32115644,99.999855,0,0,0,0,0,0,0,0,0,1
Clc1ccc(-c2c(C(O)OC(C)C)c(C)nc3S/C(=C/c4cn(C)c5ccccc45)/C(=O)[n+]23)cc1,,C32115646,99.999855,0,0,0,0,0,0,0,0,0,1
Clc1cc(N2C(=O)c3c(sc4C[NH+](C)CCc34)-n3c(SCc4ccc(C)cc4)nnc23)ccc1,,C34773760,96.997032,0,0,0,0,0,0,0,0,0,0
Brc1cc(-c2oc(/C=C\3/C(=O)n4nc(-c5c(C)c6ccccc6o5)nc4S/3)cc2)ccc1,,C34955532,99.979546,0,0,0,0,0,0,0,0,0,0
Clc1c(Cl)ccc(-n2c(C(=O)N3CC[NH+](C/C=C/c4ccccc4)CC3)cc(-c3oc(C)cc3)n2)c1,,C35727565,91.868134,0,0,0,1,0,0,0,0,0,0
Clc1c(-n2c(C)cc(C3=C(C)[NH+]=C4C(OCc5cc(Cl)ccc5)=CC=CN4C3=O)n2)cccc1,,C35911316,90.490372,0,0,0,0,0,0,0,0,0,0
Clc1ccc(COC2=CC=CN3C(=O)C(c4nn(c(C)c4)-c4c(F)ccc(F)c4)=C(C)[NH+]=C23)cc1,,C35911483,90.380913,0,0,0,0,0,0,0,0,0,0
S(Cc1nc(-c2ccc(F)cc2)sc1)c1n-2c(N(c3ccc(C)cc3)C(=O)c3ccccc-23)nn1,,C36828100,99.62085,0,0,0,0,0,1,0,0,0,0
Fc1ccc(/C=N/N(C(=O)C=2C(=O)Oc3ccc4ccccc4c3C=2)c2sc3cc(F)ccc3n2)cc1,,C39714097,100,0,0,0,1,0,0,0,0,0,0
Brc1cc(CS[C@@H]2n3c4ccccc4nc3N=N2)c2O[C@H](c3ccccc3)OCc2c1,,C39726292,99.199814,0,0,0,1,0,1,0,0,0,1
Brc1ccc([C@H]2N(c3sc(CCC)nn3)C(=O)C=3Oc4cc(C)c(C)cc4C(=O)C2=3)cc1,,C39838677,99.914474,0,0,0,0,0,1,0,0,0,0
Clc1c(CN2C(=O)C=3Oc4cc(C)c(C)cc4C(=O)C=3[C@]32C(=O)N(CCC)c2ccccc32)cccc1,,C39890762,100,0,0,0,0,0,0,0,0,0,0
O(CC=C)c1ccc([C@@H]2N(c3sc4cc(C)ccc4n3)C(=O)C=3Oc4ccc(C)cc4C(=O)C2=3)cc1,,C40008296,100,0,0,0,0,0,0,0,0,0,0
Brc1ccc2OC=3C(=O)N([C@H](c4ccc(CC)cc4)C=3C(=O)c2c1)c1sc(C(C)C)nn1,,C40008755,99.912895,0,0,0,0,0,1,0,0,0,0
O=C1N([C@H](c2ccc(C(C)(C)C)cc2)C=2C(=O)c3cc(CC)ccc3OC1=2)c1sc(CC(C)C)nn1,,C40038702,99.914787,0,0,0,0,0,1,0,0,0,0
Clc1c(C)cc2OC=3C(=O)N([C@H](c4ccc(CC)cc4)C=3C(=O)c2c1)c1sc(CC(C)C)nn1,,C40056024,99.914932,0,0,0,0,0,1,0,0,0,0
Clc1c(C)cc2OC=3C(=O)N([C@H](c4cc(OCCCC)ccc4)C=3C(=O)c2c1)c1sc(C)c(C)n1,,C40056452,100,0,0,0,0,0,1,0,0,0,0
O=C1N(c2ccc(C)cc2)C[C@@H](c2onc(-c3ccc(-c4nc(-c5sc(C)cc5)sc4)cc3)n2)C1,,C40455000,99.997307,0,0,0,1,0,0,0,0,0,0
BrC1=C(Sc2sc(-c3ccncc3)nn2)[C@@H](O[C@H]2[C@@H](C(C)C)CC[C@@H](C)C2)OC1=O,,C43122387,99.269043,0,0,0,0,0,0,0,0,0,0
Clc1ccc2O[C@H](c3ccc(OC)cc3)[C@@H]3[C@H](c4c(F)cccc4)n4nc(SC)nc4N=C3c2c1,,C50499562,98.315842,0,0,0,0,0,0,0,0,0,0
Clc1ccc2O[C@H](c3ccc(OC)cc3)[C@@H]3[C@@H](c4ccc(F)cc4)n4nc(SC)nc4N=C3c2c1,,C50703290,98.153442,0,0,0,0,0,0,0,0,0,0
O=C1N(c2ccc(C)cc2)C(=O)/C(=C\c2ccc(N(CC)CC)cc2)/C(=O)N1c1cccc2ccccc12,,C59484776,100,0,0,0,0,0,0,0,0,0,0
O(CC)C(=O)C=1C(c2ccccc2)N=C2S/C(=C/c3c(C)n(C)c(C)c3)/C(=O)N2C=1c1sccc1,,C59534606,76.754128,0,0,0,0,0,0,0,0,0,1
Cl[C@@H](C(=O)Oc1c(C)c2O/C(=C\c3cc(Cl)cc4COCOc34)/C(=O)c2cc1)c1ccccc1,,C41350973,100,0,0,0,0,0,0,0,0,0,0
Brc1c(OC)ccc([C@H]2n3ncnc3N=C3[C@@H]2[C@@H](c2c(F)cccc2)Oc2ccccc32)c1,,C63162826,99.04821,0,0,0,0,0,0,0,0,0,0
S(CC1=NC(=O)C=2C(S[C@@H]3C[C@H](C)CCC=23)=N1)c1n(C2CCCCC2)c(-c2c(F)cccc2)nn1,,C39948325,99.910133,0,0,0,1,0,1,0,0,0,0
S(CC=1NC=2c3ccccc3CC3(CCCCC3)C=2C(=O)N=1)C=1N(CC=C)C(=O)c2ccccc2N=1,,C63399469,95.215218,0,0,0,1,0,1,0,1,0,1
S(CC(OCC)=O)C1=C(C#N)[C@H](c2ccc(C)cc2)C(C(OCC=C)=O)=C(C)N1,,C04136117,99.999756,0,0,0,0,0,0,0,0,0,0
Clc1ccc(C(=O)[C@H](OC(=O)c2cc(OCc3c(C)onc3C)ccc2)C)cc1,,C04318341,100,0,0,0,1,0,1,0,1,0,0
O(/N=C(/C)\c1c(C)n(c(-c2ccccc2)c1)-c1ccc(OCC)cc1)CC(OCC)=O,,C05091126,99.990372,0,0,0,0,0,1,0,0,0,0
O(CC(=O)N(CC)CC(C)=C)C(=O)c1cccc2C(=O)C(C)=C(c3ccccc3)Oc12,,C05245624,100,0,0,0,1,0,1,0,0,0,0
O=C(Oc1c(OCC)cc(/C=C\2/C(=O)OC(c3ccc(C(C)(C)C)cc3)=N/2)cc1)CC,,C05417081,99.99585,0,0,0,1,0,1,0,0,0,0
Clc1ccc(CSc2oc(-c3cc(S(=O)(=O)N(CC)CC)ccc3)nn2)cc1,,C03427697,99.998238,0,0,0,1,0,1,0,0,1,0
O=C(Oc1c(OCC)cc(/C=C/2\C(=O)OC(c3cc(C)ccc3)=N\2)cc1)Cc1ccccc1,,C02982998,99.995827,0,0,0,1,0,1,0,0,0,0
S(C)c1n(/N=C/c2cc(COc3ccc(C)cc3)c(OC)cc2)c(C(F)F)nn1,,C02791857,99.978432,0,0,0,1,0,1,0,0,0,0
S(CC(=O)c1ccc(OCC)cc1)c1n(c(-c2ccncc2)nn1)-c1ccc(C)cc1,,C01254699,97.692329,0,0,0,0,0,0,0,0,1,0
Fc1c(N(C(=O)C)c2scc(COC(=O)c3ccc(OC(C)C)cc3)n2)cccc1,,C09533643,100,0,0,0,0,0,1,0,0,0,1
Clc1c(CC2=C(C)n3nc(S[C@H](CC)C(=O)N(CC)CC)nc3N=C2C)cccc1,,C03038593,89.007942,0,0,0,1,0,1,0,0,0,1
S(CC(=O)c1c(F)cccc1)c1n(c(-c2cc(OC)ccc2)nn1)-c1ccc(OC)cc1,,C02625562,99.959808,0,0,0,0,0,0,0,0,1,0
Clc1sc(C(=O)N(CCCn2cncc2)c2sc3cccc(OCC)c3n2)cc1,,C10381548,79.426758,0,0,0,1,0,1,0,0,1,1
Clc1sc(C(=O)N(CCCn2cncc2)c2sc3cc(OCC)ccc3n2)cc1,,C10381585,79.423302,0,0,0,1,0,1,0,0,1,1
S(CC(=O)O[C@H]1[C@@H](C(C)C)CC[C@@H](C)C1)c1n(C2CC2)c(-c2ccncc2)nn1,,C10840174,97.330017,0,0,0,1,0,1,0,0,0,0
Clc1c(S(=O)(=O)N(CC)CC)cc(C(OCc2sc3ccccc3n2)=O)cc1,,C03392149,100,0,0,0,1,0,1,0,0,0,0
FC(F)Oc1c(OC)cccc1/C=C/C(=O)c1c(C)nn-2c1N(CC=C)c1ccccc-21,,C12681212,99.65921,0,0,0,1,0,1,0,0,0,1
Clc1c(-c2n(c(S[C@@H](C)C(OC)=O)nn2)-c2ccc(OCC)cc2)cccc1,,C06365765,99.963516,0,0,0,0,0,0,0,0,1,0
Brc1c(COc2ccc(-c3ocnn3)cc2)cc(OCC)c(OCC)c1,,C13112366,99.997597,0,0,0,0,0,0,0,0,0,0
S(CC(OC)=O)c1n(c(-c2ccc(OC)cc2)nn1)-c1cc(C(F)(F)F)ccc1,,C08931476,99.950989,0,0,0,0,0,1,0,0,1,0
S(=O)(=O)(N(CC)CC)c1cc(C(=O)N(CC=C)c2sc3CCCCc3n2)c(C)cc1,,C15968894,100,0,0,0,1,0,1,0,0,0,1
O(C)CCCN1[C@@H](c2cc(OCCCCC)ccc2)C=2C(=O)c3ccccc3OC=2C1=O,,C16749817,100,0,0,0,1,1,1,0,0,0,1
O(CC1=CC(=O)Oc2ccc3ccccc3c12)C(=O)CCc1c(C)n(CC(C)C)nc1C,,C18382638,99.797935,0,0,0,1,0,1,0,0,0,1
Clc1sc(CSc2n-3c(N(CCCOCC)C(=O)c4ccccc-34)nn2)cc1,,C21867713,99.175743,0,0,0,1,0,1,0,0,0,0
S(CC(=O)N(C(C)C)c1ccccc1)c1oc(-c2ccc(N(CC)CC)cc2)nn1,,C22002046,99.99292,0,0,0,0,0,1,0,0,0,0
S(Cc1oc(-c2ccccc2)cn1)c1n(CC=C)c(COc2c(F)cccc2)nn1,,C22574681,99.917946,0,0,0,1,0,1,0,0,0,0
S([C@@H](C)C(=O)N(CC)c1ccccc1)c1n(C[C@H]2OCCC2)c(-c2sccc2)nn1,,C23532488,99.894508,0,0,0,1,0,1,0,0,0,1
S([C@H](C)C(=O)N(CC)c1ccccc1)c1n(CC=C)c(COc2cc(C)ccc2)nn1,,C23555437,99.909981,0,0,0,1,0,1,0,0,0,1
Clc1ccc(-c2n(CC=C)c(SCC(=O)N(CC#N)c3ccccc3)nn2)cc1,,C23869133,99.899689,0,0,0,1,0,1,0,0,1,0
S(Cc1c(C(OC)=O)cco1)C=1N(CC=C)C(=O)c2c(-c3ccccc3)csc2N=1,,C24039670,99.606682,0,0,0,0,0,0,0,0,0,0
S(Cc1n(C(F)F)ccn1)c1n(c(COc2c(C)cccc2C)nn1)-c1ccccc1,,C24718609,89.587357,0,0,0,0,0,1,0,0,0,0
Brc1ccc(-c2n(-c3cc(OCC)c(OCC)c(OCC)c3)nnc2)cc1,,C27515670,99.999794,0,0,0,1,0,1,0,0,1,0
S([C@H](C)c1onc(CCC)n1)C=1N(CC=C)C(=O)c2c(-c3sccc3)csc2N=1,,C27770397,99.627876,0,0,0,1,0,0,0,0,0,1
Brc1cc(-c2nc(COC(=O)CCC(=O)c3cc(C)c(C)cc3)on2)ccc1,,C28178225,99.999298,0,0,0,1,1,1,0,0,1,1
Clc1c(Cn2c(CN(CCCC)C(=O)c3cc([N+](=O)[O-])ccc3)ccc2)cccc1,,C33587666,100,0,0,0,0,0,0,0,0,0,0
O(CC)C(=O)c1c(C)c2C(=O)N(Cc3c(C)cc(C)cc3)C(=O)N(CCCC)c2s1,,C34776127,100,0,0,0,0,0,0,0,0,0,1
S(=O)(=O)(N(CCCC)[C@@H](CC)C=1N(C)C(=O)c2ccccc2N=1)c1ccc(F)cc1,,C35008450,98.231071,0,0,0,1,0,1,0,0,0,1
O=C(N(CCCC)[C@@H](CC)C=1N(c2ccccc2)C(=O)c2ccccc2N=1)c1occc1,,C35039856,99.160011,0,0,0,0,0,0,0,0,0,1
O(C)CCN([C@@H](C)C=1N(c2c(C)cc(C)cc2)C(=O)c2ccccc2N=1)C(=O)CCC,,C35070496,99.14743,0,0,0,1,0,1,0,0,0,1
O(C)CCN1[C@@H](c2ccc(OCCCC)cc2)C=2C(=O)c3cc(C)c(C)cc3OC=2C1=O,,C35487335,100,0,0,0,0,0,1,0,0,0,0
S(CC(=O)N(C(C)C)c1ccccc1)c1n(Cc2ccccc2)c(-c2c(C)occ2)nn1,,C21125694,99.647728,0,0,0,0,0,1,0,0,0,1
O(CC)c1c(OCCC)ccc(/C=C\2/C(=O)N([C@@H](C)c3ccccc3)C(=O)C(C#N)=C/2C)c1,,C38607383,100,0,0,0,1,0,1,0,0,0,0
Clc1sc(CSc2oc(-c3cc(S(=O)(=O)N(CC)CC)ccc3)nn2)cc1,,C39589782,99.998276,0,0,0,1,0,1,0,0,1,0
O(Cc1nc(N(C(=O)C)c2c(C)cc(C)cc2)sc1)C(=O)COc1cc(C)ccc1,,C39620030,100,0,0,0,1,0,1,0,0,1,1
Fc1cc([C@@H]2[C@H](CN(CC(C)C)C(=O)C)C[NH+](Cc3ccc([N+](=O)[O-])cc3)C2)ccc1,,C40425830,98.039047,0,0,0,0,0,0,0,1,0,0
Clc1c(CN2C(=O)C[C@@H](c3nc(-c4ccc(OCCCC)cc4)on3)C2)ccc(F)c1,,C44429050,99.985992,0,0,0,1,0,0,0,0,1,0
Clc1ccc(-c2oc(SCC(OCC(=O)c3cc(F)c(F)cc3)=O)nn2)cc1,,C09021229,99.998093,0,0,0,1,1,1,0,0,1,0
Clc1cc(Cn2c(CN(CCC)C(=O)c3cc([N+](=O)[O-])ccc3)ccc2)ccc1,,C04457609,100,0,0,0,0,0,0,0,0,0,0
Fc1cc(COC(=O)Cc2nc(COc3ccc(C)cc3)sc2)c2OCOCc2c1,,C25631961,100,0,0,1,1,0,1,0,0,0,1
S([C@H](C)C(OCC)=O)C=1N(c2ccc(OC(F)F)cc2)C(=O)c2ccccc2N=1,,C60187575,98.708611,0,0,0,0,0,1,0,0,1,1
S(C/C=C/c1ccccc1)c1n(c(-c2ccncc2)nn1)-c1ccc(OCC)cc1,,C02865832,97.471336,0,0,0,0,0,0,0,0,0,0
O(CCCCC)C(=O)CN1C(=O)c2c(c(C)sc2N=C1)-c1cc(C)c(C)cc1,,C05236258,99.9021,0,0,0,1,0,1,0,0,1,0
Clc1ccc(-c2nc(CN(CC=C)C(=O)[C@H](CC)c3ccccc3)on2)cc1,,C05484251,99.998367,0,0,0,1,0,1,0,0,0,1
O=C(c1ccccc1)C=1N(CC)S(=O)(=O)c2ccccc2C=1N(CCC)CCC,,C02295603,99.998863,0,0,0,1,0,0,0,0,0,1
O(C)c1c(OC)cc2C=C(c3cc(OCC)c(OCC)cc3)O[C@](C)(C(C)C)c2c1,,C02535373,100,0,0,0,1,0,1,0,0,0,0
Clc1ccc(-c2n(CC=C)c(SCC(=O)c3ccc(OCC)cc3)nn2)cc1,,C06071200,99.892944,0,0,0,0,0,0,0,0,0,0
O(CC(=O)c1c(C)n(Cc2sccc2)c(C)c1)C(=O)c1ccc(OC(C)C)cc1,,C03293970,100,0,0,0,1,1,1,0,0,1,0
S(CCC)c1ccc(-c2c(/C=C(\C(OCC)=O)/C#N)cn(-c3ccccc3)n2)cc1,,C07262847,99.989677,0,0,0,0,0,1,0,0,0,0
O=C(N(CC=C)c1scc(-c2ccccc2)n1)COc1ccc(C(=O)CC)cc1,,C07724805,100,0,0,0,0,0,1,0,0,0,0
S([C@H](C)C(=O)N(CC)c1ccccc1)C=1N(CCCC)C(=O)c2ccccc2N=1,,C08195022,96.880104,0,0,0,0,0,1,0,0,0,1
Brc1ccc(-c2csc3N=CN(CC(OCCCCC)=O)C(=O)c23)cc1,,C08766359,99.905334,0,0,0,1,0,1,0,0,1,0
Clc1ccc(-c2n(CCCOC)c(SCC(=O)c3c(C)ccc(C)c3)nn2)cc1,,C09494150,99.887604,0,0,0,1,0,1,0,0,1,1
S(CCCC)c1n(c(CSc2ncccn2)nn1)-c1cc(C(F)(F)F)ccc1,,C02706221,99.561798,0,0,0,1,0,1,0,0,0,0
S(CC(=O)c1c(C)ccc(C)c1)C=1N(CCCOC(C)C)C(=O)c2ccccc2N=1,,C09620879,96.984062,0,0,0,1,0,1,0,0,1,1
Clc1ccc2C(=O)N(CCCOC)C(SCCOc3cc(C)ccc3)=Nc2c1,,C12091714,97.029182,0,0,0,1,0,1,0,0,1,1
S(CCOc1ccc(C#N)cc1)c1n(c(Cc2ccccc2)nn1)-c1ccccc1,,C12111317,99.465042,0,0,0,0,1,1,0,0,0,0
O(CCCCn1c([C@@H]2CN(CCCC)C(=O)C2)nc2ccccc12)c1cc(C)ccc1,,C14095535,71.005875,0,0,0,1,0,1,0,0,0,0
Clc1c(OCCC)c(OCC)cc(/C=C/C(=O)c2ccc(OCC#N)cc2)c1,,C15352600,100,0,0,0,1,0,0,0,0,0,1
[NH+](CCc1ccccc1)(Cc1sccc1)[C@H](C(C)C)c1n(C(C)(C)CC)nnn1,,C20098715,78.083214,0,0,0,0,0,0,0,0,0,0
Clc1c(OCc2n(C3CC3)c(SCCOc3c(F)cccc3)nn2)cccc1,,C11065372,99.881653,0,0,0,1,1,1,0,0,0,0
Clc1cccc2cccc(SCC(OCC(=O)N(CC#N)c3ccccc3)=O)c12,,C23866656,100,0,0,0,1,0,1,0,0,1,1
Clc1ccc(OCc2oc(SCC(=O)c3c(CC)ccc(CC)c3)nn2)cc1,,C26128216,99.999229,0,0,0,1,0,1,0,0,1,0
Brc1ccc(OCCCCCCCN2C(=O)N(c3ccncc3)CC2)cc1,,C29393143,63.39378,0,0,0,0,0,0,0,0,1,0
S(=O)(=O)(N(C)C)c1cnc(SCC(=O)c2c(C(C)C)cc(C(C)C)cc2)cc1,,C31745320,99.876625,0,0,0,1,0,1,0,1,0,0
S(CC(OCC)=O)C=1N(CCC)C(=O)c2sc(-c3ccc(C)cc3)cc2N=1,,C33278219,98.271255,0,0,0,1,1,1,0,0,0,1
S(CC(=O)c1c(F)cc(F)cc1)c1n(CC)c(-c2ccc(OC(F)F)cc2)nn1,,C02793146,99.843254,0,0,0,0,0,1,0,0,0,0
O=C(N(CCC)CCC)c1c(N(C)c2ccc(C)cc2)nc(-c2ccccc2)nc1,,C34922112,98.853333,0,0,0,0,0,1,0,0,0,1
O=C(CCCCC)N1CC[NH+](CCN(CC=2[C@@H]3C(C)(C)[C@@H](C3)CC=2)C(=O)C2CC2)CC1,,C34999470,77.08194,0,0,0,0,0,0,0,1,0,0
S(=O)(=O)(N(CC=C)Cc1nc(COc2ccc(C)cc2)sc1)c1ccc(C)cc1,,C35741857,100,0,1,0,1,1,1,0,0,0,1
O=C(N(CCCC)Cc1n(C)ccc1)CN([C@H](C)CC)C(=O)c1cccc2ccccc12,,C35745177,100,0,0,0,0,0,0,0,0,0,1
S(CC(OCc1ccccc1)=O)c1n(c(-c2c(F)cccc2)nn1)-c1ccccc1,,C35847798,99.975914,0,0,0,0,0,1,0,0,0,0
O=C(N(Cc1c(Oc2ccccc2)n(-c2ccccc2)nc1C)[C@H](C)CC)C(C)C,,C35970690,99.951912,0,0,0,1,0,1,0,0,0,1
Fc1ccc(-n2c(Oc3ccccc3)c(CN(CCC)C(=O)CC)c(CC)n2)cc1,,C35972595,99.955231,0,0,0,1,0,1,0,0,0,0
Clc1c(OCCSc2n(C[C@H]3OCCC3)c(-c3ccc(F)cc3)nn2)cccc1,,C36213341,99.881065,0,0,0,1,1,1,0,0,0,0
FC(F)(F)c1cc(-c2nc(CCN(CC(C)C)C(=O)c3sccc3)on2)ccc1,,C37380827,99.997299,0,0,0,1,0,1,0,0,0,1
Fc1c(COc2ccc(/C=C\3/C(=O)N(CCCCC)C(=O)C(C#N)=C/3C)cc2)cccc1,,C38603952,100,0,0,0,1,0,0,0,0,0,1
O(CC(CC)CC)C(=O)C=1[C@H](C)C=2C(=O)C[C@@H](c3ccc(N(C)C)cc3)CC=2N=1,,C39314443,99.999535,0,0,0,1,0,1,0,0,0,0
S(Cc1ccccc1)c1n(CCCOC)c(-c2cc(OC(C)C)ccc2)nn1,,C39759621,99.873665,0,0,0,1,0,1,0,0,1,1
Fc1ccc2OC=3C(=O)N(CC=C)[C@@H](c4ccc(OCCCCCC)cc4)C=3C(=O)c2c1,,C40031697,100,0,0,0,0,0,0,0,0,0,0
Clc1ccc(O[C@@H](C)c2n(CC(=O)N(CC=C)CC=C)c3ccccc3n2)cc1,,C40237009,88.241333,0,0,0,1,0,1,0,0,0,1
O(C[C@]12[C@H](C)[C@H]([C@@H](c3c(OC(=O)CC)cccc3)OC1)C(C)=C[C@@H]2C)C(=O)CC,,C43737471,100,0,0,0,0,0,1,0,0,0,0
S(CC(=O)N(CC)c1ccccc1)c1n(c(Cc2ccccc2)nn1)-c1ccccc1,,C12105375,99.548668,0,0,0,0,0,1,0,0,0,0
S(Cc1ccc(OC(F)(F)F)cc1)c1oc(COc2c(C)ccc(C)c2)nn1,,C45899023,99.999039,0,0,0,1,0,1,0,0,0,0
Clc1ccc(-c2n(CC=C)c(SCc3c(OC)ccc(C=O)c3)nn2)cc1,,C58986770,99.873192,0,0,0,0,0,1,0,0,0,0
S(CCCOC)c1n(CC)c(-c2cc(-c3ccccc3)nc3ccccc23)nn1,,C59122138,79.910255,0,0,0,0,0,0,0,0,0,0
Clc1c(-c2n(c(SCCCOC)nn2)-c2ccc(OCC)cc2)cccc1,,C59123561,99.946808,0,0,0,0,0,1,0,0,0,0
Brc1ccc(-c2n(CC=C)c(SCC(=O)OC3CCCC3)nn2)cc1,,C59265880,99.896156,0,0,0,1,0,1,0,0,0,0
Clc1c(-c2oc(CCC(=O)N(C)Cc3c(OCC)cccc3)nc2)ccc(Cl)c1,,C59580644,100,0,0,0,1,1,1,0,0,1,1
S(Cc1cc(OCC(F)(F)F)ccc1)c1n(C)c(-c2ccc(OC)cc2)nn1,,C56282062,99.801773,0,0,0,0,0,0,0,0,0,0
S(CCCOCC(F)(F)F)c1n(c(-c2sccc2)nn1)-c1c(OC)cccc1,,C59962436,99.944618,0,0,0,1,0,1,0,0,0,1
Clc1c(CSc2n(CCCC)c3ccc(S(=O)(=O)NCCCC)cc3n2)ccc(Cl)c1,,C06132047,81.042679,0,0,0,1,0,0,0,1,0,0
Clc1ccc(COc2ccc(/C=C/C(OCC(=O)Nc3c(C(C)C)cccc3C(C)C)=O)cc2)cc1,,C01915355,100,0,0,0,1,0,1,0,0,0,0
S(=O)(=O)(NCCCc1cn(Cc2ccccc2)c2ccccc12)c1c(C(C)C)cc(C(C)C)cc1C(C)C,,C03765545,96.745811,0,0,0,1,0,0,1,0,0,0
Clc1c(Cc2sc(NC(=O)/C(=C/c3ccc(OCCCCCC)cc3)/C#N)nc2)ccc(Cl)c1,,C02553467,100,0,0,0,0,0,0,0,0,0,0
Clc1c(O[C@H](C[NH+]2CCOCC2)[C@@](O)(CCCCC)c2ccc(OCC)cc2)ccc(Cl)c1,,C27238041,52.880043,0,0,0,0,0,0,1,1,0,0
Clc1ccc(-c2c(C(OCC)=O)c(NC(=O)/C=C/c3ccc(OCCCC)cc3)sc2C)cc1,,C01974622,100,0,0,0,0,0,0,0,0,0,0
Clc1nc(SCc2ccc(C(=O)NC(C)C)cc2)nc(N(CCc2ccccc2)Cc2ccccc2)c1,,C33728644,99.069344,0,0,0,1,0,0,0,0,0,0
Clc1cc(N([C@H](CCCCC)C(=O)NC(C)(C)C)C(=O)/C(=C/c2ccccc2)/c2ccccc2)ccc1,,C36480353,100,0,0,0,0,0,0,0,0,0,0
Clc1cc(N([C@@H](C(CC)CC)C(=O)NC(C)(C)CC(C)(C)C)C(=O)/C=C\CCCCC)ccc1,,C36481949,100,0,0,0,0,0,0,0,0,0,1
Clc1cc(N([C@H](C(=O)NCCCC)c2ccc(C(F)(F)F)cc2)C(=O)[C@H](CC)CCCC)ccc1,,C36482260,100,0,0,0,1,0,0,0,0,0,1
Clc1cc(N([C@H](C(=O)NCCCC)c2ccc(C(F)(F)F)cc2)C(=O)[C@@H](CC)CCCC)ccc1,,C36482261,100,0,0,0,0,0,0,0,0,0,1
Clc1cc(N([C@H](/C=C/CCC)C(=O)NC(C)(C)CC(C)(C)C)C(=O)[C@H](CC)CCCC)ccc1,,C36482330,100,0,0,0,0,0,0,0,0,0,0
O=C(NCCCC)[C@H](N(Cc1occc1)C(=O)/C(=C\c1ccccc1)/c1ccccc1)/C=C/CCC,,C36493865,100,0,0,0,0,0,0,0,0,0,0
O=C(N(Cc1occc1)[C@@H](C(=O)NCCCC)c1cc2ccccc2c2ccccc12)C[C@H](C)c1ccccc1,,C36501664,100,0,0,0,0,0,0,1,0,0,1
Clc1c([C@@H](N(Cc2occc2)C(=O)CCCC)C(=O)NC(C)(C)CC(C)(C)C)c(Cl)ccc1,,C36507370,100,0,0,0,0,0,0,0,0,0,1
O=C(NC(C)(C)C)[C@@H](N(CCCCCC)C(=O)/C(=C\c1ccccc1)/c1ccccc1)/C=C/CCC,,C36507788,100,0,0,0,0,0,0,0,0,0,0
Clc1ccc(C(=O)N(CCCCCC)[C@H](C(=O)NC(C)(C)CC(C)(C)C)c2c(C)cc(C)cc2)cc1,,C36511288,100,0,0,0,0,0,0,0,0,0,1
Clc1c([C@@H](N(CCCCCC)C(=O)CCC)C(=O)NC(C)(C)CC(C)(C)C)c(Cl)ccc1,,C36517126,100,0,0,0,0,0,1,0,0,0,1
Clc1c(N([C@@H](C(=O)NCCCC)c2ccc(C(F)(F)F)cc2)C(=O)/C=C/CCCCC)cccc1,,C36542072,100,0,0,0,1,0,0,0,0,0,0
Clc1ccc([C@@H](N(Cc2oc(C)cc2)C(=O)/C=C/CCCCC)C(=O)NC(C)(C)CC(C)(C)C)cc1,,C36557688,100,0,0,0,0,0,0,0,0,0,1
O=C(NC(C)(C)CC(C)(C)C)[C@H](N(Cc1oc(C)cc1)C(=O)[C@@H](CC)CCCC)c1ccc(C)cc1,,C36558297,100,0,0,0,0,0,0,0,0,0,0
O=C(NC(C)(C)CC(C)(C)C)[C@@H](N(CCC)C(=O)/C(=C\c1ccccc1)/c1ccccc1)c1c(C)cc(C)cc1,,C36559575,100,0,0,0,0,0,0,0,0,0,1
O=C(NC(C)(C)CC(C)(C)C)[C@H](N(CCC)C(=O)/C(=C\c1ccccc1)/c1ccccc1)/C=C/CCC,,C36559688,100,0,0,0,0,0,0,0,0,0,1
O=C(N(CCC)[C@H](/C=C/CCC)C(=O)NC(C)(C)C)CCCc1cc2cccc3ccc4cccc1c4c23,,C36561080,100,0,0,0,0,0,0,0,0,0,1
Clc1c([C@@H](N(CCC)C(=O)[C@@H](CC)CCCC)C(=O)NC(C)(C)CC(C)(C)C)c(Cl)ccc1,,C36564738,100,0,0,0,0,0,0,0,0,0,1
Brc1ccc(CC(=O)N(CCC)[C@H](CCCCC)C(=O)NC(C)(C)CC(C)(C)C)cc1,,C36567439,100,0,0,0,0,0,1,0,0,0,1
N(CC)(CC)c1ccc(/C=N/c2c(-c3c(/N=C/c4ccc(N(CC)CC)cc4)cccc3)cccc2)cc1,,C03143361,92.645576,0,0,0,0,0,0,0,0,0,0
S(=O)(=O)(N(CCCC)CCCC)c1ccc(C(=O)/N=C\2/N(CCOC)c3cc(C)c(C)cc3S/2)cc1,,C36698263,98.59343,0,0,0,1,0,0,0,0,0,0
S(=O)(=O)(N(CCCC)CCCC)c1ccc(C(=O)/N=C\2/N(CCC)c3ccc(C(C)C)cc3S/2)cc1,,C36688230,98.434708,0,0,0,1,0,0,0,0,0,0
Clc1c(OCCCCCC)c(Cl)cc(C(=O)Nc2c(C(OCC)=O)c3CCCCc3s2)c1,,C39869056,100,0,0,0,0,0,0,0,0,0,0
Clc1ccc(C(=O)C=2[C@H](N(CCC[NH+](CCCC)CCCC)C(=O)C=2[O-])c2c(C)ccs2)cc1,,C40019209,98.698753,0,0,0,1,0,1,0,0,0,0
Clc1c(C(=O)NCCc2n(CCCOc3ccc([C@@H](C)CC)cc3)c3ccccc3n2)cccc1,,C40199690,67.926537,0,0,0,0,0,1,1,0,0,0
Clc1ccc(C(=O)NCCc2n(CCCOc3ccc([C@@H](C)CC)cc3)c3ccccc3n2)cc1,,C40200773,67.880814,0,0,0,1,0,0,1,0,0,0
Clc1c(C)cc(OCCCCn2c(CCNC(=O)Cc3c(Cl)cccc3)nc3ccccc23)cc1,,C40202787,67.185936,0,0,0,0,0,1,1,0,0,1
Clc1ccc(C(=O)NCCCc2n(CCOc3ccc([C@H](C)CC)cc3)c3ccccc3n2)cc1,,C40208055,66.269287,0,0,0,0,0,0,0,0,0,0
Clc1ccc(C(=O)NCCCc2n(CCCCOc3c(C)c(C)ccc3)c3ccccc3n2)cc1,,C40208093,62.993416,0,0,0,0,0,0,1,0,0,0
Clc1c(C)cc(OCCCn2c(CCCNC(=O)Cc3c(Cl)cccc3)nc3ccccc23)cc1C,,C40208664,63.77961,0,0,0,0,0,1,1,0,0,1
Clc1c(C(=O)NCCCCCc2n(CCOc3c(C(C)C)cccc3)c3ccccc3n2)cccc1,,C40212910,64.624756,0,0,0,1,0,0,1,0,0,1
Clc1c(C(=O)NCCCCCc2n(CCOc3cccc4ccccc34)c3ccccc3n2)cccc1,,C40212929,64.710167,0,0,0,1,0,0,1,0,0,1
Fc1c(C(=O)NCCCCCc2n(CCOc3ccc(C(C)(C)C)cc3)c3ccccc3n2)cccc1,,C40213077,64.628365,0,0,0,0,0,0,0,0,0,0
Fc1ccc(C(=O)NCCCCCc2n(CCCOc3cc(C)c(C)cc3)c3ccccc3n2)cc1,,C40219166,62.070366,0,0,0,0,0,0,1,0,0,1
O=C(NCCCCCc1n(CCOc2c(C(C)C)ccc(C)c2)c2ccccc2n1)Cc1c(C)cccc1,,C40221073,64.624413,0,0,0,0,0,0,0,0,0,1
Clc1ccc(OCCCCn2c(CCCCCNC(=O)c3sccc3)nc3ccccc23)cc1,,C40223824,61.285515,0,0,0,0,0,0,1,0,0,1
Clc1ccc(C(=O)N[C@H](C)c2n(CCCCOc3ccc([C@H](C)CC)cc3)c3ccccc3n2)cc1,,C40282023,78.657913,0,0,0,0,0,1,0,0,0,0
O(CC)C(=O)c1c(NC(=O)COc2ccc(C(C)(C)CC(C)(C)C)cc2)scc1-c1cc(C)c(C)cc1,,C40870630,100,0,0,0,0,0,0,0,0,0,0
Brc1c(OCCCC(=O)Nc2ccc(C(OCC(C)C)=O)cc2)ccc(C(C)(C)C)c1,,C40942716,100,0,0,0,0,0,1,1,0,0,0
O=C(NCCCC)[C@H](N(C(=O)/C=C/CCCCC)c1ccccc1)c1c(OC)ccc2ccccc12,,C36606257,100,0,0,0,1,0,1,1,0,0,1
Clc1c(Cl)cccc1CC(=O)N([C@@H](/C=C/CCC)C(=O)NC(C)(C)CC(C)(C)C)c1ccccc1,,C36610558,100,0,0,0,1,0,0,0,0,0,1
O(CC)C(=O)C=1[C@H](c2ccc(C(C)C)cc2)N2C(=O)/C(=C/c3ccc(OCC=C)cc3)/SC2=NC=1CCC,,C58872099,98.104996,0,0,0,1,0,1,0,0,0,1
Brc1cc(/N=C/2\C(=O)N(CN(CCCCCC)CCCCCC)c3ccccc\23)ccc1,,C59377236,53.833099,0,0,0,0,0,0,0,0,0,1
S(CC(=O)N[C@@H](C)CC)C=1N(CC=C)C(=O)c2c(sc3C[C@H](C)CCc23)N=1,,C03610316,99.538704,0,0,0,1,0,1,1,1,0,1
S(CC)c1c(C(=O)Nc2scc(-c3ccc(C(OC)=O)cc3)n2)cccc1,,C05240741,100,0,0,0,1,0,1,0,0,0,0
Clc1ccc(-c2n(CC=C)c(SCC(=O)Nc3c(F)cccc3)nn2)cc1,,C02452232,99.899002,0,0,0,0,0,1,0,0,0,0
Clc1c(NC(=O)COC(=O)CSc2c(C)ccc(C)c2)ncc(Cl)c1,,C03264641,99.941437,0,0,0,1,1,1,1,0,1,1
Brc1ccc(NC(=O)[C@H](OC(=O)COc2ccc(Cl)cc2)C)cc1,,C01931349,100,0,0,0,1,1,1,1,1,1,0
Brc1ccc(O[C@@H](C)C(OCC(=O)Nc2c(C)ccc(C)c2)=O)cc1,,C05626990,100,0,0,0,1,0,1,1,0,1,0
FC(F)(F)c1c(NC(=O)COC(=O)Cc2coc3cc(C)c(C)cc23)cccc1,,C05628270,100,0,0,0,1,0,1,1,0,1,1
Brc1ccc(NS(=O)(=O)c2c(OCC)ccc(OCC)c2)cc1,,C02886079,96.841278,0,0,0,1,0,1,0,1,1,0
Clc1c(Cl)ccc(CC(OCc2n(CCO)c3cc(Cl)ccc3n2)=O)c1,,C06509553,90.933731,0,0,0,1,1,1,0,0,1,1
FC(F)(F)c1cc(C(=O)NCCOc2nnc(-c3ccc(C)cc3)cc2)ccc1,,C07598578,100,0,0,0,0,0,0,0,0,0,0
S(Cc1cc(F)ccc1)c1oc(CNC(=O)c2ccc(C(C)(C)C)cc2)nn1,,C10384275,99.998787,0,0,0,0,0,0,0,0,0,0
Clc1ccc(O[C@@H](C)C(=O)NC[C@H](C)c2n(C(F)F)c3ccccc3n2)cc1,,C10639886,89.57267,0,0,0,1,0,1,1,0,0,1
Fc1c(/C=C/C(O[C@H](C)C(=O)Nc2scc(-c3ccccc3)n2)=O)cccc1,,C06429103,100,0,0,0,1,1,1,1,0,0,0
FC(F)Oc1ccc(NC(=O)c2c(C)nc(COc3ccc(F)cc3)s2)cc1,,C12825403,100,0,0,0,0,0,1,0,0,0,0
S(CC(=O)Nc1ccc(-c2ccccc2)cc1)c1n(CCC#N)c2ccccc2n1,,C12550992,77.755951,0,0,0,1,0,1,1,0,0,0
S(=O)(=O)(N(CC(=O)N[C@@H](CC)c1c(C)cc(C)cc1)c1cc(C)c(C)cc1)C,,C22329742,100,0,0,0,1,0,1,1,1,0,1
FC(F)(F)c1cc(CNC(=O)c2c(OCc3c(C)onc3C)cccc2)ccc1,,C22689602,100,0,0,0,1,0,1,1,1,0,0
Fc1ccc([C@H](NC(=O)[C@H](Oc2ccc(C(C)(C)C)cc2)C)c2n(C)ccn2)cc1,,C26869882,77.591476,0,0,0,1,0,1,1,0,0,0
Clc1ccc(-c2scc(C(O[C@@H](C)C(=O)NCc3sccc3)=O)n2)cc1,,C27414374,100,0,0,0,1,1,1,1,0,0,0
O[C@@H]1C[C@@H](CC[C@H]2[C@@H](C)C=CC=3[C@@H]2[C@@H](OC(=O)[C@@H](C)CC)C[C@H](C)C=3)OC(=O)C1,,C27523306,100,0,0,0,1,0,1,0,1,0,0
FC(F)(F)c1nn(CCC(=O)Nc2c(C(=O)c3ccccc3)cccc2)c(C)c1,,C27969485,99.999359,0,0,0,1,0,1,1,0,0,1
Clc1cc(C)c(O[C@@H](C)C(=O)N(CC)CC(=O)Nc2c(F)cccc2F)cc1,,C32980658,100,0,0,0,1,1,1,1,0,1,1
Clc1ccc(-n2c(/C=N\NC(=O)CSc3ccc(OC)cc3)ccc2)cc1,,C33334268,99.999496,0,0,0,1,0,1,1,0,0,0
Fc1ccc(COc2ccc(-c3scc(C(=O)NCc4occc4)n3)cc2)cc1,,C34711704,100,0,0,0,1,0,1,1,0,0,0
Clc1c(NC(=O)COC(=O)[C@@H](Oc2c(C)cc(Cl)cc2)C)ccc(F)c1,,C36185901,100,0,0,0,1,0,1,1,1,0,0
O[C@H](CCC)C[NH+]1CCN(c2c(Cc3c(C)ccc(C)c3)c(C)[nH+]c(C)n2)CC1,,C36340293,53.556675,0,0,0,0,0,0,1,0,0,0
O[C@H](CO[C@@H](c1c(C)cccc1)c1ccccc1)CN1C(=O)c2ccccc2C=N1,,C36391897,100,0,0,0,1,0,1,1,1,0,0
Clc1c(Cl)ccc(OCC(=O)N(C)CC(=O)Nc2c(CC)cccc2)c1,,C03403037,100,0,1,0,1,1,1,1,1,1,1
O=C(Nc1ccc(OCC)cc1)Cn1cc(C(=O)c2ccccc2)c2ccccc12,,C01114852,100,0,0,0,0,0,0,0,0,0,0
S(CC(=O)NCc1ccccc1)c1n(Cc2c(C#N)cccc2)c2ccccc2n1,,C08609156,76.761276,0,0,0,1,0,0,1,0,0,0
Ic1c(C(=O)N[C@@H](C)CCCC(C)C)cc([N+](=O)[O-])cc1,,C31674121,100,0,0,0,0,0,0,0,0,0,0
S(CC(=O)N[C@H](C)c1ccc(CC(C)C)cc1)C=1N(C)C(=O)c2ccccc2N=1,,C23593087,97.026596,0,0,0,1,0,0,0,0,0,0
Clc1c(C[C@@H](NC(=O)c2c(SCc3noc(C)c3)nccc2)C)cccc1,,C40111966,99.785057,0,0,0,1,0,1,1,0,1,0
S(C)c1cc(NC(=O)CSC=2N(CC(C)C)C(=O)c3ccccc3N=2)ccc1,,C10026248,97.019897,0,0,0,1,0,1,0,0,1,1
S(Cc1nc(-c2ccc(F)cc2)oc1)[C@H](C)C(=O)Nc1ccc(C(=O)C)cc1,,C56244203,100,0,0,0,0,0,1,1,1,0,0
O(C)c1ccc(-c2csc3ncnc(NC[C@H]([NH+](C)C)c4sccc4)c23)cc1,,C57366530,92.008675,0,0,0,0,0,0,1,0,0,0
S(CC(=O)Nc1ccc2CCCc2c1)C=1N(CCCC)C(=O)c2sccc2N=1,,C57426451,98.039299,0,0,0,1,0,0,0,1,0,1
Clc1c(C)ccc(-n2c(S[C@H](C)C(=O)NCCc3sccc3)nnc2)c1,,C57783063,99.766808,0,0,0,1,0,1,1,0,1,1
Clc1c(OC[C@@H](O)CSc2n(-c3c(C)cccc3)cnn2)ccc(Cl)c1,,C07112322,99.718262,0,0,0,1,0,1,1,0,0,0
Clc1c(N[C@@H](C(C)C)C(=O)N(C)Cc2noc(C)c2)ccc(C(F)(F)F)c1,,C25135299,99.996902,0,0,0,1,0,1,1,0,1,1
S([C@@H](C)C(=O)NCC=C)c1n(c(-c2c(F)cccc2)nn1)-c1ccc(C)cc1,,C16060738,99.971863,0,0,0,1,0,0,0,0,0,1
Clc1c(CN(C)C(=O)NCc2c(OCC(F)(F)F)nccc2)c(F)ccc1,,C58757163,99.980515,0,0,0,0,0,0,0,0,0,0
O=C(NCc1c(Cn2nccc2)cccc1)c1c(N(C)c2ccccc2)cccc1,,C59034351,99.948029,0,0,0,1,0,1,1,0,0,0
S(CC(=O)N(CC)CC)c1sc2cc(NC(=O)c3cc(C)ccc3)ccc2n1,,C59517748,100,0,0,0,0,1,1,0,0,0,0
Clc1ccc([C@@H](NC(=O)CCc2onc(-c3cc(F)c(C)cc3)n2)CC)cc1,,C59851276,99.997208,0,0,0,1,0,1,1,0,0,0
O=C(CCC)C=1C(=O)CC(C)(C)CC=1NCCC=1[C@H](C)N=C2C=CC(OC)=CC=12,,C63514754,79.283806,0,0,0,1,0,1,0,1,1,1
FC(F)(F)c1c(NC(=O)Cn2c(C(OC(C)C)=O)cc3ccsc23)cccc1,,C64659043,100,0,0,0,0,0,0,0,1,0,1
S(=O)(=O)(NCCc1c(C)ccs1)c1sc(-c2oc(C3CCC3)nc2)cc1,,C65004565,96.594574,0,0,0,1,0,1,1,0,0,0
O(C)CCN1[C@H](c2c(OCC(C)C)ccc3ccccc23)Nc2ccccc2C1=O,,C66130185,99.989128,0,0,0,1,0,1,0,0,0,1
Clc1ccc(-c2n(CC=C)c(SCc3ccc(C(=O)NC)cc3)nn2)cc1,,C66747300,99.86795,0,0,0,0,0,0,0,0,0,0
O=C(O[C@H]1[C@@H](C(C)C)CC[C@@H](C)C1)[C@@H](C(C)[C@H](C(=O)O[C@H]1[C@H](C(C)C)CC[C@@H](C)C1)C(=O)C)C(=O)C,,C03846300,99.957092,0,0,0,1,0,1,0,0,0,1
BrC([N+](=O)[O-])(COC(=O)c1cc(C(F)(F)F)ccc1)COC(=O)c1cc(C(F)(F)F)ccc1,,C02555999,100,0,0,0,0,0,0,0,0,0,0
S(=O)(=O)(N(CCC)CCC)c1ccc(C(=O)/N=C\2/N(CC=C)c3ccc(OCC)cc3S/2)cc1,,C09000338,98.333244,0,0,0,1,0,0,0,0,0,0
O(C)C(=O)c1ccc2N(CC(OCC)=O)/C(=N/C(=O)c3cc(OCCCCC)ccc3)/Sc2c1,,C09077867,99.166054,0,0,0,0,0,1,0,0,0,0
O=C(Oc1cn(C[C@@H](CC)CCCC)c2N=C(CC(C)C)n3c4ccccc4[nH+]c3-c12)CC(C)C,,C02352827,88.33593,0,0,0,0,0,0,0,0,0,0
O(CC)CCCn1cc(OC(=O)CCCCC)c2-c3[nH+]c4ccccc4n3C(CCCCC)=Nc12,,C09243554,88.283066,0,0,0,0,0,0,0,0,0,0
S(=O)(=O)(N(CCCC)CCCC)c1ccc(C(=O)/N=C\2/N(CCOC)c3c(C)cccc3S/2)cc1,,C09764720,98.583313,0,0,0,1,0,0,0,0,0,0
S(=O)(=O)(N(CCC)CCC)c1ccc(C(=O)/N=C\2/N(CCOCC)c3c(OCC)cccc3S/2)cc1,,C09765452,98.538605,0,0,0,1,0,1,0,0,0,1
O=C(Oc1cn(Cc2occc2)c2N=C(CCCCC)n3c4ccccc4[nH+]c3-c12)CCCCC,,C09540760,87.881287,0,0,0,0,0,0,0,0,0,0
Fc1ccc(-n2cc(OC(=O)CCCCC)c3-c4[nH+]c5ccccc5n4C(CCCCC)=Nc23)cc1,,C09124195,86.675003,0,0,0,0,0,0,0,0,0,0
S(Cc1ccc([N+](=O)[O-])cc1)c1oc(-c2c(OCC(F)(F)F)ccc(OCC(F)(F)F)c2)nn1,,C01047780,99.997673,0,0,0,1,0,1,0,0,0,1
Brc1cc(C(=O)Nc2ccc(C(=O)N(CC)CC)cc2)c(OCCCCCC)cc1,,C14834722,100,0,0,0,0,0,0,0,0,0,1
O(C)CCCN([C@H](CC)C=1N(c2ccc(OC)cc2)C(=O)c2ccccc2N=1)C(=O)[C@H](CC)CCCC,,C16431134,99.032837,0,0,0,1,0,1,0,0,0,1
O(C(C)(C)C)C(=O)C(=N[C@@]1(C)[C@H](c2ccccc2)C(C(OC(C)(C)C)=O)=C(C)O1)C(OC(C)(C)C)=O,,C03058491,100,0,0,0,0,0,1,0,0,0,0
O(CC)c1c(OCC)ccc(/C=C\2/C(=O)n3nc(-c4ccc(OCCCCCC)cc4)nc3S/2)c1,,C03651002,99.90596,0,0,0,1,0,0,0,0,0,0
O(C)c1c(OC)ccc(/C=C/c2nn3C(=O)/C(=C/c4cc(OC)c(OCCCCCC)cc4)/Sc3n2)c1,,C16742158,99.898392,0,0,0,1,0,1,0,0,0,0
OC(OCCOC)c1c(-c2sccc2)[n+]2C(=O)/C(=C\c3ccc(OCCCC)cc3)/Sc2nc1C,,C16805448,99.999199,0,0,0,1,0,1,1,1,0,1
Clc1c(Cn2c(CN(Cc3ccccc3)C(=S)Nc3c(OCC)cccc3)ccc2)ccc(F)c1,,C03054413,100,0,0,0,1,0,1,1,0,0,1
Clc1ccc(Cn2c(CN(CCCN(C)c3ccccc3)C(=S)Nc3c(C)cccc3C)ccc2)cc1,,C20732640,100,0,0,0,0,0,0,0,0,0,0
Clc1ccc(COc2c(OCC)cc(/C=N/NC(=O)CSCc3c(C)cccc3)cc2)cc1,,C03089314,100,0,0,0,1,0,1,1,0,0,0
Clc1cc(N([C@H](C(=O)NC(C)(C)C)c2ccc(N(C)C)cc2)C(=O)/C=C\CCCCC)ccc1,,C36482083,100,0,0,0,0,0,0,0,0,0,0
Clc1cc(N([C@@H](C(=O)NC(C)(C)C)c2ccc(N(C)C)cc2)C(=O)/C=C\CCCCC)ccc1,,C36482085,100,0,0,0,1,0,0,0,0,0,0
Clc1cc(N([C@H](C(=O)NC(C)(C)C)c2ccc(C(F)(F)F)cc2)C(=O)[C@H](CC)CCCC)ccc1,,C36482256,100,0,0,0,0,0,0,0,0,0,1
Clc1c(Cl)cccc1CC(=O)N(CCCCCC)[C@H](C(=O)NCCCC)c1c(C)cc(C)cc1,,C36514978,100,0,0,0,1,0,1,0,0,0,1
Clc1c(Cl)cccc1CC(=O)N(CCCCCC)[C@H](C(=O)NC(C)(C)C)c1ccc(Cl)cc1,,C36515084,100,0,0,0,0,0,0,0,0,0,1
Clc1c(C(=O)N(CCCCCC)[C@H](C(=O)NC(C)(C)C)c2ccc(N(C)C)cc2)cccc1,,C36521657,100,0,0,0,0,0,0,0,0,0,0
Clc1c(N([C@@H](C(=O)NC(C)(C)C)c2ccc(N(C)C)cc2)C(=O)/C=C\CCCCC)cccc1,,C36542373,100,0,0,0,0,0,0,0,0,0,1
Clc1c(N([C@@H](C(=O)NC(C)(C)C)c2ccc(C(F)(F)F)cc2)C(=O)[C@@H](CC)CCCC)cccc1,,C36542538,100,0,0,0,0,0,0,1,0,0,1
Clc1c(Cl)cccc1CC(=O)N([C@@H](/C=C/CCC)C(=O)NCCCC)c1c(Cl)cccc1,,C36545540,100,0,0,0,1,0,1,0,0,0,1
Clc1cc(N([C@H](C(=O)NCCCC)c2ccc(C(F)(F)F)cc2)C(=O)CCCCC)ccc1,,C36552473,100,0,0,0,0,0,0,0,0,0,0
Clc1c([C@@H](N(C(=O)CCCCC)c2cc(Cl)ccc2)C(=O)NCCCC)c(Cl)ccc1,,C36552564,100,0,0,0,1,0,0,0,0,0,1
O=C(N(Cc1oc(C)cc1)[C@@H](C(=O)NCCCC)c1c(C)cc(C)cc1)C[C@@H](C)c1ccccc1,,C36598494,100,0,0,0,0,0,0,0,0,0,1
S(=O)(=O)(N(CCCC)CCCC)c1ccc(C(=O)/N=C\2/N(CCC)c3c(OCC)cccc3S/2)cc1,,C39723308,98.369293,0,0,0,1,0,0,0,0,0,0
Clc1ccc(C2=NN(CCCCCC)c3[nH+]c4N(C)C(=O)N(CCCCCC)C(=O)c4n3C2)cc1,,C39735065,83.852913,0,0,0,1,0,1,0,0,0,1
Clc1c(OCCCc2n(CC)c(SCC(=O)c3cc([N+](=O)[O-])c(C)cc3)nn2)ccc(Cl)c1,,C39759142,99.58577,0,0,0,1,0,1,0,0,1,1
Clc1c(C)cc2OC=3C(=O)N(CCOC)[C@@H](c4cc(OCC)c(OCCCCC)cc4)C=3C(=O)c2c1,,C39912971,100,0,0,0,1,0,0,0,0,0,1
O(CC)c1c(OCCCC)ccc(/C=C\2/C(=O)n3nc(/C=C/c4ccc(OCC=C)cc4)nc3S/2)c1,,C40015790,99.89727,0,0,0,1,0,0,0,0,0,0
O=C(N[C@H](C)c1n(CCCCOc2ccc([C@@H](C)CC)cc2)c2ccccc2n1)c1ccc(C)cc1,,C40186008,78.65036,0,0,0,1,0,1,0,0,0,0
O=C(NCCc1n(CCCCOc2c(C(C)C)ccc(C)c2)c2ccccc2n1)c1c(C)cccc1,,C40199539,67.145615,0,0,0,1,0,1,1,0,1,0
Clc1c(CC(=O)NCCc2n(CCOc3ccc([C@H](C)CC)cc3)c3ccccc3n2)cccc1,,C40202734,70.270645,0,0,0,1,0,1,0,0,0,1
Clc1c(CC(=O)NCCc2n(CCCOc3c(C(C)C)cccc3)c3ccccc3n2)cccc1,,C40202747,67.915375,0,0,0,1,0,1,1,0,0,1
Fc1c(C(=O)NCCCc2n(CCCOc3ccc(C(C)C)cc3)c3ccccc3n2)cccc1,,C40206618,63.806274,0,0,0,0,0,1,1,0,0,0
Clc1ccc(C(=O)NCCCc2n(CCCCOc3c(C)ccc(C)c3)c3ccccc3n2)cc1,,C40208096,62.993416,0,0,0,0,0,0,1,0,0,0
Clc1ccc(N2C([C@@H](N(CCCCCC)C(=O)CC(C)(C)C)CC)=Nc3ccccc3C2=O)cc1,,C40356675,99.123802,0,0,0,0,0,0,0,0,0,1
Brc1c(OCCCC(=O)Nc2sc(SCCCC)nn2)ccc(C(C)C)c1,,C41018201,99.916382,0,0,0,1,0,1,1,0,0,0
O=C(NC[C@@H](CC)CCCC)c1c(C)n(Cc2sccc2)c(-c2nc(-c3ccccc3)sc2)c1,,C33897788,100,0,0,0,0,0,0,0,0,0,0
O(CC)c1c(OCCCC)ccc(/C=C\2/C(=O)/C(=C/c3cc(OCC)c(OCCCC)cc3)/CC(C)C/2)c1,,C20115452,100,0,0,0,0,0,0,0,0,0,0
O(C)c1ccc(C[n+]2c([C@H](N(Cc3occc3)Cc3ccc(C(C)(C)C)cc3)c3sccc3)nn[nH]2)cc1,,C01338291,43.830456,0,0,0,0,0,0,0,0,0,0
S(=O)(=O)(/N=C/1\N(CC=C)C(=O)/C(=C/c2cc(OC)c(OCCCCC)cc2)/S\1)c1sccc1,,C08834160,100,0,0,0,1,0,1,0,0,0,0
FC(F)(F)C1=C(Oc2ccc(C(OCCC)=O)cc2)C(=O)c2ccc(O[C@H](C)C(OC)=O)cc2O1,,C41499738,100,0,0,0,1,0,0,0,0,0,0
O=[N+]([O-])c1ccc(/C=C/C(=O)N(CC(=O)N(Cc2n(C)ccc2)C2CC2)C2CC2)cc1,,C04379105,100,0,0,0,1,0,1,0,0,0,1
O(C)CCN(CC(=O)N(Cc1n(C)ccc1)Cc1occc1)C(=O)CC(C)(C)C,,C04569571,100,0,0,0,1,0,1,0,0,0,1
S(CC(OCC(=O)N(CCC#N)c1c(F)cccc1)=O)c1oc2ccccc2n1,,C05969666,100,0,0,0,1,0,1,0,0,1,1
S(=O)(=O)(Cc1scc(-c2onc(C(OCC)=O)c2)n1)Cc1cc(C(F)(F)F)ccc1,,C01047990,100,0,0,0,1,0,1,0,0,0,1
S(=O)(=O)(N(CC)CC)c1cc(C(OCC(=O)N(C(C)C)C(C)C)=O)c(F)cc1,,C04494876,100,0,0,0,1,0,1,0,1,1,0
S(CC(=O)c1c(C)n(C2CC2)c(C)c1)c1n(CCOC)c(-c2ccncc2)nn1,,C08232317,97.350227,0,0,0,1,0,1,0,0,0,1
S(=O)(=O)(N(C)c1ccc(C(=O)CSc2n(C3CC3)c(Cc3sccc3)nn2)cc1)C,,C08861862,99.669296,0,0,0,1,0,0,0,1,0,0
S(Cc1ccc(C#N)cc1)c1c(C(OCC(=O)N(CCC#N)CCC#N)=O)cccc1,,C09073117,100,0,0,0,1,0,1,0,1,1,1
Clc1ccc2N=C(SCC(=O)N(CCC#N)CCC#N)N(CC(C)C)C(=O)c2c1,,C09091422,97.27095,0,0,0,1,0,1,0,1,1,1
S(CC(=O)N(CCC#N)c1ccc(F)cc1)C=1N([C@H](C)COC)C(=O)c2ccccc2N=1,,C03456421,97.228828,0,0,0,1,0,1,0,0,0,1
S(=O)(=O)(N(CCC)CCC)c1ccc(CCN2C(=O)c3ncccc3C2=O)cc1,,C09211484,99.999451,0,0,0,1,0,1,0,0,0,0
Clc1ccc(SCC(OCC(=O)N(CCC#N)c2ccc3OCCOc3c2)=O)cc1,,C09396718,100,0,0,0,1,0,1,0,0,0,1
FC(F)Oc1c(OC)cc(/C=N/OCc2oc(-c3ccc(OC)cc3)nn2)cc1,,C14290441,99.997955,0,0,0,1,0,1,0,0,0,0
O(CC(=O)c1c(C)n(c(C)c1)-c1ccc(OCC)cc1)C(=O)C[C@@H]1CS(=O)(=O)C=C1,,C16419007,100,0,1,1,1,1,1,0,1,1,0
O(C)CCn1c([C@@H](N2CCN(c3ccccc3)CC2)c2ccc(OCC)cc2)nnn1,,C19532745,79.725914,0,0,0,1,0,1,0,0,0,0
FC(F)(F)c1cc(Cn2nnc(C(=O)N(C)CCCC[NH+]3CCOCC3)c2)ccc1,,C20202610,97.315933,0,0,0,1,0,1,1,1,0,1
S(CC(=O)c1c(C)n([C@@H](C)COC)c(C)c1)c1n(CC)c(-c2c(C)occ2)nn1,,C21867364,99.563972,0,0,0,1,0,1,0,0,0,0
Clc1ccc(-c2n(c(SCC(=O)N(CCC#N)CCC#N)nn2)-c2ccc(C)cc2)cc1,,C22558682,99.958221,0,0,0,1,0,1,0,1,0,0
Clc1c(C(OCc2c(C(OCC)=O)cco2)=O)cc(S(=O)(=O)N(C)C)cc1,,C22616804,100,0,0,0,1,0,1,0,1,1,0
O(CC(=O)c1c(C)n([C@@H]2CS(=O)(=O)CC2)c(C)c1)C(=O)COc1c(C(C)C)ccc(C)c1,,C24629814,100,0,0,0,1,1,1,0,1,0,1
S(C)c1n(c(C(OCC(=O)N(CCC#N)c2ccccc2)=O)c[nH+]1)-c1ccc(F)cc1,,C24641343,67.497749,0,0,0,1,0,1,0,0,0,0
O(C)CCN(Cc1oc(-c2sccc2)nn1)C(=O)/C=C/c1c(C)n(c(C)c1)-c1ccccc1,,C32722415,99.997505,0,0,0,1,0,1,0,0,0,1
S(=O)(=O)(N(C)CCCC(=O)N(C)Cc1sc2ccccc2n1)c1ccc(C(=O)C)cc1,,C32741000,100,0,0,1,1,1,1,0,0,1,1
Brc1ccc(C(=O)N(CCCOC)Cc2occ(C(OC)=O)n2)cc1,,C35331282,100,0,0,0,1,0,1,0,1,0,1
S(=O)(=O)(N(CC(C)C)CC(=O)N(C[C@@H]1OCCC1)Cc1occc1)CCCC,,C35357407,100,0,1,0,1,0,1,0,1,1,1
O(CC)C(=O)c1n(C)c(C)c(C(=O)[C@@H](N(Cc2occc2)C(=O)C(C)C)C)c1C,,C36006416,100,0,0,0,1,0,1,0,0,0,0
O(C)CCCN([C@H](C)C(=O)c1c(C)n(C)c(C(OCC)=O)c1C)C(=O)CC(C)C,,C36006521,100,0,0,0,1,0,1,0,0,1,1
O(C)C(=O)c1n(C)c(C)c(C(=O)[C@H](N(C[C@H]2OCCC2)C(=O)CC(C)C)C)c1C,,C36018185,100,0,1,0,1,0,1,0,0,0,1
Clc1ccc(C(=O)N(CC(=O)c2c(C)n(CC)c(C(OC)=O)c2C)Cc2ccncc2)cc1,,C36018581,99.494514,0,0,0,0,0,1,0,0,0,1
Fc1ccc(C(=O)N(CC(=O)c2c(C)n(CC)c(C(OC)=O)c2C)Cc2occc2)cc1,,C36018618,100,0,0,0,1,0,1,0,0,0,1
O(C)CCn1c([C@H](N2CCN(c3ccccc3)CC2)c2ccc(OCC)cc2)nnn1,,C19532744,79.725914,0,0,0,1,0,1,0,0,0,0
S(=O)(=O)(N(C)C)c1ccc2n(CC)c(CCC(=O)N(CC)Cc3sccc3)nc2c1,,C36728554,82.441643,0,0,0,1,0,1,0,1,0,1
O(CCCN1C(=O)/C(=C/c2ccc(N(CC)CC)cc2)/C(C)=C(C#N)C1=O)C(=O)C,,C38608926,100,0,0,0,1,0,1,0,0,1,0
S(C)c1ccc(/C=C/2\C(=O)N(CCOCCOC(=O)C)C(=O)C(C#N)=C\2C)cc1,,C38608974,100,0,0,0,1,0,1,0,1,1,1
S(=O)(=O)([C@@H]1N(CCOC)[C@@H](C[NH+](C)C[C@@H]2N=C(C)C=N2)C=N1)C1CCCCCC1,,C39406074,80.867889,0,0,1,1,0,1,0,1,1,1
O=C(N(C[C@H]1OCCC1)CC1CCC1)CCc1oc(-c2sc(C(=O)C)cc2)nn1,,C12056702,99.997314,0,0,0,1,0,1,0,0,1,1
S(=O)(=O)(C)c1ccc(C(O[C@H](C)C(=O)C=2C(C)=C(C(OCC)=O)[C@H](C)N=2)=O)cc1,,C39730457,99.974747,0,0,0,1,0,1,0,1,1,1
S(=O)(=O)(C)c1ccc(C(O[C@@H](C)C(=O)C=2C(C)=C(C(OCC)=O)[C@H](C)N=2)=O)cc1,,C39730462,99.974747,0,0,0,1,0,1,0,1,0,0
Clc1sc(C(=O)CCC(O[C@@H](C)C(=O)C=2C(C)=C(C(OC)=O)[C@H](C)N=2)=O)cc1,,C44645745,99.974808,0,0,0,1,1,1,0,0,0,1
S(CC(=O)c1c(C)n(CCC(C)C)c(C)c1)c1n(C)c(C[C@H]2CS(=O)(=O)CC2)nn1,,C45494562,99.629921,0,0,0,1,0,1,0,1,1,1
S(=O)(=O)(N(CC)CC)c1cn(C)c(C(OCc2nc(-c3ccccc3)oc2)=O)c1,,C45562530,100,0,0,0,1,0,1,0,1,0,0
S(c1scc(CC(OCC)=O)n1)C=1C(=C(C(OC)=O)C#N)Nc2ccccc2N=1,,C46719743,99.77961,0,0,0,1,0,1,0,0,0,0
S(c1scc(CC(OCC)=O)n1)C=1C(=C(C(OC)=O)C#N)Nc2ccccc2N=1,,C46719745,99.77961,0,0,0,1,0,1,0,0,0,0
O(C)CCN([C@@H](C)C(=O)c1c(C)n(C)c(C(OC)=O)c1C)C(=O)c1ccc(C)cc1,,C50766069,100,0,0,0,1,0,1,0,0,0,1
O(C)CCCN(Cc1scc(C(OC)=O)n1)C(=O)c1ccc(OCCCC)cc1,,C04873391,100,0,0,0,1,0,1,0,1,0,0
Clc1c(CN(C)C(=O)COC(=O)c2c(SCc3onc(C)n3)cccc2)c(F)ccc1,,C22765410,99.993568,0,0,0,1,1,1,0,0,1,0
S(=O)(=O)(N1CCN(C(=O)[C@H](SCCCC)C)CC1)c1scc(C(OC)=O)c1,,C59851167,100,0,0,0,1,0,0,0,0,1,0
S(=O)(=O)(C)c1ccc(N(C)C(=O)c2cc(OCC)c(OCC)c(OCC)c2)cc1,,C60059641,100,0,0,0,1,0,1,0,1,0,1
S(CC(=O)N(CC(OCC)=O)c1ccccc1)c1n(C)c(-c2c(C)occ2)nn1,,C22121074,99.623207,0,0,0,1,0,1,0,0,0,1
O(CC)C(=O)C=1[C@@H](C)N=C(C(=O)[C@H](OC(=O)CCC(=O)c2c(C)sc(C)c2)C)C=1C,,C64052933,99.97467,0,0,0,1,0,1,0,1,1,1
OC(OC)c1c(-c2cc(OCC)c(OCC)cc2)[n+]2C(=O)[C@H](CC)Sc2nc1C,,C02487156,99.99968,0,0,0,1,0,1,0,1,0,0
S(CC=1OC=C(OC(=O)c2c(OCC)cccc2)C(=O)C=1)c1nc(C)ccn1,,C04377195,99.940331,0,0,1,1,0,1,0,0,0,0
S(CC(OC(C)C)=O)c1n(c(-c2ccncc2)nn1)-c1ccc(OC)cc1,,C04509711,97.631607,0,0,0,0,0,1,0,0,1,0
O=C(Oc1ccc(C(=O)C)cc1)c1nc(C(=O)Oc2ccc(C(=O)C)cc2)ccc1,,C01509715,100,0,0,0,0,0,0,0,0,0,0
O(CC(=O)N(CC(C)C)CC(C)C)C(=O)c1c(C)c2C(=O)N3CCCC3=Nc2s1,,C05246663,99.762306,0,0,0,1,0,1,0,0,0,0
S(=O)(=O)(N(CCC)Cc1occ(C(OC)=O)n1)c1cccc2ccccc12,,C00961813,100,0,1,0,1,0,1,0,0,0,1
O(CC(=O)c1c(C)n(CC=C)c(C)c1)C(=O)c1ccc2N(CC)C(=O)C(C)=Nc2c1,,C06535563,99.998657,0,0,0,1,1,1,0,0,1,1
O(CC)C(=O)[C@@H]1[C@H](CN(Cc2nn(C)c(C)c2)C(=O)c2n(C)c3ccccc3c2)C1,,C06687450,99.921959,0,0,0,1,0,1,0,0,1,0
O=[N+]([O-])c1ccc(C(=O)N(Cc2n(Cc3ccccc3)ccc2)Cc2occc2)cc1,,C06838472,100,0,0,0,0,0,0,0,0,0,0
O(CC(=O)N(C)CCC#N)C(=O)c1c(-c2oc(-c3ccc(C)cc3)cn2)cccc1,,C07415132,100,0,1,0,1,0,1,0,1,0,1
Clc1ccc(OCCN(C)C(=O)COc2ccc(-c3ocnn3)cc2)cc1,,C07773951,99.997635,0,0,0,1,1,1,0,0,1,1
S(=O)(=O)(N(C)C)c1ccc2n(CC)c(COc3ccc(C(=O)CC)cc3)nc2c1,,C08394374,93.529739,0,0,0,1,0,0,0,1,1,0
S(CC(=O)N(CCOC)C=1CCCCC=1)c1n(C)c(-c2c(C)occ2)nn1,,C08883581,99.61763,0,0,0,1,0,1,0,1,0,1
O(CC(=O)N(CCC#N)c1ccc(OCC)cc1)C(=O)c1ccc(N(C)C)cc1,,C11030822,100,0,0,0,1,0,1,0,0,0,0
O=[N+]([O-])c1c(OCC(=O)N(Cc2c(C)ccs2)Cc2occc2)cccc1,,C12111403,100,0,0,0,0,0,0,0,0,0,0
S(=O)(=O)(N(CC=C)Cc1noc(-c2occc2)c1)c1ccc(C(=O)C)cc1,,C12806344,100,0,0,0,1,0,1,0,0,1,1
S(C/C=C/c1ccccc1)c1n(CCOC)c(-c2c(OC)nn(C)c2)nn1,,C12872386,99.153435,0,0,0,1,0,0,0,0,0,0
S(CC(=O)N(Cc1occc1)Cc1ccccc1)c1oc(-c2c(C)occ2)nn1,,C14120373,99.994125,0,0,0,1,0,1,0,0,0,0
O([C@H](C)C(=O)c1cc(C)c(C)cc1)C(=O)CCN1C(=O)OC(c2sccc2)=N1,,C16366477,100,0,0,0,1,0,1,0,0,1,1
S(CC(=O)c1ccc(OC)cc1)c1n(Cc2occc2)c(-c2ccncc2)nn1,,C16756244,97.416336,0,0,0,1,0,0,0,0,1,0
Clc1n(Cc2ccc(C)cc2)nc(C)c1C(OCC(=O)N(C)Cc1occc1)=O,,C21241439,99.99398,0,0,0,1,0,1,0,0,1,1
S(=O)(=O)(N1CCOCC1)c1cc(-c2n(CC=C)c(SCCC)nn2)ccc1,,C21246868,99.894218,0,0,0,1,0,0,0,1,0,0
O(CC(=O)N(C1CC1)C=1CCCCC=1)C(=O)CCC1=C(C)n2nc(C)cc2N=C1C,,C23329121,99.659523,0,0,0,1,0,1,0,0,0,1
O=C(N(C)CCOc1ccc(OC)cc1)c1cc(C(C)C)nc2n(C(C)C)ncc12,,C23648250,99.650581,0,0,0,1,0,1,0,0,0,1
S(CC(=O)N(CC#N)c1ccccc1)c1n(CC=C)c(-c2c(C)occ2)nn1,,C23867825,99.638245,0,0,0,1,0,1,0,0,1,0
O(CC(=O)N(CC)c1ccccc1)C(=O)CCC1=C(C)n2nc(C)cc2N=C1C,,C26197649,99.659538,0,0,1,1,0,1,0,0,0,1
O=C(N(C)CCc1nc(COc2c(C)cccc2)on1)c1ccc(OCC)cc1,,C33252663,99.998108,0,0,1,1,1,1,0,0,1,1
Clc1ccc2C(=O)N(CC)C([C@@H](N(CCOC)C(=O)c3occc3)CC)=Nc2c1,,C35026423,98.395912,0,0,0,1,0,1,0,0,0,1
Clc1ccc(O[C@H](C)C(=O)N(CCC)Cc2oc(-c3occc3)nn2)cc1,,C36062795,99.998718,0,0,0,1,0,1,0,0,1,1
S([C@H](C)C(=O)N(C(C)C)C(C)C)c1n(-c2ccc(OC(F)(F)F)cc2)nnn1,,C08255155,100,0,0,0,0,0,1,0,0,0,0
S(Cc1oc(-c2ccccc2)cn1)c1n(CC)c(CCc2c(C)n(C)nc2)nn1,,C41343987,99.486023,0,1,0,1,0,1,0,0,0,1
FC(F)(F)c1n(CC(OCc2c(C(OCC)=O)cco2)=O)c2ccccc2n1,,C45275454,99.8377,0,0,0,0,0,0,0,0,0,1
S(=O)(=O)(N(C)C)c1ccc2n(CCC)c(COC(=O)c3c(C)ccs3)nc2c1,,C06972174,94.9132,0,0,0,1,0,1,0,1,0,1
O=[N+]([O-])c1c(C)c(OC(=O)CCC(=O)CCC(=O)c2sc(C)cc2)ccc1,,C51706099,100,0,0,0,1,0,1,0,0,1,1
Clc1ccc(OCCCCCN2/C(=N\C#N)/N([C@@H](C)C2=O)c2ccncc2)cc1,,C38148613,60.524872,0,0,0,1,1,1,0,0,0,1
Fc1c(C)cc(-c2nc(CCC(=O)Oc3c(OCC)cc(C#N)cc3)on2)cc1,,C57422471,99.997025,0,0,0,1,0,1,0,0,0,1
S(CC(=O)c1c(C)n([C@@H](C)COC)c(C)c1)c1n(-c2c(C)c(C)ccc2)nnn1,,C57603957,100,0,0,0,1,0,1,0,0,1,0
O(C)C(=O)c1cc(OCC(=O)c2c(C)n(C3CC3)c(C)c2)cc(C(OC)=O)c1,,C11207208,100,0,0,0,1,0,1,0,0,0,0
S(=O)(=O)(CC(=O)N(CC)CCCC)Cc1onc(-c2cc(F)c(C)cc2)n1,,C58606369,99.999352,0,0,0,1,1,1,0,0,0,1
Clc1ccc(OCCN(C)C(=O)[C@H](Sc2n(C(C)(C)C)nnn2)C)cc1,,C28447048,100,0,0,0,1,0,1,0,0,1,1
O(CC)c1c(N2C(=O)N(CCCOc3cc(C)c(C)cc3)C(=O)C2=O)cccc1,,C58734451,100,0,0,0,1,0,1,0,0,1,0
O=C(C(C#N)=C1NN=C2N1CCCCC2)c1cc(OCC)c(OCCCC)cc1,,C60851446,98.417351,0,0,0,0,0,1,0,0,0,0
S(Cc1n(CCCC)nnn1)C=1N(CC=C)C(=O)c2c(C)c(C)sc2N=1,,C06842644,99.52404,0,0,0,1,0,1,0,1,0,1
O(C)CCN(Cc1onc(-c2ccc(OCC)cc2)n1)Cc1ccc(C#N)cc1,,C63753852,97.131912,0,0,0,1,0,1,0,0,0,0
O(Cc1nc(-c2occc2)sc1)C(=O)C=1C(C)=C(C(OC(C)C)=O)[C@@H](C)N=1,,C64191098,99.989449,0,0,0,1,0,1,0,0,0,0
Clc1cc(-c2nc(CS(=O)Cc3onc(CCC(C)C)n3)on2)ccc1,,C64840794,99.995766,0,0,0,1,1,1,0,0,1,1
S(=O)(=O)(N(C)CCc1nc(COc2ccccc2)on1)c1c(C)ccc(C)c1,,C64841568,99.998192,0,0,1,1,1,1,0,0,1,1
S(CCC(C)C)c1c([N+](=O)[O-])cc(C(=O)N(CC)Cc2cn(C)nc2)cc1,,C65907160,99.953056,0,0,0,0,0,1,0,0,1,0
S(Cc1nc(-c2occc2)sc1)c1n(CCOC)c(-c2ccncc2)nn1,,C23874014,97.326286,0,0,0,1,0,1,0,0,0,1
S(=O)(=O)(N(CCCOC)Cc1nc(CC(C)C)on1)c1c(C)ccc(C)c1,,C67098859,99.996475,0,0,0,1,1,1,0,0,1,1
O(CC)C(=O)c1nc(CN(CCC(C)C)C(=O)C(C)(C)C)sc1,,C04423569,100,0,0,0,1,0,1,0,0,0,1
Fc1cc(C(=O)N(CCC(C)C)Cc2scc(C(OCC)=O)n2)ccc1,,C00963719,100,0,0,0,1,0,1,0,0,0,1
S([C@@H](CC)C(OCCOCC)=O)c1ncnc2sc(C)c(C)c12,,C01987189,99.974258,0,0,0,1,1,1,0,1,1,1
S(CCCC(OCC)=O)C=1N(CC=C)C(=O)c2c(C)c(C)sc2N=1,,C05709422,99.351288,0,0,0,0,0,0,0,0,0,1
Clc1c(C)cc(OCC(OCC(=O)N(C(C)C)C(C)C)=O)cc1,,C08276839,100,0,0,0,1,0,1,0,0,1,1
O(CC(=O)c1ccccc1)C(=O)/C(=C/c1c(C)n(CCC)c(C)c1)/C#N,,C05870635,100,0,0,0,1,0,0,0,0,0,0
P(=O)(OC(C)C)(OC(C)C)[C@@H](N(C)/C(/F)=N\C(F)(F)F)C(C)C,,C17259203,99.999825,0,0,0,0,0,1,0,0,0,1
O(C)c1c(/C=C\2/C(=O)N(CN(CCC)CCC)C(=O)S/2)cccc1,,C34106649,89.665985,0,0,0,1,1,1,0,0,0,1
O=C(N(CC(C)C)Cc1n(C)ccc1)CN(CC(C)C)C(=O)CCC,,C06273103,100,0,0,0,1,0,1,0,0,0,1
O(C)CCN(Cc1nc(COc2ccccc2)sc1)C(=O)CC(C)C,,C35741745,100,0,0,0,1,0,1,0,0,1,1
Fc1ccc(CN(Cc2occc2)C(=O)CN(CC=C)C(=O)CCC)cc1,,C35767144,100,0,0,0,1,0,1,0,0,0,1
O(C)CC(=O)N(CC(C)C)Cc1nc(COc2c(C)c(C)ccc2)sc1,,C36107182,100,0,0,0,1,0,1,0,1,1,1
O=C(N(CC(C)C)Cc1c(N(CC)CC)onc1-c1ccccc1)C,,C36208108,99.988464,0,0,0,0,0,1,0,0,0,0
Fc1ccc(-c2c(CN(CCC)C(=O)C)c(N(CC)CC)on2)cc1,,C36249106,99.988266,0,0,0,0,0,1,0,0,0,0
O=C(N(CCCC)CCCC)[C@H]1[C@H](C(=O)N2CCOCC2)CC=CC1,,C38711327,100,0,0,0,1,0,1,0,0,0,1
O=C(N(CC=C)CC=C)Cn1c(/C=C/c2occc2)nc2ccccc12,,C40238722,52.21991,0,0,0,1,0,1,0,0,0,0
Brc1cc(C(=O)[C-](C(OCC)=O)C(OCC)=O)ccc1,,C43502350,99.932198,0,0,0,1,0,1,0,0,0,1
O=C(N(Cc1cscc1)c1ccncc1)COc1ccc(OCC)cc1,,C44445121,72.058281,0,0,0,1,0,1,0,0,0,0
BrCc1c(OCCOCC(F)(F)F)ccc([N+](=O)[O-])c1,,C49311411,100,0,0,0,1,0,1,0,0,0,0
O=C(Oc1c(OCC)cc(C#N)cc1)CCC(=O)c1cc(C)c(C)cc1,,C49362350,100,0,0,0,1,1,1,0,0,0,0
O=C(N(CC)C[C@@H]1COCC1)/C(=C\c1c(C)n(CCCC)c(C)c1)/C#N,,C57729879,100,0,0,0,1,0,1,0,0,1,1
S(CCC)c1ncc(CN(C[C@H]2OCCC2)Cc2oc(C)cc2)cn1,,C13994827,68.245445,0,0,0,1,0,1,0,0,1,0
S(CC(=O)c1c(C)n(CCC(C)C)c(C)c1)c1n(C(C)C)cnn1,,C58149851,99.882858,0,0,0,1,0,1,0,0,1,0
S(CC(=O)N(C)c1c(C(OC)=O)cccc1)C(=S)N(CC)CC,,C58457811,100,0,0,0,1,0,1,0,0,1,0
O=C(N(CC(C)C)C(C)C)c1cc(OCC)c(OCC)c(OCC)c1,,C58733345,100,0,0,0,1,0,1,0,0,0,1
S(=O)(=O)(N(CCC(C)C)CCC(C)C)N1CCC(OCC)CC1,,C60508208,100,0,0,0,1,0,1,0,0,0,0
FC(F)(F)c1cc(/C=C/C(=O)N(CCOC)CC(OCC)=O)ccc1,,C60723855,100,0,0,0,1,0,1,0,0,1,1
S(C[C@H](CCC#N)C#N)C=1N(CCCC)C(=O)c2ccccc2N=1,,C07140066,96.436638,0,0,0,1,1,1,0,0,0,1
S(CC(=O)N(CCOC)CC(F)(F)F)c1n(CC)c2ccccc2n1,,C62920568,73.479134,0,0,0,1,0,1,0,0,1,1
O=C(N(CC#C)Cc1occc1)CCC(=O)c1ccc(OCCC)cc1,,C63250838,100,0,0,0,0,0,1,0,0,0,0
S(=O)(=O)(N(CC)Cc1sccc1)c1ccc(OCCOCC)cc1,,C63345630,100,0,0,0,1,0,0,0,0,0,0
S(=O)(=O)(N(C)CCCCCc1onc(-c2cc(F)ccc2)c1)C,,C63773844,100,0,0,0,1,0,1,0,1,1,0
O(C)CCCOc1cc(/C=C\2/C(=O)NC(=CC(=O)C(C)(C)C)S/2)ccc1,,C63867109,99.999893,0,0,0,1,0,1,0,1,0,0
S(CCCOCC(F)(F)F)c1n(-c2c(OC)cccc2)cnn1,,C64652729,99.705032,0,0,0,1,0,1,0,0,0,1
O=C(N(CCCCCC)CC[NH+]1CCOCC1)/C=C/c1ncsc1,,C65124808,80.368546,0,0,1,1,0,1,0,0,1,0
O(CC)C(=O)CN(CC1CC1)CC1=CC(=O)Oc2cc(C)c(C)cc12,,C65544400,98.188049,0,0,0,1,0,1,0,0,1,1
O(CC)C(=O)c1cc(N(CC)C(=O)Cc2nc(CC)sc2)ccc1,,C65811724,100,0,0,0,1,1,1,0,0,1,0
S(CC(=O)N([C@@H](C)C(C)C)C1CC1)c1sc(OC(C)C)nn1,,C65848599,99.994743,0,0,0,1,0,1,0,0,0,1
Brc1c(OCCCC)ccc(C(=O)N(C)CC(OCC)=O)c1,,C66202688,100,0,0,0,1,0,1,0,0,1,0
S(C[C@@H](CCC#N)C#N)C=1N(CCCC)C(=O)c2ccccc2N=1,,C07140064,96.436638,0,0,0,1,0,1,0,1,0,1
O(C)CCCN(C)C(=O)c1ccc(-c2ccc(C(OC)=O)cc2)cc1,,C66338737,100,0,0,0,0,0,0,0,1,0,0
O(CC1(C)COC1)C(=O)/C=C/c1ccc(OCc2nc(C)sc2)cc1,,C66532500,100,0,0,0,1,1,1,0,1,1,0
Clc1c(-c2oc(CN(CCC)C(=O)[C@@H](C)CSC)nn2)cccc1,,C66755950,99.998398,0,0,0,1,0,1,0,0,0,1
S(C)C[C@H](C)C(=O)N(CC(F)(F)F)Cc1c([N+](=O)[O-])cccc1,,C66760990,100,0,0,0,0,0,0,0,0,0,0
O(C(C)(C)C)C(=O)CCCN(C)C(=O)c1sc(C(C)(C)C)nc1,,C66775557,100,0,0,0,1,0,1,0,0,0,1
O(C(C)(C)C)C(=O)CCCN(C)C(=O)c1nc(-c2cscc2)sc1,,C66777595,100,0,0,0,1,0,1,0,0,1,1
S=C1N(CN(CCC)CC(F)F)N=C(Cc2cc(OC)ccc2)O1,,C66793489,99.998268,0,0,0,1,0,1,0,0,0,0
S(=O)(=O)(C(C)C)[C@@H](C)C(OCc1cc(C)c(OCC)c(C)c1)=O,,C67643585,100,0,0,0,1,1,1,0,1,1,1
O(Cc1cc(C)c(OCC)c(C)c1)C(=O)CCc1c(C)n(C)nc1C,,C67643886,99.809547,0,0,0,0,0,1,0,0,0,0
Clc1ccc(OCc2oc(SCCOC(C)(C)C)nn2)cc1,,C67652364,99.999046,0,0,0,1,0,1,0,0,0,0
S(CC(=O)c1ccc(C)cc1)c1nc(SCC(OCC)=O)cc(C)n1,,C00900019,99.8386,0,0,0,1,0,1,0,0,1,1
S(CC(=O)N(C(C)C)C(C)C)c1n(CC=C)c(-c2ccc(F)cc2)nn1,,C04346165,99.894783,0,0,0,0,0,1,0,0,0,0
O(C)c1c(OCCCCOc2cccc3cccnc23)c(OC)ccc1,,C02984791,99.896103,0,1,0,1,1,1,0,0,0,1
O(C)c1c(OCCCOc2c(OC(C)C)cccc2)c(OC)ccc1,,C02994759,100,0,0,1,1,0,1,0,0,0,0
S(CC(=O)c1ccc(F)cc1)c1n(CCCC)c(-c2occc2)nn1,,C04861118,99.946754,0,0,0,1,0,0,0,0,1,0
S(CCOc1ccc(C)cc1)C=1N(CCOC)C(=O)c2ccccc2N=1,,C02618993,96.633591,0,0,0,1,0,1,0,0,1,1
O=C(N(CC(C)C)Cc1n(C)ccc1)CN(CC(C)C)C(=O)CC(C)(C)C,,C05096357,100,0,0,0,0,0,1,0,0,0,1
Fc1ccc(OCCOC(=O)/C(=C/c2c(C)n(CCC)c(C)c2)/C#N)cc1,,C05869620,100,0,0,0,1,0,1,0,0,0,0
S(C)c1ccc(/C=C/C(OCc2c(C(OCC)=O)cco2)=O)cc1,,C03342767,100,0,0,0,0,0,0,0,0,0,0
O(CC(=O)c1ccc(OCC)cc1)C(=O)Cc1coc2cc(C)ccc12,,C06082464,100,0,0,0,1,1,0,0,0,1,0
O(CC(=O)c1c(C)c(C)c(C)c(C)c1)C(=O)COc1ccc(C(=O)C)cc1,,C07243203,100,0,0,0,1,1,1,0,1,1,0
O=C(Oc1ccc2nc(N(CC)CC)sc2c1)COc1ccccc1,,C07513003,100,0,0,0,0,0,1,0,0,0,0
O(CC(=O)c1c(C)n(C(C)C)c(C)c1)C(=O)COc1cc(C)c(C)cc1,,C07803293,100,0,0,0,1,0,1,0,0,1,1
Clc1ccc(-c2oc(CN(C)C(=O)COC(=O)/C=C/C=C/C)cc2)cc1,,C08100321,100,0,0,0,1,0,1,0,0,0,0
Clc1n(CCCC)nc(C)c1/C=C/C(=O)c1ccc(OCC#N)cc1,,C08321755,99.968475,0,0,0,1,0,0,0,0,0,0
O(Cc1ccc(-n2nccc2)cc1)C(=O)/C=C/c1ccc(OCC)cc1,,C14678177,99.98027,0,0,0,0,0,0,0,0,0,0
S(=O)(=O)(N(CCC)CCC)c1c(CC)ccc(-c2onc(C)c2)c1,,C09269033,100,0,0,0,1,0,1,0,1,0,0
S(Cc1c(C#N)cccc1)c1n(CC=C)c(COc2c(F)cccc2)nn1,,C19314220,99.898384,0,0,0,0,0,0,0,0,1,0
O(CCOc1c(C(=O)C)cccc1)C(=O)Cc1coc2cc(C)ccc12,,C22157121,100,0,0,0,1,1,1,0,0,1,1
S(CC(=O)N(C)CCCC)c1c(C(=O)C)c(C)nc(-c2ccccc2)n1,,C27789715,99.909714,0,0,0,1,0,1,0,0,1,1
S(CCCN1C(=O)c2ccccc2C1=O)c1n(CCCC)c(C)c(C)[nH+]1,,C29627219,63.450607,0,0,0,0,0,0,0,0,1,0
ClCCCC(=O)N(CCCC)[C@@H](CC)C=1N(C)C(=O)c2ccccc2N=1,,C35008420,97.993309,0,0,0,1,0,1,0,0,1,1
O=C(N(CCC)[C@H](C)C=1N(CCC)C(=O)c2ccccc2N=1)CC(C)C,,C35028388,97.921692,0,0,0,1,0,1,0,0,0,1
O=C(N(CCC(C)C)[C@@H](C)C=1N(C)C(=O)c2ccccc2N=1)CCCC,,C35043687,97.990471,0,0,0,1,0,1,0,0,1,1
Clc1nc(SCC(=O)N(CC)CC)nc(N(C)Cc2ccccc2)c1,,C35247613,99.317261,0,0,0,1,1,1,0,0,1,1
O(CCOc1c(OC)cc(/C=C/C)cc1)CCOc1cccc2cccnc12,,C02984959,99.899788,0,1,0,1,1,1,0,0,0,1
S(Cc1c(C#N)cccc1)c1n(CCC)c(COc2ccccc2)nn1,,C39763318,99.879578,0,0,0,0,0,0,0,0,1,0
O=C(N(CC)CCCC)c1c(C)c2C(=O)N(CCCC)C=Nc2s1,,C41293230,99.913681,0,0,0,1,0,1,0,0,0,1
S(Cc1cc(C)ccc1)c1n(CCC)c(CCc2cn(C)nc2)nn1,,C41342516,99.39492,0,0,0,1,0,1,0,0,0,0
O(CCOc1c(C)c(C)cc(C)c1)CCOc1ncnc2ccccc12,,C33918771,99.624741,0,0,1,1,0,1,0,0,0,1
BrCc1c(OCCOCCC(C)C)ccc([N+](=O)[O-])c1,,C49266805,100,0,0,0,1,0,1,0,0,0,0
S(CC(OCC)=O)Cc1nc(N(C(=O)C)c2c(C)cc(C)cc2)sc1,,C58020156,100,0,0,0,1,0,1,0,0,1,1
S(C)c1n(CCOC)c(COc2c(-c3ccccc3)cccc2)nn1,,C58093303,99.880722,0,0,0,1,0,1,0,0,1,1
S(=O)(=O)(Cc1onc(CCCC)n1)Cc1ccc(C(C)(C)C)cc1,,C58934691,99.997925,0,0,0,1,0,1,0,0,1,0
O(CCOc1cc(C)ccc1)C(=O)Cc1c(C)oc(-c2sccc2)n1,,C59018343,100,0,0,0,1,1,1,0,0,0,0
S(CCOc1ccccc1)c1n(CC=C)c(COc2ccccc2)nn1,,C59265978,99.889465,0,0,0,1,0,1,0,0,1,1
Clc1n(CC(C)C)nc(C)c1/C=C/C(=O)c1ccc(OCCOC)cc1,,C59270487,99.968399,0,0,0,1,0,0,0,0,1,0
O=C(/C=C/c1c(OCC)cccc1)c1ccc(OCc2n(C)ccn2)cc1,,C47168385,80.720741,0,0,0,1,0,0,0,0,1,0
S(=O)(=O)(N(CC)CC)c1ccc(/N=C/c2c(OCC)cccc2)cc1,,C59449373,99.729225,0,0,0,0,0,0,0,1,0,0
O(CC)C(=O)CCCc1sc(/C=C\2/C(=O)OC(c3ccccc3)=N/2)cc1,,C59522812,99.995758,0,0,0,1,0,0,0,0,0,0
S(Cc1c(OC(C)C)cccc1)c1oc(Cc2ccc(OC)cc2)nn1,,C59738907,99.997864,0,0,0,0,0,1,0,0,0,0
S(CCOC(C)C)c1n(C)c(-c2ccc(N(CC)CC)cc2)nn1,,C60752450,99.566727,0,0,0,0,0,1,0,0,0,0
S(CC(=O)N(CCC)CCC)c1oc(-c2cc(C)c(C)cc2)nn1,,C61336228,99.998001,0,0,0,1,0,1,0,0,1,0
Clc1cc(-c2oc(SCC(=O)N(CC)CCCC)nn2)ccc1,,C61390992,99.998177,0,0,0,1,0,1,0,0,1,1
S(=O)(=O)(N(CCCCC)[C@@H](C)CCC)c1cc(S(=O)(=O)C)ccc1,,C63346664,100,0,0,0,1,0,1,0,1,1,1
O(C)CCN(C(CC)CC)C(=O)c1sc2nc(N(C)C)sc2c1,,C64292491,100,0,0,0,0,0,1,0,1,1,1
Clc1c(-c2occ(CS(=O)(=O)CCOCCC(C)C)n2)cccc1,,C64429466,100,0,0,0,1,1,1,0,1,0,1
S(CCOc1c(C)cccc1)c1oc(Cc2c(OC)cccc2)nn1,,C66260350,99.998032,0,0,0,1,0,1,0,0,0,1
Clc1cc(Cc2nc(CSCC(=O)N(CC)CC(C)=C)on2)ccc1,,C67453371,99.994621,0,0,0,1,1,1,0,0,1,1
Clc1ccc2C(=O)N(CCCOC)C(SCCOC(C)(C)C)=Nc2c1,,C67651519,96.930641,0,0,0,1,0,1,0,0,1,0
Brc1c(O[C@H](C)C(OC)=O)cc2c(C(OCCOC)=O)c(C)oc2c1,,C01817550,100,0,0,0,1,0,1,0,0,0,1
O(CC=1N=C2SC=CN2C(=O)C=1)C(=O)CCC(=O)c1ccc(OCCC)cc1,,C03475628,99.644951,0,0,0,1,1,1,0,0,1,0
S(CC(=O)N(CC)CC)C1=C(C#N)[C@H](c2occc2)C(C(OCC=C)=O)=C(C)N1,,C04042122,99.999725,0,0,0,0,0,0,0,0,0,0
O([C@H](C)C(=O)N(C)Cc1ccccc1)C(=O)c1ccc(OCc2c(C)onc2C)cc1,,C04463832,100,0,0,0,0,0,0,0,0,1,0
S(CCOc1c(OC)cccc1)c1n(C)c(COc2c(OC)cccc2)nn1,,C04736058,99.888893,0,0,0,1,1,1,0,0,1,1
O(CC(=O)c1c(C)n(CC=C)c(C)c1)C(=O)[C@H](C(C)C)N1C(=O)c2ccccc2C1=O,,C05170381,100,0,0,0,1,0,1,0,0,1,1
S(CC(O[C@@H](C)C(=O)c1ccc(F)cc1)=O)c1n(CC)c(-c2occc2)nn1,,C05568065,99.95369,0,0,0,1,0,1,0,0,0,0
S(=O)(=O)(N(CC)CC)c1cc(-c2oc(SCC(=O)C(C)(C)C)nn2)ccc1,,C03427723,99.998505,0,0,0,1,0,1,0,0,1,1
FC(F)(F)Cn1c(C)c(C(=O)COC(=O)/C=C/c2c([N+](=O)[O-])cccc2)cc1C,,C07507072,100,0,0,0,1,1,1,0,0,1,0
S(CC(=O)N(C)Cc1ccc(OCC=C)cc1)c1n(CC)c(-c2occc2)nn1,,C08293136,99.946999,0,0,0,1,0,1,0,0,0,0
O=C(N(C)[C@@H](C)c1ccc(-n2ncnc2)cc1)/C=C/c1cc(OC)c(OCCC)cc1,,C08349593,98.160477,0,0,0,1,0,1,0,0,0,0
O(CC(=O)N(CCC#N)c1ccc(OCC)cc1)C(=O)c1cc(C)nc2ccccc12,,C09258231,99.595673,0,0,0,1,0,1,0,0,0,0
O(CC([O-])=C(C#N)c1scc(C)n1)C(=O)c1c(OCCOc2ccccc2)cccc1,,C09635068,87.031998,0,0,0,1,1,1,0,0,1,1
S(=O)(=O)(N(C)C(C)C)c1cc(C(OCC(=O)c2c(C)n(CC=C)c(C)c2)=O)ccc1,,C09752127,100,0,0,0,1,0,1,0,1,0,0
S(=O)(=O)(N(C)c1ccccc1)c1c(C(OCC(=O)N(C(C)C)C(C)C)=O)cccc1,,C09840009,100,0,1,0,1,1,1,0,0,0,1
O(CC(=O)N(CCC#N)c1ccccc1)C(=O)/C=C/c1c(C)n(-c2sccn2)c(C)c1,,C10694723,100,0,0,0,1,0,1,0,0,1,0
Clc1c(S(=O)(=O)N(C)C)cc(C(OCC(=O)N(CC(C)C)CC(C)C)=O)cc1,,C11109268,100,0,0,0,1,0,1,0,0,1,1
Clc1c(C)cc(OCC(=O)N(CCOC)Cc2oc(-c3sccc3)nn2)cc1,,C13069517,99.997597,0,0,0,1,0,1,0,0,1,1
Clc1ccc(C(=O)CSc2c(C#N)cc(C(OC)=O)c(C(OC)OC)n2)cc1,,C01031793,99.99929,0,0,0,1,0,1,0,0,1,1
Fc1ccc(-c2nc3onc(C)c3c(C(OCC(=O)N(CC=C)CC=C)=O)c2)cc1,,C14200215,99.999634,0,0,0,1,0,1,0,1,0,0
O(C)C[C@@H](C)n1c(C)c(C(=O)COC(=O)/C=C/c2ccc(C(OC)=O)cc2)cc1C,,C20866872,100,0,0,0,1,0,1,0,0,0,0
S(=O)(=O)(N(CC)CC)c1cc(-c2n([C@@H](C)CC)c(SCC(=O)C)nn2)ccc1,,C20891879,99.909431,0,0,0,1,0,0,0,0,0,0
S(=O)(=O)(C[C@@H]1OCCC1)c1n(CC(C)C)c(C[NH+](C)CCOc2ccccc2)cn1,,C20918797,72.866241,0,1,0,1,0,1,0,0,1,1
S(CC(=O)c1c(C)n([C@@H](C)COC)c(C)c1)c1oc(-c2c(OC)cccc2)nn1,,C21120343,99.997482,0,0,0,1,0,1,0,0,0,1
Clc1ccc(OCCN(C)C(=O)CSc2n(Cc3occc3)cnn2)cc1,,C22193833,99.930901,0,0,0,1,0,1,0,0,0,1
O(CC(=O)N(CCC#N)c1ccccc1)C(=O)c1cc(OCc2ncsc2)ccc1,,C24360433,100,0,0,0,1,0,1,0,0,1,0
S(CC(=O)N(CCC#N)Cc1occc1)c1n(CCC)c(-c2cc(C)ccc2)nn1,,C24828563,99.889061,0,0,0,1,0,1,0,1,1,1
S(CC(=O)N(Cc1ccccc1)c1sc(C(OCC)=O)c(C)n1)c1scnn1,,C28802779,99.998734,0,0,0,1,0,1,0,0,1,1
S(CC(=O)N(CCC#N)c1cc(C)cc(C)c1)c1n(CC=C)c(-c2occc2)nn1,,C29991008,99.954346,0,0,0,1,0,1,0,0,0,0
O(CC)C(=O)c1ccc(N2C(=O)/C(=C\c3cc(OCC)c(OCC#C)cc3)/C(C)=N2)cc1,,C32099631,99.999886,0,0,0,0,0,1,0,0,0,0
O(C)C(=O)c1n(CC)c(C)c(C(=O)CN(Cc2occc2)C(=O)c2c(C)cccc2)c1C,,C35868790,100,0,0,0,1,0,1,0,0,1,1
S(=O)(=O)(N(CC=C)[C@@H](C)C(=O)c1c(C)n(C)c(C(OC)=O)c1C)c1ccc(F)cc1,,C35869348,100,0,0,0,0,0,1,0,0,0,0
O(C)C(=O)c1n(C)c(C)c(C(=O)[C@H](N(Cc2occc2)C(=O)CC(C)C)C)c1C,,C36017639,100,0,0,0,0,0,0,0,0,0,1
O(C)C(=O)c1n(C)c(C)c(C(=O)[C@@H](N(Cc2occc2)C(=O)CC(C)C)C)c1C,,C36017641,100,0,0,0,1,0,1,0,0,0,0
O(C)C(=O)c1n(CC)c(C)c(C(=O)[C@H](N(C(C)C)C(=O)c2ccc(OC)cc2)C)c1C,,C36025240,100,0,0,0,1,0,1,0,0,0,0
FC(F)c1nn(CC(=O)N(CC=C)c2sc(C(OCC)=O)c(C)n2)c2CCCc12,,C36614130,98.282303,0,0,0,1,0,1,0,0,0,1
S=C1N(CCCCCC(OCC)=O)C(=O)/C(=C/c2cc([N+](=O)[O-])ccc2)/S1,,C40928233,100,0,0,0,1,0,1,0,0,1,1
Fc1c(N(CCC#N)C(=O)COC(=O)c2c(OC[C@@H]3OCCC3)cccc2)cccc1,,C45917222,100,0,0,0,1,0,1,0,0,1,0
FC(F)(F)Oc1c(/C=C/C(=O)N(CCC)Cc2oc(-c3occc3)nn2)cccc1,,C45929504,99.99868,0,0,0,1,0,1,0,0,0,1
S(CC(OCC(OC)=O)=O)c1n(c(-c2c(F)cccc2)nn1)-c1ccccc1,,C10192742,99.976326,0,0,0,1,0,1,0,0,0,0
S(CC(=O)N(C)Cc1c(OC)cccc1)c1oc(COc2c(C)ccc(C)c2)nn1,,C57481208,99.999237,0,1,0,1,1,1,0,0,0,1
S(=O)(=O)(N(CC)CC)c1ccc2n(CC)c(CCC(=O)N(C)CCCC)nc2c1,,C57612782,82.389374,0,0,0,1,0,1,0,1,0,0
Clc1cc(-c2nc(CS(=O)(=O)CC(=O)N(CCC)CCC)on2)ccc1,,C58606110,99.999252,0,0,0,1,1,1,0,0,0,1
FC(F)(F)COc1cc(C(=O)N(C)CCOc2ccc(F)cc2)c([N+](=O)[O-])cc1,,C59037197,100,0,0,0,1,0,1,0,0,0,0
S(=O)(=O)(C)c1ccc(OCCCN(C)c2c(C(F)(F)F)cc([N+](=O)[O-])cc2)cc1,,C60103035,100,0,0,0,1,0,0,0,1,0,0
S(=O)(=O)(N(CC)CC)c1ccc2n(C)c(CCC(=O)N(CC)[C@H](C)C(C)C)nc2c1,,C60140759,82.901283,0,0,0,1,0,1,0,1,0,0
S(Cc1c(C#N)cccc1)C=1N(CCCOC)C(=O)c2ccc(C(OC)=O)cc2N=1,,C23515384,97.920929,0,0,0,1,0,1,0,1,0,1
Clc1c(C)cc(OCC(OCC(=O)C2=C(C(OCC)=O)[C@@H](C)N=C2C)=O)cc1,,C38661490,99.93483,0,0,1,1,0,1,0,0,1,1
Clc1ccc(CSC2=NC=CN3C(=O)N(CC(=O)N(CCC)CCC)N=C23)cc1,,C67255355,95.741074,0,0,0,1,0,1,0,0,0,1
Clc1ccc(CSC2=NC=CN3C(=O)N(CC(=O)N(CC)CCCC)N=C23)cc1,,C67255358,95.741272,0,0,0,1,0,1,0,0,0,1
S(CC(=O)N(CC)CC)C=1N(CCOC)C(=O)c2ccccc2N=1,,C04161563,97.227356,0,0,0,1,0,1,0,0,1,1
O(C)CCN(Cc1oc(C)cc1)C(=O)CN(C(C)C)C(=O)CC(C)C,,C04407082,100,0,0,0,1,0,1,0,0,1,1
P(=O)(OCC)(OCC)C1=C(P(=O)(OCC)OCC)CCCC1,,C05049402,100,0,0,0,1,0,1,0,0,0,1
S(=O)(=O)(C)c1c(C(OCC(=O)c2c(C)n(CC=C)c(C)c2)=O)cccc1,,C05534231,100,0,0,0,1,0,1,0,1,1,1
FC(F)Oc1cc(C(OCC([O-])=C(C#N)c2scc(C)n2)=O)ccc1,,C06606065,87.025803,0,0,0,1,0,1,0,0,0,0
O=C(N(C[C@H]1OCCC1)Cc1occc1)CN(CC=C)C(=O)C1CCC1,,C06761171,100,0,0,0,1,0,1,0,0,0,1
O(C)CCCN(Cc1scc(C(OC)=O)n1)C(=O)Cc1sccc1,,C06835691,100,0,0,0,1,1,1,0,1,0,1
Cl[C@H](C)C(=O)N(CC)CC(=O)c1c(C)n(CC)c(C(OC)=O)c1C,,C06837463,100,0,0,0,1,0,1,0,0,0,1
S(CC(=O)N(CC)CC)C=1N(CCOC)C(=O)C=2S[C@@H](C)CC=2N=1,,C10616593,98.070427,0,0,0,1,0,1,0,0,1,1
O=C(N(CCC)CCC)Cn1c(CN2CCOCC2)nc2ccccc12,,C21785189,60.55962,0,0,0,1,0,1,0,0,1,1
O(CC(=O)N(CCC#N)CCC#N)C(=O)c1sc2CC[C@H](CC)Cc2c1,,C22565036,100,0,0,0,1,1,1,0,1,1,0
S(=O)(=O)(N(CCC[NH+]1CCOCC1)Cc1n(C)ccc1)CCCC,,C35278962,94.810204,0,0,0,1,0,1,1,1,1,1
ClCC(C)(C)C(=O)N(CCCOC)Cc1scc(C(OC)=O)n1,,C35331798,100,0,0,0,1,0,1,0,1,1,1
O(CC)C(=O)c1n(C)c(C)c(C(=O)[C@H](N(CC(C)C)C(=O)C)C)c1C,,C35647188,100,0,0,0,0,0,0,0,0,0,0
O=C(N(C[C@@H]1OCCC1)Cc1occc1)CN(CC(C)C)C(=O)C1CC1,,C06675631,100,0,0,0,1,0,1,0,0,0,1
BrC1=CN(CC(=O)N(CCC)CC(OCC)=O)C(=O)C=C1,,C38020872,100,0,0,0,1,0,1,0,0,0,1
O(CC(=O)C1=C(C(OCC)=O)[C@@H](C)N=C1C)C(=O)c1c(C)ccs1,,C39335767,99.934349,0,0,0,1,1,1,0,0,1,1
O(CC(=O)N(CCC#N)CCC#N)C(=O)c1sc2CCCCCCc2c1,,C39568338,100,0,0,0,1,1,1,0,1,1,0
S=C1N(CCC(OCC)=O)C(=O)/C(=C/c2ccc(C(OC)=O)cc2)/S1,,C40938183,100,0,0,0,1,0,1,0,0,0,0
Clc1sc(S(=O)(=O)N(CCOC)[C@@H](C)COC)c(C)n1,,C42610125,100,0,0,0,1,0,1,0,0,1,1
O=C(N(C)CCOc1c(C)cccc1)CCc1c(C)n(CCC#N)nc1C,,C46544116,99.865288,0,0,0,1,1,1,0,0,1,1
S(=O)(=O)(N(CCOC)Cc1cscc1)c1c(C(OC)=O)scc1,,C49521978,100,0,0,0,1,1,1,0,0,1,1
Fc1c(C(=O)N(CCCOCC)Cc2scc(C(OC)=O)n2)cccc1,,C04796428,100,0,0,0,1,0,1,0,1,0,1
S(CC(=O)N(CCC#N)c1ccc(OCC)cc1)c1oc(C)c(C)n1,,C55237123,100,0,0,0,1,0,1,0,0,0,0
O(C)c1c(OCCn2cncc2)c(C[NH+](C)[C@@H](C)c2sccn2)ccc1,,C55341792,75.623169,0,0,0,1,0,1,1,0,0,0
O(C)CCN(Cc1oc(-c2sccc2)nn1)Cc1cc(C#N)ccc1,,C58765084,96.841019,0,0,0,1,1,1,0,0,0,1
O(CC(=O)N(C)Cc1ccc(N(C)C)cc1)C(=O)Cc1cnc(C)cc1,,C47841016,97.225922,0,0,0,1,1,1,0,0,1,0
O(CC)C(=O)/C=C/1\N(CC(=O)c2c(C)n(CC=C)c(C)c2)C(=O)CS\1,,C60386362,100,0,0,0,0,0,0,0,0,0,1
Fc1c(F)cc2ncn([C@H](C(C)C)C(=O)N(CCOC)CCOC)c2c1,,C61342158,95.354416,0,0,0,1,0,1,0,0,0,1
S(=O)(=O)(N(CCOC)Cc1ccncc1)c1c(OC)cc(C)c(C)c1,,C61974898,99.512894,0,1,0,1,0,1,0,0,1,1
O=C(N(CC=C)Cc1cc(C#N)ccc1)CCc1c(C)n(CCC#N)nc1C,,C62905429,99.865356,0,0,0,1,0,1,0,0,1,1
S(=O)(C)Cc1cc(C(=O)N(CC=C)Cc2cc([N+](=O)[O-])ccc2)ccc1,,C63250482,100,0,0,0,0,0,1,0,0,0,0
Clc1c(OCC(F)(F)F)ncc(C(=O)N(C)C[C@H](C)C(OC)=O)c1,,C63748248,99.999054,0,0,0,1,0,1,0,1,1,1
O(C)CCN(CC(=O)N(CC)C[C@H](C)C#N)Cc1ccc(C#N)cc1,,C63753693,88.636604,0,1,0,1,0,1,0,1,1,1
S(CC(=O)C1=NC=CC1)c1n(CC=C)c(COc2ccc(F)cc2)nn1,,C39620316,99.911934,0,0,0,1,0,1,0,0,1,1
O(CC)C(=O)C=1[C@@H](C)N=C(C(=O)[C@@H](N(C)Cc2oc(C)cc2)C)C=1C,,C39996575,93.633881,0,0,0,1,0,1,0,0,1,0
S(CC(=O)N(CC=C)Cc1c(F)cccc1)c1n(C2CC2)nnn1,,C58300065,100,0,0,0,1,1,1,0,0,0,0
Fc1cc(OCCN(C)C(=O)c2c(OCCOC)nccc2)ccc1,,C53109316,99.989204,0,1,0,1,0,1,0,0,1,1
S(=O)(=O)(CCCOCC(F)(F)F)CC=1[NH+]=C2N(C(=O)C=1)C=CC=C2,,C65653432,99.076767,0,0,0,1,1,1,0,1,1,1
Brc1c(/C=C/C(=O)N(CC(OC)=O)CC(OC)=O)cccc1,,C66235616,100,0,0,0,1,0,1,0,0,1,1
S(=O)(=O)(N(CC)CC)c1cnc(SC[C@H](CCC#N)C#N)cc1,,C66401006,99.848991,0,0,0,1,0,1,0,0,0,1
S(CCOCC(F)(F)F)c1n(CC)c(CN2C(=O)CCCCC2)nn1,,C66408701,99.789833,0,0,0,1,0,1,0,1,1,0
S=C1N(CN(CCC#N)CCC#N)N=C(c2ccc(C(C)C)cc2)O1,,C66791978,99.999092,0,0,0,1,0,1,0,1,0,0
FC(F)(F)COCCC(=O)C(C#N)=C1N(C)C(c2ccccc2)=NN1,,C66866796,96.206177,0,0,0,1,0,1,1,1,0,0
O(C)CCCN(C)C(=O)c1ccc(OCc2[nH+]c3n(c2)C=CC=C3)cc1,,C66941281,99.91066,0,0,0,1,0,1,0,1,1,0
O(C)C[C@@H](OC(=O)/C(=C\c1c(C)n(C[C@@H]2OCCC2)c(C)c1)/C#N)C,,C67189577,100,0,0,0,1,0,1,0,0,1,1
Brc1c(F)ccc(CC(=O)N(CC(OC)=O)CC(OC)=O)c1,,C67275145,100,0,0,0,1,0,1,0,0,1,1
S(=O)(=O)(N(C)CC(OCCSCC)=O)c1ccc(C(=O)C)cc1,,C67625184,100,0,0,0,1,0,1,0,0,1,1
S(=O)(=O)(N(CC)CC)c1cn(C)c(C(OCCSCC)=O)c1,,C67625722,100,0,0,0,1,0,0,0,0,0,0
S([C@@H](C)C(=O)Oc1c(OCC(F)(F)F)cccc1)c1n(C)cnn1,,C67644237,99.915466,0,0,0,1,0,1,0,0,0,1
S(Cc1occc1)[C@@H](CC(=O)c1sccc1)c1ccc([N+](=O)[O-])cc1,,C04071779,100,0,0,0,0,0,0,0,0,0,0
S(CC(=O)c1c(OC)cccc1)c1n(CC=C)c(-c2ccccc2)nn1,,C04285474,99.899353,0,0,0,1,0,1,0,0,0,0
O(CC=C)c1c(/C=C\2/C(=O)OC(c3ccccc3)=N/2)ccc(OCC=C)c1,,C02080954,99.995155,0,0,0,1,0,1,0,0,0,1
S(Cc1occc1)[C@H](CC(=O)c1sccc1)c1cc([N+](=O)[O-])ccc1,,C00844674,100,0,0,0,0,0,0,0,0,0,0
[S-]c1n(/N=C/c2c(OCc3ccccc3)cccc2)c(CCCC)n[nH+]1,,C05413058,99.176796,0,0,0,1,0,1,0,0,0,1
S(Cc1ccccc1)c1n(/N=C/c2ccc(OCC(C)C)cc2)c(C)nn1,,C02610525,99.7826,0,0,0,1,0,0,0,0,0,0
Clc1cc(/C=C/C(OCC(=O)N(CCC#N)c2cc(C)cc(C)c2)=O)ccc1,,C05745204,100,0,0,0,1,1,1,0,0,1,0
O([C@@H](C)C(=O)c1cc(C)c(C)cc1)C(=O)/C=C/c1ccc(OCC#N)cc1,,C09798421,100,0,0,0,1,0,1,0,0,0,0
Clc1c(C)cc(OCC(=O)Oc2cc(C(OCCC)=O)ccc2)cc1,,C10154512,100,0,0,0,1,0,1,0,0,0,0
O(Cc1c(C)oc(-c2ccccc2)n1)C(=O)/C=C/c1c(OCC)cccc1,,C12478647,100,0,0,0,1,0,1,0,0,0,0
S(CCOC)c1n(c(-c2ccc(OC)cc2)nn1)-c1c(C(C)C)cccc1,,C18273614,99.921501,0,0,0,0,0,1,0,0,0,0
O(Cc1c(C)oc(-c2sccc2)n1)C(=O)CCOc1c(C)ccc(C)c1,,C23015209,100,0,0,0,1,1,1,0,0,0,0
S(CC(=O)c1ccc(C(C)C)cc1)c1n(CCC)c(-c2ccncc2)nn1,,C23469316,97.29882,0,0,0,0,0,0,0,0,0,0
O(C)c1ccc(OCC[NH+](C)Cc2c(-c3ccccc3)nc3SC=Cn23)cc1,,C12628152,57.893814,0,0,0,0,0,0,1,0,0,0
S(CC(=O)c1c(CC)ccc(CC)c1)c1n(Cc2sccc2)nnn1,,C29744525,100,0,0,0,1,0,1,0,0,0,0
Clc1ccc(OCCSc2n(CCOC)c(-c3ccccc3)nn2)cc1,,C32721556,99.885864,0,0,0,1,1,1,0,0,0,1
S(Cc1c(OC)ccc(C=O)c1)C=1N(CCCC)C(=O)c2ccccc2N=1,,C32931593,96.279167,0,0,0,0,0,1,0,0,0,1
O=C(N(CCC)[C@@H](C)C=1N(C)C(=O)c2ccccc2N=1)C[C@H](C)CC(C)(C)C,,C35007782,97.989693,0,0,0,1,0,1,0,0,0,1
O=C(N(CCC)[C@@H](C)C=1N(C)C(=O)c2ccccc2N=1)[C@@H](CC)CCCC,,C35007785,97.988838,0,0,0,1,0,1,0,0,1,1
O=C(N(CCCC)[C@H](CC)C=1N(C)C(=O)c2ccccc2N=1)CC(C)(C)C,,C35008427,97.990654,0,0,0,1,0,1,0,0,0,1
O=C(N(CC)[C@@H](CC)C=1N(C)C(=O)c2ccccc2N=1)[C@@H](CC)CCCC,,C35008683,97.98703,0,0,0,1,0,1,0,0,0,1
Clc1ccc2C(=O)N(C)C([C@H](N(CCCCC)C(=O)CCC)C)=Nc2c1,,C35043085,98.359489,0,0,0,1,0,1,0,0,0,1
O=C(N(CCC(C)C)[C@H](CC)C=1N(CC)C(=O)c2ccccc2N=1)CC(C)C,,C35043659,97.919487,0,0,0,1,0,1,0,0,1,1
O=C(N(CCC(C)C)[C@@H](CC)C=1N(C)C(=O)c2ccccc2N=1)CCCC,,C35060967,97.99054,0,0,0,1,0,1,0,0,1,1
S(Cc1c(C(OC)=O)cccc1)c1n(CC=C)c(-c2c(C)cccc2)nn1,,C35523715,99.876137,0,0,0,0,0,0,0,0,0,0
O=C(N(CCC)Cc1c(N(C)C(C)C)onc1-c1ccccc1)CC(C)C,,C35760126,99.988472,0,0,0,0,0,1,0,0,0,0
O(C)C(=O)c1n(CC)c(C)c(C(=O)[C@@H](Oc2ccc(C(C)C)cc2)C)c1C,,C35822322,100,0,0,0,1,0,1,0,0,0,0
O=C(N(CCC(C)C)Cc1c(N(CC)CC)onc1-c1ccccc1)C(C)C,,C36248895,99.988457,0,0,0,0,0,0,0,0,0,0
O=C(N(CCC(C)C)Cc1c(N(CC)CC)onc1-c1ccccc1)CC,,C36248896,99.988457,0,0,0,0,0,0,0,0,0,0
O(CC)C(=O)c1c(C)nc(N(CCCC)C(=O)c2cc(C)ccc2)s1,,C36612106,100,0,0,0,1,0,1,0,0,1,1
S(C)c1c(OCc2onc(C(=O)N3C(CC=C)(CC=C)CCC3)c2)cccc1,,C12302577,100,0,0,0,1,0,1,0,0,0,1
O(CCCCC)c1ccc(/C=C\2/C(=O)N(CCC)C(=O)C(C#N)=C/2C)cc1,,C38603480,100,0,0,0,1,0,1,0,0,0,1
O(CC=C)c1ccc(/C=C\2/C(=O)N(CCCCCC)C(=O)C(C#N)=C/2C)cc1,,C38604151,100,0,0,0,1,0,1,0,0,0,1
Clc1c(/C=C/C(OCC(=O)c2ccc(CCC)cc2)=O)n2C=CSc2n1,,C39607477,79.228607,0,0,0,1,0,1,0,0,0,0
S(CC(=O)N(CCCC)CCCC)C1=NC(=O)C2=C(C)[C@@H](C)SC2=N1,,C39922208,99.995872,0,0,0,1,0,1,0,0,0,1
O=C(N(Cc1oc([C@@H]2[C@@H](C)C2)cc1)Cc1occc1)c1ccc(OCCC)cc1,,C47132234,100,0,0,0,0,0,0,0,0,0,0
O(CC)c1c(OCC)ccc(/C=C/2\C(=O)N(c3ccccc3)N=C\2CCC)c1,,C13892984,99.999832,0,0,0,1,0,0,0,0,0,0
S(C(C)C)c1n(CCOC)c(COc2c(-c3ccccc3)cccc2)nn1,,C57362795,99.876282,0,0,0,1,0,1,0,0,0,1
O=C(N(C)Cc1c(CCCC)oc2ccccc12)CCc1c(C)n(C)nc1C,,C53954478,99.80249,0,0,0,1,0,1,0,0,1,1
S(CC(=O)N(CCC(C)C)CCC(C)C)CC=1[NH+]=C2N(C(=O)C=1)C=CC=C2,,C58690100,99.073036,0,0,0,0,0,0,0,1,1,1
S(CCO[C@H]1[C@H](C)CCCC1)c1n(Cc2occc2)c(C(C)C)nn1,,C59124398,99.603279,0,0,0,1,0,1,0,0,0,0
Clc1ccc(OCc2n(c(SCCOC=C)nn2)-c2ccccc2)cc1,,C59353463,99.750748,0,0,0,1,0,1,0,0,0,0
Clc1cc(-c2n(CC=C)c(SCC(OCC(C)C)=O)nn2)ccc1,,C59794745,99.918022,0,0,0,1,0,1,0,0,0,1
S(CCCOCC(F)(F)F)c1n-2c(nn1)C=C(C)c1ccc(OC)cc-21,,C59961115,99.675713,0,0,0,1,0,1,0,0,1,0
S(CC(=O)c1ccc(C)cc1)c1n(CC=C)c(-c2c(OC)cccc2)nn1,,C32389520,99.876686,0,0,0,0,0,1,0,0,0,0
S(CC(=O)O[C@H]1[C@@H](C(C)C)CC[C@@H](C)C1)c1n(CC=C)c(C2CC2)nn1,,C60383993,99.665779,0,0,0,1,0,1,0,0,0,0
S(CCCC)c1sc(S[C@@H](C)c2oc(-c3sccc3)nn2)nn1,,C61141950,99.993309,0,0,0,1,0,1,0,0,0,1
S([C@@H](C)C(=O)N(CC=C)CC=C)c1oc(-c2ccc(C(C)C)cc2)nn1,,C66261020,99.997963,0,0,0,1,0,1,0,1,0,1
O([C@H](C)CC(C)C)C(=O)/C=C/c1nc(N(C(=O)C)c2ccccc2)sc1,,C66532781,100,0,0,0,0,0,1,0,0,0,1
S(CC(O[C@@H](C)c1cc(C#N)ccc1)=O)Cc1nc(-c2ccccc2)oc1,,C67641133,100,0,0,0,0,0,1,0,0,0,0
O=C(N(CC[C@@]1(Cc2ccccc2)CC(C)(C)OCC1)Cc1ccc(N(C)C)cc1)C,,C03999265,100,0,0,0,1,0,1,0,0,0,0
ClC(Cl)(Cl)C(c1ccc(OC[C@@H]2OC2)cc1)c1ccc(OC[C@@H]2OC2)cc1,,C03122832,100,0,0,0,1,0,0,0,0,0,0
S([C@@H](C)C(=O)c1cc(F)c(F)cc1)c1n(CC=C)c(-c2c(OC)cccc2)nn1,,C05131417,99.873779,0,0,0,0,0,0,0,0,0,0
S(Cc1c(C#N)cccc1)c1n(CCc2ccccc2)c(Cc2sccc2)nn1,,C05221567,99.634323,0,0,0,0,0,0,0,0,0,0
S=C1N(CC)C(=O)/C(=C\c2cc(OCCCOc3cc(C)cc(C)c3)ccc2)/S1,,C06470602,100,0,0,0,1,0,1,0,0,0,0
S=C1N(C)C(=O)/C(=C\c2cc(OCCCOc3ccc([C@H](C)CC)cc3)ccc2)/S1,,C02878272,100,0,0,0,1,0,1,0,0,0,0
O=C(N(CC=C)Cc1onc(-c2ccc(C)cc2)n1)C(c1ccccc1)c1ccccc1,,C06669402,99.998367,0,0,0,1,0,1,0,0,0,0
S(CC(OCc1ccccc1)=O)c1c(C#N)c(C(F)(F)F)cc(-c2occc2)n1,,C00804045,99.994644,0,0,0,0,0,1,0,0,0,0
FC(F)(F)c1cc(N2C(=O)C[C@H](c3n(CCCCCC)c4ccccc4n3)C2)ccc1,,C08752896,72.14402,0,0,0,1,0,1,0,0,1,0
S=C1N(CC=C)C(=O)/C(=C/c2cc(OCCOc3c(CC=C)cccc3)ccc2)/S1,,C08872399,100,0,0,0,1,0,1,0,0,0,1
S(Cc1c(C(OCC(=O)c2c(F)cccc2)=O)cccc1)c1oc2ccccc2n1,,C09556100,100,0,1,0,1,1,1,0,0,1,0
S(C)c1ccc2N(CCOC)/C(=N\C(=O)Cc3ccc(SCC)cc3)/Sc2c1,,C09565758,97.602188,0,0,0,1,0,0,0,0,0,0
Clc1ccc(-c2n(C[C@@H]3OCCC3)c(SCCOc3ccc(C)cc3)nn2)cc1,,C02618558,99.879852,0,0,0,1,1,1,0,0,0,1
S(Cc1nc(-c2cc(OC)ccc2)sc1)c1n(CC)c(Cc2ccccc2)nn1,,C09664157,99.598206,0,0,0,0,0,1,0,0,0,0
S(CCCC(=O)N(Cc1occc1)c1sc2cccc(F)c2n1)c1ccccc1,,C10527796,100,0,0,0,1,0,1,0,0,0,1
S(CC(=O)N(Cc1ccccc1)c1sc2cc(OCC)ccc2n1)Cc1ccccc1,,C10611226,100,0,0,0,1,0,1,0,0,0,1
S(CC(=O)N(Cc1occc1)c1sc2cc(CC)ccc2n1)Cc1ccccc1,,C10612234,100,0,0,0,1,0,1,0,0,0,1
S([C@@H](C(=O)c1ccc(C)cc1)c1ccc(C)cc1)c1n(CCc2sccc2)cnn1,,C11105840,99.908546,0,0,0,1,0,1,0,0,0,0
S([C@@H](C)C(=O)/C=C\1/N(C)c2ccccc2C/1(C)C)c1scc(CC(OCC)=O)n1,,C11387819,100,0,0,0,1,0,1,0,0,0,1
Clc1ccc(SCC(=O)c2c(C)n(c(C)c2)-c2ccc(C(OCC)=O)cc2)cc1,,C02679453,100,0,0,0,0,0,0,0,0,0,0
S(CCCC(=O)/N=C\1/N(CC(OC)=O)c2c(F)cccc2S/1)c1ccccc1,,C12629019,98.376709,0,0,0,1,1,1,0,0,0,1
O=C(N(CCCn1cncc1)c1sc2cccc(CC)c2n1)/C=C/c1ccccc1,,C10580051,79.416283,0,0,0,1,0,0,0,0,1,1
Clc1c(OCCCOc2ccccc2)c(/C=C/2\C(=O)N(CC=C)C(=S)S\2)cc(Cl)c1,,C13895984,100,0,0,0,1,0,1,0,0,0,0
Fc1c(OCCN(C)C(=O)/C=C/c2c(C)n(Cc3ccc(C)cc3)nc2C)cccc1,,C16112775,99.937866,0,0,0,1,0,1,0,0,0,0
Clc1ccc(C(=O)[C@H](OC(=O)c2nc(COc3ccc(C)cc3)sc2)C)cc1,,C16160420,100,0,0,0,1,1,1,0,1,1,1
S([C@@H](C)C(=O)N(C)Cc1cc(F)ccc1)c1n(CCC)c(-c2cc(C)ccc2)nn1,,C23274328,99.883324,0,0,0,0,0,0,0,0,0,1
S(=O)(=O)(N(CC)CC)c1ccc2n(C(C)C)c(SCc3c(C)cccc3)nc2c1,,C23425085,83.169937,0,0,0,1,1,1,0,1,0,0
S(C(c1ccccc1)c1ccccc1)C=1N(CCCOC)C(=O)c2ccccc2N=1,,C23942813,96.499527,0,0,0,1,0,1,0,1,0,1
Clc1ccc2n(CCOC)c(SCC(=O)N(CC)c3ccc(F)cc3)nc2c1,,C24828672,79.35434,0,0,0,1,0,1,0,0,0,1
Clc1sc(CN(CC=C)C[n+]2c([S-])n(C)c(-c3ccc(OC)cc3)n2)cc1,,C32509409,99.213898,0,0,0,1,0,1,0,0,0,1
FC(F)(F)c1cc([C@H](CC(=O)N(CCC)CCC)c2n3C=CC(C)=Cc3[nH+]c2)ccc1,,C33446288,99.957695,0,0,0,0,0,0,0,1,0,0
Clc1ccc(OCC(=O)N(CCCC)Cc2n(Cc3cc(F)ccc3)ccc2)cc1,,C33647727,100,0,1,0,1,0,1,0,0,0,0
Fc1c(C(=O)N(C[C@H](C)CC)CC(=O)N(Cc2sccc2)Cc2ccccc2)cccc1,,C33741660,100,0,0,0,1,0,1,0,0,0,1
Fc1c(C(=O)N(CC(C)C)C[C@@H]2[C@@H](c3ccccc3)C[NH+](Cc3ccncc3)C2)cccc1,,C34698963,96.864929,0,0,0,0,0,0,0,1,0,0
Fc1cc(C(=O)N(CC(=O)N(Cc2c(C)ccs2)Cc2ccccc2)[C@H](C)CC)ccc1,,C34782400,100,0,0,0,0,0,0,0,0,0,1
Fc1cc(C(=O)N(CC(=O)N(Cc2c(C)ccs2)Cc2ccccc2)[C@@H](C)CC)ccc1,,C34782401,100,0,0,0,0,0,0,0,0,0,1
O=C(N(CCCCC)[C@@H](C)C=1N(c2ccc(C)cc2)C(=O)c2ccccc2N=1)C(C)C,,C35063482,99.130806,0,0,0,0,0,1,0,0,0,1
O=C(N(CCCC)[C@@H](CC)C=1N(c2cc(C)ccc2)C(=O)c2ccccc2N=1)C(C)C,,C35067964,99.130066,0,0,0,0,0,1,0,0,0,1
Clc1cc(N2C([C@@H](N(CC)C(=O)CCCC)CC)=Nc3ccccc3C2=O)ccc1,,C35071496,99.157921,0,0,0,0,0,1,0,0,0,1
O=C(N(CC[NH+]1CCN(C(=O)CC(C)C)CC1)CC=1[C@H]2C(C)(C)[C@H](C2)CC=1)C(C)C,,C35095643,77.226357,0,0,0,0,0,0,0,1,1,0
Clc1c(Oc2n(C)nc(c2CN(CCC)C(=O)C(C)C)-c2ccccc2)cccc1,,C35980369,99.920799,0,0,0,0,0,0,0,0,0,0
Fc1cc(C(=O)N(Cc2ccccc2)c2ccc(CC(=O)N(C)CCC)cc2)ccc1,,C37557078,100,0,0,0,0,0,0,0,0,0,0
Clc1c(COc2cc(/C=C\3/C(=O)N(CCCOCC)C(=S)S/3)ccc2)cccc1,,C40007359,100,0,0,0,1,0,1,0,0,0,1
O(C)c1c(N(C)C)ccc(/C=C/c2nc(/C=C/c3cc(OC)c(N(C)C)cc3)ccc2)c1,,C28948991,74.796074,0,0,0,0,0,0,0,0,0,0
S(Cc1nc(-c2ccc(CC)cc2)sc1)c1n(CCC)c(-c2ccncc2)nn1,,C45794819,97.264336,0,0,0,0,0,0,0,0,0,0
Clc1c(C)cc(O[C@H](C)C(=O)N(Cc2oc([C@H]3[C@@H](C)C3)cc2)Cc2occc2)cc1,,C47132286,100,0,0,0,1,0,1,0,0,1,0
Clc1cc(Cn2c(CN(S(=O)(=O)c3ccccc3)[C@H](C)CC)ccc2)ccc1,,C04586803,100,0,1,0,1,0,0,0,0,0,0
S(CCCOC)C=1N(c2ccc(OCC)cc2)C(=O)c2c(sc3CCCc23)N=1,,C59123545,99.671638,0,0,0,0,0,0,0,0,1,0
S(Cc1ccccc1)C=1SC(=S)N(c2ccc(C(=O)N(CC)[C@H](C)C(C)C)cc2)N=1,,C60140698,100,0,0,0,1,0,0,0,0,0,0
S(Cc1n(CC(F)(F)F)ccn1)C=1N(CCCC)C(=O)c2c(C)c(C)sc2N=1,,C60376273,78.941765,0,0,0,1,0,1,0,0,0,1
S(=O)(=O)(N(CCCC(OCC)=O)Cc1ccc(C(F)(F)F)cc1)c1ccc(C(C)C)cc1,,C03028329,100,0,0,0,1,0,0,0,0,0,0
S(C/C=C/c1ccccc1)c1oc(CCCCCN2C(=O)c3cccc4cccc(C2=O)c34)nn1,,C08433159,99.997231,0,0,0,1,1,1,0,0,0,1
Clc1ccc(CSc2n(/N=C/c3c(OCC(C)C)cccc3)c(CCC)nn2)cc1,,C02610809,99.781326,0,0,0,1,0,0,0,0,1,1
Clc1ccc(C=2N(CCCCCOc3ccc(OCC)cc3)C(=O)c3ccccc3N=2)cc1,,C01824982,93.16433,0,0,0,1,0,1,0,0,0,1
S(C)CCN1/C(=N/C(=O)CCSc2ccccc2)/Sc2cc(C(OCC)=O)ccc12,,C09564225,97.990959,0,0,0,1,0,0,0,0,0,0
O=C(N(Cc1occc1)c1sc2cc(OC)ccc2n1)c1ccc(OCCCCC)cc1,,C10528324,100,0,0,0,0,1,0,0,0,0,1
O=C(N(C[C@@H]1OCCC1)c1sc2cc(OCC)ccc2n1)c1cc(OCCCC)ccc1,,C11068990,100,0,0,0,1,0,1,0,0,0,1
S(=O)(C(F)(F)F)c1cc([N+](=O)[O-])c(SCC(OCC(F)(F)C(F)F)=O)cc1,,C12658925,100,0,0,0,0,0,0,0,0,0,0
S(Cc1ccc(F)cc1)c1n(CCOC)c(COc2c(-c3ccccc3)cccc2)nn1,,C13160331,99.894577,0,0,0,1,0,1,0,0,0,1
S(CC(OCCCCC)=O)c1ncnc2c1sc1nc(CC(C)C)c3CCCc3c21,,C09471624,98.893738,0,0,0,1,0,1,0,0,0,0
S(CCC(=O)/N=C\1/N(CC(OCC)=O)c2ccc(C(C)C)cc2S/1)Cc1ccccc1,,C12310782,98.034531,0,0,0,1,1,1,0,0,0,0
S(=O)(=O)(N(CCCCCC)[C@H](CC)C=1N(C)C(=O)c2ccccc2N=1)c1ccc(F)cc1,,C16424131,98.231415,0,0,0,1,0,1,0,0,1,1
Clc1c(Cn2c(CN(CC(C)C)C(=O)CN([C@H](C)CC)C(=O)c3ccc(F)cc3)ccc2)cccc1,,C16458827,100,0,0,0,0,0,0,0,0,0,1
O=C(N(CCCC)Cc1n(Cc2cc(C)ccc2)ccc1)CN(CC(C)C)C(=O)c1ccccc1,,C16462297,100,0,0,0,1,0,1,0,0,0,1
O=C(N(CCCC)Cc1n(Cc2cc(C)ccc2)ccc1)CN(CCC)C(=O)CC(C)(C)C,,C16462500,100,0,0,0,1,0,1,0,0,0,1
S(CC(OCCCCC)=O)c1n2C(SCC)=Nc3sc4CC[C@@H](C)Cc4c3-c2nn1,,C16846218,99.681358,0,0,0,1,0,1,0,0,0,0
Fc1cc(F)c2nc(N(CCC[NH+]3CCOCC3)C(=O)c3ccc(OCCCC)cc3)sc2c1,,C20589154,93.905373,0,0,0,1,0,1,1,0,0,1
S(Cc1c(F)c(F)c(C)cc1)c1n(CCCOCC)c2ccc(C(OCC)=O)cc2n1,,C23336335,84.528656,0,0,0,1,0,0,0,0,0,1
O(CCCC)c1cc(/C=C\2/C(=O)n3nc(-c4ccc(OCCCC)cc4)nc3S/2)ccc1,,C27022612,99.90979,0,0,0,1,0,0,0,0,0,0
O(CCC(C)C)c1cc(/C=C\2/C(=O)n3nc(-c4ccc(OCCCC)cc4)nc3S/2)ccc1,,C27022632,99.90979,0,0,0,1,0,0,0,0,0,0
S(=O)(=O)(N(CCCC)CCCC)c1ccc2N(C(=O)CCCC)C(=O)c3cccc1c23,,C27302585,100,0,0,0,1,0,1,0,0,0,1
O(CCCC)c1c(/C=C\2/C(=O)n3nc(-c4ccc(OCCCC)cc4)nc3S/2)cccc1,,C03637005,99.907349,0,0,0,1,0,0,0,0,0,1
O(CCCCC)c1ccc(/C=C/2\C(=O)n3nc(-c4ccc(OCC=C)cc4)nc3S\2)cc1,,C33168215,99.905617,0,0,0,1,0,0,0,0,0,0
Clc1cc(Cn2c(CN(CCCCC)C(=O)c3cc([N+](=O)[O-])c(C)cc3)ccc2)ccc1,,C33761343,100,0,0,0,0,0,0,0,0,0,0
Cl[C@@H](C(=O)N(CCCC)[C@H](CC)C=1N(CCC)C(=O)c2ccccc2N=1)c1ccccc1,,C35030016,97.975769,0,0,0,0,0,0,0,0,0,1
O=C(N(CCC)[C@@H](C)C=1N(c2cc(C)ccc2)C(=O)c2ccccc2N=1)[C@@H](CC)CCCC,,C35065345,99.130585,0,0,0,1,0,1,0,0,0,1
O=C(N(CCCC)[C@@H](C)C=1N(c2ccc(OCC)cc2)C(=O)c2ccccc2N=1)CC(C)C,,C35090583,99.025482,0,0,0,0,0,1,0,0,0,1
O=C(N(C)[C@@H](C)C=1N(c2c(OCC)cccc2)C(=O)c2ccccc2N=1)[C@@H](CC)CCCC,,C35092693,99.121437,0,0,0,1,0,1,0,0,0,1
FC(F)(F)c1cc(Cn2c(CN(CC=C)C(=O)/C=C/c3ccc([N+](=O)[O-])cc3)ccc2)ccc1,,C35125668,100,0,0,0,0,0,0,0,0,0,0
S(CC(=O)N(CCC)CCC)C=1N(C)C(=O)C(Cc2ccc(C(C)(C)C)cc2)=C(C)N=1,,C35159143,97.494827,0,0,0,0,0,1,0,0,0,1
Clc1ccc2OC=3C(=O)N(CCCOC)[C@@H](c4ccc(OCCCCC)cc4)C=3C(=O)c2c1,,C35487691,100,0,0,0,1,0,1,0,0,1,1
O(C)C(=O)c1n(CC)c(C)c(C(=O)CN(C(=O)C[C@H](C)CC(C)(C)C)C2CCCCC2)c1C,,C35868846,100,0,0,0,0,0,1,0,0,0,0
O(C)CCCN1[C@@H](c2cc(OCCCCC)ccc2)C=2C(=O)c3c(C)cc(C)cc3OC=2C1=O,,C38593649,100,0,0,0,1,1,1,0,0,0,1
O(CC)c1c(OCC=C)ccc([C@H]2N(CCCCC)C(=O)C=3Oc4cc(C)cc(C)c4C(=O)C2=3)c1,,C38593933,100,0,0,0,1,0,1,0,0,0,0
O(CC)c1c(OCc2ccccc2)ccc([C@@H]2N(CCCCC)C(=O)C=3Oc4ccccc4C(=O)C2=3)c1,,C38609110,100,0,0,0,1,0,1,0,0,0,0
S(Cc1nc(-c2cc(OC)c(OCC)cc2)sc1)c1n(CC=C)c(-c2ccccc2)nn1,,C39221732,99.880104,0,0,0,1,0,1,0,0,0,0
S(C)c1ccc2N(CCC)/C(=N/C(=O)c3cc(OCC)c(OCC)c(OCC)c3)/Sc2c1,,C39716750,97.967743,0,0,0,1,0,1,0,0,0,0
S(CC(=O)c1ccc(-c2ccccc2)cc1)c1n(CC=C)c(COc2c(C)cccc2C)nn1,,C39749252,99.910469,0,0,0,0,0,0,0,0,0,0
O(C)CCN1[C@H](c2ccc(OCCCCCC)cc2)C=2C(=O)c3cc(C)cc(C)c3OC=2C1=O,,C39910336,100,0,0,0,1,0,1,0,0,0,0
Clc1c(C)cc2OC=3C(=O)N(CC=C)[C@H](c4cc(OCC)c(OCCCCC)cc4)C=3C(=O)c2c1,,C39913452,100,0,0,0,1,0,1,0,0,0,0
O(CC)c1ccc(/C=C/c2nn3C(=O)/C(=C/c4ccc(OCCCCC)cc4)/Sc3n2)cc1,,C40015547,99.89653,0,0,0,1,0,0,0,0,0,0
Clc1ccc2OC=3C(=O)N(CCCC)[C@H](c4cc(OC)c(OCCCCC)cc4)C=3C(=O)c2c1,,C40020846,100,0,0,0,1,0,1,0,0,0,0
Clc1ccc2OC=3C(=O)N(CCCC)[C@H](c4cc(OCC)c(OCCC(C)C)cc4)C=3C(=O)c2c1,,C40020922,100,0,0,0,1,0,1,0,0,0,0
O(CC)c1c(OCCCCC)ccc([C@H]2N(CC=C)C(=O)C=3Oc4cc(C)c(C)cc4C(=O)C2=3)c1,,C40032064,100,0,0,0,1,0,1,0,0,0,0
O(C)CCCN1[C@@H](c2ccc(OCCCC)cc2)C=2C(=O)c3cc(CC)ccc3OC=2C1=O,,C40042250,100,0,0,0,1,0,0,0,0,1,0
O(C)CCN1[C@@H](c2ccc(OCCCCCC)cc2)C=2C(=O)c3ccc(C)c(C)c3OC=2C1=O,,C40065983,100,0,0,0,0,0,1,0,0,0,0
O=C(N(CC[NH+]1CCN(C(=O)C[C@H](C)CC(C)(C)C)CC1)CC=1[C@H]2C(C)(C)[C@H](C2)CC=1)C(C)C,,C35095590,77.193161,0,0,0,0,0,0,0,0,0,0
Clc1c(COc2cc(/C=C/3\C(=O)N(CCCCCC(OCC)=O)C(=S)S\3)ccc2)cccc1,,C40928530,100,0,0,0,0,0,1,0,0,0,1
Clc1c(COc2c(/C=C/3\C(=O)N(CCCCCC(OCC)=O)C(=S)S\3)cccc2)cccc1,,C40928555,100,0,0,0,1,0,1,0,0,0,1
O(C)c1c(OCc2n(CCCOc3c(C)c(C)ccc3)c3ccccc3n2)ccc(/C=C/C)c1,,C41146203,86.294228,0,0,0,1,0,1,0,0,0,1
S(Cc1c(C)onc1C)c1c(C(OCC(=O)N(C(C)C)C(C)C)=O)cccc1,,C04318601,100,0,0,0,1,0,1,0,0,0,0
ClCCCCN(C(=O)C)n1cnc2c(SC(c3ccccc3)c3ccccc3)ncnc12,,C01716438,98.75975,0,0,0,1,0,1,0,0,0,0
O(CC)C(=O)/C=C\1/N(CC(=O)N(CC)CC)C(=O)/C(=C/c2ccc(CC)cc2)/S/1,,C05156404,100,0,0,0,0,0,1,0,0,0,1
S(CC(=O)N(C)C)c1n(CC=C)c(COc2c(-c3ccccc3)cccc2)nn1,,C02623030,99.91288,0,0,0,1,0,1,0,0,0,1
Clc1c(S(=O)(=O)N(CC)CC)cc(C(O[C@@H](C)C(=O)c2ccc(C)cc2)=O)cc1,,C03392331,100,0,0,0,1,0,1,0,0,0,0
O(C)C(=O)c1n(CC)c(C)c(C(=O)CN(CC)C(=O)[C@@H]2[C@H](c3ccccc3)C2)c1C,,C06836360,100,0,0,0,1,0,1,0,0,0,1
S(CC(=O)c1c(C)n(CC=C)c(C)c1)c1oc([C@H](Oc2c(F)cccc2)C)nn1,,C07137310,99.999146,0,0,0,1,1,1,0,0,1,1
S(CC(O[C@H](C)C(=O)c1ccc(OC(F)F)cc1)=O)c1oc2ccccc2n1,,C07989921,100,0,0,0,1,0,1,0,0,1,0
S(CC(=O)N(C)Cc1cscc1)c1n(CC=C)c(-c2c(OC)cccc2)nn1,,C08206021,99.877937,0,0,0,1,1,1,0,0,0,1
S(CC(=O)N(CC)CCCC)C=1N(C[C@@H]2OCCC2)C(=O)c2ccccc2N=1,,C04599261,97.223137,0,0,0,1,0,1,0,0,0,1
S(Cc1c(C)onc1C)c1c(C(OCC(=O)c2c(C)n(CC)c(C)c2)=O)cccc1,,C08712501,100,0,1,0,1,0,1,0,0,0,0
S(Cc1c(C)onc1C)c1c(C(OCC(=O)c2c(C)n(C3CC3)c(C)c2)=O)cccc1,,C08713093,100,0,1,0,1,0,1,0,0,0,0
S(CC(=O)c1c(C)n(CC(F)(F)F)c(C)c1)c1n(CC=C)c(-c2c(C)occ2)nn1,,C08965604,99.609467,0,0,0,1,0,1,0,0,0,0
Brc1ccc2C(COC(=O)CCC(=O)c3ccc(OCC)cc3)=CC(=O)Oc2c1,,C09386164,100,0,0,0,1,1,1,0,0,1,1
Clc1c(CN2C(SCC(=O)CC(OCC)=O)=Nc3ccsc3C2=O)cccc1,,C03059338,98.293816,0,0,0,1,0,1,0,1,0,1
S(=O)(=O)(N(CC)CC)c1cc(C(=O)N(CC=C)c2scc(-c3ccccc3)n2)ccc1,,C09508286,100,0,0,0,1,0,0,0,0,0,1
Clc1c(CN(C)C(=O)CSc2n(CC=C)c(-c3c(OC)cccc3)nn2)c(F)ccc1,,C10242731,99.878418,0,0,0,1,1,1,0,0,0,1
Ic1cc(C(OCC(=O)N(CC(OCC)=O)c2ccccc2)=O)ccc1,,C10975608,100,0,0,0,1,1,1,0,0,1,1
Clc1c(CN(C)C(=O)CSc2n(CCOC)c(-c3ccccc3)nn2)c(F)ccc1,,C12352544,99.906677,0,0,0,1,1,1,0,0,0,1
O(CC)C(=O)/C=C\1/N(CC(=O)N(CC)CC)C(=O)/C(=C/c2ccc(-c3ccccc3)cc2)/S/1,,C12818104,100,0,0,0,0,0,1,0,0,0,1
S(=O)(Cc1c(C)c(SCC)ccn1)c1n(COC(=O)c2ccccc2)c2ccccc2n1,,C13820764,94.074203,0,0,0,1,0,1,0,0,1,0
S(C[C@@H](CCC#N)C#N)c1n(c(CSc2sc3ccccc3n2)nn1)-c1ccccc1,,C15234425,99.583099,0,0,0,1,0,1,0,1,0,1
O=C(N(CCC[NH+]1CCOCC1)c1sc2cc(OCC)ccc2n1)/C=C/c1sccc1,,C20588447,94.031052,0,0,0,1,0,1,1,0,1,1
S(CC(=O)c1c(C)n(CCCOC)c(C)c1)C=1N(c2ccccc2)C(=O)c2ccsc2N=1,,C21244297,99.779068,0,0,0,1,0,1,0,0,0,1
Clc1ccc(-c2n(CC=C)c(S[C@H](C)C(=O)N(CCC#N)c3ccccc3)nn2)cc1,,C21729291,99.893791,0,0,0,1,0,1,0,0,0,1
O=C(N(C)Cc1cn(Cc2ccccc2)nc1)/C=C/c1ccc(OCc2nc(C)sc2)cc1,,C22421827,99.961159,0,0,0,1,0,1,0,0,0,0
Clc1ccc(OCCOC(=O)c2c(SCc3onc(C)n3)cccc2)cc1,,C22524324,99.993561,0,0,0,1,1,1,0,0,0,0
Clc1c(Cn2c(C)c(/C=C/C(OCC(=O)c3cc(F)c(OC)cc3)=O)c(C)n2)cccc1,,C23274042,99.948265,0,0,0,1,0,1,0,0,0,0
O=C(N(C)Cc1ccc(OCC=C)cc1)c1ccc(OCc2c(C)onc2C)cc1,,C23526587,100,0,0,0,1,0,0,0,0,0,0
S(Cc1c(C(OCC(=O)N(C)Cc2sccc2)=O)cccc1)c1oc2ccccc2n1,,C24297356,100,0,0,0,1,0,1,0,0,1,1
S(CC(=O)N(CC)Cc1ccccc1)c1oc(COc2c(C)ccc(C)c2)nn1,,C28832079,99.999237,0,1,0,1,1,1,0,0,0,1
O(Cc1c(OCC)ccc2ccccc12)C(=O)CCc1onc(-c2cscc2)n1,,C32777375,99.995697,0,0,0,1,1,1,0,0,0,1
Fc1ccc(-c2nc3SC=C(CCN(CC[NH+]4CCOCC4)C(=O)CC(C)C)n3c2)cc1,,C35400411,64.41832,0,0,0,1,0,0,1,0,0,0
O(C)C(=O)c1n(C)c(C)c(C(=O)[C@H](N(CCC)C(=O)c2ccc(-c3ccccc3)cc2)C)c1C,,C35538801,100,0,0,0,0,0,0,0,0,0,0
Fc1ccc(CN(Cc2sc(C)cc2)C(=O)CN(Cc2occc2)C(=O)c2occc2)cc1,,C35808248,100,0,0,0,1,0,1,0,0,0,1
Clc1c(Cl)ccc(C(=O)N(CC(C)C)CC(=O)c2c(C)n(CC)c(C(OC)=O)c2C)c1,,C35868764,100,0,0,0,0,0,0,0,0,1,1
O(C)CC(=O)N(CC(C)C)Cc1c(Oc2ccccc2)n(-c2ccccc2)nc1C,,C35970631,99.952705,0,0,0,1,0,1,0,0,0,1
Fc1c(Oc2n(-c3ccccc3)nc(CC)c2CN(C[C@@H]2OCCC2)C(=O)C2CC2)cccc1,,C35975894,99.957314,0,0,0,1,0,1,0,0,0,1
O(CC)C(=O)c1n(CC)c(C)c(C(=O)CN(C(C)C)C(=O)c2ccc(C)cc2)c1C,,C35992657,100,0,0,0,0,0,1,0,0,0,1
S(CC(=O)c1c(C)n([C@H](C)COC)c(C)c1)C=1N(CC=C)C(=O)c2ccsc2N=1,,C36800426,99.5289,0,0,0,1,0,1,0,0,0,1
S([C@@H](C)C(=O)N(CCC#N)c1ccccc1)c1n(CCOC)c2ccccc2n1,,C36802198,75.527794,0,0,0,1,0,1,0,0,0,1
O(CCCN(Cc1occc1)C(=O)c1sc-2c(C(=O)N(CC)c3ccccc-23)c1)C(C)C,,C08599100,100,0,0,0,0,0,1,0,0,0,1
S(CC)c1sc(S[C@@H](C)C(=O)C=2C(C)=C(C(OCC)=O)[C@H](C)N=2)nn1,,C39747800,99.961609,0,0,0,1,0,1,0,0,1,1
Clc1ccc2C(=O)N(C)C([C@@H](N(CCC(C)C)C(=O)COCc3ccccc3)C)=Nc2c1,,C35043342,98.408287,0,0,0,1,0,1,0,0,0,1
Fc1c(C[NH+]2CCN(C(=O)COC(=O)/C=C/c3c(OCC)cccc3)CC2)cccc1,,C45868251,56.57502,0,0,0,1,0,1,0,0,1,1
S(Cc1ccc(OCc2ncccc2)cc1)c1n(CC=C)c(-c2occc2)nn1,,C48325840,99.483269,0,0,0,1,0,1,0,0,0,0
S(=O)(=O)(N(C)C)c1ccc(C(=O)/C=C/c2cc(OCC)c(OCC#C)cc2)cc1,,C06432369,100,0,0,0,1,0,1,0,1,1,0
S(=O)(=O)(N(C)C)c1cc(C(=O)/C=C/c2cc(OCC)c(OCC#C)cc2)ccc1,,C59270649,100,0,0,0,1,0,1,0,1,1,0
S(=O)(=O)(N(C)C)CCCSC=1N(CCC(C)C)C(=O)c2c(sc3CCCCc23)N=1,,C60376410,99.342735,0,0,1,1,0,1,0,1,0,1
Clc1cc(-c2nc(CS(=O)(=O)CCCOCC(F)(F)F)on2)ccc1,,C65650034,99.999191,0,0,0,1,0,1,0,0,1,1
Clc1c(C)cc(OCc2oc(SCC(=O)N(CC)CC)nn2)cc1,,C00905456,99.999237,0,0,0,1,0,1,0,0,1,1
O(C)C[C@@H](C)n1c(C)c(C(=O)COC(=O)c2ccc(N(C)C)cc2)cc1C,,C04506971,100,0,0,0,1,0,1,0,0,1,0
S(SCN1C(=O)N2c3ccccc3C=CC2=N1)P(OCC)OCC,,C01752388,99.991722,0,0,0,1,0,1,0,0,0,0
Clc1sc(C(=O)CCC(OCC(=O)N(CC#N)c2ccccc2)=O)cc1,,C05246344,100,0,0,0,1,1,1,0,0,1,1
O=C(N(Cc1n(C)ccc1)Cc1occc1)CN(C(C)C)C(=O)CC(C)C,,C06705357,100,0,0,0,1,0,1,0,0,0,1
Cl[C@H](C)C(=O)N(CC=C)[C@H](C)C(=O)c1c(C)n(C)c(C(OCC)=O)c1C,,C06734119,100,0,0,0,0,0,0,0,1,0,1
Clc1ccc(-c2n(CCOC)c(SC[C@H](CCC#N)C#N)nn2)cc1,,C07203077,99.886452,0,0,0,1,0,1,0,0,0,1
S(CC(=O)N(C)C)c1n(CC)c(-c2ccc(N(CC)CC)cc2)nn1,,C06986115,99.613174,0,0,0,0,0,1,0,0,0,0
Clc1c(S(=O)(=O)N(CC)CC)cc(C(O[C@H](C)C(=O)C)=O)cc1,,C07986315,100,0,0,0,1,0,1,0,1,1,0
Fc1c(CC(OCC(=O)N(CCC#N)c2ccc(OCC)cc2)=O)cccc1,,C09735044,100,0,0,0,1,1,1,0,0,0,0
O(C)C(=O)c1c(C)oc(/C=C/C(=O)N(Cc2sccc2)Cc2occc2)c1,,C10446517,100,0,0,0,0,0,0,0,0,0,0
Fc1ccc(-c2nc3SC=C(CC(=O)N(CCOC)CCOC)n3c2)cc1,,C05147239,83.077995,0,0,0,1,1,1,0,0,0,1
O=C(N(Cc1ccc(OCC(C)C)cc1)Cc1ccncc1)c1nsnc1,,C11791310,99.492798,0,0,0,1,0,1,0,0,1,0
Fc1c(N(CCC#N)C(=O)COC(=O)COc2c(C)cccc2)cccc1,,C28429331,100,0,0,1,1,1,1,0,0,1,0
S(CC(=O)N(CC)CC)c1n(CC(=O)N(CC)CC)c2ccccc2n1,,C34784443,79.78746,0,0,0,1,0,1,0,0,1,1
O(C)CCN(Cc1n(C)ccc1)C(=O)CN([C@@H](C)CC)C(=O)c1sccc1,,C06224520,100,0,0,0,1,0,1,0,0,0,1
O(CC)C(=O)c1n(C)c(C)c(C(=O)[C@H](N(C(C)C)C(=O)C2CC2)C)c1C,,C35647214,100,0,0,0,0,0,1,0,1,0,0
S(=O)(=O)(Oc1ccc(CN(Cc2occc2)C(=O)CCC)cc1)CC,,C35769873,100,0,0,0,1,0,1,0,1,1,0
O(CC)C(=O)c1n(C)c(C)c(C(=O)CN(C(C)C)C(=O)CC(C)C)c1C,,C35989552,100,0,0,0,1,0,1,0,0,0,1
O(CC)C(=O)c1n(CC)c(C)c(C(=O)[C@@H](N(CC=C)C(=O)CC)C)c1C,,C36005006,100,0,0,0,1,0,0,0,0,0,0
Fc1ccc(C(=O)N(CC)CC(=O)c2c(C)n(CC)c(C(OC)=O)c2C)cc1,,C36018639,100,0,0,0,0,1,1,0,0,0,0
Fc1cc(C(=O)N(CC)CC(=O)c2c(C)n(CC)c(C(OC)=O)c2C)ccc1,,C36018648,100,0,0,0,1,0,1,0,0,0,0
O(CC)C(=O)c1n(CC)c(C)c(C(=O)[C@H](N(CC)C(=O)C2CC2)C)c1C,,C36027460,100,0,0,0,0,0,0,0,1,0,0
O=C(N(C)Cc1ccc(OCC=C)cc1)CCC=1C(C)=C(C#N)C(=O)NC=1C,,C39443977,94.643539,0,0,0,1,0,1,0,1,1,1
O(C)CCCn1c(C)c(C(=O)COc2ncnc3sc(C)c(C)c23)cc1C,,C39562326,99.968216,0,0,0,1,0,1,0,0,1,1
S(CCOc1ccccc1)c1n(CC(C)C)c(CN2CCOCC2)nn1,,C39748679,82.17157,0,0,0,1,0,1,0,0,0,0
S(CC(=O)C1=C(C(OCC)=O)[C@H](C)N=C1C)c1n(CC)c2ccccc2n1,,C40034262,73.447235,0,0,0,1,0,1,0,0,0,1
S(=O)(=O)(N(CC)CC)c1cn(C)c(C(OCc2c(F)c(F)ccc2)=O)c1,,C45562636,100,0,0,0,1,0,0,0,1,0,0
S(CC(OC(C)C)=O)c1sc(SCC(=O)N(CC)CC)nn1,,C49773210,99.997726,0,0,0,1,0,1,0,0,0,1
O=C(N(Cc1sccc1)c1ccc2OCCOc2c1)CN(CCC)CC#N,,C49981169,99.993408,0,0,1,1,0,1,0,1,1,1
O(CC)C(=O)c1c(C)oc2ccc(OC(=O)CCc3sccn3)cc12,,C57301576,100,0,0,0,1,0,1,0,0,0,1
O(Cc1onc(-c2cscc2)n1)C(=O)CCC(=O)c1sc(C)cc1,,C07820827,99.998978,0,0,0,1,1,1,0,0,1,0
S(=O)(=O)(N1CCOCC1)c1sc(CC(=O)N(CC)CCCC)cc1,,C58164514,100,0,0,0,1,0,1,0,1,1,0
O([C@@H](C)C(=O)N(C(C)C)C(C)C)C(=O)CCOc1ccc(C(=O)C)cc1,,C58572243,100,0,0,0,1,0,1,0,0,1,1
S(=O)(=O)(CC(=O)N(CC)CCCC)Cc1nc(-c2occc2)sc1,,C58603465,100,0,0,0,1,0,1,0,0,1,1
S(=O)(=O)(Cc1nc(C(C)C)sc1)[C@@H](C)c1onc(CCCC)n1,,C58622538,99.997475,0,0,0,1,1,1,0,0,1,1
S(=O)(=O)(N(CCOC)C(CC)CC)c1c(C)cc(OC)c(OC)c1,,C59018030,100,0,0,0,1,0,1,0,0,1,1
S(=O)(=O)(N(C)C(C)C)c1cc(C(=O)N(CCOC)C(CC)CC)ccc1,,C45742303,100,0,0,0,1,0,1,0,1,1,1
Clc1c(OCC)c(OC)cc(/C=C/C(=O)N(CCC)CC(=O)N(C)C)c1,,C60405769,100,0,0,0,1,0,1,0,1,1,1
S(=O)(=O)(N(CC)CC)c1c(C)n(Cc2ccc(OC(F)F)cc2)nc1C,,C60428368,99.985062,0,0,0,1,0,1,0,1,1,0
S(CC(=O)N(C)C(C)C)c1n(CC=C)c(COc2c(F)cccc2)nn1,,C61311137,99.916496,0,0,0,1,0,1,0,0,1,1
S(CC(=O)N(CC)CCCC)c1n(Cc2occc2)c(C2CC2)nn1,,C61325320,99.71283,0,0,0,1,0,1,0,0,0,1
O(C)CCN(Cc1oc(-c2sccc2)nn1)Cc1cc(OC)ccc1,,C61783941,94.987778,0,0,0,1,1,1,0,0,1,1
O(CCC(=O)N(C)C)C(=O)c1c(-c2ccc(Cn3nccc3)cc2)cccc1,,C64358073,99.947029,0,0,0,1,0,1,0,0,0,1
S(CC(=O)C1=NC=CC1)c1n(CC)c2ccc(C(OCC)=O)cc2n1,,C39738646,86.1008,0,0,0,1,0,1,0,0,0,0
Clc1c(/C=C/C(=O)N(CC(OCC)=O)CC2CC2)n2C=CSc2n1,,C64946704,76.374374,0,0,0,1,0,1,0,0,0,1
S(=O)(=O)(N(CC)CC)c1cnc(SCc2sc(SC)nn2)cc1,,C65692081,99.861687,0,0,0,1,1,1,0,1,0,0
FC(F)c1n(CN(C)Cc2c(OCC)cccc2)ncc1C(OCC)=O,,C66448206,99.75592,0,0,0,1,0,1,0,0,0,0
O(Cc1ccc(COC(=O)c2nc(C)sc2)cc1)C(=O)c1nc(C)sc1,,C66960008,100,0,0,0,1,0,1,0,0,0,0
O(CC)C(=O)CN(Cn1c(-c2ccncc2)ccn1)Cc1ccc(C)cc1,,C67094546,96.157204,0,0,0,1,0,1,0,0,0,1
O(CCCCCCCCCCOc1cccc2ccc(C)nc12)c1cccc2ccc(C)nc12,,C08450578,99.422249,0,0,0,0,0,1,0,0,0,1
Brc1cc(C(=O)Nc2ccc(C(OCCC)=O)cc2)c(OCCCCCC)cc1,,C14648050,100,0,0,0,0,0,0,0,1,0,1
O=[N+]([O-])c1c(OC)cc([C@H](c2ccc(OCCCCCC)cc2)c2ccc(N(C)C)cc2)cc1,,C15776145,100,0,0,0,0,0,0,0,0,0,0
O(C)CCN([C@@H](C)C=1N(c2ccc(OCC)cc2)C(=O)c2ccccc2N=1)C(=O)[C@H](CC)CCCC,,C33732058,99.048767,0,0,0,1,0,1,0,0,1,1
Clc1ccc(N2C([C@H](N(CCCCC)C(=O)[C@@H](CC)CCCC)C)=Nc3ccccc3C2=O)cc1,,C35060664,99.12352,0,0,0,0,0,0,0,0,0,1
O=C(N(Cc1n(Cc2c(C)cccc2)ccc1)[C@H](C)CC)CN(CCCC)C(=O)c1ccc(OCCCC)cc1,,C35395138,100,0,0,0,1,0,1,0,0,0,1
Clc1cc(N([C@H](C(=O)NCCCC)c2ccc(C)cc2)C(=O)[C@@H](CC)CCCC)ccc1,,C36482521,100,0,0,0,0,0,1,0,0,0,1
Clc1c([C@H](N(Cc2occc2)C(=O)[C@H](CC)CCCC)C(=O)NCCCC)c(Cl)ccc1,,C36496572,100,0,0,0,1,0,1,0,0,0,1
Brc1ccc(CC(=O)N(Cc2occc2)[C@@H](/C=C/CCC)C(=O)NC(C)(C)CC(C)(C)C)cc1,,C36497721,100,0,0,0,1,0,0,0,0,0,1
Brc1ccc(CC(=O)N(Cc2occc2)[C@H](CCCCC)C(=O)NC(C)(C)CC(C)(C)C)cc1,,C36497768,100,0,0,0,0,0,0,0,0,0,1
Clc1ccc(C(=O)N(CCCCCC)[C@@H](C(=O)NCCCC)c2c(C)cc(C)cc2)cc1,,C36511291,100,0,0,0,0,0,0,0,0,0,1
Clc1ccc([C@H](N(CCCCCC)C(=O)c2ccc(Cl)cc2)C(=O)NCCCC)cc1,,C36511468,100,0,0,0,1,0,1,0,0,0,0
Clc1c(Cl)cccc1CC(=O)N(CCCCCC)[C@@H](C(=O)NCCCC)c1ccc(Cl)cc1,,C36515087,100,0,0,0,1,0,1,0,0,0,1
O=C(NC(C)(C)CC(C)(C)C)[C@H](N(CCCCCC)C(=O)C=C(C)C)c1ccc(N(C)C)cc1,,C36516907,100,0,0,0,0,0,0,0,0,0,0
Clc1c(C(=O)N(CCCCCC)[C@H](C(=O)NCCCC)c2ccc(Cl)cc2)cccc1,,C36521655,100,0,0,0,1,0,1,1,0,0,1
Clc1c(N([C@H](C(=O)NCCCC)c2ccc(C)cc2)C(=O)[C@H](CC)CCCC)cccc1,,C36542800,100,0,0,0,0,0,1,0,0,0,1
O=C(NC(C)(C)C)[C@@H](N(Cc1oc(C)cc1)C(=O)/C(=C\c1ccccc1)/c1ccccc1)CCCCC,,C36555444,100,0,0,0,0,0,0,0,0,0,1
Clc1ccc([C@@H](N(Cc2oc(C)cc2)C(=O)[C@H](CC)CCCC)C(=O)NC(C)(C)CC(C)(C)C)cc1,,C36558264,100,0,0,0,0,0,0,0,0,0,0
Clc1ccc([C@H](N(CCC)C(=O)/C=C\CCCCC)C(=O)NC(C)(C)CC(C)(C)C)cc1,,C36563863,100,0,0,0,0,0,0,0,0,0,1
Clc1ccc([C@@H](N(CCC)C(=O)/C=C\CCCCC)C(=O)NC(C)(C)CC(C)(C)C)cc1,,C36563867,100,0,0,0,0,0,0,0,0,0,1
Clc1c(Cl)cccc1CC(=O)N(Cc1oc(C)cc1)[C@@H](C(CC)CC)C(=O)NCCCC,,C36597925,100,0,0,0,1,0,1,1,0,0,1
Clc1c(Cl)cccc1CC(=O)N(Cc1oc(C)cc1)[C@@H](CCCCC)C(=O)NCCCC,,C36597956,100,0,0,0,1,0,1,1,0,0,1
Clc1c([C@H](N(Cc2oc(C)cc2)C(=O)CCCCC)C(=O)NCCCC)c(Cl)ccc1,,C36600762,100,0,0,0,1,0,0,1,0,0,0
O(Cc1nc(COC(=O)[C@H](C)c2ccc(CC(C)C)cc2)ccc1)C(=O)[C@H](C)c1ccc(CC(C)C)cc1,,C03877720,99.818932,0,0,0,1,0,0,0,0,0,0
O(C)CCCN1[C@H](c2cc(OC)c(OCCCCCC)cc2)C=2C(=O)c3cc(C)cc(C)c3OC=2C1=O,,C39910436,100,0,0,0,1,0,1,0,0,0,0
O=C(c1sccc1)C=1[C@@H](N(CCC[NH+](CCCC)CCCC)C(=O)C=1[O-])c1ccc(C(C)(C)C)cc1,,C40018724,98.729279,0,0,0,0,0,1,0,0,0,0
Fc1c(C)ccc(C(=O)C=2[C@@H](N(CCC[NH+](CCCC)CCCC)C(=O)C=2[O-])c2c(F)cccc2)c1,,C40019958,99.064148,0,0,0,1,0,1,0,0,0,0
O=C(Oc1c(OCC)cc(/C=C\2/C(=O)c3cc(C)ccc3O/2)cc1)c1ccc(OCCCCCC)cc1,,C40136390,100,0,0,0,1,0,0,0,0,0,0
O=C(N[C@H](C)c1n(CCCCOc2ccc(C(C)(C)C)cc2)c2ccccc2n1)C(CC)CC,,C40189546,78.517082,0,0,0,0,0,0,0,0,0,0
O=C(NCCCCCc1n(CCCOc2cccc3ccccc23)c2ccccc2n1)C(CC)CC,,C40211651,62.095718,0,0,0,0,0,0,0,0,0,1
O=C(NCCCCCc1n(CCCOc2cc(C)ccc2)c2ccccc2n1)c1c(C)cc(C)cc1,,C40212784,62.069851,0,0,0,0,0,0,1,0,0,0
Clc1c(C)cc(OCCCn2c(CCCCCNC(=O)c3c(C)cc(C)cc3)nc3ccccc23)cc1,,C40212788,62.073097,0,0,0,0,0,0,1,0,0,1
Fc1c(C(=O)NCCCCCc2n(CCCCOc3c(C)cccc3C)c3ccccc3n2)cccc1,,C40213115,61.288136,0,0,0,0,0,0,1,0,0,0
Clc1cc(C(=O)NCCCCCc2n(CCOc3c(CC=C)cccc3)c3ccccc3n2)ccc1,,C40213541,64.630455,0,0,0,1,0,0,1,0,0,1
Clc1ccc(C(=O)NCCCCCc2n(CCOc3c(C(C)C)ccc(C)c3)c3ccccc3n2)cc1,,C40214237,64.623802,0,0,0,1,0,0,1,0,0,1
Clc1ccc(C(=O)NCCCCCc2n(CCOc3ccc([C@@H](C)CC)cc3)c3ccccc3n2)cc1,,C40214253,64.624306,0,0,0,0,0,0,1,0,0,0
Clc1ccc(C(=O)NCCCCCc2n(CCCOc3c(C)c(C)ccc3)c3ccccc3n2)cc1,,C40214260,62.069317,0,0,0,1,0,0,1,0,0,1
Clc1c(C)cc(OCCCCn2c(CCCCCNC(=O)/C=C/C)nc3ccccc23)cc1,,C40219515,61.284145,0,0,0,0,0,0,0,0,0,1
Clc1c(C)cc(OCCCCn2c(CCCCCNC(=O)C(C)=C)nc3ccccc23)cc1,,C40219843,61.283684,0,0,0,0,0,0,0,0,0,1
Clc1c(C)cc(OCCCCn2c(CCCCCNC(=O)C(C)=C)nc3ccccc23)cc1C,,C40219885,61.283703,0,0,0,0,0,0,0,0,0,1
O=C(NCCCCCc1n(CCOc2c(CC=C)cccc2)c2ccccc2n1)Cc1c(C)cccc1,,C40221077,64.63031,0,0,0,1,0,0,0,0,0,0
O=C(NCCCCCc1n(CCCOc2c(C(C)C)cccc2)c2ccccc2n1)Cc1c(C)cccc1,,C40221138,62.070591,0,0,0,0,0,0,1,0,0,1
Clc1c(CC(=O)NCCCCCc2n(CCOc3cc(C)cc(C)c3)c3ccccc3n2)cccc1,,C40221473,64.624435,0,0,0,0,0,1,0,0,0,1
O=C(NCCCCCc1n(CCOc2c(CC=C)cccc2)c2ccccc2n1)c1sccc1,,C40223683,64.629349,0,0,0,1,0,0,1,0,0,1
Clc1c(OCCCCn2c(CCCCCNC(=O)c3sccc3)nc3ccccc23)cccc1,,C40223812,61.292847,0,0,0,1,0,0,1,0,0,1
O(C)c1cc(OCc2n(CCCCOc3ccc([C@@H](C)CC)cc3)c3ccccc3n2)ccc1,,C40234669,85.534889,0,0,0,1,0,1,0,0,0,0
O(C)c1c(OCCCCn2c(COc3ccc(C(C)(C)C)cc3)nc3ccccc23)ccc(/C=C/C)c1,,C40236030,85.445023,0,0,0,0,0,1,0,0,0,0
Clc1c(-c2scc(-c3n(CCCC)c(C)c(C(=O)NC[C@H](CC)CCCC)c3)n2)cccc1,,C43252201,100,0,0,0,0,0,0,0,0,0,0
O(CC)C(=O)c1ccc(N(c2ccc(C(OCC)=O)cc2)c2ccc(C(OCC)=O)cc2)cc1,,C44546483,100,0,0,0,0,0,0,0,0,0,0
Clc1c(NC(=O)c2ccccc2)ccc(SCCOC(=O)c2cc(OCCCC)ccc2)c1,,C57318047,100,0,0,0,1,0,1,0,0,0,0
O=C(N(CCC)CC(=O)N(CCCC)Cc1n(Cc2cc(C)ccc2)ccc1)C,,C04709599,100,0,0,0,1,0,1,0,0,1,1
S(CC(=O)N(CC(=O)N(CCCC)Cc1n(C)ccc1)[C@H](C)CC)c1ccccc1,,C04925152,100,0,0,0,1,0,1,0,0,0,1
S(CCCOc1ccc(F)cc1)c1oc(-c2cc(OC)cc(OC)c2)nn1,,C04928013,99.997818,0,0,0,1,1,1,0,0,0,0
Brc1ccc(S(=O)(=O)N(CCC(OCC)=O)Cc2c(F)cccc2)cc1,,C03028452,100,0,0,0,1,0,1,0,0,1,0
Clc1c(C(OCC(=O)c2c(C)n([C@@H](C)COC)c(C)c2)=O)cc(SC)cc1,,C06609822,100,0,0,0,1,0,1,0,0,1,0
O=C(N(CC(C)C)Cc1n(C)ccc1)CN(CC(C)C)C(=O)c1c(C)cccc1,,C06837936,100,0,0,0,0,0,1,0,0,0,1
S=C1N(C)C(=O)/C(=C\c2ccc(OCCOCCOc3cc(C)c(C)cc3)cc2)/S1,,C02959419,100,0,0,0,1,0,1,0,0,0,0
S(CC(=O)CC(OCC)=O)c1c(C#N)c(-c2cscc2)cc(-c2sccc2)n1,,C08448668,99.546677,0,1,0,1,0,1,0,1,1,1
S(CC(=O)c1c(C)n(C[C@H]2OCCC2)c(C)c1)Cc1ccc(C(OC)=O)cc1,,C08491173,100,0,0,0,0,0,1,0,0,0,0
S(CC(=O)c1ccccc1)C=1N(CCCOCC)C(=O)c2sc3ccccc3c2N=1,,C02961987,98.78376,0,0,0,1,0,1,0,0,0,0
S(CCCC(=O)N(Cc1occc1)c1sc2cc(OC)ccc2n1)c1ccccc1,,C10528395,100,0,0,0,1,0,1,0,0,0,1
FC(F)(F)c1c(Cn2c(CN(C[C@H]3OCCC3)C(=O)CC(C)C)ncc2)cccc1,,C06723535,76.04789,0,1,0,1,0,1,0,0,0,1
S=C1N(C)C(=O)/C(=C/c2cc(OCCOCCOc3cc(C)c(C)cc3)ccc2)/S1,,C13897953,100,0,0,0,1,1,1,0,0,1,0
O(CCCCn1c([C@H]2CN(CCCC)C(=O)C2)nc2ccccc12)c1ccccc1,,C14095760,71.005768,0,0,0,1,0,0,0,0,1,0
S=C1N(CCOC)C(=O)/C(=C/c2cc(OCC)c(OCc3cc(F)ccc3)cc2)/S1,,C15010751,100,0,0,0,1,1,1,0,1,0,0
Clc1c(Cn2c(CN(CC(C)C)C(=O)CN(CC)C(=O)CC(C)C)ccc2)cccc1,,C16458796,100,0,0,0,1,0,1,0,0,0,1
S(CCC(OCC(=O)N(CC)c1sc2ccccc2n1)=O)c1ccccc1,,C20037709,100,0,1,0,1,1,1,0,0,1,1
Clc1c(SCCC(O[C@H](C)C(=O)N(CCC#N)c2ccccc2)=O)cccc1,,C21679438,100,0,0,0,1,1,1,0,0,1,0
Clc1c(C)cc(N(CCC#N)C(=O)COC(=O)CCSc2ccccc2)cc1,,C29305028,100,0,0,0,1,1,1,0,0,0,1
O(CCCCCCN1C(=O)N(c2ccncc2)CC1)c1cccc2cccnc12,,C29399140,63.329075,0,0,0,1,0,1,0,0,1,0
Clc1c(C)c(-n2c(SCC(=O)N(CCOC)Cc3sccc3)ncc2)ccc1,,C29916267,81.518959,0,0,0,1,1,1,0,0,1,1
Fc1ccc(CN(Cc2c(C)ccs2)C(=O)CN(CCOC)C(=O)CCCC)cc1,,C33789536,100,0,0,0,1,1,1,0,0,0,1
Fc1cc([C@@H]2[C@@H](CN(CC(C)C)C(=O)COC)C[NH+](Cc3n(C)ccc3)C2)ccc1,,C34740489,98.316338,0,0,0,1,0,1,1,1,0,1
Clc1ccc(C(=O)N(CC=C)CC(=O)N(Cc2n(C)ccc2)Cc2ccccc2)cc1,,C35335932,100,0,0,0,1,0,1,0,0,0,1
O=C(N(CC(C)C)Cc1n(C)ccc1)CN([C@H](C)CC)C(=O)C[C@H](C)CC(C)(C)C,,C35336381,100,0,0,0,1,0,0,0,0,0,1
Clc1c(Cl)ccc(C(=O)N(CC(=O)N(CC(C)C)Cc2n(C)ccc2)[C@@H](C)CC)c1,,C35336396,100,0,0,0,0,0,0,0,0,0,1
S(CC(=O)N(CCCCC)Cc1scc(C(OCC)=O)n1)c1ccccc1,,C35337563,100,0,0,0,1,0,1,0,0,0,1
FC(F)(F)c1cc(Cn2c(CN(CCCCC)C(=O)CN(CC)C(=O)C)ccc2)ccc1,,C35745302,100,0,0,0,1,0,1,0,0,0,1
O(CC(=O)N(CCC)CC(=O)N(Cc1sccc1)Cc1ccccc1)Cc1ccccc1,,C35797044,100,0,0,0,1,0,1,0,0,0,1
Fc1cc([C@@H]2[C@H](CN(CC(C)C)C(=O)COC)C[NH+](Cc3occc3)C2)ccc1,,C35917974,86.66539,0,0,0,1,0,1,0,1,0,0
Clc1ccc(OCc2scc(CN(CCOC)C(=O)c3cc(C)ccc3)n2)cc1,,C36031517,100,0,0,0,1,0,1,0,0,1,1
O(C)CCN(Cc1nc(COc2cc(C)cc(C)c2)sc1)C(=O)c1c(C)cccc1,,C36105241,100,0,0,0,1,0,1,0,0,1,1
O=C(N(CCC)Cc1nc(COc2ccc(OC)cc2)sc1)c1c(C)cccc1,,C36106275,100,0,0,0,1,0,1,0,0,1,1
O=C(N(CC=C)Cc1nc(COc2c(C)c(C)ccc2)sc1)c1ccc(OC)cc1,,C36114336,100,0,0,0,1,0,1,0,0,0,1
O=C(N(Cc1ccccc1)c1ccc(CC(=O)N(C)Cc2occc2)cc1)CC(C)C,,C37557064,100,0,0,0,0,0,0,0,0,0,0
S=C1N(CCOC)C(=O)/C(=C\c2cc(OCC)c(OCc3ccc(C)cc3)cc2)/S1,,C40006225,100,0,0,0,1,1,0,0,1,0,0
S(=O)(=O)(N(C)[C@@H](C)[C@@H](OC(=O)CCCC)c1ccccc1)c1sccc1,,C40159918,100,0,0,0,1,0,1,0,0,0,1
O(C)C(=O)c1nc(CN(CCCCC)C(=O)C[C@H](C)CC(C)(C)C)sc1,,C40367981,100,0,0,0,1,0,1,0,0,0,1
S=C1N(CCCCCC(OC)=O)C(=O)/C(=C\c2c(OCC)ccc3ccccc23)/S1,,C40928045,100,0,0,1,1,1,1,0,1,1,1
S=C1N(CCCCCC(OC)=O)C(=O)/C(=C\c2ccc(OCCC(C)C)cc2)/S1,,C40928128,100,0,0,0,0,0,1,0,0,0,0
S=C1N(CCCCCC(OCC)=O)C(=O)/C(=C/c2ccc(OCC)cc2)/S1,,C40928308,100,0,0,0,0,0,1,0,0,1,1
O=C(N(Cc1n(C)ccc1)C1CC1)CN(CCCC)C(=O)[C@H](CC)CCCC,,C04873567,100,0,0,0,1,0,1,0,0,0,1
S(Cc1c(C)cccc1)c1n(C[C@@H]2OCCC2)c(C[NH+](C)Cc2ccccc2)nn1,,C55131325,69.782188,0,0,0,1,0,0,0,0,0,1
S(CCCC(OCC)=O)C=1N(CC)C(=O)c2c(-c3sccc3)csc2N=1,,C57480321,99.444801,0,0,0,0,0,1,0,0,0,0
S(C)Cc1oc(SCC(=O)c2c(C)n(CCC=3CCCCC=3)c(C)c2)nn1,,C58472596,99.998131,0,0,0,1,0,1,0,0,1,1
S([C@@H](C)C(OCc1ccc(OC(F)F)cc1)=O)c1ccc([N+](=O)[O-])cc1,,C59893044,100,0,0,0,0,0,0,0,0,0,0
O=C(N(C)Cc1sccc1)COc1ccc(-c2nc(CCCC)on2)cc1,,C60037941,99.994705,0,0,0,1,1,1,0,0,0,0
S(CC(=O)N(CC(OCC)=O)Cc1ccc(C(F)(F)F)cc1)Cc1ccc(C#N)cc1,,C60205014,100,0,0,0,1,0,1,0,0,1,0
O=C1N=C(CN(C[C@H]2OCCC2)Cc2sccc2)N=C2S[C@H](C)C(C[C@@H](C)CC)=C12,,C64137462,80.432571,0,0,0,1,0,1,0,0,1,1
S(CCCCOc1c(C(F)(F)F)cccc1)c1n(CCCOC)cnn1,,C65277007,99.853951,0,0,0,1,0,1,0,0,1,0
O(C)c1ccc(C(=C(CC)c2cn(C[C@@H]3OC3)c3ccccc23)c2ccc(OC)cc2)cc1,,C02442670,100,0,0,0,1,0,0,0,0,0,0
N(CC)(CC)c1ccc(CCc2ccc(N(CC)CC)c3cccnc23)c2ncccc12,,C01665873,97.381386,0,0,0,1,0,0,0,0,0,0
S=C1N(C)C(=O)/C(=C\c2c(OCCCOc3c([C@H](C)CC)cccc3)cccc2)/S1,,C02882734,100,0,0,0,1,0,1,0,0,0,1
Clc1c(CSc2n(CC)c(COc3ccc(CC)cc3)nn2)ccc(Cl)c1,,C02859454,99.874466,0,0,0,1,0,1,0,0,0,0
O(CC)c1ccc(/N=C\2/N(CCC)C(=O)/C(=C/c3ccc(OCC#C)cc3)/S/2)cc1,,C08628417,83.378914,0,0,0,0,0,0,0,0,0,0
Brc1ccc(CSc2n(/N=C/c3ccc(CC)cc3)c(CCC)nn2)cc1,,C02611205,99.791527,0,0,0,1,0,0,0,0,0,1
S=C1N(c2ccccc2)C(=O)/C(=C\c2ccc(OCCCOc3cc(C)cc(C)c3)cc2)/S1,,C09280150,100,0,0,0,0,0,1,0,0,0,0
S(C)c1ccc2N(CCOCC)/C(=N/C(=O)CSc3ccc(C)cc3)/Sc2c1,,C09399558,97.886246,0,0,0,1,0,1,0,0,0,0
S(CCCC(=O)/N=C/1\N(CC#C)c2ccc(OCC)cc2S\1)c1ccc(C)cc1,,C09474070,97.489975,0,0,0,1,0,0,0,0,1,0
S(C)c1ccc2nc(N(CCc3sccc3)C(=O)COc3ccccc3)sc2c1,,C10097832,100,0,0,0,1,1,1,0,0,0,1
Clc1ccc(SCCCC(=O)N(Cc2occc2)c2sc3cccc(CC)c3n2)cc1,,C10527650,100,0,0,0,1,0,1,0,0,0,1
S(Cc1n(CC=C)c(SCC(=O)c2ccccc2)nn1)Cc1cccc2ccccc12,,C12379151,99.706612,0,0,0,0,1,1,0,0,0,0
S(=O)(=O)(Cc1cc(C(F)(F)F)ccc1)c1n(CC=C)c(c(-c2ccccc2)n1)-c1ccccc1,,C06181436,99.991035,0,0,0,1,0,1,0,0,0,1
Clc1c(O[C@H](C)c2n(CC=C)c(SCc3cc(Cl)ccc3)nn2)cccc1,,C13320099,99.875229,0,0,0,0,0,0,0,0,0,0
Clc1c(O[C@@H](C)c2n(CC=C)c(SCc3cc(Cl)ccc3)nn2)cccc1,,C13320100,99.875229,0,0,0,0,0,0,0,0,0,1
S(Cc1ccc(C)cc1)c1n(c(COc2cc(C(F)(F)F)ccc2)nn1)-c1ccccc1,,C08763244,99.746147,0,0,0,0,0,0,0,0,0,0
Clc1c(CSc2n(CC=C)c(COc3ccc(C)cc3)nn2)ccc(Cl)c1,,C02452268,99.88781,0,0,0,1,0,1,0,0,1,0
S=C1N(CC=C)C(=O)/C(=C/c2cn(CCOc3c([C@H](C)CC)cccc3)c3ccccc23)/S1,,C13942277,100,0,0,0,1,0,0,0,0,0,0
O=C(O[C@@]1(C(=O)C)[C@@]2(C)CC[C@H]3[C@]4(C)CCC(=O)C=C4CC[C@H]3[C@H]2CC1)CCCCCC,,C14506651,100,0,0,0,1,0,1,0,0,0,1
O=C(N(C[C@@H]1OCCC1)Cc1c(-c2sccc2)nc2cc(C)ccc2c1)C(CC)CC,,C14887511,94.217979,0,0,0,1,0,1,0,0,0,1
S(CCC)C(SCCC)[C@H]1O[C@@H](c2ccccc2)O[C@H]2CO[C@H](c3ccccc3)O[C@H]12,,C16940943,100,0,0,0,1,0,1,0,0,0,0
S=C1N(CC=C)C(=O)/C(=C\c2ccc(OCCCOc3ccc(CC)cc3)cc2)/S1,,C22257468,100,0,0,0,0,0,1,0,0,0,0
Clc1ccc(SCCCC(=O)N(Cc2occc2)c2sc3cc(C)c(C)cc3n2)cc1,,C22903278,100,0,0,0,1,0,1,0,0,0,1
S(CC(=O)N(Cc1ccccc1)c1ccccc1)c1n(CC)c(-c2ccccc2)nn1,,C24778006,99.89122,0,0,0,0,0,1,0,0,0,0
Brc1ccc(C(=O)CCCSc2n(C3CC3)c(Cc3sccc3)nn2)cc1,,C26224905,99.565933,0,0,0,1,0,1,0,0,0,0
S([C@H](c1n(CC(=O)N(CC=C)CC=C)c2ccccc2n1)c1ccccc1)c1ccccc1,,C27697646,79.930984,0,0,0,0,0,1,0,0,0,0
Clc1cc(C(=O)N(CC=C)CC(=O)N(Cc2c(C)ccs2)Cc2ccc(F)cc2)ccc1,,C33402348,100,0,0,0,1,0,1,0,0,0,1
Fc1ccc(Cc2nc(Oc3ccc(CC(=O)N(C(C)C)C(C)C)cc3)sn2)cc1,,C33632207,99.988106,0,0,0,0,0,1,0,0,0,0
Clc1ccc(C(=O)N(CCCCC)[C@H](CC)C=2N(C)C(=O)c3ccccc3N=2)cc1,,C35060840,98.004272,0,0,0,0,0,0,0,0,0,1
O=C(N(CC)[C@@H](CC)C=1N(c2cc(C)c(C)cc2)C(=O)c2ccccc2N=1)CCCC,,C35068564,99.129837,0,0,0,0,0,1,0,0,0,1
O=C(N(C)[C@@H](C)C=1N(c2cc(C)c(C)cc2)C(=O)c2ccccc2N=1)CCCCCC,,C35068780,99.132179,0,0,0,1,0,1,0,0,0,1
Clc1c(Cl)ccc(C(=O)N(CCC)CC(=O)N(Cc2sccc2)Cc2ccccc2)c1,,C35797015,100,0,0,0,1,0,1,0,0,0,1
O=C(N(CC(C)C)Cc1nc(COc2cc(C)cc(C)c2)sc1)c1c(C)cccc1,,C36105217,100,0,0,0,1,0,1,0,0,0,1
O(CCC[C@@H](C)[C@@H]1[C@]2(C)[C@@H](CC1)[C@H]1CC[C@@H]3[C@](C)(CC[C@@H](OC(=O)C)C3)[C@@H]1C=C2)C(=O)C,,C36371254,100,0,0,0,0,0,0,0,0,0,0
FC(F)(F)c1cc(CN(C[C@@H]2ON=C(c3ccc(C)cc3)C2)C(=O)CC(C)C)ccc1,,C37439569,99.999817,0,0,0,0,0,0,0,0,0,0
Clc1ccc(C2=NO[C@H](CN(Cc3cc(C(F)(F)F)ccc3)C(=O)CC(C)(C)C)C2)cc1,,C37440036,99.999779,0,0,0,1,0,1,0,0,0,0
FC(F)(F)c1ccc([C@@H]2C(C(OCC=C)=O)=C(C)N(Cc3c(F)c(F)ccc3)C(=O)C2)cc1,,C37575617,100,0,0,0,0,0,0,0,0,0,0
Clc1c(CSC=2N(CCCOC(C)C)C(=O)c3sc4ccccc4c3N=2)cccc1,,C02961976,98.499863,0,0,0,1,0,1,0,0,0,0
S(CCCCOc1c(C)cccc1)C1=NC(=O)C2=C([C@@H](C)SC2=N1)c1ccccc1,,C38818996,99.982849,0,0,0,1,1,1,0,0,0,1
S(CC(=O)c1ccc(-c2ccccc2)cc1)c1n(CC=C)c(Cc2ccccc2)nn1,,C39772637,99.690971,0,0,0,0,0,0,0,0,0,0
S(CCCCCC)C=1N(c2ccc(C)cc2)C(=O)c2c(sc3C[NH+](CC)CCc23)N=1,,C39869490,99.022354,0,0,0,0,0,0,0,0,0,0
S=C1N(CCCCC)C(=O)/C(=C\c2cc(OCC)c(OCc3ccc(C)cc3)cc2)/S1,,C40006014,100,0,0,0,1,0,0,0,1,0,0
O(CCCC)c1cc([C@H]2N(CCCC)C(=O)C=3Oc4ccc(C)cc4C(=O)C2=3)ccc1,,C40020630,100,0,0,0,0,0,1,0,0,0,0
O(CCC)c1cc([C@@H]2N(CCCC)C(=O)C=3Oc4ccc(CC)cc4C(=O)C2=3)ccc1,,C40042514,100,0,0,0,1,0,0,0,0,0,0
O(C)c1ccc(OCCn2c(COc3cccc4ccccc34)nc3ccccc23)cc1,,C40238118,87.398056,0,0,0,1,0,1,0,0,0,0
Clc1ccc(/C=C/c2n(CC(=O)N(CC(C)C)CC(C)C)c3ccccc3n2)cc1,,C40238603,58.739956,0,0,0,1,1,1,0,0,0,0
Clc1c(OCc2n(CCCOCC)c3ccc(C(F)(F)F)cc3n2)ccc(Cl)c1,,C40403071,92.515701,0,0,0,1,0,1,0,0,0,0
O(CCC[C@@H](C)[C@@H]1[C@]2(C)[C@H](CC1)[C@H]1CC[C@H]3[C@](C)(CC[C@@H](OC(=O)C)C3)[C@@H]1C=C2)C(=O)C,,C43757770,100,0,0,0,0,0,0,0,0,0,0
S=C1N(CCCCCCCC)C(=O)/C(=C\2/C(=O)N(CCC)c3ccccc/23)/S1,,C01787215,100,0,0,0,1,0,1,0,0,0,0
S(Cc1ccc(C(C)C)cc1)c1sc(S[C@@H](C)c2onc(C(C)C)n2)nn1,,C58656810,99.990303,0,0,0,1,0,1,0,0,1,1
S(Cc1ccc(F)cc1)c1oc(COc2ccc(CC)cc2)nn1,,C00418605,99.999046,0,0,0,1,0,1,0,0,0,0
O=C(N(CC(C)C)Cc1n(Cc2ccccc2)ccc1)c1sccc1,,C04807457,100,0,0,0,0,0,0,0,0,0,0
S(CCCC)c1c(C#N)cc(C(=O)C(F)(F)F)c(-c2sccc2)n1,,C03174869,99.978455,0,0,0,1,0,0,0,0,0,1
S(Cc1ccc(C#N)cc1)c1n(CCC)c(Cc2ccccc2)nn1,,C09665497,99.580116,0,0,0,0,0,0,0,0,0,0
Clc1ccc(OCCSc2n(C[C@H]3OCCC3)c(C)c(C)[nH+]2)cc1,,C12520232,58.107346,0,0,0,1,0,0,0,0,0,0
S(C)Cc1oc(SCc2c(Oc3ccccc3)cccc2)nn1,,C12918213,99.997864,0,0,0,0,0,0,0,0,0,0
O=C(N(CC=C)CC=C)C=1n2cc(-c3ccc(CC)cc3)nc2SC=1,,C11662358,88.42878,0,0,0,0,0,1,0,0,0,0
S(C/C=C/c1ccccc1)c1n(CC(C)=C)c(-c2ccncc2)nn1,,C16788587,97.280762,0,0,0,1,0,0,0,0,0,0
[NH+](CCc1ccccc1)(Cc1ccncc1)CC=1COc2ccccc2C=1,,C13990123,95.677147,0,0,0,0,0,0,0,0,0,0
Cl[C@@H](C)C(=O)c1ccc2O[C@H](C)C(=O)N(CCCCCC)c2c1,,C19956923,100,0,0,0,1,0,1,0,0,1,1
ClCC(=O)c1ccc2OC(C)(C)C(=O)N(CCCCCC)c2c1,,C20275624,100,0,0,0,1,0,1,0,0,1,1
FC(F)(F)c1cc(-c2onc(C(=O)N(CCC)CCC)c2)ccc1,,C22342213,100,0,0,0,0,0,1,0,0,0,0
S=C1N(CCCC)C(=O)/C(=C\c2ccc(OCCCC)cc2)/S1,,C33430534,100,0,0,0,0,0,0,0,1,0,0
Cl[C@H](C)C(=O)N(CC=C)Cc1n(Cc2cc(Cl)ccc2)ccc1,,C33590929,100,0,0,0,0,0,0,0,0,0,0
O=C(N(Cc1n(Cc2c(C)ccc(C)c2)ccn1)C1CC1)CC(C)C,,C35637162,74.192833,0,0,0,1,0,1,0,0,0,1
Brc1c([C@@H](N(S(=O)(=O)CCCCl)CCC)C)cccc1,,C37842712,100,0,0,0,1,0,1,0,1,0,0
Brc1ccc(/C=C/C(=O)N(CC(OCC)=O)C(C)C)cc1,,C38012965,100,0,0,0,1,0,1,0,0,1,1
FC(F)Oc1cc(/C=N/N=C/c2cc(OC(F)F)ccc2)ccc1,,C03169672,99.993889,0,0,0,0,0,0,0,0,0,0
FC(F)Oc1c(/C=N/N=C/c2c(OC(F)F)cccc2)cccc1,,C03223258,99.984344,0,0,0,0,0,1,0,0,0,0
N(/N=C/c1ccccc1)(C)C(N(/N=C/c1ccccc1)C)c1ccccc1,,C01694284,99.985542,0,0,0,0,0,1,0,0,0,0
Fc1ccc(Oc2c(C(=O)N(CC(C)C)CC(C)C)cccn2)cc1,,C39262472,99.995514,0,0,0,1,0,1,0,0,0,0
S([C@H](C)C(OCC)=O)c1c(C#N)c(C(F)F)cc(C(C)(C)C)n1,,C39324154,99.909523,0,0,0,1,0,0,0,0,0,0
Clc1sc(CN(CC)C(=O)CCC(=O)c2sc(C)cc2)cc1,,C39973630,100,0,0,0,1,0,1,0,1,1,1
O(C)Cc1n(CCOc2c(C(C)C)ccc(C)c2)c2ccccc2n1,,C40232002,84.423058,0,0,0,1,0,1,0,0,0,1
Clc1ccc2nc(COc3c(C)cccc3)n(CCCOC)c2c1,,C40402908,87.25843,0,0,0,1,0,1,0,0,0,0
FC(F)(F)c1ccc2sc(C(C#N)=C([O-])CCCCC)nc2c1,,C41548576,55.19558,0,0,0,1,0,1,0,0,1,1
Brc1sc(S(=O)(=O)N(CCOC)[C@H](C)CC)cc1,,C42267147,100,0,0,0,1,0,1,0,0,1,1
Clc1c(C)c(S(=O)(=O)N(CCOC)Cc2cscc2)ccc1,,C44446973,100,0,0,0,1,0,1,0,0,1,1
O=C(N(C)Cc1ccc(OCC=C)cc1)c1sc(-c2ccccc2)nc1,,C46903552,100,0,0,0,1,0,1,0,0,0,0
Brc1c(OCCOCC(F)(F)F)c(OCC)cc(CCl)c1,,C49311420,100,0,0,0,1,0,1,0,0,0,1
O=C(N(Cc1n(C)ccc1)Cc1sccc1)CCc1cscc1,,C49521779,100,0,0,0,0,0,0,0,0,0,0
Cl[C@H](C)C(=O)N(CCCC)Cc1n(Cc2cc(F)ccc2)ccc1,,C04423463,100,0,0,0,0,0,0,0,0,0,0
O(CC)C(=O)c1c(C[NH+](C)Cc2sccc2)nc2ccccc2c1C,,C57850707,75.531631,0,0,0,0,0,0,1,0,0,1
S([C@@H](C)c1onc(-c2cc(F)c(C)cc2)n1)C(=S)N(CC)CC,,C58572931,99.997597,0,0,0,1,0,1,0,0,0,0
S(=O)(=O)(OCC(F)(F)C(F)F)c1cc(OC(F)(F)F)ccc1,,C58625843,100,0,0,0,1,0,1,0,0,0,0
[NH+](Cc1occc1)(Cc1nc(Cc2ccccc2)sc1)Cc1ccccc1,,C58933397,63.634117,0,0,0,0,0,0,0,0,0,0
S(CCOc1ccccc1)c1n(c(C(C)C)nn1)-c1ccccc1,,C59909427,99.322418,0,0,0,0,1,1,0,0,0,0
S(=O)(=O)(N(Cc1sccc1)Cc1sccc1)Cc1c(F)cccc1,,C60357186,100,0,1,0,1,0,1,0,0,0,0
O=C(CC(C)(C)C)/C(=C\c1nc(COc2ccccc2)sc1)/C#N,,C60422131,100,0,0,0,1,0,1,0,0,1,0
Br[C@H](CC)c1oc(-c2ccc(OCCCC)cc2)nn1,,C61495363,99.99659,0,0,0,0,0,0,0,0,0,0
Brc1cnc(C(=O)N(CCC(C)C)CCC(C)C)cc1,,C61873976,99.997887,0,0,0,1,0,1,0,0,0,0
FC(F)(F)CN(CCOC)CN1C(=O)c2cccc3cccc1c23,,C63281928,100,0,0,0,1,0,1,0,0,0,1
S(CC(=O)N(CCC#N)c1ccccc1)[C@H](C)c1c(F)cccc1,,C64377013,100,0,0,0,1,0,1,0,0,1,0
Clc1ccc(OCC(=O)N(CC=C)CC(F)(F)F)c2ncccc12,,C66292552,99.922729,0,0,0,1,0,1,0,0,0,1
Brc1sc(C(=O)N(C)CCCC(OC(C)(C)C)=O)cc1,,C66777738,100,0,0,0,0,0,1,0,0,1,1
S(C(F)F)c1ccc(C[NH+](C)[C@H](c2ncccn2)c2ccc(F)cc2)cc1,,C66881054,69.293625,0,0,0,0,0,0,1,0,0,0
Fc1cc(OCCN(C)[C@@H](c2ncccn2)c2ccc(F)cc2)ccc1,,C66881317,63.610397,0,0,0,1,0,1,0,0,0,0
Fc1ccc([C@@H](N(C)CCOc2ccccc2)c2ncccn2)cc1,,C66882036,61.440384,0,0,0,1,0,1,0,0,0,0
Clc1ccc(C(S(=O)(=O)CCCCC#N)c2ccc(Cl)cc2)cc1,,C67225125,100,0,0,0,1,0,1,0,0,1,0
ClC=1C(=C(C#N)C(=O)[C@H](SCC)C(C)C)NC=C(C(F)(F)F)C=1,,C67601312,62.468979,0,0,0,1,0,1,0,0,0,1
S(P(=O)(N(CC)CC)N(CC)CC)c1sc2ccccc2n1,,C02577229,100,0,0,0,0,0,1,0,0,0,0
S(C)c1ccc(/C=C/2\C(=O)N(CCCOC)C(C)=C\2C(OC)=O)cc1,,C02075898,100,0,0,0,1,0,0,0,0,0,0
ClCC(=O)N(CC=C)CC(=O)N(Cc1sccc1)Cc1ccccc1,,C04508496,100,0,0,0,1,0,1,0,0,0,1
O=C(N(CC=C)CC(=O)N(Cc1sc(C)cc1)Cc1ccccc1)C,,C04515688,100,0,0,0,1,0,1,0,0,1,1
S(CC=1OC=C(OC(=O)C(CC)CC)C(=O)C=1)c1scc(C)n1,,C04518811,100,0,0,0,1,0,1,0,1,0,0
S=C1N(CCCC(OCCC)=O)C(=O)/C(=C\c2sccc2)/S1,,C05555140,100,0,0,0,1,0,1,0,1,1,1
S(CC)c1sc(SCC(=O)N(CCC#N)c2ccccc2)nn1,,C05567175,99.996635,0,0,0,1,0,1,0,0,1,1
O(CC(=O)N(CCC#N)c1cc(C)cc(C)c1)C(=O)C[C@@H]1C[C@H]2CC[C@@H]1C2,,C05831749,100,0,0,0,1,0,1,0,0,1,1
S(=O)(=O)(N(C)C)c1ccc(C(=O)/C=C/c2ccc(OCC=C)cc2)cc1,,C06544247,100,0,0,0,1,0,0,0,1,1,0
O=C(N(Cc1sccc1)Cc1occc1)COc1ccc(C(=O)C)cc1,,C03342363,100,0,0,0,0,0,1,0,0,0,0
S(=O)(=O)(CC1CCC1)c1n(CCCC)c(C[NH+]2CCSCC2)cn1,,C20210116,96.457985,0,0,0,1,0,1,0,1,0,1
S(CC(=O)c1ccc(OC)cc1)c1n(CC=C)c(C(F)(F)F)nn1,,C20839667,99.99588,0,0,0,0,0,0,0,0,0,0
O=C(N(C)Cc1sc2ccccc2n1)CCOc1c(OCC)cccc1,,C23932178,100,0,1,0,1,1,1,0,0,1,1
Clc1c(-c2sc(C(=O)N(CCOC)CCOC)c(C)n2)cccc1,,C31864324,100,0,0,0,1,1,1,0,0,1,0
O=C(N(CC(C)C)Cc1n(C)ccc1)CN(C(C)C)C(=O)c1sccc1,,C35336475,100,0,0,0,0,0,1,0,0,0,1
Brc1ccc(/C=C/C(=O)N(CCC)CC(OCC)=O)cc1,,C38020843,100,0,0,0,1,0,1,0,0,1,1
Clc1cc(C2=NN(CCC(=O)N(CC=C)CC=C)C(=O)C=C2)ccc1,,C41252071,100,0,0,0,1,1,1,0,0,0,1
S(CCC(=O)N(C)Cc1oc([C@H]2[C@@H](C)C2)cc1)Cc1nc(C)sc1,,C42398826,100,0,0,0,1,0,1,0,0,0,0
Brc1c(OCC(=O)N(CCC)CC(OC)=O)ccc(C)c1,,C42714019,100,0,0,0,1,0,1,0,0,1,1
S(=O)(=O)(N(CCOC)Cc1cscc1)c1cc(C)c(OC)c(C)c1,,C44446988,100,0,0,0,1,0,1,0,0,1,1
S(C[C@@H](CCC#N)C#N)c1n(-c2ccc(OCC)cc2)c2ccccc2n1,,C07034597,83.815125,0,0,0,1,0,1,0,1,1,0
S(=O)(CCSc1n(Cc2occc2)c(C(C)C)nn1)c1ccccc1,,C47222381,99.620087,0,0,0,0,0,1,0,0,0,0
FC(F)Oc1c(/C=C\C(=O)C(C#N)=C2NC=CC=C2)ccc(OC(F)F)c1,,C49456575,73.33239,0,0,0,0,0,0,0,0,0,0
Clc1cc(Cn2c(CN(S(=O)(=O)CC)CC=C)ncc2)ccc1,,C06689101,76.693878,0,0,0,1,1,1,0,1,1,1
FC(F)(F)c1cc(C(=O)N(CCCOC)Cc2n(C)ccc2)ccc1,,C04425351,100,0,0,0,1,0,1,0,0,0,1
[NH+](CCCn1cncc1)(Cc1c(C)nc2SC=Cn12)Cc1c(C)cccc1,,C43277694,51.71603,0,0,0,1,0,1,1,0,1,0
S(C)c1n(C[C@@H]2OCCC2)c(C[NH+](C)Cc2ccc(CC)cc2)nn1,,C55053081,69.818375,0,0,0,1,0,0,0,1,1,1
[NH+](Cc1c(C)nn(CC=C)c1)(Cc1sc(C)cc1)Cc1ccncc1,,C55403471,95.494316,0,0,0,0,0,0,0,0,0,0
O(C)CCN(CCOC)C(=O)c1cc(-c2ccccc2)nc2ccccc12,,C36309943,98.543427,0,0,0,1,1,1,0,0,0,1
S(CC(=O)N(Cc1occc1)Cc1ccccc1)Cc1ccncc1,,C58072964,99.338684,0,0,0,0,0,1,0,0,0,0
O(C)CCN(CCOC)C(=O)[C@@H]1[C@H](c2sc3ccccc3n2)CC=CC1,,C58666607,100,0,0,0,1,0,1,0,0,0,1
Brc1ccc(C(=O)[C@@H]([NH+](CCOC)[C@@H](C)COC)C)cc1,,C42608881,57.754196,0,0,0,1,1,1,1,0,1,1
Fc1ccc(N(C)CC(=O)N(CCC#N)c2ccc(OCC)cc2)cc1,,C52206338,100,0,0,0,1,1,1,0,0,1,0
Clc1c(S(=O)(=O)N(CC)CCC(OC)=O)cc(C(F)(F)F)cc1,,C59420281,100,0,0,0,1,1,1,0,0,0,1
Clc1n(Cc2ccccc2)nc(C)c1CS(=O)(=O)CCCCC#N,,C59589958,99.963219,0,0,0,1,0,1,0,1,1,1
O=C(N([C@H]1CS(=O)(=O)CC1)C1CC1)c1ccc(N(CC)CCCC)cc1,,C60350583,100,0,0,0,1,0,1,0,1,1,0
S(CC(=O)N(CC#C)Cc1occc1)Cc1noc(-c2sccc2)c1,,C61199465,100,0,0,0,0,0,1,0,0,0,0
S([C@@H](C)C(=O)N(CCC#N)Cc1occc1)[C@@H](C)c1ccc(F)cc1,,C62697094,100,0,0,0,1,1,0,0,1,1,0
FC(F)(F)CN(CCOC)C(=O)Cc1c(C)oc(-c2sccc2)n1,,C62920076,100,0,0,0,1,0,1,0,0,0,1
S=C1N(CCCOC)C(=O)/C(=C/c2ccc(OCC(F)(F)F)cc2)/S1,,C63702848,100,0,0,0,1,0,0,0,1,0,0
S(=O)(=O)(C)c1ccc(OCCCSCCCOCC(F)(F)F)cc1,,C63774935,100,0,0,0,1,0,0,0,1,1,1
S(Cc1nc(CCC(C)C)sc1)c1n(CC)c(-c2ccncc2)nn1,,C64926450,97.262108,0,0,0,1,0,1,0,0,0,0
FC(F)(F)CN(CC=C)C(=O)CCN1C(=O)N(CC)c2ccccc12,,C66306015,100,0,0,0,0,0,1,0,0,0,0
FC(F)(F)CN(CC=C)C(=O)CCc1oc(-c2ccc(C)cc2)nn1,,C66306077,99.997162,0,0,0,1,0,1,0,0,1,0
O(C)C(=O)CCN(Cc1ccccc1)C(=O)/C=C/c1sc2ccccc2n1,,C66341342,100,0,0,0,1,1,1,0,1,1,0
S(=O)(=O)(C)C[C@H](N(C)C(=O)/C=C/c1c(O[C@@H](C)CC)cccc1)C,,C66364729,100,0,1,0,1,0,1,0,1,1,1
Clc1ccc(SCCCC(=O)N(C)[C@@H](C)CS(=O)(=O)C)cc1,,C66368633,100,0,0,0,1,1,1,0,1,1,1
FC(F)(F)c1cc(C2(C(=O)N(CCOC)CCCOC)CC2)ccc1,,C66627965,100,0,0,0,1,0,1,0,0,1,1
Clc1c(C(=O)N(CCCC)CC(F)(F)F)cc(S(=O)(=O)CC)cc1,,C67165548,100,0,0,0,1,0,1,0,1,0,0
FC(F)(F)COCc1ccc(C(=O)N(C)Cc2sc(CC)nc2)cc1,,C67214889,100,0,0,0,0,0,1,0,0,1,0
Brc1c(C(=O)Nc2ccc(S(=O)(=O)N(CC=C)CC=C)cc2)cccc1,,C01004063,100,0,0,0,1,0,0,0,1,0,0
Brc1cc(NC(=O)c2ccc(S(=O)(=O)N(CCC)CCC)cc2)ccc1,,C01506146,100,0,0,0,1,0,0,0,0,0,0
Clc1ccc(S(=O)(=O)N(C)c2ccc(C(=O)NCCSC(C)(C)C)cc2)cc1,,C02874694,100,0,0,0,1,0,0,0,0,0,0
Clc1ccc(CSCCNC(=O)CN(S(=O)(=O)C)c2ccc(F)cc2)cc1,,C02991301,100,0,0,0,1,1,1,1,1,1,1
Clc1c(C(=O)Nc2c(C(C)C)cccc2C(C)C)cc(S(=O)(=O)N(CC)CC)cc1,,C08750855,100,0,0,0,1,0,1,0,0,0,0
Brc1ccc([C@@H](NC(=O)COC(=O)CCC(=O)c2c(C)ccc(C)c2)C)cc1,,C08852480,100,0,0,0,1,1,1,1,0,1,1
S=C1N(CCCCCC(=O)Nc2sccn2)C(=O)/C(=C/C(/C)=C/c2ccccc2)/S1,,C08871594,100,0,0,0,1,0,1,1,1,1,1
S=C1N(CCCC(=O)Nc2ccc(C(=O)C)cc2)C(=O)/C(=C/c2ccc(CC)cc2)/S1,,C01168503,100,0,0,0,0,0,0,1,1,0,0
S(=O)(=O)([C@@H](CNC(=O)/C=C/c1ccc(F)cc1)c1ccc(N(C)C)cc1)c1ccc(C)cc1,,C09080243,100,0,0,0,1,0,0,1,0,0,0
Clc1c(C(=O)N[C@@H](C(C)C)C(=O)N(Cc2sccc2)Cc2occc2)cccc1,,C09170732,100,0,0,0,1,0,1,1,0,0,1
Brc1ccc(NC(=O)[C@H](OC(=O)CCC(=O)c2sc(Cl)cc2)C)cc1,,C09488904,100,0,0,0,1,1,1,1,1,1,1
Clc1c(F)ccc(NC(=O)COC(=O)c2c(CSC=3SCCN=3)cccc2)c1,,C09556626,99.011299,0,0,1,1,0,1,1,1,0,0
Clc1c(NC(=O)COC(=O)CCCc2sc3ccccc3n2)c(C(F)(F)F)ccc1,,C09633254,100,0,0,0,1,1,1,1,0,1,1
ClC(CSc1n(C)c([C@H](NC(=O)c2c(F)cccc2)Cc2ccccc2)nn1)=C,,C12205850,99.818268,0,0,0,1,0,0,1,0,0,0
ClC(CSc1n(C)c([C@@H](NC(=O)c2c(F)cccc2)Cc2ccccc2)nn1)=C,,C12205860,99.818268,0,0,0,0,0,1,1,0,0,0
Fc1c(-c2oc(CCC(=O)NCc3c(C)n(Cc4ccccc4)nc3C)cc2)cccc1,,C09748299,99.879074,0,0,0,0,0,0,1,0,1,0
FC(F)(F)c1c(NC(=O)CN(Cc2occc2)C(=O)Cc2c(F)cccc2)cccc1,,C03353033,100,0,0,0,1,0,1,1,0,0,1
O=C(N[C@H](c1sccc1)c1ccc([C@@H](C)CC)cc1)CCN1N=CC(=O)c2ccccc12,,C13022392,99.999733,0,0,0,1,0,1,1,1,1,1
Brc1c(OCC(=O)Nc2ccc(OCCOC)cc2)ccc(Br)c1,,C14646270,100,0,0,0,1,0,1,1,1,1,0
Brc1c(OCC(C)C)ccc(C(=O)Nc2ccc(C(=O)N(CC)CC)cc2)c1,,C14834727,100,0,0,0,0,0,0,0,1,0,0
S(=O)(=O)(N(CC)CC)c1cc(NC(=O)CSc2ccc3CCCc3c2)c(C)cc1,,C15514655,100,0,0,0,1,0,1,0,1,0,0
Clc1c(CCNC(=O)c2c(F)ccc(S(=O)(=O)N(CC)CC)c2)ccc(Cl)c1,,C15739709,100,0,0,0,1,1,0,0,1,1,0
O(CC(=O)Nc1c(C(C)C)cccc1C(C)C)C(=O)c1c(C)nc(-c2sccc2)s1,,C17830837,100,0,0,0,1,0,1,0,0,0,0
S(CC)CCOC(=O)C=1[C@@H](c2oc(C)cc2)C=2C(=O)C[C@@H](c3sccc3)CC=2NC=1C,,C02771831,100,0,0,0,0,0,0,0,0,0,0
S(CCCNC(=O)CN1C(=O)/C(=C\c2c(F)cccc2)/Oc2ccccc12)CCCC,,C03585849,100,0,0,0,1,0,1,0,0,0,0
S(CCC(OCc1nc(CC(=O)Nc2ccc(C)cc2)sc1)=O)c1ccc(C)cc1,,C22142085,100,0,1,0,1,1,1,1,0,0,0
Clc1c(NC(=O)CN(CC)C(=O)c2ccc(COCC(F)(F)F)cc2)c(Cl)ccc1,,C22192906,100,0,0,0,1,0,0,1,0,1,0
Clc1ccc(SCCCNC(=O)CN(S(=O)(=O)C)c2ccc(F)cc2)cc1,,C22335577,100,0,0,0,1,1,1,1,1,1,1
Clc1cc(C)c(N(S(=O)(=O)C)CC(=O)NCCCSCc2ccc(F)cc2)cc1,,C22336649,100,0,0,0,1,1,1,1,1,0,1
Clc1sc(S(=O)(=O)N(C)CC(=O)NCCSc2cc(C)c(C)cc2)cc1,,C22955651,100,0,0,0,1,0,1,1,0,1,1
O=C(NCc1c(-c2ccccc2)nn(Cc2ccccc2)c1)CCCC(=O)c1sccc1,,C22969469,99.998154,0,1,0,0,0,1,1,1,0,0
Brc1cc(C)c(SCC(OCC(=O)c2c(C)c(C(=O)C)c(C)[nH]2)=O)cc1,,C23539179,100,0,0,0,1,0,1,0,0,1,0
S(c1c(C)ccc(C)c1)c1ccc(NC(=O)CCc2c(C)n(CCC#N)nc2C)cc1,,C24864041,99.866615,0,0,0,1,0,1,0,1,0,0
Clc1sc(S(=O)(=O)N(C)CC(=O)NCCc2ccc(C(F)(F)F)cc2)cc1,,C26523338,100,0,0,0,1,1,1,1,0,1,1
Clc1c(S(=O)(=O)N[C@H](CCSC)C(=O)N(C)c2ccccc2)cc(Cl)cc1,,C27174829,88.92453,0,0,0,1,0,1,1,0,0,1
S(Cc1c(C(OCC(=O)N[C@H](C(C)C)c2sccc2)=O)cccc1)C=1SCCN=1,,C29170642,99.011086,0,0,1,1,0,1,1,0,1,0
S(=O)(=O)(N(Cc1c(C)cccc1)c1ccc(C(=O)NCCSc2ccccc2)cc1)C,,C08782756,100,0,0,0,1,1,1,0,1,0,0
FC(F)(F)c1c(NC(=O)CN(CC)C(=O)c2nc(Cc3ccccc3)sc2)cccc1,,C32965781,100,0,0,0,1,0,1,1,0,0,1
O(C)CCNC(=O)c1c(C)n(Cc2sccc2)c(-c2nc(-c3ccccc3)sc2)c1,,C34262236,100,0,0,0,1,0,1,1,0,0,0
Clc1c(C(=O)N(Cc2c(N(C)C)ccc(NC(=O)CC)c2)Cc2cc(F)ccc2)cccc1,,C35946295,100,0,0,0,1,0,1,1,0,0,0
Clc1cc(CN([C@@H](C)CC)C(=O)c2ccccc2)c(OCc2scc(CO)n2)cc1,,C36094465,100,0,0,0,1,0,1,0,0,0,1
Fc1ccc(C(=O)N(Cc2oc(C)cc2)[C@H](C(=O)NCCCC)c2ccc(C)cc2)cc1,,C36602966,100,0,0,0,1,0,1,0,0,0,0
S(CC(=O)NCc1c(F)cccc1)c1n(C(C)C)c(-c2c(CC)c(C)sc2)nn1,,C39968324,99.776276,0,0,0,1,0,0,1,0,0,0
FC(F)(F)c1ccc(-c2scc(CC(=O)NC[C@@H](CC(C)C)[NH+]3CCOCC3)n2)cc1,,C45900399,90.157356,0,0,0,1,1,1,0,1,0,0
Clc1ccc(S(=O)(=O)CCSc2sc(NCc3ccc(F)cc3)nn2)cc1,,C46669536,91.487152,0,0,0,1,1,0,0,0,0,0
Clc1ccc2n(CCOC)c(SCC(=O)Nc3c(C(F)(F)F)cccc3)nc2c1,,C32881744,79.620903,0,0,0,1,0,1,1,0,0,1
S(Cc1nc(C)sc1)c1ccc(C(O[C@H](C)C(=O)Nc2c(C)cccc2C)=O)cc1,,C11702243,100,0,0,0,1,0,0,0,0,0,0
Clc1c(CN(CC)C(=O)CCCCCN2C(=S)Nc3ccccc3C2=O)cccc1,,C58700040,99.991302,0,0,0,1,0,1,1,0,1,1
Clc1c(C)ccc(NC(=S)N(CCC[NH+]2CCOCC2)Cc2ccc(N(C)C)cc2)c1,,C34896633,95.418884,0,0,0,0,0,0,1,0,0,0
Brc1c(OCc2cc(F)ccc2)c(CC=C)cc(/C=N/NC(=O)CC#N)c1,,C59197549,99.961067,0,0,0,1,0,1,1,0,1,0
O=C(/C(=C/C=C/c1c(OC)cccc1)/c1oc2ccccc2n1)c1ccc(OC(C)C)cc1,,C09050974,100,0,0,0,1,0,1,0,0,0,0
S(C)c1ccc2N(CC(OCC)=O)/C(=N/C(=O)c3cc(SCC)ccc3)/Sc2c1,,C09399940,98.630447,0,0,0,1,0,1,0,0,0,1
Brc1cc(CSC=2N(CCCOCC)C(=O)c3sc4ccccc4c3N=2)ccc1,,C02961980,98.470123,0,0,0,1,0,1,0,0,0,0
Fc1c(N(C(=O)C)c2scc(COC(=O)/C=C/c3ccc(C(C)C)cc3)n2)cccc1,,C10088069,100,0,0,0,0,0,1,0,0,0,1
S(CCCC(=O)N(Cc1occc1)c1sc2cc(C)c(C)cc2n1)Cc1ccccc1,,C10618781,100,0,0,0,1,0,1,0,0,0,1
Clc1c(CC(OCc2nc(N(C(=O)C)c3ccc(CC)cc3)sc2)=O)c(F)ccc1,,C11028361,100,0,0,0,1,0,1,0,0,1,1
O=C(N(C[C@H]1OCCC1)c1sc2ccc(C)c(C)c2n1)c1cc(OCCCC)ccc1,,C11155896,100,0,0,0,1,0,1,0,0,1,1
Clc1ccc(OCc2scc(CSc3n(CC)c(-c4ccccc4)nn3)n2)cc1,,C11527699,99.866913,0,0,0,1,0,1,0,0,0,0
S(CC)c1ccc(CC(=O)/N=C\2/N(CC(OCC)=O)c3cc(C)c(C)cc3S/2)cc1,,C12313627,98.363327,0,0,0,1,0,1,0,0,0,0
Brc1ccc(OCc2n(CC=C)c(SCc3ccc(Br)cc3)nn2)cc1,,C14395439,99.883804,0,0,0,1,0,0,0,0,0,0
Brc1c(OCCOC)ccc(C(=O)Oc2c(Cl)cc(Cl)cc2C=O)c1,,C14782883,100,0,0,0,1,0,0,0,0,1,0
Fc1ccc2cc(CN(CCOC)C(=O)Cc3cscc3)c(-c3ccc(C)cc3)nc2c1,,C14993991,97.485527,0,0,0,1,0,1,0,0,0,1
Brc1ccc(OCCSc2n(C(C)C)c(-c3ccc(OC)cc3)nn2)cc1,,C03351977,99.779778,0,0,0,1,1,1,0,0,0,0
S(Cc1cc(C#N)ccc1)c1n(Cc2ccccc2)c(COc2cc(C)c(C)cc2)nn1,,C16286137,99.892448,0,0,0,1,0,1,0,0,0,0
Clc1ccc2C(=O)N(c3ccc(C)cc3)C([C@@H](N(CCC)C(=O)CCCC)C)=Nc2c1,,C16427654,99.29364,0,0,0,0,0,1,0,0,0,1
S(CC(=O)c1ccc(F)cc1)c1n(c(-c2ccccc2)nn1)-c1ccc(OCC)cc1,,C19810116,99.955719,0,0,0,0,0,0,0,0,1,0
S([C@H](C(=O)c1ccc(C)cc1)c1ccc(C)cc1)c1oc(COc2cc(C)ccc2)nn1,,C20888682,99.999275,0,1,0,1,0,1,0,0,0,0
Clc1ccc(SCCCC(=O)N(Cc2occc2)c2sc3c(Cl)ccc(C)c3n2)cc1,,C22901136,100,0,0,0,1,0,1,0,0,0,1
Clc1c(CSc2n(Cc3occc3)c3ccc(C(OCC)=O)cc3n2)ccc(F)c1,,C23459550,86.665321,0,0,0,0,0,0,0,0,0,0
S(Cc1c(F)cccc1F)c1n(Cc2ccccc2)c2ccc(C(OCC)=O)cc2n1,,C23461450,86.04689,0,0,0,0,0,0,0,0,0,0
S(Cc1nc(-c2ccc(F)cc2)sc1)c1n(CC=C)c(-c2c(OC)cccc2)nn1,,C23635059,99.85598,0,0,0,0,0,1,0,0,0,0
S(CC(=O)c1ccc2Cc3ccccc3-c2c1)c1n(CCOC)c(-c2ccccc2)nn1,,C24772512,99.905464,0,0,0,1,0,1,0,0,0,1
S(Cc1oc(-c2ccccc2)nn1)c1sc(SCc2ccc(C(C)C)cc2)nn1,,C26093098,99.994781,0,0,0,1,1,1,0,0,0,0
S(Cc1nc(C(C)C)sc1)c1n(CC)c(CSc2sc3ccccc3n2)nn1,,C31649136,99.688225,0,0,0,1,0,1,0,0,0,1
S(C)c1ccc(/C=C/2\C(=O)n3nc(-c4ccc(OCCCCC)cc4)nc3S\2)cc1,,C33168275,99.907631,0,0,0,1,0,0,0,0,0,0
FC(F)(F)c1cc([C@@H]2[C@@H](CN(C(C)C)C(=O)c3ccc(F)cc3)C[NH+](Cc3occc3)C2)ccc1,,C34699153,86.903107,0,0,0,0,0,0,0,1,0,0
O=C(N(C)[C@H](CC)C=1N(c2cc(C)ccc2)C(=O)c2ccccc2N=1)C[C@@H](C)CC(C)(C)C,,C35067692,99.132172,0,0,0,0,0,0,0,0,0,1
O=C(N(CCC(C)C)[C@H](C)C=1N(c2ccc(CC)cc2)C(=O)c2ccccc2N=1)C(C)C,,C35091327,99.131561,0,0,0,1,0,1,0,0,0,1
O=C(N(CCC)[C@H](CC)C=1N(c2c(C)cc(C)cc2)C(=O)c2ccccc2N=1)CC(C)C,,C35093310,99.126129,0,0,0,1,0,1,0,0,0,1
Clc1cc(Cn2c(CN(CC=C)C(=O)c3ccc(-c4ccccc4)cc3)ccc2)ccc1,,C35306924,100,0,0,0,0,0,0,0,0,0,0
Clc1ccc(N2C([C@@H](N(CCCC)C(=O)CC(C)C)C)=Nc3ccccc3C2=O)cc1,,C35688707,99.123505,0,0,0,0,0,1,0,0,0,1
FC(F)(F)c1cc(C(=O)N(CCCCC)Cc2n(Cc3c(C)cccc3)ccc2)ccc1,,C35730182,100,0,0,0,0,0,0,0,0,0,0
Fc1c(C(=O)N(CCCC)CC(=O)N(Cc2sc(C)cc2)Cc2ccc(F)cc2)cccc1,,C35808224,100,0,0,0,1,0,1,0,0,0,1
Fc1cc([C@H]2[C@@H](CN(CC(C)C)C(=O)c3ccccc3)C[NH+](Cc3c(C)ccs3)C2)ccc1,,C35888231,98.529358,0,0,0,0,0,0,0,0,0,0
O=C(N(Cc1c(Oc2ccccc2)n(-c2ccccc2)nc1C)[C@H](C)CC)c1sccc1,,C35970700,99.952026,0,0,0,1,0,1,0,0,0,0
O=C(N(Cc1c(Oc2ccccc2)n(-c2ccccc2)nc1C)[C@@H](C)CC)c1sccc1,,C35970703,99.952026,0,0,0,1,0,1,0,0,0,0
S(Cc1cc(C(=O)N(C)Cc2ccccc2)ccc1)c1nc(N(C)C)cc(C(C)(C)C)n1,,C36070839,59.157581,0,0,0,0,0,1,0,0,0,0
Clc1ccc(C=2N(CCOCCOc3ccc(C)cc3)C(=O)c3ccccc3N=2)cc1,,C01754499,93.829498,0,0,0,1,1,1,0,0,0,1
Clc1c(OCCSc2n(C)c(COc3c(Cl)cccc3)nn2)c(Cl)ccc1,,C36662010,99.889145,0,0,0,0,0,1,0,0,0,0
O(Cc1c(C)ccc(C)c1)c1c(OCC)cccc1/C=C\1/C(=O)c2ccc(OCC)cc2O/1,,C39709065,100,0,0,0,1,0,0,0,0,0,0
S(Cc1c(C#N)cccc1)c1n(Cc2ccccc2)c(-c2cc(OC(C)C)ccc2)nn1,,C39757138,99.893623,0,0,0,0,0,1,0,0,0,0
Clc1c(COc2c(OCC)cc(/C=C\3/C(=O)N([C@H](C)CC)C(=S)S/3)cc2)ccc(Cl)c1,,C40007417,100,0,0,0,1,0,0,0,0,0,1
Clc1ccc2OC=3C(=O)N(CCCC)[C@H](c4ccc(OCCCC)cc4)C=3C(=O)c2c1,,C40020870,100,0,0,0,0,0,0,0,0,0,0
Clc1c(C)cc(O[C@H](C)c2n(CCOc3cc(OC)ccc3)c3ccccc3n2)cc1,,C40237426,85.85836,0,0,0,1,0,1,0,0,1,1
FC(F)(F)c1ccc2n(CCC[NH+]3CCOCC3)c(COc3c(C)cc(C)cc3)nc2c1,,C40405815,87.194122,0,0,0,1,0,1,1,0,0,0
O(CC=C)c1cc([C@H]2N(CCCCC)C(=O)C=3Oc4cc(C)cc(C)c4C(=O)C2=3)ccc1,,C40513347,100,0,0,0,0,0,0,0,0,0,0
FC(F)(F)c1cc(N(Cc2sccc2)C(=O)CCc2oc(-c3ccccc3)cn2)ccc1,,C41019971,100,0,0,0,1,0,0,0,0,0,0
O=C(N(Cc1n(Cc2ccccc2)ccc1)[C@@H](C)C(C)C)c1ccc(-c2ccccc2)cc1,,C35729246,100,0,0,0,0,0,0,0,0,0,0
Clc1c(C)cc(OCCCn2cc(C(=O)COc3ccccc3)c3ccccc23)cc1,,C14135956,100,0,0,0,1,1,1,0,0,0,0
Brc1cc(C)c(N(C)C(=O)c2cc(OCC)c(OCC)c(OCC)c2)cc1,,C60018612,100,0,0,0,1,0,1,0,0,0,1
Brc1cc(C)c(OCCOCCn2cncc2)cc1,,C03461658,80.902664,0,0,0,1,0,1,0,0,1,1
Fc1cc(/C=C/C(OCC(=O)c2c(C)n(CC)c(C)c2)=O)ccc1,,C06642706,100,0,0,0,1,0,1,0,0,0,0
O(Cc1c(C#N)cccc1)C(=O)CCC(=O)c1c(C)sc(C)c1,,C07773077,100,0,0,0,1,1,1,0,0,1,1
Clc1c(OCCCCn2c(C=O)nc3ccccc23)cccc1,,C11735037,98.095337,0,0,0,1,0,1,0,0,0,0
S(=O)(=O)(N(C)CCOc1c(C)cccc1)/C=C/c1ccccc1,,C12896410,100,0,0,0,1,0,1,0,0,0,1
O=C(N(CC(C)C)Cc1n(Cc2c(C)ccc(C)c2)ccn1)CC,,C06723485,74.096611,0,0,0,1,0,1,0,0,0,1
Cl[C@@H](C)C(=O)c1ccc2OCC(=O)N(CCCCCC)c2c1,,C19957347,100,0,0,0,1,0,1,0,0,1,0
O=C(N(CCC[NH+]1CCOCC1)C[C@H]1C[C@H]2C[C@@H]1C=C2)C1CCC1,,C35001565,95.382782,0,0,0,1,0,0,0,1,0,0
Clc1c(CSc2n(CC=C)c(COC)nn2)c(F)ccc1,,C35548684,99.874893,0,0,0,0,0,0,0,0,0,0
Clc1ccc(C2=NO[C@H](CN(CC=C)C(=O)CC(C)C)C2)cc1,,C35615620,99.999779,0,0,0,0,0,1,0,0,0,0
Fc1c(F)ccc(Cn2c(CN(CC)C(=O)CC(C)C)ncc2)c1,,C35637587,74.974525,0,0,0,1,0,1,0,0,0,1
Fc1c(C(=O)N(CC=C)Cc2n(Cc3ccccc3)ccn2)cccc1,,C06689989,74.859795,0,0,0,1,0,1,0,0,0,1
S(CCCC)c1n(/N=C/c2c(C)ccs2)c(C(F)F)nn1,,C36611933,99.978828,0,0,0,1,0,1,0,0,0,0
Clc1cc(Cl)cc(/C=C/C(=O)N(CC)CC(OCC)=O)c1,,C38016755,100,0,0,0,0,0,1,0,0,1,0
Brc1sc(C(=O)N(CCC)CC(OCC)=O)cc1,,C38021016,100,0,0,0,1,0,1,0,0,1,1
Clc1sc(S(=O)(=O)N(CCCCC)C(C)C)c(C)n1,,C38109769,100,0,0,0,1,0,1,0,0,1,0
O(Cc1sc2ccccc2n1)C(=O)CCC(=O)c1sccc1,,C04165779,100,0,0,0,1,1,1,0,0,1,1
Clc1ccc2C(=O)N(CCCCC)C(SCCC#N)=Nc2c1,,C41295354,97.065567,0,0,0,1,0,1,0,0,0,0
BrCCOc1c(C(=O)N(CC=C)CC=C)cccc1,,C41715279,100,0,0,0,0,0,1,0,0,0,0
Brc1ccc(SCC(=O)N(C)CC(OCC)=O)cc1,,C42693589,100,0,0,0,1,0,1,0,0,1,1
Clc1c(SCC(=O)N(C)CC(OCC)=O)cc(Cl)cc1,,C42693650,100,0,0,0,1,0,1,0,0,1,1
Brc1ccc(C(=O)[C@H](N(CCC#N)CC(C)C)C)cc1,,C50142551,63.928356,0,0,0,1,0,0,0,0,1,0
Clc1ccc(-c2nc([C@H](C#N)C(=O)CSCC=C)sc2)cc1,,C51156684,58.667706,0,0,0,1,0,1,0,0,1,1
S(CCN(C)C(=O)c1sc(COC)cc1)c1ccc(C)cc1,,C55166771,100,0,0,0,0,0,0,0,0,1,0
Fc1ccc(C[NH+](Cc2nc(C(C)C)ncc2)Cc2ccncc2)cc1,,C55341096,55.583904,0,0,0,1,0,0,0,0,0,0
O=C1N(CC[NH+](CC=C)Cc2sc(C)cc2)c2ccccc2O1,,C55341634,92.534142,0,0,0,0,0,0,0,0,0,0
S(=O)(=O)(N(CC(C)C)CC(F)(F)F)c1ccc(C(=O)C)cc1,,C58473802,100,0,0,0,1,0,1,0,0,0,0
Clc1ccc2nc(SCC(=O)N(CC=C)CC=C)oc2c1,,C58806558,100,0,0,0,1,0,1,0,0,0,0
[NH+](Cc1occc1)(Cc1nc(CCC)sc1)Cc1ccccc1,,C58933407,64.762604,0,0,0,0,0,0,1,0,0,0
FC(F)(F)CN(CCC)C(=O)Cc1nc(-c2ccccc2)oc1,,C59252886,100,0,0,0,1,0,1,0,0,0,0
Brc1ccc2n(CCOCCOC)c(CCl)nc2c1,,C44727428,80.716476,0,0,0,1,0,1,0,0,1,1
Clc1sc(CN(CC=C)C(=O)c2ccc(COC)cc2)cc1,,C45603656,100,0,0,0,0,0,0,0,0,1,0
Brc1ccc(OCCSCCS(=O)(=O)C)cc1,,C60512341,100,0,0,0,1,1,1,0,1,1,1
S(=O)(=O)(C)CCSCc1nc(-c2c(OC)cccc2)sc1,,C60514299,100,0,0,1,1,1,1,0,1,1,1
Clc1c(F)ccc(S(=O)(=O)CC(=O)N(CC)CCCC)c1,,C60919081,100,0,0,0,1,0,1,0,0,1,1
S=C1N(CN(C)Cc2ccc(CC)cc2)N=C(OCC)S1,,C63123616,98.60939,0,0,0,1,0,1,0,0,1,1
Clc1c(OCCCS/C(/SC)=N\C#N)ccc(Cl)c1,,C15443937,100,0,0,0,1,0,1,0,0,0,0
FC(F)(F)CN(CC=C)C(=O)C(=O)c1ccc(C(C)(C)C)cc1,,C64813663,100,0,0,0,0,0,1,0,0,0,0
Clc1c(CS(=O)Cc2onc(CCCC)n2)ccc(F)c1,,C64822371,99.996681,0,0,0,1,1,1,0,0,0,1
FC(F)(F)CN(CC(C)(C)C)C(=O)CCc1c(C)n(C)nc1C,,C65575337,99.803596,0,0,0,0,0,1,0,0,0,0
S(CCC(=O)N(CC)c1c(C)ccc(C)c1)Cc1nc(C)sc1,,C65859325,100,0,0,0,1,0,1,0,0,0,0
O=C(N(Cc1sc(C)cc1)Cc1occc1)CCc1occc1,,C66029313,100,0,0,0,0,0,0,0,0,0,0
FC(F)c1n(C)ncc1C(=O)N(CCCC)Cc1c(F)cccc1,,C66290128,99.997498,0,0,0,0,0,0,0,0,0,1
Fc1c(CN(CC)C(=O)COc2c(C=O)cccc2)c(F)ccc1,,C66361812,100,0,0,0,1,0,1,0,0,0,1
S(C)c1sc(COc2c(OCC(F)(F)F)cccc2)nn1,,C66824625,99.998451,0,0,0,0,0,1,0,0,0,0
Fc1c([C@H]2OCCN([C@H](C)C(=O)N(CC=C)CC=C)C2)cccc1,,C66846130,92.206818,0,0,0,1,0,1,0,0,0,0
Brc1ccc(/C=C/S(=O)(=O)N(C)CCCOC)cc1,,C66914129,100,0,0,0,1,1,1,0,1,1,0
O=C(N(C)Cc1sc(CC)nc1)CCC(=O)c1c(C)ccc(C)c1,,C67341356,100,0,0,0,1,0,1,0,0,1,1
N(CC=C)(Cc1oc(-c2sccc2)cn1)Cc1ccc(C#N)cc1,,C67399364,65.558212,0,0,0,1,0,1,0,0,0,0
S(CC)CCOC(=O)CSCc1sc2ccccc2n1,,C67626400,100,0,0,0,1,0,1,0,0,1,0
FC(F)(F)c1cc(C(=O)N(CC(=O)N(Cc2sc(C)cc2)Cc2ccccc2)C(C)C)ccc1,,C00742583,100,0,0,0,0,0,0,0,0,0,1
Clc1c(Cl)ccc(CN(S(=O)(=O)c2ccc(Cl)cc2)CC(=O)N(CC)CC)c1,,C02167907,100,0,0,0,1,0,1,0,0,0,1
S(CC(=O)c1ccc(F)cc1)C1=C(C#N)[C@@H](c2sccc2)C(C(OCC)=O)=C(C)N1,,C08441938,99.38678,0,0,0,0,0,0,0,0,0,0
Brc1ccc(CSc2n(/N=C/c3ccc(OCCC)cc3)c(C)nn2)cc1,,C02611459,99.783104,0,0,0,1,0,0,0,0,0,0
O=C(N(CC[C@]1(Cc2ccccc2)CC(C)(C)OCC1)Cc1ccc(N(C)C)cc1)C(C)=C,,C09235176,100,0,0,0,0,0,1,0,0,0,1
S([C@@H](C)C(=O)N(C)Cc1ccccc1)c1n(Cc2ccccc2)c(-c2c(F)cccc2)nn1,,C09330931,99.931801,0,0,0,0,0,0,0,0,0,1
S(CC(=O)N(C)Cc1cc(F)ccc1)c1n(Cc2ccccc2)c(-c2c(F)cccc2)nn1,,C09331320,99.934586,0,0,0,0,1,1,0,0,0,0
S=C1N(c2ccccc2)C(=O)/C(=C/c2cc(OCCCOc3cc(C)ccc3)ccc2)/S1,,C09553763,100,0,0,0,0,0,1,0,0,0,0
S(CC(=O)c1c(C)n(Cc2sccc2)c(C)c1)c1n(CC)c(-c2sccc2)nn1,,C02642531,99.870392,0,0,0,1,0,1,0,0,0,0
Brc1cc(C)c(O[C@@H](C)C(=O)Oc2cc(C(OC(C)C)=O)ccc2)c(C)c1,,C09869026,100,0,0,0,0,0,1,0,0,0,0
Brc1cc(C)c(O[C@H](C)C(=O)Oc2cc(C(OC(C)C)=O)ccc2)c(C)c1,,C09869037,100,0,0,0,1,0,1,0,0,0,0
Clc1c(C)c2nc(N(CCCn3cncc3)C(=O)CSc3ccccc3)sc2cc1,,C10586069,79.424667,0,0,0,1,0,1,0,0,1,1
O(C)CCN(Cc1c(-c2cc(C)ccc2)nc2cc(OC)ccc2c1)C(=O)c1c(C)ccs1,,C11786583,93.450233,0,0,0,1,0,0,0,0,0,1
S(C(C)C)c1ccc(CC(=O)N(Cc2occc2)c2sc3cc(OC)ccc3n2)cc1,,C12071225,100,0,0,0,1,0,0,0,0,0,1
Brc1ccc(-c2oc(CO/N=C/c3cc(OC)c(OC(F)F)cc3)cc2)cc1,,C12565282,99.999794,0,0,0,1,0,0,0,0,0,0
S([C@H](CC)C(OCC)=O)c1ncnc2n(-c3cc(F)ccc3)cc(-c3ccccc3)c12,,C03658693,99.426506,0,0,0,0,1,1,0,0,0,0
Clc1ccc(SCC(=O)N(CCCn2cncc2)c2sc3cc(F)ccc3n2)cc1,,C10581704,79.426224,0,0,0,1,0,1,0,0,1,1
S(CC(=O)N(CCCn1cncc1)c1sc2cc(F)cc(F)c2n1)c1ccc(C)cc1,,C10583584,79.434128,0,0,0,1,0,1,0,0,0,1
S=C1N(C)C(=O)/C(=C\c2c(OCCCOc3c(C)cccc3C)c(OC)ccc2)/S1,,C15857093,100,0,0,0,1,0,1,0,0,0,1
S(CC(=O)c1c(C)n(c(C)c1)-c1ccccc1)c1n(C2CC2)c(Cc2sccc2)nn1,,C17273173,99.66407,0,0,0,0,0,1,0,0,0,0
FC(F)(F)c1cc(N(/N=C/c2ccccc2)C(=O)COC(=O)c2c(F)cccc2F)ccc1,,C18032358,100,0,1,0,1,0,0,0,0,0,1
S(CC)c1c(C(=O)N(CCC[NH+]2CCOCC2)c2sc3cc(F)ccc3n2)cccc1,,C20588989,93.938271,0,0,0,1,0,0,1,0,0,1
Clc1ccc(OCc2n(c(SCC(=O)C(C)(C)C)nn2)-c2ccc(Cl)cc2)cc1,,C03295757,99.785248,0,0,0,0,0,1,0,0,0,0
Brc1cc(S(=O)(=O)N(CC)Cc2ccc(N(C)C)cc2)c(OCC)cc1,,C21871253,100,0,0,0,1,1,1,0,0,0,0
Clc1c(C)c(N(S(=O)(=O)C)CC(=O)N(Cc2ccccc2)Cc2ccccc2)ccc1,,C22273587,100,0,0,0,1,0,1,0,0,1,1
S(Cc1nc(-c2ccc(C(F)(F)F)cc2)sc1)c1n(CCc2sccc2)cnn1,,C22519843,99.87973,0,0,0,1,0,1,0,0,0,0
Clc1ccc([C@@H](OCc2c(F)cccc2F)C[NH+]2CCN(C(=O)Cc3sccc3)CC2)cc1,,C23430227,68.592209,0,0,0,0,0,0,0,0,0,0
Clc1c(-c2scc(CSC=3N(CCCOC)C(=O)c4ccccc4N=3)n2)cccc1,,C23483556,96.446289,0,0,0,1,0,1,0,1,1,1
Br/C(/C=N/N(C)CCN(/N=C/C(/Br)=C\c1ccccc1)C)=C\c1ccccc1,,C25691669,99.979805,0,0,0,0,0,1,0,0,0,1
FC(F)(F)c1cc(-c2oc(CN(C(=O)C(CC)CC)[C@H]3CS(=O)(=O)CC3)cc2)ccc1,,C27664201,100,0,1,0,1,0,1,0,0,1,0
Clc1sc(CN(CC=C)C(=O)c2cc(S(=O)(=O)N(C)c3ccccc3)ccc2)cc1,,C32503722,100,0,0,0,1,0,1,0,0,1,0
Clc1c(CCN([C@H](CC)C=2N(CC)C(=O)c3ccccc3N=2)C(=O)CC)ccc(Cl)c1,,C35036413,97.934746,0,0,0,1,0,0,0,0,1,1
O=C(N(CCC(C)C)[C@@H](CC)C=1N(CC)C(=O)c2ccccc2N=1)c1cccc2ccccc12,,C35043632,97.93351,0,0,0,1,0,1,0,0,0,0
O=C(N(CCC)[C@@H](CC)C=1N(c2ccc(C)cc2)C(=O)c2ccccc2N=1)Cc1sccc1,,C35058438,99.138481,0,0,0,0,0,1,0,0,0,1
O=C(N(CCC(C)C)[C@H](CC)C=1N(c2ccccc2)C(=O)c2ccccc2N=1)c1ccccc1,,C35064807,99.137306,0,0,0,1,0,0,0,0,0,1
Fc1cc(C(=O)N2CC[NH+](CCN(CC=3[C@@H]4C(C)(C)[C@@H](C4)CC=3)C(=O)CCC)CC2)ccc1,,C35097282,75.91021,0,0,0,0,0,0,0,0,0,0
O=C(N(CC[NH+]1CCN(C(=O)c2ccc(CC)cc2)CC1)CC=1[C@@H]2C(C)(C)[C@@H](C2)CC=1)CC,,C35100192,76.759323,0,0,0,0,0,0,0,0,0,0
Brc1cc(C(=O)N(CCOC)Cc2n(Cc3cc(C(F)(F)F)ccc3)ccc2)ccc1,,C35304629,100,0,0,0,1,1,1,0,0,0,0
Fc1ccc(CN(Cc2c(C)ccs2)C(=O)CN(CC(C)C)C(=O)c2c(C)cccc2)cc1,,C35773919,100,0,0,0,0,0,1,0,0,0,1
Clc1oc(C2=NO[C@H](CN(Cc3cc(C(F)(F)F)ccc3)C(=O)CC(C)(C)C)C2)cc1,,C35944828,99.999443,0,0,0,1,0,1,0,0,0,0
FC(F)(F)c1c(CN(CC2CC2)C(=O)c2c(F)cccc2)c(N(C)C)n(-c2ccccc2)n1,,C35975321,99.99028,0,0,0,0,0,0,0,0,0,0
S(=O)(=O)(N(Cc1n(Cc2cc(C(F)(F)F)ccc2)ccn1)C(C)C)c1ccc(C)cc1,,C35979989,77.169083,0,0,0,1,0,1,0,0,1,1
S(CC(=O)c1ccc(F)cc1)c1c(C#N)c(SCC(=O)c2ccc(F)cc2)ns1,,C01045466,99.997963,0,0,0,1,0,1,0,0,0,0
Brc1ccc2nc(N(Cc3ccncc3)C(=O)CCCSc3ccccc3)sc2c1,,C38827918,99.539833,0,0,0,1,1,1,0,0,1,1
S(CCCC(=O)N(Cc1ccncc1)c1sc2ccc(C)c(C)c2n1)c1ccccc1,,C38827919,99.539856,0,0,0,1,1,1,0,0,1,1
S(Cc1cc(F)ccc1)c1n(c(Cc2ccc(OC)cc2)nn1)-c1ccc(OC)cc1,,C39752863,99.409515,0,0,0,0,0,0,0,0,0,0
O=C(N(Cc1c(C)ccs1)Cc1ccccc1)CN(CC(C)C)C(=O)c1c(C)cccc1,,C40371726,100,0,0,0,1,0,1,0,0,0,1
S=C1N(CCC(OC)=O)C(=O)/C(=C\c2ccc(OCc3c(C)cc(C)c(C)c3)cc2)/S1,,C40937959,100,0,0,0,1,0,1,0,0,1,0
Clc1ccc(CN(Cc2occc2)C(=O)CCc2oc(-c3ccc(Cl)cc3)cn2)cc1,,C41021605,100,0,0,0,1,0,1,0,0,0,0
Fc1c(C)ccc(-c2nc(CCC(=O)N(Cc3sccc3)Cc3sccc3)on2)c1,,C59851104,99.997208,0,0,0,1,0,1,0,0,0,0
S(c1c(C(OCC(=O)c2c(C)n(CC(F)(F)F)c(C)c2)=O)cccc1)c1c(C#N)cccc1,,C03413802,100,0,1,0,1,0,1,0,0,1,0
Clc1c(OCCCOc2c(OCC)cc(/C=C/3\C(=O)N(C)C(=S)S\3)cc2)cccc1,,C02874175,100,0,0,0,1,0,1,0,0,0,0
Clc1ccc(SCCOc2c(OC)cc(/C=C\3/C(=O)N(CC)C(=S)S/3)cc2)cc1,,C09057166,100,0,0,0,0,1,0,0,0,0,0
Brc1sc(CN(CC)C(=O)CSc2n(C3CC3)c(-c3sccc3)nn2)cc1,,C09814384,99.877647,0,0,0,1,1,1,0,0,0,0
S(=O)(=O)(CCC(=O)N(CCc1sccc1)c1sc2cc(SC)ccc2n1)c1ccc(F)cc1,,C10097855,100,0,1,0,1,0,1,0,0,0,1
Brc1ccc(S(=O)(=O)CCSc2n(C3CC3)c(Cc3sccc3)nn2)cc1,,C11541037,99.642365,0,0,0,1,1,1,0,0,1,0
S(CC(=O)c1c(C)n(CC=C)c(C)c1)C=1N(CC=C)C(=O)c2c(sc3C[C@H](C)CCc23)N=1,,C13098698,99.514725,0,0,0,1,0,1,0,0,0,1
S(Cc1c(F)cccc1)c1n(Cc2ccc(C(=O)N(C)Cc3ccccc3)cc2)c2cnccc2n1,,C08913646,79.892845,0,0,0,0,0,0,0,0,0,0
S(CCC(=O)N(CCCn1cncc1)c1sc2cccc(CC)c2n1)c1ccc(C)cc1,,C10580196,79.416214,0,0,0,1,1,0,0,0,1,1
Clc1c(C(OCC(=O)c2c(C)n(c(C)c2)-c2ccc(OC(F)F)cc2)=O)cc(F)c(F)c1,,C03291844,100,0,0,0,1,0,1,0,0,1,0
Clc1c(Cn2c(CN(CC(C)C)C(=O)CN(CC)C(=O)c3ccccc3)ccc2)cccc1,,C16458750,100,0,0,0,1,0,1,0,0,0,1
Clc1c(Cn2c(CN(CC(C)C)C(=O)CN(CC)C(=O)c3ccc(C)cc3)ccc2)cccc1,,C16458759,100,0,0,0,1,0,1,0,0,0,1
S(Cc1ccncc1)C=1N(CCCC)C(=O)C=2SC(=S)N(CCc3ccccc3)C=2N=1,,C20102218,99.2687,0,0,0,0,0,0,0,0,1,0
Clc1cccc2sc(N(CCC[NH+]3CCOCC3)C(=O)c3cc(SCC)ccc3)nc12,,C20587467,93.934067,0,0,0,1,0,1,1,0,0,1
Clc1ccc(SCCC(=O)N(CCC[NH+]2CCOCC2)c2sc3ccc(C)c(C)c3n2)cc1,,C20590739,93.99939,0,0,0,1,1,1,1,0,0,1
Brc1ccc(N2C(SCC(=O)N(CCC)CCC)=Nc3ccsc3C2=O)cc1,,C02908850,99.101532,0,0,0,1,0,1,0,0,0,0
Clc1cccc2sc(N(CC[NH+]3CCOCC3)C(=O)CCSc3ccc(C)cc3)nc12,,C12493833,60.018921,0,0,0,1,1,1,1,0,1,1
S(CCC(=O)N(CC[NH+]1CCOCC1)c1sc2cc(CC)ccc2n1)c1ccc(C)cc1,,C20743156,60.286312,0,0,0,1,1,1,1,0,1,1
S(CCCC(=O)N(CCC[NH+]1CCOCC1)c1sc2c(C)ccc(C)c2n1)c1ccccc1,,C20779344,94.01342,0,0,0,1,0,1,1,0,0,1
Clc1ccc(SCCC(=O)N(CC[NH+]2CCOCC2)c2sc3cc(Cl)cc(C)c3n2)cc1,,C20801176,60.229919,0,0,0,1,1,1,1,0,1,1
S(C)c1ccc2nc(N(CC[NH+]3CCOCC3)C(=O)Cc3ccc(SCC)cc3)sc2c1,,C21022697,60.090214,0,0,0,1,0,0,1,0,0,1
S(CCCC(=O)N(Cc1occc1)c1sc2cc(OCC)ccc2n1)c1ccc(F)cc1,,C22895104,100,0,0,0,1,0,1,0,0,0,0
S(CCC(=O)N(CCC[NH+]1CCOCC1)c1sc2c(C)cc(C)cc2n1)c1ccccc1,,C22997816,93.999664,0,0,0,1,1,1,1,0,1,1
FC(F)(F)c1cc(N2CCN(c3nc4ccccc4c(C(=O)N(CC=C)CC=C)c3)CC2)ccc1,,C23445823,60.686466,0,0,0,0,0,0,0,0,0,0
Clc1c(Cl)ccc(C(=O)N(CC(C)C)CC(=O)N(Cc2oc(C)cc2)Cc2ccccc2)c1,,C33467992,100,0,0,0,1,0,0,0,0,0,1
O=C(N(Cc1n(Cc2c(C)cccc2)ccc1)[C@@H](C)CC)CN(C(C)C)C(=O)c1sccc1,,C33783419,100,0,1,0,0,0,1,0,0,0,1
Fc1c(C(=O)N2CC[NH+](CCN(CC=3[C@@H]4C(C)(C)[C@@H](C4)CC=3)C(=O)CCCC)CC2)cccc1,,C34997660,74.781013,0,0,0,0,0,0,0,0,0,0
Brc1ccc(N2C([C@@H](N(CCCC)C(=O)CCCCl)C)=Nc3ccccc3C2=O)cc1,,C35038299,99.099838,0,0,0,0,0,1,0,0,0,1
O=C(N(CC[NH+]1CCN(C(=O)c2ccc(C(C)(C)C)cc2)CC1)CC=1[C@H]2C(C)(C)[C@H](C2)CC=1)CC,,C35105688,76.7519,0,0,0,0,0,0,0,0,0,0
Brc1ccc(C(=O)N(CC(C)C)CC(=O)N(Cc2c(C)ccs2)Cc2ccccc2)cc1,,C35224633,100,0,0,0,1,0,1,0,0,0,1
S(=O)(=O)(N(CC=C)Cc1n(Cc2cc(C(F)(F)F)ccc2)ccc1)c1cccc2cccnc12,,C35305181,99.941765,0,0,0,1,0,1,0,0,0,1
Brc1cc(C(=O)N(CCCC)CC(=O)N(Cc2n(C)ccc2)Cc2ccccc2)ccc1,,C35335902,100,0,0,0,1,0,1,0,0,0,1
Clc1ccc(C(=O)N(CC(=O)N(Cc2n(Cc3c(C)cccc3)ccc2)[C@H](C)CC)C(C)C)cc1,,C35395292,100,0,0,0,0,0,0,0,0,0,1
Brc1cc(C(=O)N(CC(C)C)CC(=O)N(Cc2n(C)ccc2)Cc2ccccc2)ccc1,,C35745140,100,0,0,0,1,0,1,0,0,0,1
Clc1ccc(CN(C(=O)CSc2n(CC=C)c(C)nn2)C23CC4CC(C2)CC(C3)C4)cc1,,C35767109,99.594307,0,0,0,1,1,1,0,0,0,1
Brc1c(C(=O)N(C[C@H](C)CC)CC(=O)N(Cc2sc(C)cc2)Cc2ccccc2)cccc1,,C35795415,100,0,0,0,1,0,1,0,0,0,1
FC(F)(F)c1ccc(C(=O)N(CC(C)C)CC(=O)N(Cc2sc(C)cc2)Cc2ccccc2)cc1,,C35798344,100,0,0,0,1,0,0,0,0,0,1
Brc1cc(C(=O)N(CCC)CC(=O)N(Cc2sc(C)cc2)Cc2ccc(F)cc2)ccc1,,C35808192,100,0,0,0,1,0,1,0,0,0,1
Clc1c(-n2nc(CN(CC(C)C)C(=O)c3cc(F)ccc3)c3C[NH+](CC=C)CCc23)cccc1,,C35921257,99.060158,0,0,0,0,0,0,0,0,0,1
Clc1cc(CN(C)C(=O)CSc2n(c(Cc3sccc3)nn2)-c2ccccc2)ccc1,,C19195233,99.554352,0,0,0,1,1,1,0,0,0,0
Brc1cc(C(=O)N(CCCOC)Cc2nc(COc3ccc(C)cc3)sc2)ccc1,,C36114737,100,0,0,0,1,1,1,0,1,1,1
S(CC(=O)N(C)Cc1cc(F)ccc1)c1n(CCc2ccccc2)c(Cc2sccc2)nn1,,C36818174,99.689888,0,0,0,0,0,1,0,0,0,1
Fc1c(C[NH+]2CCc3n(-c4ccc(F)cc4)nc(CN(CC)C(=O)CC(C)C)c3C2)cccc1,,C37377231,92.911232,0,0,0,0,0,1,0,0,1,1
Brc1ccc2nc(N(CCC[NH+]3CCOCC3)C(=O)CCSc3ccccc3)sc2c1,,C36706051,94.000221,0,0,0,1,1,1,1,0,1,1
S(CCCC(=O)N(Cc1ccncc1)c1sc2cccc(OCC)c2n1)c1ccc(C)cc1,,C38835849,99.540161,0,0,0,1,1,1,0,0,0,1
Fc1c(F)cc2cc(Cn3ncnc3)c(C(OCC)=O)c(-c3cc(Cc4ccccc4)ccc3)c2c1,,C39502615,95.297562,0,0,0,1,0,0,0,0,0,1
Fc1ccc2OC=3C(=O)N(Cc4ccccc4)[C@H](c4cc(OCCCCC)ccc4)C=3C(=O)c2c1,,C39825714,100,0,0,0,0,0,1,0,0,0,0
O=C(N(C)Cc1occc1)Cc1ccc(N(Cc2ccccc2)C(=O)/C=C/c2ccccc2)cc1,,C40414608,100,0,0,0,0,0,0,0,0,0,0
Clc1c(COc2ccc(/C=C\3/C(=O)N(CCCC(OC)=O)C(=S)S/3)cc2)c(Cl)ccc1,,C40938624,100,0,0,0,0,0,1,0,1,0,0
Clc1c(COc2ccc(/C=C\3/C(=O)N(CCCC(OCC)=O)C(=S)S/3)cc2)c(Cl)ccc1,,C40938802,100,0,0,0,1,0,1,0,1,0,0
O=C(N(CCCC)CCCC)[C@@H]1[C@]2(OC(=O)C1)CC(C)(C)OCC2,,C04042724,100,0,0,0,1,0,1,0,0,1,0
S(CC(=O)N(CC)CC)c1n(CC)c(-c2sccc2)nn1,,C00905399,99.875572,0,0,0,0,0,1,0,0,0,0
Brc1ccc(C(=O)C(CCC#N)(CCC#N)CCC#N)cc1,,C01676308,100,0,0,0,1,0,1,0,0,0,0
F[C@@H](C(=O)N(CC)CC)C(F)(F)C(F)(F)[C@@H](F)C(=O)N(CC)CC,,C02025103,100,0,0,0,0,0,0,0,0,0,1
S(CC(=O)c1c(C)n(CCOC)c(C)c1)c1[nH+]cc2n1C=CC=C2,,C08707191,93.708748,0,0,0,0,0,0,0,0,1,0
S=C1N([C@@H](P(=O)(OCC)OCC)CCC)CCCS1,,C15783055,100,0,0,0,1,0,1,0,0,0,1
S(CC(=O)[C@H](C#N)c1scc(C)n1)c1ccc(OCC)cc1,,C16168717,61.650993,0,0,0,1,0,1,0,0,1,0
Fc1cc(C[NH+](CCN2CCOCC2)Cc2n(C)ccc2)ccc1,,C22468699,54.230541,0,0,0,0,0,0,1,1,0,0
Clc1cc(Cn2c(CN(S(=O)(=O)CC)CC)ncc2)ccc1,,C35973276,76.399902,0,0,0,1,1,1,0,1,1,0
Brc1scc(C(=O)N(CCOC)CCCOC)c1,,C37901893,100,0,0,0,1,0,1,0,1,1,1
Clc1c(SCCC(=O)N(CC)CCC(OC)=O)cccc1,,C38023380,100,0,0,0,1,1,1,0,1,1,0
S(SC1=C(C(OC)=O)[C@@H](C)SC1)C1=C(C(OC)=O)[C@H](C)SC1,,C39296666,100,0,0,0,0,0,0,0,0,0,0
O(C)C(=O)C=1[C@@H](C)N=C(C(=O)[C@H](N(C)Cc2sccc2)C)C=1C,,C39942228,58.434376,0,0,0,1,0,1,0,0,0,1
Clc1c(F)ccc(S[C@H](C)C(=O)N(CCC#N)Cc2occc2)c1,,C43866182,100,0,0,0,0,1,1,0,1,1,0
S(=O)(CCSc1n(Cc2ccccc2)nnn1)c1ccccc1,,C47222277,100,0,0,0,1,0,1,0,0,0,0
O=C(N(CC)C[C@@H]1COCC1)/C(=C\c1c(C)n(CCC)c(C)c1)/C#N,,C48432705,100,0,0,0,1,0,1,0,0,1,1
FC(F)(F)c1ccc2sc(C(C#N)=C([O-])CCCOC)nc2c1,,C51677839,59.529007,0,0,1,1,1,1,0,1,1,1
[NH+](Cc1sccn1)(Cc1ccc(-n2nccc2)cc1)Cc1ccccc1,,C55383341,81.803329,0,0,0,0,0,0,1,0,0,0
Fc1c(C[NH+](C[C@@H]2OCCC2)Cc2c(C)nn(CC=C)c2)cccc1,,C13993648,93.306404,0,0,0,1,0,1,1,0,0,0
S(=O)(=O)(CCC(=O)N(CC(C)C)C(C)C)c1ccc2CCCc2c1,,C58363165,100,0,0,0,1,0,1,0,0,1,1
O=C(N(CC(C)C)CC(C)C)CN1CCN(C(=O)C(C)C)CC1,,C41105944,94.358078,0,0,0,0,0,1,0,0,1,0
S(CCOc1cc(C#N)ccc1)c1n(C2CC2)c(C2CC2)nn1,,C43117467,99.513275,0,0,0,0,1,1,0,0,0,0
Brc1ccc(C(=O)CCC(=O)N(CC#C)Cc2occc2)cc1,,C60185009,100,0,0,0,1,0,1,0,0,0,0
Clc1ccc(O[C@H](C)C(=O)N(CCC)CC(=O)N(C)C)cc1,,C60405225,100,0,0,0,1,0,1,0,0,1,1
Clc1cc(-c2occ(CS(=O)(=O)CCCOC)n2)ccc1,,C61796215,100,0,0,1,1,1,1,0,1,1,1
O=C(N(C)Cc1nc(CC)sc1)[C@@H](Oc1cc(C(=O)C)ccc1)C,,C58267362,100,0,0,0,1,0,1,0,0,1,1
O=C(N(CC=C)Cc1cc(C#N)ccc1)Cc1nc(CC)sc1,,C62905501,100,0,0,0,1,0,1,0,0,0,0
FC(F)(F)CN(CCOC)C(=O)c1c(C)nc(CCC)s1,,C62921722,100,0,0,0,1,0,1,0,0,1,1
Clc1c(CN(C)C(=O)CN(CC#C)Cc2occc2)c(F)ccc1,,C63299405,99.926453,0,0,0,1,0,1,0,0,0,1
FC(F)(F)CN(CC(OCC)=O)C(=O)c1c(F)cc(F)cc1,,C63448607,100,0,0,0,0,0,1,0,0,0,1
O(C)C(=O)C=1[C@H](C)N=C(C(=O)[C@H]([NH+](C)Cc2cscc2)C)C=1C,,C40001842,63.370094,0,0,0,1,0,1,0,0,0,1
FC(F)(F)[C@@H](OC(=O)c1nc(CC(C)C)sc1)c1n(C)ccn1,,C64102615,94.994209,0,0,0,1,0,1,0,0,0,0
[S-]c1[n+](CN(CC)C[C@H](C)C#N)nc(C)n1Cc1ccccc1,,C64337337,99.475937,0,0,0,1,0,1,0,0,1,1
FC(F)(F)CN1[C@H](C)CC(C(OCC(=O)C2=NC=CC2)=O)=C1C,,C39736265,99.998009,0,0,0,1,0,1,0,0,1,0
S(=O)(Cc1nc(CC)sc1)[C@@H](C)C(=O)N(CCC)CC1CC1,,C64823918,100,0,0,0,1,0,1,0,0,1,1
S(=O)(CC(=O)N(C(C)C)C(C)C)Cc1nc(CCCC)sc1,,C64828387,100,0,0,0,1,0,1,0,0,1,1
O(CCC)CC([O-])=C(C#N)c1scc(-c2ccc(C#N)cc2)n1,,C65492770,76.454765,0,0,0,1,1,1,0,1,0,1
S=C1N(CN(C)Cc2c(OCC)cccc2)N=C(N(C)C)S1,,C66448205,98.824799,0,0,0,1,0,1,0,0,0,1
S=C1N(CN(CC=C)Cc2ccc(C#N)cc2)N=C(N(C)C)S1,,C66449438,98.438118,0,0,0,1,0,1,0,0,0,1
Clc1c(CN(CC(OC)=O)C(=O)[C@H](C)CSC)cccc1,,C66763769,100,0,0,0,1,0,1,0,0,0,1
S(=O)(=O)(N(C)C1CCN(C(=O)C[C@H](C)CC(C)C)CC1)CC,,C66842872,100,0,0,0,1,0,1,0,1,1,1
S(=O)(CCN(C)[C@H](c1ncccn1)c1ccc(F)cc1)c1ccccc1,,C66881921,90.043213,0,0,0,1,0,1,0,0,0,1
S([C@H](C)C(=O)N(CCC#N)Cc1occc1)c1cc(C)ccc1,,C67008664,100,0,0,0,1,1,1,0,1,1,0
Clc1c(C(=O)N(CC)CCC(F)(F)F)cc(S(=O)(=O)CC)cc1,,C67167170,100,0,0,0,1,0,1,0,1,0,0
S(CC(=O)N(C)Cc1sc(CC)nc1)c1ccc(OCC)cc1,,C67210208,100,0,0,0,0,0,1,0,0,0,0
O=C(N(C)Cc1sc(CC)nc1)COc1ccc(CC#N)cc1,,C67210539,100,0,0,0,1,0,1,0,0,1,1
O=C(N(CC=C)Cc1sccc1)CN(C)Cc1sc(CC)nc1,,C67402657,84.025116,0,0,0,1,0,1,0,0,0,1
S(=O)(=O)(CCN(C)Cc1sc(CC)nc1)c1ccccc1,,C67403134,83.444801,0,0,0,1,1,1,0,1,1,0
S=C1N(CN(C)Cc2sc(CC)nc2)N=C(OCC)S1,,C67440618,99.650444,0,0,0,1,0,1,0,0,1,1
S(CC)[C@H](C(C)C)C(=O)[C@@H](C#N)c1scc(-c2ccc(C#N)cc2)n1,,C67629314,59.121296,0,0,0,1,0,1,0,0,0,1
S(CC(=O)c1ccc(C)cc1)c1n(Cc2occc2)c(CO)cn1,,C04379520,76.366997,0,0,0,0,0,0,0,0,0,0
S([C@@H](C)C(=O)N[C@@H](C)c1ccc(F)cc1)c1n(CC=C)c(C)nn1,,C04936494,99.581818,0,0,0,1,0,1,0,0,0,1
O[C@@]1(CC(=O)C)C(=O)N(Cc2c(OCC=C)cccc2)c2ccccc12,,C04987780,99.99987,0,0,0,1,0,1,1,0,1,1
Clc1c(CC(=O)NCCc2n(CC)c(SC)nn2)c(F)ccc1,,C05001788,99.514206,0,0,0,1,0,1,1,0,0,1
O=C(Nc1ccc(C(=O)N(CC)CC)cc1)c1ccc(OCC)cc1,,C07408444,100,0,0,0,0,0,0,0,1,0,0
S(CC(=O)NC(C)(C)C)c1n(C2CC2)c(Cc2sccc2)nn1,,C07843450,99.677422,0,0,0,0,0,1,0,0,0,0
Clc1c(CC(OCC(=O)NCc2occc2)=O)ccc(Cl)c1,,C03316965,100,0,0,0,1,1,1,1,0,1,1
S(=O)(=O)(CC(=O)Nc1c(OCC)cccc1)Cc1c(C)cccc1,,C01290574,100,0,0,0,1,0,1,1,0,0,1
Clc1ccc(Cn2c(SCCC3OCCO3)ncc2CO)cc1,,C10019857,67.880257,0,0,0,1,0,1,0,1,1,0
Fc1ccc(OCc2scc(C(=O)NCCc3occc3)n2)cc1,,C12822704,100,0,0,0,1,0,1,1,0,0,1
S(=O)(=O)(N(CC=C)c1ccc(C(=O)NCc2cc(C)ccc2)cc1)C,,C13613615,100,0,0,0,1,0,1,0,1,1,0
S(=O)(=O)(N(CC)CC(=O)NC(C)C)c1cc(C(F)(F)F)ccc1,,C14084578,100,0,0,0,1,0,1,0,0,1,1
O=C(N[C@H](C)c1ccccc1)/C(=C/c1ccc(N(C)CCC#N)cc1)/C#N,,C16410021,100,0,0,0,1,0,1,0,0,0,0
O=C(Nc1ccc(CC(=O)N(C)Cc2ccc(OCC)cc2)cc1)C,,C18074133,100,0,0,0,0,0,0,1,0,1,0
OCCOC(=O)/C=C/c1c(-c2sccc2)nn(-c2ccccc2)c1,,C21712102,99.984596,0,0,0,1,0,0,0,1,0,0
O(C)CCN(CC)C(=O)c1ccc(-c2n[nH]c(-c3ccccc3)c2)cc1,,C22654506,54.602642,0,0,0,1,0,1,0,0,1,0
O=C(NCCc1nc(C)sc1)CCc1oc(-c2ccccc2)cn1,,C24926267,100,0,0,0,1,1,1,1,0,0,0
Brc1c(O[C@H](C)C(=O)NCC=C)ccc(C(OC)=O)c1,,C25456899,100,0,0,0,1,0,0,0,0,0,0
Clc1c([C@H](NC(=O)c2oc(C)cc2)CC(OC(C)C)=O)cccc1,,C31497179,100,0,0,0,1,0,1,0,0,0,0
S(CC(=O)N[C@@H]1[C@@H](C)CCCC1)c1n(CCOC)c(C)c(C)[nH+]1,,C32893976,53.140656,0,0,0,0,0,0,0,0,0,0
S(CC(=O)Nc1cc(C(F)(F)F)ccc1)c1oc(CCC)nn1,,C04943115,99.997841,0,0,0,1,0,1,0,1,0,1
Brc1cc(S(=O)(=O)NCCCOCC)c(Cl)nc1,,C41065780,96.699936,0,0,0,1,1,1,0,0,1,0
O=C(NCCc1scc(-c2ccncc2)n1)COc1ccc(C)cc1,,C41133150,98.455269,0,1,0,1,1,1,1,0,1,0
FC(F)(F)COc1c(CNC(=O)c2ccc(N(C)C)cc2)cccn1,,C46618964,99.980461,0,0,0,0,0,0,0,0,0,0
S(CCNC(=O)c1c(C)n(-c2ncccc2)nc1)Cc1ccccc1,,C46865346,99.979263,0,0,0,1,1,1,1,0,0,0
S(CC(=O)Nc1c(C(C)C)cccc1C(C)C)Cc1nc(C)on1,,C47381849,99.993111,0,0,0,1,0,1,1,0,0,0
Brc1ccc(O[C@H](C)C(=O)N[C@H](C)C(OCC)=O)cc1,,C48730843,100,0,0,0,1,0,1,1,0,1,0
S(=O)(=O)(N(C)C)c1ccc(OCCNc2c(F)ccc(F)c2)cc1,,C54217144,99.997993,0,0,0,1,0,0,0,1,1,0
O=C(NCCC[NH+]1CCOCC1)Cc1coc2cc(C)c(C(C)C)cc12,,C57342591,95.22831,0,0,0,0,0,0,1,1,1,0
S(C[C@H](O)COc1c(C)c(C)ccc1C)c1n(C2CC2)c(C)nn1,,C58013263,99.470787,0,0,0,1,0,1,0,0,0,0
S(c1c(C(=O)NCC(OCC)=O)cccc1)c1c(C#N)cccc1,,C58517511,100,0,0,0,1,0,1,1,1,0,1
FC(F)(F)c1ccc(OC[C@@H](O)CN(C)c2c(C#N)cccn2)cc1,,C59577459,98.914352,0,0,0,1,0,1,0,1,0,0
S(=O)(=O)(CC(=O)NCCCOC)c1c(C)c(C)c(C)c(C)c1C,,C60929059,100,0,0,0,1,1,1,1,0,1,1
O=C(N(Cc1sc(C)cc1)C(C)C)CNC(=O)/C=C/c1occc1,,C57444537,100,0,0,0,1,0,1,1,0,1,0
S(=O)(=O)(NCc1c(OCCC)nccc1)c1cc(F)cc(F)c1,,C63629370,95.124634,0,0,0,1,0,1,1,0,0,1
S(=O)(=O)(N(CCC)CC(F)(F)F)c1c(C)ccc(NC(=O)C)c1,,C63764222,100,0,0,0,1,0,1,0,1,1,1
FC(F)(F)CN(CCC)C(=O)c1ccc(NC(=O)c2occc2)cc1,,C63851253,100,0,0,0,0,0,0,0,0,0,0
O[C@@H](COc1c(CC=C)cccc1)CN1C(=O)[C@@H]2CC=CC[C@@H]2C1=O,,C58017812,100,0,0,0,1,0,1,0,0,1,0
S([C@@H](C)C(=O)N[C@@H](CC(C)C)c1sccc1)c1n(C)cnn1,,C58215257,99.900604,0,0,0,1,0,1,0,1,0,1
O=C(N(CC)C[C@H]1COCC1)/C=C/c1ccc(C(=O)NC2CC2)cc1,,C65541516,100,0,0,0,0,0,0,0,1,0,0
Fc1ccc(Cc2scc(CC(=O)N(CC)CC(=O)NC)n2)cc1,,C65618244,100,0,0,0,1,0,1,1,1,1,1
S(=O)(=O)(N[C@@H](CCC)C(=O)N1CCc2sccc2C1)CCC,,C66104752,93.198341,0,0,0,1,1,1,1,1,1,1
S(=O)(CC(=O)Nc1ccc(C(OC)=O)cc1)Cc1c(C)ccc(C)c1,,C66293768,100,0,0,0,1,0,1,1,1,1,0
O(C)CCCN(C)C(=O)c1c(NC(=O)c2cc(C)ccc2)cccc1,,C66339627,100,0,0,0,1,0,1,0,0,0,1
Fc1cc(NC(=O)/C=C/c2c(C#N)cccc2)c(OCCOC)cc1,,C66432092,100,0,0,0,1,1,1,1,1,0,1
S(=O)(=O)(N(C)C)c1cc(CNc2c(OCC)ccc(F)c2)ccc1,,C66828130,99.998657,0,0,0,1,0,1,0,1,0,0
O=C(N[C@@H](C)c1c(C)oc(C)c1)CCc1c(C)n(CC(C)C)nc1C,,C67077136,99.790398,0,0,0,0,0,1,0,0,1,1
Clc1c(C[NH2+]Cc2cc(OCC3CC3)ncc2)n2C=CSc2n1,,C67123117,60.178658,0,0,0,0,0,0,0,0,0,0
FC(F)(F)COC[C@@H](NC(=O)c1nn(-c2c(F)cccc2)cc1)C,,C67278318,100,0,0,0,1,0,1,1,0,0,0
FC(F)(F)COC[C@H](NC(=O)[C@@H]1ON=C(c2cc(F)ccc2)C1)C,,C67278449,100,0,0,0,1,0,1,1,0,0,0
O(C)CCCN(CC(=O)Nc1sc(C)c(C)n1)C(=O)c1ccccc1,,C04751972,100,0,0,0,1,1,1,1,1,1,1
S(CC(=O)C)c1oc(CNC(=O)c2cc(C(F)(F)F)ccc2)nn1,,C05107563,99.998993,0,0,0,1,0,1,0,1,0,1
Clc1c(C(O[C@@H](C)C(=O)NCC=C)=O)cc(S(=O)(=O)C)cc1,,C07477881,100,0,0,1,1,0,1,0,1,1,1
Fc1ccc(NC(=O)[C@@H](OC(=O)CCN2C(=O)SC=C2C)C)cc1,,C12824101,100,0,1,0,1,1,1,1,1,0,1
ClC(COC(=O)CCCNC1=NS(=O)(=O)c2ccccc12)=C,,C16660846,99.998245,0,0,0,1,0,1,0,1,1,0
O(C)C[C@H](NC(=O)/C(=C/c1c(C)n(Cc2occc2)c(C)c1)/C#N)C,,C24100583,100,0,0,0,0,0,1,0,0,0,0
O(C)C(=O)C[C@@H](NC(=O)COc1ccc(C#N)cc1)c1ccc(C)cc1,,C24490387,100,0,0,0,1,0,1,1,0,0,0
O(C)C(=O)C[C@H](NC(=O)COc1ccc(C#N)cc1)c1ccc(C)cc1,,C24490393,100,0,0,0,1,0,1,1,0,0,0
O=C(N[C@H](C)CCc1occc1)CCN1C(=O)c2ccsc2N=C1,,C25466149,99.839569,0,1,0,1,0,1,1,0,1,0
Brc1c(C)n(C[C@H](C)C(=O)NCCCn2cncc2)nc1C,,C32501810,79.154564,0,0,0,1,0,1,1,1,1,1
FC(F)(F)COc1c(CNC(=O)Cc2c(C)n(C)nc2C)cccn1,,C33108808,99.827942,0,0,0,1,0,1,1,0,0,1
Brc1c(OCC(=O)NCC#N)c(OCC)cc(C=O)c1,,C36824825,100,0,0,0,1,0,1,1,1,1,0
S(=O)(CC(=O)NCc1occc1)Cc1c(C)oc(-c2ccc(C)cc2)n1,,C05058007,100,0,0,0,1,0,1,1,0,1,1
Clc1c(CS(=O)(=O)NCCc2oc(C(C)C)nn2)cccc1,,C41420214,97.867355,0,0,1,1,1,1,1,1,0,1
Brc1c(C(=O)NCC(=O)N(C)CCC(OC)=O)cccc1,,C42265649,100,0,0,0,1,1,1,1,1,1,1
Brc1c(OC)c(C(=O)N(C)C[C@@H](O)COC)cc(OC)c1,,C42502687,100,0,0,1,1,0,1,0,1,0,1
O(/N=C(\C)/c1ccc(NC(=O)C)cc1)CC(=O)N(C)Cc1cscc1,,C42859688,99.998619,0,0,0,1,0,1,1,0,0,0
S(=O)(=O)(CC(=O)NCC(F)(F)F)Cc1noc(-c2sccc2)c1,,C46156090,100,0,0,0,1,1,1,1,0,1,1
S(CCCC(=O)NCc1cnc(-n2ncnc2)cc1)c1ccccc1,,C48279224,99.057549,0,0,0,1,1,1,1,0,1,0
Clc1c(C(=O)NCCCN(S(=O)(=O)C)C(C)C)scn1,,C48914616,100,0,0,0,1,0,1,0,1,1,1
Brc1cc(S(=O)(=O)N(C)CCC#N)c(NCCC)nc1,,C50634756,96.690514,0,0,0,1,0,1,0,1,1,1
S(=O)(=O)(NCCc1sccn1)c1c(F)cc(OC)c(OC)c1,,C51162950,96.452766,0,0,1,1,1,1,1,1,1,1
O=C(N(Cc1oc([C@@H]2[C@@H](C)C2)cc1)C1CC1)CNC(=O)c1cocc1,,C52775396,100,0,0,0,1,0,1,1,0,1,0
OC[C@@H](N(Cc1cscc1)C(=O)c1ncc(C(OC)=O)cc1)CC,,C55119510,99.999245,0,0,0,1,0,1,0,1,1,1
S(CC(=O)N[C@H](CC)c1ccc2OCCOc2c1)Cc1c(C)onc1C,,C55963755,100,0,0,0,1,0,1,1,1,1,1
O=C(Nc1ccc(C(=O)N(CCC)CCC)cc1)c1c[n+]([O-])ccc1,,C58475756,100,0,0,0,0,0,0,0,0,1,0
O=C(NCc1nc(C)sc1)/C=C/c1cc(OC)c(OCC#N)cc1,,C58492764,100,0,0,0,1,0,1,1,0,0,0
S(=O)(=O)(CC(=O)NCCOC)Cc1nc(-c2cscc2)sc1,,C58603259,100,0,1,1,1,1,1,1,0,1,1
Fc1c(CCNC(=O)CN(C)C(=O)[C@@H](C)n2nccc2)c(F)ccc1,,C58940894,98.381226,0,0,0,1,0,1,1,1,1,0
Brc1c(/C=N/NC(=O)CC#N)cc(OCC)c(OCC#C)c1,,C59197512,99.962013,0,0,0,1,0,1,1,1,1,0
S(=O)(=O)(CC(=O)N(CCC)CCC)c1ccc(NC(=O)C)cc1,,C60937204,100,0,0,0,1,0,1,0,1,1,0
S(=O)(=O)(CC)CC(=O)Nc1sc(SCc2sccc2)nn1,,C63097482,99.940575,0,0,0,1,1,1,1,1,1,1
Brc1cc(S(=O)(=O)N(C)[C@@H](C)CC#N)c(NCCC)nc1,,C63098235,96.683678,0,0,0,1,0,1,0,1,1,1
FC(F)(F)c1cc(NC(=O)C(=O)N(C)CCOC)c(OCC)cc1,,C63208431,100,0,0,0,1,1,1,0,1,1,1
Fc1c(OCC)ccc(NC(=O)C(=O)N(CC#C)Cc2occc2)c1,,C63421181,100,0,0,0,1,0,1,1,0,0,1
O=C(NC[C@@H]([NH+]1CCOCC1)[C@@H]1COCC1)c1nc(CC(C)C)sc1,,C63659857,77.631592,0,0,0,1,0,1,1,1,1,1
O=C(NCCc1sccn1)CCc1oc(-c2ccc(C)cc2)nn1,,C50451643,99.997139,0,0,0,1,1,1,1,1,1,0
S(=O)(=O)(C[C@H](O)COc1c(F)cccc1)Cc1c(C)onc1C,,C65519023,100,0,0,0,1,0,1,0,1,0,1
S([C@H](C(C)C)C(=O)N(C)C)c1sc(NC[C@H]2OCCC2)nn1,,C65724676,91.171005,0,0,0,1,0,1,0,0,1,1
O=C(Nc1ccc(C(=O)N(CC=C)CC=C)cc1)[C@H]1CN(C)C(=O)C1,,C65870090,100,0,0,0,0,0,0,0,1,1,0
S(=O)(=O)(CCC)[C@H](C)C(=O)Nc1cc(S(=O)(=O)C(F)F)ccc1,,C66443321,100,0,0,1,1,0,1,0,1,1,1
O[C@H](CN(C[C@H]1OCCC1)Cc1occc1)C[NH+]1C[C@H](C)O[C@@H](C)C1,,C66483835,57.114746,0,0,0,1,0,1,1,1,1,1
S=C1N(C[C@@H](O)COc2ccc(CC#N)cc2)N=C(N(C)C)S1,,C66586567,99.966057,0,0,0,1,0,1,0,1,0,0
S([C@@H](C)CC#N)c1c(NC(=O)c2ncc(C(OC)=O)cc2)cccc1,,C66801728,99.99942,0,0,0,1,0,1,0,1,0,0
Fc1cc(C2(C(=O)N(C)CC(=O)NCCCOC)CCOCC2)ccc1,,C66942886,100,0,0,0,1,1,1,1,0,1,1
FC(F)(F)COC[C@H](NC(=O)CN1C(=O)N(C)c2ccccc12)C,,C67279545,100,0,0,0,1,0,1,1,0,0,1
O=C(NCc1cc(OCC2CC2)ncc1)/C=C/c1c(C)n(C)nc1C,,C67337109,99.873642,0,0,0,0,0,0,0,0,0,0
Fc1ccc(OC[C@@H](O)CN2CC[NH+](Cc3c(C)onc3C)CC2)cc1,,C67410885,64.062805,0,0,0,1,0,1,0,1,0,0
O=C(Nc1c(C)cccc1CC)C(=O)N(C[C@H]1OCCC1)Cc1occc1,,C67422880,100,0,0,0,1,0,1,1,0,0,1
S([C@@H](C)CC#N)c1c(NC(=O)N(C)CC[NH+]2CCOCC2)cccc1,,C67577986,79.233307,0,0,0,1,0,1,0,1,0,1
S(Cc1ccc(C)cc1)c1n(/N=C/c2ccc(OCc3ccccc3)cc2)cnn1,,C01780626,99.909279,0,0,0,1,0,0,0,0,0,0
S(Cc1c(C(F)(F)F)cccc1)c1n(CC=C)c(-c2ccc(OC)cc2)nn1,,C04356763,99.818375,0,0,0,0,0,0,0,0,0,0
S=C1N(CC)C(=O)/C(=C\c2cc(OCCCOc3c(C)cccc3)ccc2)/S1,,C04755100,100,0,0,0,1,1,1,0,0,1,0
S=C1N(C)C(=O)/C(=C\c2ccc(OCCCOc3ccc(CC)cc3)cc2)/S1,,C02873992,100,0,0,0,1,0,1,0,0,0,0
Clc1c(OC(=O)C=C)ccc(C(C)(C)c2c(Cl)cc(OC(=O)C=C)cc2)c1,,C01669475,100,0,0,0,0,0,0,0,0,0,0
Clc1c(C[C@H](Cc2occc2)[C@@H](C(C)C)c2n(C(C)(C)C)nnn2)cccc1,,C01350620,99.999786,0,0,0,1,0,1,0,0,0,0
Clc1cc(/C=C/c2nc3c(OC(=O)CC)cccc3cc2)c(OC(=O)CC)cc1,,C05013664,99.25676,0,0,0,0,0,0,0,0,0,1
S=C1N(C)C(=O)/C(=C\c2c(OCCOc3c(CC=C)cccc3)cccc2)/S1,,C05102384,100,0,0,0,1,0,1,0,0,0,0
S(Cc1ccc(C)cc1)c1n(Cc2occc2)c(COc2ccc(C)cc2)nn1,,C05477835,99.910461,0,0,0,1,0,0,0,0,0,0
S(Cc1ccc(F)cc1)c1n(Cc2occc2)c(COc2ccc(C)cc2)nn1,,C05477839,99.911957,0,0,0,1,0,0,0,0,0,0
S=C1N(C)C(=O)/C(=C\c2c(OCCCOc3ccc([C@H](C)CC)cc3)cccc2)/S1,,C02882441,100,0,0,0,1,0,1,0,0,0,0
Clc1ccc(-c2scc(CO/N=C/c3cc(OC)c(OCC)cc3)n2)cc1,,C06948118,99.999702,0,0,0,1,0,0,0,0,0,0
S(=O)(=O)(N(CCC)CCC)c1cc(-c2nc(-c3ccccc3)sc2)ccc1,,C07262254,100,0,0,0,1,1,0,0,0,0,0
O(CC)c1c(OCCCCn2c(Cc3sccc3)nc3ccccc23)cccc1,,C08787107,67.78801,0,0,0,1,0,0,0,0,0,0
Brc1c(OCC(=O)Oc2ccc(C(OC(C)C)=O)cc2)ccc(C)c1,,C09267218,100,0,0,0,1,0,1,0,0,0,0
Clc1cc(/C=C\2/C(=O)N(CC)C(=S)S/2)c(OCCCOc2ccc(CC)cc2)cc1,,C09553715,100,0,0,0,1,0,1,0,0,0,0
S(CCC(=O)N(Cc1occc1)c1sc2cccc(CC)c2n1)c1ccc(C)cc1,,C10527624,100,0,0,0,1,1,0,0,0,0,1
S(CC(=O)C)c1n(c(-c2ccc(C(C)(C)C)cc2)nn1)-c1ccc(OCC)cc1,,C12553493,99.954826,0,0,0,0,0,0,0,0,0,0
Brc1c(OC/C(/OCC)=C\C(OCC)=O)c(Br)ccc1,,C16932691,100,0,0,0,1,0,1,0,0,0,1
FC(F)(F)c1ccc(/C=C/2\C(=O)N(CC(=O)N(CC)CCCC)c3ccccc3S\2)cc1,,C20181552,100,0,0,0,0,0,0,0,0,0,0
S([C@@H](C(=O)c1ccc(C)cc1)c1ccc(C)cc1)c1n(CC=C)c(C2CC2)nn1,,C20972574,99.647263,0,0,0,1,0,1,0,0,0,0
Clc1c(OCc2n(C)c(SCCOc3cc(Cl)ccc3)nn2)cccc1,,C22528743,99.88839,0,0,0,1,1,1,0,0,0,0
S(Cc1ccccc1)c1n(c(COc2c(CC=C)cccc2)nn1)-c1ccccc1,,C27532713,99.741066,0,0,0,0,0,0,0,0,0,0
Clc1c(OCCN(C)C(=O)CCc2oc(-c3cc(C)c(C)cc3)cn2)cccc1,,C29193038,100,0,0,0,1,0,1,0,0,0,1
S(Cc1onc(-c2cc(C(F)(F)F)ccc2)n1)Cc1ccc(C(OC)=O)cc1,,C32905789,99.997406,0,0,0,0,0,0,0,0,0,0
O=C(N(Cc1sc(C)cc1)Cc1ccccc1)CN(CC=C)C(=O)Cc1sccc1,,C33580608,100,0,0,0,1,0,1,0,0,0,1
O=C(N(CCC)[C@H](CC)C=1N(c2cc(C)ccc2)C(=O)c2ccccc2N=1)CCC,,C35067894,99.130302,0,0,0,1,0,1,0,0,0,1
O=C(N(CCCC)[C@@H](CC)C=1N(c2cc(C)ccc2)C(=O)c2ccccc2N=1)CC,,C35067944,99.130371,0,0,0,0,0,1,0,0,0,1
O=C(N(CCCC)[C@H](CC)C=1N(c2cc(C)ccc2)C(=O)c2ccccc2N=1)CC,,C35067946,99.130371,0,0,0,1,0,1,0,0,0,1
O=C(N(CC)[C@H](C)C=1N(c2c(CC)cccc2)C(=O)c2ccccc2N=1)CCCC,,C35091773,99.126137,0,0,0,1,0,1,0,0,0,1
Clc1ccc(-n2c(C(=O)N(CCC)CCC)cc(-c3cc(OC)ccc3)n2)cc1,,C35251891,100,0,0,0,0,0,0,0,0,0,0
O=C(N(Cc1sccc1)Cc1ccccc1)CN(CC(C)C)C(=O)Cc1ccccc1,,C35394197,100,0,0,0,0,0,1,0,0,0,1
FC(F)(F)c1c([C@@H]2C(C(OCC=C)=O)=C(C)N(Cc3c(F)cccc3)C(=O)C2)cccc1,,C35833684,100,0,0,0,0,0,0,0,0,0,0
FC(F)(F)c1ccc(Cn2c(CN(CC(C)C)C(=O)c3ccc(F)cc3)ncc2)cc1,,C35981292,74.704208,0,0,0,0,0,1,0,0,0,1
O=C(N(CC(C)C)Cc1nc(COc2cc(C)c(C)cc2)sc1)c1ccccc1,,C36106869,100,0,0,0,1,0,1,0,0,1,1
Fc1ccc(Oc2n(-c3cc(C)ccc3)nc(C)c2CCC(=O)N(CC)CC)cc1,,C37547077,99.937042,0,0,0,0,0,1,0,0,0,0
Brc1c(OCCOCCOc2cccc3ccc(C)nc23)cccc1,,C12513915,99.722084,0,0,0,1,1,1,0,0,0,1
O(CCC)c1cc([C@@H]2N(CCCCC)C(=O)C=3Oc4ccccc4C(=O)C2=3)ccc1,,C38609090,100,0,0,0,1,0,0,0,0,0,0
S=C1N(C[C@@H](CC)CCCC)C(=O)/C(=C/c2oc(N3CCCCC3)cc2)/S1,,C38704537,100,0,0,0,1,0,1,0,0,0,0
S=C1N(CCCC)C(=O)/C(=C\c2cc(OCC)c(OCc3ccc(C)cc3)cc2)/S1,,C40005964,100,0,0,0,1,0,0,0,1,0,0
O(CCCCC)c1cc([C@@H]2N(CC=C)C(=O)C=3Oc4ccccc4C(=O)C2=3)ccc1,,C40031181,100,0,0,0,1,0,1,0,0,0,1
O=C(N(C)[C@H](CC)C=1N(c2ccc(C)cc2)C(=O)c2ccccc2N=1)CCCCC,,C40360442,99.132317,0,0,0,1,0,1,0,0,0,1
S=C1N(CCCC(OCCC)=O)C(=O)/C(=C\c2ccc(C(C)(C)C)cc2)/S1,,C40938990,100,0,0,0,0,0,0,0,0,0,0
O=C(N(CC)CCN1[C@@H](c2ccc(C(C)(C)C)cc2)S[C@H](C)C1=O)CC(C)C,,C50273521,100,0,0,0,0,0,1,0,0,0,0
S(=O)(=O)(N(Cc1n(Cc2cc(C)ccc2)ccc1)C(C)C)/C=C/c1ccccc1,,C04572530,100,0,0,0,1,0,1,0,0,0,0
Clc1cc(Cn2c(CN(S(=O)(=O)c3ccccc3)[C@@H](C)CC)ccc2)ccc1,,C04586804,100,0,0,0,1,0,0,0,0,0,0
Brc1c(OC(=O)CCSc2c(F)cccc2)c(OCC)cc(C#N)c1,,C58304328,100,0,0,0,1,0,1,0,0,0,0
O(CC)c1c(OCC)ccc([C@@H]2[C@H](C)[C@H](CC)c3cc(OCC)c(OCC)cc23)c1,,C66323811,100,0,0,0,1,0,0,0,0,0,0
O(CC)c1c(OCC)ccc([C@H]2[C@H](C)[C@H](CC)c3cc(OCC)c(OCC)cc23)c1,,C66323813,100,0,0,0,1,0,0,0,0,0,0
S(Cc1cc(F)cc(F)c1)C=1N(CCCOC(C)C)C(=O)c2ccccc2N=1,,C67259124,96.398087,0,0,0,1,0,1,0,0,0,0
O=C(N(CC[C@]1(CCC(C)C)CC(C)(C)OCC1)Cc1occc1)C,,C02108521,100,0,0,0,1,0,0,0,0,1,0
S=C1N(CCCC(OC)=O)C(=O)/C(=C/C(/C)=C/c2ccccc2)/S1,,C05370971,100,0,0,0,1,0,1,0,1,1,1
S(=O)(=O)(CCC)N1C(SCc2ccc(C(F)(F)F)cc2)=[NH+]CC1,,C02711681,58.607883,0,0,0,1,0,1,0,1,1,0
S(CCOc1c(C)cccc1)c1n(C[C@@H]2OCCC2)c(C)c(C)[nH+]1,,C12520235,58.121147,0,0,0,1,0,1,0,0,0,0
S(CCCC(=O)c1ccc(F)cc1)c1c(C#N)cc(C(=O)C)c(C)n1,,C13023361,99.895996,0,0,0,0,0,0,0,0,0,0
Clc1c(Cn2c(CN(CC(C)C)C(=O)C3CC3)ncc2)c(F)ccc1,,C06689109,76.251968,0,0,0,1,0,1,0,0,0,1
Clc1c(Cn2c(CN(CC(C)C)C(=O)C(C)C)ncc2)c(F)ccc1,,C06689211,76.200256,0,0,0,1,0,1,0,0,0,1
S(=O)(Cc1oc(C(=O)N(CC)CCCC)cc1)c1c(C)cccc1,,C06895370,100,0,0,0,1,0,1,0,0,0,0
O=C(N(CC=C)Cc1nc(COc2ccc(C)cc2)sc1)C(C)C,,C36114759,100,0,0,0,1,0,1,0,0,1,1
Brc1cn(C(C)C)c(C(=O)N(CCOC)CC(C)C)c1,,C37845193,100,0,0,0,1,0,1,0,0,0,1
Brc1ccc(CC(=O)N(CCC)CC(OCC)=O)cc1,,C38020748,100,0,0,0,1,0,1,0,0,1,1
Brc1cc(C)c(SCC(=O)N(CC)CCC(OC)=O)cc1,,C38024236,100,0,0,0,1,1,1,0,1,1,0
BrCc1c(OCCS(=O)(=O)CC)cc(OCCC)cc1,,C38085865,100,0,0,1,1,1,1,0,1,1,1
S=C1N(CCCCCC(OC)=O)C(=O)/C(=C\c2c(C)ccs2)/S1,,C40928016,100,0,0,0,1,0,1,0,1,1,1
O(CC)c1c(CCC([O-])=C(C#N)c2sc3ccccc3n2)cccc1,,C41502970,51.628891,0,0,0,1,1,1,0,0,0,0
O=C(CCCOc1ccccc1)[C@H](C#N)c1scc(-c2ccccc2)n1,,C41536259,64.97937,0,0,0,1,1,1,0,0,0,1
Brc1sc(CN(CC)Cc2onc(CCC)n2)cc1,,C42628183,80.102234,0,0,0,1,1,1,0,0,1,0
Brc1sc(CCCC(=O)N(C)CC(OCC)=O)cc1,,C42694042,100,0,0,0,1,1,1,0,0,1,1
S(=O)(=O)(N(CCOC)Cc1cscc1)c1c(C)cc(C)c(C)c1,,C44446961,100,0,0,0,1,0,1,0,0,1,1
Brc1c(S(=O)(=O)N(CCOC)[C@@H](C)C2CC2)scc1,,C48445374,100,0,0,0,1,0,1,0,0,0,1
Fc1c(OCC(=O)N(Cc2n(C)ccc2)Cc2sccc2)cccc1,,C49409876,100,0,0,0,1,0,1,0,0,0,0
S(CCC#N)C=1N(CCCCC)C(=O)c2c(sc3CCCc23)N=1,,C49536602,99.425903,0,0,0,0,0,0,0,0,0,0
[S-]c1[n+](CN(C)[C@H](C)c2sc(C)cc2)ncn1CCc1sccc1,,C54550275,96.26339,0,0,0,1,1,1,0,0,1,1
[NH+](Cc1c(C)n(CCC)nc1)(Cc1ccc(C)cc1)Cc1ccncc1,,C13989356,96.888824,0,0,0,0,0,0,0,0,0,0
Fc1cc(C[NH+](C[C@H]2OCCC2)Cc2c(C)n(CCC)nc2)ccc1,,C13994027,97.415169,0,0,0,1,0,1,1,0,0,0
Clc1c(CS(=O)(=O)CC(=O)N(CCC)CCC)ccc(F)c1,,C58594968,100,0,0,0,1,0,1,0,0,0,1
FC(F)(F)CN(CCC)C(=O)Cc1nc(-c2oc(C)cc2)sc1,,C59252744,100,0,0,0,0,0,1,0,0,0,1
S(CCC(=O)N(CC)CC)C=1S/C(=C\c2ccccc2)/C(=O)N=1,,C05979186,99.999611,0,0,0,0,0,1,0,0,0,0
S(CC(OCC)=O)CC(=O)c1c(C)n(c(C)c1)-c1cc(C)ccc1,,C59270985,100,0,0,0,1,0,1,0,0,1,1
Fc1c(COc2c(CC=C)cc(/C=C(\C(=O)N(C)C)/C#N)cc2)cccc1,,C59334758,100,0,0,0,0,0,1,0,0,0,0
FC(F)(F)CN(C(=O)CCOc1cc(C)cc(C)c1)c1scc(C)n1,,C59934990,100,0,0,0,1,0,1,0,0,0,0
Clc1c(Cl)ccc(CN(C)C(=O)CN(CC)C[C@H](C)C#N)c1,,C60038277,83.395653,0,0,0,1,1,1,0,1,1,1
Clc1c(S(=O)(=O)N(CCOC)CC(F)(F)F)ccc(C)c1,,C60186808,100,0,0,0,1,0,1,0,0,1,1
Clc1cc(Cl)cc(C(=O)N(CC(F)(F)F)CC(OCC)=O)c1,,C60191715,100,0,0,0,1,0,1,0,0,0,0
O(Cc1scc(C[NH+](C)Cc2cc(C#N)ccc2)n1)c1ccccc1,,C60467922,95.780167,0,0,0,1,1,1,0,1,0,0
O=C(N(C)Cc1c(C)ccs1)CCC(=O)c1ccc(OCC)cc1,,C47531907,100,0,0,0,1,0,1,0,0,1,0
S(CC(=O)Oc1cc(C(=O)C)ccc1)c1ncc(C(F)(F)F)cc1,,C60538820,99.946472,0,0,0,1,0,1,0,0,0,0
S(=O)(=O)(N(CCC(C)C)CCC#N)c1cc(C(F)(F)F)ccc1,,C60552340,100,0,0,0,1,0,1,0,0,1,1
S(CC)C=1SC(=S)N(CN(Cc2ccc(C#N)cc2)C(C)C)N=1,,C63729665,93.015411,0,0,0,1,0,1,0,0,0,1
Fc1ccc(-c2c(C[NH+](CCOC)Cc3cscc3)c[nH]n2)cc1,,C63871879,50.378498,0,0,0,1,0,0,1,1,0,0
Fc1c(C(=O)CCC(=O)N(Cc2oc(C)cc2)C(C)C)ccc(F)c1,,C64833334,100,0,0,0,1,0,1,0,0,1,0
Clc1cc(OCCCN(C)C(=O)CSCc2ccncc2)ccc1,,C65730303,99.337746,0,0,0,1,1,1,0,0,1,0
S(CCC(=O)N(C)Cc1n(CC)c2ccccc2n1)c1c(F)cccc1,,C65758431,79.087654,0,0,0,1,1,1,0,0,0,0
S(=O)(=O)(C)C[C@@H](N(C)C(=O)C[C@@H](C)c1ccc(C(F)(F)F)cc1)C,,C66368732,100,0,0,0,1,1,1,0,1,1,1
O=S1(=O)C[C@H]([NH+](CCCOc2cccc3ccccc23)CC=C)CC1,,C66559751,51.262569,0,0,0,1,1,1,1,1,1,1
Brc1sc(CN(C)Cc2c(C(OCC)=O)cco2)cc1,,C66696148,58.442299,0,0,0,0,0,1,0,0,1,1
FC(F)(F)c1ccc(C(=O)N(C)CCCC(OC(C)(C)C)=O)cc1,,C66777357,100,0,0,0,0,0,1,0,0,0,1
FC(F)(F)Oc1ccc(CC(=O)N(C)Cc2sc(CC)nc2)cc1,,C67213353,100,0,0,0,0,0,1,0,0,1,0
O=C(N(C)Cc1sc(CC)nc1)CCCCOc1cc(C)ccc1,,C67214236,100,0,0,0,1,1,1,0,0,1,1
Clc1c(-c2scc(CS(=O)(=O)CCCCC#N)n2)cccc1,,C67224862,100,0,0,0,1,1,1,0,1,1,1
S(Cc1ccc(C(F)(F)F)cc1)c1n(CC=C)c(-c2ccc(F)cc2)nn1,,C04145930,99.869278,0,0,0,0,0,0,0,0,0,0
S(CC(Sc1oc2ccccc2n1)=O)C(F)(F)C(F)(F)C(F)(F)F,,C01799258,100,0,0,0,1,0,1,0,0,0,0
Clc1c(Cn2c(CN(CCCC)C(=O)c3c(Cl)cccc3)ccc2)cccc1,,C04732875,100,0,0,0,0,0,0,0,0,0,0
O(CC(=O)N(CC)c1cccc2ccccc12)C(=O)Cc1cccc2ccccc12,,C03237157,100,0,0,0,1,1,1,0,0,0,0
O=C1N(Cc2cccc3ccccc23)/C(=N/N=C/c2ccccc2)/S[C@@H]1CCCC,,C04889266,99.549385,0,0,0,0,0,1,0,0,0,1
S(C[C@@H]1N=C(c2n(Cc3c(F)cccc3)ccc2)OC1)Cc1c(C)cccc1,,C04970802,70.206078,0,0,0,0,0,0,0,0,0,0
O=C(N(CCCCC)Cc1n(Cc2cc(C)ccc2)ccc1)Cc1sccc1,,C05073624,100,0,0,0,0,0,0,0,0,0,0
Clc1c(CN(C[C@H]2ON=C(c3ccc(C)cc3)C2)C(=O)CC(C)(C)C)cccc1,,C06695006,99.999817,0,0,0,0,0,1,0,0,0,0
O=C(N(CC=C)c1ccccc1)[C@@H]1[C@H](N(CC(C)C)C(=O)c2ccccc12)c1sccc1,,C09433153,100,0,0,0,1,0,0,0,0,0,1
Clc1c(CN2C(=O)C=CC(C(=O)N(CCCC)c3ccccc3)=C2)c(F)ccc1,,C09548246,100,0,0,0,0,0,0,0,0,0,0
Brc1ccc(C(=O)CCCSc2oc(-c3cc(C)c(C)cc3)nn2)cc1,,C10845603,99.997475,0,0,0,0,0,1,0,0,1,0
O=C(N(CCCC)c1ccccc1)C1=CN(Cc2cccc3ccccc23)C(=O)C=C1,,C12493454,100,0,0,0,0,0,0,0,0,0,0
S(Cc1ccccc1)c1n(c(COc2c(F)cccc2)nn1)-c1ccccc1,,C06128979,99.753342,0,0,0,0,0,0,0,0,0,0
S(=O)(=O)(Cc1cc(F)ccc1)c1n(CCC)c(c(-c2ccccc2)n1)-c1ccccc1,,C06181461,99.99028,0,0,0,1,0,1,0,0,0,1
FC(F)(F)c1c(-c2ccnc3n([C@@H](C)CCC)c(CC)nc23)ccc(OC)c1,,C13479607,89.115295,0,0,0,0,0,0,0,0,0,1
Brc1ccc(-c2n(CC=C)c(SCc3cc(OC)ccc3)nn2)cc1,,C14081360,99.854836,0,0,0,0,0,0,0,0,0,0
S(=O)(=O)(N(Cc1ccccc1)[C@@H](C)Cc1sccc1)c1cc(C#N)ccc1,,C16091513,100,0,0,0,0,0,1,0,0,1,0
O(Cc1nc(-c2ccccc2)sc1)C(=O)Cc1nc(-c2sccc2)sc1,,C17935207,100,0,0,0,1,1,1,0,0,0,1
S(C(c1ccccc1)c1ccccc1)c1oc(COc2c(C)ccc(C)c2)nn1,,C20897788,99.999107,0,0,0,1,0,1,0,0,0,0
FC(F)(F)C1(C(F)(F)F)N=C(CC(C)C)N(Cc2ccccc2)C(c2ccccc2)=N1,,C21032234,99.811188,0,0,0,0,0,0,0,0,0,0
Clc1sc(CC(=O)/N=C\2/N(CCOCC)c3ccc(SC)cc3S/2)cc1,,C10061359,97.785339,0,0,0,1,0,1,0,0,1,1
Brc1ccc(C(=O)CCCSc2oc(-c3c(C)cccc3)nn2)cc1,,C23952125,99.997437,0,0,0,1,0,1,0,0,1,0
Clc1c(OCc2n(C)c(SC(c3ccccc3)c3ccccc3)nn2)cccc1,,C25893357,99.892059,0,0,0,0,0,1,0,0,0,0
ClC1=CN2[C@H](CC(=O)N(CCC)CCC)C(=C3C=C[C-](Cl)C=C3)[NH+]=C2C=C1,,C27435427,99.990143,0,0,0,0,0,0,0,0,0,0
Clc1ccc(SCCOc2ccc(/C=C\3/C(=O)N(CC)C(=S)S/3)cc2)cc1,,C27527891,100,0,0,0,1,0,0,0,0,0,0
O([C@H](C(=O)c1ccccc1)c1ccccc1)C(=O)c1c(C)nc(-c2ccccc2)s1,,C27529356,100,0,0,0,0,0,0,0,0,0,0
Clc1c(C[C@@]2(CCN(Cc3sccc3)C(=O)C)CC(C)(C)OCC2)cccc1,,C27666567,100,0,0,0,1,0,1,0,0,0,1
O=C(N(C(C)C)C(C)C)Cn1c(C(c2ccccc2)c2ccccc2)nc2ccccc12,,C27695491,77.88279,0,0,0,0,0,0,0,0,0,0
S(Cc1c(F)cccc1)c1n(c(COc2ccc(C)cc2)nn1)-c1ccccc1,,C28402069,99.756645,0,0,0,0,0,1,0,0,0,0
Clc1cc(OCc2n(CC)c(SCc3ccc(Cl)cc3)nn2)ccc1,,C32611895,99.871307,0,0,0,0,0,1,0,0,1,0
FC(F)(F)c1cc(COc2ccc(-c3scc(C(=O)N(C)C(C)C)n3)cc2)ccc1,,C34717221,100,0,0,0,0,0,1,0,0,0,0
Brc1ccc(C(=O)N(CC[NH+]2CCOCC2)C/C(/C)=C/c2ccccc2)cc1,,C34934807,78.963028,0,0,0,0,0,0,1,0,0,0
Fc1c(CN(C[C@H]2ON=C(c3c(F)cccc3)C2)C(=O)[C@@H]2[C@H](c3ccccc3)C2)cccc1,,C35496183,99.999847,0,0,0,1,0,1,0,0,0,0
S(Cc1cc(C(F)(F)F)ccc1)c1n(C[C@H]2OCCC2)c(-c2ccc(F)cc2)nn1,,C36209780,99.878464,0,0,0,1,0,0,0,0,0,0
Clc1c(CN(C[C@H]2ON=C(c3c(Cl)cccc3)C2)C(=O)CC(C)(C)C)cccc1,,C37440537,99.999817,0,0,0,0,0,1,0,0,0,0
O=C(O[C@@]1(C(=O)C)[C@@]2(C)CC[C@@H]3[C@@]4(C)CCC(=O)C=C4CC[C@@H]3[C@H]2CC1)CCCCC,,C03977956,100,0,0,0,1,0,0,0,0,0,1
S([C@H](C)C(OCC)=O)c1c(C#N)c(C(F)F)c2C[C@@H](C(C)(C)C)CCc2n1,,C39323984,99.889519,0,0,0,1,0,1,0,0,0,0
O(C(C)C)c1c(/C=C\2/C(=O)/C(=C/c3c(OC(C)C)cccc3)/C[NH+](CC)C/2)cccc1,,C39326797,88.065727,0,0,0,1,0,1,0,0,0,0
Brc1ccc(C(=O)CSc2n(CC=C)c(-c3cc(C)c(C)cc3)nn2)cc1,,C39767098,99.898026,0,0,0,0,0,0,0,0,0,0
N(=C/c1oc(C)cc1)\c1ccc(CCc2ccc(/N=C/c3oc(C)cc3)cc2)cc1,,C03245630,98.639458,0,0,0,0,0,0,0,0,0,0
Clc1cc(-c2n(CC(=O)N(CC(C)C)CC(C)C)c3ccccc3n2)ccc1,,C40250497,70.05571,0,0,0,0,0,0,0,0,0,1
Clc1c(-c2n(CCOc3c(OCC)cccc3)c3ccccc3n2)cccc1,,C40250547,66.492065,0,0,0,0,0,0,0,0,0,1
Clc1ccc2nc([C@@H](Sc3ccccc3)c3ccccc3)n(CCOC)c2c1,,C40404720,78.051559,0,0,0,0,0,0,0,0,0,0
O=C(O[C@@H]1[C@]2(C)CC[C@@H]3[C@]4(C)CCC(=O)C=C4C(=O)C[C@@H]3[C@@H]2CC1)CCCCCC,,C43772710,100,0,0,0,1,0,1,0,0,0,1
Clc1c(/C=C/C(=O)N(Cc2oc([C@H]3[C@H](C)C3)cc2)Cc2occc2)ccc(Cl)c1,,C47132159,100,0,0,0,0,0,0,0,0,0,0
Clc1cc(Cn2c(CN([C@@H](C)C(C)C)C(=O)c3c(C)cccc3)ccc2)ccc1,,C04796047,100,0,0,0,0,0,0,0,0,0,0
Clc1c(Cl)ccc(C(=O)N(Cc2n(Cc3ccccc3)ccc2)[C@@H](C)C(C)C)c1,,C35315229,100,0,0,0,0,0,0,0,0,0,0
S(=O)(=O)(C(F)(F)F)c1ccc(C(=O)N(Cc2sccc2)Cc2sccc2)cc1,,C24469690,100,0,0,0,1,0,0,0,1,1,0
Clc1ccc(-c2nc(S[C@H](C)C(OCC)=O)nc(C(F)(F)F)c2)cc1,,C05870073,99.996849,0,0,0,0,0,1,0,0,0,1
Brc1ccc(CSc2n(C)c([C@H](Oc3ccc(CC)cc3)C)nn2)cc1,,C13871199,99.867081,0,0,0,0,0,1,0,0,0,0
S(CCOc1ccccc1)C=1N(CC=C)C(=O)c2c(C)c(C)sc2N=1,,C01895411,99.419235,0,0,0,0,0,1,0,0,0,1
O=C/1N(c2ccccc2)C(N(CCC)CCC)=N\C\1=C/c1ccccc1,,C04664716,59.360966,0,0,0,0,0,0,0,0,0,0
Clc1c(Cn2c(CN([C@@H](C)CC)C(=O)c3occc3)ccc2)cccc1,,C04805919,100,0,0,0,0,0,0,0,0,0,0
S(C[C@@H]1N=C(c2n(Cc3c(F)cccc3)ccc2)OC1)Cc1ccccc1,,C04970489,70.203323,0,0,0,0,0,0,0,0,0,0
O=C(CC(C)C)N1C2(SCC1)CCN(C(=O)[C@@H](CC)CCCC)CC2,,C05095752,100,0,0,0,1,0,1,0,0,0,1
ClC1=C([C@@H](OC(=O)C(F)(F)F)CCCC)C(=O)CC(C)(C)C1,,C05246373,100,0,0,0,0,0,1,0,0,0,1
S(=O)(=O)(N(C)Cc1ccc(OCC=C)cc1)c1c(C)ccc(C)c1,,C07246402,100,0,0,0,1,1,1,0,0,0,0
O(C)CCN(Cc1sccc1)C(=O)c1c(C)nc(-c2ccccc2)s1,,C12998758,100,0,0,0,1,0,1,0,0,0,0
S(Cc1n(c([S-])[nH+]n1)-c1c(OCC)cccc1)Cc1c(C)cccc1,,C06393959,99.433655,0,0,0,1,0,1,1,0,0,0
S(Cc1c(C)ccc(C)c1)C=1N(CCCOC)C(=O)c2ccccc2N=1,,C13290514,96.193924,0,0,0,1,0,1,0,0,0,0
FC(F)(F)c1cc(C(F)(F)F)cc(C(=O)C(C(OC)=O)=C(NC)C)c1,,C04338267,99.998932,0,0,0,1,0,1,0,0,0,1
S([C@H](C)C(=O)N(CC=C)Cc1sccc1)c1c(C#N)c(C)cc(C)n1,,C22361105,99.568398,0,0,0,1,0,1,0,0,0,1
Clc1c(-c2nc(SCC=C)c(C(OCC)=O)c(C)n2)cccc1,,C34763991,99.948013,0,0,0,1,0,1,0,0,0,0
Fc1c(C(=O)N(CC[NH+]2CCOCC2)C/C=C/c2ccccc2)cccc1,,C34935309,77.971855,0,0,0,0,0,0,1,0,1,0
Fc1c(C(=O)N(CC=C)Cc2n(Cc3c(C)cccc3)ccc2)cccc1,,C35306604,100,0,0,0,0,0,0,0,0,0,0
Fc1c(CN(C[C@@H]2ON=C(c3c(F)cccc3)C2)C(=O)CCC)cccc1,,C35496119,99.999847,0,0,0,1,0,1,0,0,0,0
S(CC(=O)c1ccccc1)c1n(CC=C)c(-c2c(F)cccc2)nn1,,C35523855,99.930496,0,0,0,0,0,0,0,0,0,0
Fc1ccc(Cn2c(CN(CC(C)C)C(=O)c3sccc3)ncc2)cc1,,C06723753,74.549454,0,0,0,1,0,1,0,0,0,1
O=C(N(CC[C@]1(c2ccccc2)C[C@](C)(CC)OCC1)Cc1occc1)C,,C01130541,100,0,0,0,0,0,1,0,0,0,0
Clc1c(OCC(=O)c2c(C)n([C@H](C)COC)c(C)c2)ccc(F)c1,,C39995065,100,0,0,0,1,0,1,0,0,0,0
Brc1sc(/C=C/C(=O)N(CC(OCC)=O)C2CC2)cc1,,C42306507,100,0,0,0,1,0,1,0,0,1,1
S(Cc1ccc(F)cc1)c1n(CCOC)c(-c2ccc(C)cc2)c[nH+]1,,C44085908,98.320755,0,0,0,0,0,0,0,0,0,0
BrCc1cc(OCC)c(OCCOCC(F)(F)F)cc1,,C49311396,100,0,0,0,1,0,1,0,0,0,0
Brc1cc(OCCOCCc2c(C)ncs2)ccc1,,C49600941,100,0,0,0,1,0,1,0,0,1,1
Fc1c(C(=O)N(CC=C)Cc2n(Cc3cc(C)ccc3)ccc2)cccc1,,C04590826,100,0,0,0,0,0,0,0,0,0,0
ClCC(C)(C)C(=O)N(CC=C)Cc1n(Cc2cc(F)ccc2)ccc1,,C04515405,100,0,0,0,0,0,0,0,0,0,0
FC(F)(F)c1ncc(C[NH+](CCOC)C/C=C/c2ccccc2)cc1,,C55415005,92.277634,0,0,0,1,1,0,1,0,0,0
FC(F)Oc1c(OCC)cc(/C=C(\C#N)/C(=O)c2cc(C)ccc2)cc1,,C07210956,100,0,0,0,1,0,0,0,0,0,0
N(Cc1n(CC)c2ccccc2n1)(Cc1ccc(C)cc1)Cc1ccncc1,,C13989316,38.639706,0,0,0,0,0,1,0,0,0,0
[NH+](Cc1n(-c2nccc(C)c2)ccc1)(Cc1ccncc1)Cc1ccccc1,,C57797070,85.527252,0,0,0,1,0,0,0,0,0,0
S(=O)(=O)(Cc1nc(CCC)sc1)Cc1ccc(C(C)(C)C)cc1,,C58619642,100,0,0,0,1,0,1,0,0,0,0
Clc1c(CN(CC)C(=O)CCc2oc([C@@H]3[C@@H](C)C3)cc2)cccc1,,C58700052,100,0,0,0,0,0,0,0,0,0,0
S(CCCOC)C=1N(CC=C)C(=O)c2c(sc3C[C@@H](C)CCc23)N=1,,C59121194,99.362457,0,0,0,0,0,0,0,0,0,1
BrC(CSC=1N(CCCOC)C(=O)c2ccccc2N=1)=C,,C59926912,96.406563,0,0,0,1,0,1,0,1,1,1
O=C(CC(C)(C)C)/C(=C/c1ccc(OCc2nc(C)sc2)cc1)/C#N,,C60452891,100,0,0,0,1,0,1,0,0,1,0
O=C(Oc1c(OCC)cccc1)Cc1nc(-c2cscc2)sc1,,C61432160,100,0,0,0,1,0,1,0,0,0,1
Clc1sc(CN(CC=C)[C@@H](C)c2oc(-c3ccccc3)nn2)cc1,,C61758834,68.205139,0,0,0,0,0,1,0,0,0,0
O=C(N(CC=C)Cc1ccccc1)C=1C(=O)N(Cc2cc(C)ccc2)C=CC=1,,C63824967,100,0,0,0,0,0,1,0,0,0,0
Clc1c(CCC(=O)N(Cc2ccc(C(C)C)cc2)C2CC2)c(C)no1,,C64370422,100,0,0,0,1,0,1,0,0,1,0
S(CCOc1c(C)cccc1)Cc1nc(-c2cn(C)nc2)sc1,,C64612147,99.983833,0,0,0,1,0,1,0,0,0,0
S(=O)(Cc1c(C)cccc1)Cc1nc(COc2ccc(F)cc2)sc1,,C64812477,100,0,0,0,1,1,1,0,0,1,0
Clc1sc(CS(=O)Cc2nc(COc3ccccc3)sc2)cc1,,C64840055,100,0,0,0,1,1,1,0,0,1,1
Clc1sc(CS(=O)(=O)Cc2nc(CCC(C)C)sc2)cc1,,C65040032,100,0,0,0,1,0,1,0,0,1,1
FC(F)(F)CN(CC=C)C(=O)COc1ccc(C2SCCCS2)cc1,,C66292113,100,0,0,0,1,0,1,0,0,0,0
Clc1c(C(OC)=O)c(OC(=O)[C@@H](C)CSC)c(Cl)cc1Cl,,C66757940,100,0,0,0,1,0,0,0,0,0,1
S(C)C[C@@H](C)C(=O)N(CC(F)(F)F)Cc1ccc(N(C)C)cc1,,C66772898,100,0,0,0,0,0,0,0,0,0,0
Fc1ccc([C@@H]([NH+](C)Cc2c(OC(C)C)cccc2)c2ncccn2)cc1,,C66880860,55.396366,0,0,0,1,0,0,1,0,0,0
S(C(F)F)c1ccc(C[NH+](C)[C@@H](c2ncccn2)c2ccc(F)cc2)cc1,,C66881056,69.293625,0,0,0,0,0,0,0,0,0,0
S([C@@H](C(C)C)C(=O)N(C)Cc1sc(CC)nc1)c1ccccc1,,C67211922,100,0,0,0,0,0,1,0,0,0,0
Clc1ccc(C(=O)CCC(O[C@@H](C)c2cc(C#N)ccc2)=O)cc1,,C67642246,100,0,0,0,1,0,1,0,0,0,0
FC(F)(F)c1ccc(COc2cc(/C=C/C(=O)OC=3C=C(C)OC(=O)C=3)ccc2)cc1,,C04105231,100,0,0,0,0,0,0,0,0,0,0
O=C(N(CCC=1n2cc(-c3ccccc3)nc2SC=1)Cc1occc1)CC(C)(C)C,,C04158345,80.448357,0,0,0,0,0,0,0,0,0,0
Clc1c(Cn2c(CN(CC(C)C)C(=O)[C@@H]3[C@H](c4ccccc4)C3)ccc2)cccc1,,C04827106,100,0,0,0,0,0,0,0,0,0,0
O=C(N(CCCC)[C@H](C)C=1N(c2c(C)cccc2)C(=O)c2ccccc2N=1)CC(C)C,,C04881600,99.126411,0,0,0,1,0,1,0,0,1,1
FC(F)(F)COc1ccc(-c2oc(-c3ccc(OCC(F)(F)F)cc3)nn2)cc1,,C01608437,99.995621,0,0,0,0,0,0,0,0,0,0
Clc1ccc(OCCCOc2cc(/C=C/3\C(=O)N(CC)C(=S)S\3)ccc2)cc1,,C06470609,100,0,0,0,1,0,1,0,0,0,0
S(CC(=O)c1ccc(-c2ccccc2)cc1)c1n(C2CC2)c(Cc2sccc2)nn1,,C08735604,99.673714,0,0,0,0,0,0,0,0,0,0
S(Cc1ccc(C)cc1)c1n(/N=C/c2c(OCc3ccc(C)cc3)cccc2)cnn1,,C02610554,99.91127,0,0,0,1,0,0,0,0,0,0
Clc1c(OCCSc2n(C3CC3)c(Cc3sccc3)nn2)c(Cl)ccc1,,C09257071,99.614525,0,0,0,0,0,1,0,0,0,0
S(Cc1ccc(C#N)cc1)c1n(c(Cc2ccccc2)nn1)-c1ccc(OCC)cc1,,C09966129,99.405495,0,0,0,0,0,0,0,0,0,0
O=C(N(Cc1occc1)c1sc2cc(OCC)ccc2n1)Cc1ccc(CC)cc1,,C10815301,100,0,0,0,1,0,1,0,0,0,1
S(C)c1ccc2nc(N(Cc3occc3)C(=O)CCCSc3ccc(F)cc3)sc2c1,,C10832409,100,0,0,0,1,0,1,0,0,0,0
Clc1ccc(-c2n(CC)c(SCC(=O)N(C)Cc3ccc(CC)cc3)nn2)cc1,,C11064004,99.882301,0,0,0,1,1,1,0,0,0,0
Brc1c(SCC(OCC(=O)c2ccc(OC(F)F)cc2)=O)ccc2ccccc12,,C03238914,100,0,0,0,1,1,1,0,0,1,0
S(CC(=O)N(Cc1ccccc1)Cc1ccccc1)c1n(-c2ccccc2)c2ccccc2n1,,C12632175,86.996376,0,0,0,0,0,0,0,0,0,0
S(Cc1c(C(OCC)=O)cccc1)c1c(C#N)c(C(F)(F)F)cc(-c2ccccc2)n1,,C06089621,99.970207,0,0,0,0,0,0,0,0,0,0
S(CC(=O)N(CCCn1cncc1)c1sc2cccc(C)c2n1)c1ccccc1,,C10579824,79.423325,0,0,0,1,0,1,0,0,1,1
FC(F)Oc1ccc(C=2N(/N=C/c3c(F)cccc3)/C(=[NH+]/CCOC)/SC=2)cc1,,C15980836,58.925491,0,0,0,0,0,0,1,0,0,1
S(Cc1ccc(C(F)(F)F)cc1)c1cn(CC(=O)N(C(C)C)C(C)C)c2ccccc12,,C21728500,100,0,0,0,0,0,0,0,0,0,0
Clc1c(CN(C)C(=O)CSc2n(CC=C)c(-c3ccccc3)nn2)c(F)ccc1,,C11055992,99.900093,0,0,0,0,1,1,0,0,0,1
Clc1ccc(-c2n(CC=C)c(S[C@H](C)C(=O)N(CC)c3ccccc3)nn2)cc1,,C23935989,99.893089,0,0,0,0,0,1,0,0,0,0
S(Cc1nc(-c2ccc(CC)cc2)sc1)c1oc(COc2ccc(F)cc2)nn1,,C24090383,99.9991,0,0,0,1,0,1,0,0,0,1
S(CC(=O)c1sc(CC)cc1)c1n(C[C@@H]2OCCC2)c(-c2sccc2)nn1,,C24094693,99.894989,0,0,0,1,0,1,0,0,1,1
O=C(N(Cc1sccc1)Cc1occc1)c1nc(COc2ccc(C)cc2)sc1,,C24535924,100,0,0,0,1,0,1,0,0,0,1
Clc1cc(/C=C\2/C(=O)N(CC)C(=S)S/2)c(OCCOc2cc(C)cc(CC)c2)cc1,,C27527898,100,0,0,0,1,0,1,0,0,0,0
S(CCCC(=O)c1sccc1)c1c(C#N)c(C(F)(F)F)cc(-c2sccc2)n1,,C27750972,99.954025,0,0,0,0,0,0,0,0,0,0
Brc1cc(C(=O)N(CC(=O)N(Cc2sccc2)Cc2ccccc2)C(C)C)ccc1,,C00742418,100,0,0,0,0,0,0,0,0,0,1
Clc1c(Cn2c(CN(CCCOC)C(=O)c3cc(C(F)(F)F)ccc3)ccc2)cccc1,,C33478032,100,0,1,0,1,1,1,0,0,0,1
S(c1c(OC(=O)[C@@H](Oc2ccccc2)C)n(-c2ccccc2)nc1C)c1ccccc1,,C33687034,99.978142,0,0,0,0,0,0,0,0,0,0
FC(F)(F)c1c(COc2c(-c3scc(C(=O)N(CC)CC)n3)cccc2)cccc1,,C34714481,100,0,0,0,0,1,1,0,0,0,1
Brc1ccc(C(=O)N(CCOC)Cc2n(Cc3cc(C)ccc3)ccc2)cc1,,C35298978,100,0,0,0,1,0,1,0,0,0,1
FC(F)(F)c1cc(C(=O)N(CCCC)Cc2n(Cc3cc(C)ccc3)ccc2)ccc1,,C35301430,100,0,0,0,0,0,0,0,0,0,0
Brc1c(C(=O)N(CC=C)Cc2n(Cc3cc(C(F)(F)F)ccc3)ccc2)cccc1,,C35304509,100,0,0,0,0,0,0,0,0,0,0
Clc1c(Cn2c(CN([C@H](C)CC)C(=O)c3ccc(C(F)(F)F)cc3)ccc2)cccc1,,C35317124,100,0,0,0,0,0,0,0,0,0,0
FC(F)(F)c1ccc(C(=O)N(CC=C)CC(=O)N(Cc2sc(C)cc2)Cc2ccccc2)cc1,,C35798874,100,0,0,0,0,0,1,0,0,0,1
Fc1cc(C(=O)N(Cc2ccccc2)c2cc(CC(=O)N(C)Cc3ccccc3)ccc2)ccc1,,C35854077,100,0,0,0,0,0,1,0,0,0,0
Brc1cc(C(=O)N(CC=C)Cc2nc(COc3c(C)c(C)cc(C)c3)sc2)ccc1,,C36106161,100,0,0,0,1,1,1,0,0,0,1
Fc1cc(CN(C(=O)c2ccccc2)c2ccc(CC(=O)N(C)CCC)cc2)ccc1,,C37558277,100,0,0,0,0,0,0,0,0,0,0
S(CCCCOc1ccccc1)C1=NC(=O)C2=C([C@@H](C)SC2=N1)c1ccccc1,,C38746037,99.982849,0,0,0,0,1,1,0,0,0,1
S(C)c1ccc(CSc2n-3c(N(CCCCC)C(=O)c4ccccc-34)nn2)cc1,,C39577117,99.134766,0,0,0,0,0,0,0,0,0,0
Clc1cc(Cn2c(CN(CC=C)C(=O)c3cc(C(F)(F)F)ccc3)ccc2)ccc1,,C40367782,100,0,0,0,0,0,0,0,0,0,0
Fc1cc(CN(Cc2occc2)C(=O)CCc2oc(-c3ccc(F)cc3)cn2)ccc1,,C41022672,100,0,0,0,0,0,1,0,0,0,0
S(CCOc1ccc(/C=C\2/C(=O)N(Cc3ccccc3)C(=S)S/2)cc1)c1ccccc1,,C41108559,100,0,0,0,0,0,0,0,0,1,0
Clc1cc(Cn2c(CN(CCOC)C(=O)C[C@@H](C)CC(C)(C)C)ccc2)ccc1,,C04798972,100,0,0,0,1,0,1,0,0,0,1
Clc1c(CN(Cc2n(Cc3ccc(F)cc3)nnn2)Cc2ccccc2)cccc1,,C57614040,81.190475,0,0,0,1,1,1,0,0,0,1
S(=O)(=O)(CCCc1onc(-c2cc(C(F)(F)F)ccc2)n1)Cc1cc(F)ccc1,,C58045863,99.996986,0,0,1,1,0,1,0,0,0,0
BrCCCCCCOc1c(/C=C/2\C(=O)OC(c3ccccc3)=N\2)cccc1,,C59402922,99.995888,0,0,0,1,0,0,0,0,0,0
Clc1c(-c2n(CCCOC)c(S[C@@H](C)c3cc(F)c(F)cc3)nn2)cccc1,,C59925425,99.882057,0,0,0,1,0,1,0,0,1,1
S(=O)(=O)(N(Cc1sccc1)Cc1sccc1)Cc1cc(C(F)(F)F)ccc1,,C60357185,100,0,0,0,1,0,1,0,0,0,0
S(Cc1ccc(C=C)cc1)C=1N(CCCN2C(=O)CCC2)C(=O)c2ccccc2N=1,,C67258555,96.196053,0,0,0,1,0,1,0,0,0,1
Fc1c(C(=O)N(CCOC)Cc2n(Cc3cc(C)ccc3)ccc2)cccc1,,C04346012,100,0,0,0,1,0,1,0,0,0,1
Brc1cc(C=O)c(OCCOCCOc2ccc(C)cc2)cc1,,C04503128,100,0,0,0,1,1,1,0,0,0,1
Fc1cc(C(=O)N(CC=C)CC(=O)N(Cc2sccc2)Cc2ccccc2)ccc1,,C04506103,100,0,0,0,0,0,1,0,0,0,1
S=C1N(CCCC(OCCCC)=O)C(=O)/C(=C/c2ccc(CC)cc2)/S1,,C04746549,100,0,0,0,1,0,1,0,0,1,1
Clc1cc(Cn2c(CN(CCOC)C(=O)c3occc3)ccc2)ccc1,,C04928864,100,0,0,0,1,0,1,0,0,0,1
O=C(N(CC(C)C)CC(=O)N(Cc1c(C)ccs1)Cc1ccccc1)C,,C05097262,100,0,0,0,1,0,1,0,0,0,1
S=C1N(CCCCCC(OC)=O)C(=O)/C(=C\c2ccc(C(C)C)cc2)/S1,,C05522798,100,0,0,0,1,1,1,0,1,1,1
S(C)c1ccc(CSC=2N(CCCOC)C(=O)c3ccccc3N=2)cc1,,C05801791,96.182281,0,0,0,1,0,1,0,1,1,1
Clc1c(CC)cc(OCCOCCN2C(=O)c3ccccc3N=C2)cc1,,C02862916,99.020836,0,0,0,1,1,1,0,0,1,1
S(CCCC(=O)Oc1ccc(C(=O)C)cc1)c1sc2ccccc2n1,,C07656318,100,0,0,0,1,0,1,0,0,1,1
ClC(Cl)(Cl)CC(O[C@H](C)CC#CCCO[C@@H](OCCC)C)=O,,C01642760,100,0,0,0,1,0,1,0,0,0,1
ClC(Cl)(Cl)CC(O[C@@H](C)CC#CCCO[C@H](OCCC)C)=O,,C01642763,100,0,0,0,1,0,1,0,0,1,1
S(CC(=O)c1c(C)n(CC)c(C)c1)c1n(CCOC)c2ccccc2n1,,C09073665,74.657211,0,0,0,1,0,1,0,0,1,0
S(CC(=O)N(CC)Cc1sccc1)c1n(-c2ccc(OC)cc2)ccn1,,C10872134,79.592636,0,0,0,1,0,1,0,0,1,0
Fc1cc(/C=C/C(=O)N(Cc2ccc(OCC(C)C)cc2)Cc2ccncc2)ccc1,,C14881131,99.481705,0,0,0,0,0,0,0,0,0,0
S(C[C@@H](CCC#N)C#N)c1n(c(Cc2sccc2)nn1)-c1ccccc1,,C15247705,99.501579,0,0,0,1,0,1,0,1,0,1
O=C(N(C)Cc1ccc(OCC=C)cc1)c1c(C)n(Cc2ccccc2)nc1C,,C20938542,99.973686,0,0,0,1,0,1,0,0,1,0
O=C(N(Cc1sccc1)Cc1sccc1)COc1ccc(C(=O)C)cc1,,C24464431,100,0,0,0,0,0,1,0,0,0,0
O(CC)CCCC[C@@]1(Cc2ccncc2)C(=O)N(c2ccccc2)c2ccccc12,,C26742265,99.350975,0,0,0,1,0,1,0,0,0,0
O=C(N(Cc1occc1)Cc1occc1)CCCc1sc2ccccc2n1,,C30471955,100,0,0,0,0,0,1,0,0,0,0
O=C(N(Cc1sc(C)cc1)Cc1ccccc1)CN(CCC)C(=O)c1sccc1,,C33556146,100,0,0,0,1,0,1,0,0,1,1
FC(F)(F)c1cc(CN2C(=O)C[C@@H](C(=O)N(CCC)CCC)C2)cc(C(F)(F)F)c1,,C34916958,100,0,0,0,0,0,0,0,0,0,0
FC(F)(F)c1ccc(C(=O)N(Cc2n(Cc3ccccc3)ccc2)Cc2occc2)cc1,,C35305291,100,0,0,0,0,0,0,0,0,0,0
O=C(N(Cc1c(C)ccs1)Cc1ccccc1)CN(CC(C)C)C(=O)c1ccccc1,,C33851065,100,0,0,0,1,0,1,0,0,0,1
Fc1cc(C(=O)N(CCC)CC(=O)N(Cc2c(C)ccs2)Cc2ccccc2)ccc1,,C35774859,100,0,0,0,1,0,1,0,0,0,1
Clc1ccc(OCc2scc(CN(CC(C)C)C(=O)c3ccccc3)n2)cc1,,C36105422,100,0,0,0,1,0,1,0,0,1,0
Clc1ccc(OCc2scc(CN(CCC)C(=O)c3c(C)cccc3)n2)cc1,,C36105633,100,0,0,0,1,0,1,0,0,1,1
O=C(N(CCC)Cc1nc(COc2cc(C)ccc2)sc1)c1cc(C)ccc1,,C36106591,100,0,0,0,1,1,1,0,0,0,1
O=C(N(CCC)Cc1nc(COc2cc(C)c(C)cc2)sc1)c1ccccc1,,C36107063,100,0,0,0,1,0,1,0,0,1,1
O=C(N(CC=C)Cc1nc(COc2cc(C)c(C)cc2)sc1)c1ccc(C)cc1,,C36107091,100,0,0,0,1,0,1,0,0,1,1
O=C(N(CC=C)Cc1nc(COc2c(C)c(C)ccc2)sc1)c1ccccc1,,C36114343,100,0,0,0,1,1,1,0,0,1,1
Clc1c(/C=C/2\C(=O)N(CCCC(OCCC)=O)C(=S)S\2)c(F)ccc1,,C40938920,100,0,0,0,1,0,1,0,1,1,1
Brc1cc(Cl)c(OCC(=O)N(CCC)CC(OC)=O)cc1,,C42712996,100,0,0,0,1,0,1,0,0,1,1
FC(F)(F)c1c(Cn2c(CN(CC3CC3)C(=O)C(C)C)ncc2)cccc1,,C06689723,75.576843,0,0,0,1,0,1,0,0,0,1
S(=O)(=O)(N(C)[C@H](C)c1c(F)ccc(F)c1)c1ccc(OCCOC)cc1,,C56106196,100,0,0,1,1,0,0,0,0,1,0
O=C(N(CC)C[C@@H]1COCC1)/C(=C\c1c(C)n(CCC(C)C)c(C)c1)/C#N,,C57729870,100,0,0,0,1,0,1,0,0,1,1
Fc1c(COC(=O)Cc2nc(COc3ccc(C)cc3)sc2)cccc1,,C57795026,100,0,0,0,1,1,1,0,0,1,1
S([C@H](C(=O)N(CC)CC)c1ccccc1)c1n(CCCC)c(C)c(C)[nH+]1,,C58603954,54.696507,0,0,0,0,0,0,0,0,0,0
S(CC(=O)N(CCCC)CC(F)(F)F)c1c(C#N)c(C)c(C)c(C)n1,,C59252413,99.550194,0,0,0,1,0,1,0,0,0,0
S(CC(=O)N(CC(F)(F)F)CC(OCC)=O)c1ccc2CCCc2c1,,C60191590,100,0,0,0,0,0,1,0,0,1,1
S(=O)(=O)(N(CCOC)Cc1sccc1)c1cc(C(F)(F)F)ccc1,,C60733668,100,0,0,0,1,1,1,0,0,0,0
Fc1ccc(-c2c(C)sc3nc(C)nc(N(CCOC)CCOC)c23)cc1,,C62046575,77.992661,0,0,0,1,0,1,0,0,0,1
Brc1ccc(CC(=O)N(CC(F)(F)F)CC(OCC)=O)cc1,,C63448721,100,0,0,0,1,0,1,0,0,1,0
S(CC(=O)c1c(C)n([C@@H]2CS(=O)(=O)CC2)c(C)c1)C(CCC)CCC,,C64048566,100,0,0,0,1,0,0,0,1,1,0
S(CC(=O)N(CC(C)C)CC(F)(F)F)c1sc(N2CCCC2)nn1,,C64659581,97.674248,0,0,0,1,0,1,0,0,0,1
Clc1c(Cc2oc(SCCOCC(F)(F)F)nn2)c(F)ccc1,,C66257592,99.99826,0,0,0,1,0,1,0,0,0,1
S(=O)(Cc1c(OCC)cccc1)Cc1nc(-c2ccc(OC)cc2)oc1,,C66295916,100,0,0,0,1,0,1,0,0,0,0
S(=O)(=O)(N(C)c1ccc(OC(=O)[C@H](C)CSC)cc1)c1sccc1,,C66754568,100,0,0,0,0,0,0,0,0,0,0
FC(F)(F)Oc1c(CCC(=O)N(C)Cc2sc(CC)nc2)cccc1,,C67235285,100,0,0,0,1,0,1,0,0,1,0
Brc1sc(CS(=O)(=O)CC(=O)N(CCC)CCC)cc1,,C67651251,100,0,0,0,1,0,1,0,0,1,1
S(CC(=O)CC(OCC)=O)c1nc(-c2ccccc2)nc2ccc(F)cc12,,C04130344,99.693054,0,1,0,1,0,1,0,1,0,1
O(CC#C)c1c(OCC)cc(/C=C/2\C(=O)N(CC#C)C(=O)S\2)cc1CC=C,,C04616518,100,0,0,0,1,0,1,0,0,1,1
S(CC=C)C=1SC(=O)/C(=C/c2c(OC(=O)C)c(OCC)ccc2)/N=1,,C03003204,99.997047,0,0,0,1,0,0,0,0,1,0
O=C(N(CC(C)C)Cc1n(C)ccc1)CN(CC=C)C(=O)c1ccc(C)cc1,,C04806772,100,0,0,0,1,0,1,0,0,0,1
S(CC(=O)CC(OCC)=O)c1c(C#N)c(-c2cscc2)cc(C)n1,,C02272857,98.996208,0,0,0,1,0,1,0,1,1,1
S(=O)(=O)(N(CC=C)CC(=O)N(Cc1sccc1)Cc1ccc(F)cc1)C,,C05100763,100,0,1,0,1,1,1,0,1,0,1
FC(F)(F)c1cc(Cn2c(CN(CCOC)C(=O)CC)ncc2)ccc1,,C06695658,75.201263,0,0,0,1,1,1,0,0,1,1
S(CCCC)c1sc(SCC(=O)[C@H](C#N)c2scc(C)n2)nn1,,C07931403,51.595127,0,0,0,1,1,1,0,0,1,1
O(CCOc1ccc(C#N)cc1)C(=O)CCC(=O)c1c(C)sc(C)c1,,C09842098,100,0,0,1,1,1,1,0,0,1,0
FC(F)(F)c1ccc(Cn2c(CN(CCOC)C(=O)CC)ncc2)cc1,,C06688968,75.004578,0,0,0,1,1,1,0,0,1,0
S(CCC(OCC(=O)N(CCC#N)c1ccccc1)=O)c1ccccc1,,C28289416,100,0,0,0,1,1,1,0,0,1,1
S(C)Cc1oc(SCC(=O)N(Cc2ccccc2)c2ccccc2)nn1,,C29918142,99.998253,0,0,0,1,0,1,0,0,0,1
Fc1cc(C(=O)N(CC=C)CC(=O)N(CC(C)C)Cc2n(C)ccc2)ccc1,,C35345948,100,0,0,0,1,0,1,0,0,0,1
Fc1ccc(CN(Cc2sccc2)C(=O)CN(CC=C)C(=O)N(C)C)cc1,,C35383346,100,0,0,0,0,0,1,0,0,0,1
O(C)CC(=O)N(CC)CCN1[C@H](c2ccc(C(C)(C)C)cc2)SCC1=O,,C35614699,100,0,0,0,1,0,1,0,0,1,0
O(C)CCCN(Cc1nc(COc2c(C(C)C)cccc2)sc1)C(=O)C,,C36105073,100,0,0,0,1,1,1,0,1,1,1
O=C(N(CCC(C)C)C[C@H]1OCC[NH+](Cc2ccncc2)C1)CC(C)C,,C34686571,66.266624,0,0,0,1,0,1,1,1,0,1
S=C1N(CCCC(OC)=O)C(=O)/C(=C/c2c(OCC)cccc2)/S1,,C40888338,100,0,0,0,1,0,1,0,1,1,1
S=C1N(CCC(OCC)=O)C(=O)/C(=C\c2c(OCCC)cccc2)/S1,,C40938157,100,0,0,0,1,0,1,0,0,1,1
Brc1ccc(S(=O)(=O)CCN(CCC)CC(OC)=O)cc1,,C48400873,99.875885,0,0,0,1,1,1,0,0,1,1
FC(F)(F)c1ccc(Cn2c(CN(C[C@@H]3OCCC3)C(=O)CC)ncc2)cc1,,C06690397,75.006226,0,1,0,1,0,1,0,0,1,1
S(C)C=1SC(=S)N(CN(C)CCOc2c(OC)cccc2)N=1,,C54569371,99.577576,0,0,0,1,0,1,0,0,0,1
Brc1cc(C(=O)CCC(=O)N(CC)C[C@@H](C)C#N)c(OC)cc1,,C56409140,100,0,0,1,1,1,1,0,0,1,1
S=C1N(CCCC(=O)N(CCC)CC#N)C(=O)/C(=C\c2sccc2)/S1,,C56485123,100,0,0,1,1,0,1,0,0,1,1
S(=O)(=O)(CC(=O)N(C)Cc1ccc(CC)cc1)Cc1nc(CCC)sc1,,C57741467,100,0,0,0,1,1,1,0,0,1,1
FC(F)(F)[C@@H](OC(=O)CCCOc1cc(F)ccc1)c1n(C)ccn1,,C58087875,94.874863,0,0,0,1,1,1,0,0,0,0
O(C)CCN(Cc1sccc1)C(=O)c1c(COC)c2ccccc2o1,,C52843507,100,0,0,0,1,0,1,0,0,0,1
S(=O)(=O)(Cc1nc(CCC)sc1)[C@H](C)C(=O)N(C)Cc1c(C)cccc1,,C58619841,100,0,0,0,1,1,1,0,1,1,1
O=C(N(CCC(C)C)CCC(C)C)c1ccc(N2C(=O)CCC2=O)cc1,,C58638285,100,0,0,0,1,0,0,0,0,1,0
S(=O)(=O)(N(CC(OC)=O)Cc1c(C)cccc1)Cc1c(F)cccc1,,C60375473,100,0,1,0,1,1,1,0,0,0,1
FC(F)(F)COCc1ccc(C(=O)N(CC(OCC)=O)C(C)C)cc1,,C60540710,100,0,0,0,1,0,1,0,0,1,1
Brc1ccc(S(=O)(=O)N(C)CC(OCCSCC)=O)cc1,,C62697368,100,0,0,0,1,0,1,0,0,1,1
S(C)c1nc(C)c(CCC(=O)N(CCOC)CC(F)(F)F)c(C)n1,,C62919277,99.775955,0,0,0,1,0,1,0,0,0,1
Clc1c(OCC(F)(F)F)ncc(C(=O)N(CCOC)CC(F)(F)F)c1,,C62921606,99.999146,0,0,0,1,0,1,0,0,1,0
FC(F)(F)CN(CCOC)CN1C(=O)C(C(F)(F)F)=CC(C2CC2)=N1,,C63281505,100,0,0,0,1,0,1,0,1,1,1
S(CC(=O)N(CC(OCC)=O)CC1CC1)c1c(F)cc(C(=O)C)cc1,,C63439851,100,0,0,0,1,0,1,0,0,1,1
O=C(N(C)CCc1ccncc1)/C=C/c1c(OCc2nc(C)sc2)cccc1,,C63488035,99.32399,0,0,0,1,1,1,0,0,0,1
Brc1ccc(-c2occ(C[NH+](CCOC)CCOC)n2)cc1,,C64507983,80.406723,0,0,0,1,0,1,1,1,0,1
S(=O)(=O)(C)c1ccc(OCCCN(C)c2c(C(F)(F)F)cccn2)cc1,,C64948026,97.877579,0,0,0,1,0,1,0,1,1,0
S(=O)(=O)(CCCOCC(F)(F)F)Cc1noc(-c2sccc2)c1,,C65651761,100,0,1,0,1,0,1,0,0,1,1
S=C1N(CN(CCc2ccccc2)CC=C)N=C(N2CCOCC2)S1,,C65943197,94.101517,0,0,0,1,1,1,0,0,1,1
S(=O)(=O)(N(CC)CC)c1ccc(C(=O)N(CC=C)CC(F)(F)F)cc1,,C66292425,100,0,0,0,1,0,0,0,0,0,0
S(=O)(=O)(N(C)CCCC(=O)N(CC=C)CC(F)(F)F)c1sccc1,,C66305972,100,0,0,0,1,0,1,0,0,1,1
S(=O)(=O)(N(CC)CC)c1cnc(SCCOCC(F)(F)F)cc1,,C66409248,99.83519,0,0,0,1,0,1,0,1,1,0
O(C)CCN(CCOc1cccc2ccccc12)[C@H]1CS(=O)(=O)CC1,,C66493418,96.037544,0,0,1,1,1,1,0,1,0,1
FC(F)Oc1ccc(CN(C)C(=O)CN(C)Cc2c(C)ncs2)cc1,,C66565855,83.138535,0,0,0,1,0,1,0,1,1,1
O(C(C)(C)C)C(=O)CCCN(C)C(=O)c1c(C)nc(-c2cscc2)cc1,,C66776510,95.938293,0,0,0,1,0,1,0,0,1,1
S(CC(=O)N(C)CCCC(OC(C)(C)C)=O)c1c(F)cc(C(=O)C)cc1,,C66777855,100,0,0,0,0,0,0,0,0,1,1
FC(F)(F)c1cnc(N2CCN(CC(=O)N(CC)CCCC)CC2)cc1,,C67127040,88.226562,0,0,0,1,0,1,0,0,0,0
Fc1c(OCCN(C)C(=O)CN(C)Cc2sc(CC)nc2)cccc1,,C67403214,83.775909,0,0,0,1,1,1,0,1,0,1
Fc1ccc(C(=O)N(CCCC)CC(=O)N(CC(C)C)Cc2n(C)ccc2)cc1,,C04459955,100,0,0,0,1,0,1,0,0,0,1
O=C(N(CC(=O)N(CCCC)Cc1n(Cc2cc(C)ccc2)ccc1)C(C)C)C,,C04573890,100,0,0,0,1,0,1,0,0,1,1
Fc1cc(C(=O)N(CC(C)C)CC(=O)N(CCCC)Cc2n(C)ccc2)ccc1,,C04588556,100,0,0,0,1,0,1,0,0,0,1
FC(F)(F)c1ccc(/C=C/C(OCC(=O)N(CCC#N)c2ccccc2)=O)cc1,,C04779029,100,0,0,0,1,0,1,0,0,0,0
Fc1c(/C=C/C(OCC(=O)N(CCC#N)c2cc(C)cc(C)c2)=O)cccc1,,C05078736,100,0,0,0,1,1,1,0,0,0,0
Clc1ccc(C(=O)COC(=O)/C(=C/c2c(C)n(CCC)c(C)c2)/C#N)cc1,,C05870320,100,0,0,0,0,0,0,0,0,0,0
Clc1c(COC(=O)c2c(F)ccc(S(=O)(=O)N(CC)CC)c2)cccc1,,C05801898,100,0,0,0,1,1,1,0,1,0,0
FC(F)Oc1c(C)cc(/C=C/C(=O)c2ccc(OCC(=O)N(C)C)cc2)cc1C,,C07712987,100,0,0,0,0,0,0,0,0,0,0
S(CC(OCC(=O)c1c(C)n(Cc2occc2)c(C)c1)=O)c1ccc(F)cc1,,C07985548,100,0,0,0,1,0,1,0,0,0,0
S(CC(=O)N(C)Cc1cc(F)ccc1)c1n(CC)c(Cc2ccccc2)nn1,,C11971401,99.659271,0,0,0,0,1,1,0,0,0,0
S(CC(=O)N(C)[C@@H](C)c1ccc(F)cc1)c1n(CCOC)c2ccccc2n1,,C11490454,75.586197,0,0,0,1,0,1,0,0,0,1
S(CCCC(=O)c1ccc(F)cc1)c1c(C(=O)C)c(C)nc(-c2occc2)n1,,C14247555,99.970192,0,0,0,0,0,1,0,0,1,1
S(C[C@@H](CCC#N)C#N)c1n(c(Cc2ccccc2)nn1)-c1ccccc1,,C14304185,99.485306,0,0,0,1,0,1,0,1,0,0
Fc1cccc2sc(C(OCCOc3ccc(C#N)cc3)=O)c(COC)c12,,C17937880,100,0,0,0,1,0,1,0,0,0,0
Clc1sc(CN(CC)C(=O)/C=C/c2cc(OC)c(OCC#N)cc2)cc1,,C18831119,100,0,0,0,1,0,0,0,0,1,0
S(CC(OCC(=O)c1c(C)n(CC=C)c(C)c1)=O)c1sc2ccccc2n1,,C21182403,100,0,0,0,1,1,1,0,0,1,1
Fc1cc(/C=C/C(O[C@H](C)C(=O)N(CCC#N)c2ccccc2)=O)ccc1,,C21678778,100,0,0,0,1,0,1,0,0,1,0
O([C@H](C)C(=O)N(CCC#N)c1ccccc1)C(=O)c1sc(C)c(CC)c1,,C23939146,100,0,0,0,1,0,1,0,0,1,0
FC(F)(F)c1cc(C(OCC(=O)N(CCC#N)c2c(F)cccc2)=O)ccc1,,C28425850,100,0,0,0,1,0,1,0,0,0,0
O=C(N(C)Cc1ccc(N(CC)CC)cc1)Cc1nc(-c2ccccc2)oc1,,C32841788,100,0,0,0,1,0,1,0,0,0,0
ClCCCC(=O)N(CCCC)[C@H](C)C=1N(C)C(=O)c2cc(Cl)ccc2N=1,,C35030679,98.205711,0,0,0,1,0,1,0,0,0,1
O(C)CCN(CCC=1n2cc(-c3ccccc3)nc2SC=1)C(=O)C(C)C,,C35470421,80.416283,0,0,0,1,0,1,0,0,0,1
Fc1c(-n2nc(CN(CC3CC3)C(=O)CC)c3C[NH+](CCC)CCc23)cccc1,,C35921331,99.559647,0,0,0,0,0,0,0,1,1,1
O(C)CCN(Cc1nc(COc2cccc3ccccc23)sc1)C(=O)C(C)C,,C36115036,100,0,0,0,1,1,1,0,0,1,1
Clc1c(-c2n(CCCOC)c(SCc3nc(C)sc3)nn2)cccc1,,C40161748,99.887108,0,0,0,1,1,1,0,0,1,1
Clc1ccc2C(=O)N(CCCOC(C)C)C(SC[C@@H]3OCCC3)=Nc2c1,,C41771329,96.934868,0,0,0,1,0,1,0,0,1,1
FC(F)(F)[C@@H](OC(=O)c1cc(OCc2sccc2)ccc1)c1n(C)ccn1,,C41795210,94.918587,0,0,0,1,0,1,0,0,0,0
S(=O)(=O)(N(CC)CC)c1cnc(SCc2nc(C(C)(C)C)sc2)cc1,,C48054257,99.840317,0,0,0,1,0,1,0,0,0,1
Clc1cc(CSc2n(CC=C)cnn2)c(OCc2cnccc2)cc1,,C48299574,99.504105,0,0,0,1,0,1,0,0,0,0
Clc1ccc(C(=O)N(CCC)CC(=O)N(CC(C)C)Cc2n(C)ccc2)cc1,,C05097613,100,0,0,0,1,0,1,0,0,0,1
Clc1n(Cc2ccccc2)nc(C)c1CSc1n(CC=C)c(C2CC2)nn1,,C53424587,99.482483,0,0,0,0,0,0,0,0,0,0
S(CCCC(OCC)=O)C=1N(c2c(F)cccc2)C(=O)c2ccccc2N=1,,C07159233,98.54538,0,0,0,0,0,0,0,0,0,0
Clc1cc(-n2c(SCC(=O)c3c(C)n(CCOC)c(C)c3)ncc2)ccc1,,C22718309,80.836082,0,0,0,1,0,1,0,0,0,0
S(CC(=O)c1c(C)n([C@@H](C)COC)c(C)c1)c1n(-c2c(C)cccc2)ccn1,,C25256728,80.097633,0,0,0,0,0,1,0,0,0,0
Clc1c(OCc2n(C(CC)CC)c(SCCCC#N)nn2)cccc1,,C58110463,99.857162,0,0,0,1,0,1,0,0,0,0
O(CC)C(=O)CN(Cc1ccc(C)cc1)C(=O)c1nc(-c2cscc2)sc1,,C58158936,100,0,0,0,1,0,1,0,0,1,1
S(=O)(=O)(N(CC)CC)c1ccc(C(=O)/C=C/c2cc(OCC)ccc2)cc1,,C59269841,100,0,0,0,1,0,0,0,0,1,0
S(CC(OCC(=O)c1c(C)n(C2CC2)c(C)c1)=O)c1sc2ccccc2n1,,C57532750,100,0,0,0,1,1,1,0,0,1,1
S(CCCC(=O)c1ccc(F)cc1)c1n(CC=C)c(-c2c(C)occ2)nn1,,C60384065,99.51284,0,0,0,1,0,1,0,0,0,0
Fc1ccc(C(=O)COC(=O)/C(=C\c2c(C)n(CC(C)C)c(C)c2)/C#N)cc1,,C60386039,100,0,0,0,1,0,1,0,0,1,1
S(CC(=O)N(CCC)Cc1ccc(C)cc1)c1sc(OC(C)C)nn1,,C60529936,99.994751,0,0,0,1,0,1,0,0,0,1
O(C)CCCCN(Cc1ccccc1)C(=O)c1sc2[nH+]c3SC=Cn3c2c1,,C57456465,67.727005,0,0,0,1,1,1,0,1,0,0
FC(F)(F)COc1ccc(C(=O)/C=C/c2nc(N(CC)C(=O)C)sc2)cc1,,C63845877,100,0,0,0,0,0,0,0,0,0,0
Clc1c(-c2scc(CN(CCOC)CC(OCC)=O)n2)cccc1,,C64508831,99.256233,0,0,0,1,1,1,0,0,1,1
S(Cc1nc(CCC(C)C)sc1)c1n(C2CC2)c(-c2ccncc2)nn1,,C64927252,97.271011,0,0,0,1,0,1,0,0,0,0
S(CCOCC(F)(F)F)c1n(Cc2ccccc2)c(-c2c(C)occ2)nn1,,C66408961,99.575409,0,0,0,1,0,1,0,0,0,0
S(=O)(=O)(N(C)CCCC(=O)N(C)C[C@@H](C)c1ccccc1)c1sccc1,,C66459212,100,0,0,0,1,0,1,0,0,1,1
O(C(C)(C)C)C(=O)CCCN(C)C(=O)c1c(C)nc(-c2sccc2)s1,,C66777523,100,0,0,0,1,0,1,0,0,1,0
FC(F)(F)COc1c(OC(=O)Cc2c(C)oc(-c3sccc3)n2)cccc1,,C67644369,100,0,0,0,1,0,1,0,0,0,1
FC(F)(F)COc1c(OC(=O)CCc2cn(-c3ccccc3)nc2)cccc1,,C67644788,99.980453,0,0,0,1,0,1,0,0,0,1
Fc1c([C@@H](CC(=O)N(CCC)CCC)c2n3C(C)=CC=Cc3[nH+]c2)cccc1,,C04378851,99.958794,0,0,0,0,0,0,0,0,0,0
S=C1N(CCCC)C(=O)C(=C/C=C/c2ccccc2)C(=O)N1CCCC,,C04419705,100,0,0,0,1,0,1,0,0,0,0
Clc1c(C)cc(OCCOCCOc2c(OCC)cccc2)cc1C,,C02984857,100,0,0,1,1,1,1,0,0,0,1
Clc1c(OCCOCCOc2cccc3cccnc23)c(C)cc(C)c1,,C04701919,99.899788,0,0,0,1,1,1,0,0,0,1
FC(F)(F)C(C(F)(F)F)C(=O)N([C@H](C)C(OCC)=O)c1c(C)cccc1C,,C02981410,100,0,0,0,0,0,1,0,0,0,0
S(CC(=O)N(CCCC)CCCC)C=1SC(=S)N(c2ccccc2)N=1,,C05175746,100,0,0,0,1,0,1,0,0,0,1
Clc1c(OCCOc2c(/C=C\3/C(=O)N(CC=C)C(=S)S/3)cccc2)cccc1,,C02978300,100,0,0,0,1,0,1,0,0,0,1
Cl[C@@H](C)C(=O)N(CCOC)Cc1n(Cc2c(Cl)cccc2)ccc1,,C06200606,100,0,0,0,1,1,1,0,0,1,1
S(C)c1ccc(CN(C)C(=O)/C=C/c2c(OCc3nc(C)sc3)cccc2)cc1,,C11519198,100,0,0,0,1,0,1,0,0,0,0
Brc1c(OCCOc2c(OCC)cccc2)ccc(C=O)c1,,C11861107,100,0,0,0,0,0,1,0,0,0,0
Brc1c(OCCOc2ccccc2)c(OCC)cc(C=O)c1,,C11947226,100,0,0,0,0,0,1,0,0,0,1
O=C(N(Cc1n(Cc2c(C)cccc2)ccn1)Cc1occc1)CC(C)C,,C06723495,75.158066,0,0,0,1,0,1,0,0,0,1
FC(F)(F)c1ccc(Cn2c(CN(C(=O)CC(C)C)C3CC3)ncc2)cc1,,C06688984,74.602798,0,0,0,0,0,1,0,0,0,1
FC(F)(F)c1ccc(Cn2c(CN(CC3CC3)C(=O)CC)ncc2)cc1,,C06690401,74.543991,0,0,0,0,0,1,0,0,1,0
O=C(N(Cc1sccc1)Cc1occc1)c1ccc(OCCCC)cc1,,C15831746,100,0,0,0,0,0,0,0,0,0,0
Clc1ccc(C(=O)C[n+]2c([S-])n(CC=C)c(CSc3ccc(C)cc3)n2)cc1,,C16769581,97.594566,0,0,0,1,0,1,0,0,0,1
Clc1c(F)ccc(N2C(=O)C[C@@H](C(=O)N(CCCC)CCCC)C2)c1,,C20613778,100,0,0,0,0,0,0,0,0,1,0
Clc1c(C)ccc(N2C(=O)C[C@@H](C(=O)N(CCCC)CCCC)C2)c1,,C21348509,100,0,0,0,0,0,0,0,0,1,0
S(CCOc1ccc(CC)cc1)c1n([C@@H](C)C(=O)C)c2ccccc2n1,,C21659934,74.800865,0,0,0,1,0,0,0,0,0,0
S(Cc1nc(C)sc1)c1ccc(C(OCC(=O)c2sc(CC)cc2)=O)cc1,,C25593451,100,0,0,0,1,0,1,0,0,1,0
Fc1c([C@@H](CC(=O)N(CCC)CCC)c2n3C=CC=C(C)c3[nH+]c2)cccc1,,C35438471,99.955093,0,0,0,0,0,0,0,1,0,0
FC(F)(F)c1ccc(Cn2c(CN(CC3CC3)C(=O)C3CC3)ncc2)cc1,,C35638266,74.590683,0,0,0,0,0,1,0,0,0,0
Clc1ccc(C(=O)N(CC=C)Cc2nc(COc3c(C)c(C)ccc3)sc2)cc1,,C36031730,100,0,0,0,1,0,1,0,0,0,1
O=C(N(CC=C)Cc1nc(COc2cc(C)ccc2)sc1)c1c(C)cccc1,,C36032280,100,0,0,0,1,0,1,0,0,1,1
Clc1ccc(OCc2scc(CN(CCC)C(=O)c3ccccc3)n2)cc1,,C36105622,100,0,0,0,1,0,1,0,0,1,0
Fc1ccc(C(=O)N(CC(C)C)Cc2nc(COc3cc(C)ccc3)sc2)cc1,,C36106328,100,0,0,0,1,0,1,0,0,0,1
Fc1ccc(C(=O)N(CC(C)C)Cc2nc(COc3cc(C)c(C)cc3)sc2)cc1,,C36106855,100,0,0,0,1,0,1,0,0,1,1
Fc1ccc(C(=O)N(CC=C)Cc2nc(COc3c(C)c(C)ccc3)sc2)cc1,,C36114327,100,0,0,0,1,0,1,0,0,0,1
O=C(N(CC=C)Cc1nc(COc2c(C)c(C)ccc2)sc1)c1sccc1,,C36114334,100,0,0,0,1,1,1,0,0,1,1
O=C(N(CC(C)C)Cc1nc(COc2c(C)cccc2)sc1)CC(C)C,,C36114791,100,0,0,0,1,1,1,0,0,0,1
O=C(N(CC=C)c1sc(C(=O)C)c(C)n1)CCc1ccc(C(C)C)cc1,,C36614245,100,0,0,0,1,0,1,0,1,1,1
Brc1ccc(SCC(=O)N(CCC)CC(OCC)=O)cc1,,C38020033,100,0,0,0,1,0,1,0,0,1,1
Clc1c(CN(Cc2occc2)C(=O)c2ccc(OCC(C)C)cc2)c(F)ccc1,,C38647463,100,0,0,0,0,0,0,0,0,0,0
S=C1N(CCCC(OCCC)=O)C(=O)/C(=C/c2cccc3ccccc23)/S1,,C40938958,100,0,0,0,1,0,1,0,1,1,0
FC(F)(F)c1cc(/C=C/C(=O)N(CCOC)CCOC)cc(C(F)(F)F)c1,,C58060241,100,0,0,0,0,0,0,0,0,0,0
S(CC)c1sc(SCC(=O)c2c(C)n(CC(F)(F)F)c(C)c2)nn1,,C58154493,99.996399,0,0,0,1,0,1,0,0,1,1
Clc1ccc(CN([C@@H](C)Cc2sccc2)C(=O)CCc2c(C)n(C)nc2C)cc1,,C58475962,99.802483,0,0,0,1,0,1,0,0,0,1
FC(F)(F)CN(CCC)C(=O)c1c(C)nc(-c2ccc(OCC)cc2)s1,,C59252820,100,0,0,0,0,0,1,0,0,0,0
S(CCCOCC(F)(F)F)C=1N(CCC(C)C)C(=O)c2ccccc2N=1,,C59961709,95.835106,0,0,0,1,0,0,0,0,0,1
O=C(N(CC)[C@H](C)C(C)C)/C=C/c1ccc(OCc2nc(C)sc2)cc1,,C60141089,100,0,0,0,1,0,1,0,0,0,0
S(C[C@H](CCC#N)C#N)c1sc(SCc2ccc(C(C)C)cc2)nn1,,C61732943,99.996445,0,0,0,1,0,1,0,0,0,0
Fc1cc(N(CC)C(=O)C(=O)N(C)CCCOc2c(C)cccc2)ccc1,,C62688180,100,0,0,0,0,0,1,0,0,0,1
S(=O)(=O)(Cc1nc(COc2ccc(F)cc2)sc1)C(CCC)CCC,,C63928005,100,0,0,0,1,1,1,0,0,0,1
Clc1ccc(-c2n(CC)c(SCCCOCC(F)(F)F)nn2)cc1,,C64652224,99.841072,0,0,0,0,0,1,0,0,0,0
FC(F)(F)CCN(C)C(=O)Cc1nc(-c2ccc(OCC)cc2)sc1,,C65760045,100,0,0,0,1,0,1,0,0,0,1
S(Cc1cc(OCC(F)(F)F)ccc1)c1oc(Cc2sccc2)nn1,,C66261228,99.99794,0,0,0,0,0,0,0,0,0,1
FC(F)Oc1c(OC)cccc1/C=C/C(=O)N(CC=C)CC(F)(F)F,,C66292088,100,0,0,0,1,0,1,0,0,0,0
FC(F)(F)CN(CC=C)C(=O)c1ccc2C(=O)N(CCCC)C(=O)c2c1,,C66292352,100,0,0,0,1,0,0,0,0,1,1
S(=O)(=O)(Cc1nc(CCCC)sc1)[C@H](C)c1ccc(OC(F)F)cc1,,C66503432,100,0,0,0,1,0,1,0,0,0,1
O=C(N(CC)[C@H](C)C(C)C)c1sc(C(=O)N(CC)[C@H](C)C(C)C)cc1,,C67114651,100,0,0,0,0,0,0,0,0,0,0
Ic1oc(/C=C/C(OCC(=O)O[C@@H]2[C@@H](C(C)C)CC[C@H](C)C2)=O)cc1,,C03226075,100,0,0,0,1,0,1,0,0,1,0
Clc1c(C)cc(OCCCOc2ccc(/C=C/3\C(=O)N(CC=C)C(=S)S\3)cc2)cc1,,C02878375,100,0,0,0,0,0,1,0,0,0,0
Clc1ccc(C2=C(C(F)(F)F)Oc3cc(OCC(OCC(C)C)=O)ccc3C2=O)cc1,,C01929474,100,0,0,0,1,0,1,0,0,0,0
S(Cc1cc(C(OC)=O)ccc1)C=1N(CC=C)C(=O)c2c(-c3ccc(C)cc3)csc2N=1,,C08950538,99.517967,0,0,0,0,0,0,0,0,0,1
Clc1c(-c2n(c(SCC(=O)c3ccccc3)nn2)-c2ccc(OCC)cc2)cccc1,,C02444778,99.960648,0,0,0,0,0,0,0,0,1,0
O(CCOc1c(/C=C\2/C(=O)n3c4ccccc4nc3S/2)cccc1)c1c(CC=C)cccc1,,C09334115,98.496696,0,0,0,1,0,1,0,0,0,0
Clc1ccc(OCc2n(c(SCc3c(C)cccc3)nn2)-c2ccc(OC)cc2)cc1,,C09309561,99.719643,0,0,0,0,0,1,0,0,0,0
Clc1ccc(SCCC(=O)N(CCc2sccc2)c2sc3cc(SC)ccc3n2)cc1,,C10097868,100,0,0,0,1,1,1,0,0,0,1
S(CC(=O)N(C)[C@H](C)c1ccc(F)cc1)c1n(c(Cc2sccc2)nn1)-c1ccccc1,,C11018091,99.554199,0,0,0,0,0,1,0,0,0,0
O(C)c1ccc(/C=N/N=C/2\N(Cc3cccc4ccccc34)C(=O)[C@H](CCCC)S\2)cc1,,C13617429,99.463058,0,0,0,0,0,1,0,0,0,0
Clc1c(CSc2n(Cc3occc3)c(COc3ccc(C)cc3)nn2)c(Cl)ccc1,,C02453367,99.916229,0,0,0,1,0,0,0,0,0,0
S=C1N(CCCCC)C(=O)/C(=C\c2ccc(OC(=O)c3c(C)c4ccccc4o3)cc2)/S1,,C13809884,100,0,0,0,1,0,0,0,1,0,0
Ic1c(OCCOCCOc2cccc3cccnc23)ccc(C)c1,,C02983653,99.899788,0,0,0,1,0,1,0,0,0,1
Clc1c(COc2c(OCC)cc(/C=C/3\C(=O)N(/C=C/C=C)C(=S)S\3)cc2)ccc(Cl)c1,,C16689111,100,0,0,0,0,0,0,0,0,0,0
S(CC(=O)c1c(C)n(c(C)c1)-c1cc(F)ccc1)c1n(C2CC2)c(Cc2sccc2)nn1,,C17273668,99.66423,0,0,0,0,0,1,0,0,0,0
S(CC(=O)N(CC[NH+]1CCOCC1)c1sc2cccc(CC)c2n1)c1ccc(F)cc1,,C20742713,59.590885,0,0,0,1,0,1,1,0,0,1
Brc1ccc2nc(N(Cc3occc3)C(=O)CCCSc3ccccc3)sc2c1,,C22897319,100,0,0,0,1,0,1,0,0,0,1
S(CC(=O)c1ccc2Cc3ccccc3-c2c1)c1n(CC=C)c(-c2c(OC)cccc2)nn1,,C23553908,99.876953,0,0,0,0,0,1,0,0,0,0
Clc1ccc2n(Cc3ccccc3)c(CSc3n(CCc4sccc4)cnn3)nc2c1,,C25593956,77.982811,0,0,0,1,0,1,0,0,0,0
Fc1c(C(=O)N(C[C@H](C)CC)CC(=O)N(Cc2sc(C)cc2)Cc2ccccc2)cccc1,,C33594489,100,0,0,0,1,0,1,0,0,0,1
Clc1c(Cl)ccc(C(=O)N(C[C@H](C)CC)CC(=O)N(Cc2sccc2)Cc2ccccc2)c1,,C33741658,100,0,0,0,1,0,1,0,0,0,1
Clc1c(Cl)ccc(C(=O)N(CC(C)C)CC(=O)N(Cc2sccc2)Cc2ccc(F)cc2)c1,,C34911280,100,0,0,0,1,0,1,0,0,0,1
Clc1ccc2C(=O)N(c3ccc(C)cc3)C([C@H](N(CC(C)C)C(=O)CCCC)C)=Nc2c1,,C35071725,99.294212,0,0,0,1,0,1,0,0,0,1
Clc1c(F)ccc(N2C([C@H](N(CCCC)C(=O)C3CC3)CC)=Nc3ccccc3C2=O)c1,,C35073098,99.16423,0,0,0,1,0,1,0,0,0,1
O=C(N(CCC)[C@H](CC)C=1N(c2ccc(CC)cc2)C(=O)c2ccccc2N=1)c1c(C)cccc1,,C35093470,99.137161,0,0,0,0,0,0,0,0,0,0
Clc1c(Cl)ccc(C(=O)N(CCCOC)Cc2n(Cc3cc(C(F)(F)F)ccc3)ccc2)c1,,C35304433,100,0,1,0,1,1,1,0,0,0,1
ClCCC(=O)N(CCCC)CC(=O)N1[C@H](c2ccc(C(C)(C)C)cc2)c2ccsc2CC1,,C35382420,100,0,0,0,0,0,1,0,0,1,0
O=C(N(CCC=1n2cc(-c3ccc4ccccc4c3)nc2SC=1)Cc1occc1)CC(C)C,,C35470734,81.252953,0,0,0,0,0,0,0,0,0,0
Fc1ccc(CN(Cc2sccc2)C(=O)CN(C(C)C)C(=O)c2cccc3ccccc23)cc1,,C35771144,100,0,0,0,0,0,0,0,0,0,1
Fc1c(C[NH+]2C[C@H](CN(CC(C)C)C(=O)c3ccccc3)[C@@H](c3cc(F)ccc3)C2)cccc1,,C35810284,95.231911,0,0,0,0,0,0,0,1,0,0
Fc1c(C[NH+]2C[C@H](CN(CC(C)C)C(=O)c3c(C)cccc3)[C@@H](c3ccccc3)C2)cccc1,,C35887812,96.167213,0,0,0,0,0,0,0,1,0,0
FC(F)(F)c1cc([C@H]2[C@H](CN(CC(C)C)C(=O)c3ccccc3)C[NH+](Cc3oc(C)cc3)C2)ccc1,,C35888136,87.532303,0,0,0,0,0,0,0,0,0,0
Clc1ccc(Oc2n(C)nc(c2CN(CCC)C(=O)c2sccc2)-c2ccccc2)cc1,,C35980426,99.917877,0,0,0,0,0,0,0,0,0,0
Brc1cc(C(=O)N(Cc2nc(COc3c(C(C)C)cccc3)sc2)[C@H](C)CC)ccc1,,C36105022,100,0,0,0,1,0,1,0,0,0,1
Clc1ccc(C(=O)N(CC(C)C)Cc2nc(COc3cc(C)c(C)cc3)sc2)cc1,,C36106878,100,0,0,0,1,0,1,0,0,1,1
S(CC(=O)N(CCn1c(C)cc(C)n1)c1sc2cccc(C(C)C)c2n1)c1ccccc1,,C38902253,99.845917,0,1,0,1,1,1,0,0,1,1
S(CC(=O)c1ccc(F)cc1)c1c(C#N)c(C(F)(F)F)cc(-c2ccc(SC(F)F)cc2)n1,,C39858458,99.973557,0,0,0,0,0,0,0,0,0,0
S(CC(=O)c1ccc(OC)cc1)c1c(C#N)c(C(F)(F)F)cc(-c2ccc(SC(F)F)cc2)n1,,C39858459,99.973228,0,0,0,0,0,0,0,0,0,0
S(=O)(=O)(N(C)Cc1n(Cc2ccc([C@@H](C)CC)cc2)c2ccccc2n1)c1ccccc1,,C39917863,82.93943,0,0,0,1,0,0,0,0,1,0
Clc1c(COc2c(OCC)cc(/C=C\3/C(=O)N(CC(C)C)C(=S)S/3)cc2)ccc(Cl)c1,,C40006131,100,0,0,0,0,0,0,0,0,0,0
S(CC(OCC)=O)C=1N(c2ccccc2)C(=O)C=2[C@@](C)(CCC)Cc3ccccc3C=2N=1,,C40032673,99.41378,0,0,0,0,0,0,0,0,0,1
Fc1ccc(O[C@@H](CC)C(=O)Oc2c(/C=C\3/C(=O)c4cc(CC)ccc4O/3)cccc2)cc1,,C40130457,100,0,0,0,0,0,1,0,0,0,1
O(CCCCn1c([C@H]2CN(c3c(C)cccc3)C(=O)C2)nc2ccccc12)c1cc(C)cc(C)c1,,C40251548,72.26857,0,0,0,0,0,0,0,0,1,0
O=C(N(Cc1occc1)Cc1cccc2ccccc12)CCc1oc(-c2ccc(C)cc2)cn1,,C41020807,100,0,0,0,1,0,1,0,0,0,0
S(CCc1ccncc1)c1n(c(CSc2sc3ccccc3n2)nn1)-c1ccccc1,,C45668996,98.823044,0,0,0,1,1,1,0,0,0,0
Clc1ccc(COc2c(OCC)cc(/C=C/3\C(=O)N(CC)/C(=[NH+]/CC)/S\3)cc2)cc1,,C12402013,66.627586,0,0,0,0,0,0,0,0,0,0
Clc1c(OCc2n(C)c(SCc3nc(-c4ccc(CC)cc4)sc3)nn2)cccc1,,C57594349,99.890846,0,0,0,1,0,1,0,0,0,0
Fc1c(N(C(=O)C)c2scc(/C=C/C(=O)c3ccc(OCC(C)C)cc3)n2)ccc(F)c1,,C58304172,100,0,0,0,0,0,0,0,0,0,1
Brc1ccc(-c2n(CCc3ccccc3)c(SCCn3nccc3)nn2)cc1,,C59933309,99.792389,0,0,0,0,0,1,0,0,0,0
S(Cc1cc(OC(F)F)ccc1)c1sc(SCc2cc(OC(F)F)ccc2)nn1,,C60245505,99.996239,0,0,0,0,0,0,0,0,0,0
Clc1cc(Sc2c([N+](=O)[O-])cc(C(=O)NCCCOC)cc2)ccc1,,C03020140,100,0,0,0,1,0,1,0,1,0,0
O(CC)C(=O)COc1ccc(/C=C(/C(=O)Nc2c(C)cccc2)\C#N)cc1,,C01195449,100,0,0,0,1,0,1,0,0,0,0
O(CC(=O)Nc1c(C)ccc(C)c1)C(=O)c1cc(OCC)c(OCC)cc1,,C03226079,100,0,0,0,1,1,1,0,0,1,0
S(CC(=O)Nc1ccccc1)c1n(CCCC)c(-c2c(C)occ2)nn1,,C04860324,99.59346,0,0,0,1,0,1,0,0,1,0
O(CCC)c1c(/C=N/Nc2nc(C)cc(C)n2)ccc(OCCC)c1,,C04924057,99.780548,0,0,0,1,1,1,0,0,0,0
O=C(N/N=C/c1ccc(N(CC)CC)cc1)[C@H](C)Cn1cnc2ccccc12,,C02686192,86.66777,0,0,0,1,0,1,1,1,0,0
O(CC(=O)Nc1c(C(OC(C)C)=O)c2CCCCc2s1)C(=O)[C@H]1[C@@H](C)C1,,C05694200,100,0,0,0,1,0,1,0,0,0,1
O(C)C(=O)c1cc(NC(=O)/C=C/c2cc(OC)c(OC(C)C)cc2)ccc1,,C01945410,100,0,0,0,1,0,1,0,0,0,1
O(CC)C(=O)c1c(NC(=O)[C@@H](OC(=O)/C=C/C)C)sc2C[C@H](C)CCc12,,C06844307,100,0,0,0,1,0,1,0,0,1,0
O[C@@H](COc1ccc(OCc2ccccc2)cc1)Cn1nnc2ccccc12,,C06864230,99.973358,0,0,0,1,1,1,0,1,1,0
O(CC(=O)NC1(C#N)CCCC1)C(=O)COc1cc(C)c(C(C)C)cc1,,C07241005,100,0,0,1,1,0,1,1,1,1,1
S([C@@H](C)C(=O)NC(C)(C)C)c1n(CC=C)c(-c2c(OC)cccc2)nn1,,C07773867,99.873573,0,0,0,0,0,1,0,0,0,1
O(C)C(=O)c1cc(NC(=O)CCc2c(C)n(CC(C)C)nc2C)c(C)cc1,,C07961378,99.792542,0,0,0,1,0,1,1,0,1,1
O(CC)C(=O)c1ccc(NC(=O)/C(=C/c2c(OC(C)C)cccc2)/C#N)cc1,,C01453867,100,0,0,0,1,0,1,0,1,0,0
O=C(N(CCCC)[C@@H](C)CC)CN1C(=O)[C@](C)(c2ccc(C)cc2)NC1=O,,C08643441,99.999619,0,0,0,1,0,1,0,0,1,1
O(CC(=O)Nc1cccc2ncccc12)C(=O)c1ccc(OCC(C)C)cc1,,C09482972,99.409904,0,0,0,1,0,1,1,0,1,0
O(CC(=O)Nc1scc(C)n1)C(=O)c1ccc(OCCC(C)C)cc1,,C09533469,100,0,0,0,1,0,1,1,0,1,0
O([C@@H](C)C(=O)Nc1c(OCC)cccc1)C(=O)Cn1c(C)cc2ccccc12,,C10622324,100,0,0,0,1,1,1,1,0,0,0
Clc1ccc(C(=O)N[C@@H]([C@@H](C)CC)C(OCc2onc(C)c2)=O)cc1,,C14677181,100,0,0,0,1,0,1,0,1,1,1
O(CC)C(=O)c1c(C)nc(N/N=C/c2ccc(OC(C)C)cc2)s1,,C16680070,99.982071,0,0,0,1,0,1,0,1,0,0
O=C1N(Cc2nc(-c3sccc3)oc2)C(=O)N[C@@]1(C)CCCCCC,,C21143881,99.999825,0,0,0,1,0,1,0,0,1,0
O(CC(=O)N[C@@H](C)CCC)C(=O)c1oc(-c2ccc(C(=O)C)cc2)cc1,,C21234704,100,0,0,0,1,0,1,0,0,1,0
S([C@@H](C)C(=O)N1C(=O)NCC1)c1n(CCCCCC)c2ccccc2n1,,C07098538,73.746529,0,0,0,1,0,1,0,0,1,1
O=C(Nc1sc(CCCC)nn1)c1c(COc2ccccc2)cco1,,C22240889,99.907082,0,0,0,1,0,1,1,1,1,0
O=C(N/N=C/c1ccc(N(CCC)CCC)cc1)[C@@H]1Oc2ccccc2OC1,,C23410907,99.999687,0,0,0,1,0,1,1,0,1,0
S([C@@H](C(C)C)C(=O)Nc1c(CC)cccc1)c1n(CC(C)C)nnn1,,C30758866,100,0,0,0,1,0,1,0,1,0,1
O(CC)C(=O)c1c(NC(=O)[C@H](OC(=O)/C=C/C)C)sc2C[C@@H](C)CCc12,,C32744889,100,0,0,0,1,0,1,0,0,0,0
Clc1nc(N[C@H](C)CC)c2c(C)c(C(OCCOC)=O)sc2n1,,C36327268,98.797974,0,0,0,1,0,1,0,1,0,0
FC(F)(F)Oc1ccc(OCc2oc(C(=O)NCc3occc3)cc2)cc1,,C36357442,100,0,0,0,0,0,0,1,0,0,0
O(CC)C(=O)c1c(C)[nH+]c(C)cc1Nc1ccc(C(OCC)=O)cc1,,C00211785,86.848343,0,0,0,0,0,0,0,1,0,0
S(CC(=O)Nc1ccc(OCC)cc1)c1n(CCC)c(C(C)C)nn1,,C01364224,99.550064,0,0,0,1,0,1,0,0,1,0
O(CC)C(=O)c1c(NC(=O)c2cc(C)c(C)cc2)scc1C(OCC)=O,,C41305344,100,0,0,0,1,0,1,0,0,0,0
[O-]C1=C([C@@H]([NH+](CC=C)CC=C)c2oc(C)cc2)Sc2[nH+]c(CC)nn12,,C41637332,41.208107,0,0,0,1,0,1,0,0,0,0
O=C1N(CCC)C(=O)C(N[C@@H](C)c2ccc(C(C)C)cc2)=NN1CCC,,C41669301,99.956665,0,0,0,1,0,1,0,1,1,1
O=C1N(CCC)C(=O)C(N[C@H](C)c2ccc(C(C)C)cc2)=NN1CCC,,C41669307,99.956665,0,0,0,1,0,1,0,1,0,1
S([C@H](C(C)C)C(=O)N[C@@H](C)CC)c1n(C)c(-c2ccc(OC)cc2)nn1,,C42990256,99.834694,0,0,0,0,0,0,0,0,0,1
O(CC)C(=O)Nc1cc(OC(=O)CCC(=O)c2ccc(C)cc2)ccc1,,C44569478,100,0,0,0,1,0,1,1,1,0,0
O=C(NC[C@H](N(C)c1ccccc1)C)CCc1onc(-c2ccccc2)n1,,C46837667,99.996483,0,0,0,1,0,1,1,0,0,0
O=C(NC[C@H](C)Cn1c(C)cc(C)n1)N(CCC)Cc1ccc(C#N)cc1,,C47095465,99.798141,0,0,0,1,0,1,1,0,0,0
FC(F)Oc1cc(CNC(=O)N(Cc2occc2)Cc2occc2)ccc1,,C51719125,100,0,0,0,0,0,0,1,0,0,0
S(CC(=O)N[C@H](C)CCC(C)C)c1n(C)c(-c2ccc(OC)cc2)nn1,,C08505094,99.839951,0,0,0,1,0,1,0,0,0,1
S(CC(=O)N[C@H](C)CCCC(C)C)c1nn2C(C)=C(C)C(C)=Nc2n1,,C59019374,89.016602,0,0,0,1,0,1,0,0,0,1
O=C(OC(C)(C)C)N(C)CC(=O)NCCOc1ccc(C(C)(C)C)cc1,,C60377040,100,0,0,0,1,0,1,1,0,0,0
O=C(Nc1sc(C(CC)CC)nn1)N(CC=C)Cc1cc(C#N)ccc1,,C63389856,99.864761,0,0,0,1,0,1,1,0,0,0
O=C(NCc1cnc(OC(C)C)cc1)N(CC=C)Cc1cc(C#N)ccc1,,C63402100,99.955025,0,0,0,1,0,1,1,0,0,1
O=C(NC[C@H](C)c1ccccc1)CCCn1nc(-c2ccccc2)nn1,,C63854366,100,0,0,0,1,1,1,1,0,1,0
O=C(N(CCC(C)C)CCC(C)C)CN1C(=O)[C@@]2([C@@H](C)CCCC2)NC1=O,,C57499658,99.999779,0,0,0,1,0,1,0,0,0,1
Clc1cc(Cc2nc(CNc3c(OCC)ccc(OC)c3)on2)ccc1,,C67450661,99.993416,0,0,0,1,0,1,1,0,0,1
Fc1c(C[C@H](NC(=O)CCOc2c([N+](=O)[O-])ccc(C)c2)C)cccc1,,C67466285,100,0,0,0,0,0,0,1,0,0,0
O(Cc1occc1)Cc1cc(NC(=O)[C@@H](Oc2cc(C#N)ccc2)C)ccc1,,C67493747,100,0,0,0,1,0,1,1,0,1,0
S=C1N(C)C(=O)/C(=C/c2ccc(N(CC)CC)cc2)/N1CC(OC)=O,,C02829096,100,0,0,0,1,0,1,0,0,1,0
Clc1ncc(C(OCC(=O)N(CCC#N)c2ccccc2)=O)cc1,,C04966369,99.997612,0,0,0,1,0,1,0,0,1,0
O(CC(=O)c1ccc2ccccc2c1)C(=O)C[C@@H](C)n1c(C)[nH+]c(C)n1,,C04988196,88.162064,0,0,0,1,1,1,0,0,1,1
O(CC)C(=O)CC([O-])=CN1C(=O)C=CC(c2cc(C)c(C)cc2)=N1,,C05401500,70.99308,0,0,0,1,0,1,0,0,1,1
O(CC([O-])=C(C#N)c1scc(C)n1)C(=O)c1cc(-n2cccc2)ccc1,,C06606667,86.95784,0,0,0,1,0,1,0,0,0,0
O=C(N(CC(=O)N(Cc1n(C)ccc1)Cc1occc1)[C@@H](C)CC)C,,C06707104,100,0,0,0,1,0,1,0,0,0,1
S(=O)(=O)(N(C)C)c1cc(CSc2n(CC=C)c(C)nn2)ccc1,,C08936523,99.510849,0,0,0,1,0,1,0,1,1,0
Fc1ccc(N(CCC#N)C(=O)COC(=O)c2c(C)nc(C)s2)cc1,,C10142545,100,0,0,0,1,0,1,0,0,0,1
O(CC(=O)N(C)CCC#N)C(=O)c1ccc(-n2c(C)ccc2C)cc1,,C03377905,100,0,0,0,1,0,1,0,1,1,0
S(CC(=O)N(CCC#N)Cc1occc1)c1n(C)c2ccccc2n1,,C07154008,73.970406,0,0,0,1,0,1,0,1,1,0
S(Cc1oc(C(C)C)nn1)c1n(CC=C)c(C(F)(F)F)nn1,,C20840166,99.993797,0,0,0,1,0,1,0,0,0,1
S(C)Cc1oc(SCC(=O)N(CC#N)c2ccccc2)nn1,,C22133224,99.998283,0,0,1,1,0,1,0,0,0,1
Fc1c(N(CCC#N)C(=O)COC(=O)c2c(C)nc(C)s2)cccc1,,C23879425,100,0,0,0,1,0,1,0,0,0,1
Clc1ncc(S(=O)(=O)N(CCOC)Cc2occc2)cc1,,C26837770,99.996864,0,1,0,1,0,1,0,0,1,1
S(=O)(=O)(N(C[C@H]1COCC1)C1CC1)CCn1cnc2ccccc12,,C32469391,88.175072,0,0,0,1,1,1,0,0,1,1
O(C)CCN(Cc1oc(C)cc1)C(=O)CN(C(C)C)C(=O)C(C)C,,C33785476,100,0,0,0,1,0,1,0,0,1,1
Cl[C@H](C)C(=O)N(CC(=O)N(CCOC)Cc1oc(C)cc1)C(C)C,,C06846636,100,0,0,0,1,0,1,0,0,1,1
O(C)C(=O)c1n(C)c(C)c(C(=O)CN(C(=O)C2CCC2)C2CC2)c1C,,C36006350,100,0,0,0,1,0,1,0,0,0,0
O(CC)C(=O)c1n(C)c(C)c(C(=O)[C@H](N(C(=O)C)C2CC2)C)c1C,,C36006483,100,0,0,0,1,0,1,0,0,0,0
O(C)C(=O)c1n(C)c(C)c(C(=O)[C@@H](N(CC(C)C)C(=O)C)C)c1C,,C36017541,100,0,0,0,1,0,1,0,0,0,0
O(CC)C(=O)c1n(C)c(C)c(C(=O)[C@H](N(C)C(=O)C2CC2)C)c1C,,C36028276,100,0,0,0,0,0,0,0,1,0,0
S(=O)(=O)(N(C)C(C)C)c1cc(C(O[C@@H](C)C(=O)C)=O)ccc1,,C22859093,100,0,0,1,1,0,1,0,1,1,0
S(CC(=O)C=1C(C)=C(C(OCC)=O)[C@H](C)N=1)c1sc(C)nn1,,C40018505,99.963478,0,0,0,1,0,1,0,0,1,1
S([C@@H](C)C(=O)N(CC)CC)c1sc(N(C(=O)C)C2CC2)nn1,,C42617981,99.898186,0,0,0,1,0,1,0,1,1,1
O=[N+]([O-])c1c(C)ccc(C(=O)N(CCOC)Cc2cscc2)c1,,C44446851,100,0,0,0,1,0,1,0,0,0,0
S(CC(=O)N(CC)C[C@H](C)C#N)c1n(C2CC2)c(C(C)C)nn1,,C53665213,99.54248,0,0,0,1,0,1,0,1,1,1
O(C)CCN(Cc1c(C)n(CC)nc1C)C(=O)c1cccc2CCOc12,,C55269641,99.842072,0,0,0,1,0,1,0,0,0,1
FC(F)Oc1c(OCC)cc(/C=C/C(=O)N(CC#N)CC#N)cc1,,C57684136,100,0,0,0,1,0,0,0,0,0,0
O(CC(=O)N(C)C)C(=O)c1ccc(OCc2nc(C)sc2)cc1,,C07310139,100,0,0,0,1,0,1,0,0,1,0
S(=O)(=O)(CC(=O)N(CC(C)C)CC(C)C)Cc1noc(C)c1,,C58615052,100,0,0,0,1,0,1,0,0,1,1
S([C@H](C)C(=O)N(CC)Cc1ccc(N(C)C)cc1)c1n(C)cnn1,,C58854478,99.899857,0,0,0,1,0,1,0,0,1,0
S(CC(=O)N(CCC#N)Cc1occc1)c1nc(C)cc(C)n1,,C60626040,99.865738,0,0,0,1,0,1,0,1,0,1
O=C(N(CC)C[C@@H]1COCC1)CCc1oc(-c2cscc2)nn1,,C48333431,99.995476,0,0,0,1,1,1,0,0,1,1
Fc1cc(OCCN(C)C(=O)CN(C)c2ncc(C#N)cc2)ccc1,,C62266596,99.360046,0,1,0,1,1,1,0,0,1,1
S(=O)(=O)(N(C)Cc1nc(CC)sc1)c1c(C(OC)=O)cccc1,,C63199460,100,0,0,0,1,1,1,0,0,1,1
O=C(N(CC=C)CC=C)[C@H](C)N1CCN(C(OC(C)(C)C)=O)CC1,,C63484122,88.443306,0,0,0,0,0,1,0,0,0,0
S(=O)(=O)(CCC)N1CCC(C(=O)N(CC)C[C@H](C)C#N)CC1,,C63646232,100,0,0,0,1,0,1,0,1,1,0
S(=O)(Cc1onc(CCC)n1)Cc1nc(-c2cc(F)ccc2)oc1,,C64823383,99.996719,0,0,0,1,1,1,0,0,1,1
N(C[C@@H]1OCCC1)(C[C@@H]1OCCC1)Cc1onc(-c2cscc2)n1,,C47774890,96.974014,0,0,0,1,0,1,0,0,1,1
O=C(CCC(C)C)N1CCN(C(=O)c2cnc(N(CC)CC)cc2)CC1,,C65557178,96.888481,0,0,0,0,0,1,0,0,0,0
S(=O)(=O)(N(C)CC(=O)N(C)CCC(F)(F)F)c1ccc(C#N)cc1,,C65759626,100,0,0,0,1,0,1,0,0,1,1
CC(C)CCc1nc(CN2CC[NH+](Cc3ncsc3)CC2)on1,,C65952416,97.268089,0,0,0,1,0,1,0,0,0,0
S(=O)(=O)(N(C)CCCOc1c(C)cccc1)c1nc(C)n(C)c1,,C66101301,99.961189,0,1,0,1,1,1,0,0,0,1
O(C)C(=O)CN(CC(OC)=O)C(=O)c1csc2C[C@@H](C)CCc12,,C66235649,100,0,0,0,1,0,0,0,0,0,1
FC(F)(F)c1ccc(C(=O)N(CC(OC)=O)CC(OC)=O)cc1,,C66235694,100,0,0,0,1,0,1,0,0,0,1
S(=O)(=O)(N(CC=C)Cc1cc(C#N)ccc1)c1cn(CC)nc1,,C66914899,99.995384,0,1,0,1,1,1,0,0,0,0
S([C@H](C)C(=O)N(Cc1cscc1)C1CC1)c1n(C2CC2)nnn1,,C67329706,100,0,0,0,1,0,1,0,0,0,1
[S-]c1[n+](CN(C)Cc2sc(CC)nc2)nc(N(C)C)n1C(C)C,,C67440617,99.165382,0,0,0,1,0,1,0,0,0,1
S(=O)(=O)(Cc1oc(-c2sccc2)cn1)[C@H](C)C(=O)N(CC)CC,,C67485371,100,0,0,0,1,0,1,0,1,0,1
S(CCCN1C(=O)OCC1)c1n(CCc2sccc2)cnn1,,C67653509,99.858452,0,0,0,1,1,1,0,0,1,0
O=C(COc1c(C)c2OC(=O)C=C(C)c2cc1)c1c(C)n(C)c2ccccc12,,C02091590,100,0,0,0,1,0,1,0,0,0,0
Ic1c(C(=O)Oc2c([N+](=O)[O-])cccc2)cccc1,,C00674830,100,0,0,0,0,0,0,0,0,0,0
O=C(N(C)Cc1ccccc1)c1nn2C(C)=CC(c3ccccc3)=Nc2c1,,C00829520,99.808342,0,0,0,1,0,1,0,0,0,0
FC(F)(F)c1ccc(-c2c(-c3nccnc3)cnc(-c3cnccc3)n2)cc1,,C01501102,99.773834,0,0,0,0,0,1,0,0,1,0
O=C1C(=Cc2cn(CC=C)c3ccccc23)C(=O)OC(c2ccccc2)O1,,C00669582,100,0,0,0,1,0,0,0,0,0,0
FC(F)(F)c1cc(CN2C(=O)c3cnn(-c4c(C)cccc4)c3N=C2)ccc1,,C04479061,99.955032,0,0,0,0,0,0,0,0,0,0
Brc1ccc(-c2nc(Cn3cc(C=O)c4ccccc34)on2)cc1,,C01084434,99.99852,0,0,0,1,0,0,0,0,0,0
Fc1ccc(/C(=C/c2c(C)n(c(C)c2)-c2ccc([N+](=O)[O-])cc2)/C#N)cc1,,C02333274,100,0,0,0,0,0,0,0,0,0,0
N(CC)(CC)c1ncnc2c1sc1nc(CC)c3COC(C)(C)Cc3c21,,C02274765,94.745789,0,0,0,1,0,1,0,0,0,0
S(CC1=CC(=O)Oc2cc(C)ccc12)C=1N(CC)C(=O)c2ccccc2N=1,,C05213654,96.388542,0,0,0,0,0,0,0,0,0,0
Clc1c(S(=O)(=O)Oc2n(C)nc(C(F)(F)F)c2)ccc(Cl)c1,,C02147733,99.999763,0,0,0,1,0,1,0,0,1,0
Brc1ccc(-n2c(COc3c(C)cc(C)cc3C)nnn2)cc1,,C06759970,100,0,0,0,1,0,1,0,0,0,0
S(=O)(=O)(c1c(N(C)C)oc(-c2c(C)cccc2)n1)c1ccc(F)cc1,,C07002465,100,0,0,0,0,0,0,0,0,0,0
Clc1c(CSc2n(-c3cc(F)ccc3)nnn2)cc2ccccc2n1,,C08075302,99.930832,0,0,0,0,0,1,0,0,0,0
S(Cc1c(C)c(-c2ccc(F)cc2)on1)c1n2CCCCCc2nn1,,C09366105,99.504448,0,0,0,0,0,1,0,0,0,0
S(Cc1c(C#N)c2n(c1)C=CC=C2)c1n(-c2c(C)cc(C)cc2)cnn1,,C10193415,99.711296,0,0,0,0,0,0,0,0,0,0
Clc1c(Sc2oc(-c3c(C)occ3)nn2)ncc(C(F)(F)F)c1,,C14120866,99.993279,0,0,0,0,0,1,0,0,0,0
O=C(C)c1ccc(-c2oc(/C=C\3/C(=O)ON=C/3c3ccccc3)cc2)cc1,,C20310943,100,0,0,0,0,0,1,0,0,0,0
Clc1cc(CSc2n(C)c(-c3sccc3)nn2)cc2OCCOc12,,C22005834,99.857895,0,0,0,1,0,1,0,0,0,0
O=C(N(C)[C@H](C)c1sc2ccccc2n1)c1noc(-c2ccccc2)c1,,C24537670,100,0,0,0,1,0,1,0,0,0,0
S(=O)(=O)(Oc1n(-c2ccccc2)nc(C)c1)c1ccc2ccccc2c1,,C26462885,99.979218,0,0,0,1,1,1,0,0,1,0
Clc1cc(-c2oc(Sc3nc(C(F)(F)F)ccn3)nn2)ccc1,,C29439146,99.998917,0,0,0,1,0,1,0,0,0,0
O(CC)/C=N/C=1C(C#N)(C#N)[C@H](c2ccccc2)[C@H]2CCCC=C2C=1C#N,,C36613058,99.993515,0,0,0,1,0,1,0,0,0,0
Clc1c(Cn2cc(/C=N/n3cnnc3)c3ccccc23)ccc(Cl)c1,,C01093744,99.937431,0,0,0,0,0,0,0,0,0,0
Fc1ccc(N2c3ccccc3C=C3C(=O)N(CCCC)C(=O)N=C23)cc1,,C02124417,97.658379,0,0,0,0,0,1,0,0,0,1
O=C/1N(CC=C)/C(=N/c2sc(C)nn2)/S\C\1=C\c1c(C)cccc1,,C05214969,99.43679,0,0,0,1,0,1,0,0,1,0
Clc1c(-c2oc(/C=C\3/C(=O)N(CCC)C(=O)C(C#N)=C/3C)cc2)cccc1,,C38603445,100,0,0,0,0,0,1,0,0,0,1
S(C)c1c2ccccc2nc-2c1C(=O)CCc1c(OC)c(C)n(OCC)c-21,,C39456784,94.808617,0,0,0,0,0,0,0,0,0,0
O=C/1N(CC)/C(=N/c2nc(C)ccc2)/S\C\1=C/c1ccc(N(C)C)cc1,,C39863374,87.265633,0,0,0,0,0,1,0,0,0,0
Clc1c(N2C([C@H](N(C)C(=O)C(C)C)C)=Nc3ccccc3C2=O)cccc1,,C35069452,99.182899,0,0,0,0,0,0,0,0,0,1
O=C1N(Cc2occc2)[C@H](c2ccccc2)c2c(-c3ccccc3)nn(C)c12,,C41003685,99.999878,0,0,0,0,0,1,0,0,0,0
O=C1N(c2ccc(C(C)C)cc2)C[C@@H](c2nc(-c3c(C)cccc3)on2)C1,,C44416200,99.991943,0,0,0,0,0,1,0,0,0,0
O([C@@H](C)C1=NC(=O)C2=C(C)[C@@H](C)SC2=N1)C(=O)c1cc(C)c(C)cc1,,C44657491,99.997261,0,0,0,1,0,1,0,0,0,0
Clc1c(-c2onc(CS(=O)(=O)c3c(C)cc(C)cc3)n2)cccc1,,C47654942,99.997696,0,0,0,1,0,1,0,0,0,1
Clc1c(/C=C/C(=O)N2CC(c3onc(-c4sccc4)n3)C2)cccc1,,C49483944,99.997398,0,0,0,1,1,0,0,0,1,0
FC(F)Oc1c([C@@H]2n3ncnc3N=C(c3ccc(F)cc3)C2)cccc1,,C02918043,99.10051,0,0,0,1,0,1,0,0,0,0
S(=O)(=O)([C@H](C)c1onc(-c2cc(F)c(C)cc2)n1)c1c(C)cccc1,,C52617603,99.999191,0,0,0,1,1,1,0,0,0,1
O=C/1N(CC=C)/C(=N/c2sccn2)/S\C\1=C/c1ccc2ncccc2c1,,C54361082,98.782402,0,0,0,0,0,0,0,0,0,0
Clc1cc(-n2c(C)c(C(=O)N(C)[C@@H](C)c3sccc3)nn2)ccc1,,C55389109,99.998375,0,0,0,1,0,1,0,0,0,0
Clc1cc(-n2c(SCC=3N(C)C(=O)c4ccccc4N=3)ncc2)ccc1,,C29589857,79.092026,0,0,0,1,0,0,0,0,1,1
O=C(C)c1ccc(-c2oc(/C=C/3\C(=O)N(c4ccccc4)N=C\3C)cc2)cc1,,C06955308,99.999596,0,0,0,0,0,0,0,0,0,0
Brc1c(Oc2nc(Cl)nc(OC(C)C)n2)ccc(F)c1,,C61520824,100,0,0,0,0,0,1,0,0,0,0
Fc1c(C(=O)Oc2c(C)c3O/C(=C\c4ncccc4)/C(=O)c3cc2)cccc1,,C41292439,97.850433,0,0,0,0,0,0,0,0,0,0
O=C(N(C)c1c(-c2ccccc2)cccc1)CC1=NN(C)C(=O)c2ccccc12,,C64815520,100,0,0,0,0,0,1,0,0,0,0
S(=O)(=O)(N(C)c1cc(C)ccc1)c1c(c(C)sc1C)-c1oncc1,,C64845235,100,0,0,0,1,0,1,0,0,0,0
O(CC)c1ccc(N2C(=O)c3n(cc(-c4cc(C)c(C)cc4)n3)C=C2)cc1,,C65060536,91.978714,0,0,0,0,0,0,0,0,0,0
S(=O)(=O)([C@H](C)c1onc(-c2cc(F)c(C)cc2)n1)c1cc(C)ccc1,,C65524090,99.999199,0,0,0,1,1,1,0,0,0,0
S(Cc1n(CC)c2ccc(F)cc2n1)C=1N(C)C(=O)c2ccccc2N=1,,C66256249,80.020149,0,0,0,0,0,0,0,0,0,0
Clc1c(F)ccc([C@H]2OCCN(Cc3onc(-c4sccc4)n3)C2)c1,,C66844985,99.378807,0,0,0,1,0,1,0,0,0,0
Fc1c(F)ccc([C@@H]2OCCN(Cc3onc(-c4c(C)cccc4)n3)C2)c1,,C66850428,99.439537,0,0,0,1,1,1,0,0,0,0
O(C)C(=O)c1n(CC(=O)N(CC=C)c2ccccc2)c2sccc2c1,,C05085009,100,0,0,0,1,0,0,0,0,0,0
O(CC(=O)c1c(C)n(Cc2occc2)c(C)c1)C(=O)c1sc(C)cc1,,C03537720,100,0,0,0,1,0,1,0,0,1,0
S(CC(=O)N(CC)Cc1onc(-c2ccccc2)n1)c1ccccc1,,C05483129,99.998329,0,0,0,1,0,1,0,0,1,1
O(CC(=O)N(C)Cc1sccc1)C(=O)Cc1coc2cc(C)c(C)cc12,,C05628239,100,0,0,0,1,0,1,0,0,1,1
S(CC(=O)c1ccc(OCC)cc1)c1oc(-c2sccc2)nn1,,C02624341,99.997276,0,0,0,0,0,1,0,0,1,0
FC(F)(F)c1ccc(C(OCC(=O)N(CC#N)c2ccccc2)=O)cc1,,C05978910,100,0,0,0,1,0,1,0,0,0,1
O(C)c1c(OC)cc2C=C(c3cc(OCC)c(OCC)cc3)OCc2c1,,C02535354,100,0,0,0,1,0,0,0,0,0,0
Clc1c(OCC(=O)c2c(C)n(CC)c(C(OC)=O)c2C)cccc1,,C06740362,100,0,0,0,1,0,0,0,0,0,0
O(Cc1sc2ccccc2n1)C(=O)COc1ccc(C(=O)C)cc1,,C07241994,100,0,0,0,1,0,1,0,0,1,0
S(CC(=O)c1sc(C)cc1)C=1N(CCOC)C(=O)c2ccccc2N=1,,C07391885,97.212105,0,0,0,1,0,1,0,0,1,1
FC(F)Oc1c(OCC)cc(/C=C(\C#N)/C(=O)c2c(C)occ2)cc1,,C07714466,100,0,0,0,1,0,0,0,0,0,0
O(CC(=O)N(C)Cc1c(C)cc(C)cc1)C(=O)c1cc(N(C)C)ccc1,,C07370963,100,0,0,0,1,0,1,0,0,0,0
S(CC(=O)c1cc(F)c(F)cc1)c1n(Cc2occc2)c(C(C)C)nn1,,C10931418,99.678375,0,0,0,0,0,1,0,0,0,0
S(CC(=O)N(C)Cc1sccc1)c1n(CC)c(-c2ccccc2)nn1,,C11020608,99.887985,0,0,0,1,1,1,0,0,0,0
S(CCOc1ccc(C#N)cc1)c1n(-c2ccc(OC)cc2)ccn1,,C11395288,76.121674,0,0,0,0,0,0,0,0,0,0
S(C)c1nc(C)c(CCC(=O)N(C)Cc2ccc(N(C)C)cc2)c(C)n1,,C12606603,99.77401,0,0,0,1,0,1,0,0,1,1
Clc1c(Cn2c(CN(Cc3occc3)C(=O)C(C)C)ncc2)cccc1,,C06723374,75.731674,0,0,0,1,0,1,0,0,0,1
S(CC=C)c1n(Cc2oc(C)c(C(OC)=O)c2)c2ccccc2n1,,C12546557,73.445183,0,0,0,0,0,0,0,0,0,0
O([C@@H](C)c1n(C[C@H](CCC#N)C#N)c2ccccc2n1)c1ccccc1,,C14286751,86.446442,0,0,1,1,0,1,0,0,0,0
O(CCn1c(CN2CCOCC2)nc2ccccc12)c1ccc(CC)cc1,,C12413434,56.226669,0,0,0,1,0,1,0,0,1,1
S(CC(=O)c1sc(C)cc1)c1oc(COc2ccc(F)cc2)nn1,,C25487752,99.999237,0,0,0,1,0,1,0,0,1,1
Fc1c(C)ccc(C(OCC(=O)N(CCC#N)c2c(F)cccc2)=O)c1,,C30719252,100,0,0,0,1,0,1,0,0,1,0
N(C[C@H]1OCCC1)(Cc1onc(-c2sccc2)n1)Cc1sccc1,,C32751567,96.822182,0,0,0,1,1,1,0,0,0,1
Fc1c(CN(C[C@H]2ON=C(c3ncccc3)C2)C(=O)CC(C)C)cccc1,,C35616165,99.034874,0,0,0,1,0,1,0,0,0,0
Clc1cc(Cn2c(CN(Cc3occc3)C(=O)C(C)C)ncc2)ccc1,,C06689015,75.359283,0,0,0,1,0,1,0,0,1,1
O=C(N(Cc1occc1)Cc1ccc(N(C)C)cc1)/C=C/c1occc1,,C40112600,100,0,0,0,0,0,0,0,0,0,0
S(=O)(=O)(CCOc1ccccc1)Cc1nc(-c2ccccc2)oc1,,C44640169,100,0,0,0,1,1,1,0,0,0,1
Clc1cc(Cl)cc(S(=O)(=O)N(CCC)CC(OC)=O)c1,,C47952691,100,0,0,0,1,0,1,0,0,1,1
Clc1n(CC(C)C)nc(C)c1/C=C/C(=O)N(CC)C[C@H]1COCC1,,C57729273,99.965935,0,0,0,1,0,1,0,1,1,1
Clc1c(CS(=O)(=O)[C@@H](C)c2onc(CCCC)n2)cccc1,,C58024738,99.997452,0,0,0,1,1,1,0,0,1,1
S(CC(OCc1oc(-c2ccccc2)nn1)=O)c1c(F)cccc1,,C05418657,99.998848,0,0,0,1,1,1,0,0,0,0
S(CCSc1cc(C)c(C)cc1)c1n(C[C@H]2OCCC2)nnn1,,C58987212,100,0,0,0,1,0,1,0,0,1,0
Clc1cc(-c2oc(SCCC(=O)N(CC)CC)nn2)ccc1,,C06416052,99.99781,0,0,0,1,0,1,0,0,0,0
O(C)CCCN1C(=O)/C(=C\c2cccc3ccccc23)/C(C(OC)=O)=C1C,,C59435660,100,0,0,0,1,0,1,0,0,0,0
Clc1cc(-c2n(CC=C)c(SCC[NH+]3CCOCC3)nn2)ccc1,,C59822675,90.204926,0,0,0,0,0,0,0,0,0,0
S(CC(=O)N(CC)Cc1sccc1)c1oc(-c2ccc(F)cc2)nn1,,C16628979,99.99791,0,0,0,1,1,1,0,0,0,0
Fc1c(-c2oc(/C=C/C(=O)N(C)CC(=O)N(CC)CC)cc2)cccc1,,C23800520,100,0,0,0,0,0,1,0,0,0,1
O=C(/C=C/c1c(-c2ccncc2)nn(C)c1)c1ccc(OCCC)cc1,,C63277515,95.216377,0,0,0,1,0,0,0,0,1,0
N(CC=C)(Cc1oc(-c2ccc(C)cc2)nn1)Cc1cc(C#N)ccc1,,C63300153,89.755264,0,0,0,0,0,1,0,0,0,0
S(Cc1nc(CC)on1)Cc1nc(-c2cc(OC)ccc2)sc1,,C63642795,99.992012,0,0,0,1,0,1,0,0,1,0
O(CCn1c(C)nc2ccccc12)C(=O)c1nc(CC(C)C)sc1,,C64102573,65.882851,0,0,0,1,0,1,0,0,0,0
S(CCOc1cc(C)c(C(C)C)cc1)c1oc(C2=NC=CC2)nn1,,C64138985,99.73349,0,0,0,1,0,1,0,0,0,0
S(CCOc1ccc(OC)cc1)Cc1[nH+]c2n(C(C)=CC(C)=N2)c1,,C64854987,99.208954,0,0,0,1,0,1,0,1,1,0
O=C(/C=C/c1c(OC(C)C)c(OC)ccc1)c1c(C)n(CC)nc1C,,C65722584,99.966965,0,0,0,1,0,1,0,0,0,1
Brc1c(OCC)c(OC)cc(/C=C/C(=O)c2cn(CC)nc2)c1,,C65999935,99.990791,0,0,0,1,0,1,0,1,0,0
Clc1c(Cc2oc(SCC(OC(C)C)=O)nn2)c(F)ccc1,,C66257768,99.998688,0,0,0,1,0,1,0,0,0,1
N(C[C@H]1OCCC1)(Cc1sccc1)[C@H](C)c1oc(-c2ccccc2)nn1,,C66696121,83.837631,0,0,0,1,0,1,0,0,0,0
FC(F)(F)COc1c(OCc2oc(-c3ccccc3)nn2)cccc1,,C66824743,99.998611,0,0,0,0,0,1,0,0,0,0
Fc1c(OCCCC(=O)Oc2ccc3C=CC(=O)Oc3c2)ccc(F)c1,,C67022360,100,0,0,0,1,0,1,0,0,0,0
O([C@H](C)c1cc(C#N)ccc1)C(=O)/C=C/c1cn(CCC#N)c2ccccc12,,C67641436,100,0,0,0,0,0,0,0,0,0,0
O=[N+]([O-])c1sc(/C=C/C(=O)N(Cc2ccccc2)Cc2ccccc2)cc1,,C04078806,100,0,0,0,0,0,0,0,0,0,0
S(CC(=O)c1c(OC(F)F)cccc1)c1oc(-c2ccccc2)nn1,,C00945359,99.998024,0,0,0,1,0,1,0,0,0,0
O(C)C[C@@H](N(C(=O)Cn1cnc2ccccc12)c1c(C)cccc1CC)C,,C00937523,89.794327,0,0,0,0,0,1,0,0,0,1
S(CC(=O)Oc1ccc(C(OC)=O)cc1)c1sc2ccccc2n1,,C05197492,100,0,0,0,0,0,0,0,0,0,0
[S-]c1n(/N=C/c2ccc(OCc3ccccc3)cc2)c(CCC)n[nH+]1,,C05411298,99.194603,0,0,0,1,1,1,0,1,0,0
S=C1N(CCCCCC)C(=O)/C(=C\c2ccc([N+](=O)[O-])cc2)/S1,,C05502037,100,0,0,0,1,0,0,0,1,0,0
S(CCOc1ccc(C#N)cc1)c1n(C2CC2)c(-c2c(F)cccc2)nn1,,C09638557,99.907364,0,0,0,0,1,0,0,0,0,0
O(Cc1nc(-c2sccc2)oc1)C(=O)CCc1sc2ccccc2n1,,C05995222,100,0,0,0,1,0,1,0,0,0,0
S(Cc1c(C(OCC)=O)cco1)c1oc(-c2ccc(F)cc2)cn1,,C10715130,100,0,0,0,0,0,0,0,0,0,0
O(CC)C(=O)COc1ccc(/C=C\2/C(=O)N=C(c3ccc(C)cc3)S/2)cc1,,C12413395,99.998405,0,0,0,1,0,1,0,0,0,0
S(CC)C=1SC=2N(C(=O)C=C(COc3c(CC=C)cccc3)N=2)N=1,,C13367585,99.874077,0,0,0,1,0,1,0,0,0,0
O(CC(=O)N(C(C)C)c1ccccc1)C(=O)/C=C/c1cccc2cccnc12,,C14811105,99.143929,0,0,0,1,0,1,0,0,1,0
Clc1ccc(-c2oc(SCCOc3c(OC)cccc3)nn2)cc1,,C15669892,99.997581,0,0,0,0,0,1,0,0,0,0
Clc1cc(OCCSc2n(C3CC3)c(-c3ccncc3)nn2)ccc1,,C22988471,97.26844,0,0,0,0,1,1,0,0,0,0
S(CC(=O)c1c(C)cc(C)cc1C)c1n(CCC)c(-c2ccncc2)nn1,,C23582235,97.298576,0,0,0,0,0,1,0,0,0,1
S([C@H](C)C(=O)c1c(C)ccc(C)c1)c1n(CCC)c(-c2ccncc2)nn1,,C23951754,97.292442,0,0,0,1,0,1,0,0,0,0
N(Cc1nc(-c2ccc(C)cc2)on1)(Cc1sccc1)Cc1occc1,,C12799085,95.199577,0,0,0,1,0,1,0,0,0,0
Clc1c(COC(=O)Cc2oc(Cc3c(C)onc3C)cc2)c(F)ccc1,,C28578510,100,0,0,0,0,0,0,0,0,0,0
FC(F)(F)c1cnc(N(C)c2ccc(O[C@H](C)C(OC)=O)cc2)cc1,,C29254040,99.446602,0,0,0,1,0,0,0,0,1,0
S(Cc1c(C(OCC)=O)c(C)c2ccccc2n1)c1n(CC)ccn1,,C31204607,63.145931,0,0,0,0,0,1,0,0,0,0
Clc1ccc2N=C([C@@H](N(CCCC)C(=O)CCC)C)N(C)C(=O)c2c1,,C35006666,98.202232,0,0,0,1,0,1,0,0,1,1
O=C(N(C)[C@H](CC)C=1N(C)C(=O)c2ccccc2N=1)[C@@H](CC)CCCC,,C35008525,97.991898,0,0,0,1,0,1,0,0,0,1
S(=O)(=O)(Oc1n(-c2cc(C)ccc2)nc(C(F)(F)F)c1)CCCC,,C35112520,100,0,0,0,1,0,1,0,0,0,0
S(Cc1nc(-c2ccccc2)oc1)c1n(CCOC)c2ccccc2n1,,C36849247,72.771446,0,0,0,1,0,1,0,0,0,0
O(CC)C(=O)c1n(C)c(C)c(C(=O)COc2ccc(C(C)C)cc2)c1C,,C06740149,100,0,0,0,1,0,1,0,0,0,0
O(CC)c1ccc(N(C)CC2=CC(=O)Oc3ccc(OCC)cc23)cc1,,C06743152,100,0,0,0,0,0,0,0,0,1,0
S(Cc1ccc(C#N)cc1)c1n(CC)c(COc2ccc(C)cc2)nn1,,C02450675,99.872444,0,0,0,1,0,0,0,0,1,0
S([C@H](C)C(=O)c1ccccc1)c1n(CC(C)C)c(-c2occc2)nn1,,C14705293,99.944107,0,0,0,0,0,0,0,0,0,0
Clc1c(/C=C/C(OCCOc2ccccc2)=O)n2C=CSc2n1,,C39607522,79.099739,0,0,0,1,0,1,0,0,0,0
O(CC(=O)N(C(C)C)c1ccccc1)C(=O)c1c(-n2cccc2)ccs1,,C14172854,100,0,0,0,0,0,1,0,0,0,0
Brc1ccc(/C=C/C(OCc2onc(CC(C)C)n2)=O)cc1,,C45798931,99.998177,0,0,0,1,0,1,0,0,1,0
O(CCCCC)c1ccc(/C=C(/C#N)\c2n3CCCCCc3nn2)cc1,,C48417746,99.905098,0,0,0,0,0,1,0,0,0,0
Clc1ccc(OCCCSc2oc(-c3c(C)nc(C)s3)nn2)cc1,,C58604767,99.997948,0,0,0,1,0,1,0,0,1,0
S(CCOc1c(C)cccc1C)c1n(CC)c(-c2ccncc2)nn1,,C58826809,97.258896,0,0,0,0,0,1,0,0,0,0
O(CC)C(=O)COc1c(/C=C(/C#N)\c2sc3ccccc3n2)cccc1,,C59109340,100,0,0,0,1,0,1,0,0,0,0
S(CC(=O)c1ccc([C@H](C)CC)cc1)c1oc(-c2ccncc2)nn1,,C06952854,99.122421,0,0,0,0,0,1,0,0,0,0
S([C@H](C)C(OCC)=O)c1nn(c(-c2ccccc2)n1)-c1ccccc1,,C59312549,92.698227,0,0,0,0,0,1,0,0,0,1
O(C)C(=O)c1c(C)c(C(OCC)=O)sc1/N=C/c1c(C)ccs1,,C59460916,99.970917,0,0,0,0,0,0,0,0,0,0
O=C(CC(C)(C)C)/C(=C/c1ccc(OCc2c(C)onc2C)cc1)/C#N,,C60452906,100,0,0,0,0,0,1,0,0,1,0
S(CC(OCc1oc(-c2cc(C)ccc2)nn1)=O)c1cc(F)c(F)cc1,,C61371775,99.99884,0,0,0,1,1,1,0,0,0,0
O(CC)C(=O)COc1cc(C)c2C(=O)/C(=C/C=C/c3ccccc3)/Oc2c1,,C41432154,100,0,0,0,0,0,1,0,0,0,0
O=C(N(C(CC)CC)c1cc(C)c(C)cc1)C1=NN(CCC)C(=O)C=C1,,C63442395,100,0,0,0,1,0,1,0,0,0,1
Clc1c(CS(=O)(=O)Cc2onc(CCC(C)C)n2)c(Cl)ccc1,,C63860340,99.997963,0,0,0,1,0,1,0,0,0,1
O(C)C(=O)C=1[C@@H](C)C(CN([C@@H](C)CC)C(=O)c2sc(C)cc2)=C(C)N=1,,C64755545,99.998352,0,0,0,1,0,1,0,0,0,1
O(CC)C(=O)CN(CC1CC1)C(=O)c1c(C)c2c(C)cc(C)nc2s1,,C64946066,98.170128,0,0,0,1,0,1,0,0,1,1
S(C)c1nc(C)c(CCC(=O)Oc2c(C(=O)C)ccc(C)c2)c(C)n1,,C66516136,99.786034,0,0,0,1,0,1,0,0,0,1
FC(F)(F)Oc1c(CCC([O-])=C(C#N)c2oc3ccccc3n2)cccc1,,C67621971,98.164062,0,0,0,1,0,1,0,0,0,0
Fc1c(-c2oc(CCC(O[C@@H](C)c3cc(C#N)ccc3)=O)nc2)cccc1,,C67642469,100,0,0,0,0,0,1,0,0,0,0
O([C@H](C)c1cc(C#N)ccc1)C(=O)CCc1oc(-c2ccc(C)cc2)cn1,,C67642755,100,0,0,0,1,0,1,0,0,0,0
S(C)c1sc(CSC=2N(CCCC)C(=O)c3ccccc3N=2)nn1,,C67651918,96.683121,0,0,0,0,0,0,0,0,0,0
Clc1sc(CSC(SCc2sc(Cl)cc2)=C(P(=O)(OCC)OCC)C#N)cc1,,C02220101,100,0,0,0,1,0,1,0,0,0,1
O(CCCCCCCCOC1=C[C@H]2OC(=O)C=C(C)[C@@H]2C=C1)C1=C[C@H]2OC(=O)C=C(C)[C@@H]2C=C1,,C08439357,100,0,0,0,1,0,1,0,0,0,0
S([C@@H](C(OC)=O)c1ccc(F)cc1)c1n(CC(C)C)c(COc2ccc(CC)cc2)nn1,,C12854347,99.919304,0,0,0,1,0,1,0,0,0,1
O(CCOc1c(C)ccc(C(C)C)c1)[C@@H]1[C@@H](OCCOc2c(C)ccc(C(C)C)c2)OCCO1,,C16347776,100,0,0,0,1,0,1,0,0,0,0
Clc1c(Cn2c(CN(CC(C)C)C(=O)CN(CCCC)C(=O)c3cc(OC)ccc3)ccc2)cccc1,,C16458926,100,0,0,0,1,0,1,0,0,0,1
Fc1ccc(C(=O)N(CCC(C)C)CC(=O)N(CCCC)Cc2n(Cc3cc(C)ccc3)ccc2)cc1,,C16462414,100,0,0,0,1,0,1,0,0,0,1
O=C(N(CCCC)Cc1n(Cc2cc(C)ccc2)ccc1)CN([C@@H](C)CC)C(=O)c1sccc1,,C16462456,100,0,0,0,1,0,1,0,0,0,1
Clc1c(Cn2c(CN(CC(C)C)C(=O)CN(CC(C)C)C(=O)c3sccc3)ccc2)cccc1,,C16462850,100,0,0,0,1,0,1,0,0,0,1
Clc1c(Cn2c(CN(CC(C)C)C(=O)CN(C(C)C)C(=O)c3ccc(CC)cc3)ccc2)cccc1,,C16462935,100,0,0,0,0,0,0,0,0,0,1
O=C(N(CCC[NH+]1CCOCC1)c1sc2ccccc2n1)c1ccc(OCCCCC)cc1,,C20586574,93.97863,0,0,0,1,0,1,1,0,0,1
S(CC)[C@H]1[C@@H](OCc2ccccc2)[C@H](OCc2ccccc2)[C@H](OCc2ccccc2)[C@H](C)O1,,C22059218,100,0,0,0,1,0,1,0,0,0,1
O(CCOc1c(C)ccc(C(C)C)c1)[C@H]1[C@@H](OCCOc2c(C(C)C)ccc(C)c2)OCCO1,,C22340177,100,0,0,0,1,1,1,0,0,0,1
S(Cc1c(OC(F)F)cccc1)c1n(CCCOCC)c2ccc(C(OCC)=O)cc2n1,,C23429771,83.917305,0,0,0,0,0,0,0,0,0,0
O(CCCN(CN1C(=O)Sc2ccccc12)CN1C(=O)Sc2ccccc12)C[C@@H](C)CCC,,C25560519,99.993942,0,0,0,1,0,1,0,0,0,1
O(CCCCC)c1c(/C=C\2/C(=O)n3nc(-c4ccc(OCCCC)cc4)nc3S/2)cccc1,,C27022649,99.907349,0,0,0,1,0,0,0,0,0,0
O(CC=C)c1c(/C=C/2\C(=O)n3nc(-c4ccc(OCCCCCC)cc4)nc3S\2)cccc1,,C33168297,99.907425,0,0,0,1,0,0,0,0,0,1
S=C1N(C)C(=O)/C(=C/c2cc(OCC)c(OCCCOc3ccc([C@@H](C)CC)cc3)cc2)/S1,,C33430149,100,0,0,0,1,0,0,0,0,0,0
S=C1N(C[C@@H](CC)CCCC)C(=O)/C(=C\c2c(-c3ccc(OCC)cc3)nn(-c3ccccc3)c2)/S1,,C33660679,99.981361,0,0,0,1,0,1,0,0,0,0
O(CC)C(=O)/C(=C\C=C(\C=C/N(C)CC(=O)c1ccc(-c2ccccc2)cc1)/c1ccccc1)/C#N,,C34782224,99.999763,0,0,0,0,0,1,0,0,0,0
Clc1cc(Cn2c(CN(CCCCC)C(=O)/C=C/c3ccc([N+](=O)[O-])cc3)ccc2)ccc1,,C34793608,100,0,0,0,0,0,0,0,0,0,0
Fc1ccc(N2C([C@H](N(CCCC)C(=O)[C@@H](CC)CCCC)C)=Nc3ccccc3C2=O)cc1,,C35038696,99.133987,0,0,0,1,0,1,0,0,0,1
O=C(N(CC)[C@H](CC)C=1N(c2ccc(OCC)cc2)C(=O)c2ccccc2N=1)[C@@H](CC)CCCC,,C35041481,99.023872,0,0,0,1,0,0,0,0,0,1
Clc1ccc(N2C([C@H](N(CCCCC)C(=O)CCCCC)C)=Nc3ccccc3C2=O)cc1,,C35060647,99.12355,0,0,0,1,0,1,0,0,0,0
O=C(N(CCCCC)[C@H](CC)C=1N(c2ccc(OCC)cc2)C(=O)c2ccccc2N=1)CC(C)C,,C35061200,99.02552,0,0,0,0,0,0,0,0,0,1
Fc1ccc(N2C([C@H](N(CCCCCC)C(=O)CC(C)C)CC)=Nc3ccccc3C2=O)cc1,,C35067017,99.134163,0,0,0,0,0,1,0,0,0,1
Fc1cc(C(=O)N(CCCCCC)[C@@H](CC)C=2N(c3ccc(OC)cc3)C(=O)c3ccccc3N=2)ccc1,,C35068360,99.038872,0,0,0,0,0,0,0,0,0,1
O=C(N(CC)[C@@H](C)C=1N(c2ccc(OCC)cc2)C(=O)c2ccccc2N=1)[C@@H](CC)CCCC,,C35090477,99.023972,0,0,0,0,0,1,0,0,1,1
O=C(N(CC[NH+]1CCN(C(=O)[C@H](CC)CCCC)CC1)CC=1[C@H]2C(C)(C)[C@H](C2)CC=1)CCC,,C35097271,77.195221,0,0,0,0,0,0,0,0,1,0
Clc1c(-c2n(c(SCCCC(=O)N(CCC)CCC)nn2)-c2ccccc2)cccc1,,C35172737,99.951241,0,0,0,0,0,0,0,0,0,0
Clc1nc(SCc2cc(C(=O)N(CCC)CCC)ccc2)nc(N(CC=C)CC=C)c1,,C35338235,99.074501,0,0,0,0,0,0,0,0,0,1
O(C)CCCN1[C@@H](c2ccc(OCCCCCC)cc2)C=2C(=O)c3cc(C)ccc3OC=2C1=O,,C35487588,100,0,0,0,1,0,0,0,0,1,0
Clc1c(Cn2c(CN(CC(C)C)C(=O)CN([C@@H](C)CC)C(=O)CC(C)(C)C)ccc2)cccc1,,C35752151,100,0,0,0,0,0,0,0,0,0,1
Clc1c(Cn2c(CN(CC(C)C)C(=O)CN(CCCC)C(=O)CC(C)C)ccc2)cccc1,,C35752190,100,0,0,0,1,0,1,0,0,0,1
O=C(N(CCCC)Cc1n(Cc2cc(C)ccc2)ccc1)CN([C@H](C)CC)C(=O)c1c(C)cccc1,,C35753272,100,0,0,0,0,0,0,0,0,0,1
Brc1ccc(Cn2c(CN(CCCC)C(=O)CN(C(C)C)C(=O)CCCC)ccc2)cc1,,C35753323,100,0,0,0,1,0,1,0,0,0,1
Brc1ccc(Cn2c(CN(CCCC)C(=O)CN(C(C)C)C(=O)C(C)(C)C)ccc2)cc1,,C35753327,100,0,0,0,0,0,1,0,0,0,1
O=C(N(Cc1c(C)ccs1)Cc1ccccc1)CN(CC(C)C)C(=O)[C@H](CC)CCCC,,C35774448,100,0,0,0,1,0,1,0,0,0,1
S(=O)(=O)(N(C[C@H](C)CC)CC(=O)N(Cc1sc(C)cc1)Cc1ccc(F)cc1)c1ccc(C)cc1,,C35808349,100,0,1,0,1,1,0,0,0,1,1
Clc1ccc(-c2nc3SC=C(CCN(CCOC)C(=O)c4ccc(OCCCC)cc4)n3c2)cc1,,C35838849,80.602325,0,0,0,1,0,1,0,0,1,0
O(CCCN1[C@@H](c2ccc(OCCCCCC)cc2)C=2C(=O)c3c(C)cc(C)cc3OC=2C1=O)C(C)C,,C38594207,100,0,0,0,1,0,0,0,0,0,1
O(CC)CCCN1[C@H](c2ccc(OCCCCCC)cc2)C=2C(=O)c3ccccc3OC=2C1=O,,C38609541,100,0,0,0,0,0,0,0,0,0,0
O(CC)c1c(OCCCCC)ccc([C@@H]2N(CCCC)C(=O)C=3Oc4ccc(C)cc4C(=O)C2=3)c1,,C40020651,100,0,0,0,1,0,0,0,0,0,0
O(CCCN1[C@@H](c2ccc(OCCCC)cc2)C=2C(=O)c3cc(CC)ccc3OC=2C1=O)C(C)C,,C40042252,100,0,0,0,1,0,0,0,0,1,1
O(C)CCCN1[C@H](c2ccc(OCCCCC)cc2)C=2C(=O)c3cc(CC)ccc3OC=2C1=O,,C40042379,100,0,0,0,0,0,0,0,0,0,0
O(C)CCN1[C@@H](c2ccc(OCCCCCC)cc2)C=2C(=O)c3cc(CC)ccc3OC=2C1=O,,C40042984,100,0,0,0,0,0,0,0,0,0,0
O(CC)c1c(OCCCCC)ccc([C@H]2N(CCCC)C(=O)C=3Oc4c(C)c(C)ccc4C(=O)C2=3)c1,,C40065926,100,0,0,0,1,0,1,0,0,0,0
O(C)CCCN1[C@@H](c2ccc(OCCCCCC)cc2)C=2C(=O)c3ccc(C)c(C)c3OC=2C1=O,,C40065985,100,0,0,0,1,0,0,0,0,1,0
Brc1ccc(Cn2c(CN(CCCC)C(=O)CN([C@H](C)CC)C(=O)C(C)C)ccc2)cc1,,C40368333,100,0,0,0,1,0,1,0,0,0,1
S(CCCOc1ccccc1)c1n(CCOC)c(COc2c(-c3ccccc3)cccc2)nn1,,C57780649,99.885544,0,0,0,1,0,1,0,0,0,0
Clc1ccc(-c2n(CCCCCC)c(SCc3n(CC(F)(F)F)ccn3)nn2)cc1,,C60376354,78.186455,0,0,0,1,0,1,0,0,0,0
Clc1c(C)cc(OCc2n(CC)c(SCC(OC(C)C)=O)nn2)cc1,,C00916067,99.913155,0,0,0,1,0,1,0,0,1,0
S(CC(=O)N(CC=C)CC=C)c1n(c(-c2occc2)nn1)-c1c(C)cccc1,,C04358019,99.981293,0,0,0,0,0,1,0,0,0,1
O=C(N(CCC)CC(=O)N1CN(c2cc(C)ccc2)C(=O)C1)C[C@H](C)CC(C)(C)C,,C04606381,100,0,0,0,1,1,1,0,0,1,1
Clc1cc(C)c(OCC(OCC(=O)N(CCC#N)c2cc(C)cc(C)c2)=O)cc1,,C05703549,100,0,0,1,1,1,1,0,0,1,0
S(CC(=O)N(CC(C)C)CC(C)C)c1n(C)c(-c2cc(OC)ccc2)nn1,,C06598114,99.903,0,0,0,1,0,1,0,0,0,0
O(C)C(=O)c1n(C)c(C)c(C(=O)[C@@H](N(CC=C)C(=O)[C@@H]2[C@H](c3ccccc3)C2)C)c1C,,C06704548,100,0,0,0,0,0,0,0,0,0,0
O(C)C(=O)c1n(C)c(C)c(C(=O)[C@H](N(CCC)C(=O)c2ccc(CC)cc2)C)c1C,,C06837950,100,0,0,0,0,0,1,0,0,0,0
S(CCOc1ccc(F)cc1)c1n(C)c(COc2ccc(OC)cc2)nn1,,C07236143,99.885269,0,0,0,1,1,1,0,0,1,0
O(CC(=O)c1c(C)n(c(C)c1)-c1ccccc1)C(=O)/C=C/c1ccc(OCC#N)cc1,,C09720109,100,0,0,0,1,0,1,0,0,1,0
Clc1c(O[C@H](C)C(OCC(=O)N(CCC#N)c2ccccc2)=O)ccc(Cl)c1,,C10729304,100,0,0,0,1,1,1,0,0,0,0
Clc1c(/C=C/C(OCC(=O)N(CC(OCC)=O)c2ccccc2)=O)cccc1,,C10979198,100,0,0,0,1,1,1,0,0,1,1
FC(F)Oc1c(C(=O)COC(=O)c2nc3ccccc3cc2)ccc(OC(F)F)c1,,C03421600,99.998436,0,0,0,1,1,1,0,0,0,0
S(CC(=O)N(C)Cc1ccccc1)c1n(CC)c2ccc(C(OCC)=O)cc2n1,,C06908112,85.84333,0,0,0,0,0,1,0,0,0,0
S(CC(=O)N(CC)CC)c1n(c(COc2c(F)cccc2)nn1)-c1ccccc1,,C04890359,99.799667,0,0,0,0,0,1,0,0,0,0
S(CCOC)c1n(c(-c2cc(OC)ccc2)nn1)-c1ccc(OCC)cc1,,C18325836,99.948639,0,0,0,0,0,0,0,0,1,0
Clc1cc(C)c(OCC(O[C@H](C)C(=O)N(CCC#N)c2ccccc2)=O)cc1,,C21678773,100,0,0,1,1,1,1,0,0,1,1
O(CC(=O)N(C1CC1)C=1CCCCC=1)C(=O)/C(=C/c1c(C)n(CCC)c(C)c1)/C#N,,C22027284,100,0,0,0,1,0,1,0,0,0,0
FC(F)Oc1ccc(CN(C)C(=O)COC(=O)c2ccc(N(C)C)cc2)cc1,,C22703936,100,0,0,0,1,0,1,0,0,0,0
S(CC(=O)c1c(C)n(CCC(C)C)c(C)c1)c1n(CC)c(-c2ccncc2)nn1,,C22713199,97.290039,0,0,0,1,0,1,0,0,1,0
S(=O)(=O)(N(C)C)c1ccc2n(CCCC)c(SCCc3ccncc3)nc2c1,,C26237640,82.208618,0,0,0,1,1,0,0,1,0,0
S(CC(=O)N1CC1)c1c(C(=O)C)c(C)nc(-c2ccc(OCCCC)cc2)n1,,C34763697,99.851448,0,0,0,1,0,0,0,0,0,1
Clc1nc(SCC(=O)N2CC[NH+](CC)CC2)nc(N(CCC)CCC)c1,,C34806750,96.882607,0,0,0,1,0,1,0,0,0,1
O(C)CCN1C([C@@H](N(C)C(=O)C[C@@H](C)CC(C)(C)C)C)=Nc2ccccc2C1=O,,C35030223,98.141594,0,0,0,1,0,1,0,0,0,1
Clc1ccc2N=C([C@H](N(CCOC)C(=O)CCCCC)C)N(C)C(=O)c2c1,,C35030977,98.245537,0,0,0,1,0,1,0,0,0,1
Clc1ccc2C(=O)N(C)C([C@H](N(CCCOC)C(=O)CCCC)C)=Nc2c1,,C35112836,98.37178,0,0,0,1,0,1,0,0,0,1
O(C)C(=O)c1n(C)c(C)c(C(=O)[C@@H](N(C)C(=O)C[C@H](C)CC(C)(C)C)C)c1C,,C35868581,100,0,0,0,1,0,1,0,0,0,1
O(CC)C(=O)c1n(C)c(C)c(C(=O)[C@@H](N(C)C(=O)[C@H](CC)CCCC)C)c1C,,C06740567,100,0,0,0,1,0,0,0,0,0,1
O(C)C(=O)c1n(CC)c(C)c(C(=O)CN(CC(C)C)C(=O)CC(C)(C)C)c1C,,C06838631,100,0,0,0,1,0,1,0,0,1,1
Fc1c(Oc2n(C)nc(c2CN(CCC)C(=O)COC)-c2ccccc2)cccc1,,C35977228,99.927055,0,0,0,1,0,1,0,0,0,0
O(C)C(=O)c1n(C)c(C)c(C(=O)[C@H](N(CCC(C)C)C(=O)c2ccccc2)C)c1C,,C36018372,100,0,0,0,0,0,0,0,0,0,0
O(C)C(=O)c1n(CC)c(C)c(C(=O)CN(CCC(C)C)C(=O)CC(C)C)c1C,,C36018778,100,0,0,0,1,0,1,0,0,1,1
Clc1cc(C)c(O[C@H](C)C(OCC(=O)N(CCC#N)c2ccccc2)=O)cc1,,C36185899,100,0,0,0,1,1,1,0,0,0,0
S(CC(=O)c1cc(OC)ccc1)c1n(CCOC)c(-c2cc(C)ccc2)nn1,,C36882604,99.905289,0,0,0,1,0,1,0,0,1,1
O(C)C[C@H](N(C(=O)Cn1c(COC)nc2ccccc12)c1c(C)cccc1CC)C,,C01128601,87.376694,0,0,0,1,0,1,0,0,0,1
O(C)Cc1n(CC(=O)N(COCC)c2c(C)cccc2CC)c2ccccc2n1,,C04919314,87.501595,0,0,0,1,1,1,0,0,0,1
O(CC(=O)N(CCC#N)c1ccc(C)cc1)C(=O)COc1c(C)cc(C)cc1C,,C06551372,100,0,0,0,1,1,1,0,0,1,0
O(CC)c1c(OCCCCC)ccc(/C=C\2/C(=O)N(CC)C(=O)C(C#N)=C/2C)c1,,C38603287,100,0,0,0,1,0,1,0,0,0,0
O(CC)CCCN1C(=O)/C(=C/c2ccc(OCCCC)cc2)/C(C)=C(C#N)C1=O,,C38606574,100,0,0,0,1,0,1,0,0,0,0
O=C(N(CCn1c(C)cc(C)n1)c1sc2cccc(OCC)c2n1)CCCC,,C38902651,99.845406,0,0,0,1,1,1,0,0,1,1
FC(F)Oc1ccc(C(O[C@H](C)C(=O)N(CCC#N)c2ccccc2)=O)cc1,,C39501576,100,0,0,0,1,0,1,0,0,0,0
Clc1c(OCc2n(CC=C)c(SCC[NH+]3CCOCC3)nn2)cc(C)cc1,,C39967407,90.33609,0,0,0,1,0,0,0,0,0,0
Fc1c(-c2cc(C)nc(C)c2)cc(NC=C(C(OCC)=O)C(OCC)=O)cc1,,C05139782,65.446548,0,0,0,1,0,1,0,0,0,0
Clc1c(S(=O)(=O)N(CC)CC)cc(C(OCC(=O)C(C)(C)C)=O)cc1,,C60380043,100,0,0,0,1,0,1,0,0,0,0
S(CC(=O)N(C)C(C)C)c1n(CCC(C)C)c(COc2ccccc2)nn1,,C61348791,99.901382,0,0,0,1,0,1,0,0,1,1
S(=O)(=O)(N(CC=C)Cc1cc(C#N)ccc1)c1ccc(C(OCC)=O)cc1,,C63310521,100,0,0,0,0,0,0,0,0,1,0
[S-]c1[n+](CN(CCC)CC#N)nc(COc2ccccc2)n1CCC(C)C,,C63729333,99.999222,0,0,0,1,0,1,0,0,1,1
S(=O)(=O)(Cc1onc(CCCC)n1)[C@H](C)c1ccc(OC(F)(F)F)cc1,,C66503684,99.997902,0,0,0,1,0,1,0,0,1,1
S(CC(=O)N(C)CCCC)C1=NC=Cn2nc(-c3ccc(OCC)cc3)cc12,,C67290344,98.804688,0,0,0,1,0,1,0,0,0,1
Clc1cc(Cc2nc(CN(C)c3ccc(OCCOC)cc3)on2)ccc1,,C67399499,99.996223,0,0,0,1,0,1,0,0,0,1
O(CC)C(=O)CN(CCC)Cc1nc(N(C(=O)C)c2ccc(C)cc2)sc1,,C67409299,92.782433,0,0,0,1,0,1,0,0,0,1
S(Cc1cc(OC)ccc1)c1n(CC=C)c(-c2ccc(F)cc2)nn1,,C04196791,99.86808,0,0,0,0,0,0,0,0,0,0
Brc1c(OCCOc2cc(OCC)ccc2)cccc1,,C02984901,100,0,0,0,1,0,1,0,0,0,0
Clc1ccc(OCCCCOc2cccc3ccc(C)nc23)cc1,,C03000537,99.712006,0,0,0,1,0,1,0,0,0,0
Fc1c(CN(CC[C@]2(c3ccccc3)C[C@@](C)(CC)OCC2)C(=O)C)cccc1,,C04907903,100,0,0,0,1,0,0,0,0,0,0
S(CC#N)c1n(CCc2ccccc2)c(Cc2sccc2)nn1,,C03318168,99.765327,0,0,0,1,0,1,0,0,1,0
S(Cc1cc(F)ccc1)c1n(CC=C)c(-c2ccc(OC)cc2)nn1,,C02454452,99.81118,0,0,0,0,0,0,0,0,0,0
S=C1N(CCCCC)C(=O)/C(=C\c2ccc(N(CC)CC)cc2)/S1,,C05867314,100,0,0,0,1,0,0,0,0,0,0
Brc1ccc(S(=O)(=O)N(CCCC)CCCC)cc1,,C05419581,100,0,0,0,1,0,1,0,0,0,0
Clc1cc(Cn2c(CN(CC=C)C(=O)Cc3ccccc3)ccc2)ccc1,,C06705741,100,0,0,0,0,0,0,0,0,0,0
S(Cc1c(F)cccc1)c1cn(CC(=O)N(C(C)C)C(C)C)c2ccccc12,,C06867553,100,0,0,0,0,0,0,0,0,0,0
O=C(N(CCC)CCC)c1ccc(-n2c(-c3ccccc3)cc(C)n2)cc1,,C08473427,99.949203,0,0,0,0,0,0,0,0,0,0
Fc1c(CN(Cc2occc2)C(=O)c2ccc(OCC)cc2)cccc1,,C08917568,100,0,0,0,0,0,0,0,0,0,0
Brc1cc(C#N)c(OCCOc2c(CC=C)cccc2)cc1,,C11944611,100,0,0,0,0,0,1,0,0,0,1
Clc1ccc(OCCCSc2c(C#N)cc(C(=O)C)c(C)n2)cc1,,C12909807,99.898079,0,0,0,1,0,1,0,0,0,0
S(Cc1ccc(F)cc1)c1n(CC=C)c(Cc2ccccc2)nn1,,C14091439,99.621223,0,0,0,0,0,0,0,0,0,0
O=C(N(CC=C)c1scc(-c2ccccc2)n1)c1ccc(OCC)cc1,,C14168947,100,0,0,0,1,1,1,0,0,0,1
N(/N=C(\[C@H](C)[C@H](C)/C(=N/N(C)C)/c1ccccc1)/c1ccccc1)(C)C,,C17060787,99.900192,0,0,0,0,0,0,0,0,0,0
[NH+](CCc1ccccc1)(Cc1ccncc1)Cc1ccc2ncccc2c1,,C13990057,96.252083,0,0,0,0,0,0,0,0,0,0
[NH+](CCc1ccccc1)(Cc1n(-c2sccn2)ccc1)Cc1ccccc1,,C19722704,97.60804,0,0,0,0,0,0,1,0,0,0
O=C(N(C)CCCC)c1cc(-c2ccc(OCC)cc2)nc2ccccc12,,C23306406,97.211655,0,0,0,0,0,1,0,0,1,0
O(CC(C)C)C(=O)/C=C/c1c(-c2sccc2)nn(-c2ccccc2)c1,,C32666278,99.984543,0,0,0,0,0,0,0,0,0,0
ClCCCC(=O)Oc1n(-c2c(Cl)cccc2)nc(C(C)C)c1,,C35111551,99.97496,0,0,0,0,0,1,0,0,0,0
ClCC(=O)N(CCCCC)Cc1n(Cc2cc(C)ccc2)ccc1,,C35298870,100,0,0,0,0,0,0,0,0,0,0
O(/N=C(/C)\c1c(C)n(c(-c2ccc(OC)cc2)c1)-c1ccccc1)CC=C,,C35843387,99.974152,0,0,0,0,0,0,0,0,0,0
BrCc1cc(Br)c(OCCOC)c(OCC)c1,,C37409639,100,0,0,0,1,0,1,0,0,0,1
Brc1c(C(=O)N(CCOC)C(CC)CC)ccc(F)c1,,C37501877,100,0,0,0,0,0,1,0,1,0,1
Brc1cc(Cl)c(OP(SCCC)(=O)OCC)cc1,,C02006794,100,0,0,0,1,0,1,0,0,0,0
S(C(C)C)c1n(CCc2ccccc2)c(Cc2sccc2)nn1,,C39561311,99.561897,0,0,0,0,0,0,0,0,0,0
S(Cc1nc(-c2ccc(F)cc2)sc1)c1n(CC=C)c(CC)nn1,,C39968397,99.51368,0,0,0,1,0,1,0,0,0,0
FC(F)(F)c1n(CCOc2c(CC=C)cccc2)c2ccccc2n1,,C40231793,99.767349,0,0,0,0,0,0,0,0,0,0
Brc1c(S(=O)(=O)N(CCCC)CC(F)(F)F)cccc1,,C40433693,100,0,0,0,1,0,1,0,0,0,0
ClC=1C(=C(C#N)C(=O)CSCc2cc(C)ccc2)NC=C(C(F)(F)F)C=1,,C41551930,64.018196,0,0,0,1,0,1,0,0,0,0
Brc1ccc(-c2n(CCOC)c(SCC=C)[nH+]c2)cc1,,C44323437,98.461449,0,0,0,0,0,0,0,0,0,0
Brc1cc(/C=C/C(=O)N(CCC)CC(OC)=O)ccc1,,C47952020,100,0,0,0,1,0,0,0,0,1,1
S(CC(=O)N(CC=C)Cc1sccc1)Cc1ccc(C#N)cc1,,C47981775,100,0,0,0,0,0,0,0,0,0,0
Clc1c(-c2nc([C@H](C#N)C(=O)CSCC=C)sc2)ccc(Cl)c1,,C51285525,56.749268,0,0,0,1,0,1,0,0,1,1
Clc1cc(C(F)(F)F)c(/N=C(\COCCC)/n2cncc2)cc1,,C13827900,94.976311,0,0,0,1,0,1,0,0,0,0
Clc1c(CN(CC)C(=O)CCc2oc([C@H]3[C@H](C)C3)cc2)cccc1,,C58700053,100,0,0,0,0,0,0,0,0,0,0
FC(F)(F)c1cc(/C=C/C(=O)c2ccc(OCCOC)cc2)ccc1,,C59270541,100,0,0,0,1,0,0,0,1,1,0
Clc1ccc(S(=O)(=O)CCN(CC=C)Cc2c(F)cccc2)cc1,,C59834176,86.137726,0,1,0,1,0,1,0,0,0,0
Clc1c(Cl)cc(OCC(=O)N(C)CCCOC)c(Cl)c1,,C60129730,100,0,0,0,1,1,1,0,1,1,1
S(Cc1oc(-c2ccc(F)cc2)nn1)Cc1ccc(OC(F)F)cc1,,C60515281,99.997047,0,0,0,0,0,0,0,0,0,0
Brc1c(OC)c(OC)ccc1C[NH+](C)CCC(F)(F)F,,C64635471,78.582001,0,0,0,1,0,1,0,0,0,0
Fc1c(-c2n(CCOC(C)C)cnc2-c2ccccc2)ccc(OC)c1,,C65529325,90.216385,0,0,0,0,0,1,0,0,0,0
Fc1c(N(Cc2sccc2)C(=O)[C@H](OCC=C)C)ccc(F)c1,,C66025178,100,0,0,0,0,0,1,0,1,0,0
S(C[C@H](CCC#N)C#N)c1oc(c(-c2ccccc2)n1)-c1ccccc1,,C66238457,100,0,0,0,1,0,1,0,0,0,1
FC(F)(F)CN(CC=C)C(=O)Cc1nc(-c2ccccc2)sc1,,C66292356,100,0,0,0,0,0,1,0,0,0,0
Fc1c(-c2oc(CCC(=O)N(C)C[C@H](C)c3ccccc3)nc2)cccc1,,C66459034,100,0,1,0,1,1,1,0,0,0,0
Fc1ccc([C@@H](N(C)CCOc2cc(C)ccc2)c2ncccn2)cc1,,C66881417,61.451771,0,0,0,1,0,1,0,0,0,0
S(=O)(=O)(N(C)C[C@@H](C)c1ccccc1)c1c(OC(F)F)cccc1,,C66934865,100,0,0,0,1,0,1,0,0,0,0
S=C1N(CC(OCCC)=O)C(=O)/C(=C/c2c(F)cccc2)/S1,,C01809301,100,0,0,0,1,0,1,0,0,0,0
S(CC(=O)c1c(C)n(-c2sccn2)c(C)c1)C(=S)N(C)C,,C05205897,100,0,0,0,1,0,1,0,0,0,0
O=C(N(Cc1sccc1)Cc1occc1)c1cc(N(C)C)ccc1,,C05688668,100,0,0,0,0,0,0,0,0,0,0
S(=O)(=O)(N(CC=C)Cc1c(C#N)cccc1)c1sccc1,,C23714585,100,0,0,0,1,1,1,0,0,0,1
S(=O)(=O)(C)c1ccc(OCC(=O)c2sc(CC)cc2)cc1,,C35055582,100,0,0,0,1,0,1,0,1,1,0
Fc1c(F)ccc(Cn2c(CN(CC=C)C(=O)CC)ncc2)c1,,C35637607,75.265205,0,0,0,1,0,1,0,0,0,1
Clc1c(SCC(=O)N(CC)CC(OCC)=O)cccc1,,C38016743,100,0,0,0,1,0,1,0,0,0,0
Clc1c(F)cc(C(=O)N(CC)CCC(OC)=O)c(Cl)c1,,C38023832,100,0,0,0,0,0,1,0,0,1,0
Fc1c(CN(C[C@H]2OCCC2)C(=O)/C=C/c2occc2)cccc1,,C38647641,100,0,0,0,1,0,0,0,0,0,1
O=C1N=C(C[NH+](CC=C)CC=C)N=C2S[C@@H]3CCCCC3=C12,,C39741421,69.989769,0,0,0,1,0,1,0,0,0,1
O(CC([O-])=C(C#N)c1scc(-c2ccccc2)n1)c1ccccc1,,C41535854,83.368896,0,0,0,1,0,1,0,0,0,0
FC(F)(F)C1=CNC(=C(C#N)C(=O)COc2ccc(C)cc2)C=C1,,C41556270,87.710785,0,0,0,1,0,1,0,0,0,0
S(C)c1sc(S[C@H](C)C(=O)N(CC=C)CC=C)nn1,,C42217350,99.99646,0,0,0,1,0,1,0,0,0,1
Brc1sc(S(=O)(=O)N(CC)[C@H](C)COC)cc1,,C42251354,100,0,0,0,1,0,1,0,0,1,1
Brc1cn(CCC)c(C(=O)N(CC)CCOC)c1,,C42495400,100,0,0,0,1,0,1,0,0,0,0
Brc1cc(F)cc(C(=O)N(CCC)CC(OC)=O)c1,,C42713928,100,0,0,0,1,0,1,0,0,0,1
S(=O)(=O)(N(CC(F)(F)F)C(C)C)Cc1c(C#N)cccc1,,C42780667,100,0,0,0,0,0,1,0,0,0,0
S(=O)(=O)(CC(=O)c1c(C)n(CC)c(C)c1)Cc1c(C)cccc1,,C45280116,100,0,0,0,1,0,1,0,0,0,1
ClC(CSc1ncc(S(=O)(=O)N(CC)CC)cc1)=C,,C48398052,99.83847,0,0,0,1,0,1,0,1,0,0
ClCCc1ccc(S(=O)(=O)N(C)Cc2c(C)occ2)cc1,,C48772130,100,0,0,0,1,0,0,0,0,0,0
S(=O)(=O)(N(Cc1n(C)ccc1)Cc1sccc1)CCC,,C49521783,100,0,1,0,1,0,1,0,1,0,0
Clc1c(F)cc(C(=O)N(C)CCCC(OC)=O)c(Cl)c1,,C51769300,100,0,0,0,0,0,1,0,0,1,0
[NH+](C)(Cc1cn(Cc2ccccc2)nc1)Cc1ccc(C#N)cc1,,C16429938,99.216522,0,0,0,0,0,0,0,0,0,0
Fc1c(F)c(F)c(/C=C(\C(OCCOC)=O)/C#N)c(F)c1F,,C57536957,100,0,0,0,1,0,0,0,0,0,0
FC(F)(F)c1c(CN(C)[C@H](C)c2onc(C3CC3)n2)cccc1,,C59402470,86.111755,0,0,0,1,1,1,0,0,1,0
S(CC(=O)N(CC(C)C)[C@H]1CS(=O)(=O)CC1)C1CCCCC1,,C60871722,100,0,0,0,1,0,1,0,1,1,0
O=C(N(CCC)CC1CC1)c1c(C)n(Cc2occc2)c(C)c1,,C60881035,100,0,0,0,0,0,0,0,0,0,0
Br[C@@H](CC)C(=O)N(Cc1occc1)Cc1occc1,,C61490135,100,0,0,0,0,0,0,0,0,0,0
Clc1c(OCCC(=O)N(CC#C)Cc2occc2)cccc1,,C62900016,100,0,0,0,1,0,1,0,0,0,1
O=C(CN(CC#C)Cc1occc1)N1CCC(c2ccccc2)=CC1,,C63299237,99.921043,0,0,0,1,0,0,0,0,0,0
S(CC(=O)N(C)CCc1ccncc1)c1sc2ccccc2n1,,C63488430,99.32618,0,1,0,1,1,1,0,0,0,1
Clc1c(S(=O)(=O)CCN(CC#N)C2CC2)cc(Cl)cc1,,C63516338,99.985397,0,0,0,1,1,1,0,0,0,1
S(=O)(=O)(CCCSc1oc(C)c(C)n1)c1ccc(F)cc1,,C63536323,100,0,0,0,1,0,1,0,1,0,0
O=C(N(C)Cc1ccc(N(C)C)cc1)c1nc(CC(C)C)sc1,,C63637095,100,0,0,0,0,0,1,0,0,0,0
S(CC(=O)N(CC=C)CC(F)(F)F)c1nc(C)cc(C)n1,,C63851448,99.867447,0,0,0,1,0,1,0,0,0,1
FC(F)(F)CN(CC(C)C)C(=O)CN1C(C)(C)COCC1,,C64247946,75.314796,0,0,0,1,0,1,0,0,0,1
S(=O)(Cc1onc(CCC(C)C)n1)Cc1cc(F)ccc1,,C64840506,99.996681,0,0,0,1,1,1,0,0,0,1
S(=O)(=O)(CC(=O)c1c(C)n(C(C)C)c(C)c1)Cc1c(C)cccc1,,C65517017,100,0,0,0,1,0,1,0,0,0,1
S(=O)(=O)(CCCn1nc(C(F)(F)F)cc1)c1ccc(F)cc1,,C65948239,99.999466,0,0,0,1,0,1,0,0,1,0
S(C)c1sc(C[NH+](CCC)Cc2ccc(C#N)cc2)nn1,,C65950576,78.787254,0,0,0,0,0,0,0,0,0,0
S(=O)(=O)(C)C[C@H](N(C)C(=O)CCc1c(C)cc(C)cc1)C,,C66365515,100,0,0,0,1,1,1,0,1,1,1
S=C1N(CN(CC)Cc2cc(F)c(F)cc2)N=C(N(C)C)S1,,C66448526,97.499542,0,0,0,1,0,1,0,0,0,1
O=C(N(CC)c1ccccc1)[C@H](N(C)Cc1c(C)ncs1)C,,C66565516,69.112785,0,0,0,0,0,1,0,0,0,1
Clc1sc(CN(C)C(=O)CN(C)Cc2c(C)ncs2)cc1,,C66566036,83.440056,0,0,0,1,0,1,0,1,1,1
O=C(N(C(C)C)c1ccccc1)CN(C)Cc1c(C)ncs1,,C66566131,90.278214,0,0,0,0,0,1,0,0,0,1
N(Cc1nc(C2CC2)on1)(Cc1cscc1)c1ccccc1,,C66831600,99.995178,0,0,0,1,1,1,0,0,0,0
Clc1c(/C=C/S(=O)(=O)N(CC)C[C@H](C)C#N)cccc1,,C66913134,100,0,0,0,1,1,1,0,1,1,1
Clc1c(C(=O)N(CC)[C@H](C)C(C)C)cc(S(=O)(=O)CC)cc1,,C67166894,100,0,0,0,1,0,1,0,1,0,0
O=C(N(C)c1ccccc1)[C@H](N(C)Cc1sc(CC)nc1)C,,C67402439,69.41288,0,0,0,1,0,1,0,0,0,1
FC(F)(F)CCN(C)C(=O)C(=O)N(CC=C)c1ccccc1,,C67436565,100,0,0,0,0,0,1,0,0,0,1
Clc1c(S(=O)(=O)N(CC)CC)cc(C(=O)Nc2c(C#N)cc(OCC)c(OCC)c2)c(Cl)c1,,C01421117,100,0,0,0,1,0,0,0,1,0,1
S(=O)(=O)(Cc1c(F)cccc1)c1oc(CNC(=O)/C=C/c2ccc(OCc3ccccc3)cc2)nn1,,C08972410,100,0,0,0,1,0,1,1,0,0,1
S(=O)(=O)(Cc1c(F)cccc1)c1oc([C@@H](NC(=O)/C=C/c2c(OCCC)cccc2)C(C)C)nn1,,C09029545,100,0,0,0,1,0,1,1,0,0,1
S(=O)(=O)(N(CC(C)C)CC(C)C)c1ccc(C(=O)Nc2sc3cc(OC)c(OC)cc3n2)cc1,,C09301636,100,0,0,0,1,0,0,0,1,0,0
O=C(N(CCc1cc(C)ccc1)[C@@H](C(=O)NC[C@H]1OCCC1)c1c(C)ccs1)Cn1nnc2ccccc12,,C12480777,96.893143,0,0,0,1,1,1,1,1,1,1
Fc1ccc([C@@H](N(Cc2c(OC)cccc2)C(=O)Cn2nnc3ccccc23)C(=O)NCCC(C)C)cc1,,C12712864,98.522079,0,0,0,1,0,1,0,1,0,1
S(=O)(=O)(Nc1ccc(-c2oc(SCC(=O)c3cc(OC)ccc3)nn2)cc1)c1ccc(OC)cc1,,C12485319,87.206161,0,0,1,1,0,1,0,0,0,0
Brc1cc(C(=O)Nc2ccc(S(=O)(=O)N(CC=C)CC=C)cc2)c(OCCOC)cc1,,C14662355,100,0,0,0,1,0,0,0,1,1,0
S(C)CC[C@H](NC(=O)c1ccc(C(C)(C)C)cc1)C(OCC=1N(CC#N)C(=O)c2ccccc2N=1)=O,,C03431313,99.510986,0,0,0,1,0,1,0,0,0,0
Brc1c(OCC=C)c(OC)cc(/C=N/NC(=O)CN(S(=O)(=O)C)c2c(C)cccc2C)c1,,C16362178,100,0,0,0,1,0,1,0,1,1,1
S(C[C@@H](NC(=O)[C@H](Sc1nnc2c(n(C)c3ccccc23)n1)CC)C(OC)=O)Cc1ccccc1,,C02878089,99.999878,0,0,0,1,0,1,1,0,0,1
Clc1cc(-n2c(SCc3scc(C(=O)NCCCOC)n3)nnc2-c2ccncc2)ccc1,,C16464748,97.695435,0,0,0,1,0,1,1,1,0,1
S=C1N(CCCOCC)C(=O)/C(=C\2/C(=O)N(CC(=O)Nc3ccc(OCC)cc3)c3ccccc/23)/S1,,C16730070,100,0,0,0,1,0,0,0,0,0,0
O(C)CCn1c([C@@H](N(CCc2ccccc2)Cc2sccc2)C=2C(=O)Nc3cc(C)c(C)cc3C=2)nnn1,,C19973240,91.408722,0,0,0,1,1,1,0,0,0,1
O=C(c1ccc(OCC=C)cc1)C1=C([O-])C(=O)N(CCC[NH+](C)C)[C@@]21C(=O)N(CCC)c1ccccc21,,C20059203,98.862175,0,0,0,1,0,1,0,1,0,1
Fc1ccc(CN(Cc2occc2)[C@@H](c2n(CCOC)nnn2)C=2C(=O)Nc3ccc(C)cc3C=2)cc1,,C20082314,99.685822,0,0,0,1,1,1,0,0,0,1
O(C)CCn1c([C@H](N(CCc2ccccc2)Cc2sccc2)C=2C(=O)Nc3c(C)cccc3C=2)nnn1,,C20082940,91.379089,0,0,0,1,1,1,0,0,0,1
O=C1C(CN(CCc2c(C)cccc2)[C@H](CC)c2n(C[C@H]3OCCC3)nnn2)=Cc2cc(C)ccc2N1,,C13495896,67.304146,0,1,0,1,1,1,0,1,1,1
O=C1C(CN(CCc2ccccc2)[C@H](C(C)C)c2n(C[C@H]3OCCC3)nnn2)=Cc2c(C)ccc(C)c2N1,,C13499180,65.997215,0,1,0,1,0,1,0,1,1,1
O=C(c1oc(C)cc1)C=1[C@@H](N(CCC[NH+](C)C)C(=O)C=1[O-])c1ccc(OCCOc2c(C)cccc2)cc1,,C20229037,99.384056,0,0,0,1,0,1,0,0,0,0
O=C(c1oc(C)cc1)C=1[C@@H](N(CC[NH+](C)C)C(=O)C=1[O-])c1ccc(OCCOc2c(C)cccc2)cc1,,C20229696,98.532379,0,0,0,1,0,1,0,0,0,0
O(C)C(=O)c1ccc([C@@H]2N(CCC[NH+](CC)CC)C(=O)C([O-])=C2C(=O)c2ccc3O[C@@H](C)Cc3c2)cc1,,C20330819,98.509422,0,0,0,0,0,1,0,0,0,0
Clc1c(CSCCNC(=O)CN(S(=O)(=O)C)c2ccc(C(=O)N3CCOCC3)cc2)cccc1,,C22384882,100,0,0,0,1,1,1,0,1,0,0
S(=O)(=O)(N(C)C)c1cc(C(=O)C=2[C@@H](N(CCC[NH+](C)C)C(=O)C=2[O-])c2ccc(C(C)(C)C)cc2)ccc1,,C16742203,98.943848,0,0,0,0,0,1,0,1,0,0
O(C)c1c(OCCOc2ccc([C@H](C)CC)cc2)ccc(/C=C\2/C(=O)N=C3SC(CC)=NN3C/2=[NH2+])c1,,C26641584,99.84584,0,0,0,1,0,0,0,0,0,0
O=C(c1c(C)n(-c2ccccc2)nc1)C=1[C@@H](N(CCC[NH+](C)C)C(=O)C=1[O-])c1ccc(OCCC)cc1,,C29501328,97.776878,0,0,0,1,0,1,0,0,0,0
S(=O)(=O)(N=NCc1cc(Cn2c(C(F)F)cc(C(F)F)n2)c(OC)cc1)c1ccc(OC)cc1,,C32573659,99.999199,0,0,0,1,0,1,0,0,0,0
Fc1ccc(CN(Cc2sccc2)C(=O)CN(CC[NH+]2CCOCC2)C(=O)Nc2ccc(C)cc2)cc1,,C00696548,74.852028,0,0,0,1,0,1,1,0,0,1
O=C(c1ccccc1)C=1[C@H](N(CCCn2cncc2)C(=O)C=1[O-])c1cc(OCC)c(OCCCCC)cc1,,C35272193,78.171165,0,0,0,1,0,0,0,0,0,0
S(=O)(=O)(N(CCOC)[C@@H](C)C(=O)c1c(C)c(C(OCC)=O)[nH]c1C)c1cc(C(F)(F)F)ccc1,,C35543007,99.999748,0,0,0,1,0,1,0,1,0,1
Clc1c([C@H]2C(C(OCC)=O)=C(CN3C[C@@H](C)N(C(=O)COC)CC3)N(CC=C)C(=O)N2)cccc1,,C35665048,86.42569,0,0,0,1,0,1,0,1,0,1
Fc1ccc(C(=O)N(CC(C)C)CC(=O)Nc2n(-c3cc(OC)c(OC)cc3)cc(-c3ccccc3)n2)cc1,,C36049272,63.621964,0,0,0,1,0,1,1,0,0,1
S(=O)(=O)(CNC(=O)[C@@H](N(Cc1oc(C)cc1)C(=O)Cc1c(C)cccc1)/C=C/C)c1ccc(C)cc1,,C36556739,100,0,0,0,1,0,1,1,0,0,1
Clc1cc(CN(Cc2occc2)C(=O)CC(C)C)c(OS(=O)(=O)c2ccc(NC(=O)C)cc2)cc1,,C37422590,100,0,0,0,1,0,1,1,0,0,1
Fc1c(F)ccc(OCC(=O)c2ccc3OCC(=O)N(Cc4oc(C(=O)NCCOC)cc4)c3c2)c1,,C37511790,100,0,0,0,1,0,1,1,0,1,1
S(CC(=O)Nc1cccc2ccccc12)c1c(C#N)c(c(C(OCCOC)=O)c(C)n1)-c1occc1,,C02229346,99.87468,0,0,0,1,0,1,1,0,0,0
Clc1ccc(C(=O)N[C@H](C)c2n(CC(C)C)c(SCC(=O)c3ccc([N+](=O)[O-])cc3)nn2)cc1,,C39757199,99.825775,0,0,0,0,0,1,0,0,1,0
Clc1c([N+](=O)[O-])cc(C(=O)CSc2n(CC)c(CC(=O)Nc3c(C(C)C)cccc3)nn2)cc1,,C39762084,99.737297,0,0,0,1,0,1,0,0,0,0
S=C1N(CCCOCC)C(=O)/C(=C\C2=C(NCc3ccc(OC)cc3)N(C)C(=O)C(C#N)=C2C)/S1,,C39851561,99.999718,0,1,0,1,0,1,0,0,0,1
S=C1N(CCCOCC)C(=O)/C(=C\C2=C(NCc3ccccc3)N(CCC)C(=O)C(C#N)=C2C)/S1,,C39851660,99.999718,0,0,0,1,0,1,0,0,0,1
O=C(c1c(C)[nH+]c2C(C)=CC=Cn12)C=1[C@H](N(CCC[NH+](CC)CC)C(=O)C=1[O-])c1cc(OCC=C)ccc1,,C40004131,99.60704,0,0,0,1,0,1,0,0,0,0
O(CC)C(=O)C=1[C@@H](c2cc(-n3cncc3)ccc2)C(C(OCC[NH+](C)Cc2ccccc2)=O)=C(C)NC=1C,,C26746649,83.871918,0,0,0,0,0,0,0,0,0,0
O(C)c1ccc(Cn2c([C@@H](N(Cc3sccc3)CC=3C(=O)Nc4cc(C)ccc4C=3)CC)nnn2)cc1,,C01374216,87.201187,0,0,0,1,0,1,0,0,0,1
Fc1ccc(Cn2c([C@H](N(Cc3sccc3)CC=3C(=O)Nc4ccc(OC)cc4C=3)CC)nnn2)cc1,,C01374525,87.3946,0,0,0,1,0,1,0,0,0,1
S(=O)(=O)(CNC(=O)[C@@H](N(Cc1oc(C)cc1)C(=O)CCCC)c1ccc(C)cc1)c1ccc(C)cc1,,C36604000,100,0,0,0,1,0,1,1,0,0,0
S(=O)(=O)(CNC(=O)[C@H](N(Cc1oc(C)cc1)C(=O)CCCC)c1ccc(C)cc1)c1ccc(C)cc1,,C36604001,100,0,1,0,1,0,0,1,0,0,0
O(CC)c1c(OCCOc2c(C)cccc2)ccc(/C=C/2\C(=O)N=C3SC(CC(C)C)=NN3C\2=[NH2+])c1,,C13940730,99.845535,0,0,0,0,0,1,0,0,0,0
O=C1C(CN(C[C@H]2OCCC2)[C@H](C(C)C)c2n(CCc3ccccc3)nnn2)=Cc2cccc(C)c2N1,,C13500386,87.646446,0,0,0,1,1,1,1,1,0,1
O(C)c1c(OCCOc2ccc(C)cc2)c(CC=C)cc(/C=C/2\C(=O)N=C3SC(C(C)C)=NN3C\2=[NH2+])c1,,C27533936,99.845772,0,0,0,1,0,1,0,0,0,1
O(C)c1c(OCCOc2c(C)ccc(C)c2)ccc(/C=C/2\C(=O)N=C3SC(CCCC)=NN3C\2=[NH2+])c1,,C13895749,99.845573,0,0,0,0,0,1,0,0,0,0
S(CC(=O)C=1C(=O)N(CC(OC)=O)C(=O)N(Cc2ccccc2)C=1N)c1n(C)c(-c2ccncc2)nn1,,C03422743,97.307137,0,0,0,1,1,1,1,0,0,0
O=C(O[C@H]1[C@H](OC(=O)C)[C@H](C)O[C@@H](n2cnc3c(NC(=O)c4ccccc4)ncnc23)[C@H]1OC(=O)C)C,,C05048982,99.282593,0,0,0,1,0,1,1,0,0,1
S(=O)(=O)(N(C)CCCC)c1ccc(C(=O)Nc2c(C(=O)NC)c3CCN(C(OC)=O)Cc3s2)cc1,,C09325417,100,0,0,0,1,0,0,0,1,0,0
S(CC(=O)Nc1sc(C)nn1)c1n(c(CNC(=O)c2ccccc2)nn1)-c1ccc(OCC)cc1,,C09279013,99.634628,0,0,0,1,0,1,1,0,0,0
S(CC(=O)Nc1sc(C)nn1)c1n(c(CNC(=O)COc2ccccc2)nn1)-c1ccc(F)cc1,,C09369059,99.66993,0,0,0,1,0,1,1,0,0,0
S(CC(=O)NCc1occc1)C=1N(C[C@@H]2OCCC2)C(=O)c2ccc(C(=O)NC[C@@H]3OCCC3)cc2N=1,,C09473319,98.190254,0,0,0,1,0,1,1,1,0,1
S(=O)(=O)(N[C@@H](CCSC)C(=O)NCCC=1CCCCC=1)c1ccc2N(C)C(=O)N(C)C(=O)c2c1,,C09838477,88.714401,0,0,0,1,0,1,0,1,0,0
O(C[C@H]1[C@@H](OC(=O)C)[C@@H](OC(=O)C)[C@H](NC(=O)C)[C@@H](O/N=C\2/C(=O)N(CC)c3ccccc/23)O1)C(=O)C,,C10271804,100,0,0,0,1,0,1,1,0,1,1
Clc1ccc(NC(=O)CSc2oc(CNC(=O)c3ccc(S(=O)(=O)N(C)C)cc3)nn2)cc1,,C10386074,99.999046,0,0,0,1,0,1,0,1,0,0
S(=O)(=O)(N(CCC#N)CCC#N)c1ccc(C(=O)Nc2c(C(=O)NC)c3CC[C@@H](C)Cc3s2)cc1,,C12064245,100,0,0,0,1,1,0,0,1,0,0
Fc1ccc([C@H](N(Cc2occc2)C(=O)Cn2nc(-c3oc(C)cc3)nn2)C(=O)NC[C@H]2OCCC2)cc1,,C00888635,96.763512,0,0,0,1,0,1,1,0,0,1
S(CC(=O)Nc1c(OC(F)F)cccc1)c1c(C(OCC(=O)Nc2c(C)n(C)nc2C)=O)cccn1,,C13098448,99.810829,0,0,0,1,0,1,1,1,0,0
Clc1ccc(OC[C@@H](O)Cn2c(NN=Cc3cc([N+](=O)[O-])ccc3)[nH+]c3N(C)C(=O)NC(=O)c23)cc1,,C08892068,68.049934,0,0,0,1,0,1,1,0,0,0
S(CC(=O)Nc1n[nH]c(C)c1)C=1n2nc(CCn3c(C)cc(C)n3)nc2-c2cc(OC)c(OC)cc2N=1,,C09679701,40.496967,0,0,0,1,0,1,1,0,1,1
ClC=1N(CC(=O)NCc2c(-c3n(C)nnn3)cccc2)C(=O)C(NCC(F)(F)c2ncccc2)=NC=1,,C13579399,77.897156,0,0,0,1,1,1,1,0,0,1
Brc1c(OCC)ccc(C(=O)NC(=S)NNC(=O)[C@H]2CN(Cc3occc3)C(=O)C2)c1,,C13630286,100,0,0,0,1,0,1,1,1,0,0
O=C(N(CC[NH+]1CCOCC1)[C@H](C(=O)NC(C)(C)C)c1ccncc1)Cn1nc(-c2oc(C)cc2)nn1,,C19216798,69.372971,0,0,0,1,0,1,1,0,0,1
S([C@@H]1[C@H](OC(=O)C)[C@@H](OC(=O)C)[C@@H](OC(=O)C)[C@@H](COC(=O)C)O1)c1n(N)c(-c2ccccc2)nn1,,C19908444,99.864548,0,0,0,1,0,1,0,1,0,1
O=C(N(CC[NH+]1CCOCC1)[C@@H](C(=O)NCc1occc1)c1ccc(C)cc1)CNC(=O)c1occc1,,C20150305,72.76062,0,0,0,1,0,1,1,1,0,1
Clc1c(C(OCC)=O)cc(NC(=O)CN(S(=O)(=O)C)c2ccc(C(=O)N3CCOCC3)cc2)cc1,,C22398865,100,0,0,0,1,0,1,0,1,0,0
S(=O)(=O)(N(CCC#N)CCC#N)c1ccc(C(=O)Nc2c(C(=O)NC)c3CCCCCc3s2)cc1,,C23748197,100,0,0,0,1,1,0,0,1,0,0
S(=O)(=O)(N(CC)CC)c1ccc2n(C)c(CCC(OCC(=O)NNC(=O)c3sccc3)=O)nc2c1,,C32957577,84.173599,0,0,0,1,0,1,1,1,0,0
O[C@@H](COc1ccc(OC)cc1)Cn1c(N/N=C(\C)/c2ccc(OC)cc2)[nH+]c2N(C)C(=O)NC(=O)c12,,C33386491,72.605362,0,0,0,1,0,1,1,1,0,0
S=C1N(CCCOCC)C(=O)/C(=C\C2=C(NCCC[NH+]3CCOCC3)[NH+]=C3C(C)=CC=CN3C2=O)/S1,,C33774984,89.382919,0,0,0,1,0,1,1,1,1,0
S(=O)(=O)(N(CC(=O)c1c(C)n(CC)c(C(OC)=O)c1C)C[C@H]1OCCC1)c1ccc(NC(=O)C)cc1,,C35539006,100,0,0,0,1,0,0,0,0,0,0
Clc1c(S(=O)(=O)NCC(C)C)cc(C(OCC(=O)N(C)[C@H]2CS(=O)(=O)CC2)=O)c(Cl)c1,,C03323820,96.494987,0,0,0,1,0,1,0,0,1,1
Fc1ccc(-c2nn(CC(=O)N(C[C@H]3OCCC3)[C@H](C(=O)NCCC(C)C)c3ccncc3)nn2)cc1,,C06076963,97.338112,0,0,0,1,0,1,1,0,0,1
S(=O)(=O)(N1CCOCC1)c1sc(CC(=O)N(CCOC)C2=C(N)N(CCC)C(=O)NC2=O)cc1,,C23078908,99.996498,0,0,0,1,0,1,1,1,1,1
S(=O)(=O)(N1CCOCC1)c1c(C)ccc(C(=O)N(CCOC)C2=C(N)N(CCCC)C(=O)NC2=O)c1,,C12914557,99.996422,0,0,1,1,0,1,1,0,0,1
S(=O)(=O)(N1CCOCC1)c1sc(CC(=O)N(CC)CC(=O)Nc2ccc(NC(=O)C)cc2)cc1,,C12914627,100,0,0,0,1,0,1,0,1,0,0
S(=O)(=O)(NC=1C(=O)N(N(C)C=1C)c1ccccc1)c1cc([N+](=O)[O-])c(NCC[NH+]2CCOCC2)cc1,,C13138582,85.985168,0,0,0,1,0,1,1,1,0,1
S=C1N(CCCCCC(=O)[O-])C(=O)/C(=C/C2=C(N(CC)C(=O)C(C#N)=C2C)N2CC[NH+](CC)CC2)/S1,,C33812509,95.899452,0,0,0,1,0,1,0,1,0,1
S=C1N(CCC(=O)[O-])C(=O)/C(=C/C2=C(N(CCCC)C(=O)C(C#N)=C2C)N2CC[NH+](CC)CC2)/S1,,C33812679,96.399475,0,0,0,1,0,0,0,1,1,0
S(=O)(=O)(Oc1ccccc1)c1c(OCC)c(S(=O)(=O)c2ccccc2)c([C@@H](NC=O)CC=O)cc1,,C39498354,100,0,0,0,1,0,1,1,1,1,0
S=C1N(CCCC(=O)[O-])C(=O)/C(=C\C2=C(NCCCn3cncc3)[NH+]=C3C(C)=CC=CN3C2=O)/S1,,C36684811,74.243141,0,0,1,1,0,1,0,1,0,0
Clc1c([N+](=O)[O-])cc(C(=O)CSc2n(C)c(CNC(=O)c3cc(OC)c(OC)cc3)nn2)cc1,,C39751194,99.85099,0,0,0,1,0,0,0,0,0,0
Clc1ccc(OCC(=O)O[C@@H]2[C@@H](NC(=O)C)[C@@H](OC(=O)C)[C@H](OC(=O)C)[C@H](COC(=O)C)O2)cc1,,C39842093,100,0,0,0,1,0,1,1,0,0,1
Brc1ccc(S[C@@H]2[C@@H](NC(=O)C)[C@H](OC(=O)C)[C@H](OC(=O)C)[C@H](COC(=O)C)O2)cc1,,C40487593,100,0,0,0,1,0,1,0,0,1,1
S(C)CC[C@@]1(C(=O)[O-])N[C@@H](c2ccc(C(OC)=O)cc2)[C@@H]2C(=O)N(CCc3c(C)ncs3)C(=O)[C@@H]12,,C43218270,50.563988,0,0,0,1,0,1,1,0,0,1
O(C)c1ccc(Cn2c(CN(Cc3sccc3)CC=3C(=O)Nc4cc5OCCOc5cc4C=3)nnn2)cc1,,C01325117,96.296967,0,0,0,1,1,1,0,0,0,1
OC(OCC)=Cn1c([C@@H](N(Cc2occc2)CC=2C(=O)Nc3cc4OCCOc4cc3C=2)CCC)nnn1,,C13499402,55.081837,0,0,1,1,0,1,0,1,0,1
S(CC(=O)Nc1ccc(Oc2ccc(NC(=O)CSc3n(C)cnn3)cc2)cc1)c1n(C)cnn1,,C35148245,99.818199,0,0,0,0,0,1,0,1,0,0
Brc1c(OCCC)ccc(N2C(=O)C(Sc3n(CC)c(CNC(=O)C)nn3)=CC2=O)c1,,C34921172,99.921371,0,0,0,0,0,1,0,0,0,0
S(CC(=O)Nc1c(C(OCC)=O)c2CCCc2s1)c1[nH]c(N/N=C/c2cn(CCOC)nc2)nn1,,C59886973,88.452438,0,0,0,1,0,1,1,1,0,0
O=C(Nc1ccc(OCCOc2c(OC)cc(/C=C\3/C(=O)N=C4SC(C(C)C)=NN4C/3=[NH2+])cc2)cc1)C,,C12471015,99.845963,0,0,0,1,0,0,0,1,0,1
FC(F)Oc1ccc(/C=C\2/C(=O)N(CCNC(=O)CCN3C(=O)[C@@H]4CC=CC[C@H]4C3=O)C(=O)S/2)cc1,,C14128632,100,0,0,0,1,0,1,1,0,1,0
S(=O)(=O)(CC)C=1SC=2N(C(=[NH2+])/C(=C/c3ccc(OCCOc4ccc(OC)cc4)cc3)/C(=O)N=2)N=1,,C41084095,99.720657,0,0,0,1,0,1,1,1,0,0
O(C)C(=O)c1c(NC(=O)c2c(N)c(C(=O)N3CCOCC3)c(NCCCC)s2)sc2CCCc12,,C18036935,99.981148,0,0,0,1,0,1,0,1,0,0
O(C)C(=O)c1c(C)c(C(=O)C=2[C@H](N(CCCn3cncc3)C(=O)C=2[O-])c2ccc(OCC)cc2)c(C)[nH]1,,C09008373,77.147247,0,0,0,1,0,1,0,0,0,0
O(C)C(=O)c1c(C)c(C(=O)C=2[C@@H](N(CCCn3cncc3)C(=O)C=2[O-])c2ccc(OCC)cc2)c(C)[nH]1,,C09070229,77.147247,0,0,0,1,0,1,1,0,0,0
Fc1c(/C=C/2\C(=O)N(CC(=O)N3CCOCC3)C(=O)S\2)ccc(N2CCCC2)c1,,C02393792,100,0,0,0,0,0,1,0,0,1,0
O=C(CN1C(=O)c2c(C)c(C(=O)N3CCCCCC3)sc2N=C1)N1CCCCC1,,C02922361,99.93988,0,0,0,0,0,0,0,0,0,0
S=C1N(C)C(=O)/C(=C/C2=C(N(C)C(=O)C(C#N)=C2C)N2C[C@@H](C)O[C@@H](C)C2)/S1,,C02246392,100,0,0,0,1,0,0,0,0,0,0
S(=O)(=O)(N1CCOCC1)c1cc(N2C(=O)CC3(CC2=O)CCCCC3)c(C)cc1,,C05786431,100,0,0,0,1,0,0,0,1,1,1
FC(F)(F)c1cc(N2CCN(C(=O)CN3C(=O)C(C#N)=C(C)C(C)=N3)CC2)ccc1,,C07104341,96.701668,0,0,0,1,0,1,0,0,0,1
S=C1N(C[C@@H]2OCCC2)C(=O)/C(=C/C2=C(N3CCCC3)[NH+]=C3C(C)=CC=CN3C2=O)/S1,,C01084356,94.622734,0,0,0,1,0,1,0,0,0,0
O=S1(=O)C[C@@H](n2c(C)c(/C=C/3\CCN4C(=O)c5c(C)c(C)sc5N=C\34)c(C)n2)CC1,,C08966309,96.441071,0,0,0,0,0,1,0,1,0,1
O=C(N1CCN(c2sc3cccc(C(C)C)c3n2)CC1)c1ccc(N2C(=O)CCC2=O)cc1,,C09034458,100,0,0,0,0,0,0,0,0,0,0
O=C(N1CCN(c2sc3ccc(C)c(C)c3n2)CC1)c1ccc(N2C(=O)CCC2=O)cc1,,C09345423,100,0,0,0,0,0,0,0,0,0,0
S(=O)(=O)(N1[C@@H](c2sccc2)c2ccsc2CC1)C=1C(=O)N(C)C(=O)N(C)C=1,,C09666423,100,0,0,0,1,1,1,0,0,1,1
Clc1c(N2C(C)=CC(=O)C(C(=O)N3CCN(c4sccn4)CC3)=N2)cccc1,,C10270219,99.999649,0,0,0,1,0,1,0,0,0,1
S=C1N(C[C@H]2OCCC2)C(=O)/C(=C/C2=C(N(C)C(=O)C(C#N)=C2C)N2CCCC2)/S1,,C02249171,100,0,0,0,1,0,1,0,0,0,1
O=C(N(C)Cc1sccn1)c1c(C)n(-c2ncc3CCc4ccccc4-c3n2)nc1,,C12078906,99.998535,0,0,0,1,1,1,0,0,0,0
O=CN1CCN(C(=O)C[C@@]2(c3ccc(-c4ccccc4)cc3)C(=O)N(C)C(=O)C2)CCC1,,C12148775,100,0,0,0,1,0,1,0,0,1,1
FC(F)(F)c1cc(N2C(=O)C[C@H](c3ccc([N+](=O)[O-])cc3)C=3C(=O)OCC2=3)ccc1,,C01429740,100,0,0,0,0,0,0,0,0,0,0
Brc1cc(Cl)c(S(=O)(=O)N2CCN(C(=O)c3c(C)n(C)nc3C)CC2)cc1,,C12774512,99.968727,0,0,0,1,0,1,0,0,1,0
S(=O)(=O)(N1CCN(C(=O)/C=C/c2c(C)n(C)nc2C)CC1)c1c(F)cc(F)cc1,,C12784251,99.924553,0,0,0,1,0,0,0,0,1,0
Brc1oc(C(=O)N2C[C@H](C(=O)N3CCOCC3)Oc3ccccc23)cc1,,C12904577,100,0,0,0,1,0,1,0,0,0,0
Brc1cc(Cl)c(S(=O)(=O)N2CCN(C(=O)N3CCOCC3)CC2)cc1,,C14100777,100,0,0,0,1,0,1,0,0,1,0
Clc1cc(Cl)cc(S(=O)(=O)N2CCN(C(=O)[C@@H]3CS(=O)(=O)CC3)CC2)c1,,C16735403,100,0,0,0,1,0,0,0,1,1,0
Brc1cc(C(=O)N2CCN(S(=O)(=O)c3c(C)onc3C)CC2)c(Cl)cc1,,C16831996,100,0,0,0,0,0,0,0,0,1,0
S=C1N(/C=C\2/C(=O)Oc3ccccc3C/2=O)C(=O)/C(=C\c2ccc3OCOc3c2)/S1,,C17222501,100,0,0,0,1,1,0,0,0,0,0
O=C(N1CCC(N2C(=O)c3c(sc4C[C@@H](C)CCc34)N=C2)CC1)[C@H]1CN(C)C(=O)C1,,C19497200,99.822273,0,0,0,0,0,0,0,0,0,0
O=C(CN1C(=O)CN(C)C(=O)c2ccccc12)N1C[C@@H](C)N(c2cc(C)ccc2)CC1,,C21717711,100,0,0,0,0,0,0,0,0,0,1
Clc1ccc(C(=O)N2CCN(CC=3N(CC#N)C(=O)c4ccccc4N=3)CC2)cc1,,C23005486,94.242622,0,0,0,1,0,1,0,0,0,0
Clc1c(C(=O)N2CCN(Cc3n(-c4cc(F)ccc4)nnn3)CC2)c(F)ccc1,,C23232602,96.970871,0,0,0,1,0,1,0,0,0,0
Clc1c(C(=O)N2CCN(Cc3n(-c4cc(F)c(F)cc4)nnn3)CC2)cccc1,,C23233133,96.750183,0,0,0,1,0,1,0,0,0,0
O=C(N1CC[NH+](Cc2ccc3OCCc3c2)CC1)c1c(C#N)c(-n2cccc2)oc1C,,C24148029,89.32785,0,0,0,1,0,0,0,0,1,0
O=C(N1CCN(C(=O)c2cc(C#N)ccc2)CCC1)c1nc2Sc3ccccc3-n2c1,,C24909261,98.99765,0,1,0,1,1,1,0,0,0,0
Clc1ccc(-n2c(C)c(C(=O)N3CCN(S(=O)(=O)c4c(F)cccc4)CC3)cn2)cc1,,C25182733,99.996292,0,0,0,1,0,1,0,0,0,0
O=C1N(C)C(=O)C(/C=C/2\CCN3C(=O)c4c(-c5ccccc5)csc4N=C\23)=CN1C,,C25251679,95.571831,0,0,0,0,0,1,0,0,0,0
S=C1N(C)C(=O)/C(=C\C2=C(N3C[C@H](C)O[C@@H](C)C3)[NH+]=C3C(C)=CC=CN3C2=O)/S1,,C27016617,93.636459,0,0,0,1,0,0,0,0,0,0
O=C(N1CCN(CC=2N=C3SC=CN3C(=O)C=2)CC1)c1c(-c2ccccc2)cco1,,C28333638,62.843212,0,0,0,1,0,1,0,0,0,0
S(=O)(=O)([C@@H]1[C@@H](N2CCC3(OCCO3)CC2)CS(=O)(=O)C1)c1c(C)cc(F)cc1,,C32536381,99.920677,0,0,1,1,1,1,0,0,1,1
Clc1ccc2S[C@@H](C)CCN(S(=O)(=O)C=3C(=O)N(C)C(=O)N(C)C=3)c2c1,,C32932892,100,0,0,0,1,0,1,0,0,1,1
S(CC(=O)N(C)[C@@H]1CS(=O)(=O)CC1)C=1N(C)C(=O)c2c(sc3CCCc23)N=1,,C09003957,99.528328,0,0,0,1,0,1,0,1,0,1
Clc1ccc2nc(-c3ccncc3)cc(C(=O)N3CCN(S(=O)(=O)C)CC3)c2c1,,C06492100,98.71666,0,0,0,1,0,0,0,1,0,0
S(=O)(=O)(C)N1CCC(C=2Nc3c4c(C5CC5)cc(C(F)F)nc4sc3C(=O)N=2)CC1,,C39443601,98.154579,0,0,0,1,0,0,0,1,0,0
S(=O)(=O)(N1CCOc2ccc(C(=O)N3CCOCC3)cc2C1)c1cc(F)c(F)cc1,,C40455465,100,0,0,0,1,0,0,0,0,1,0
Brc1sc(S(=O)(=O)N2CCN(C(=O)Cc3c(C)n(C)nc3C)CC2)cc1,,C46561548,99.846863,0,0,0,1,0,0,0,0,1,0
Clc1c(S(=O)(=O)N2CCN(C(=O)[C@@H](C)n3cncc3)CC2)c(Cl)ccc1,,C46761947,83.946548,0,0,0,1,0,0,0,0,1,0
Clc1c(N2CCN(CC(=O)N3CCN(C(=O)c4occc4)CC3)CC2)cccc1,,C54530529,84.660896,0,0,0,1,0,1,0,0,1,0
Brc1c(C(=O)N2CCN(c3c(C)n([C@H]4CS(=O)(=O)CC4)nc3C)CC2)cccc1,,C56936413,99.82827,0,0,0,0,0,0,0,1,1,0
Fc1c(-c2nc3n([C@@H]4CS(=O)(=O)CC4)nc(C)c3c(C(=O)N3CCC(C)CC3)c2)cccc1,,C57306250,99.92598,0,0,0,1,1,1,0,0,0,0
Brc1c(C)n(-c2ccc(C(=O)N3CCC(C(=O)N4CCOCC4)CC3)cc2)nc1C,,C31282224,99.977386,0,0,0,0,0,0,0,0,0,0
O=S1(=O)C[C@@H](N2COc3ccc4C(=O)/C(=C\c5c(OCC)cccc5)/Oc4c3C2)CC1,,C41656307,99.98455,0,0,0,1,0,1,0,1,1,0
Brc1c(C(=O)N2CCN(C(=O)c3n[nH]c(-c4occc4)c3)CC2)cccc1,,C63562623,92.434235,0,0,0,1,0,1,0,0,0,0
Br[C@@H]1OC(C(=O)N2CCN(CC3=NC(=O)C=4C(S[C@@H]5CCCCC=45)=N3)CC2)=CC1,,C64213344,94.200882,0,0,1,1,0,1,0,0,0,1
Br[C@H]1OC(C(=O)N2CCN(CC3=NC(=O)C=4C(S[C@H]5CCCCC=45)=N3)CC2)=CC1,,C64213347,94.200882,0,0,0,1,0,1,0,0,0,1
FC(F)(F)c1ccc(C(=O)N2CCN(c3ncnc(-n4c(C)ncc4)c3)CC2)cc1,,C67602050,77.004784,0,0,0,0,0,0,0,0,0,0
S(=O)(=O)(n1ccc2c(OCCOCCSC[C@H](NC(=O)OC(C)(C)C)C(=O)[O-])cccc12)c1ccc(C)cc1,,C12955045,99.809296,0,0,0,1,0,1,1,0,0,1
O=C([O-])CCCCCNC(=O)[C@H](NC(=O)CCC=1C(=O)Oc2cc3oc4CCCCc4c3cc2C=1C)CC,,C13591524,98.934662,0,0,0,1,1,1,1,1,1,1
O=C(c1ccc2O[C@H](C)Cc2c1)C=1[C@@H](N(Cc2occc2)C(=O)C=1[O-])c1cc(OCC)c(OCCCC)cc1,,C09328951,98.565033,0,0,0,1,0,1,0,0,0,0
O=C(c1c(C)cc(OCC=C)cc1)C=1[C@@H](N(CCC[NH+]2CCOCC2)C(=O)C=1[O-])c1ccc(C(C)(C)C)cc1,,C24081096,93.604866,0,0,0,0,0,0,0,0,0,0
O=C(c1c(C)cc(OCC=C)cc1)C=1[C@@H](N(CCC[NH+]2CCOCC2)C(=O)C=1[O-])c1ccc(OCC=C)cc1,,C24081242,93.6036,0,0,0,0,0,0,0,0,0,1
S(=O)(=O)(N(CC)CC)c1ccc2n(Cc3occc3)c(SCc3ccc([C@H](C)C(=O)[O-])cc3)nc2c1,,C25159889,86.414803,0,0,0,1,0,1,0,1,0,0
O(CC)C(=O)c1c(C)nc(N2[C@H](c3ccccc3)C(C(=O)c3cc(OCCCC)ccc3)=C([O-])C2=O)s1,,C33374773,99.131935,0,0,0,1,1,1,0,0,0,0
O(CC)C(=O)c1c(C)nc(N2[C@H](c3oc(C)cc3)C(C(=O)c3cc(OCCCC)ccc3)=C([O-])C2=O)s1,,C33380277,99.280266,0,0,0,1,1,1,0,0,0,1
O=C(c1cc(C)c(OCC(C)C)cc1)C=1[C@H](N(CC[NH+]2CCOCC2)C(=O)C=1[O-])c1ccc(OCC=C)cc1,,C33767758,75.175934,0,0,0,1,0,1,0,0,0,0
O=C(c1ccc(OCC)cc1)C=1[C@H](N(Cc2ccncc2)C(=O)C=1[O-])c1cc(OCC)c(OCC=C)cc1,,C34920412,97.98761,0,0,0,1,0,1,0,0,0,0
O(C)C(=O)c1c(C)nc(N2[C@H](c3cc(OCCCCC)ccc3)C(C(=O)c3ccccc3)=C([O-])C2=O)s1,,C35264046,99.050499,0,0,0,1,1,1,0,0,0,0
O(CCCCC1=C(C)[C@H]2[C@@]3(C)CC[C@H]4[C@@]5(C)CC[C@H](OC(=O)CCC(=O)[O-])C[C@@H]5CC[C@@H]4[C@@H]3C[C@@H]2O1)C(=O)C,,C35361488,99.407753,0,0,0,1,0,1,0,1,0,0
O=C(c1c(C)nc(C)s1)C=1[C@@H](N(C[C@@H]2OCCC2)C(=O)C=1[O-])c1cc(OCC)c(OCCCCC)cc1,,C35568489,99.247253,0,0,0,1,0,1,0,0,0,1
OC(OCC=C)c1c(-c2c(OC)cccc2)[n+]2c(CC(=O)NCC[NH+]3CCOCC3)csc2nc1C,,C36058637,76.80619,0,0,0,1,0,1,1,1,0,1
OC(OCC=C)c1c(-c2c(OC)c(OC)ccc2)[n+]2c(CC(=O)NCc3ccncc3)csc2nc1C,,C36058707,99.491867,0,0,0,1,0,1,0,1,0,1
O(C)CCOC(=O)C=1[C@@H](c2c(C)cc(C)cc2)N2C(CC(=O)NCC[NH+]3CCOCC3)=CSC2=NC=1C,,C36061166,47.913116,0,0,0,1,0,1,1,1,0,1
Oc1c(OC)cc([C@@H](N(Cc2oc(C)cc2)C(=O)c2c([O-])ccc([N+](=O)[O-])c2)C(=O)NCCCC)cc1,,C36596774,82.322212,0,0,0,1,0,0,0,1,0,1
O=C([O-])[C@@H](NC(=O)[C@H](C)c1ccc(CC(C)C)cc1)CCCCNC(=O)[C@H](C)c1ccc(CC(C)C)cc1,,C32603187,99.75235,0,0,0,1,0,0,0,0,0,1
S(CC(=O)N[C@@H]1[C@@H](C(OCC)=O)[C@H](C)[C@H](C(OCC)=O)S1)c1n2C(C(C)(C)C)=CC(=O)Nc2nn1,,C39732332,97.739372,0,0,0,1,0,1,1,0,0,0
S(Cc1c(F)cccc1)c1sc(NC(=O)/C(=C/c2cc(OCC)c(OCCCC)cc2)/C#N)nn1,,C39997670,94.94429,0,0,0,1,0,1,1,0,0,0
O=C(Nc1sc(CCC)nn1)/C(=C/c1c(-c2ccc(OCCCC)cc2)nn(-c2ccccc2)c1)/C#N,,C39997861,94.125206,0,0,0,0,0,0,0,0,0,0
S(CC)c1sc(N2[C@H](c3cc(OCCCCC)ccc3)C(C(=O)c3oc(C)cc3)=C([O-])C2=O)nn1,,C39999636,99.600128,0,0,0,1,1,1,0,0,0,0
S(CC)c1sc(N2[C@H](c3ccc(OCC)cc3)C(C(=O)c3ccc(OCC=C)cc3)=C([O-])C2=O)nn1,,C40003164,98.765076,0,0,0,1,1,1,0,0,0,0
S(CCCC)c1sc(N2[C@H](c3ccc(C)cc3)C(C(=O)c3ccc(OCC=C)cc3)=C([O-])C2=O)nn1,,C40003213,98.767586,0,0,0,1,1,1,0,0,0,0
S(CCCC)c1sc(N2[C@H](c3ccc(O)cc3)C(C(=O)c3ccc(OCC=C)cc3)=C([O-])C2=O)nn1,,C40003215,97.088943,0,0,0,1,1,1,0,0,0,0
O(C)CCCN1[C@@H](c2cc(OCC)c(OCCC)cc2)C(C(=O)c2c(C)[nH+]c3C(C)=CC=Cn23)=C([O-])C1=O,,C40003672,99.632362,0,0,1,1,0,1,0,1,0,1
O(C)CCCN1[C@@H](c2ccc(OCCCCCC)cc2)C(C(=O)c2c(C)[nH+]c3C(C)=CC=Cn23)=C([O-])C1=O,,C40003678,99.627609,0,0,0,1,0,1,0,0,1,0
O=C(c1ccc(OCC(C)C)cc1)C=1[C@@H](N(CC=C)C(=O)C=1[O-])c1cc(OCC)c(OCCC(C)C)cc1,,C40026855,98.470833,0,0,0,1,0,1,0,0,0,0
O=C(c1cc(C)c(OCC(C)C)cc1)C=1[C@H](N(CC=C)C(=O)C=1[O-])c1cc(OCC)c(OCCCCC)cc1,,C40027814,98.463745,0,0,0,1,0,1,0,0,0,0
Oc1c(C(C)(C)C)cc([C@H]2N(CC=C)C(=O)C([O-])=C2C(=O)c2cc(OCCCC)ccc2)cc1C(C)(C)C,,C40029756,97.06115,0,0,0,0,0,0,0,0,0,0
OCCCN1[C@@H](c2cc(OCC)c(OCCCCC)cc2)C(C(=O)c2cc(C)c(OCC)cc2)=C([O-])C1=O,,C40048872,98.453316,0,0,0,1,0,1,0,0,0,1
OCCCN1[C@H](c2cc(OCC)c(OCCC)cc2)C(C(=O)c2cc(C)c(OCC(C)C)cc2)=C([O-])C1=O,,C40052665,98.453896,0,0,0,1,0,1,0,1,0,1
Clc1c(COc2ccc(C(=O)C=3[C@H](N(CCCO)C(=O)C=3[O-])c3ccc(OCC)cc3)cc2)cccc1,,C40055086,98.4505,0,0,0,1,0,1,0,1,0,0
Brc1ccc(C(=O)C=2[C@@H](N(CCOCCO)C(=O)C=2[O-])c2c(OCCCC)cccc2)cc1,,C40076967,98.707443,0,0,0,1,1,1,0,1,0,1
OCCOCCN1[C@@H](c2ccc(OCCCC)cc2)C(C(=O)c2ccc(OCC(C)C)cc2)=C([O-])C1=O,,C40080513,98.469513,0,0,0,1,1,1,0,1,0,0
OCCOCCN1[C@H](c2ccc(N(CC)CC)cc2)C(C(=O)c2ccc(OCC(C)C)cc2)=C([O-])C1=O,,C40080615,98.425606,0,0,0,1,0,1,0,0,0,0
OCCOCCN1[C@H](c2ccc(OCCCCCC)cc2)C(C(=O)c2c(C)cc(OCC)cc2)=C([O-])C1=O,,C40081392,98.455803,0,0,0,1,0,1,0,0,0,0
OCCN1[C@H](c2cc(C(C)(C)C)c(O)c(C(C)(C)C)c2)C(C(=O)c2c(C)cc(OCCCC)cc2)=C([O-])C1=O,,C40083898,96.73893,0,0,0,0,0,0,0,0,0,0
OCCOCCN1[C@@H](c2ccc(OCCCCCC)cc2)C(C(=O)c2c(C)cc(OC(C)C)cc2)=C([O-])C1=O,,C40084292,98.454575,0,0,0,1,0,1,0,0,0,0
OCCOCCN1[C@@H](c2ccc(N(CC)CC)cc2)C(C(=O)c2c(C)cc(OCC(C)C)cc2)=C([O-])C1=O,,C40084742,98.412178,0,0,0,1,1,1,0,0,0,1
OCCOCCN1[C@@H](c2ccc(OCCCCCC)cc2)C(C(=O)c2cc(C)c(OCC)cc2)=C([O-])C1=O,,C40085618,98.461823,0,0,0,1,1,0,0,0,1,0
O=C(c1cc(C)c(OCCC)cc1)C=1[C@@H](N(CCCC)C(=O)C=1[O-])c1cc(OCC)c(OCCCCC)cc1,,C40091811,98.440636,0,0,0,1,0,1,0,0,0,0
Clc1c(Cl)ccc([C@H]2N(CCOCCO)C(=O)C([O-])=C2C(=O)c2cc(C)c(OCC(C)C)cc2)c1,,C40093757,98.496117,0,0,0,1,0,1,0,0,1,0
O=C(c1cc(C)c(OCC(C)C)cc1)C=1[C@@H](N(CCCC)C(=O)C=1[O-])c1cc(OCC)c(OCC=C)cc1,,C40094241,98.441475,0,0,0,1,0,1,0,0,0,0
Clc1ccc(COc2cc(C(=O)C=3[C@H](N(CCOCCO)C(=O)C=3[O-])c3sccc3)ccc2)cc1,,C40103006,98.833511,0,0,0,1,0,1,0,1,0,0
Clc1ccc(COc2cc(C(=O)C=3[C@H](N(CCO)C(=O)C=3[O-])c3c(OCC=C)cccc3)ccc2)cc1,,C40103092,98.861549,0,0,0,1,0,1,0,1,0,1
Clc1ccc(COc2ccc(C(=O)C=3[C@@H](c4cc(OCC)c(OCC=C)cc4)NC(=O)C=3[O-])cc2)cc1,,C40127162,98.518196,0,0,0,1,0,1,0,1,0,0
O(CC1c2ccccc2-c2ccccc12)C(=O)N[C@@H](Cc1oc(COc2ccc(OC)cc2)cc1)C(=O)[O-],,C44322161,99.843269,0,0,0,1,0,1,1,0,0,0
O(CC1c2ccccc2-c2ccccc12)C(=O)N[C@@H](Cc1oc(COc2ccc(C(C)C)cc2)cc1)C(=O)[O-],,C44322360,99.843285,0,0,0,1,0,1,1,0,0,0
S=C1N(CCCCCC(=O)NCCCC(=O)[O-])C(=O)/C(=C/c2c3ccccc3cc3ccccc23)/S1,,C15044934,99.073967,0,0,0,1,1,1,1,1,0,1
O(CC1c2ccccc2-c2ccccc12)C(=O)NCc1ccc(C[C@@H](NC(=O)OC(C)(C)C)C(=O)[O-])cc1,,C04218182,99.810295,0,0,0,1,0,1,1,0,0,0
S(C[C@@H](NSc1c([N+](=O)[O-])cccc1)C(=O)[O-])C(c1ccccc1)(c1ccccc1)c1ccccc1,,C05124401,96.50737,0,1,0,1,1,1,1,0,0,0
O=C(c1ccc2O[C@H](C)Cc2c1)C=1[C@H](N(CCC[NH+]2CCOCC2)C(=O)C=1[O-])c1cc(OCCCC)ccc1,,C20292411,93.653267,0,0,0,1,0,1,1,0,0,1
O=C(c1ccc2O[C@@H](C)Cc2c1)C=1[C@H](N(CCCn2cncc2)C(=O)C=1[O-])c1cc(OCCCC)ccc1,,C09358968,78.038536,0,0,0,1,0,1,0,0,0,0
O=C(c1ccc2O[C@H](C)Cc2c1)C=1[C@H](N(CCCn2cncc2)C(=O)C=1[O-])c1cc(OCCCC)ccc1,,C09358977,78.038536,0,0,0,1,0,1,0,0,0,1
S(C)CC[C@@H](NC(=O)[C@@H](NC(OCC1c2ccccc2-c2ccccc12)=O)Cc1ccccc1)C(=O)[O-],,C32602863,99.768517,0,0,0,1,0,1,1,0,0,1
O(CC)C(=O)c1c(C)nc(N2[C@@H](c3oc(C)cc3)C(C(=O)c3cc(OCCCC)ccc3)=C([O-])C2=O)s1,,C33380278,99.280266,0,0,0,1,0,1,0,0,0,1
O=C(c1oc2c(OC)cccc2c1)C=1[C@@H](N(CCCn2cncc2)C(=O)C=1[O-])c1ccc(OCC=C)cc1,,C33522421,78.966866,0,0,0,1,0,0,0,0,0,0
FC(F)(F)c1ccc([C@H](OCc2ccc(C(C)(C)C)cc2)[C@@]2(C(=O)[O-])ON=C(CCC(OC)=O)C2)cc1,,C33533001,99.934601,0,0,0,0,0,0,0,0,0,0
O=C(c1ccc(OCCC)cc1)C=1[C@@H](N(c2sc(C)nn2)C(=O)C=1[O-])c1cc(OCC)c(OCC)cc1,,C33586773,98.766182,0,0,0,1,0,1,0,0,0,0
O=C(c1ccc(OCCC)cc1)C=1[C@H](N(Cc2ccncc2)C(=O)C=1[O-])c1cc(OCC)c(OCC=C)cc1,,C33600862,97.987946,0,0,0,1,0,1,0,0,0,0
O(C)CCN1[C@H](c2cc(OCC)c(OCCCCC)cc2)C(C(=O)c2c(C)[nH+]c3n2C=CC=C3)=C([O-])C1=O,,C33814231,99.639359,0,0,0,1,0,1,0,0,0,1
O=C(c1ccc(OCCC)cc1)C=1[C@@H](N(CCC[NH+]2CCOCC2)C(=O)C=1[O-])c1cc(OCC=C)ccc1,,C34930468,93.621407,0,0,0,1,0,0,0,0,0,0
O(C)C(=O)c1c(C)nc(N2[C@@H](c3cc(OCCCCC)ccc3)C(C(=O)c3ccccc3)=C([O-])C2=O)s1,,C35264047,99.050499,0,0,0,1,0,1,0,0,0,0
O(C)CCCN1[C@H](c2cc(OCC)c(OCCCC)cc2)C(C(=O)c2c(C)n3C=CC=C(C)c3[nH+]2)=C([O-])C1=O,,C35484284,98.886276,0,0,0,1,0,1,0,0,0,1
O(C)CCCN1[C@H](c2ccc(OCCCCCC)cc2)C(C(=O)c2c(C)n3C=CC=C(C)c3[nH+]2)=C([O-])C1=O,,C35484286,98.883484,0,0,0,1,0,1,0,0,0,0
O=C(c1c(C)nc(C)s1)C=1[C@H](N(CC[NH+]2CCOCC2)C(=O)C=1[O-])c1ccc(OCCCCCC)cc1,,C35567357,75.664009,0,0,0,1,0,1,1,0,0,1
O(CC=C)C(=O)C=1[C@H](c2cc(OC)ccc2)N2C(CC(=O)NCC[NH+]3CCOCC3)=CSC2=NC=1C,,C35701802,48.095985,0,0,0,1,0,1,1,1,0,0
O(C)C(=O)C=1[C@@H](c2cc(OC)cc(OC)c2)N2C(CC(=O)NCC[NH+]3CCOCC3)=CSC2=NC=1CC,,C36064469,48.523754,0,0,0,1,0,0,0,1,0,1
Oc1c([C@@H](N(CCCCCC)C(=O)c2c([O-])ccc([N+](=O)[O-])c2)C(=O)NC(C)(C)CC(C)(C)C)cccc1,,C36513823,82.64669,0,0,0,1,0,0,0,0,0,1
S(=O)(=O)(CNC(=O)[C@@H](N(CCCCCC)C(=O)c1c([O-])ccc([N+](=O)[O-])c1)/C=C/C)c1ccc(C)cc1,,C36513897,85.333183,0,0,0,1,0,0,1,0,0,1
Oc1c(OC)cc([C@@H](N(CCC)C(=O)c2c([O-])ccc([N+](=O)[O-])c2)C(=O)NC(C)(C)CC(C)(C)C)cc1,,C36570325,81.855675,0,0,0,1,0,1,0,0,0,1
O=C([O-])[C@@H](NC(=O)[C@@H](C)c1ccc(CC(C)C)cc1)CCCCNC(=O)[C@@H](C)c1ccc(CC(C)C)cc1,,C32603186,99.75235,0,0,0,1,0,0,0,0,0,0
S(Cc1ccc(F)cc1)c1sc(NC(=O)/C(=C/c2cc(OC)c(OCCCCC)cc2)/C#N)nn1,,C39997714,94.798439,0,0,0,1,0,1,1,0,0,0
S(Cc1ccc(F)cc1)c1sc(NC(=O)/C(=C/c2cc(OC)c(OCCC(C)C)cc2)/C#N)nn1,,C39997715,94.798386,0,0,0,1,0,1,1,0,0,0
S(CCCC)c1sc(N2[C@@H](c3ccc(O)cc3)C(C(=O)c3ccc(OCC=C)cc3)=C([O-])C2=O)nn1,,C40003216,97.088943,0,0,0,1,0,1,0,1,0,0
S(CCCC)c1sc(N2[C@@H](c3sccc3)C(C(=O)c3ccc(OCC=C)cc3)=C([O-])C2=O)nn1,,C40003222,98.794746,0,0,0,1,0,1,0,0,0,0
OCCCN1[C@@H](c2cc(OCC)c(OCCC)cc2)C(C(=O)c2ccc(OCC(C)C)cc2)=C([O-])C1=O,,C40048540,98.461014,0,0,0,1,0,1,0,0,0,1
OCCCN1[C@@H](c2cc(OCC)c(OCCC)cc2)C(C(=O)c2cc(C)c(OCCC)cc2)=C([O-])C1=O,,C40049022,98.453621,0,0,0,1,0,1,0,0,0,1
OCCOCCN1[C@H](c2cc(OCC)c(OCCC(C)C)cc2)C(C(=O)c2ccc(C)cc2)=C([O-])C1=O,,C40076302,98.69075,0,0,0,1,0,1,0,0,1,0
Brc1ccc(C(=O)C=2[C@H](N(CCOCCO)C(=O)C=2[O-])c2c(OCCCC)cccc2)cc1,,C40076966,98.707443,0,1,0,1,1,1,0,1,0,1
Brc1c([C@@H]2N(CCOCCO)C(=O)C([O-])=C2C(=O)c2ccc(OCC(C)C)cc2)cccc1,,C40080632,98.527016,0,0,0,1,1,1,0,0,0,0
OCCOCCN1[C@H](c2cc(OCCCCC)ccc2)C(C(=O)c2c(C)cc(OCC)cc2)=C([O-])C1=O,,C40081377,98.478226,0,0,0,1,0,1,0,1,0,1
OCCOCCN1[C@H](c2ccc(N(CC)CC)cc2)C(C(=O)c2c(C)cc(OCCC)cc2)=C([O-])C1=O,,C40082238,98.411896,0,0,0,1,0,0,0,0,1,0
OCCOCCN1[C@H](c2cc(OCCC)ccc2)C(C(=O)c2c(C)cc(OCCCC)cc2)=C([O-])C1=O,,C40083591,98.478683,0,0,0,1,0,1,0,1,0,1
OCCOCCN1[C@@H](c2cc(OCCCC)ccc2)C(C(=O)c2c(C)cc(OCCCC)cc2)=C([O-])C1=O,,C40083599,98.478706,0,0,0,1,0,1,0,0,0,1
Clc1c([C@H]2N(CCOCCO)C(=O)C([O-])=C2C(=O)c2c(C)cc(OCCCC)cc2)ccc(Cl)c1,,C40083629,98.525444,0,1,0,1,0,1,0,0,0,1
OCCOCCN1[C@@H](c2ccc(N(CC)CC)cc2)C(C(=O)c2c(C)cc(OCCCC)cc2)=C([O-])C1=O,,C40083653,98.412071,0,0,0,1,0,0,0,0,0,0
Clc1c([C@@H]2N(CCOCCO)C(=O)C([O-])=C2C(=O)c2c(C)cc(OCC(C)C)cc2)c(Cl)ccc1,,C40084750,98.57061,0,0,0,1,1,1,0,0,0,1
Oc1c(C(C)(C)C)cc([C@@H]2N(CCCC)C(=O)C([O-])=C2C(=O)c2cc(C)c(OCCC)cc2)cc1C(C)(C)C,,C40091864,96.710716,0,0,0,1,0,0,0,0,0,0
OCCN1[C@H](c2cc(OCC)c(OCCC)cc2)C(C(=O)c2cc(C)c(OCCCC)cc2)=C([O-])C1=O,,C40092810,98.48243,0,0,0,1,0,1,0,1,0,1
OCCOCCN1[C@H](c2c(OCCCC)cccc2)C(C(=O)c2cc(C)c(OC(C)C)cc2)=C([O-])C1=O,,C40093288,98.532005,0,1,0,1,0,1,0,1,0,1
O=C(c1cc(C)c(OCC(C)C)cc1)C=1[C@@H](N(CCCC)C(=O)C=1[O-])c1ccc(OCCCCCC)cc1,,C40094246,98.419205,0,0,0,0,0,1,0,0,0,0
OCCOCCN1[C@H](c2ccc(OCCCCCC)cc2)C(C(=O)c2ccc(OCC=C)cc2)=C([O-])C1=O,,C40099378,98.474937,0,0,0,1,0,0,0,0,0,0
OCCOCCN1[C@H](c2ccc(OCCCCCC)cc2)C(C(=O)c2cc(OCCC)ccc2)=C([O-])C1=O,,C40101232,98.795898,0,0,0,1,0,0,0,0,0,0
Clc1c(COc2ccc(C(=O)C=3[C@@H](N(CCO)C(=O)C=3[O-])c3cc(OCC=C)ccc3)cc2)cccc1,,C40109595,98.502235,0,0,0,1,1,1,0,1,0,0
Clc1cc(c(O)cc1)-c1[nH]nc2C(=O)N(CCCOC(C)C)[C@@H](c3cc(OCCC(C)C)ccc3)c12,,C39899334,90.016129,0,0,0,1,1,1,1,1,0,1
O(CC1c2ccccc2-c2ccccc12)C(=O)N[C@H](Cc1cn(CC(OCC)=O)c2ccccc12)C(=O)[O-],,C44321948,99.806358,0,0,0,1,1,1,1,0,0,0
O(C)C(OC)c1c(-c2oc(C[C@@H](NC(OCC3c4ccccc4-c4ccccc34)=O)C(=O)[O-])cc2)cccc1,,C44324082,99.843796,0,0,0,1,1,1,1,1,0,1
O=C(OC(C)(C)C)NCC=1C(=O)N(Cc2ccc(-c3c(-c4nnn[n-]4)cccc3)cc2)[C@H](CCCC)CC=1,,C52617997,97.445023,0,0,0,1,0,1,0,0,0,0
S=C1N(C)C(=O)/C(=C/C2=C(NCc3ccc(OC)cc3)[NH+]=C3C(C)=CC=CN3C2=O)/S1,,C08661013,94.096436,0,0,0,1,0,1,0,1,0,0
O=C(C)N1CCc2c(c(NC(=O)c3nn(C)c(C)c3)sc2C1)-c1sc2ccccc2n1,,C09001825,100,0,0,0,1,1,1,1,1,0,0
Clc1ccc(Sc2c(NC(=O)CN3C(=O)C(C#N)=C4N(C3=O)CCC4)cccc2)cc1,,C09253806,100,0,0,0,1,0,1,1,0,0,1
O=C1N(C[C@@H]2OCCC2)[C@H](c2c(-c3ccncc3)nn(-c3ccccc3)c2)Nc2ccccc12,,C09549852,95.287392,0,0,0,1,0,1,0,0,0,1
S=C1N(c2ccc(F)cc2)C(=O)/C(=C/c2c(C)n(c(C)c2)-c2c(C(OC)=O)cccc2)/C(=O)N1,,C00980547,99.142014,0,0,0,1,0,1,0,0,0,0
O=C(N1CCN(c2c(C)ccc(C)c2)CC1)c1cc(NC=2S[C@H]3CS(=O)(=O)C[C@H]3[NH+]=2)ccc1,,C09860407,50.224827,0,0,0,0,0,0,0,1,0,0
Ic1c(C(=O)NN2C(=O)c3cnn(-c4ccccc4)c3N=C2)cccc1,,C10034397,99.940636,0,0,0,1,0,1,0,0,0,0
O=C(N(C)Cc1nc(C)sc1)[C@H]1CC(=O)c2sc(NC(=O)c3cc(C)ccc3)nc2C1,,C11880358,100,0,0,0,1,0,1,0,0,0,0
Clc1c(C)c(NC(=O)c2cc(C3CC3)nc3n([C@H]4CS(=O)(=O)CC4)nc(C)c23)ccc1,,C12734928,99.773254,0,0,0,1,0,1,0,1,1,0
Brc1c(S(=O)(=O)Nc2ccc(-n3nnnc3)cc2)cc(Br)cc1,,C12604611,95.171974,0,0,0,1,0,1,0,0,0,0
Brc1cc(C)c(NC(=O)CN(C)C(=O)c2c(C)nc3n(C(C)C)ncc3c2)cc1,,C12997931,99.683174,0,0,0,1,0,1,1,0,1,1
S(=O)(=O)(NCC)c1ccc(C(=O)N2CC3(CCCC3)c3cc4OCCOc4cc3C2)cc1,,C13002996,96.89669,0,0,0,1,0,1,0,1,0,0
Brc1c(-c2oc(CN3C(=O)[C@@]4(NC3=O)CCCc3sccc43)nn2)cccc1,,C13063458,99.998283,0,0,0,1,0,1,0,0,0,0
Brc1sc(-c2oc(NC(=O)c3cc(S(=O)(=O)C(C)C)ccc3)nn2)cc1,,C13667277,99.99334,0,0,0,1,0,1,0,1,0,0
Clc1ccc(C2=C(C)Oc3cc(OCC(=O)N[C@H]4CS(=O)(=O)C=C4)ccc3C2=O)cc1,,C13729741,100,0,0,1,0,0,1,1,0,0,0
Clc1c(C)n(CC(=O)NN2C(C)=Nc3sc4CCCCc4c3C2=O)nc1C(F)(F)F,,C02780686,98.420883,0,0,0,1,0,1,0,0,0,0
FC(F)(F)c1ccc2S[C@@H](CC(=O)N3CCN(C(OC(C)(C)C)=O)CC3)C(=O)Nc2c1,,C14853130,99.998955,0,0,0,1,0,0,0,0,0,0
S([C@H](C)C(=O)Nc1c(C)n(C)nc1C)C=1N(C)C(=O)c2c(-c3sccc3)csc2N=1,,C15342423,99.500053,0,0,0,0,0,1,0,0,0,0
S=C1N(c2ccccc2)C(=O)/C(=C/c2c(C)n(c(C)c2)-c2ccc(N3CCOCC3)cc2)/C(=O)N1,,C15769648,99.195549,0,0,0,0,0,1,0,0,0,0
Fc1c(C(=O)N2CCC3(N(c4ccccc4)CN(CC(=O)NC(C)C)C3=O)CC2)cccc1,,C16612570,100,0,0,0,0,0,1,0,0,0,0
Clc1ccc(N2C(C)=CC(=O)C(C(=O)N[C@H](c3n(C)ccn3)c3c(F)cccc3)=N2)cc1,,C18237372,79.660812,0,0,0,1,0,1,1,0,0,1
Fc1c(C(=O)N[C@@H](C)c2n3CC[NH+](Cc4cccc5ncccc45)CCc3nn2)cc(F)cc1,,C20208536,69.125374,0,0,0,1,0,1,1,1,0,0
Brc1cc(C(=O)Nc2ccc3n(CC)c(CN4CCN(C(=O)C)CC4)nc3c2)ccc1,,C20215085,49.772163,0,0,0,0,0,0,0,0,0,1
Clc1c(F)ccc(NC(=O)CN2C(=O)CSc3ccc(S(=O)(=O)N(C)C)cc23)c1,,C20583656,100,0,0,0,1,0,1,0,1,0,0
Clc1c(S(=O)(=O)N2CCN(CC=3Nc4ccccc4C(=O)N=3)CC2)cc(Cl)cc1,,C21849453,78.284851,0,0,0,1,0,1,0,1,0,0
Clc1n(Cc2c(Cl)cccc2)nc(C)c1C(=O)N(C)CC=1Nc2ccccc2C(=O)N=1,,C23605864,79.988708,0,0,0,1,0,1,1,0,0,0
O=C(CN1C(=O)[C@@](C)(c2ccccc2)NC1=O)N1CC[NH+](Cc2cccc3ccccc23)CC1,,C14235318,83.916672,0,0,0,0,0,0,0,0,0,1
S(=O)(=O)(C)c1ccc([C@H](NC(=O)c2cc(-c3sc(C)cc3)nc3onc(C)c23)C)cc1,,C25002118,99.999146,0,0,0,1,1,1,0,1,1,0
Clc1c(N2C(=O)C[C@H](C(=O)Nc3sc(-c4n(C(F)F)cc[nH+]4)c(C)n3)C2)cccc1,,C25163017,95.645737,0,0,0,1,0,1,1,0,0,0
FC(F)(F)c1nc2N(C)C(=O)N(CC(=O)N[C@@H](C)c3cccc4ccccc34)C(=O)c2cc1,,C26130900,100,0,0,0,0,0,0,1,0,0,0
S(=O)(=O)(C[C@]12C(=O)C[C@H](C1(C)C)CC2)N1CCC=2NC(Cc3c(F)cccc3)=NC(=O)C=2C1,,C35435984,99.063148,0,0,0,1,1,1,1,0,1,1
Clc1cc(C)c(NC(=O)CN2C(=O)CSc3ccc(S(=O)(=O)N(C)C)cc23)cc1,,C08673271,100,0,0,0,1,0,1,0,1,1,1
S(=O)(=O)(Nc1ccc(-c2nc3SCCn3c2)cc1)c1ccc2N(C(=O)C)[C@H](C)Cc2c1,,C38718490,55.946945,0,0,0,1,0,0,0,0,1,0
Brc1c(C)cc(NC(=O)CN2C(=O)c3nc(C)sc3C(c3occc3)=N2)cc1,,C36656607,90.378838,0,0,0,1,0,1,1,0,0,1
Brc1ccc(NC(=O)c2cn(C)c3C(=O)N(c4ccc(C)cc4)C(=O)Nc23)cc1,,C39727619,99.991257,0,0,0,0,0,0,1,0,0,0
Brc1cc(C)c(NC(=O)CN2CCN(C3=NS(=O)(=O)c4ccccc34)CC2)cc1,,C40135402,97.278366,0,0,0,1,0,1,0,0,1,0
S(=O)(=O)(NCC1CCN(C(=O)C=2C(=O)N(C)C=CC=2)CC1)c1c(C)c(C)c(C)c(C)c1C,,C43960009,96.537704,0,0,0,1,1,1,0,0,1,1
Clc1ccc(-c2nc(NC(=O)Cc3c(C)n([C@@H]4CS(=O)(=O)CC4)nc3C)sc2)cc1,,C44441154,99.912178,0,0,0,1,0,1,1,1,0,0
Ic1c(NC(=O)Cn2nc([N+](=O)[O-])cc2)cc(Br)cc1,,C49031320,99.575996,0,0,0,1,0,1,0,0,0,1
Clc1cc(Cl)cc(N2C(=O)[C@H](N3CCC4(N(c5ccccc5)CNC4=O)CC3)CC2=O)c1,,C18142953,98.627449,0,0,0,0,0,0,0,0,0,0
Clc1c(OC)ccc(-n2c(C)c(/C=C/3\C(=O)N=C4SC(C(C)C)=NN4C\3=[NH2+])cc2C)c1,,C33540756,99.959236,0,0,0,0,0,0,0,0,0,0
O=C1/C(=C\c2c(C)n(c(C)c2)-c2ccc(CC)cc2)/C(=[NH2+])N2N=C(c3cnccc3)SC2=N1,,C41084253,99.720421,0,0,0,0,0,0,0,0,0,0
S(=O)(=O)(N1CCOCC1)c1c(F)ccc(NC(=O)c2c(C)n(c(C)c2)-c2ccccc2)c1,,C57391224,100,0,0,1,1,0,1,0,1,0,0
O(CC=1SC=2N(C(=[NH2+])/C(=C\c3n(-c4ccc(C)cc4)ccc3)/C(=O)N=2)N=1)c1c(C)cccc1,,C32964308,99.944153,0,0,0,0,0,1,0,0,0,1
Brc1occ(C(=O)Nc2scc(-c3ccc(S(=O)(=O)N(C)C)cc3)n2)c1,,C59252215,100,0,0,0,1,0,1,0,1,0,0
S(=O)(=O)(N1CCN([C@H](C)C(=O)Nc2cccc3ncccc23)CC1)c1c(C)sc(C)c1,,C60127284,95.329216,0,0,0,1,0,1,1,0,0,0
FC(F)(F)C=1SC=2N(C(=[NH2+])/C(=C\c3cc(OC(=O)c4c(F)cccc4)ccc3)/C(=O)N=2)N=1,,C27904566,99.60836,0,0,0,1,1,0,0,0,0,0
Brc1c(C)cc(NC(=O)CN2C(=O)C(N(C)C(=O)C)=Nc3ccccc23)cc1C,,C64987540,99.724892,0,0,0,1,0,1,0,0,0,1
Brc1ccc(N2S(=O)(=O)c3cc(C(=O)Nc4ncccc4)ccc3C2=O)cc1,,C65008074,98.881073,0,0,0,1,0,1,0,0,0,0
Brc1cc(NC(=O)CN2C(=O)N(Cc3occc3)C(=O)c3ccccc23)ccc1,,C67197181,100,0,0,0,1,0,1,0,0,0,0
Clc1ccc(N2[C@H](N3C(=O)N(c4ccc(Cl)cc4)C(=O)O3)C(C)(C)N(CCC(OC)=O)C2=O)cc1,,C01511611,100,0,0,0,1,0,1,0,0,0,0
Clc1c(N(C)N2C(=O)[C@H]3[C@@H](c4ncccc4)NC(C4C(=O)c5ccccc5C4=O)=C3C2=O)ncc(C(F)(F)F)c1,,C04396656,76.777306,0,0,0,1,0,0,1,0,0,1
Clc1n([C@@H]2CS(=O)(=O)CC2)nc(C)c1/C=C/C(OCC(=O)c1c(C)n(c(C)c1)-c1ccc(F)cc1)=O,,C03366497,99.982986,0,0,0,0,0,1,0,0,0,0
S(=O)(=O)(N(C)C)c1cc(-c2c(/C=C/3\C(=O)N(C[C@H]4OCCC4)C(=S)S\3)cn(-c3ccccc3)n2)ccc1,,C01876620,99.990334,0,0,0,1,0,1,0,1,1,0
O=C1N(N(C)C(C)=C1C(c1ccc2OCCOc2c1)C=1C(=O)N(N(C)C=1C)c1ccccc1)c1ccccc1,,C08434758,99.978836,0,0,0,0,0,0,0,0,0,0
O=[N+]([O-])c1oc(/C=C/C(C=2C(=O)N(N(C)C=2C)c2ccccc2)C=2C(=O)N(N(C)C=2C)c2ccccc2)cc1,,C00829275,99.978493,0,0,0,0,0,0,0,0,0,0
O=C1N(N(C)C(C)=C1N1C(CCCN2C(=O)c3ccccc3C2=O)=Nc2ccccc2C1=O)c1ccccc1,,C01414174,96.473221,0,0,0,0,0,1,0,0,0,1
Brc1c(OCCOc2c(C)cccc2)c(OCC)cc(C=C2C(=O)N(C)C(=O)N(C)C2=O)c1,,C09553728,100,0,0,0,1,0,1,0,0,1,1
O=[N+]([O-])c1ccc(N2CCN(C(=O)C(=O)c3cn(CC(=O)N4CCCCCC4)c4ccccc34)CC2)cc1,,C09519479,100,0,0,0,1,0,1,0,0,1,0
S(=O)(=O)(N(C)C1CC1)c1ccc(C(=O)/N=C\2/N(CCOC)c3ccc(S(=O)(=O)C)cc3S/2)cc1,,C10099760,98.886734,0,0,0,1,1,0,0,1,0,0
Clc1c(C)c2N(CC)/C(=N/C(=O)c3ccc(S(=O)(=O)N(CCC#N)CCC#N)cc3)/Sc2cc1,,C08797446,98.48642,0,0,0,1,1,0,0,1,0,0
Fc1ccc(-n2nnc3c(N4CCN(C(=O)[C@@H](Oc5cccc6CC(C)(C)Oc56)C)CC4)ncnc23)cc1,,C12310295,97.781769,0,0,0,0,0,0,0,0,0,0
O(CC(=O)N(C)[C@@H]1CS(=O)(=O)CC1)C(=O)c1cc(-c2ccccc2)nc2n(-c3ccccc3)nc(C)c12,,C12542022,99.963715,0,0,0,1,0,1,0,1,0,1
S(=O)(=O)(N1CCN(C(=O)CSc2oc3cc([N+](=O)[O-])ccc3n2)CC1)c1ccc2ccccc2c1,,C12565606,100,0,0,0,1,1,1,0,0,0,1
S(=O)(=O)(N(Cc1ccccc1)Cc1ccccc1)C1=CN(CC=2N=C3SC=CN3C(=O)C=2)C(=O)C=C1,,C13163652,99.486153,0,0,0,1,1,0,0,0,1,0
FC(F)(F)Oc1cc(C2=C(CO[C@H](c3n(C)cnc3)c3ccc(C#N)cc3)N(C)C(=O)C(C#N)=C2)ccc1,,C13587383,84.676102,0,0,0,0,0,0,0,0,0,0
S(=O)(=O)(N1CCOCC1)c1ccc2N(C)C(=O)/C(=C\c3c(C)n(c(C)c3)-c3ccc(OCC)cc3)/c2c1,,C08777683,100,0,0,0,1,0,0,0,1,0,0
OC(OCC)=Cn1c([C@H](N2CCN(c3sc4ccccc4n3)CC2)c2ccc3ncccc3c2)nnn1,,C20098327,53.107948,0,0,0,1,0,1,1,0,0,0
Fc1ccc(C([NH+]2CCN(C(=O)CN3C(=O)COc4ccc([N+](=O)[O-])cc34)CC2)c2ccc(F)cc2)cc1,,C13128691,72.661873,0,0,0,0,0,0,0,0,0,1
S=C1N(CCOC)C(=O)/C(=C\C2=C(N3CC[NH+](Cc4ccccc4)CC3)[NH+]=C3N(C2=O)C=CC=C3)/S1,,C27016324,76.520477,0,0,0,1,0,1,0,1,1,0
S=C1N([C@H](C)CC)C(=O)/C(=C\C2=C(N3CCN(C(OCC)=O)CC3)[NH+]=C3C(C)=CC=CN3C2=O)/S1,,C33797280,93.501053,0,0,0,1,0,0,0,1,0,0
S=C1N(CC(C)C)C(=O)/C(=C\C2=C(N3CCN(C(OCC)=O)CC3)[NH+]=C3C(C)=CC=CN3C2=O)/S1,,C35126665,93.497444,0,0,0,1,0,0,0,1,0,0
Clc1ccc2OC=3C(=O)N(CC[NH+]4CCOCC4)[C@@H](c4cc(OCC)c(OCC)cc4)C=3C(=O)c2c1,,C35515496,71.742737,0,0,0,1,0,0,1,0,0,0
Brc1ccc2OC=3C(=O)N(CC[NH+]4CCOCC4)[C@H](c4ccc([N+](=O)[O-])cc4)C=3C(=O)c2c1,,C35515515,71.473045,0,0,0,0,0,0,0,0,0,0
S(Cc1ccc(C(=O)N2CCN(C(=O)C)CC2)cc1)c1nc(N2CCOCC2)cc(-c2ccccc2)n1,,C35666108,81.932594,0,0,0,0,0,1,0,0,0,0
Clc1c(S(=O)(=O)N(CC(=O)c2c(C)n(C)c(C(OC)=O)c2C)C[C@@H]2OCCC2)cc(Cl)cc1,,C35869276,100,0,0,0,1,0,1,0,0,0,0
Clc1ccc(OCC(=O)N2C[C@@H](CN(CC[NH+]3CCOCC3)C(=O)c3cc(F)ccc3)OCC2)cc1,,C34686243,77.570473,0,1,0,1,1,1,1,0,0,1
O=C/1N(C[C@H]2OCCC2)C(=O)C(C#N)=C(C)\C\1=C/c1c(-c2ccc3O[C@@H](C)Cc3c2)nn(-c2ccccc2)c1,,C38607029,99.98761,0,0,0,1,0,1,0,0,0,1
O=S1(=O)C[C@H](N2[C@@H](c3cc(OCC)c(OCC)cc3)C=3C(=O)c4cc(C)c(C)cc4OC=3C2=O)CC1,,C38649105,100,0,0,0,1,0,0,0,1,0,0
Fc1ccc(N2C(=O)C[C@@H](C(=O)N(CC[NH+]3CCOCC3)c3sc4cccc(OCC)c4n3)C2)cc1,,C36715180,59.040749,0,0,0,1,0,1,1,0,0,1
O(C)C(=O)c1ccc(N2C(=O)[C@H]3[C@H](C2=O)C2[C@@H]4C(=O)N(c5ccc(C(OC)=O)cc5)C(=O)[C@H]4C3C=C2)cc1,,C04017402,100,0,0,0,0,0,0,0,0,0,0
S(=O)(=O)(Oc1ccccc1)n1c(C)c(S(=O)(=O)C(C)C)c2CCC(=O)c3c(OCC)ccnc3-c12,,C39459312,97.944443,0,0,0,1,0,0,0,0,0,1
S(=O)(=O)(Oc1ccccc1)n1c(C)c(SC)c2CCC(=O)c3c(S(=O)(=O)C(C)C)ccnc3-c12,,C39459453,99.958458,0,0,0,1,0,1,0,0,0,1
S=C1N(CCCCC)C(=O)/C(=C\C2=C(N3CCN(C(OCC)=O)CC3)[NH+]=C3N(C2=O)C=CC=C3)/S1,,C39716291,92.964005,0,0,0,1,0,1,0,1,0,0
S=C1N(CCCOCC)C(=O)/C(=C\C2=C(N(CCC)C(=O)C(C#N)=C2C)N2C[C@@H](C)O[C@H](C)C2)/S1,,C39770424,100,0,0,0,1,0,0,0,0,0,1
S=C1N(CC)C(=O)/C(=C\C2=C(N(CCCC)C(=O)C(C#N)=C2C)N2CCC(C(OCC)=O)CC2)/S1,,C39770713,100,0,0,0,1,0,0,0,0,0,0
Fc1ccc2OC=3C(=O)N([C@@H](c4cc(OCC)c(OCC=C)cc4)C=3C(=O)c2c1)c1sc(CCC)nn1,,C39840620,99.915543,0,0,0,1,0,1,0,0,0,0
O(CC)C(=O)c1c(C)nc(N2C(=O)C=3Oc4ccccc4C(=O)C=3[C@]32C(=O)N(CC)c2ccccc32)s1,,C39889424,100,0,0,0,0,0,1,0,0,0,0
Fc1ccc2OC=3C(=O)N(c4sc(CC(C)C)nn4)[C@@]4(C(=O)N(CCC)c5ccccc45)C=3C(=O)c2c1,,C39890117,99.936699,0,0,0,0,0,1,0,0,0,0
Cl[C@H]1[C@@H](N(N2C(CSc3oc(-c4ccncc4)nn3)=Nc3ccccc3C2=O)C1=O)c1ccccc1,,C40866746,96.214325,0,0,0,1,0,1,0,0,0,0
O=C(O[C@H]1[C@@]2(C)[C@H](C(C)(C)CC1)C[C@@H](OC(=O)C)[C@]13[C@@H](OC(=O)C)[C@H](C(=C)C1=O)C[C@@H](OC(=O)C)[C@H]23)C,,C43726293,100,0,0,0,1,0,0,0,0,0,1
Cl[C@H]1CC(OC)=Cc2c(N3C(=O)CC(CSc4oc(-c5ccncc5)nn4)=N3)c3ccccc3nc12,,C49110586,89.525284,0,1,0,1,0,0,0,0,0,1
Brc1ccc(Cn2c(CN3CCN(c4ccccc4)CC3)[nH+]c3N(C)C(=O)N(C)C(=O)c23)cc1,,C57010834,54.422764,0,0,0,0,0,1,0,0,0,0
S(=O)(=O)(N1CCc2n(C)nc(CN(C(=O)c3c(F)cccc3)c3ccccc3)c2C1)c1nc(C)n(C)c1,,C64566816,99.922264,0,1,0,1,0,1,0,0,0,1
Clc1ccc(S(=O)(=O)c2c(N3CCN(C(=O)c4cc(F)ccc4)CC3)oc(-c3occc3)n2)cc1,,C64789827,100,0,0,0,0,0,0,0,0,0,0
O(CC)C(=O)CN1C(=O)SC=2[C@H](c3ccc(N(C)C)cc3)[C@H]3C(=O)N(c4ccccc4)C(=O)[C@@H]3SC1=2,,C15087357,100,0,0,0,0,0,1,0,0,0,0
Clc1c(N2CCN(S(=O)(=O)c3c(C(=O)N4CC[NH+](CCC)CC4)cn(CCC)n3)CC2)cccc1,,C67337380,97.661133,0,0,0,1,1,1,0,0,0,1
Clc1ccc(N2CCN(S(=O)(=O)c3c(C(=O)N4CC[NH+](CCC)CC4)cn(CCC)n3)CC2)cc1,,C67337847,97.661217,0,0,0,1,0,1,0,0,0,1
Clc1cc(N2CCN(S(=O)(=O)c3c(C(=O)N4CC[NH+](CCC)CC4)cn(CC)n3)CC2)c(C)cc1,,C67338040,97.661392,0,0,0,1,1,1,0,0,0,1
Clc1cc(N2CCN(S(=O)(=O)c3c(C(=O)N4CC[NH+](CC=C)CC4)cn(CC)n3)CC2)c(C)cc1,,C67338052,94.448181,0,0,0,1,1,1,0,0,0,1
Brc1ccc(S(=O)(=O)N(C(=O)c2ccncc2)c2ccc3oc(C)c(C(=O)C)c3c2)cc1,,C08765780,99.88855,0,0,0,1,0,1,0,0,0,1
S(=O)(=O)(N1CCC(C)CC1)c1cc(S(=O)(=O)N2CCC(C)CC2)c2SC(=O)c3cccc1c23,,C08833762,100,0,0,0,1,0,1,0,0,0,0
S=C1N(CC=C)C(=O)/C(=C/C2=C(N3CCN(c4ccccc4)CC3)[NH+]=C3C(C)=CC=CN3C2=O)/S1,,C01450031,93.937759,0,0,0,1,0,1,0,0,0,0
S=C1N(Cc2occc2)C(=O)/C(=C\C2=C(N3C[C@@H](C)C[C@H](C)C3)[NH+]=C3C(C)=CC=CN3C2=O)/S1,,C09361376,94.67292,0,0,0,1,0,0,0,0,0,0
FC(F)(F)c1cc(N2CCN(C(=O)c3ccc4C(=O)N(Cc5occc5)C(=O)c4c3)CC2)ccc1,,C09469229,100,0,0,0,0,0,0,0,0,0,0
Clc1cc(N2CCN(S(=O)(=O)c3c(C)cc(N4S(=O)(=O)CCCC4)cc3)CC2)ccc1,,C12207851,100,0,0,0,1,0,1,0,1,1,0
Clc1c(F)ccc(S(=O)(=O)N2CCN(C(=O)c3sc4n(CC(C)C)nc(C)c4c3)CC2)c1,,C12995766,99.936752,0,0,0,1,0,0,0,0,1,0
Fc1ccc(-c2coc3cc4OC(=O)C(CC(=O)N(C)[C@H]5CS(=O)(=O)CC5)=C(C)c4cc23)cc1,,C13624706,100,0,0,0,1,0,1,0,1,1,1
Fc1ccc(-c2coc3cc4OC(=O)C(CCC(=O)N(C)[C@@H]5CS(=O)(=O)CC5)=C(C)c4cc23)cc1,,C13625828,100,0,0,0,1,1,1,0,1,0,0
S(C)c1ccc([C@H]2N(c3sc(C(OC)=O)c(C)n3)C(=O)C=3Oc4ccc(F)cc4C(=O)C2=3)cc1,,C16752970,100,0,0,0,0,0,1,0,0,0,0
S(=O)(=O)(N1CCOCC1)c1ccc2N(CC)C(=O)/C(=C\c3c(C)n(c(C)c3)-c3ccc(F)cc3)/c2c1,,C08778126,100,0,0,0,1,0,0,0,1,0,0
Clc1cc(N2C(=O)CS[C@@]32C(=O)N(CN2CCC4(OCCO4)CC2)c2ccccc32)ccc1,,C12377323,96.991707,0,0,0,1,0,1,0,0,0,1
Clc1c(S(=O)(=O)N2CCN(S(=O)(=O)c3c(C#N)cccc3)CC2)c(C)c(Cl)cc1C,,C21169321,100,0,0,0,0,0,0,0,0,0,0
S(CCN1S(=O)(=O)c2ccccc2C1=O)C=1N(c2cc(F)c(C)cc2)C(=O)c2ccccc2N=1,,C22001008,98.628113,0,0,0,0,0,1,0,0,0,0
FC(F)(F)c1cnc(N2CCN(C(=O)c3cc(-c4ccccc4)nc4n(C(C)C)ncc34)CC2)cc1,,C23989373,98.528206,0,0,0,1,1,1,0,0,0,1
Brc1cc(/C=C/C(=O)N2CCN(S(=O)(=O)c3cccc4nsnc34)CC2)ccc1,,C26677131,99.999619,0,0,0,1,0,0,0,0,0,1
O=C(N(C)C)n1cc(C(=O)c2ccn3[C@@H](c4cnccc4)SCc23)c2ccc(-c3sccn3)cc12,,C26730386,99.634621,0,0,0,1,0,1,0,0,0,0
S=C1N(CC)C(=O)/C(=C/C2=C(N3CCN(c4ccc(F)cc4)CC3)[NH+]=C3C(C)=CC=CN3C2=O)/S1,,C02246993,93.937874,0,0,0,1,0,0,0,0,0,0
S=C1N(C2CCCCC2)C(=O)/C(=C\C2=C(N3C[C@@H](C)O[C@H](C)C3)[NH+]=C3N(C2=O)C=CC=C3)/S1,,C33446155,93.118622,0,0,0,0,0,0,0,0,1,0
S=C1N([C@@H](C)CC)C(=O)/C(=C/C2=C(N(C)C(=O)C(C#N)=C2C)N2CCN(c3ccccc3)CC2)/S1,,C33450747,100,0,0,0,1,0,1,0,0,0,1
S=C1N(C2CCCC2)C(=O)/C(=C/C2=C(N(C)C(=O)C(C#N)=C2C)N2CCN(c3ccccc3)CC2)/S1,,C33451586,100,0,0,0,1,0,1,0,0,0,1
Clc1c(CN2C(=O)N(CC(=O)N3CCOCC3)C(=O)c3c2sc2CC(C)=C(CC)c32)cccc1,,C34731821,100,0,0,0,1,0,1,0,0,0,1
FC(F)(F)c1cc(N2CCN(C(=O)c3nn4CCN(Cc5c(F)cccc5)C(=O)c4c3)CC2)ccc1,,C34810999,100,0,0,0,1,0,0,0,0,0,0
Clc1cc(N2CCN(C(=O)c3nn4CCN(Cc5cc(C(F)(F)F)ccc5)C(=O)c4c3)CC2)ccc1,,C34811260,100,0,0,0,1,0,0,0,0,0,0
S=C1N(Cc2ccc(C)cc2)C(=O)/C(=C\C2=C(N3C[C@@H](C)O[C@@H](C)C3)[NH+]=C3C(C)=CC=CN3C2=O)/S1,,C35343395,93.621513,0,0,0,1,0,0,0,0,0,0
FC(F)(F)C(=O)O[C@@H]1C[C@]2(C)[C@@]3([C@@]4(OCO3)OCOC4)CC[C@@H]2[C@H]2CCC=3[C@](C)(CCC(=O)C=3)[C@H]12,,C35361099,100,0,0,0,0,0,1,0,0,0,1
Brc1ccc2OC=3C(=O)N([C@@H](c4cc(OCC)ccc4)C=3C(=O)c2c1)c1sc(C)nn1,,C35485775,99.915627,0,0,0,1,0,0,0,0,0,0
Fc1ccc2OC=3C(=O)N([C@H](c4cc(OCc5ccccc5)ccc4)C=3C(=O)c2c1)c1sc(C)nn1,,C35485946,99.916107,0,0,0,0,0,1,0,0,0,0
Clc1cc([C@H]2N(c3sc(C(OCC)=O)c(C)n3)C(=O)C=3Oc4ccc(F)cc4C(=O)C2=3)ccc1,,C35513583,100,0,0,0,0,0,1,0,0,0,0
S=C1N([C@@H](C)c2ccccc2)C(=O)/C(=C/C2=C(N(CC)C(=O)C(C#N)=C2C)N2C[C@@H](C)O[C@H](C)C2)/S1,,C38182749,100,0,0,0,0,0,0,0,0,0,1
S=C1N(C[C@@H]2OCCC2)C(=O)/C(=C/C2=C(N3C[C@H](C)C[C@H](C)C3)[NH+]=C3N(C2=O)C=C(C)C=C3)/S1,,C09360518,94.525085,0,0,0,1,0,0,0,0,0,1
Clc1ccc(S(=O)(=O)N2C3(OCC2)CCN(S(=O)(=O)c2ccc(Cl)cc2)CC3)cc1,,C38568415,100,0,0,0,1,1,0,0,0,1,1
Clc1ccc2OC=3C(=O)N([C@@H]4CS(=O)(=O)CC4)[C@H](c4ccc(OCC=C)cc4)C=3C(=O)c2c1,,C38648718,100,0,0,0,1,0,0,0,0,0,0
IC=1n2c(S(=O)(=O)C(C)C)c[nH+]c2C=C(S(=O)(=O)Oc2ccccc2)C=1,,C39463762,99.139153,0,0,0,1,0,1,0,0,1,0
Brc1cc(S(=O)(=O)C(C)C)cc2CC(OCC)=Nc3c(Cl)ncnc3N(C)c12,,C39480658,99.915756,0,0,0,1,0,1,0,1,0,1
S=C1N(Cc2occc2)C(=O)/C(=C\C2=C(N(CC)C(=O)C(C#N)=C2C)N2C[C@@H](C)C[C@H](C)C2)/S1,,C39769377,100,0,0,0,1,0,0,0,0,0,1
Fc1ccc(CN2C(=O)[C@@]3(N(CCOC)C(=O)C=4Oc5ccc(C)cc5C(=O)C3=4)c3ccccc23)cc1,,C39890541,100,0,0,0,1,0,0,0,0,0,0
Clc1cc(N2CCN(C(=O)c3oc(CN4[C@H](c5cocc5)c5n(CC4)ccc5)cc3)CC2)ccc1,,C40383963,79.544922,0,0,0,0,0,0,0,0,0,0
O=C[C@]12CC[C@H](OC(=O)C)C(C)(C)[C@@H]1CC[C@@]1(C)[C@@]3(C(OC)=O)C(=O)[C@@H](C)C(=O)[C@@]3(C)C(C)=C[C@H]21,,C44681077,99.996399,0,0,0,0,0,0,0,0,0,0
Brc1c(-c2oc(CN3CCN(S(=O)(=O)c4c(C)cc(C)cc4)CC3)nn2)cccc1,,C15417630,99.234459,0,0,1,1,0,1,0,0,0,0
S=C1N(CCOC)C(=O)/C(=C(/C)\C2=C(N3C[C@H](C)C[C@@H](C)C3)[NH+]=C3N(C2=O)C=C(C)C=C3)/S1,,C51347631,94.735229,0,0,0,1,1,0,0,1,0,0
Brc1ccc2n(CCOc3cc(C)c(C)cc3)cc(C=C3C(=O)N(C)C(=O)N(C)C3=O)c2c1,,C59087264,100,0,0,0,0,0,1,0,0,0,0
Brc1c(OC2=C(C)Oc3c(C2=O)ccc2OCN([C@@H]4CS(=O)(=O)CC4)Cc32)cccc1,,C41027038,99.985588,0,0,0,1,0,1,0,1,0,0
Fc1ccc([C@H]2OC3(C(=O)c4ccccc4C3=O)[C@@H]3C(=O)N(c4ccc(OCC)cc4)C(=O)[C@@H]23)cc1,,C18181128,100,0,0,0,0,0,0,0,0,0,0
Brc1cc(/C=C\2/C(=O)c3cc4CN(C[C@@H]5OCCC5)COc4c(C)c3O/2)c2OCOCc2c1,,C41588883,95.812675,0,0,0,1,0,1,0,0,0,0
Brc1ccc(N2C(=O)[C@@H]3C(C)(C)C=4SC(=O)N(CC(OCC)=O)C=4S[C@@H]3C2=O)cc1,,C15087709,100,0,0,0,1,0,1,0,0,0,1
Clc1ccc2N(C)C(=O)[C@@]3(N(C)C[C@@H](c4occc4)[C@@]43C(=O)N(Cc3occc3)C(=S)S4)c2c1,,C35808797,99.66526,0,0,0,1,0,1,0,0,0,0
Fc1ccc(N2CCN(C(=O)CN3C(=O)N(c4c(C)ccc(C)c4)C(=O)c4sccc34)CC2)cc1,,C67218256,100,0,0,0,0,0,0,0,0,0,1
Fc1ccc(N2CCN(C(=O)CN3C(=O)N(c4c(C)c(C)ccc4)C(=O)c4sccc34)CC2)cc1,,C67218475,100,0,0,0,0,0,0,0,0,0,1
Clc1ccc-2c(N(C)S(=O)(=O)c3cnc(SCc4ccc(N5C(=O)CCC5)cc4)nc-23)c1,,C67260207,99.981636,0,0,0,1,0,1,0,0,0,0
[S-]c1[n+]([C@H]2CC(=O)[C@@H]3OC[C@H]2O3)nc(COc2ccccc2)n1-c1ccccc1,,C00708313,100,0,0,0,1,0,1,0,0,1,1
P(=O)(N1CCOCC1)(N1CCOCC1)c1c(C)n(c(C)c1)-c1ccc(N(C)C)cc1,,C03216900,100,0,0,0,1,0,0,0,0,1,0
O=C(CN1C(=O)/C(=C\c2ccc(OCC(C)C)cc2)/SC1=O)N1CCOCC1,,C01012902,100,0,0,0,0,0,1,0,0,1,0
O=C(/N=C\1/N(c2ccc(N(CC)CC)cc2)[C@@H]2CS(=O)(=O)C[C@H]2S/1)CC#N,,C06659764,99.317535,0,0,0,0,0,0,0,0,1,0
O=C(N(C)Cc1c(C)n([C@@H]2CS(=O)(=O)CC2)nc1C)c1nc2ccccc2cc1,,C06984001,99.897705,0,0,0,1,0,1,0,1,0,0
S(C)c1ccc2nc(N3CCN(C(=O)CN4C(=O)CCC4=O)CC3)sc2c1,,C07599523,100,0,0,0,0,0,1,0,0,0,1
S(=O)(=O)(N1CCN(C(=O)c2ccc3ncsc3c2)CC1)c1c(C#N)cccc1,,C08412403,100,0,1,0,0,0,0,0,0,1,1
[S-]c1[n+]([C@@H]2CC(=O)[C@H]3OC[C@@H]2O3)nc(COc2ccccc2)n1-c1ccccc1,,C04117369,100,0,0,0,1,0,1,0,0,0,0
O=C(N(C)[C@@H]1CS(=O)(=O)CC1)CCN1C(=O)/C(=C/c2sccc2)/SC1=O,,C08485517,100,0,0,0,1,1,1,0,1,1,1
O=C(N(C)Cc1c(C)n([C@@H]2CS(=O)(=O)CC2)nc1C)/C=C/c1sc2ccccc2n1,,C08861445,99.909203,0,0,0,1,0,1,0,1,1,0
Clc1c(OCC(OC)=O)c(Cl)cc(C=C2C(=O)N(C)C(=S)N(C)C2=O)c1,,C09311585,100,0,0,0,1,0,1,0,0,0,0
Clc1c(/C=C\2/C(=O)N(CCC(=O)N(C)[C@@H]3CS(=O)(=O)CC3)C(=O)S/2)cccc1,,C09348543,100,0,1,0,1,0,1,0,1,1,1
Fc1ccc2OC=3C(=O)N(CCOC)[C@@]4(C(=O)N(CC=C)c5ccccc45)C=3C(=O)c2c1,,C09431986,100,0,0,0,1,0,1,0,0,0,0
S([C@H](C)C(=O)N(C)[C@H]1CS(=O)(=O)CC1)c1n(C)c(-c2sccc2)nn1,,C10710913,99.881393,0,0,0,1,0,1,0,1,1,0
Clc1c(C(F)(F)F)cc(S(=O)(=O)N2CCN(C(=O)c3c(C)n(C)nc3C)CC2)cc1,,C12922521,99.968727,0,0,0,1,0,1,0,0,1,0
O=C/1N(CC=C)/C(=C(/C#N)\c2n3CCCCCc3nn2)/S\C\1=C\c1ccncc1,,C12524530,97.805824,0,0,0,0,0,0,0,0,0,0
Fc1ccc2OC=3C(=O)N(CC[NH+]4CCOCC4)[C@H](c4ncccc4)C=3C(=O)c2c1,,C20308135,70.154289,0,0,0,0,0,0,1,0,0,0
O=C(N(C)[C@@H](C)c1ccc(-n2ncnc2)cc1)c1c(C)n(Cc2occc2)c(C)c1,,C21557744,98.159584,0,0,0,1,0,0,0,0,0,0
Clc1c(S(=O)(=O)N2CCN(C[n+]3c([S-])n(C4CC4)c(C)n3)CC2)c(Cl)ccc1,,C12943402,99.931152,0,0,0,0,0,1,0,0,0,1
O=C(CN1C(=O)Oc2ccccc12)N1CCN(Cc2sc3ccccc3n2)CC1,,C23873422,73.530647,0,0,0,1,0,1,0,0,1,1
S(=O)(=O)(CCN1C(=O)CCC1=O)c1c(F)c(F)nc(N2CCC(C)CC2)c1F,,C24616932,100,0,0,0,1,0,1,0,0,1,0
O=C(N1CC[NH+](Cc2ccc(C#N)cc2)CC1)c1cc(C2CC2)nc2n(C)nc(C)c12,,C14898251,83.30204,0,0,0,1,0,1,0,0,0,0
O=C(N1CCN(c2nc(C(C)C)[nH+]c(C)c2)CC1)[C@H]1N2C(=O)CC[C@]2(C)SC1,,C26556821,72.40741,0,0,0,0,0,0,0,0,0,0
O=C(Cn1cc(/C=C\2/C(=O)N([C@H](C)C=C)C(=O)S/2)c2ccccc12)N1CCOCC1,,C08663762,100,0,0,0,0,0,1,0,0,0,0
Brc1c(C(=O)N2CCN(c3ncnc4n(C)ncc34)CC2)cccc1,,C29080663,69.880867,0,0,0,0,0,0,0,0,0,0
Clc1c(C(F)(F)F)cc(S(=O)(=O)N2CCN(Cc3oc(C)nn3)CC2)cc1,,C32753316,99.0681,0,0,1,1,0,1,0,0,1,0
O=C(N(C)C[C@@H]1Oc2ccccc2OC1)C(=O)c1c(C)n(-c2ccccc2)nc1C,,C32836072,99.993423,0,0,0,1,0,1,0,0,0,1
O=C(N1CC[NH+](Cc2csc3ccccc23)CC1)c1c(-n2nnnc2)cccc1,,C12975772,88.827438,0,0,0,1,0,1,0,0,1,0
Brc1ccc2N=CN(CCC(=O)N(C)[C@H]3CS(=O)(=O)CC3)C(=O)c2c1,,C32895878,99.063545,0,0,1,1,1,1,0,1,1,1
Clc1ccc(/C=C/2\C(=O)N(CCC(=O)N(C)[C@@H]3CS(=O)(=O)CC3)C(=O)S\2)cc1,,C33558640,100,0,0,0,1,1,0,0,1,1,0
O=C1N(c2ccc(C)cc2)C(=O)C(c2c([O-])n(-c3ccccc3)nc2C)=C1[n+]1cc(C)ccc1,,C33687469,77.455574,0,0,0,0,0,0,0,0,0,0
Fc1c(N2C(=O)C([n+]3cc(CC)ccc3)=C(c3c([O-])n(-c4ccccc4)nc3C)C2=O)cccc1,,C16571124,77.796379,0,0,0,0,0,0,0,0,0,0
Fc1c(N2C(=O)C([n+]3cc(C)cc(C)c3)=C(c3c([O-])n(-c4ccccc4)nc3C)C2=O)cccc1,,C35265971,77.744041,0,0,0,0,0,0,0,0,0,0
Fc1c(-n2c(-n3cccc3)c(C(=O)N3CCN(C(=O)C(C)C)CC3)cn2)cccc1,,C36398372,99.997215,0,0,0,0,0,1,0,0,0,0
Clc1cc(N2CCN(C(=O)C3=CC=CN4CCS(=O)(=O)N=C34)CC2)ccc1,,C07780976,99.998589,0,0,0,1,0,1,0,1,0,1
Fc1ccc2OC=3C(=O)N([C@H](c4cnccc4)C=3C(=O)c2c1)c1sc(CC)nn1,,C38712557,99.648628,0,0,0,0,0,1,0,0,0,0
O=C(N(C)CC=1Nc2ccsc2C(=O)N=1)/C(=C/c1c(C)n(C2CC2)c(C)c1)/C#N,,C38793327,97.591827,0,0,0,1,0,1,0,0,1,0
S(=O)(=O)(N(C)CC(=O)N(C[C@H]1OCCC1)c1sc2cccc(F)c2n1)C,,C38839939,100,0,1,1,1,1,1,0,1,1,1
S(C(C)C)c1c(C(=O)N2CCN(Cc3n4CCCCCc4nn3)CC2)cccn1,,C40121113,84.582474,0,0,0,1,0,1,0,0,0,0
S(=O)(=O)(C)N1CCN(C(=O)c2ccc3n(-c4c(C)cc(C)cc4)cnc3c2)CC1,,C44120917,96.439384,0,0,0,1,0,0,0,1,1,0
Brc1oc(C(=O)N2CCN(Cc3n4CCCCCc4nn3)CC2)cc1,,C46737304,86.256271,0,0,0,1,0,1,0,0,0,0
FC(F)(F)CN1CCC(C(=O)N2CCN(CC=3N=C4SC=CN4C(=O)C=3)CC2)CC1,,C46903213,57.957088,0,0,0,0,0,1,0,0,1,0
S(=O)(=O)(C)N1CCC(C(=O)N2CCC(Oc3sc4cc(F)cc(F)c4n3)CC2)CC1,,C49435147,100,0,0,0,0,0,0,0,1,0,0
O=S1(=O)C[C@@H](n2c(C)c(N3CC[NH+](Cc4nc(C)sc4)CC3)c(C)n2)CC1,,C56938990,95.857765,0,0,0,0,0,0,0,1,1,0
O=C(CN1CCOCC1)N1CCN(C(=O)Cc2coc3cc4CCCc4cc23)CC1,,C22598563,94.839691,0,0,0,1,0,0,0,0,0,0
O=C(N1CCc2ccccc2C1)c1ncn(-c2ncnc(N3CCSCC3)c2)c1,,C49411308,98.853691,0,0,0,1,1,1,0,0,1,0
O=S1(=O)C[C@H](N2COc3c(C)c4O/C(=C\c5ccncc5)/C(=O)c4cc3C2)CC1,,C41587982,97.734474,0,0,0,1,0,1,0,1,1,0
S(=O)(=O)(N1CCN(C(=O)c2cc(F)c(F)cc2)CC1)c1ccc2N(C)C(=O)Sc2c1,,C65032565,100,0,0,0,1,1,0,0,0,1,0
S(=O)(=O)(C)N1C[C@@](CC)([NH+]2CCN(S(=O)(=O)c3sccc3)CC2)CC1,,C65292209,80.431145,0,0,0,1,0,0,0,1,1,1
Clc1c(C(=O)N2CCN(c3nc(C)nc(-n4cncc4)c3)CC2)c(F)ccc1,,C67601928,86.30043,0,0,0,0,0,0,0,0,0,0
Clc1c(Cl)ccc(N2C(=O)[C@]3(N(C(=O)C)N=C(C(OCC)=O)C3)CC2=O)c1,,C05021931,100,0,0,0,0,0,1,0,0,0,0
O=C(CN1C(=O)/C(=C\c2oc(N3CCCCCC3)cc2)/SC1=O)N1CCOCC1,,C01102259,100,0,0,0,0,0,1,0,0,0,0
Clc1sc(S(=O)(=O)N(C)CC(=O)N2CCN(c3ncccn3)CC2)cc1,,C08112573,99.621254,0,0,0,1,1,1,0,0,1,1
O=C(CN1C(=O)N(CC=C)C(=O)C1=O)N1[C@@H](c2ccccc2)COc2ccccc12,,C08312905,100,0,0,0,1,0,1,0,0,0,1
O=S1(=O)N(CCN2C(=O)N([C@@H](C)C2=O)c2ccc(C)cc2)C(=O)c2ccccc12,,C08638012,100,0,0,0,0,0,1,0,0,1,0
S([C@@H](C)C(=O)N1CCC(C)CC1)c1nc(C)nc2N(CC(C)C)C(=O)N(C)C(=O)c12,,C09964826,99.186562,0,0,0,1,0,1,0,0,0,1
FC(F)(F)c1nn2C(C)=C(CCC(=O)N3CCN(c4sccn4)CC3)C(C)=Nc2n1,,C10270413,99.983711,0,0,0,1,0,1,0,0,1,0
O(Cc1c(C)oc(-c2sccc2)n1)C(=O)[C@]12N(C)C(=O)c3ccccc3N1C(=O)CC2,,C10798257,100,0,0,0,1,0,1,0,0,0,0
O=C(CCn1c(C)cc(C)n1)N1CCC(c2c(-c3onc(C)c3)cnc(C)n2)CC1,,C12118348,99.68647,0,0,0,1,0,1,0,0,1,0
S(=O)(=O)(N1CCN(C(=O)c2cccc3[C@@H](C)[C@H](C)Oc23)CC1)c1c(C)onc1C,,C12697242,100,0,0,0,1,0,0,0,0,0,0
S=C1N(Cc2occc2)C(=O)/C(=C/c2oc(N3C[C@@H](C)O[C@H](C)C3)c(C#N)n2)/S1,,C13776952,100,0,0,0,0,0,0,0,0,0,0
Brc1cc(c(OC(=O)C)cc1)C=1O[C@H](Cn2c(C)cc(C)n2)N(C(=O)C)N=1,,C15785751,99.892464,0,0,0,1,0,1,0,0,1,1
S(=O)(=O)(N1CCN(c2ncnc3sc(C)c(C)c23)CCC1)c1c(C)onc1C,,C17590551,95.859772,0,0,0,1,0,1,0,0,1,1
S(=O)(=O)(C)c1c(C2CCN(C(=O)[C@@H]3COCC3)CC2)nc(N2CCCCC2)nc1,,C19573728,99.72905,0,0,0,1,0,0,0,0,0,0
Fc1c(CON2C(=O)C(=[N+]([O-])c3ccccc23)c2cc([N+](=O)[O-])ccc2)c(F)ccc1,,C20029502,100,0,0,0,0,0,0,0,0,0,0
O=C(N(C)CC(=O)N1CC[NH+](C)CC1)CC=1C(=O)Oc2cc(C)c3c(C)coc3c2C=1C,,C20649508,93.846672,0,0,0,1,0,1,0,0,1,1
Brc1cc(c(OC(=O)C)cc1)C=1O[C@@H](N(C(=O)C)N=1)c1nccnc1,,C21092992,99.998329,0,0,0,1,0,0,0,0,0,0
S(=O)(=O)(N1CCN(Cc2n(-c3cc(F)ccc3)nnn2)CC1)c1c(F)cccc1,,C21149702,98.383636,0,0,1,1,1,1,0,0,0,0
Brc1c(COC(=O)c2nn3C(C)=CC=Nc3n2)cc2OCCOc2c1,,C21371340,99.991013,0,0,0,1,1,1,0,0,0,0
FC(F)(F)c1cnc(N2CCN(C(=O)c3ccc(-n4nnnc4)cc3)CCC2)cc1,,C21532485,98.541985,0,0,0,0,1,0,0,0,1,0
FC(F)(F)c1cnc(N2CCN(C(=O)CN3C(=O)c4ccccc4N=N3)CC2)cc1,,C18046064,88.48381,0,0,0,1,0,1,0,0,0,1
BrC=1C(=O)N(C=C(O)OC)N=CC=1C(C#N)=C1N(C)c2ccccc2N1,,C26511173,47.230289,0,0,0,1,0,1,0,0,1,1
S(=O)(=O)(C)c1cnc(-n2c(N3C[C@@H](C)O[C@@H](C)C3)c(C#N)c(C(F)F)n2)cc1,,C28563369,99.995186,0,0,0,1,0,1,0,1,1,0
O=C(CN1C(=O)c2sc3nc4C[C@@](C)(CC)OCc4cc3c2N=C1)N1CCOCC1,,C32093202,99.409515,0,0,0,0,0,1,0,0,0,1
O=C(N1CCc2c(c(C)ncc2C1)-c1nc(-c2n(C)ccc2)on1)c1ncsc1,,C23466178,98.402657,0,0,0,1,1,1,0,0,0,0
FC(F)(F)c1ncc(C(=O)N2CCN(c3c(C#N)nc(-c4occc4)o3)CC2)cc1,,C32818170,100,0,0,0,0,0,1,0,0,0,0
O=C(N1CC[NH+](Cc2c(C)onc2C)CC1)c1cc(C2CC2)nc2n(C(C)C)ncc12,,C32931380,77.458031,0,0,0,1,0,1,0,0,0,1
S(=O)(=O)(N1CCN(C(=O)c2nsc3ccccc23)CC1)c1c(C)onc1C,,C32996703,99.999359,0,0,0,0,1,1,0,0,1,0
S(=O)(=O)(n1nc2N(C(C)C)C(=O)N(C(C)C)C(=O)c2c1)c1cc(F)c(F)cc1,,C33038438,100,0,0,0,1,0,1,0,0,0,0
O=C(C)N1CCN(CC(=O)N2[C@H](c3occc3)CC(c3oc4ccccc4c3)=N2)CC1,,C35600632,99.075783,0,0,0,1,0,1,0,0,1,0
O(C)C[C@@H]1[C@@]2(C)c3c(C(=O)C=4[C@H]5[C@@](C)(C(=O)CC5)C[C@@H](OC(=O)C)C2=4)occ3C(=O)O1,,C01619592,100,0,0,0,0,0,1,0,0,0,0
S(CC(=O)N1CCCCCC1)c1nc(CCC)nc2N(C)C(=O)N(C)C(=O)c12,,C04266087,99.257263,0,0,0,0,0,1,0,0,0,1
S(=O)(=O)(N1CCN(C2=Nn3c(C4CC4)nnc3C=C2)CC1)c1c(F)cccc1F,,C38509339,99.644974,0,0,0,0,0,0,0,0,0,0
Clc1ccc(C=2n3nc(C)[nH+]c3N=C3C=CN(CC[NH+]4CCOCC4)C(=O)C=23)cc1,,C38828875,43.423489,0,0,0,0,0,0,1,0,0,0
O=C(N1CCN(C(=O)c2ncc(C)nc2)CC1)c1c(C)n(-c2c(C)cc(C)cc2)nc1C,,C39301814,99.982391,0,1,0,1,0,1,0,0,0,1
O=C(CCN1C(=O)c2cnn(C)c2N=C1)N1CCC(c2sc3ccccc3n2)CC1,,C39538380,99.91996,0,0,0,1,0,1,0,0,1,0
S(=O)(=O)(N1CCN(Cc2onc(C(C)C)n2)CC1)c1cccc2cc(C)cnc12,,C40086390,99.239235,0,0,1,1,0,1,0,0,0,1
Brc1oc(-c2onc([C@H]3CN(c4ccc5OCCOc5c4)C(=O)C3)n2)cc1,,C44419459,99.993027,0,0,0,1,1,0,0,0,0,0
O=C(N1CCN(Cc2onc(-c3cscc3)n2)CC1)[C@H]1Oc2ccccc2OC1,,C49574757,99.074478,0,0,0,1,0,1,0,0,1,0
O=C(CN1CCN(C=2Sc3n(N=2)cc(-c2ccccc2)n3)CC1)N1CCOCC1,,C12745234,83.179558,0,0,0,0,0,1,0,0,0,0
S(=O)(=O)(N1CCN(c2ccc(C(=O)C)cc2)CC1)[C@H]1O[C@H]([C@H]2N=NC=C2)CC1,,C64710368,100,0,0,0,1,0,1,0,0,1,1
Clc1cc(N2C(=O)C[C@@H](c3onc(CN4C(=O)c5ccccc5N=C4)n3)C2)ccc1,,C64867740,99.193527,0,0,0,1,1,1,0,0,1,0
Clc1sc(S(=O)(=O)N2CCc3n(C)nc(C(=O)N4CCOCC4)c3C2)cc1,,C64893432,100,0,0,0,1,0,1,0,0,1,1
S(=O)(=O)(N1CCc2n(C)nc(C(=O)N3CCOCC3)c2C1)c1c(C)cc(C)cc1,,C64893436,100,0,0,0,1,1,1,0,0,1,1
S(=O)(=O)(N1CCN(c2c(-c3oc(C)nn3)cccn2)CC1)c1cc(F)c(C)cc1,,C65117853,95.842392,0,0,0,1,0,0,0,0,0,1
S(=O)(=O)(N1CC[NH+](CCc2cn(C)c3ncccc23)CC1)c1ccc2OCCOc2c1,,C65164790,90.343941,0,0,0,1,1,0,0,0,1,0
Fc1ccc(C2=NC=Cn3cc(C(=O)N4CCN(C(=O)c5occc5)CC4)nc23)cc1,,C65274487,83.474579,0,0,0,1,0,0,0,0,1,0
Clc1ccc(S(=O)(=O)N2CCN(c3nc(C)nc(-n4cncc4)c3)CC2)cc1,,C67601796,86.401283,0,0,0,1,0,0,0,0,0,0
S(=O)(=O)(N1CCN(c2ncnc(-n3cncc3)c2)CC1)c1cc(C(F)(F)F)ccc1,,C67613931,91.739563,0,0,0,1,0,0,0,0,0,0
Clc1c(S(=O)(=O)N2CCN(c3ncnc(-n4cncc4)c3)CC2)cccc1,,C67629431,91.739929,0,0,0,0,0,0,0,0,0,0
S=C1N(C)C(=O)C(=Cc2c(C)n(c(C)c2)-c2c(C)cc(C(OC)=O)cc2)C(=O)N1C,,C00681113,100,0,0,0,1,0,1,0,0,0,0
S=C1N(CC(C)C)C(=O)/C(=C/C2=C(N3CCOCC3)[NH+]=C3N(C2=O)C=CC=C3)/S1,,C01298985,93.02784,0,0,0,1,0,1,0,1,0,1
Fc1cccc2sc(N(Cc3occc3)C(=O)c3ccc(N4C(=O)CCC4=O)cc3)nc12,,C10527708,100,0,0,0,1,0,0,0,0,0,1
O=C(N(C[C@H]1OCCC1)c1sc2ccccc2n1)c1ccc(N2C(=O)CCC2=O)cc1,,C10786282,100,0,0,0,1,0,1,0,0,1,1
O=C(N(C[C@@H]1OCCC1)c1sc2ccccc2n1)c1ccc(N2C(=O)CCC2=O)cc1,,C10786286,100,0,0,0,1,0,1,0,0,1,1
O=C(N(C)[C@@H](C)c1scc(C)n1)c1c(C)n(-c2nc(c(C)cn2)-c2sccc2)nc1,,C12282831,99.99794,0,0,0,1,0,1,0,0,0,0
S(=O)(=O)(N1CCN(C(=O)/C=C/c2c(C)n(C)nc2C)CC1)c1c(C(F)(F)F)cccc1,,C12849240,99.924553,0,0,0,1,0,1,0,0,0,0
Clc1c(F)ccc(-n2c(C)c(C(=O)CN3C(=O)N(C4CC4)C=C(C#N)C3=O)cc2C)c1,,C12522916,100,0,0,0,0,0,1,0,0,0,0
S(CC(=O)N1CCOCC1)c1n(CC(=O)N2C[C@H](C)C[C@@H](C)C2)c2ccccc2n1,,C13082966,79.962273,0,0,0,1,0,1,0,0,0,0
S(=O)(=O)(N1CCN(C(=O)/C=C/c2ccc(N3C(=O)CCC3)cc2)CC1)c1c(F)cccc1,,C14045912,100,0,0,0,1,0,0,0,0,0,0
O=C(C)c1sc(C(=O)N2CCc3n(C)nc(C(=O)N4CCc5ccccc5C4)c3C2)cc1,,C14535128,100,0,0,0,1,1,1,0,0,1,1
Fc1ccc2OC=3C(=O)N(C[C@@H]4OCCC4)[C@@]4(C(=O)N(CC)c5ccccc45)C=3C(=O)c2c1,,C16752151,100,0,0,0,0,0,1,0,0,0,0
Brc1c(CN(C)C(=O)c2nn3C=C(Br)C=Nc3c2)n(C)nc1,,C02808883,99.968109,0,0,0,1,0,0,0,0,0,0
S(=O)(=O)(N1CCN(C(=O)c2c(F)ccc(F)c2)CC1)c1cccc2nsnc12,,C19105225,99.999619,0,0,0,0,0,0,0,0,1,1
O=C(N1CCC(N2C(=O)c3c(CC)c(C)sc3N=C2)CC1)c1c(C)nn(CCC)c1,,C19526031,99.792336,0,0,0,1,0,1,0,0,0,0
O=C(N(C)Cc1oc(-c2ccccc2)nn1)c1cc(-c2ncccc2)nc2ccccc12,,C19666523,99.551147,0,1,0,1,0,1,0,0,1,1
O=C1N(c2ccccc2)C(=O)C=2[C@H]([NH+]3CCOCC3)C[C@@H](c3ccccc3)N3CCN1C=23,,C19899082,78.079674,0,0,0,0,0,0,1,0,0,0
O=C(C(=O)N1CCCC1)N1CCN(c2c(C#N)c3CCCCc3c(CC(C)C)n2)CC1,,C20622111,94.139938,0,0,0,0,0,0,0,0,0,1
S(CC(=O)N1CCN(C(=O)c2occc2)CC1)c1n(-c2c(C)cc(C)cc2)ccn1,,C20970693,80.964622,0,0,0,0,0,1,0,0,0,0
S(=O)(=O)(C)N1[C@H](C)Cc2cc(C(=O)N3CCC(c4oc5ccccc5n4)CC3)ccc12,,C21556733,100,0,0,0,0,0,0,0,0,0,0
Clc1ccc(-c2n(C)c(S[C@H](C)C(=O)N(C)[C@@H]3CS(=O)(=O)CC3)nn2)cc1,,C11058045,99.887169,0,0,0,1,0,1,0,1,0,0
S(=O)(=O)(N1CC[NH+](Cc2nc(-c3cscc3)sc2)CC1)c1c(C)onc1C,,C14189505,61.085239,0,0,0,1,0,1,0,1,1,0
FC(F)(F)c1cnc(N2CCN(C(=O)C3=NN(c4ccccc4)C(=O)CC3)CC2)cc1,,C22926513,98.66349,0,0,0,1,0,0,0,0,0,0
FC(F)(F)c1cc(C(=O)N2CCN(Cc3n(-c4cc(F)ccc4)nnn3)CC2)ccc1,,C23232623,96.670609,0,0,0,0,0,1,0,0,0,0
O=C1N(Cc2onc(C)c2)C(CN2CCOCC2)=Nc2scc(-c3sccc3)c12,,C12614054,96.65567,0,0,0,1,0,1,0,0,0,1
S(=O)(=O)(/C=C/c1ccccc1)N1CCN(CN2C(=O)c3c(C)c(C)sc3N=C2)CC1,,C25776896,99.793549,0,0,0,1,1,1,0,0,0,0
S(=O)(=O)(N1CCN(C(=O)c2c(F)cc(F)cc2)CC1)c1cccc2nsnc12,,C26677175,99.999619,0,0,0,0,0,0,0,0,1,1
FC(F)(F)c1c(N2C(C)=CC(=O)C(C(=O)N3CCC4(OCCO4)CC3)=N2)cccc1,,C31180813,99.999687,0,0,1,1,0,1,0,0,0,1
O=C(CN1C(=O)N(C2CCCC2)c2sc3CC(C)=C(C)c3c2C1=O)N1CCOCC1,,C34724027,100,0,0,0,0,0,1,0,0,0,1
O=C(N(Cc1c(C)n(C)nc1C)Cc1n(C)c2ccccc2n1)c1cccc2cccnc12,,C35440433,79.640648,0,0,0,1,0,1,0,0,0,1
Fc1ccc2OC=3C(=O)N([C@H](c4cc(OC)c(OCC)cc4)C=3C(=O)c2c1)c1sccn1,,C35513400,100,0,0,0,1,0,0,0,0,0,0
Clc1c(Cc2c(COC)nc(C)nc2N2CCN(C(=O)N(C)C)CC2)c(F)ccc1,,C37399224,73.567955,0,0,0,1,0,0,0,0,0,1
O=C(CN1C(=O)N(CC(C)C)c2scc(-c3ccccc3)c2C1=O)N1CCOCC1,,C37639281,100,0,0,0,1,0,1,0,0,1,1
O=C(N([C@H]1CS(=O)(=O)CC1)C1CCCCC1)CN1C(=O)c2c(sc3CCCc23)N=C1,,C24718222,99.873123,0,0,0,1,0,1,0,0,0,1
ClC1=CN2[C@H](CN(C)C[C@H]3N=C(C)C=N3)[C@H](C(=O)N3CCc4ccccc4C3)[NH+]=C2C=C1,,C39515550,74.223656,0,0,0,1,0,1,1,0,0,1
S=C1N(CCOC)C(=O)/C(=C\C2=C(N3CCCCC3)[NH+]=C3N(C2=O)C=C(C)C=C3)/S1,,C02672002,94.551178,0,0,0,1,0,1,0,1,0,0
Brc1cc(CSc2n(C)c([C@H]3CS(=O)(=O)CC3)nn2)cc2OCOc12,,C40154973,99.698914,0,0,0,0,1,1,0,1,0,1
S(=O)(=O)(N1CCN(C(=O)c2csc3CCCCc23)CC1)c1scc(C(OC)=O)c1,,C45605681,100,0,0,0,0,0,0,0,0,1,0
Brc1cnc(N2CCN(C(=O)CN(S(=O)(=O)c3sccc3)C)CC2)cc1,,C46710001,95.313141,0,0,0,1,0,1,0,0,1,1
Fc1c(N2C(=O)N(CC(=O)N3CCN(c4ccc(C(=O)C)cc4)CC3)CC2)cccc1,,C49381380,100,0,0,0,0,0,1,0,0,0,0
Clc1sc(C(=O)N2CCN(c3c(C)n([C@H]4CS(=O)(=O)CC4)nc3C)CC2)cc1,,C56908001,99.828201,0,0,0,0,0,0,0,1,0,0
O=C(N(CC)CC)c1cc(-c2ccc(C)cc2)nc2n([C@@H]3CS(=O)(=O)CC3)nc(C)c12,,C57293489,99.881348,0,0,0,1,0,1,0,0,0,0
S(=O)(=O)(C)N1CCN(C(=O)c2c(-c3oc(-c4c(F)cccc4)cn3)cccc2)CCC1,,C24782239,100,0,0,0,1,1,1,0,1,0,1
Brc1ccc2C(=O)C(=O)N(CN3CCN(c4c(C#N)cccn4)CC3)c2c1,,C58482146,98.160088,0,0,0,1,0,0,0,0,0,0
Fc1ccc(N(Cc2sccc2)C(=O)C2=NN([C@H]3CS(=O)(=O)CC3)C(=O)CC2)cc1,,C59781544,100,0,0,0,1,1,1,0,1,1,1
O=C1/C(=C/c2ncccc2)/Oc2c(C)c3OCN(CCC[NH+]4CCOCC4)Cc3cc12,,C41589321,86.336029,0,0,0,1,0,1,0,0,0,0
Clc1ccc(C=2CSC3=NC(CN4CC[NH+](CC5=NO[C@@H](C)C5)CC4)=NC(=O)C=23)cc1,,C39939357,88.68811,0,0,0,1,0,1,0,0,1,0
S(=O)(=O)(N1CCN(CN2C(=O)[C@@H]3CC=CC[C@@H]3C2=O)CC1)c1c(C(F)(F)F)cccc1,,C14231812,99.950363,0,0,0,1,0,1,0,0,0,1
S(=O)(=O)(N1CCN(C(=O)Cc2sccc2)CC1)c1ccc2N(CC)C(=O)Sc2c1,,C65032784,100,0,0,0,1,1,0,0,0,1,0
Clc1cc(N2CCN(S(=O)(=O)c3cn4CCN(CC)C(=O)c4c3)CC2)ccc1,,C65254688,100,0,0,0,1,0,0,0,0,1,0
S([C@H](C)C(=O)N(C)[C@@H]1CS(=O)(=O)CC1)c1n(CC)c(-c2sccc2)nn1,,C07120071,99.872185,0,0,0,1,0,1,0,1,0,1
Clc1c(C(=O)N(CC)CCc2ccncc2)cc(N2S(=O)(=O)CCC2=O)cc1,,C11859423,99.325912,0,1,1,1,1,1,0,1,0,0
O=C(N(C)[C@@H](C)c1scc(C)n1)C[C@]1(c2ccc(OC)cc2)C(=O)N(C)C(=O)C1,,C12098407,100,0,0,0,1,0,1,0,0,1,1
O=C(N(CCC#N)Cc1occc1)CN1C(=O)c2c(sc3C[C@H](C)CCc23)N=C1,,C12934813,99.872993,0,0,0,1,0,1,0,1,0,1
O=C(N(CC1OCCO1)Cc1n(C)c2ccccc2n1)c1cnc2ccccc2c1,,C06547830,80.66256,0,0,0,1,1,1,0,1,1,1
O=C(N(C[C@H]1Oc2ccccc2OC1)Cc1n(C)ccn1)c1cccc2cccnc12,,C06688757,73.263931,0,0,0,1,1,1,0,0,0,1
S(=O)(=O)(N1CCN(C(=O)c2c(C#N)c(SC)nc(C3CC3)c2)CC1)c1c(F)cccc1,,C14237498,99.880707,0,0,0,1,0,1,0,0,0,0
Clc1c(C)n(C[C@H](C)C(=O)N2CC[NH+](Cc3c(C)nn(CC)c3)CC2)nc1C,,C19524560,93.685356,0,0,0,1,0,1,0,1,1,0
Clc1c(C)n([C@H](C)C(=O)N2CC[NH+](Cc3c(C)nn(C)c3)CC2)nc1C(F)(F)F,,C20028551,92.73101,0,0,0,1,0,0,0,0,0,0
Fc1ccc2OC=3C(=O)N(CC[NH+]4CCOCC4)[C@@H](c4cnccc4)C=3C(=O)c2c1,,C20308152,70.984528,0,0,0,1,0,1,1,0,1,0
O=C1N(CCC[NH+]2CCOCC2)[C@H](c2ccncc2)C=2C(=O)c3ccccc3OC1=2,,C20437253,94.327148,0,0,0,1,0,0,1,0,0,0
FC(F)(F)c1cc(C)nc2n(CC(=O)N(C)Cc3c(C)n(CC)nc3)nc(C)c12,,C20605946,98.884666,0,0,0,1,0,1,0,0,0,1
O(CC)C(=O)N1CCN(C[C@@H]2C(=O)O[C@@H]3C[C@@]4(C)CCC[C@@]5(OC5)[C@@H]4C[C@H]23)CC1,,C20609773,56.608173,0,0,0,0,0,1,0,0,0,0
Brc1c(CN(S(=O)(=O)c2c(C)nn(CC(C)C)c2)C)n(C)nc1,,C20614380,99.965744,0,0,0,1,0,1,0,0,1,1
S(=O)(=O)(N(C)c1cc(C)ccc1)c1c(C)n(C)c(C)c1C(=O)N1CCOCC1,,C20989868,100,0,0,0,1,0,1,0,0,0,1
S(CCN1S(=O)(=O)c2ccccc2C1=O)c1n(C[C@H]2OCCC2)c(C)c(C)[nH+]1,,C21569339,56.96056,0,0,0,1,0,0,0,0,0,0
S(CC(=O)N1C[C@H](C)OCC1)c1nc(CN2CCOCC2)nc2ccccc12,,C12709718,81.425613,0,0,0,1,0,1,0,0,1,1
FC(F)(F)c1nn([C@@H](C)C(=O)N2CC[NH+](Cc3c(C)n(CC)nc3)CC2)c(C)c1,,C22438004,93.285477,0,0,0,1,0,0,0,0,0,0
Clc1ccc(C(=O)N2CCN(CC=3SC=4N(C(=O)C=C(C)N=4)N=3)CC2)cc1,,C23004987,90.489449,0,0,0,1,0,1,0,0,1,1
S(CCN1S(=O)(=O)c2ccccc2C1=O)c1c(C#N)cc(C(=O)C)c(C)n1,,C23223958,99.917664,0,0,0,1,0,1,0,0,1,0
O=C(N1CC[NH+](Cc2ccc3OCCc3c2)CC1)c1nccc(N2CCOCC2)c1,,C14135607,85.55954,0,0,0,0,0,0,0,1,1,0
S(=O)(=O)(N1CCN(CN2C(=O)C3(CC2=O)CCCCC3)CC1)c1sccc1,,C14248638,99.945366,0,0,0,1,0,1,0,0,0,1
O=C(N1CCN([C@H]2CS(=O)(=O)CC2)CC1)c1ccc(-n2cnc3ccccc23)cc1,,C12603619,90.273438,0,0,0,1,0,1,0,1,1,0
O=C(N1CCN([C@@H]2CS(=O)(=O)CC2)CC1)c1ccc(-n2cnc3ccccc23)cc1,,C12603622,90.273438,0,0,0,1,0,1,0,1,1,0
O=C(N(C)Cc1c(C)onc1C)CCN1C(=O)c2c(sc3CCCCc23)N=C1,,C24580977,99.8339,0,0,0,1,0,1,0,0,0,1
S(Cc1nc(C)on1)c1c(C(=O)N2CCN(c3sccn3)CC2)cccc1,,C32754650,99.993599,0,0,0,1,0,0,0,0,1,0
S(=O)(=O)(CCN1C(=O)N(Cc2sccc2)C(=O)C1=O)c1c(C)ccc(C)c1,,C32865454,100,0,0,0,1,1,1,0,1,1,1
Clc1ccc(-n2c([O-])c(c(C)n2)C=2C(=O)N(CC(C)C)C(=O)C=2[n+]2cc(C)c(C)cc2)cc1,,C16571238,75.835571,0,0,0,1,1,1,0,0,0,1
Clc1c(N2CCN(C(=O)C3CC3)CC2)ccc(S(=O)(=O)N2CCOCC2)c1,,C35312892,100,0,0,0,1,0,0,0,1,1,0
Clc1cc(-n2c([O-])c(c(C)n2)C=2C(=O)N(CCC)C(=O)C=2[n+]2ccc(C)cc2)ccc1,,C16571090,76.809822,0,0,0,1,1,1,0,0,0,1
S([C@@H](C)C(=O)N(CC)C1CCCCC1)c1n(C)c([C@@H]2CS(=O)(=O)CC2)nn1,,C36395458,99.745399,0,0,0,0,0,1,0,1,1,1
O=C(CN1C(=O)N(C2CCCC2)c2sc3CCCc3c2C1=O)N1CCOCC1,,C37640149,100,0,0,0,0,0,1,0,0,0,1
S(=O)(CC(=O)N1CCC2(OCCO2)CC1)Cc1c(C)oc(-c2c(F)cccc2)n1,,C04100963,100,0,0,1,1,0,1,0,0,1,1
O=C(N1CCC(c2oc(C3CC3)nn2)CC1)[C@@H]1CN(c2cc(C)c(C)cc2)C(=O)C1,,C38518762,99.996613,0,0,0,1,0,1,0,0,0,0
O=C(N(C)CC=1Nc2ccsc2C(=O)N=1)c1c(N(C)C(=O)c2sccc2)cccc1,,C38799148,97.563438,0,0,0,1,1,1,1,1,0,1
S(=O)(=O)(N(C)CC(=O)N1CCN(c2sc3cccc(SC)c3n2)CC1)C,,C36704917,100,0,0,0,1,1,1,0,1,0,1
FC(F)(F)c1ncc(C(=O)N2CCN(Cc3onc(-c4sccc4)n3)CC2)cc1,,C39549481,99.012199,0,0,0,1,0,1,0,0,0,0
S(CC1=NC(=O)C2=C(C)[C@H](C)SC2=N1)c1oc(C=C2N[C@H](C)SC2)nn1,,C39712577,83.519478,0,0,0,1,0,1,0,0,0,1
S([C@H](C)C(=O)N1CCCCCC1)c1n(C)c(C[C@@H]2CS(=O)(=O)CC2)nn1,,C45495029,99.632095,0,0,0,1,0,1,0,1,1,0
O=C1N(CN2CC[NH+](Cc3sccc3)CC2)C(=O)C(=O)N1Cc1sccc1,,C45521096,98.056877,0,0,0,1,1,1,0,0,1,1
O=C(N1CCC(C)CC1)C1CCC(CNC=2C(=O)C(=O)C=2N2CCOCC2)CC1,,C58078936,99.933861,0,0,0,0,0,1,0,0,0,0
Fc1c(-n2c(/C=C\3/C(=O)N(CC(=O)N4CCOCC4)C(=O)S/3)ccc2)cccc1,,C33361355,100,0,0,0,0,0,1,0,0,1,0
Brc1ccc(N2C(=O)C[C@H](C(=O)N3C[C@@H](c4onc(C)n4)CCC3)C2)cc1,,C59987264,99.991661,0,0,0,1,0,1,0,0,0,0
O=C(CN1C(=O)c2c(C=3S[C@H](C)CC=3)csc2N=C1)C=1CN=C(C(=O)N2CCCC2)C=1,,C39936567,99.874908,0,0,0,1,0,1,0,0,0,1
S(=O)(=O)(C)N1CCN(CC2=NC(=O)C3=C[C@H](c4ccccc4)SC3=N2)CC1,,C64155741,95.993744,0,0,1,1,1,1,0,1,0,0
S(=O)(=O)(N1CC[NH+](CCc2cn(C)c3ncccc23)CC1)c1cc(C#N)ccc1,,C65164786,90.1548,0,0,0,1,0,0,0,0,1,0
S(=O)(=O)(N1C[C@H](C(=O)N(C)Cc2c(C)nn(C)c2)C2(C1)CCCCC2)C1CC1,,C65259687,99.883156,0,1,0,1,0,1,0,1,1,0
O=C(C)N1CCN(c2sc3C[C@@H](C(=O)N4CC[NH+](CC)CC4)CCc3n2)CC1,,C65273759,97.795296,0,0,0,0,0,0,0,0,0,0
O=C(CC)N1CCN(c2sc3C[C@@H](C(=O)N4CC[NH+](C)CC4)CCc3n2)CC1,,C65273779,94.715805,0,0,0,0,0,0,0,0,0,0
Brc1cc(C(=O)N2CCN(c3ncnc(-n4cncc4)c3)CC2)ccc1,,C67612927,91.714546,0,0,0,0,0,0,0,0,0,0
Clc1c(C(C=2C(=O)N(N(C)C=2C)c2ccccc2)C=2C(=O)N(N(C)C=2C)c2ccccc2)cccc1,,C04010335,99.979279,0,0,0,0,0,0,0,0,0,0
Clc1cc(CN2C(=O)c3ccccc3S(=O)(=O)c3ccc(C(=O)N(C)CCCC)cc23)ccc1,,C03061903,100,0,0,0,1,0,0,0,0,1,1
Clc1c(N(S(=O)(=O)C)CC(=O)N2CCN(c3cc(Cl)ccc3)CC2)cc(C(F)(F)F)cc1,,C00628099,100,0,0,0,1,0,1,0,0,1,1
Clc1c(C(F)(F)F)cc(S(=O)(=O)N2CCN(C(=O)c3ccc(-n4cccc4)cc3)CC2)cc1,,C08719004,100,0,0,0,1,0,0,0,0,0,0
Brc1ccc(-c2nc(SCc3c(F)cccc3)c3C(=O)N(C)C(=O)N(C)c3n2)cc1,,C08901895,99.671028,0,0,0,0,0,1,0,0,0,0
Brc1ccc(OC2=C(/C=C\3/C(=O)N(C(C)C)C(=S)S/3)C(=O)N3C=CC=CC3=N2)cc1,,C02204797,88.790382,0,0,0,1,0,1,0,0,0,0
O=C(N(C)Cc1cn(C)nc1)C=1C(=O)C=C(C)N2c3ccccc3S[C@H](c3sc(C)cc3)CC=12,,C12198770,99.951317,0,0,0,0,0,1,0,1,0,1
O=C(N1CC2(CCCC2)c2cc3OCCOc3cc2C1)C1=NN(c2ccccc2)C(=O)c2ccccc12,,C12793533,100,0,0,0,1,1,1,0,0,0,0
Clc1ccc(SCc2nc(N3CCN(S(=O)(=O)C)CCC3)c3c(C)c(C)sc3n2)cc1,,C12912852,83.243385,0,0,0,1,0,1,0,1,0,1
S=C1N([C@@H]2CS(=O)(=O)CC2)C(=O)/C(=C\2/C(=O)N(Cc3c(F)cccc3)c3ccccc/23)/S1,,C14356618,100,0,0,0,0,1,0,0,1,0,0
Clc1c(CN2C(=O)/C(=C\3/C(=O)N([C@@H]4CS(=O)(=O)CC4)C(=S)S/3)/c3ccccc23)cccc1,,C14356626,100,0,0,0,0,1,0,0,1,0,0
Clc1c(F)ccc(C(=O)N2CCc3n(CC)nc(C(=O)N4CCN(c5ccccc5)CC4)c3C2)c1,,C14743300,100,0,0,0,1,0,1,0,0,1,0
O=C1N(c2ccc(Cc3ccc(N4C(=O)[C@@H]5[C@@H](C4=O)[C@@H]4CC[C@H]5C=C4)cc3)cc2)C(=O)[C@@H]2[C@H]1[C@@H]1CC[C@H]2C=C1,,C15221971,100,0,0,0,0,0,0,0,0,0,0
Clc1c(S(=O)(=O)N2CCN(S(=O)(=O)c3c(C#N)cccc3)CC2)cc(C(F)(F)F)cc1,,C16085179,100,0,1,0,0,0,0,0,0,0,0
Clc1c(C)ccc(-n2c(C)c(/C=C/3\C(=O)N(C)c4ccc(S(=O)(=O)N5CCOCC5)cc\34)cc2C)c1,,C08777657,100,0,0,0,1,0,0,0,1,0,0
Clc1ccc(N2C(SCC(=O)N(C)Cc3oc(C)cc3)=Nc3sc(C)c(C)c3C2=O)cc1,,C19060064,99.778137,0,0,0,1,0,1,0,0,0,0
Brc1ccc2nc(-c3cc(OCC)ccc3)cc(C(=O)N3CCC4(OCCO4)CC3)c2c1,,C20189851,98.777679,0,0,0,1,0,0,0,0,0,0
O=C(N1CC[NH+](C(c2ccccc2)c2ccccc2)CC1)c1c(n(-c2ccccc2)nc1)-n1cccc1,,C22518136,85.953209,0,0,0,0,0,1,0,0,0,0
S([C@@H](C)C(=O)N(C)[C@@H]1CS(=O)(=O)CC1)C=1N(c2cc(F)c(C)cc2)C(=O)c2ccccc2N=1,,C24713194,98.786736,0,0,0,1,0,0,0,1,0,1
Clc1c(Cn2nc(c(CN(C)C(=O)[C@@H]3N4C(=O)CC[C@]4(C)SC3)c2)-c2ccccc2)cccc1,,C25061681,99.998299,0,0,0,1,1,1,0,0,0,1
Clc1c(CN2C(=O)/C(=C/C3=C(N(C)C(=O)C(C#N)=C3C)N3CCCCC3)/SC2=S)cccc1,,C33382815,100,0,0,0,1,0,0,0,0,0,1
Brc1ccc(CN2C(=O)N(CC(=O)N(CC)CC)c3sc4CC(C)=C(C)c4c3C2=O)cc1,,C34725576,100,0,0,0,0,0,0,0,0,0,0
Brc1cc([C@H]2N(CCC[NH+]3CCOCC3)C(=O)C=3Oc4ccc(F)cc4C(=O)C2=3)ccc1,,C35486100,94.738503,0,0,0,1,0,0,1,0,1,0
Brc1ccc2OC=3C(=O)N(CC[NH+]4CCOCC4)[C@H](c4ccc(Cl)cc4)C=3C(=O)c2c1,,C35515509,71.817177,0,0,0,0,0,0,0,0,0,0
Brc1ccc2OC=3C(=O)N(CC[NH+]4CCOCC4)[C@H](c4ccc(F)cc4)C=3C(=O)c2c1,,C35515517,71.684311,0,0,0,0,0,0,1,0,0,0
Brc1cc([C@@H]2N(CC[NH+]3CCOCC3)C(=O)C=3Oc4cc(C)c(C)cc4C(=O)C2=3)ccc1,,C35515551,71.776192,0,0,0,0,0,0,1,0,0,0
FC(F)(F)c1cc(C(=O)N2CCN(c3nc(C)nc4sc5C[NH+](CC)CCc5c34)CC2)ccc1,,C35549022,81.738335,0,0,0,0,0,0,0,0,1,0
FC(F)(F)c1ccc(CN2C(=O)/C(=C/c3ccc(C(=O)N4C[C@@H](C)O[C@H](C)C4)cc3)/SC2=O)cc1,,C35921037,100,0,0,0,0,0,0,0,0,0,0
Br[C@H]1C(=O)[C@H]2[C@@]3(C)CC[C@@H](OC(=O)C)C[C@@H]3CC[C@@H]2[C@@H]2[C@@]1(C)[C@H](C(=O)COC(=O)C)CC2,,C37246005,100,0,0,0,1,0,0,0,0,0,1
Brc1sc(C[NH+]2CCN(C(=O)c3cc(C4CC4)nc4n(C(C)C)ncc34)CC2)cc1,,C23956061,80.732803,0,0,0,1,0,1,0,0,1,1
S(C(=O)C)[C@@H]1CC=2[C@@](C)(CCC(=O)C=2)[C@@H]2CC[C@]3(C)[C@]4(OC(=O)[C@H](C(OCC)=O)C4)CC[C@H]3[C@@H]12,,C38655162,99.554367,0,0,0,1,0,0,0,0,0,0
Brc1ccc([C@H]2N(CC[NH+]3CCOCC3)C(=O)C=3Oc4ccc(CC)cc4C(=O)C2=3)cc1,,C38728696,71.866234,0,0,0,0,0,0,0,0,0,0
Clc1ccc(C[NH+]2CCN(C(=O)[C@@H](SCC3=NC(=O)C4=C(C)[C@H](C)SC4=N3)C)CC2)cc1,,C39447270,88.428391,0,0,0,1,0,1,0,1,1,1
Ic1cc(F)c2N(C)c3ncnc(Cl)c3N=C(S(=O)(=O)C(C)C)Cc2c1,,C39480363,99.988274,0,0,0,1,0,1,0,0,0,1
IN1C(=O)N(CC2(C3CCCCC3)CCN(F)CC2)[C@](S(=O)(=O)C(C)C)(C)C1,,C39490948,99.999863,0,0,0,1,0,1,0,0,0,1
S=C1N(CC)C(=O)/C(=C\C2=C(N(CC)C(=O)C(C#N)=C2C)N2CCN(c3ccccc3)CC2)/S1,,C39769503,100,0,0,0,1,0,1,0,0,0,0
Brc1ccc([C@H]2N(c3sc(CCC)nn3)C(=O)C=3Oc4ccc(F)cc4C(=O)C2=3)cc1,,C39840585,99.915031,0,0,0,0,0,1,0,0,0,0
Brc1ccc(N2[C@@H](c3ccc([N+](=O)[O-])cc3)C=3C(=O)c4cc(F)ccc4OC=3C2=O)cc1,,C39875822,100,0,0,0,0,0,0,0,0,0,0
Clc1c(CN2C(=O)[C@]3(N(CCC)C(=O)C=4Oc5ccc(F)cc5C(=O)C3=4)c3ccccc23)cccc1,,C39890255,100,0,0,0,0,0,0,0,0,0,0
Brc1ccc2c(C)c(C(=O)N(Cc3oc([C@@H]4[C@H](C)C4)cc3)[C@H]3CS(=O)(=O)CC3)oc2c1,,C47133132,100,0,0,0,1,0,0,0,1,0,0
O=C(CN1CCN(C(=O)[C@H]2Oc3ccccc3OC2)CC1)N1c2ccccc2Sc2ccccc12,,C22745522,98.92218,0,1,0,1,1,1,0,0,1,0
Clc1c(OCc2cc(Cl)c(Cl)cc2)c(OCC)cc(C=C2C(=O)N(C)C(=S)N(C)C2=O)c1,,C59139748,100,0,0,0,1,0,1,0,0,0,0
S=C1N(C)C(=O)/C(=C\c2cn(Cc3ccccc3)c3ccccc23)/C(=O)N1c1ccc(OCC)cc1,,C59594748,100,0,0,0,0,0,1,0,0,0,0
Clc1c([C@H]2OC3(C(=O)c4ccccc4C3=O)[C@@H]3C(=O)N(c4c(F)cc(F)cc4)C(=O)[C@H]23)cccc1,,C04178451,100,0,0,0,0,0,0,0,0,0,0
Brc1ccc(N2C(=O)[C@H]3[C@@H](c4c(C)cccc4)OC4(C(=O)c5ccccc5C4=O)[C@@H]3C2=O)cc1,,C18123205,100,0,0,0,0,0,0,0,0,0,0
Fc1c(F)c(F)c(O[C@H](C)C(=O)Oc2c(C)c3O/C(=C\c4ccncc4)/C(=O)c3cc2)c(F)c1F,,C41349610,97.817993,0,0,0,0,0,0,0,0,0,0
Clc1c(F)ccc(N2C(=O)[C@@H]3[C@H](c4ccc(F)cc4)OC4(C(=O)c5ccccc5C4=O)[C@H]3C2=O)c1,,C17720976,100,0,0,0,0,0,0,0,0,0,0
ClC=1C[C@H]2C(=O)N(CN(CN3C(=O)[C@H]4CC(Cl)=CC[C@H]4C3=O)C3CCCCC3)C(=O)[C@H]2CC=1,,C01064441,99.998825,0,0,0,1,0,1,0,0,0,0
Clc1cc(N2C(=O)[C@@H]3[C@H](c4ccc(F)cc4)OC4(C(=O)c5ccccc5C4=O)[C@@H]3C2=O)c(C)cc1,,C18077508,100,0,0,0,0,0,0,0,0,0,0
Clc1c(CN2C(=O)[C@H]([C@@H]3C[C@H]4C(=O)N(Cc5c(Cl)cccc5)C(=O)[C@@H]4C(C)=C3)CC2=O)cccc1,,C15188108,100,0,0,0,0,0,0,0,0,0,1
Clc1c(OC)c(C(=O)Oc2ccc3C(=O)C(Oc4ccc(OC)cc4)=C(C(F)(F)F)Oc3c2)c(Cl)cc1,,C01772207,100,0,0,0,0,0,1,0,0,0,0
Clc1ccc(-n2c(c(C#N)c(C(=O)c3c(C)n(-c4ccc(C)cc4)nc3C(OCC)=O)n2)-c2ccccc2)cc1,,C04293329,100,0,0,0,1,1,1,0,0,0,0
O=C1C(CC=2C(=O)Oc3c(C=2C)cc2CCCN4CCCc3c24)=C(C)c2cc3CCCN4CCCc(c2O1)c34,,C04817561,100,0,0,0,0,0,0,0,0,0,0
Ic1ccc(N2C(=O)[C@H]3C4(C(OC)OC)c5ccccc5C([C@@H]3C2=O)c2ccccc42)cc1,,C00714487,100,0,0,0,0,0,0,0,0,0,1
S(=O)(=O)(c1c(C)ccc(C)c1)c1nnn-2c1N=C(N1CCN(c3c(F)cccc3)CC1)c1sccc-21,,C08757117,98.116013,0,0,0,1,0,1,0,0,0,0
O=[N+]([O-])c1cc([C@H]2[C@@H](C(OC(C)(C)C)=O)N3N=CC4=C[CH-]C=CC4=C3C32C(=O)c2ccccc2C3=O)ccc1,,C09087546,74.971169,0,0,0,0,0,1,0,0,0,0
S=C1N(CCc2ccccc2)C(=O)/C(=C/c2c(-c3cc(C)c(OCC)cc3)nn(-c3ccccc3)c2)/S1,,C09137146,99.981285,0,0,0,1,0,0,0,0,0,0
S(=O)(=O)(N(C)C)c1ccc(C(=O)N(/N=C/c2ccc(OCC)cc2)c2sc3cc(C)ccc3n2)cc1,,C09149225,100,0,0,0,1,0,0,0,1,0,0
Clc1ccc(C(=O)CSC=2N(c3cc(C)ccc3)C(=O)c3c(sc4CO[C@@H](C(C)C)Cc34)N=2)cc1,,C01903325,99.822502,0,0,0,0,0,0,0,0,0,1
Brc1c(C(=O)Oc2ccc3C(=O)C(c4ccc(Br)cc4)=C(C(OCC)=O)Oc3c2)cccc1,,C01811891,100,0,0,0,0,0,0,0,0,0,0
O(CC)c1c(OCc2ccc(C)cc2)ccc([C@H]2N(c3noc(C)c3)C(=O)C=3Oc4ccccc4C(=O)C2=3)c1,,C13571911,99.999687,0,0,0,1,0,1,0,0,0,0
Clc1c(C(=O)N2[C@@H](c3ccc(OCC)cc3)[C@@H]3CCC/C(=C\c4ccc(OCC)cc4)/C3=N2)nn(CC)c1,,C13958051,99.999413,0,0,0,1,0,1,0,0,0,0
Clc1ccc(C(=O)CSC=2N(c3ccc(C)cc3)C(=O)c3c(sc4C[NH+](CCC)CCc34)N=2)cc1,,C19814788,99.059654,0,0,0,0,0,0,0,0,0,1
S(=O)(=O)(N1C[C@H](C)C[C@H](C)C1)c1ccc(C(=O)/N=C\2/N(CC#C)c3cc4OCCOc4cc3S/2)cc1,,C12484508,98.765953,0,0,0,1,0,0,0,0,0,0
Brc1cc([C@@H]2n3nc(SCc4c(C)ccc(C)c4)[nH+]c3NC=3CC(C)(C)CC(=O)C2=3)ccc1,,C20850617,76.449219,0,0,0,0,0,0,0,0,0,0
Fc1ccc(-n2c(-c3ccc(N4CCN(C(=O)c5ccc(C#N)cc5)CC4)cc3)cc(C(OCC)=O)n2)cc1,,C25157153,100,0,0,0,0,0,1,0,0,0,0
S(Cc1cc(C)ccc1)C=1N(c2ccc(F)cc2)C(=O)c2ccc(C(=O)N(C)Cc3ccccc3)cc2N=1,,C33077891,98.921608,0,0,0,0,0,1,0,0,0,0
O(C[C@]12CC[C@@H](C(=O)C)[C@H]1[C@H]1[C@](C)([C@@]3(C)CC[C@H]4C(C)(C)[C@@H](OC(=O)C)CC[C@@]4(C)[C@H]3CC1)CC2)C(=O)C,,C34258936,100,0,0,0,0,0,1,0,0,0,0
S(=O)(=O)(N(C)[C@H](CC)C=1N(c2ccc(OCC)cc2)C(=O)c2ccccc2N=1)c1cccc2ccccc12,,C35060450,99.144058,0,0,0,1,0,1,0,0,0,1
O=C(N(CCC)[C@@H](CC)C=1N(c2c(C)cc(C)cc2)C(=O)c2ccccc2N=1)c1ccc(-c2ccccc2)cc1,,C35093295,99.131432,0,0,0,0,0,0,0,0,0,1
Brc1cc(C(=O)N2CC[NH+](CCN(CC=3[C@@H]4C(C)(C)[C@@H](C4)CC=3)C(=O)C(C)(C)C)CC2)ccc1,,C35097345,76.515144,0,0,0,0,0,0,0,0,0,0
O=C(CN1C(=O)CS[C@@H](c2c(C)cccc2)c2c(C(C)(C)C)nn(-c3c(C)cc(C)cc3)c12)N1CCCC1,,C37264098,99.697617,0,0,0,0,0,0,0,0,0,0
Brc1cc(-c2nc(N(CCC(=O)N3CC[NH+](CC)CC3)CC(C)C)c3ccccc3n2)ccc1,,C37384508,54.965759,0,0,0,0,0,0,0,0,0,0
O(CC)c1c(OCC)ccc([C@@H]2N(CC[NH+]3CCOCC3)C(=O)C=3Oc4c5ccccc5ccc4C(=O)C2=3)c1,,C38713309,71.657196,0,0,0,1,0,0,1,0,0,0
O(CC)c1c(N2C(=O)[C@H]3C4(/C=N/c5c(C)ccc(C)c5)c5ccccc5C([C@H]3C2=O)c2ccccc42)cccc1,,C39372953,99.991119,0,0,0,0,0,0,0,0,0,1
S=C1N(Cc2ccccc2)C(=O)/C(=C\c2c(-c3ccc(OCC(C)C)cc3)nn(-c3ccccc3)c2)/S1,,C33888231,99.981415,0,0,0,0,0,0,0,0,1,0
S=C1N(C2CCCCC2)C(=O)/C(=C/C2=C(N(CCCC)C(=O)C(C#N)=C2C)N2C[C@H](C)C[C@H](C)C2)/S1,,C39990479,100,0,0,0,1,0,0,0,0,0,1
O(CC)c1c(OCc2ccc(C)cc2)ccc(/C=C\2/C(=O)N3N=C(Cc4ccc(C)cc4)C(=O)N=C3S/2)c1,,C40005813,99.998795,0,0,0,1,0,1,0,0,0,0
O(CCCC)c1cc([C@H]2N(c3sc4cc(C)cc(C)c4n3)C(=O)C=3Oc4ccc(C)cc4C(=O)C2=3)ccc1,,C40008435,100,0,0,0,0,0,1,0,0,0,0
S=C1N(Cc2ccccc2)C(=O)/C(=C\c2c(-c3cc(C)c4O[C@H](C)Cc4c3)nn(-c3ccccc3)c2)/S1,,C40022222,99.981636,0,0,0,0,0,0,0,0,1,0
Clc1cnc(N2[C@H](c3cc(OCc4ccccc4)ccc3)C=3C(=O)c4cc(CC)ccc4OC=3C2=O)cc1,,C40045217,99.796837,0,0,0,0,0,0,0,0,0,0
Fc1c(N2CCC(C(=O)N3CCN(c4cc(C)ccc4)CC3)CC2)ccc(-c2nc(-c3ncccc3)on2)c1,,C40902177,99.97654,0,0,0,0,0,1,0,0,0,0
S(=O)(=O)(N1CCN(CC=2N=C3SC(c4c(C)cccc4)=NN3C(=O)C=2)CC1)c1c(C)cc(C)c(C)c1,,C41077581,79.670059,0,0,1,1,1,1,0,0,0,1
O=C/1/C(=C/c2c(CC(C)C)nn(-c3ccccc3)c2)/C[NH+](C)C\C\1=C/c1c(CC(C)C)nn(-c2ccccc2)c1,,C20115464,89.417259,0,0,0,0,0,0,0,0,0,0
Clc1ccc2/C(=C/c3cn(CC)c4ccccc34)/C(=O)N(CN3C[C@H]4CN5C(=O)C=CC=C5[C@@H](C3)C4)c2c1,,C49759722,93.318062,0,0,0,0,0,1,0,0,0,0
O=C(N(CCC[NH+]1CCOCC1)c1scc(-c2ccc(C)cc2)n1)c1sc2n(-c3ccccc3)nc(C)c2c1,,C00932740,93.996597,0,0,0,0,0,0,1,0,0,1
Brc1cc(/C=C\2/C(=O)N3[C@@H](c4ccc(Cl)cc4)C(C(OC(C)C)=O)=C(C)N=C3S/2)c(OC(=O)C)cc1,,C01760485,98.074707,0,0,0,1,0,1,0,0,0,0
Brc1c(OCCOCCN2C(c3ccc(Cl)cc3)=Nc3ccccc3C2=O)ccc(Cl)c1,,C01816182,93.830345,0,0,0,1,1,1,0,0,0,0
Brc1ccc(-c2nc3ccc(Br)cc3c(C(OCC(=O)c3cc([N+](=O)[O-])c(C)cc3)=O)c2)cc1,,C01838872,99.034004,0,1,0,1,0,1,0,0,0,0
Clc1c(-c2oc(/C=C\3/C(=O)N=C(N4CCN(c5cc(Cl)ccc5)CC4)S/3)cc2)ccc([N+](=O)[O-])c1,,C01839990,98.859848,0,0,0,0,0,0,0,0,0,0
Clc1c(Cl)ccc(CSc2n-3c(N(c4cc(C)ccc4)C(=O)c4c-3sc3COC(C)(C)Cc43)nn2)c1,,C01905594,99.68177,0,0,0,0,0,0,0,0,0,0
Clc1c(-n2nc(C(F)(F)F)c(-c3c(C(OC)=O)c(-c4c(Cl)cccc4Cl)no3)c2)ccc(Cl)c1,,C03048871,100,0,0,0,0,0,0,0,0,0,0
Clc1c(N2C(=O)C(Cl)=C(N(C)CCOC(=O)c3c(F)cccc3F)C=N2)ncc(C(F)(F)F)c1,,C03104697,99.999275,0,0,0,1,0,1,0,0,0,0
Clc1sc(C(=O)CSc2n(c(-c3cc(S(=O)(=O)N(C)C)ccc3)nn2)-c2ccc(F)cc2)cc1,,C03285760,99.971855,0,0,0,1,0,1,0,1,0,0
S(Cc1oc(-c2cc(-c3cc(OC)c(OC)cc3)nc3ccccc23)nn1)c1n(c(C)nn1)-c1ccccc1,,C03360156,90.473167,0,0,0,0,0,0,0,0,0,0
O=C1N(c2ccc(C)cc2)C(=O)/C(=C/c2c(C)n(c(C)c2)-c2ccc3ccccc3c2)/C(=O)N1c1ccccc1,,C59139006,100,0,0,0,0,0,1,0,0,0,0
Clc1c(C)cc([C@H]2OC3(C(=O)c4ccccc4C3=O)[C@@H]3C(=O)N(c4ccc(C(OCC)=O)cc4)C(=O)[C@H]23)cc1,,C04119501,100,0,0,0,0,0,0,0,0,0,0
O(CC)c1c(OCCC)ccc([C@@H]2N(c3ccccc3)O[C@@H]3C(=O)N(c4cccc5ccccc45)C(=O)[C@H]23)c1,,C13768381,100,0,0,0,1,0,0,0,0,0,0
O=C([C@@H]1[C@H](c2occc2)CN(C)[C@]21C(=O)N(Cc1c(C)ccc(C)c1)c1ccccc21)c1ccc(C(C)C)cc1,,C36208050,97.423721,0,0,0,0,0,0,0,0,0,1
O=C(CN1CCN(c2nc(N3CCCCC3)[nH+]c(N3CCCC3)c2)CC1)[C@@H]1[C@@]2(C)CC=C3[C@@]4(C)C=CC(=O)C=C4CC[C@H]3[C@@H]2CC1,,C64858406,42.515858,0,0,0,0,0,0,0,0,0,0
S(=O)(=O)(Oc1ccc(/C=C\2/C(=O)N=C(N3CCN(c4ccccc4)CC3)S/2)cc1)c1ccccc1,,C02072239,98.819992,0,0,0,1,0,0,0,0,0,0
S(=O)(=O)(N1CCOCC1)c1ccc(Oc2nc3nc(C(F)(F)F)cc(C(F)(F)F)c3cc2)cc1,,C01386073,99.999596,0,0,0,1,0,0,0,1,0,0
Clc1c(Cl)ccc(-c2oc(/C=C/3\C(=O)N(C)C(=S)N(c4ccc(C(OC)=O)cc4)C\3=O)cc2)c1,,C08444839,100,0,0,0,0,0,0,0,0,0,0
Clc1c(COc2ccc([C@H]3N(c4noc(C)c4)C(=O)C=4Oc5ccc(F)cc5C(=O)C3=4)cc2)cccc1,,C09187420,99.999687,0,0,0,0,0,1,0,0,0,0
S([C@H](C)C(=O)N1CCOCC1)C=1N(c2cc(C)ccc2)C(=O)c2c(sc3CO[C@@H](C(C)C)Cc23)N=1,,C01254490,99.818497,0,0,0,1,0,0,0,0,0,1
S(CC(=O)N1[C@H](c2occc2)CC(c2sccc2)=N1)C=1N(CC)C(=O)c2c(C)c(C)sc2N=1,,C09357646,99.528572,0,0,0,0,0,0,0,0,0,1
BrC1=CN2C(=O)C=C(CSc3nn4C(C)=C(Cc5ccccc5)C(C)=Nc4n3)[NH+]=C2C=C1,,C03040352,87.991234,0,0,0,1,0,1,0,0,0,0
S(=O)(=O)(N1C[C@@H](C(=O)N(C[C@H]2OCCC2)c2sc3cc(C)c(C)cc3n2)CCC1)c1sccc1,,C10765950,100,0,0,1,1,1,1,0,0,1,1
O(CC)c1cc(C)c(-c2c(/C=C\3/C(=O)N=C(N4C[C@@H](C)O[C@H](C)C4)S/3)cn(-c3ccccc3)n2)cc1,,C12601871,98.434509,0,0,0,0,0,0,0,0,0,0
S=C1N(CCCC)C(=O)/C(=C\C2=C(N3CCN(c4ccc(F)cc4)CC3)[NH+]=C3N(C2=O)C=CC=C3)/S1,,C09540816,93.439323,0,0,0,0,0,1,0,1,0,0
Fc1c(OC)ccc(-c2c(/C=C\3/C(=O)n4nc(-c5sccc5)nc4S/3)cn(-c3ccccc3)n2)c1,,C16733931,99.901863,0,0,0,0,0,1,0,0,0,0
Fc1c(C(=O)N2CCN(c3ncnc4n(-c5ccc(OCC)cc5)cc(-c5ccccc5)c34)CC2)cccc1,,C21796586,71.641075,0,0,0,0,0,0,0,0,0,0
Clc1ccc(OC[C@@H]2O[C@@]3(C(=O)N(CN4CCN(c5ccccc5)CC4)c4ccccc34)OC2)cc1,,C15231049,98.2798,0,0,0,1,1,1,0,0,1,0
S(=O)(=O)(C)N1C[C@@H](C(=O)N2CCN(c3cc(C(F)(F)F)ccc3)CC2)Oc2ccc(C(C)(C)C)cc12,,C30945201,100,0,0,0,1,0,1,0,0,0,0
Ic1ccc2N=C(C)N(c3ccc(/N=C/c4c([N+](=O)[O-])cccc4)cc3)C(=O)c2c1,,C17376372,98.125229,0,0,0,0,0,0,0,0,0,0
O(CC(=O)/C=C/1\N(C)c2ccccc2C\1(C)C)C(=O)c1ccc2C(=O)c3ccccc3S(=O)(=O)c2c1,,C32943311,100,0,0,0,1,0,0,0,0,0,0
FC(F)(F)c1ccc(Cn2cnc3N(c4c(F)cc(F)cc4)C(=O)N(C[C@H]4OCCC4)C(=O)c23)cc1,,C34692663,92.415337,0,0,0,0,0,1,0,0,0,0
FC(F)(F)c1cc(-c2noc3nc(CCC)nc(N4CCN(C(=O)c5c(F)cccc5)CC4)c23)ccc1,,C34810171,94.625031,0,0,0,1,0,1,0,0,0,0
Clc1ccc(OC[C@H]2O[C@]3(C(=O)N(CN4CCN(c5c(F)cccc5)CC4)c4ccccc34)OC2)cc1,,C16524587,98.726349,0,0,0,1,0,1,0,0,1,0
Clc1ccc(OC[C@H]2O[C@@]3(C(=O)N(CN4CCN(c5c(F)cccc5)CC4)c4ccccc34)OC2)cc1,,C16524589,98.726349,0,0,0,1,0,1,0,0,0,0
FC(F)(F)c1cc(N2CCN(C(=O)c3oc(CN4C(=O)COc5cc(C)ccc45)cc3)CC2)ccc1,,C35452595,100,0,0,0,0,0,1,0,0,0,0
Clc1ccc2OC=3C(=O)N([C@@H](c4ccc(SC)cc4)C=3C(=O)c2c1)c1sc(C(OC)=O)c(C)n1,,C35514182,100,0,0,0,0,0,0,0,0,0,0
S(=O)(=O)(N1CCN(c2nc(COC)nc3sc4CCCCc4c23)CC1)c1cccc2ccccc12,,C35526058,95.825752,0,0,0,1,1,1,0,0,0,1
O=C(CC=1N2C(=O)C(c3nn(c(C)c3)-c3c(CC)cccc3)=C(C)N=C2SC=1)N1CCc2ccccc2C1,,C35911822,98.731506,0,0,0,1,1,1,0,0,0,1
O=C(N1CCN(c2[nH+]c(CC(C)C)nc3n(-c4ccccc4)ncc23)CCC1)c1cccc2ccccc12,,C35925625,59.650585,0,0,0,0,0,0,0,0,0,0
Brc1c(C(=O)N2CCN(c3nc(CCC)nc4onc(-c5ccccc5)c34)CC2)cccc1,,C35936934,94.357521,0,0,0,1,0,1,0,0,0,0
FC(F)(F)c1cc(-c2noc3nc(CC(C)C)nc(N4CCN(C(=O)c5ccccc5)CCC4)c23)ccc1,,C35937042,94.167274,0,0,0,1,0,1,0,0,0,0
O=C(CN1C(=O)CS[C@@H](c2sccc2)c2c(C(C)(C)C)nn(-c3cc(C)ccc3)c12)N1CCOCC1,,C37425471,99.707352,0,0,0,1,0,1,0,0,0,1
O=C/1N(Cc2occc2)C(=O)C(C#N)=C(C)\C\1=C\c1c(-c2ccc3ccccc3c2)nn(-c2ccccc2)c1,,C38606817,99.991135,0,0,0,0,0,0,0,0,0,1
Brc1cc([C@H]2N(c3sc(CC)nn3)C(=O)C=3Oc4cc(OCC)ccc4C(=O)C2=3)ccc1,,C38728042,99.914246,0,0,0,0,0,1,0,0,0,0
Brc1cc([C@@H]2N(c3sc(CC)nn3)C(=O)C=3Oc4cc(OCC)ccc4C(=O)C2=3)ccc1,,C38728045,99.914246,0,0,0,1,0,0,0,0,0,0
Brc1ccc2nc(N(CC[NH+]3CCOCC3)C(=O)/C=C/c3ccc4OCOc4c3)sc2c1,,C36714872,60.586231,0,0,0,1,0,1,1,0,1,1
Clc1cc(C)c2nc(N(CCC[NH+]3CCOCC3)C(=O)[C@H]3[C@H](C)Oc4ccccc4O3)sc2c1,,C38837868,93.741913,0,0,0,1,0,1,1,0,1,1
Cl[C@H]1[C@@H](C(S(=O)(=O)Oc2ccccc2)=O)[C@H](c2cc(F)ccc2)c2cc3OCOc3cc2C1=O,,C39486370,100,0,0,0,1,0,1,0,0,0,1
S(=O)(=O)(C(C)C)c1c(OCC)cc2N=C3N(C(=O)c2c1)CCc1c2ccccc2n(-c2ccccc2)c31,,C39541752,96.085762,0,0,0,0,0,1,0,1,0,0
S=C1N(Cc2occc2)C(=O)/C(=C\C=2C(=O)N3C=CC=C(C)C3=NC=2Oc2ccc(CC)cc2)/S1,,C39835936,87.859581,0,0,0,0,0,0,0,0,0,0
Clc1ccc2OC=3C(=O)N(CCOC)[C@]4(C(=O)N(Cc5ccc(C)cc5)c5ccccc45)C=3C(=O)c2c1,,C39889940,100,0,0,0,1,0,0,0,0,0,0
O(C)CCCN1C(=O)C=2Oc3cc(C)c(C)cc3C(=O)C=2[C@]21C(=O)N(Cc1ccc(C)cc1)c1ccccc21,,C39890846,100,0,0,0,1,0,0,0,0,0,0
O(C)CCN1C(=O)C=2Oc3cc(C)c(C)cc3C(=O)C=2[C@@]21C(=O)N(Cc1c(C)cccc1)c1ccccc21,,C39890889,100,0,0,0,1,0,1,0,0,0,0
O(C)CCCN1C(=O)C=2Oc3cc(C)c(C)cc3C(=O)C=2[C@]21C(=O)N(Cc1c(C)cccc1)c1ccccc21,,C39890890,100,0,0,0,1,0,1,0,0,0,0
S=C1N(C2CCCCC2)C(=O)/C(=C/C2=C(N(CCCC)C(=O)C(C#N)=C2C)N2C[C@@H](C)O[C@@H](C)C2)/S1,,C39991337,100,0,0,0,1,0,0,0,0,0,1
Fc1ccc2OC=3C(=O)N([C@H](c4cc(OCC)ccc4)C=3C(=O)c2c1)c1sc2cc(OCC)ccc2n1,,C40014433,100,0,0,0,1,0,0,0,0,0,0
O=C1/C(=C/c2c(-c3cc(C)c4O[C@@H](C)Cc4c3)nn(-c3ccccc3)c2)/SC(N2C[C@@H](C)O[C@@H](C)C2)=N1,,C40022361,98.435616,0,0,0,0,0,0,0,0,0,0
S(C)c1ccc([C@H]2N(c3sc(C(OC)=O)c(C)n3)C(=O)C=3Oc4c(C)cc(C)cc4C(=O)C2=3)cc1,,C40045851,100,0,0,0,0,0,1,0,0,0,0
S=C1N(C[C@H]2OCCC2)C(=O)/C(=C/C=2C(=O)N3C=CC=CC3=NC=2Oc2ccc(C(C)(C)C)cc2)/S1,,C40221195,88.771317,0,0,0,1,0,0,0,0,0,0
Fc1c(N2C[C@H](C(=O)N3C[C@@H](C)N(c4ccc(C)cc4)CC3)CCC2)ccc(-c2nc(C3CC3)on2)c1,,C40877797,99.994278,0,0,0,0,0,0,0,0,0,0
Fc1c(N2CCC(C(=O)N3CCN(c4c(C)c(C)ccc4)CC3)CC2)ccc(-c2nc(C3CC3)on2)c1,,C40901860,99.99427,0,0,0,0,0,0,0,0,0,0
Clc1ccc([C@H]2N(Cc3occc3)C(=O)c3n([C@@H]4CS(=O)(=O)CC4)nc(-c4ccc(C)cc4)c23)cc1,,C41003822,100,0,0,0,0,0,0,0,0,0,0
O(CC)c1ccc(-n2c(C)c(/C=C\3/C(=O)N(c4ccc(C)cc4)C(=O)N(c4ccccc4)C/3=O)cc2C)cc1,,C59139028,100,0,0,0,0,0,1,0,0,0,0
Clc1n(-c2ccc(Cl)cc2)nc(C)c1/C=N/c1cc(S(=O)(=O)N2CCOCC2)c(Cl)cc1,,C12591495,97.379219,0,0,0,1,0,1,0,0,0,0
O=C1N(C)c2n(C)nc(C3CCCCC3)c2N=C(c2ccc(-n3c(C)nc4cnccc34)cc2)C1,,C00576799,62.831184,0,0,0,0,0,0,0,0,0,1
S=C1N([C@H]2CS(=O)(=O)CC2)C(=O)/C(=C\c2oc(-c3cc([N+](=O)[O-])ccc3)cc2)/S1,,C02069917,100,0,0,0,0,0,0,0,1,0,0
Fc1c(N2CCOCC2)cc(N2CCN(C(=O)c3c(F)cccc3F)CC2)c([N+](=O)[O-])c1,,C08856850,100,0,0,0,0,0,0,0,0,0,0
O=S1(=O)C[C@H](N2C(=O)C=3Oc4ccccc4C(=O)C=3[C@@]32C(=O)N(CCC)c2ccccc32)CC1,,C08917221,100,0,0,0,0,0,0,0,0,0,0
S=C1N(CC)C(=O)/C(=C\c2cc(CN3C(=O)c4ccccc4C3=O)c(OC)cc2)/C(=O)N1,,C09166631,99.381554,0,0,0,1,0,1,0,0,0,1
Clc1c(C)c(-n2nc(C)c3c(C(=O)N4CCN(C(=O)c5occc5)CC4)cc(C)nc23)ccc1,,C09266350,99.824059,0,0,0,1,0,0,0,0,0,1
FC(F)C=1n2ncc(C(=O)N3CCN(c4ncccn4)CC3)c2N=C(c2ccc(C)cc2)C=1,,C00815341,99.586258,0,0,0,1,0,1,0,0,0,0
Brc1cc(C(=O)N2CCN(c3ncnc4n(-c5ccccc5)nnc34)CC2)ccc1,,C09824089,97.769287,0,0,0,0,0,0,0,0,0,0
Clc1c(C(=O)N2CCN(c3ncnc4n(Cc5ccccc5)nnc34)CC2)c(F)ccc1,,C10256466,96.211365,0,0,0,0,0,1,0,0,0,0
S([C@@H](C)C(=O)N1CCCc2ccccc12)c1nc(C)nc2N(CC(C)C)C(=O)N(C)C(=O)c12,,C10525596,99.216522,0,0,0,1,0,1,0,0,0,1
S([C@H](C)C(=O)N1CCCc2ccccc12)c1nc(C)nc2N(CC(C)C)C(=O)N(C)C(=O)c12,,C10525597,99.216522,0,0,0,1,0,1,0,0,0,1
S([C@H](C)C(=O)N1C[C@H](C)C[C@@H](C)C1)c1nc(C(C)(C)C)nc2N(C)C(=O)N(C)C(=O)c12,,C11457255,99.28997,0,0,0,0,0,1,0,0,0,1
Fc1ccc(-n2nnc3c(N4CCN(C(=O)c5cccc6ccccc56)CC4)ncnc23)cc1,,C11665841,97.762726,0,0,0,0,0,0,0,0,0,0
O=C(N1CCN(c2ccc(C)cc2)CC1)c1c(n(-c2nc(-c3oc(C)cc3)ccn2)nc1)C1CC1,,C12243397,99.998711,0,0,0,0,0,0,0,0,0,0
Brc1ccc(-n2c(Cc3n(-c4ccc(Br)cc4)nnn3)nnn2)cc1,,C09972456,100,0,0,0,1,0,0,0,0,0,0
O=C(N1CCN(C(=O)c2cc(-c3occc3)nc3ccccc23)CC1)[C@@H]1Oc2ccccc2OC1,,C12753756,99.443565,0,1,0,1,0,1,0,0,0,0
Clc1c(/C=C/C(=O)N2CCN(C(=O)[C@H]3Oc4ccccc4OC3)CC2)n2C=CC=Cc2[nH+]1,,C12780322,95.592842,0,0,1,1,0,1,0,0,0,0
S(=O)(=O)(N1CCN(c2nnc(-n3c(C)c(C)c(C)n3)cc2)CC1)c1c(F)cc(F)cc1,,C13009427,99.966324,0,0,0,0,0,1,0,0,0,0
S(=O)(=O)(CC)N1C[C@H](c2[nH+]c-3n(n2)C=Nc2c4c(C)cc(C(F)F)nc4sc-32)CCC1,,C13644014,55.41383,0,0,0,1,0,1,0,1,0,0
S(=O)(=O)(C)N1C[C@@H](c2[nH+]c-3n(n2)C=Nc2c4c(C)cc(C(F)(F)F)nc4sc-32)CCC1,,C13644064,54.252331,0,0,0,1,0,1,0,1,0,0
O=C(CN1C(=O)n2nc(-c3sccc3)nc2-c2c1sc1CCCCc21)N1CCOCC1,,C13692797,96.967804,0,0,0,0,0,0,0,0,0,1
S(=O)(=O)(N1CCN(C(=O)c2ccc3C(=O)N4CCCCCCC4=Nc3c2)CC1)c1sccc1,,C15712630,97.01265,0,0,0,0,0,0,0,0,1,0
Fc1c(N2CCN(C(=O)C=3C(=O)N4N=C(N5CCCCCC5)SC4=NC=3)CC2)cccc1,,C15732794,99.920349,0,0,0,1,1,0,0,0,0,0
Clc1c(C(=O)N2CCN(S(=O)(=O)c3c(C)ccc([N+](=O)[O-])c3)CC2)cc(SC)cc1,,C15929189,100,0,0,0,1,0,0,0,0,0,0
Clc1c([N+](=O)[O-])cc(C(=O)N2CCN(S(=O)(=O)c3sc(Cl)cc3)CC2)cc1,,C16015766,100,0,0,0,1,0,0,0,0,1,0
ClC1=CN2C(=O)C=C(CSC=3N(C[C@@H]4OCCC4)C(=O)c4cccnc4N=3)[NH+]=C2C=C1,,C20861125,97.816277,0,0,0,1,0,1,0,1,0,0
Clc1cc(N2CCN(C(=O)C=3C(=O)N4N=C(N5CCCC5)SC4=NC=3)CC2)c(C)cc1,,C20987416,99.920547,0,0,0,1,1,0,0,0,0,0
Clc1ccc(S(=O)(=O)N2CCN(Cc3n(-c4ccc(Cl)cc4)nnn3)CC2)cc1,,C21149409,98.102135,0,0,1,1,1,0,0,0,0,0
S(=O)(=O)(N1CCN(Cc2n(-c3cc(F)c(F)cc3)nnn2)CC1)c1c(C)cc(C)cc1C,,C21149937,98.264236,0,0,0,0,0,1,0,0,0,0
O=C(CN1C(=O)[C@@H](C)Oc2ccccc12)N1CCN(C(=O)c2nsc3ccccc23)CC1,,C21885369,99.999352,0,0,0,1,1,1,0,0,1,1
Brc1c(C)n(C[C@@H](C)c2[nH+]c-3n(n2)C=Nc2n(-c4ccccc4)ncc-32)nc1C,,C02804083,87.602798,0,0,0,1,0,1,1,0,0,0
S(CC(=O)N1[C@@H](C)Cc2ccccc12)c1nc(C(C)(C)C)nc2N(C)C(=O)N(C)C(=O)c12,,C22699375,99.351761,0,0,0,0,0,1,0,0,0,0
Clc1c(S(=O)(=O)N2CCN(CN3C(=O)c4ccccc4N=N3)CC2)c(Cl)ccc1,,C24105788,99.988701,0,0,0,0,0,0,0,0,0,0
S(=O)(=O)(N1C[C@@H](c2n3C=C(C(F)(F)F)C=Cc3nn2)CCC1)c1ccc2OC(=O)C=Cc2c1,,C24686929,99.282181,0,0,0,1,1,0,0,0,0,0
Clc1cc(CC(=O)N2C[C@H](C(=O)N3CCOCC3)Oc3ccccc23)cc2OCCOc12,,C24707644,100,0,0,0,1,0,1,0,0,0,1
O=C(N(C)[C@H](C)c1ccc(-n2ncnc2)cc1)c1cc(N2C(=O)c3ccccc3C2=O)ccc1,,C32739405,98.161285,0,0,0,1,0,0,0,0,0,0
Fc1c(N2CCN(c3nnc(C(=O)N4CCN(C(=O)C)CC4)c4ccccc34)CC2)cccc1,,C34837513,99.999641,0,0,0,0,0,0,0,0,0,0
O=C(COc1cc2OC(C)(C)CCc2c2OC(=O)C=C(C)c12)N1CC[NH+](Cc2ccncc2)CC1,,C36370021,71.808823,0,0,0,1,1,1,0,0,0,1
S(=O)(=O)(N1CCN(c2ncccc2)CC1)c1ccc(N2N(C)C(C)=C(C(C)C)C2=O)cc1,,C12372067,85.807495,0,0,0,1,0,0,0,0,1,0
O=C(N1CCN(c2c(C)ccc(C)c2)CC1)c1c(C)oc2nc(C)nc(N3CCOCC3)c12,,C08596923,91.60154,0,0,0,0,0,1,0,0,0,0
S(=O)(=O)(C)c1cccc2sc(N3CCN(C(=O)[C@@H]4[C@@H](C)Oc5ccccc5O4)CC3)nc12,,C36704938,100,0,0,0,1,0,1,0,0,0,0
O=C(N1CCN(c2ncnc(N3CCC(C)CC3)c2)CC1)[C@@H]1CN(c2cc(C)c(C)cc2)C(=O)C1,,C38540765,44.468899,0,0,0,1,0,1,0,0,0,0
Clc1c([C@@H]2O[C@@H](C)C(CN3C(c4ncccc4)=C4N=CN[C@@H]4CC3)=N2)cc2OCOc2c1,,C39500542,41.2658,0,0,0,1,0,1,0,0,0,1
Fc1c(N2CCN(C(=O)CCN3C(=O)c4n(c(CC)nn4)-c4ccccc34)CC2)cccc1,,C40842132,99.992393,0,0,0,1,0,1,0,0,0,0
O=C(N1CCN(C=2SC=3N(C(C)=CC(=O)N=3)N=2)CC1)c1c(-n2cccc2)sc2CCCCc12,,C45915101,99.88179,0,0,0,0,0,0,0,0,0,0
O=C(CN1C(=O)c2ccccc2N=C1)N1Cc2c(n(-c3cc(C)ccc3)nc2C1)-n1cccc1,,C56911778,99.203918,0,0,0,1,0,1,0,0,0,1
O=C(N1[C@H](C)Cc2ccccc12)c1cc(-c2occc2)nc2n([C@H]3CS(=O)(=O)CC3)nc(C)c12,,C57306975,99.961037,0,0,0,1,0,1,0,1,0,0
ClC=1C(=O)N(c2ccccc2)N=CC=1N1CCN(Cc2onc(-c3cscc3)n2)CC1,,C57369574,97.795731,0,0,0,1,0,1,0,0,0,0
Clc1cc2C(C)=C(CC(OC)=O)C(=O)Oc2c2CN([C@@]3(C)CS(=O)(=O)CC3)COc12,,C61966217,99.964035,0,0,0,1,0,1,0,1,0,1
S(=O)(=O)(N1CCN(c2ncnc(-c3ccc(C)cc3)c2)CC1)c1c(C)n(C(F)F)nc1,,C35483175,91.126526,0,0,0,1,0,1,0,0,1,0
Clc1sc(S(=O)(=O)N2CCN(C(=O)c3[nH+]c4n(c3)C=CC=C4)CC2)cc1,,C06153310,91.306038,0,0,0,1,0,0,0,0,0,0
ClC=1C(=O)N(Cc2cc(S(=O)(=O)N3CCOCC3)ccc2)N=CC=1Cl,,C04932109,100,0,0,0,1,1,1,0,1,1,1
O=C(N(C)Cc1cn(C)nc1)c1cc(-c2ccc3OCCOc3c2)nc2ccccc12,,C06828184,97.598412,0,0,0,1,0,1,0,0,1,0
FC(F)(F)c1cc(N2CCN(C(=O)c3cc(-n4nnnc4)ccc3)CC2)ccc1,,C08024347,100,0,0,0,0,0,0,0,0,1,0
O=C(N1CCOCC1)[C@H]1Oc2ccccc2N(C(=O)c2ccc3ncsc3c2)C1,,C09514384,100,0,1,0,1,0,1,0,0,1,0
O=C(N1CCN(c2ccccc2)CC1)C1=CN(C)C=C2C(=O)N(c3ccccc3)N=C12,,C09574123,96.439827,0,0,0,0,0,0,0,0,0,1
O=S1(=O)C[C@@H](n2c(C)c(CN(C)c3nc(C)nc4sc(C)c(C)c34)c(C)n2)CC1,,C09866721,72.411446,0,0,0,1,0,0,0,1,1,1
S(=O)(=O)(CCC)N1CCN(C=2N(C)C(=O)c3c(sc4CCCCc34)N=2)CC1,,C12409127,67.255341,0,0,0,1,0,0,0,1,0,0
S(=O)(=O)(N1CCOCC1)c1cnc(Sc2c(C#N)c(C)c(C)c(C)n2)cc1,,C12644011,99.752716,0,0,0,1,0,1,0,1,1,1
Fc1ccc(-n2nc(C)c3cc(C(=O)N(N(C)C)[C@H]4CS(=O)(=O)CC4)sc23)cc1,,C12863707,99.981911,0,0,0,1,0,1,0,0,0,0
S(=O)(=O)(C)c1cc(C(=O)/N=C\2/N(C)c3cc4OCCOc4cc3S/2)ccc1,,C14060236,98.406921,0,0,0,1,0,1,0,1,0,0
O=[N+]([O-])c1ccc(C(=O)N2CCC3(N(C(=O)c4cc(C)ccc4)CCS3)CC2)cc1,,C16492184,100,0,0,0,1,0,0,0,0,0,0
Clc1c(C(=O)N2CCN(C3=Nn4c(C5CC5)nnc4C=C3)CC2)c(F)ccc1,,C16848029,99.643028,0,0,0,0,0,0,0,0,0,0
Brc1c(C(=O)N2[C@@H](N(C)C)N3S(=O)(=O)c4ccccc4C3=N2)cccc1,,C19831632,99.998192,0,0,0,1,1,1,0,0,0,1
Fc1c(-c2nc(-n3c(C(C)C)c(C(=O)N4CC[NH+](C)CC4)cn3)ncc2)cccc1,,C14984652,95.023674,0,0,0,1,1,1,0,0,0,0
Clc1c(C)nc2n(CCCC)nc(C)c2c1C(=O)N1CCC2(OCCO2)CC1,,C20607866,99.891739,0,0,0,1,0,1,0,0,1,1
Brc1cc([C@H]2N(C(=O)C)N=C(c3oc(C)cc3)O2)c(OC(=O)C)cc1,,C21092284,99.999901,0,0,0,1,0,1,0,0,0,0
O=C(N1CCN(C(=O)c2c(C)c3ccccc3o2)CC1)[C@H]1Oc2ccccc2OC1,,C23540773,100,0,0,1,0,0,1,0,0,1,0
FC(F)(F)c1nc2ccnc(N3CCN(C(=O)c4nn(C)c(C)c4)CC3)c2cc1,,C24906779,61.708359,0,0,0,1,0,1,0,0,0,1
O=C(CN1CCOCC1)N1CCN(C(=O)Cc2coc3ccc4ccccc4c23)CC1,,C24966101,94.839775,0,0,0,1,0,0,0,0,1,0
O=C(Cc1c(C)oc(-c2ccccc2)n1)N1C[C@@H](C(=O)N(C)C)Oc2ccccc12,,C25052763,100,0,0,0,1,0,1,0,0,0,1
O=C(CN1C(=O)c2oc3ccccc3c2N=C1)c1c(C)n(-c2sccn2)c(C)c1,,C26661274,99.846222,0,0,0,0,0,0,0,0,0,1
Fc1c(C#N)c(N2CCN(C(=O)CCN3C(=O)COc4ccccc34)CC2)ccc1,,C31402060,100,0,0,0,1,0,1,0,0,0,0
Clc1c(C(=O)N2CCN(c3ccc(Cl)cc3)CC2)cc(-n2nnnc2)cc1,,C32102344,100,0,0,0,0,0,0,0,0,1,0
O=C/1N(Cc2ncccc2)C(=O)c2ccccc2\C\1=C/c1nn(-c2ccccc2)nc1,,C32674143,99.179855,0,0,0,0,0,1,0,0,0,1
O=C(N1CCN(C=2C(=O)N(CC)c3ccccc3N=2)CC1)c1cc(N(C)C)ccc1,,C33290551,94.761299,0,0,0,0,0,1,0,0,0,1
Fc1ccc2OC=3C(=O)N(Cc4occc4)[C@]4(C(=O)N(C)c5ccccc45)C=3C(=O)c2c1,,C33666246,100,0,0,0,0,0,0,0,0,0,0
O=C(CN1C(=O)N(CCC)c2sc3CC(C)=C(C)c3c2C1=O)N1CCOCC1,,C34723592,100,0,0,0,1,0,1,0,0,1,1
O=C(CN1C(=O)N(CC(C)=C)c2sc3CCCCc3c2C1=O)N1CCOCC1,,C34727631,100,0,0,0,1,0,1,0,0,1,1
Fc1ccc(-n2ncc3c(N4CCN(C(=O)C5CC5)CC4)[nH+]c(C4CC4)nc23)cc1,,C36006046,53.988663,0,0,0,0,0,0,0,1,0,0
FC(F)[C@H]1n2nc(C)cc2N(C(=O)c2cc(C3CC3)nc3onc(C)c23)[C@H](C)C1,,C36613833,99.483116,0,0,0,1,0,1,0,0,0,0
FC(F)[C@@H]1n2nc(C)cc2N(C(=O)c2cc(C3CC3)nc3onc(C)c23)[C@H](C)C1,,C36613834,99.483116,0,0,0,1,0,1,0,0,0,0
O=C1N([C@H](c2cnccc2)C=2C(=O)c3cc(C)ccc3OC1=2)c1sc(CC)nn1,,C38712563,99.646774,0,0,0,0,0,1,0,0,0,0
O=C1N([C@H](c2ccncc2)C=2C(=O)c3cc(CC)ccc3OC1=2)c1sc(C)nn1,,C38730986,99.564308,0,0,0,0,0,1,0,0,0,0
Cl/C(=C\[C@H]1C(=O)N(C)C(=O)N(C)C1)/C1=NC(=O)C=2C(S[C@H]3CCCCC=23)=N1,,C38747833,99.995583,0,0,0,0,0,0,0,0,0,0
Clc1nc(S[C@H](C)C(=O)N2CCN(c3ccccc3)CC2)c2nc[nH]c2n1,,C39276259,80.193489,0,0,0,1,0,1,0,1,0,0
Clc1c(C(=O)N2CCN(S(=O)(=O)N3CCOCC3)CC2)sc2ccccc12,,C40060523,100,0,0,0,1,0,0,0,1,1,0
S(=O)(=O)(N(C)c1ccc(-c2nc(C=3C(=O)N(C)N=C(C)C=3C)sc2)cc1)C,,C40071792,100,0,0,0,1,0,1,0,1,0,0
O=C(N1C[C@@H](C)O[C@@H](C)C1)c1oc(CN2[C@@H](c3cocc3)c3n(CC2)ccc3)cc1,,C40383967,79.597816,0,0,0,1,0,1,0,0,1,0
Fc1c(N2CCC(C(=O)N3CC[NH+](C)CC3)CC2)ccc(-c2nc(C3CC3)on2)c1,,C40901838,94.70903,0,0,0,0,0,0,0,0,0,0
O=C(N1CCN(C(=O)c2cccc3ccccc23)CC1)c1nnn(-c2ccccc2)c1,,C46643668,99.998817,0,1,0,0,0,1,0,0,0,0
O=C(C)c1ccc(N2C(=O)[C@@H]3[C@H](C(=O)c4ccccc4)N4N=CCC=C4[C@@H]3C2=O)cc1,,C18038101,99.977547,0,0,0,0,0,1,0,0,0,0
O=C(C)c1ccc(N2C(=O)[C@@H]3[C@H](C(=O)c4ccccc4)N4N=CCC=C4[C@@H]3C2=O)cc1,,C18038316,99.977547,0,0,0,0,0,1,0,0,0,0
S(=O)(=O)(N1[C@@H](C2CC2)C=2CN=NC=2C(=O)C21CC2)c1ncc(C(F)(F)F)cc1,,C52572205,100,0,0,1,1,1,1,0,0,1,0
ClC1=CN2C(=O)C=C(CN3CCN(S(=O)(=O)c4c(F)cccc4)CC3)[NH+]=C2C=C1,,C23704726,93.61618,0,0,0,1,1,0,0,0,0,0
Brc1nn(C)c2N=CN(CC(=O)Oc3c(C)c(C)ccc3C)C(=O)c12,,C60372975,99.962708,0,0,0,1,0,1,0,0,0,0
Brc1ccc(-c2[nH]nc(C(=O)N3CCN(c4ncccn4)CC3)c2)cc1,,C63557940,96.675354,0,0,0,1,0,0,0,0,0,0
Clc1ccc2S(=O)(=O)C(C(=O)N3CCOCC3)=NN(CCC(C)C)c2c1,,C65183386,100,0,0,0,1,0,1,0,0,1,1
Clc1ccc2N(Cc3c(C)cccc3)N=C(C(=O)N3CCOCC3)S(=O)(=O)c2c1,,C65183392,100,0,0,0,1,0,1,0,0,1,1
FC(F)(F)c1ccc(C(=O)N2CCN(c3ncnc(-n4nccc4)c3)CC2)cc1,,C65365638,99.585495,0,0,0,1,0,1,0,0,0,0
Clc1ccc(S(=O)(=O)CC(=O)Nc2ccc(-c3n4CCCCCc4nn3)cc2)cc1,,C02635321,99.457359,0,0,0,1,0,1,0,0,0,0
S(CC(=O)Nc1sccn1)c1ncnc2c1sc1nc3CC(C)(C)OCc3cc21,,C02876927,99.536674,0,0,0,1,0,1,1,0,0,0
Fc1ccc(N2C(CN3C(=O)[C@@](C)(c4ccc(F)cc4)NC3=O)=Nc3ccccc3C2=O)cc1,,C08705297,99.466911,0,0,0,1,0,0,0,0,0,0
Clc1c(OCC(=O)N[C@@H]2CS(=O)(=O)C=C2)cc2OC(=O)C=C(c3ccccc3)c2c1,,C09302907,100,0,0,1,1,0,1,0,1,0,0
Clc1cc(NC(=O)CN(S(=O)(=O)c2ccc3N(C(=O)C)[C@@H](C)Cc3c2)C)c(C)cc1,,C09396835,100,0,0,0,1,0,1,1,0,1,1
S(=O)(=O)(N(C)C(C)C)c1ccc(C(=O)Nc2sc3c(n2)ccc2sc(C)nc32)cc1,,C10098312,100,0,0,0,0,0,1,0,1,0,0
Fc1c(F)ccc([C@]2(C)C(=O)N(Cc3nc(N(C(=O)C)c4ccccc4)sc3)C(=O)N2)c1,,C10805656,99.999596,0,0,0,1,0,0,0,0,0,1
FC(F)(F)c1ccc(NC(=O)CN2C(=O)c3n(-c4ccc(F)cc4)ncc3C(C)=N2)cc1,,C12228331,94.843918,0,0,0,1,0,0,1,0,0,0
Brc1cc(C)c(NC(=O)CN(C)C(=O)c2ccc3C(=O)N(C)C(=O)c3c2)cc1,,C12981845,100,0,0,0,1,0,1,1,0,1,1
Clc1c(C(F)(F)F)cc(S(=O)(=O)N2CCN(c3c(C(=O)[O-])cccn3)CC2)cc1,,C13090820,91.235664,0,0,1,1,0,0,0,0,1,1
Clc1c(Cl)ccc(Cn2c(/C=C/3\C(=O)N(Cc4occc4)C(=O)NC\3=O)ccc2)c1,,C13661865,99.994171,0,0,0,1,0,0,1,0,0,1
O=C(C)N1CCc2c(c(NC(=O)c3nn(CC)cc3)sc2C1)-c1sc2ccccc2n1,,C13702465,100,0,0,0,1,1,1,1,1,0,0
Brc1c(C(=O)NN2C(C)=Nc3sc4C[C@@H](C)CCc4c3C2=O)nn(CC)c1,,C02778892,99.0494,0,0,0,0,0,0,0,0,0,0
Clc1c(NC(=O)/C(=C\c2cn(CC(=O)N3CCOCC3)c3ccccc23)/C#N)cccc1,,C01097131,100,0,0,0,1,0,1,0,0,0,0
O=C1N(Cc2occc2)[C@@H](c2c(-c3ccncc3)nn(-c3ccccc3)c2)Nc2ccccc12,,C15248715,95.294968,0,0,0,1,0,0,0,0,0,0
Brc1cc(C)c(NC(=O)CN(C)C(=O)CN2C(=O)c3ccccc3C2=O)cc1,,C15557693,100,0,0,0,1,1,1,1,0,1,1
FC(F)(F)c1c([C@H]2CC(=O)Nc3n(-c4nc(-c5ccccc5)cnn4)nc(C)c23)cccc1,,C15670369,99.798874,0,0,0,1,0,0,1,0,0,0
Clc1ccc(-c2nc(-n3nc(C)c4[C@@H](c5cc(F)cc(F)c5)CC(=O)Nc34)nnc2)cc1,,C15670437,99.797272,0,0,0,1,0,0,1,0,0,0
O=C(NC(C)C)CN1C(=O)C2(N(c3ccccc3)C1)CCN(C(=O)c1c(C)cccc1)CC2,,C16612567,100,0,0,0,0,0,1,0,0,0,0
S(CC(=O)Nc1c(C)n(C)nc1C)C=1N(C2CCCC2)C(=O)c2c(C)c(C)sc2N=1,,C17721170,99.390785,0,0,0,1,0,1,0,0,0,0
O=C(N(C)CC=1Nc2ccccc2C(=O)N=1)c1c(-c2ccccc2)nn(-c2ccc(C)cc2)c1,,C20928968,79.61219,0,0,0,0,0,0,0,0,0,0
S(=O)(=O)(CC)c1cc(C(=O)Nc2n(-c3sc4cccc(F)c4n3)nc(C)c2)ccc1,,C21685649,99.922768,0,0,0,1,1,1,1,1,1,1
S(=O)(=O)(CC)N1CCC2(C(C(=O)Nc3cc(C(F)(F)F)ccc3)=C(C)C(=O)O2)CC1,,C21887623,100,0,0,0,0,0,0,0,1,1,0
S(=O)(=O)(N(C)C)c1cc(C(=O)Nc2scc(-c3ccc4OCCc4c3)n2)c(C)cc1,,C22192230,100,0,0,0,1,1,1,0,1,0,1
O=C(Nc1c(C(=O)N2CCCCC2)cccc1)c1ccc2C(=O)N3CCCCCC3=Nc2c1,,C23685378,97.167473,0,0,0,0,0,0,0,1,0,0
O=C(Nc1scc(C[NH+]2C[C@@H](C)O[C@H](C)C2)n1)c1c(C)c2c(C)nc(CC)nc2s1,,C12744823,86.801743,0,0,0,0,0,0,0,0,0,0
S([C@@H](C)C(=O)c1ccc2OCC(=O)Nc2c1)C=1N(CC)C(=O)c2c(C)c(C)sc2N=1,,C25699962,99.464195,0,0,0,1,0,0,0,0,1,1
Fc1cc([C@@H](NC(=O)c2cc(-c3sccc3)nc3n(C)nc(C)c23)c2n(C)ccn2)ccc1,,C26741535,77.527008,0,0,0,1,0,1,1,0,0,0
Fc1c(NC(=O)c2ccc(N3C(C)=Nc4ccccc4C3=O)cc2)cc(C(OC)=O)c(F)c1,,C31028395,98.447556,0,0,0,0,0,1,0,1,0,0
Fc1ccc([C@@H](NC(=O)CN2S(=O)(=O)c3cccc4cccc2c34)c2n(C)ccn2)cc1,,C29813510,77.727898,0,0,0,0,0,0,1,0,0,1
O[C@H](C1CCN(C(=O)c2cc(-c3c(C)oc(C)c3)nc3onc(C)c23)CC1)c1ccccc1,,C31269667,99.99765,0,0,0,1,0,0,0,0,1,0
Brc1cc(F)c(NC(=O)N2CC[NH+](CCn3cnc4cccnc34)CC2)cc1,,C33139695,51.617764,0,0,0,1,0,0,1,1,0,0
Fc1cc(-n2c(C)c(C(=O)CN3C(=O)[C@@](C)(c4ccc(C#N)cc4)NC3=O)cc2C)ccc1,,C23448600,99.999588,0,0,0,0,0,0,1,0,0,1
Clc1c(F)ccc(S(=O)(=O)N2CCN([C@H](C)C=3Nc4ccccc4C(=O)N=3)CC2)c1,,C36387067,74.108498,0,0,0,1,0,0,0,0,0,0
Clc1cc(N2C(=O)N(CC(=O)NCc3occc3)c3cc(Cl)ccc3C2=O)ccc1,,C37399449,100,0,0,0,0,0,0,0,0,0,0
Clc1c(CNC(=O)[C@H](C)N2C(=O)c3nn(-c4ccc(C)cc4)c(C)c3C(C)=N2)cccc1,,C15942996,99.958061,0,0,0,1,1,1,1,0,0,0
S([C@H](C)C1=NC(=O)C2=C(C)[C@@H](C)SC2=N1)[C@H]1N(C(c2occc2)N=N1)c1ccccc1,,C39620910,99.850838,0,0,0,0,0,1,0,0,0,0
FC(F)(F)c1cnc(N2CCN(CN3C(=O)[C@@]4(NC3=O)C[C@H](C)CC(C)(C)C4)CC2)cc1,,C13073383,98.003845,0,0,0,1,0,1,0,0,0,1
Clc1c(C)c2nccc(NC(=O)c3ccc(S(=O)(=O)N4CCOCC4)cc3)c2cc1,,C40359249,75.883316,0,0,0,1,0,0,0,1,1,0
S(Cc1occc1)c1oc(/C=C/2\C(=O)N=C3SC(c4c(C)cccc4)=NN3C\2=[NH2+])cc1,,C41108152,99.915787,0,0,0,0,0,0,0,0,0,0
Brc1cc(Cl)c(NC(=O)c2oc(S(=O)(=O)N3CCOCC3)cc2)cc1,,C45713883,100,0,0,0,1,1,1,0,1,1,0
Brc1ccc(C2=NC=3N([C@@H](c4ccccc4)C2)NC(=NS(=O)(=O)C)N=3)cc1,,C13123066,45.253075,0,0,0,1,0,1,1,0,1,0
Clc1c(N2C(=O)C[C@H](C(=O)Nc3sc4cc(S(=O)(=O)C)ccc4n3)C2)cccc1,,C14462549,58.973804,0,0,0,1,1,1,1,1,1,0
Fc1c(-c2n3CCCCCc3nn2)cc(NC(=O)c2ccc(CN3C(=O)CCC3)cc2)cc1,,C29906121,99.786301,0,0,0,0,0,1,0,1,0,0
S([C@@H](C)C=1Nc2sc3C[C@H](C)CCc3c2C(=O)N=1)c1oc(Cc2nc(C)sc2)nn1,,C58652255,97.405609,0,0,0,1,0,1,1,0,0,1
S(=O)(=O)(N1C[C@@H](C)C[C@H](C)C1)c1cc(C(=O)Nc2cc(F)c(-n3cncc3)cc2)ccc1,,C59422026,89.983002,0,0,0,0,0,0,0,0,0,0
S(=O)(=O)(N1CCN(c2nc(C)nc3sc4CCCc4c23)CC1)c1c(O)ccc(C)c1,,C59577435,43.036068,0,0,0,0,0,0,0,0,0,0
Fc1ccc(C=2N(CC(=O)Nc3ccc(-c4[nH+]c5n(c4)C=CC=N5)cc3)C(=O)SC=2C)cc1,,C58304912,54.56881,0,0,0,0,0,0,0,0,0,0
Brc1c(NC(=O)CN2C(=O)N3C=Nc4sc(C)c(C)c4C3=N2)ccc(C)c1,,C64945617,90.892395,0,0,0,1,0,1,1,0,0,0
Clc1ccc(N2N=C(C(=O)NCCc3sccc3)S(=O)(=O)c3cccnc23)cc1,,C65183482,99.97731,0,0,0,1,0,1,1,0,0,0
O=C([O-])CC[C@H](C)[C@@H]1[C@@]2(C)C(=O)C[C@@H]3[C@@]4(C)CCC5(OCCO5)C[C@H]4CC(=O)[C@@H]3[C@@H]2CC1,,C03850237,98.943672,0,0,0,1,0,0,0,1,0,0
S=C1N([C@@H](C(=O)[O-])c2ccccc2)C(=O)/C(=C/c2oc(-c3c([N+](=O)[O-])cccc3)cc2)/S1,,C02381911,99.910278,0,0,0,1,0,1,0,0,0,0
Clc1c(CN2C(SCC(=O)N3CCOCC3)=Nc3cc(C(=O)[O-])ccc3C2=O)cccc1,,C13035231,97.182312,0,0,0,1,0,1,0,0,0,1
S(Cc1sc2ccccc2n1)C=1N(C[C@H]2OCCC2)C(=O)c2ccc(C(=O)[O-])cc2N=1,,C13052928,96.854507,0,0,0,1,0,0,0,0,0,1
Brc1c(C=O)cc(OS(=O)(=O)c2c(Cl)cc(Cl)c(C(=O)[O-])c2)c(OC)c1,,C13067410,99.918144,0,0,1,1,0,1,0,0,1,0
Brc1c(S(=O)(=O)N(C)[C@@H](C)c2sc3ccccc3n2)cc(C(=O)[O-])cc1,,C13198904,99.502144,0,0,0,1,0,1,0,0,1,1
S([C@H](C)C(=O)c1c(C)n(c(C)c1)-c1ccccc1)C=1N(C)C(=O)c2ccc(C(=O)[O-])cc2N=1,,C13200527,96.743301,0,0,0,1,0,1,0,0,0,0
Brc1c(CSC=2N(C)C(=O)c3ccc(C(=O)[O-])cc3N=2)cc2OCCOc2c1,,C13200766,96.363159,0,0,0,1,0,0,0,0,0,0
S(CC(=O)N1CCC(C(=O)[O-])CC1)c1c(C#N)c(C(F)(F)F)cc(-c2sccc2)n1,,C13209610,99.135857,0,0,0,1,0,0,0,0,1,0
Clc1cc(CSc2nn3C(C)=C(CCC(=O)[O-])C(C)=Nc3n2)cc2OCCCOc12,,C13210645,85.118225,0,0,0,1,1,1,0,0,1,1
S=C1N(CCC(=O)[O-])C(=O)/C(=C/c2c(-c3c(C)cccc3)nn(-c3ccccc3)c2)/S1,,C13362859,99.453171,0,0,0,1,0,0,0,1,0,0
S(CC(=O)N1CCC(C(=O)[O-])CC1)C=1N(CC)C(=O)c2c(sc3C[C@H](C)CCc23)N=1,,C13417306,98.67263,0,0,0,1,0,0,0,0,0,1
Clc1ccc(-n2c(C)c(C(=O)CN3C(=O)c4c(C)c(C(=O)[O-])sc4N=C3)cc2C)cc1,,C13417638,99.271225,0,0,0,1,0,0,0,0,0,1
Fc1c(C)ccc(-n2c(C)c(C(=O)CN3C(=O)c4c(C)c(C(=O)[O-])sc4N=C3)cc2C)c1,,C13418221,99.271301,0,0,0,1,0,0,0,0,0,1
S=C1N(CC(=O)[O-])C(=O)/C(=C/c2c(-c3cc(F)c(C)cc3)nn(-c3ccccc3)c2)/S1,,C16805334,99.880348,0,0,0,0,0,0,0,1,0,0
S=C1N(c2ccc(OCC)cc2)C(=O)/C(=C/c2c(C)n(c(C)c2)-c2ccc(C)cc2)/C(=O)N1,,C01240107,99.220245,0,0,0,1,0,0,0,0,0,0
Fc1cccc2C[C@@]3(C(=O)N(c4ccccc4)C(=O)NC3=O)[C@H]3N(CCN(c4ccccc4)C3)c12,,C25185204,99.994263,0,0,0,0,0,1,1,0,0,0
Clc1sc(S(=O)(=O)Nc2c(C(=O)N3CCN(c4ccccc4)CC3)cccc2)cc1,,C06190279,66.269386,0,0,0,1,0,1,0,0,1,1
S=C1N(CCC(=O)[O-])C(=O)/C(=C\C2=C(N3C[C@H](C)C[C@H](C)C3)[NH+]=C3N(C2=O)C=C(C)C=C3)/S1,,C26893958,94.025475,0,0,0,1,0,0,0,1,1,0
Clc1ccc(N2C(=O)/C(=C\c3c(C)n(c(C)c3)-c3cc([N+](=O)[O-])ccc3)/C(=O)NC2=S)cc1,,C14257347,99.168442,0,0,0,0,0,1,0,0,0,0
S(=O)(=O)(Nc1ccc(C(=O)C)cc1)c1c(C)n(-c2nnc(-c3ccccc3)cc2)nc1C,,C33307953,53.168037,0,0,1,1,0,1,0,1,0,0
O=C(c1oc(C)cc1)C=1[C@@H](N(c2sc3cc(OCC)ccc3n2)C(=O)C=1[O-])c1oc(C)cc1,,C33552394,99.743362,0,0,0,1,0,1,0,0,0,0
Fc1ccc(N2C(=O)C(C=3C(=O)N(c4ccc(C)cc4)C(=O)C=3N(CC)CC)=C(C)N2)cc1,,C35960803,87.564568,0,0,0,0,0,1,0,0,0,1
Brc1cc([C@@H]2N(c3sc(C)nn3)C(=O)C([O-])=C2C(=O)c2ccc3O[C@@H](C)Cc3c2)ccc1,,C09510461,98.792633,0,0,0,1,0,1,0,0,1,0
Brc1ccc(-c2nc3n(CCc4nnn[n-]4)nc(C)c3c(C(F)(F)F)c2)cc1,,C02638150,84.735977,0,0,0,1,0,1,0,0,0,0
S=C1N(CC(=O)[C-]2C(=O)N(Cc3ccc(C)cc3)C(=O)C(C#N)=C2C)C(=O)/C(=C/c2ccccc2)/S1,,C38624516,99.997925,0,0,0,1,0,0,0,0,0,0
Clc1ccc2N=C(SCC3=CC(=O)N=C4S[C@H](C(=O)[O-])C(C)=C34)N(CC=C)C(=O)c2c1,,C39680384,96.702667,0,0,0,1,0,1,0,0,0,0
Clc1cc(-c2n(CC)c(SCC3=CC(=O)N=C4S[C@@H](C(=O)[O-])C(C)=C34)nn2)ccc1,,C39690063,99.61895,0,0,0,0,0,0,0,0,0,0
S(CC1=NC(=O)C2=C(C)[C@@H](C(=O)[O-])SC2=N1)c1nc(C)nc2sc3CCCCc3c12,,C39691584,99.489929,0,0,0,1,0,1,0,0,0,1
S(CC1=NC(=O)C2=C(C)[C@H](C(=O)[O-])SC2=N1)c1ncnc2sc(-c3ccccc3)cc12,,C39691599,99.752029,0,0,1,0,0,1,0,0,0,0
S(CC1=CC(=O)N=C2S[C@@H](C(=O)[O-])C(C)=C12)c1n(C2CC2)c(N2CCC(C)CC2)nn1,,C39693273,76.836601,0,0,0,0,0,0,0,0,0,0
Brc1c(-c2oc(/C=C/C(=O)C3=C(C)[C@@H](C(=O)[O-])N=C3C)cc2)ccc([N+](=O)[O-])c1,,C39701084,99.746506,0,0,0,1,0,0,0,0,1,0
Brc1ccc(-c2oc(/C=C\3/C(=O)N(CC(=O)[O-])C(=O)c4ccccc/34)cc2)cc1,,C39715270,99.891785,0,0,0,1,0,0,0,0,0,0
O=C(Nc1sc(CC)nn1)/C(=C/c1c(-c2oc3ccccc3c2)nn(-c2ccccc2)c1)/C#N,,C39997955,94.012596,0,0,0,0,0,0,0,0,0,0
O=C1N(c2ccccc2)c2ccccc2C(=O)C1=C(NC=1C(=O)N(N(C)C=1C)c1ccccc1)C,,C01091740,99.969368,0,0,0,0,0,1,0,0,0,0
Clc1c(Cl)ccc(N2C(=O)/C(=C/3\C(=O)N(CC(=O)[O-])c4ccccc\34)/SC2=S)c1,,C33475745,99.84964,0,0,0,0,0,1,0,0,0,0
Brc1ccc2n(CCOc3ccccc3)cc(/C=C\3/C(=O)N(CC)C(=O)NC/3=O)c2c1,,C59087291,99.997093,0,0,0,0,0,1,1,0,1,0
Clc1c(Cl)cccc1N1C(=O)/C(=C\c2c(C)n(C[C@H]3OCCC3)c(C)c2)/C(=O)NC1=S,,C59109224,99.11673,0,0,0,0,0,0,1,0,0,0
S=C1N(c2c(F)cccc2)C(=O)/C(=C/c2c(C)n(c(C)c2)-c2c(C)cc([N+](=O)[O-])cc2)/C(=O)N1,,C59135939,98.990128,0,0,0,0,0,1,0,0,0,0
Brc1c(OCC#N)ccc(/C=C\2/C(=O)N(c3c(F)cccc3)C(=S)NC/2=O)c1,,C59136030,98.36554,0,0,0,0,0,1,0,0,0,0
Brc1c(OCC#C)c(OCC)cc(/C=C\2/C(=O)N(c3c(F)cccc3)C(=S)NC/2=O)c1,,C59136309,98.353416,0,0,0,0,0,1,0,0,0,0
S=C1N(c2ccc(OC)cc2)C(=O)/C(=C/c2c(C)n(c(C)c2)-c2ccc(F)cc2)/C(=O)N1,,C02265717,99.221703,0,0,0,0,0,1,0,0,0,0
Brc1c(N2CCCC2)oc(/C=C/2\C(=O)N(c3cc(C)c(C)cc3)C(=O)NC\2=O)c1,,C59302582,99.992477,0,0,0,0,0,0,0,0,0,0
S=C1N(C)C(=O)/C(=C\c2c(C)n(c(C)c2)-c2ccc(C(=O)[O-])cc2)/C(=O)N1c1ccc(OCC)cc1,,C59594860,99.071724,0,0,0,1,0,1,0,0,0,0
Brc1c(C(OC)=O)cc(S(=O)(=O)Nc2cc([N+](=O)[O-])c(Cl)cc2)cc1,,C59851035,93.749588,0,0,0,1,0,1,0,0,1,0
Clc1cc(Cl)cc(-n2c(C)c(/C=C\3/C(=O)N(Cc4occc4)C(=O)NC/3=O)cc2C)c1,,C13551142,99.995544,0,0,0,0,0,0,0,0,0,0
Fc1ccc(N2C(=O)/C(=C/c3n(CCOc4c(C)cc(C)cc4)ccc3)/C(=O)NC2=O)cc1,,C17197135,99.986549,0,0,0,0,0,1,0,0,0,0
S(=O)(=O)(Nc1cc(C(=O)N(C)Cc2nc(C)c3ccccc3n2)ccc1)c1cc(F)c(C)cc1,,C62625927,95.169273,0,0,0,1,0,1,0,1,1,1
Clc1c(OC)ccc(N2C(=O)/C(=C/c3n(Cc4c(F)cccc4)ccc3)/C(=O)NC2=O)c1,,C13570413,99.986923,0,0,0,0,0,0,1,0,0,0
S(=O)(=O)(Nc1cccc2CCCCc12)c1scc(-c2nc(C(=O)N3CCCC3)on2)c1,,C65097479,96.306847,0,0,0,1,0,1,1,0,0,0
Fc1c(N2CCN(C(=O)c3c(C)c4ccccc4o3)CC2)cc2N(CC)C=C(C(=O)[O-])C(=O)c2c1,,C09550296,98.378685,0,0,0,1,0,0,0,0,0,0
O=C([O-])C/C(=C\c1c(C)n([C@H]2CS(=O)(=O)CC2)nc1C)/c1sc2ccccc2n1,,C09593597,99.336868,0,0,0,1,0,1,0,1,0,1
S=C1N(CCC(=O)[O-])C(=O)/C(=C/c2nc(N(C(=O)C)c3ccccc3)sc2)/S1,,C12755883,99.470093,0,0,0,1,0,1,0,1,0,1
S(=O)(=O)(N(CC(=O)[O-])[C@H]1CS(=O)(=O)CC1)c1c(C)cc(C(C)(C)C)cc1C,,C13030209,99.836678,0,0,1,1,1,1,0,0,1,0
Clc1c(Cl)ccc(CN(C)C(=O)CN2C(=O)c3c(C(=O)[O-])c(C)oc3N=C2)c1,,C13057414,99.396667,0,0,0,1,1,1,0,0,1,1
FC(F)(F)c1cc(N2CCN(C(=O)CN3C(=O)c4c(C(=O)[O-])c(C)oc4N=C3)CC2)ccc1,,C13057529,99.396782,0,0,0,1,0,1,0,0,0,0
S(=O)(=O)(N1CCN(c2c([N+](=O)[O-])cc(C(=O)[O-])cc2)CC1)c1cc(F)c(F)cc1,,C13079460,98.8974,0,0,0,1,0,0,0,0,0,0
S(=O)(=O)(N(C)Cc1c(C)n(-c2ccccc2)nc1C)c1cc(C(=O)[O-])c(C)cc1,,C13089420,99.482117,0,0,1,1,0,1,0,1,1,1
S(=O)(=O)(N(C)[C@H](C)c1ccc(-n2ncnc2)cc1)c1c(C)c(C)cc(C(=O)[O-])c1,,C13199103,97.706696,0,0,0,1,0,0,0,0,1,1
S(CC=1N=C2SC=CN2C(=O)C=1)C=1N(CC)C(=O)c2ccc(C(=O)[O-])cc2N=1,,C13201597,95.557884,0,0,0,1,0,0,0,0,0,0
S(CC(=O)N1CCc2ccccc2C1)c1nn2C(C)=C(CCC(=O)[O-])C(C)=Nc2n1,,C13209755,88.471855,0,0,0,1,1,1,0,0,1,1
Fc1c(N2CCN(C(=O)c3sc(C)c(CC)c3)CC2)cc2N(CC)C=C(C(=O)[O-])C(=O)c2c1,,C13258514,98.378487,0,0,0,1,0,0,0,0,0,0
S(=O)(=O)(N1CCN(C(=O)/C=C/c2ccc(C(=O)[O-])cc2)CC1)c1c(F)cccc1,,C13409007,99.2435,0,0,0,1,0,0,0,0,0,0
FC(F)(F)c1nc(N2CCN(C(=O)c3n(C)ncc3C(=O)[O-])CC2)nc(C2CC2)c1,,C13645051,98.752029,0,0,0,1,0,1,0,0,0,0
Brc1ccc(N2/C(=N/C(=O)CCCC(=O)[O-])/S[C@@H]3CS(=O)(=O)C[C@@H]23)cc1,,C16741137,97.060989,0,0,1,1,0,0,0,1,1,0
Fc1c(/C=C\2/C(=O)N(CC(=O)N(C)c3c(C(=O)[O-])cccc3)C(=O)S/2)cccc1,,C16920245,99.13559,0,0,0,1,0,1,0,0,1,1
Clc1c(C(=O)[O-])ccc(-c2oc(/C=C\3/C(=O)N(CC(=O)N4CCOCC4)C(=O)S/3)cc2)c1,,C17167198,99.840805,0,0,0,1,0,1,0,0,0,0
O=[N+]([O-])c1ccc([C@H]2N(c3sc(C)nn3)C(=O)C([O-])=C2C(=O)c2ccccc2)cc1,,C08926638,98.942963,0,0,0,1,0,1,0,0,0,0
Brc1cc(/C=C\2/C(=O)N(c3cc([N+](=O)[O-])ccc3)C(=O)NC/2=O)ccc1,,C15836160,99.968353,0,0,0,0,0,0,1,0,0,0
S=C1N(CC)C(=O)/C(=C\c2c(C)n(c(C)c2)-c2c(C)cc([N+](=O)[O-])cc2)/C(=O)N1,,C20228280,99.616325,0,0,0,1,0,1,1,0,0,0
S=C1N(Cc2occc2)C(=O)/C(=C\c2c(C)n(c(C)c2)-c2cc([N+](=O)[O-])ccc2)/C(=O)N1,,C22496967,99.520874,0,0,0,0,0,1,0,0,0,0
Clc1c(CN2C(=O)N(CC(=O)N3CCOCC3)c3sc(C(=O)[O-])c(C)c3C2=O)cccc1,,C34778901,99.046669,0,0,0,1,0,0,0,0,1,1
Fc1c(N2C(=O)C(N(C)Cc3ccccc3)=C(C2=O)C=2C(=O)N(C)NC=2C)cccc1,,C35621366,95.252739,0,0,0,1,0,0,0,0,0,1
O([C@@H](C)C(=O)Nc1ncnc2[nH]cnc12)C(=O)/C=C/c1ccc2cc(OC)ccc2c1,,C39462557,94.420143,0,0,0,1,0,0,1,1,1,0
S(CC1=NC(=O)C2=C(C(=O)[O-])[C@@H](C)OC2=N1)c1n(CC(C)C)c2ccccc2n1,,C39680254,72.451248,0,0,0,1,0,1,0,0,0,0
S(CC1=NC(=O)C2=C(C)[C@H](C(=O)[O-])SC2=N1)c1n(CC)c(-c2ccccc2)nn1,,C39680315,99.662636,0,0,1,1,0,1,0,0,0,0
S(CC1=NC(=O)C2=C(C(=O)[O-])[C@H](C)OC2=N1)C=1N(CC=C)C(=O)c2ccccc2N=1,,C39691448,96.869553,0,0,0,1,0,1,0,0,0,1
S(CC1=CC(=O)N=C2S[C@@H](C(=O)[O-])C(C)=C12)c1n(C)c([C@H]2Oc3ccccc3OC2)nn1,,C39691858,99.650726,0,0,0,1,0,1,0,0,1,0
S(CC1=NC(=O)C2=C(C)[C@H](C(=O)[O-])SC2=N1)c1oc(-c2c(F)cccc2)nn1,,C39692042,99.777016,0,0,1,1,0,1,0,0,0,0
Clc1c(C)ccc(-n2c(SCC3=NC(=O)C4=C(C(=O)[O-])[C@H](C)OC4=N3)nnc2)c1,,C39692521,99.632713,0,0,0,1,1,1,0,0,0,0
Brc1cc(-c2oc(SCC3=NC(=O)C4=C(C(=O)[O-])[C@@H](C)OC4=N3)nn2)ccc1,,C39692643,99.867416,0,0,0,1,0,1,0,0,0,0
Clc1ccc(-c2c(COC)nn3c2N=CC=2C(=O)N([C@H](C)C(=O)[O-])C=CC3=2)cc1,,C40397819,99.613503,0,0,0,0,0,1,0,1,0,0
S(=O)(=O)(N=C1Sc2n(N1)cc(-c1ccccc1)n2)c1ccc2OCCOc2c1,,C41105478,91.257919,0,0,0,1,0,0,1,0,0,0
Brc1cc([C@@H]2N(CCOC)C(=O)C([O-])=C2C(=O)c2c(C)n(C)nc2C)ccc1,,C41539353,97.776611,0,0,0,1,0,1,0,0,0,0
Fc1c(N2C(=O)C[C@@H](C(=O)Nc3sc(COc4ccccc4)nn3)C2)cccc1,,C49550770,98.912735,0,0,0,1,0,1,1,1,1,0
Brc1c([O-])c(/C=N/N2C(=O)[C@@H]3[C@@H](C2=O)[C@@H]2CC[C@H]3C=C2)cc([N+](=O)[O-])c1,,C15223104,95.501244,0,0,0,0,0,1,0,0,0,0
S=C1N(CC=C)C(=O)[C@@]2(C(=O)N1)Cc1cc([N+](=O)[O-])ccc1N1CCCCC[C@H]21,,C04593553,99.995964,0,0,0,0,0,1,0,0,0,0
S(=O)(=O)(/N=C(\[O-])/c1c(C)n(-c2ncc(C(F)(F)F)cc2)nc1)c1c(C)cccc1,,C59250595,91.516815,0,0,0,1,0,1,0,0,0,0
Brc1c(NC(=O)CN2CCOCC2)c([N+](=O)[O-])cc(Br)c1,,C59416891,96.857414,0,0,0,1,0,1,0,1,0,0
S(c1n(CC=C)c(-c2ccc(F)cc2)nn1)c1[nH]c2N(C)C(=O)N(C)C(=O)c2n1,,C59795731,97.610611,0,0,0,0,0,1,0,0,0,0
O(C)c1c(OCC#N)ccc(/C=C\2/C(=O)N(c3cccc4ccccc34)C(=O)NC/2=O)c1,,C59861130,99.974472,0,0,0,0,0,0,0,0,0,0
S=C1N(c2ccc(F)cc2)C(=O)/C(=C/c2c([O-])n(-c3ccccc3)nc2C)/C(=O)N1,,C02208931,84.142616,0,0,0,0,0,1,0,0,0,1
O(C)C(=O)c1c(-c2oc(/C=C\3/C(=O)N(Cc4occc4)C(=O)NC/3=O)cc2)cccc1,,C13512665,99.990532,0,0,0,0,0,1,0,0,0,0
S(CC(=O)N(C)Cc1cscc1)C=1NC(=O)c2cnn(-c3ccccc3)c2N=1,,C07154241,72.587898,0,0,0,1,1,1,1,0,0,1
O=[N+]([O-])c1ccc([C@H]2C(C(OCC)=O)=C(C)NC=3c4ccccc4S(=O)(=O)C2=3)cc1,,C17529574,78.760429,0,0,0,0,0,0,0,0,0,0
S(=O)(=O)(Nc1c(C)cc(F)cc1)c1scc(-c2nc(C(=O)N3CCOCC3)on2)c1,,C65097576,96.139404,0,0,0,1,0,1,1,0,1,0
Clc1c(NS(=O)(=O)c2ccc3onc(C(=O)N4CCOCC4)c3c2)cccc1,,C65115479,94.67009,0,0,0,1,0,1,1,0,0,0
S(=O)(=O)(Nc1c(F)ccc(F)c1)c1c(C)n(CC)c(C)c1-c1onc(C2CC2)n1,,C65194595,85.785042,0,0,0,1,0,1,0,1,0,0
S(=O)(=O)(Nc1cc(C(F)(F)F)ccc1)c1c(C)oc(-c2c(C(=O)N(C)C)c[nH]n2)c1,,C65259393,59.18763,0,0,0,1,0,1,1,0,1,0
S(=O)(=O)(N=C1C(=C([O-])N2CCN(C=O)CC2)SC=C1)c1ccc(C(C)(C)C)cc1,,C67245653,70.742302,0,0,0,1,0,1,0,0,1,0
Brc1c(S(=O)(=O)N2CCOCC2)cc(C(=O)Nc2c(C(=O)[O-])cccc2)cc1,,C06183641,99.136742,0,0,1,1,0,1,1,1,1,1
Clc1c(S(=O)(=O)N2CCOCC2)cc(NC(=O)CSc2c(C(=O)[O-])cccc2)cc1,,C13189265,99.241539,0,0,1,1,0,1,1,1,1,1
Clc1c(S(=O)(=O)NCCN2C(=O)/C(=C/c3ccc(F)cc3)/SC2=O)cc(C(=O)[O-])cc1,,C13246954,95.915916,0,0,0,1,0,1,1,0,0,0
S(=O)(=O)(N(Cc1ccccc1)CC=1Nc2ccsc2C(=O)N=1)c1cc(C(=O)[O-])c(F)cc1,,C13249570,97.554863,0,1,0,1,1,1,0,0,1,1
S(CC(=O)c1ccc2OCC(=O)Nc2c1)C=1N(CC(C)C)C(=O)c2ccc(C(=O)[O-])cc2N=1,,C13280271,96.828041,0,0,0,1,0,0,0,0,0,1
S(=O)(=O)(Oc1c([N+](=O)[O-])cc(S(=O)(=O)N2CCOCC2)cc1)c1scc(C(=O)[O-])c1,,C13307501,99.438858,0,0,0,1,0,1,0,1,1,0
Clc1cc(/C=C/C(=O)N2CCN(S(=O)(=O)c3scc(C(=O)[O-])c3)CC2)cc2OCCOc12,,C13400833,99.372253,0,0,0,1,0,1,0,0,0,0
S(CC(=O)N1[C@@H](c2occc2)CC(c2sccc2)=N1)C=1N(CC(=O)[O-])C(=O)c2ccccc2N=1,,C13404794,97.344109,0,0,1,1,0,1,0,0,0,1
Clc1c(C(=O)Nc2c(C(=O)[O-])cc3OCCOc3c2)cc(S(=O)(=O)N(CC)CC)cc1,,C13430225,99.050713,0,0,0,1,0,1,0,1,1,1
S(=O)(=O)(NC)c1ccc(-c2oc(/C=C/3\C(=O)N(CC(=O)[O-])C(=O)c4ccccc\34)cc2)cc1,,C13458168,96.00824,0,0,0,1,0,1,0,1,0,0
Ic1cc(C(=O)[O-])c(NC(=O)CN2C(=O)N(c3c(Cl)cccc3)N=N2)cc1,,C13462573,81.521713,0,1,1,1,1,1,1,0,1,1
Ic1cc(C(=O)[O-])c(NC(=O)CN2C(=O)N(c3sccc3)N=N2)cc1,,C13462788,81.288963,0,1,1,1,1,1,1,0,1,1
Brc1c(C(=O)N[C@@H]2C(=O)N3C(C(=O)[O-])=C(C)CS[C@H]23)n(C)nc1C(F)(F)F,,C02785569,99.825378,0,0,0,1,0,1,0,0,0,0
S=C1N(CC(=O)[O-])C(=O)/C(=C\2/C(=O)N(CC(=O)Nc3cc(C)ccc3)c3ccccc/23)/S1,,C15227189,99.899055,0,0,0,1,0,0,0,1,0,0
S=C1N(CC(=O)[O-])C(=O)/C(=C/C2=C(N3CCN(C(OCC)=O)CC3)[NH+]=C3N(C2=O)C=C(C)C=C3)/S1,,C16736084,93.154877,0,0,0,1,0,0,0,1,0,0
Clc1c([N+](=O)[O-])cc([C@H](C2C(=O)N(C)C(=S)N(C)C2=O)C=2C(=O)N(C)C(=S)N(C)C=2[O-])cc1,,C19814443,99.693565,0,0,0,1,0,1,0,0,0,0
O=[N+]([O-])c1ccc([C@@H]2N(CC[NH+]3CCOCC3)C(=O)C([O-])=C2C(=O)c2c(C)[nH+]c3C(C)=CC=Cn23)cc1,,C09123715,75.558983,0,0,0,1,0,0,0,0,0,0
S(=O)(=O)(N=C1NOC(C)=C1)c1c(C)n(C)c(-c2sc(C(=O)N3CCOCC3)c(C)n2)c1,,C21708003,93.214325,0,0,0,1,1,1,0,0,0,0
Clc1c(C(=O)N(C)Cc2oc(C)cc2)cc(S(=O)(=O)Nc2ccc(S(=O)(=O)C)cc2)cc1,,C24178003,94.084175,0,0,0,1,0,0,0,1,0,0
S(C)c1cc(N2C(=O)C[C@@H](C(=O)Nc3sc(-c4n(CC=C)c([S-])[nH+]n4)c(C)n3)C2)ccc1,,C25575717,98.435593,0,0,0,1,0,1,1,0,1,0
Clc1c(CS(=O)(=O)Nc2ccc(S(=O)(=O)N=C3NC(C)=CC=N3)cc2)c(F)ccc1,,C30867995,65.415421,0,0,0,1,0,1,1,0,0,0
S(=O)(=O)(Nc1cc(S(=O)(=O)/N=C\2/NCCCCC/2)ccc1)c1c(S(=O)(=O)C)cccc1,,C32906695,92.611206,0,0,1,1,1,1,0,1,0,1
S(=O)(=O)(Nc1ccc2[nH+]c(N3CCN(c4ccc(C(=O)C)cc4)CC3)cc(C(=O)[O-])c2c1)C,,C32985189,74.604103,0,0,0,1,0,1,1,1,0,0
O=[N+]([O-])c1ccc([C@H]2N(c3sc(C)nn3)C(=O)C([O-])=C2C(=O)c2c(C)[nH+]c3n2C=CC=C3)cc1,,C33813960,99.644157,0,0,0,1,1,1,0,0,0,0
S(=O)(=O)(Cc1c(C(O)OCC)c(c(C#N)c(C)n1)-c1cc([N+](=O)[O-])ccc1)c1ccccc1,,C34802472,99.322273,0,0,0,1,0,1,0,0,0,1
Oc1ccc([C@@H]2N(c3sc(C(OC)=O)c(C)n3)C(=O)C([O-])=C2C(=O)c2c(C)nc(C)s2)cc1,,C35565756,97.770401,0,0,0,1,1,0,0,0,0,1
O(C)C(=O)c1c(C)nc(N2[C@@H](/C=C/c3ccccc3)C(C(=O)c3c(C)nc(C)s3)=C([O-])C2=O)s1,,C33939675,99.450623,0,0,0,1,1,0,0,0,0,1
Brc1ccc2c([C@@H](C(=O)[O-])[NH+]3CCN(Cc4ccncc4)CC3)cn(CC(=O)[O-])c2c1,,C36366796,75.435959,0,0,0,1,1,0,1,0,0,0
S(CC=1n2ncc(C#N)c2NC(=O)C=1)C=1N(C[C@@H]2OCCC2)c2nc(C)cc(C(OC)=O)c2C(=O)N=1,,C36615173,99.661476,0,0,0,1,0,1,0,1,0,0
S(=O)(=O)(N=C1NC(C)=CC=N1)c1ccc(NC(=O)C=2Oc3c(C)cc(C)cc3C(=O)C=2)cc1,,C02356763,67.827133,0,0,0,1,1,1,0,0,1,0
S=C1N(CCC(=O)[C-]2C(=O)N(Cc3occc3)C(=O)C(C#N)=C2C)C(=O)/C(=C/c2ccc(C)cc2)/S1,,C38619496,99.997963,0,0,0,1,0,1,0,0,0,0
S(=O)(=O)(N=C1NC(C)=CC(C)=N1)c1ccc(NC(=O)C=2Oc3c(C)cccc3C(=O)C=2)cc1,,C38643858,99.577065,0,0,0,1,1,1,0,0,0,0
S(=O)(=O)([N-]c1sc2cc(C)ccc2n1)c1ccc(N2C(=O)C=3C=Nc4n(ncn4)C=3C=C2)cc1,,C38784106,69.150063,0,0,0,1,0,1,0,0,0,0
[S-]c1n(CC=C)c(CC2=N[C@@H](NC(=O)c3ccc(-n4cnc5ccccc45)cc3)SC2)n[nH+]1,,C38798786,86.782753,0,0,0,1,0,1,0,1,0,0
S(CC=1Nc2sc(C(=O)[O-])c(C)c2C(=O)N=1)C=1N(CCC)C(=O)[C@H]2[C@@H](SC=3CCCC2=3)N=1,,C39691538,56.66684,0,0,0,1,0,0,0,1,0,1
S(CC=1Nc2oc(C)c(C(=O)[O-])c2C(=O)N=1)[C@@H]1N(CC)C(=O)C=2C(S[C@@H]3C[C@H](C)CCC=23)=N1,,C39691758,52.013412,0,0,0,1,0,1,0,1,1,1
S(CC1=CC(=O)N=C2S[C@H](C(=O)[O-])C(C)=C12)c1n(CC=C)c([C@H]2Oc3ccccc3OC2)nn1,,C39691805,99.653717,0,0,0,1,0,1,0,0,0,0
S(CC=1Nc2cc(C(=O)[O-])ccc2C(=O)N=1)[C@@H]1N(C)C(=O)C2=C(c3ccccc3)CSC2=N1,,C39722460,75.119843,0,0,0,1,0,1,0,0,0,0
S(CC=1Nc2sc(C(=O)[O-])c(C)c2C(=O)N=1)C=1N(CC=C)C(=O)[C@H]2[C@@H](SC=3CCCC2=3)N=1,,C39722681,57.79715,0,0,0,1,0,0,0,1,0,1
S(CC=1Nc2sc(C(=O)[O-])c(C)c2C(=O)N=1)C=1N(CC)C(=O)[C@@H]2C=C(CC)S[C@@H]2N=1,,C39724253,56.440701,0,0,0,1,0,0,0,1,0,1
S(=O)(=O)(Nc1sccn1)c1ccc(NC(=O)[C@]2(C)C(=O)N(C)c3cc(C)ccc3O2)cc1,,C40797861,57.570232,0,0,0,1,0,1,1,0,1,0
Brc1c(OCC(=O)Nc2ccc(S(=O)(=O)N=C3N=C(C)NC(C)=C3)cc2)cccc1,,C40852026,93.999283,0,0,0,1,0,1,1,0,0,0
S(CC=1Nc2oc(C)c(C(=O)[O-])c2C(=O)N=1)C=1N(C(C)C)C(=O)c2c(sc3CCCc23)N=1,,C13393499,49.658276,0,0,0,0,0,1,0,1,1,0
O=C([O-])c1cc(-c2oc(/C=C/3\C(=O)N=C4SC(COc5c(C)cccc5)=NN4C\3=[NH2+])cc2)ccc1,,C30802262,99.274254,0,0,0,1,0,0,0,0,0,0
Fc1ccc(N2C(=O)/C(=C/c3c(C)n(c(C)c3)-c3c(OC)ccc([N+](=O)[O-])c3)/C(=O)NC2=O)cc1,,C59135300,99.989815,0,0,0,1,0,1,0,0,0,0
O=[N+]([O-])c1ccc2N(CC(OC)OC)C[C@]3(C(=O)N(c4c(C)cc(C)cc4)C(=O)NC3=O)Cc2c1,,C09488034,99.994377,0,0,0,1,0,1,0,0,0,1
Clc1ccc(N2C(=O)[C@]3(C(=O)NC2=O)CN(CC(OC)OC)c2ccc([N+](=O)[O-])cc2C3)cc1,,C09451213,99.994286,0,0,0,1,0,1,0,1,0,0
O=[N+]([O-])c1ccc2N(CC(OC)OC)C[C@]3(C(=O)N(c4cc(C)cc(C)c4)C(=O)NC3=O)Cc2c1,,C09216099,99.994354,0,0,0,1,0,0,0,0,0,0
O=[N+]([O-])c1ccc2N3C[C@@H](C)O[C@@H](C)[C@@H]3[C@@]3(C(=O)N(c4ccc(CC)cc4)C(=O)NC3=O)Cc2c1,,C09186995,99.99408,0,0,0,0,0,0,0,0,0,0
[S-]c1n(CC=C)c(CC2=N[C@H](NC(=O)[C@H]3CN(c4ccc5CCCc5c4)C(=O)C3)SC2)n[nH+]1,,C64066451,87.123825,0,0,0,1,0,1,1,1,1,1
S([C@@H](C)C=1Nc2ccccc2C(=O)N=1)c1nc(C)nc2N(CC(C)C)C(=O)N(C)C(=O)c12,,C08750796,79.097237,0,0,0,1,0,1,0,0,0,1
O=C(CN1C(=O)[C@@](C)(CC)NC1=O)c1c(C)n(c(C)c1)C=1C(=O)N(N(C)C=1C)c1ccccc1,,C08850468,99.997231,0,0,0,0,0,0,0,0,0,1
Clc1c(Cl)ccc(NC(=O)CSc2nc(COC)nc3N(C)C(=O)N(C)C(=O)c23)c1,,C08893587,99.908455,0,0,0,1,0,1,0,1,1,1
Clc1ccc(NC(=O)CN2C(=O)COc3ccc(S(=O)(=O)N4CCOCC4)cc23)cc1,,C09430367,100,0,0,0,1,0,1,0,1,0,1
S(CC(=O)Nc1n(C[C@H]2OCCC2)c(C)c(C)c1C#N)c1n2C(C)=CC(C)=Nc2nn1,,C09516391,99.949005,0,0,0,1,0,1,1,0,1,0
O=C(NN1C(=O)c2cnn(-c3cc(C)c(C)cc3)c2N=C1)[C@H]1CN(c2ccccc2)C(=O)C1,,C09563101,99.941895,0,0,0,1,0,0,1,0,0,0
O=C(Nc1cc(-c2n3CCCCCc3nn2)ccc1)CN(C)C1=NS(=O)(=O)c2ccccc12,,C09711990,99.693542,0,1,0,1,1,1,1,1,1,1
Clc1cc(NC(=O)c2c(C)ccc(S(=O)(=O)N3CCOCC3)c2)c(-n2ncnc2)cc1,,C09782064,98.090599,0,0,1,1,0,1,0,1,0,1
S(=O)(=O)(C)N1CCCc2cc(C(=O)CN3C(=O)[C@]4(NC3=O)CCOc3ccccc43)ccc12,,C09876649,99.999405,0,0,0,1,0,0,0,1,0,1
S(CC(=O)Nc1sc2cc(C)ccc2n1)c1c(COC)cnc2N(C)C(=O)N(C)C(=O)c12,,C11024041,99.696175,0,0,0,1,1,1,1,1,1,1
Brc1c(NC(=O)COC(=O)c2nccnc2)c(Br)cc([N+](=O)[O-])c1,,C11478664,99.999634,0,0,0,1,1,1,1,0,1,0
O(C)C(=O)c1cc(C)nc2N(c3ccccc3)C(=O)N(CC(=O)Nc3c(C)cccc3)C(=O)c12,,C12463116,99.939659,0,0,0,0,0,0,0,1,0,0
Brc1ccc(OCCN2C(=O)[C@@](C)(c3cc(-n4nnnc4)ccc3)NC2=O)cc1,,C12619042,99.999641,0,0,0,1,0,1,1,0,1,0
O=C(CN1C(=O)[C@@](C)(c2occc2)NC1=O)c1c(C)n(C[C@H]2Oc3ccccc3OC2)c(C)c1,,C12753703,99.999062,0,0,0,1,0,0,1,0,0,1
S(CC(=O)c1c(C)c(C(=O)C)c(C)[nH]1)c1nc(C(C)(C)C)nc2N(C)C(=O)N(C)C(=O)c12,,C13146412,99.327911,0,0,0,1,0,1,0,0,0,1
O=C(Nc1c(C)n(-c2ccccc2)nc1C)CN1C[C@H](C(=O)N2CCOCC2)Oc2ccccc12,,C09717154,99.967964,0,1,0,1,0,1,0,1,0,0
S(=O)(=O)(Nc1ccc2OCCOc2c1)c1ccc(N2S(=O)(=O)CC(C)(C)C2=O)cc1,,C13734946,97.915016,0,0,1,1,0,1,0,1,1,1
S(=O)(=O)(N(C)C)c1ccc2nnn(O[C@@H](C)C(=O)Nc3c(F)c(F)c(F)cc3)c2c1,,C14352070,99.993294,0,0,0,1,0,1,0,1,0,0
S(=O)(=O)(C)c1ccc2nc(NC(=O)c3cc(-c4occc4)nc4n(C)nc(C)c34)sc2c1,,C14898401,99.956596,0,0,0,1,1,1,1,1,0,0
Clc1sc(S(=O)(=O)N2CCN(C(=O)c3cc([N+](=O)[O-])c(NC4CC4)cc3)CC2)cc1,,C17906934,99.993645,0,0,0,1,0,0,0,0,0,0
S(C[C@@H](C)Cn1c(N2C[C@H](C)C[C@H](C)C2)[nH+]c2N(C)C(=O)NC(=O)c12)c1sc(C)nn1,,C17971216,99.001839,0,0,0,1,0,1,1,1,0,0
Clc1c(NC(=O)CN(C)C(=O)CN2C(=O)c3cnn(-c4ccccc4)c3N=C2)cccc1,,C18275471,99.964363,0,0,0,1,0,1,1,0,0,1
S([C@@H](C)C(=O)Nc1c(C)n(C)nc1C)c1n(c(N2CCOCC2)nn1)-c1ccc(C)cc1,,C19357643,90.093201,0,0,0,0,0,0,0,0,0,1
S(=O)(=O)(CCC)N1CCC(C=2NC(=O)c3nnn(Cc4c(C)ccc(C)c4)c3N=2)CC1,,C19525176,84.926872,0,0,0,1,0,1,0,1,0,0
Clc1c(C[NH+]2CCn3c([C@@H](NC(=O)c4cocc4)C(C)C)nnc3CC2)cc2OCOc2c1,,C19744352,65.035141,0,0,0,1,0,1,0,1,0,1
Clc1c(C[NH+]2CCn3c([C@H](NS(=O)(=O)C)C(C)C)nnc3CC2)cc2OCOc2c1,,C20110130,62.821507,0,1,0,1,0,1,1,1,1,1
FC(F)n1c(-c2c(C)nc(NC(=O)CN3C(=O)N(CC)C(=O)c4ccccc34)s2)[nH+]cc1,,C25163348,95.593056,0,0,1,0,0,1,0,1,0,0
S(=O)(=O)(Nc1ccc(C(=O)[C@@H](Sc2n-3c(N(C)C(=O)c4ccccc-34)nn2)C)cc1)C,,C27816408,67.667068,0,0,0,1,0,0,0,0,0,0
S(=O)(=O)(N1CCOCC1)c1cc(NC(=O)C23CC4(n5ncnc5)C[C@H](C2)C[C@H](C3)C4)ccc1,,C12649486,93.347137,0,0,1,1,0,1,1,1,0,1
S(=O)(=O)(N1CCN(C(=O)N[C@H](C)c2ccc(-n3ncnc3)cc2)CC1)c1c(F)ccc(F)c1,,C32863115,98.162025,0,0,0,1,0,0,0,0,1,0
Fc1c(C)ccc(NC(=O)Cn2c3ccc(F)cc3c3N=CN(Cc4onc(C)n4)C(=O)c23)c1,,C33281313,99.302612,0,0,0,1,0,1,0,1,0,0
O=[N+]([O-])c1cc(C(=O)N(C)CC=2Nc3ccsc3C(=O)N=2)c(N2CCC(C)CC2)cc1,,C22321807,97.565315,0,0,0,0,0,1,0,0,0,0
S(CC(=O)NCc1occc1)c1nc(-c2ccc(C)cc2)nc2N(C)C(=O)N(C)C(=O)c12,,C08598825,99.777283,0,0,0,1,0,1,1,0,0,0
Brc1oc(-c2oc(NC(=O)c3ccc(S(=O)(=O)N(C)C)cc3)nn2)cc1,,C38933909,99.995796,0,0,0,1,0,0,0,1,0,0
S([C@@H](C)C(=O)Nc1cc(C#N)ccc1)c1nc(C(C)(C)C)nc2N(C)C(=O)N(C)C(=O)c12,,C36688589,99.324776,0,0,0,1,0,1,0,0,0,1
FC(F)(F)c1ccc(NC(=O)CONc2c(C(C)C)c[nH+]c3N(C)C(=O)N(C)C(=O)c23)cc1,,C39728795,69.752953,0,0,0,1,0,1,1,0,0,0
O([C@@H](C)C1=NC(=O)C2=C(C)[C@H](C)SC2=N1)C(=O)CN1C(=O)c2oc3ccccc3c2NC1,,C39785365,57.097744,0,0,0,1,0,1,0,0,0,0
S([C@H](C)C(=O)N1CC(=O)Nc2ccccc12)c1n(CC(C)C)c(N2CCOCC2)nn1,,C21621368,81.500725,0,0,0,1,0,0,0,0,0,0
S(=O)(=O)(CC(=O)N[C@@H](C)c1ccc2OCCOc2c1)c1n2C=C(C(F)(F)F)C=Cc2nn1,,C40152225,99.951988,0,0,1,1,1,1,0,1,1,1
S(=O)(=O)(N1CCOCC1)c1c(C)oc(-c2oc(N[C@@H](C)c3ccccc3)c(C#N)n2)c1,,C40287891,99.916298,0,0,0,1,0,0,0,1,0,0
Fc1c(N2CCC(C(=O)N3CCN(CC(=O)NC(C)C)CC3)CC2)ccc(-c2nc(C)on2)c1,,C40900958,94.993591,0,0,0,0,0,1,0,0,0,0
Fc1ccc(-c2scc(CCNC(=O)Cn3cnc4N(C)C(=O)N(C)C(=O)c34)n2)cc1,,C49504743,83.859093,0,0,0,1,1,1,1,0,0,0
Brc1ccc(NC(=O)CN2CCN(c3ncnc4n(CC)nnc34)CC2)cc1,,C13534102,92.195274,0,0,0,1,0,1,0,0,0,0
O=C(Nc1nocc1)c1cc(-c2ccc(C)cc2)nc2n([C@@H]3CS(=O)(=O)CC3)nc(C)c12,,C57293711,99.89743,0,0,0,1,1,1,1,0,0,0
Clc1c(-n2c(/C=C/3\C(=O)N=C4SC(C(C)C)=NN4C\3=[NH2+])ccc2)ccc([N+](=O)[O-])c1,,C41083201,99.948318,0,0,0,1,0,1,0,0,0,0
O=[N+]([O-])c1c(-c2sc(C[NH+]3CCN(CC(=O)N4CC(=O)NCC4)CC3)cc2)cccc1,,C59038934,96.66777,0,0,0,1,0,1,0,1,1,1
Brc1cc(C)c(NC(=O)CN(S(=O)(=O)c2cc(-n3nnnc3)ccc2)C)cc1,,C60062049,100,0,1,1,1,0,1,1,0,1,1
Brc1ccc(Cn2nc(NC(=O)CN3C(=O)c4ccccc4N=N3)nc2)cc1,,C60243479,83.287872,0,0,0,1,0,1,1,0,1,0
Clc1c(S(=O)(=O)N2CCOCC2)cc(C(=O)N[C@H](C(C)C)c2n3C=CC=Cc3nn2)cc1,,C62613565,99.032883,0,0,1,1,0,1,1,1,0,1
S(C)c1cc(NC(=O)CN2C(=O)N3c4ccsc4C(=O)N(Cc4occc4)C3=N2)ccc1,,C65305528,92.672783,0,0,0,1,0,1,0,0,0,1
O(CC)C(=O)CCC=1C(=O)Oc2c(C)c(O[C@@H](C)C(=O)c3ccccc3)ccc2C=1C,,C02137467,100,0,0,0,0,0,1,0,0,0,0
S(CC(=O)N(CC=C)CC=C)c1n(c(-c2cnccc2)nn1)-c1c(C)cc(C)cc1,,C04835094,99.655815,0,0,0,0,0,1,0,0,1,1
O(Cc1sc2ccccc2n1)C(=O)CCC=1C(=O)N(CCCC)c2ccccc2N=1,,C05334977,99.998108,0,0,0,1,1,1,0,0,1,1
[S-]c1n(/N=C/c2c(OCc3ccc(F)cc3)c(OC)ccc2)c(CCCC)n[nH+]1,,C05486320,99.176186,0,0,0,1,0,1,0,0,0,1
Clc1ccc(CSc2n(/N=C/c3c(OCCC)c(OC)ccc3)cnn2)cc1,,C02610716,99.911819,0,0,0,1,0,1,0,0,0,0
Clc1ccc2OC(c3ccc(C)cc3)=C(OCC(OCCOCC)=O)C(=O)c2c1,,C05606426,100,0,0,0,1,0,1,0,1,1,1
Clc1c(S(=O)(=O)N(CC)CC)cc(C(OCC(=O)c2cc(F)c(F)cc2)=O)cc1,,C03392247,100,0,0,1,1,1,1,0,0,0,0
S(CC(OCC(=O)c1c(C)cc(C)c(C)c1)=O)c1n(CC)c(-c2sccc2)nn1,,C09399100,99.89006,0,1,0,1,0,1,0,0,1,1
S(CC(OCC(=O)c1c(C)ccc(C)c1)=O)c1n(CC)c(-c2sccc2)nn1,,C09399163,99.89006,0,1,0,1,1,1,0,0,1,1
S(CCOc1ccc(C#N)cc1)c1sc(SCCOc2ccc(C#N)cc2)nn1,,C10798665,99.996452,0,0,0,1,0,1,0,0,0,0
O=C(N(C)Cc1n(CCCCOc2c(C)cc(C)cc2)c2ccccc2n1)c1occc1,,C11692532,79.96093,0,0,0,1,0,1,0,0,0,1
Fc1c(-c2oc(CCC(OCC(=O)N(C(C)C)c3ccccc3)=O)nc2)cccc1,,C12272746,100,0,0,0,1,1,1,0,0,0,0
S(CC(=O)N(CC)Cc1cc(F)ccc1)c1n(CCOC)c(-c2cc(C)ccc2)nn1,,C12807457,99.906097,0,0,0,1,1,1,0,0,0,1
S(Cc1ccc(C(F)(F)F)cc1)c1n(CC)c(-c2c(OCC)nn(CC)c2)nn1,,C12874369,99.020325,0,0,0,0,0,0,0,0,0,0
O=C(N(CCCn1cncc1)c1sc2cc(CC)ccc2n1)COc1ccccc1,,C07424686,79.446304,0,0,0,1,0,1,0,0,0,1
S(CC(=O)N(CC)CC)c1n(c(-c2ccc(C)cc2)nn1)-c1ccc(OCC)cc1,,C02442514,99.955818,0,0,0,0,0,1,0,0,0,0
Clc1c(C)c(-n2c(SCC(=O)N(CC=C)CC=C)nnc2-c2ccncc2)ccc1,,C09968285,97.705627,0,0,0,1,0,1,0,0,1,1
O=C(N(CCCn1cncc1)c1sc2cc(OCC)ccc2n1)Cc1c(C)cc(C)cc1,,C10583324,79.418037,0,0,0,1,0,1,0,0,1,1
Clc1ccc(-n2cc(-c3ccccc3)c3c(N(CCOC)CCOC)ncnc23)cc1,,C09531080,72.813347,0,0,0,1,0,1,0,0,0,0
FC(F)(F)c1c(-c2ccnc3n([C@@H](CC)CCOC)c(CC)nc23)ccc(OC)n1,,C13487162,90.389946,0,0,0,0,0,0,0,0,0,1
Clc1c(Cn2nc(c(CN(S(=O)(=O)N(CC)CC)C)c2)-c2ccccc2)cccc1,,C14085787,99.998398,0,0,0,1,0,1,0,1,0,1
S([C@@H](C)C(=O)N(CCC#N)c1ccccc1)c1n(CCC)c(-c2cc(C)ccc2)nn1,,C21691917,99.886734,0,0,0,1,0,0,0,0,1,1
Clc1ccc(N(S(=O)(=O)c2cc(C(O[C@@H](C)C(=O)C)=O)ccc2)CC=C)cc1,,C22143863,100,0,0,0,1,0,1,0,0,1,0
S(Cc1c(C)onc1C)c1c(C(O[C@H](C)C(=O)c2ccc(CC)cc2)=O)cccn1,,C24091221,99.870491,0,0,0,1,0,1,0,1,0,0
O(CC1=CC(=O)Oc2cc(C)c(C(C)C)cc12)C(=O)CCOc1ccc(C(=O)C)cc1,,C24202183,100,0,0,0,1,1,1,0,0,0,0
Fc1c(N(C(=O)C)c2scc(COC(=O)CCOc3c(C)cccc3)n2)cccc1,,C24852263,100,0,1,0,1,1,1,0,0,1,1
S(CC(=O)c1ccc(OC)cc1)c1n(C)c(-c2ccc(N(CC)CC)cc2)nn1,,C25017268,99.636139,0,0,0,0,0,0,0,0,0,0
O(C)C[C@H](C)n1c(C)c(C(=O)COc2ccc3C(CCC)=CC(=O)Oc3c2)cc1C,,C25319884,100,0,0,0,1,0,1,0,0,1,0
Clc1ccc(S(=O)(=O)N(CCC(C)C)Cc2ccc(OS(=O)(=O)C)cc2)cc1,,C33687967,100,0,0,0,1,0,0,0,0,1,0
Clc1cc(N2C(=O)CN(C(=O)CN(CCC)C(=O)C[C@@H](C)CC(C)(C)C)C2)ccc1,,C34747035,100,0,0,0,1,1,1,0,0,1,1
S(CC(=O)N(CCC)CCC)c1c(C(OCC)=O)c(C)nc(-c2ccccc2)n1,,C34763928,99.946571,0,0,0,1,0,1,0,0,0,0
O=C(N(CC)[C@H](CC)C=1N(c2ccc(OCC)cc2)C(=O)c2ccccc2N=1)CCC,,C35041439,99.023697,0,0,0,0,0,1,0,0,0,1
O=C(N(CCC)[C@H](C)C=1N(c2ccc(OCC)cc2)C(=O)c2ccccc2N=1)CCC,,C35089877,99.024727,0,0,0,0,0,1,0,0,0,1
O(CC)C(=O)c1n(CC)c(C)c(C(=O)CN(CCC(C)C)C(=O)c2sccc2)c1C,,C35645105,100,0,0,0,1,0,1,0,0,0,1
Clc1cc(N2C(=O)CN(C(=O)CN(CC(C)C)C(=O)[C@H](CC)CCCC)C2)ccc1,,C35753626,100,0,0,0,1,0,1,0,0,0,1
O(CC)C(=O)c1n(C)c(C)c(C(=O)[C@H](N(CC=C)C(=O)c2cccc3ccccc23)C)c1C,,C35868679,100,0,0,0,0,0,0,0,0,0,0
O(C)C(=O)c1n(CC)c(C)c(C(=O)CN(CCC)C(=O)c2ccc(C(C)(C)C)cc2)c1C,,C35868875,100,0,0,0,0,1,0,0,0,0,1
Clc1ccc(Oc2n(-c3ccccc3)nc(C)c2CN(CCOC)C(=O)C(C)C)cc1,,C35980119,99.952606,0,0,0,1,1,1,0,0,1,1
Clc1ccc(-c2n(CCOC)c(SCC(=O)N(C(C)C)c3ccccc3)nn2)cc1,,C20787504,99.904068,0,0,0,1,0,1,0,0,0,1
O(C)c1c(OCC(C)C)ccc(/C=C\2/C(=O)N(CCCCC)C(=O)C(C#N)=C/2C)c1,,C38603961,100,0,0,0,1,0,1,0,0,0,1
S(=O)(=O)(N(CC)CC)c1cc(-c2n([C@H](C)CC)c(SCC(C)C)nn2)ccc1,,C11416525,99.874207,0,0,0,1,0,0,0,0,0,0
S(=O)(=O)(N(CC)CC)c1cc(-c2n([C@@H](C)CC)c(SCC(C)C)nn2)ccc1,,C11416526,99.874207,0,0,0,1,0,0,0,0,0,0
Clc1ccc(-c2n(CCOC)c(SCCOc3c(C=O)cccc3)nn2)cc1,,C39758460,99.881462,0,0,0,1,1,1,0,0,0,1
Clc1ccc2C(=O)N(CCCOCC)C(SCCOc3ccc(C#N)cc3)=Nc2c1,,C45336496,97.039536,0,0,0,1,0,1,0,0,0,0
S(CC(=O)N(C(C)C)c1ccccc1)C=1NC(Oc2ccccc2)=C(C)N(CC=C)N=1,,C57401878,97.200615,0,0,0,1,0,1,0,0,0,0
O(CC)C(=O)/C=C\1/N(CC(=O)N(CC)CC)C(=O)/C(=C/c2ccc(C(C)(C)C)cc2)/S/1,,C21314941,100,0,0,0,0,0,0,0,0,0,1
FC(F)n1c(COC(=O)Cc2nc(COc3ccc(C)cc3)sc2)nc2ccccc12,,C25631991,97.229897,0,0,0,1,0,1,0,0,1,1
S(=O)(=O)(N1CCOCC1)c1c(CC)ccc(C(=O)N(CCC(C)C)CCC(C)C)c1,,C58691120,100,0,0,0,1,0,1,0,1,1,0
FC(F)(F)CN(Cc1c([N+](=O)[O-])cccc1)C(=O)CCOc1c(C)c(C)ccc1,,C59253268,100,0,0,0,1,0,1,0,0,0,1
Fc1cc(C(=O)C2=CN(CCCOC)C(=O)C(C#N)=C2)c(OCc2c(C)ccc(C)c2)cc1,,C60386595,100,0,1,1,1,0,1,0,0,0,0
S(=O)(OC)CCOC(=O)c1c(SSc2c(C(OCCS(=O)OC)=O)cccc2)cccc1,,C05812595,100,0,1,0,1,1,1,0,0,0,0
S(CC(OCC)=O)c1nc(SCC(OCC)=O)c2c(sc3CN(C(OCC)=O)CCc23)n1,,C08453261,99.971016,0,0,0,1,0,1,0,0,0,1
O(CC)C(=O)COC(=O)COc1ccc2C(=O)C(c3ccc(OCC(OCC)=O)cc3)=COc2c1,,C08400951,100,0,0,0,1,0,1,0,0,0,1
S(=O)(=O)(N(C(=O)CCCCC)c1ccc2n(S(=O)(=O)CC)c(C)c(C(OCC)=O)c2c1)CC,,C08870568,100,0,0,0,1,0,1,0,1,0,1
Fc1ccc(-n2c(C)c(/C=C/C(OCC(=O)N(CCC#N)c3ccc(OCC)cc3)=O)c(C)n2)cc1,,C09417938,99.979317,0,0,0,1,0,1,0,0,0,0
FC(F)Oc1ccc(-n2c(C)c(C(=O)COC(=O)COc3c(OC)cc(C#N)cc3)cc2C)cc1,,C09378726,100,0,0,0,1,1,1,0,0,0,0
S(CC(=O)CC(OCC)=O)C=1N(CCC=2CCCCC=2)C(=O)c2c(C)c(C(OCC)=O)sc2N=1,,C09473907,99.798775,0,0,0,1,0,1,0,1,0,1
Clc1c(CN2C(SCC(=O)CC(OCC)=O)=Nc3sc(C(OCC)=O)c(C)c3C2=O)cccc1,,C03010558,99.808533,0,0,0,1,0,1,0,1,0,1
Clc1ccc(-c2oc(COC(=O)C3C(C(OCC)=O)=C(C)NC(C)=C3C(OCC)=O)nn2)cc1,,C09633608,99.998787,0,0,0,1,0,1,0,1,0,1
Clc1c(O[C@H]2[C@@H](OC(=O)C)[C@@H](OC(=O)C)[C@@H](OC(=O)C)[C@H](COC(=O)C)O2)ccc(Cl)c1,,C09724722,100,0,0,0,1,0,1,0,0,0,1
S(=O)(=O)(N(CCOC)CCOC)c1ccc(C(=O)/N=C\2/N(CCOC)c3c(C)cccc3S/2)cc1,,C09764906,98.586029,0,0,0,1,0,1,0,0,1,0
S(CC(=O)N(CCOC)Cc1ccccc1)C=1N(CC(C)C)C(=O)c2ccc(C(OC)=O)cc2N=1,,C10438046,98.207474,0,0,0,1,1,1,0,0,0,1
S(C)c1nn2C(C)=C(CC(=O)N(CCCCC)c3sc(C(OCC)=O)c(C)n3)C(C)=Nc2n1,,C11233045,85.489059,0,0,0,1,0,1,0,0,0,1
S(CC(OCc1ccccc1)=O)c1n(Cc2occc2)c(CSc2nc(C)cc(C)n2)nn1,,C00907008,99.697273,0,0,0,1,0,1,0,0,0,1
S(C)/C=C/C=C/C(=O)Nc1[n+](CCCOCC)c2N=C3C(C)=CC=CN3C(=O)c2cc1C(OCC)=O,,C13029554,70.697517,0,0,0,1,1,1,1,0,0,1
S(=O)(=O)(N(CC)CC)c1cc(C(=O)Oc2c(CSc3ncccn3)cc(C(=O)C)cc2)ccc1,,C13041721,99.983749,0,0,0,1,0,1,0,0,1,0
S(=O)(=O)(N(CCOC)CCOC)c1cc(C(=O)N(c2scc(C)n2)c2ccccc2)ccc1,,C13138984,100,0,0,0,1,0,1,0,0,0,1
O(CC)C(=O)N1CCN(C(=O)c2oc(Cn3c(CN(CCC)C(=O)CC(C)C)ccc3)cc2)CC1,,C16533933,100,0,0,0,0,0,0,0,0,0,1
Clc1c(C)c(N2C(=O)CN(C(=O)CN(CCOC)C(=O)c3ccc(OCCCC)cc3)C2)ccc1,,C16646499,100,0,0,0,1,0,1,0,0,0,1
S(CC(=O)c1c(C)n([C@H](C)COC)c(C)c1)c1n(Cc2occc2)c(-c2cc(OC)ccc2)nn1,,C21120929,99.924759,0,0,0,1,0,1,0,0,0,0
O(CC(=O)N(CCC#N)c1ccccc1)C(=O)/C=C/c1cc(OC)c(OCc2c(C)onc2C)cc1,,C22622980,100,0,0,0,1,0,1,0,0,1,0
O=[N+]([O-])c1sc(C(OCC(=O)N(Cc2ccccc2)c2sc(C(OCC)=O)c(C)n2)=O)cc1,,C23546000,100,0,0,0,1,0,1,0,0,1,1
S(CC(=O)N(CC(OCC)=O)c1ccccc1)c1n(Cc2ccccc2)c(-c2c(C)occ2)nn1,,C23600069,99.65258,0,0,0,1,0,1,0,0,1,1
O=[N+]([O-])c1ccc(N2CCN(C(=O)COC(=O)/C=C/c3cc(OCC)c(OCCC)cc3)CC2)cc1,,C25022005,100,0,0,0,1,0,0,0,0,0,0
O=[N+]([O-])c1c(C)ccc(C(=O)N(CCOC)CC(=O)N(Cc2sccc2)Cc2ccccc2)c1,,C33397778,100,0,0,0,1,0,1,0,0,0,1
O=[N+]([O-])c1cc(C(=O)N(CCOC)CC(=O)N(Cc2c(C)ccs2)Cc2ccccc2)ccc1,,C33416415,100,0,0,0,1,0,1,0,0,0,1
OC(OCCOC)c1c(-c2cc(OCC)c(OCCCC)cc2)[n+]2C(=O)[C@H](CC)Sc2nc1C,,C33423348,99.999619,0,0,0,1,0,1,1,1,0,1
Clc1c([N+](=O)[O-])cc(S(=O)(=O)N(CCC[NH+]2CCOCC2)Cc2ccc(OCC)cc2)cc1,,C34949247,94.67659,0,0,0,1,0,1,0,0,0,0
O=[N+]([O-])c1cc(C(=O)N(CCC(C)C)[C@H](CC)C=2N(CCOC)C(=O)c3ccccc3N=2)ccc1,,C35042005,98.171402,0,0,0,1,0,1,0,0,0,1
Clc1cc(N2C([C@@H](N(CCOC)C(=O)CCC(OCC)=O)CC)=Nc3ccccc3C2=O)ccc1,,C35072200,99.187622,0,1,0,1,0,1,0,0,0,1
Clc1ccc(S(=O)(=O)N(CCCOC)[C@H](C)C=2N(CCOC)C(=O)c3ccccc3N=2)cc1,,C35115094,98.372856,0,0,0,1,0,1,0,0,0,1
S(=O)(=O)(N(CC=C)CC(=O)N(Cc1n(C)ccc1)Cc1ccccc1)c1ccc([N+](=O)[O-])cc1,,C35745268,100,0,1,0,1,0,0,0,0,0,1
Clc1c([N+](=O)[O-])cc(C(=O)N(CCOC)CC(=O)N(Cc2sccc2)Cc2ccc(F)cc2)cc1,,C35771202,100,0,0,0,1,0,1,0,0,0,1
O=[N+]([O-])c1cc(C(=O)N(CCCOC)CC(=O)N(Cc2c(C)ccs2)Cc2ccccc2)ccc1,,C35774894,100,0,0,0,1,0,1,0,0,0,1
S(=O)(=O)(N(CC(=O)c1c(C)n(CC)c(C(OC)=O)c1C)Cc1occc1)c1ccc(OC)cc1,,C35869459,100,0,0,0,1,0,0,0,0,0,0
S(=O)(=O)(N(CC)CC)c1cc(-c2oc(SCC(=O)c3c(C)n(CC=C)c(C)c3)nn2)ccc1,,C02619229,99.998482,0,0,0,1,0,1,0,0,1,1
O(CCOC(=O)c1cc(C#N)c(/N=N\c2ccc(N(CC)CCC(OC)=O)cc2)c(C#N)c1)CC=C,,C33610062,99.999756,0,0,0,0,0,1,0,0,0,0
S(=O)(=O)(N(CC)CC)c1cc(-c2n([C@H](C)CC)c(SCC(=O)c3n(C)ccc3)nn2)ccc1,,C39561327,99.911057,0,0,0,1,0,0,0,1,0,0
Clc1c(OCc2n(C3CC3)c(SCC(=O)C3=C(C(OCC)=O)[C@@H](C)N=C3C)nn2)cccc1,,C39611319,99.831573,0,0,0,1,0,1,0,0,0,1
O=C[C@H]1C(CCC)=C(C(OCC)=O)C([C@@H]2N=C([C@@H]3C(C(OCC)=O)=C(CCC)C(C=O)=N3)C=C2)=N1,,C39948143,99.968803,0,0,0,1,0,1,0,0,0,1
Clc1ccc(OCC(=O)N(CC(=O)c2c(C)n(CC)c(C(OC)=O)c2C)Cc2occc2)cc1,,C40384486,100,0,0,0,1,0,1,0,0,1,1
S(Cc1c(C(OCC)=O)cnc(N2CCCCC2)n1)c1n(CC=C)c(-c2n(CCC)ncc2)nn1,,C41339592,99.636719,0,0,0,1,0,1,0,0,0,1
S(Cc1c(C(OCC)=O)cnc(N2CCCCC2)n1)c1n(CCC)c(CCn2c(C)cc(C)n2)nn1,,C41340745,99.375671,0,0,0,1,0,1,0,0,0,1
S(Cc1c(C(OCC)=O)cnc(N2CCCC2)n1)c1n(CC=C)c(CCc2c(C)n(C)nc2)nn1,,C41345335,99.410576,0,0,0,1,0,1,0,0,0,0
S(Cc1c(C(OCC)=O)cnc(N(C)C)n1)c1n(CCC)c(CCc2c(C)nn(CC)c2)nn1,,C41347418,99.277405,0,0,0,1,0,1,0,0,0,1
S(=O)(=O)(N(CCCCC)Cc1ccc(F)cc1)c1c([N+](=O)[O-])cc(S(=O)(=O)N(C)C)cc1,,C46569172,100,0,0,0,1,0,0,0,1,0,1
O(C)c1c(OC)ccc([C@@H](N(Cc2sccc2)Cc2occc2)c2n(Cc3ccc(OC)cc3)nnn2)c1,,C01337371,98.234886,0,0,0,1,0,1,0,0,0,1
O=C(N(C)C)[C@@H](Oc1c(OCC)cc(/C=C/2\C(=O)OC(c3ccc(OCCCC)cc3)=N\2)cc1)C,,C57371429,99.990677,0,0,0,0,0,1,0,0,0,0
S(=O)(=O)(N(C)C)c1oc(CSc2n(CC(C)C)c(COc3ccc(CC)cc3)nn2)cc1,,C59004998,99.8955,0,0,0,1,1,1,0,1,0,1
S(=O)(=O)(N1CCN(c2c(OCC)cccc2)CC1)c1c(C(=O)N(CC)CCCC)cn(CCC)n1,,C67337010,100,0,0,0,1,0,1,0,0,0,1
Clc1c(CSc2n(/N=C/c3cc(OC)c(OCCC)cc3)cnn2)cccc1,,C01917912,99.912216,0,0,0,1,0,1,0,0,0,0
O(CC(=O)N(C)Cc1ccc(OCC)cc1)C(=O)c1c(C)c(CC)nc2ccccc12,,C04977760,99.535072,0,0,0,1,0,1,0,0,0,1
Clc1c(OCCOc2c(CC=C)cccc2)c(Cl)cc(/C=N/n2cnnc2)c1,,C02968960,99.95742,0,0,0,0,0,1,0,0,0,0
Clc1c(C(=O)Oc2ccc(C(=O)CC)cc2)cc(S(=O)(=O)N(CC)CC)cc1,,C03603405,100,0,0,0,1,0,1,0,0,0,0
Clc1ccc(S(=O)(=O)c2c(N(CCC)CCC)sc(S(=O)(=O)CC)n2)cc1,,C08912417,100,0,0,0,1,0,0,0,1,0,1
S(CC(OC)=O)c1n(Cc2ccccc2)c(CSc2sc3ccccc3n2)nn1,,C09126315,99.79908,0,0,0,1,1,1,0,0,0,0
S(CCOc1c(C(=O)C)cccc1)c1n(Cc2ccccc2)c(-c2occc2)nn1,,C09366296,99.944603,0,0,0,1,1,1,0,0,0,0
FC(F)(F)c1cc(-c2oc(C(OCC(=O)N(CCC#N)c3ccccc3)=O)cc2)ccc1,,C09415481,100,0,0,0,1,0,1,0,0,0,0
FC(F)(F)c1cc(C(=O)COC(=O)Cc2ccc(OCc3c(C)onc3C)cc2)ccc1,,C09839269,100,0,0,0,1,0,1,0,0,0,0
S(CC(=O)c1c(C)n(c(C)c1)-c1ccc(OCC)cc1)c1n(C2CC2)c(C(C)C)nn1,,C10200909,99.523018,0,0,0,0,0,1,0,0,0,0
Clc1ccc2C(=O)N(C[C@@H]3OCCC3)C(SCC(=O)N(CCC)CC3CC3)=Nc2c1,,C11132589,97.734406,0,0,0,1,0,1,0,0,0,1
S(CC(=O)c1c(OC)ccc(F)c1)c1n(C)c(-c2ccc(N(CC)CC)cc2)nn1,,C11286423,99.642921,0,0,0,1,0,1,0,0,0,0
Clc1c(C(OCC(=O)c2sc(Cl)cc2)=O)cc(S(=O)(=O)N(CC)CC)cc1,,C11440952,100,0,0,0,1,0,1,0,0,1,0
S(CC(=O)N(C)[C@@H](C)c1ccccc1)c1n(CCOC)c(-c2cc(C)ccc2)nn1,,C12820260,99.905983,0,0,0,1,0,1,0,0,0,1
S(CC(=O)c1cn(CC)c2ccccc12)c1n(CC)c([C@@H](Oc2ccccc2)C)nn1,,C09096327,99.885666,0,0,0,1,0,0,0,0,0,0
S(CC(=O)N(CC(C)C)CC(C)C)c1n(c(-c2ccncc2)nn1)-c1ccccc1,,C03505978,97.694115,0,0,0,1,0,1,0,0,0,0
S(C/C=C/c1ccccc1)c1n-2c(N(CCCOCC)C(=O)c3ccccc-23)nn1,,C11878086,99.146027,0,0,0,1,0,1,0,0,0,0
O=C(N(C)Cc1n(CCCCOc2c(C)ccc(C)c2)c2ccccc2n1)c1occc1,,C15833705,79.960953,0,0,0,1,1,1,0,0,0,1
O(C)c1c(OC)ccc(-c2nc(/C(=C/c3cc(OCC)c(OC(C)C)cc3)/C#N)sc2)c1,,C17307200,100,0,0,0,1,0,1,0,0,0,0
O(C)C[C@@H](C)n1c(C)c(C(=O)COC(=O)c2nc(-c3ccc(C)cc3)sc2)cc1C,,C17940438,100,0,0,0,1,1,1,0,0,0,1
S(CC(=O)N(CCC)Cc1ccc(C)cc1)c1n(C)c(-c2c(OC)cccc2)nn1,,C18972807,99.873543,0,0,0,1,1,1,0,0,0,0
S(CC(=O)N(CC)c1ccccc1)c1n(CC=C)c(COc2c(F)cccc2)nn1,,C20990583,99.919342,0,0,0,1,0,1,0,0,1,1
S(CC(=O)N(C)[C@H](C)c1ccccc1)c1n(CC=C)c(-c2c(OC)cccc2)nn1,,C21334372,99.877937,0,0,0,1,0,1,0,0,0,0
S(CC(=O)c1ccc(OC)cc1)c1n(CC=C)c(COc2c(F)cccc2)nn1,,C21367135,99.915291,0,0,0,0,0,0,0,0,0,0
S([C@H](C)C(=O)N(CCC#N)c1ccccc1)c1n(CCC)c(-c2cc(C)ccc2)nn1,,C21691922,99.886734,0,0,0,1,0,1,0,0,0,1
Clc1ccc(C(=O)[C@@H](OC(=O)c2ccc(S(=O)(=O)N(CC)CC)cc2)C)cc1,,C21978622,100,0,0,0,0,0,0,0,1,0,0
Clc1sc(CN(C)C(=O)CSc2oc(-c3ccc(N(CC)CC)cc3)nn2)cc1,,C22025576,99.992805,0,0,0,1,0,1,0,0,0,0
S(CCOc1ccc(OC)cc1)c1n(C[C@H]2OCCC2)c(-c2ccc(F)cc2)nn1,,C22210613,99.880524,0,0,1,1,1,1,0,0,0,0
O(CC)C(=O)c1nn(c(C)c1)-c1ccc(C(=O)N(CCC(C)C)CCC(C)C)cc1,,C22635271,100,0,0,0,0,0,1,0,0,0,0
FC(F)(F)COCc1ccc(C(O[C@@H](C)c2oc(-c3ccc(C)cc3)nn2)=O)cc1,,C22988955,99.998695,0,0,0,0,0,1,0,0,1,0
FC(F)(F)Oc1ccc(CN(C)C(=O)Cc2ccc(OCc3c(C)onc3C)cc2)cc1,,C23101977,100,0,0,0,0,0,0,0,0,1,0
S(CC(=O)N(Cc1ccccc1)C(C)(C)C)c1n(CC=C)c(-c2c(C)occ2)nn1,,C23592406,99.623093,0,0,0,1,0,1,0,0,0,0
S(CC(=O)N(C)Cc1c(F)cccc1)c1n(CC=C)c(COc2cc(C)ccc2)nn1,,C24982380,99.912086,0,1,0,1,1,1,0,0,0,1
FC(F)Oc1c(C(=O)COC(=O)CCc2oc(-c3c(F)cccc3F)cn2)cc(C)cc1,,C28995918,100,0,0,0,1,0,1,0,0,0,1
O(CCCCCN1C(=O)N(c2ccncc2)CC1)c1ccc(-c2ccc(C#N)cc2)cc1,,C29402001,63.399933,0,0,0,0,0,0,0,0,0,0
FC(F)(F)c1ccc(-c2onc(CN3CCN(C(=O)[C@@H](CC)CCCC)CC3)n2)cc1,,C34904829,86.808868,0,0,0,1,0,0,0,0,0,0
Fc1cc(C(=O)N(CCC(C)C)[C@@H](C)C(=O)c2c(C)n(C)c(C(OCC)=O)c2C)ccc1,,C35663991,100,0,0,0,1,0,0,0,0,0,0
Clc1c(C(=O)N(CCC(C)C)[C@H](C)C(=O)c2c(C)n(C)c(C(OC)=O)c2C)cccc1,,C36018357,100,0,0,0,0,0,0,0,0,0,0
Fc1ccc(-c2c(CN(CCOC)C(=O)CC(C)(C)C)c(N(CC)CC)on2)cc1,,C36248963,99.988426,0,0,0,1,0,0,0,0,0,1
Fc1c(COc2ccc(/C=C\3/C(=O)N(CCCOCC)C(=O)C(C#N)=C/3C)cc2)cccc1,,C38606622,100,0,0,0,1,0,1,0,0,0,1
O(C)C[C@H](C)n1c(C)c(C(=O)COC(=O)COc2c(C(C)C)ccc(C)c2)cc1C,,C39620800,100,0,0,0,1,0,1,0,0,1,1
S(CC(=O)N([C@@H]1CS(=O)(=O)CC1)C1CC1)c1n(CCCCCC)c2ccccc2n1,,C11489780,73.273697,0,0,0,1,0,0,0,1,1,1
O(C)C(=O)c1n(CC)c(C)c(C(=O)CN(CC(C)C)C(=O)[C@H]2[C@H](c3ccccc3)C2)c1C,,C40384480,100,0,0,0,1,0,0,0,0,0,1
S(=O)(=O)(N(CC)CC)c1ccc(C(=O)/C=C/c2ccc(OCc3ccncc3)cc2)cc1,,C46882205,99.543411,0,0,0,1,0,0,0,0,0,0
S(CCCC(OCC)=O)C=1N(C[C@@H]2OCCC2)C(=O)c2c(sc3C[C@H](C)CCc23)N=1,,C57480751,99.394508,0,0,0,1,0,1,0,0,0,1
S(CCCC(OCC)=O)c1n(CC)c(CSc2sc3ccccc3n2)nn1,,C57480791,99.649269,0,0,0,1,0,1,0,0,0,0
S(=O)(=O)(CC(=O)N(CC)c1ccccc1)Cc1nc(-c2ccc(OCC)cc2)sc1,,C58934908,100,0,1,0,1,1,1,0,0,0,1
S(Cc1ccc(OCc2n(C)ccn2)cc1)C=1N(CCCC)C(=O)c2ccccc2N=1,,C59256391,77.052261,0,0,0,1,0,0,0,0,0,0
S(Cc1nc(COc2ccccc2)sc1)c1oc(COc2cc(C)ccc2)nn1,,C59924950,99.9991,0,0,1,1,0,1,0,0,1,1
S(=O)(=O)(C)c1ccc2N(CCOC)/C(=N\C(=O)C(CCC)CCC)/Sc2c1,,C38829995,97.705925,0,0,0,1,0,1,0,1,1,1
S(CC(=O)N(CC=C)CC=C)c1n(c(-c2cnccc2)nn1)-c1ccc(C)cc1,,C04358535,99.656364,0,0,0,0,0,1,0,0,1,1
FC(F)Oc1ccc(C(OCC(=O)N(CCC#N)c2cc(C)cc(C)c2)=O)cc1,,C04436644,100,0,0,0,1,0,1,0,0,0,0
O=C(N(Cc1n(C)ccc1)Cc1occc1)CN(CCCC)C(=O)CC(C)(C)C,,C04827609,100,0,0,0,0,0,1,0,0,0,1
O(CC(C)C)C(=O)c1c(C)c2C(=O)N(CCCOc3ccccc3)C=Nc2s1,,C05483043,99.934326,0,0,0,0,0,1,0,0,0,0
S(CC(=O)c1ccc(OCC)cc1)C=1N([C@@H](C)COC)C(=O)c2ccccc2N=1,,C03323772,97.081581,0,0,1,1,0,1,0,0,0,1
S(=O)(=O)(N(CC)CC)c1sc(-c2sc(S(=O)(=O)N(CC)CC)cc2)cc1,,C01039510,100,0,0,0,1,1,0,0,0,1,0
Clc1ccc(-c2oc(SCC(=O)c3c(C)n(CCCOC)c(C)c3)nn2)cc1,,C06172415,99.997826,0,0,0,1,0,1,0,0,1,1
O(CC(=O)c1ccc(OCC)cc1)C(=O)/C=C/c1c(C)n(-c2ccccc2)nc1C,,C06212308,99.977829,0,0,0,0,0,0,0,0,0,0
S(=O)(=O)(Oc1c(CN([C@@H](C)CC)C(=O)C(C)C)ccc(N(CC)CC)c1)CC,,C06711478,100,0,0,0,1,0,1,0,1,1,1
O(C)C(=O)c1n(CC)c(C)c(C(=O)CN(CCC)C(=O)[C@@H]2[C@H](c3ccccc3)C2)c1C,,C06836319,100,0,0,0,0,0,1,0,0,0,1
S(Cc1c(C)onc1C)c1c(C(O[C@@H](C)C(=O)N(C(C)C)C(C)C)=O)cccc1,,C07364352,100,0,0,0,1,0,1,0,0,0,1
O(CC(=O)N(C)Cc1occc1)C(=O)/C(=C/c1c(OC)cccc1)/c1ccccc1,,C08138318,100,0,0,0,1,0,1,0,0,0,0
S(CC(=O)C)c1n(c(COc2ccc(OC)cc2)nn1)-c1cc(C(F)(F)F)ccc1,,C08708507,99.80735,0,0,0,0,0,1,0,0,1,0
S(CCC#N)c1n(c(COc2ccc(OC)cc2)nn1)-c1cc(C(F)(F)F)ccc1,,C08752157,99.786156,0,0,0,0,0,1,0,0,0,1
Brc1cc(C(OCC(=O)N(CCC#N)c2ccc(OCC)cc2)=O)ccc1,,C10628901,100,0,0,0,1,0,1,0,0,1,0
O(CC(=O)N(C(C)C)C(C)C)C(=O)/C=C/c1c(C)n(Cc2ccc(C)cc2)nc1C,,C11365503,99.944717,0,0,0,0,0,1,0,0,1,0
FC(F)(F)c1n(CC(OCC(=O)c2c(C)n(CCC)c(C)c2)=O)c2ccccc2n1,,C04893928,99.837502,0,0,0,1,0,1,0,0,1,1
FC(F)Oc1ccc(-n2c(C)c(C(=O)COC(=O)c3ccc(C=O)cc3)cc2C)cc1,,C03283068,100,0,0,0,1,0,1,0,0,1,0
Clc1ccc(OCC(=O)N(CC=C)CC(=O)N(CC(C)C)Cc2n(C)ccc2)cc1,,C16463137,100,0,0,0,1,0,1,0,0,0,1
O(C)C[C@H](C)n1c(C)c(C(=O)COC(=O)c2c(C)nc(-c3ccccc3)s2)cc1C,,C17828849,100,0,0,0,1,0,1,0,0,1,0
S(CCCOc1ccc(C(C)(C)C)cc1)c1oc(C[C@H]2CS(=O)(=O)CC2)nn1,,C21625421,99.997581,0,0,0,1,0,0,0,1,1,0
S(=O)(=O)(N(CC(=O)N(CC)CC)c1ccc(OCC)cc1)c1ccc(SC)cc1,,C22278537,100,0,0,0,0,0,1,0,0,1,0
S(CC(=O)c1c(C)n(c(C)c1)-c1ccc(OCC)cc1)c1n(CC=C)c(C2CC2)nn1,,C23867808,99.61512,0,0,0,0,0,1,0,0,0,0
O(CC(=O)N(C)Cc1sccc1)C(=O)CCc1oc(-c2cc(C)c(C)cc2)cn1,,C28995480,100,0,0,0,1,0,1,0,0,1,1
S(CC(=O)N(C)c1ccccc1)c1n(CC=C)c(COc2c(F)cccc2)nn1,,C03536094,99.919388,0,0,0,0,0,1,0,0,1,1
S(=O)(=O)(Oc1ccc(CN(S(=O)(=O)c2ccc(F)cc2)CCC(C)C)cc1)C,,C33687968,100,0,0,0,1,0,0,0,0,1,0
S(=O)(=O)(N(CCC[NH+]1CCOCC1)Cc1n(C)ccc1)c1ccc(C(C)(C)C)cc1,,C34971370,94.684456,0,0,0,1,0,1,0,0,0,0
S=C1N(CCCOC)C(=O)/C(=C/c2oc(-c3ccc(C(OCC)=O)cc3)cc2)/S1,,C34982596,100,0,0,0,1,0,0,0,0,0,0
Clc1ccc2C(=O)N(C)C([C@@H](N(CCCOC)C(=O)CCCCC)C)=Nc2c1,,C35113022,98.371872,0,0,0,1,0,1,0,0,1,1
O(CC)C(=O)c1n(CC)c(C)c(C(=O)[C@H](N(CCC(C)C)C(=O)C2CC2)C)c1C,,C35645884,100,0,0,0,0,0,0,0,0,0,0
O(CC)C(=O)c1n(C)c(C)c(C(=O)[C@H](N(C)C(=O)C[C@@H](C)CC(C)(C)C)C)c1C,,C06836490,100,0,0,0,0,0,1,0,1,0,1
Fc1cc(C(=O)N(CC(C)C)CC(=O)c2c(C)n(CC)c(C(OCC)=O)c2C)ccc1,,C35992637,100,0,0,0,1,0,1,0,0,1,1
O(CC)C(=O)c1n(CC)c(C)c(C(=O)[C@H](N(CC=C)C(=O)c2ccc(C)cc2)C)c1C,,C36005010,100,0,0,0,0,0,0,0,1,0,0
Fc1cc(C(=O)N(CC(C)C)[C@@H](C)C(=O)c2c(C)n(C)c(C(OCC)=O)c2C)ccc1,,C36006394,100,0,0,0,0,0,0,0,0,0,0
S(=O)(=O)(N(CC)CC)c1ccc2n(CCCC)c(S[C@H](C)C(=O)C)nc2c1,,C36807089,86.090965,0,0,0,1,0,1,0,1,0,0
Fc1ccc(-c2c(CN(Cc3occc3)C(=O)CC)c(N(CC)CC)on2)cc1,,C37500244,99.988586,0,0,0,0,0,0,0,0,0,0
S(CC(OCC)=O)c1n(CC=C)c(CSc2sc3ccccc3n2)nn1,,C00710358,99.789101,0,0,0,1,0,1,0,0,0,1
Clc1ccc(C(=O)CCC(OCC(=O)N(CCC#N)c2cc(C)cc(C)c2)=O)cc1,,C39584855,100,0,0,0,1,0,1,0,0,0,1
S(=O)(=O)(N(CCCCCC)CC[NH+]1CCOCC1)c1cccc2cc(C)cnc12,,C48310043,73.08284,0,0,0,1,0,1,1,0,1,1
S(=O)(=O)(CC(C)C)c1n(Cc2ccccc2)c(C[NH+](C)Cc2c(C)cccn2)cn1,,C55270886,55.69907,0,0,0,1,0,1,1,1,0,1
S(CC(=O)N(CCC(C)C)CCC(C)C)c1sc(N(C(=O)C)C2CC2)nn1,,C55507057,99.899811,0,0,0,1,0,1,0,0,1,1
S(CCCOC)c1n(c(COc2ccc(OC)cc2)nn1)-c1c(F)cccc1,,C59121416,99.784019,0,0,0,1,0,1,0,0,0,1
S(CC(=O)c1c(C)n(CC)c(C)c1C(OCC)=O)Cc1nc(-c2occc2)sc1,,C59831202,100,0,0,0,1,0,0,0,0,0,0
S(CCCOCC(F)(F)F)c1n-2c(N(CCC)C(=O)c3ccccc-23)nn1,,C59961343,99.102234,0,0,0,1,0,1,0,0,0,1
FC(F)(F)c1n(-c2ccc(C(=O)N(CC)[C@@H](C)C(C)C)cc2)ncc1C(OCC)=O,,C60140812,99.999817,0,0,0,0,0,1,0,0,0,0
Clc1ccc2C(=O)N(CCC(C)C)C(SCCCS(=O)(=O)N(C)C)=Nc2c1,,C60376399,96.686012,0,0,1,1,1,1,0,1,1,1
O(C)C[C@@H](C)n1c(C)c(C(=O)COC(=O)c2c(C(=O)c3ccccc3)cccc2)cc1C,,C11024503,100,0,1,0,1,0,1,0,0,0,1
S(CC(OCC(=O)c1c(C)n([C@H](C)COC)c(C)c1)=O)c1sc2ccccc2n1,,C57532710,100,0,0,0,1,1,1,0,0,1,0
Clc1c(C(O[C@@H](C)C(=O)C=2C(C)=C(C(OCC)=O)[C@@H](C)N=2)=O)cc(SC)cc1,,C39945248,99.974739,0,0,0,1,1,1,0,0,0,0
Clc1cc(Cc2nc(CN(CCC(OC)=O)Cc3ccccc3)on2)ccc1,,C67378342,98.104233,0,0,0,1,1,1,0,0,0,1
Brc1oc(/C=C\2/C(=O)[n+]3c(c(C(O)OCC)c(C)nc3S/2)-c2ccc(N(C)C)cc2)cc1,,C01212318,99.99987,0,0,0,0,0,0,0,0,0,0
O(C)c1c(-c2nc3n(-c4ccccc4)nc(-c4ccccc4)c3c3cc(OC)c(OC)cc23)cc(OC)cc1,,C02873478,99.70784,0,0,0,1,0,0,0,0,0,0
Brc1c(COc2c(/C=C\3/C(=O)OC(c4c(Cl)ccc([N+](=O)[O-])c4)=N/3)cccc2)cccc1,,C02084951,99.997574,0,0,0,1,0,0,0,0,0,0
S(Cc1[nH+]c2n(n1)C=NC=1Oc3ccc4ccccc4c3[C@H](c3ccccc3)C2=1)c1oc2ccccc2n1,,C09159086,84.284431,0,0,0,1,0,0,1,0,0,0
S(=O)(=O)(N1C[C@@H](C)O[C@H](C)C1)c1ccc(C(=O)/N=C\2/N(CC#C)c3ccc(C(C)C)cc3S/2)cc1,,C09276054,98.891426,0,0,0,1,0,0,0,0,0,0
S=C1N(CCC)C(=O)/C(=C\C2=C(N3CCN(c4ccc(F)cc4)CC3)[NH+]=C3C(C)=CC=CN3C2=O)/S1,,C09461931,93.937141,0,0,0,1,0,0,0,0,0,0
Clc1ccc(C)c2nc(N(Cc3occc3)C(=O)c3ccc(S(=O)(=O)N(C)C(C)C)cc3)sc12,,C10099255,100,0,0,0,1,0,0,0,1,0,1
Clc1cc(/C=C\2/C(=O)N3[C@@H](c4ccc(OC(=O)C)cc4)C(C(OCC=C)=O)=C(C)N=C3S/2)ccc1,,C01779839,97.811974,0,0,0,1,0,1,0,0,0,0
Brc1cc(COC(=O)CCN2C(=O)Oc3ccccc23)c2O[C@H](c3ccccc3)OCc2c1,,C12895144,100,0,0,0,0,0,0,0,0,0,1
O(CC(=O)c1c(n(C)c2ccccc12)-c1ccccc1)C(=O)c1nn(c(-c2ccccc2)n1)-c1ccccc1,,C03312257,99.993195,0,0,0,1,0,1,0,0,0,0
Clc1c([N+](=O)[O-])cc(C(=O)N(CC(=O)N2[C@@H](c3ccc(C)cc3)c3ccsc3CC2)[C@@H](C)CC)cc1,,C16501231,100,0,0,0,0,0,0,0,0,0,1
O(CC)C(=O)c1c(-c2ccc(N(C)C)cc2)[n+]2c([O-])c(C=C3Nc4ccc(C)cc4C=C3)sc2nc1C,,C28627770,95.669205,0,0,0,0,0,0,0,0,0,0
S(CC=1N=C2Sc3ccccc3N2C(=O)C=1)c1n(c(-c2ccc(OC)cc2)nn1)-c1c(F)cccc1,,C32911090,99.379646,0,0,0,0,0,1,0,0,0,0
S=C1N(CCC)C(=O)/C(=C\C2=C(N3CCN(c4c(F)cccc4)CC3)[NH+]=C3N(C2=O)C=C(C)C=C3)/S1,,C33339620,93.683502,0,0,0,0,0,1,0,0,0,0
O(C(C)C)c1ccc(-c2c(/C=C/3\C(=O)n4nc(-c5ccc(C)cc5)nc4S\3)cn(-c3ccccc3)n2)cc1,,C33344930,99.892609,0,0,0,0,0,1,0,0,0,0
Brc1ccc2OC=3C(=O)N([C@H](c4ccc(OCCCC)cc4)C=3C(=O)c2c1)c1scnn1,,C35489912,99.940002,0,0,0,0,0,0,0,0,0,0
S(Cc1occ(C(=O)N(C(C)C)C(C)C)n1)C=1N(C2CCCCC2)C(=O)c2c(sc3CCCCc23)N=1,,C35496607,99.510757,0,0,0,0,0,1,0,0,0,0
Clc1ccc([C@H]2N(c3sc(C(OCC)=O)c(C)n3)C(=O)C=3Oc4cc(C)c(C)cc4C(=O)C2=3)cc1,,C35512797,100,0,0,0,0,0,1,0,0,0,0
Clc1ccc2OC=3C(=O)N([C@@H](c4cc(OC)c(OCC(C)C)cc4)C=3C(=O)c2c1)c1sc(C)c(C)n1,,C35514189,100,0,0,0,1,0,0,0,0,0,0
O=[N+]([O-])c1ccc(C(=O)N(CC(=O)N2[C@H](c3ccc(C(C)(C)C)cc3)c3ccsc3CC2)C(C)C)cc1,,C35770696,100,0,0,0,0,0,0,0,0,0,0
O(N(C[C@H]1C(=O)O[C@H]2C[C@@]3(C)CCCC(=C)[C@H]3C[C@@H]12)C[C@H]1C(=O)O[C@H]2C[C@@]3(C)CCCC(=C)[C@H]3C[C@@H]12)C(=O)C,,C36046224,100,0,0,0,1,0,1,0,0,0,1
O=C(CN1C(=O)CS[C@H](c2cscc2)c2c(C(C)(C)C)nn(-c3ccc(C)cc3)c12)N1CCOCC1,,C37425516,99.698456,0,0,0,1,0,0,0,0,0,0
Clc1ccc(OC[C@@H]2O[C@@]3(C(=O)N(CN4CCN(c5ccc(F)cc5)CC4)c4ccccc34)OC2)cc1,,C16524585,98.361481,0,0,0,1,1,1,0,0,1,0
O=C(N(CCC[NH+]1CCOCC1)c1sc2cc(C)ccc2n1)C=1C(=O)Oc2ccc3ccccc3c2C=1,,C36705133,93.776825,0,0,0,1,0,0,1,0,0,1
S=C1N(Cc2occc2)C(=O)/C(=C\C2=C(N(CCC)C(=O)C(C#N)=C2C)N2C[C@H](C)C[C@H](C)C2)/S1,,C39770151,100,0,0,0,1,0,0,0,0,0,1
S=C1N(C[C@H]2OCCC2)C(=O)/C(=C\C2=C(N(CCCC)C(=O)C(C#N)=C2C)N2C[C@H](C)C[C@H](C)C2)/S1,,C39770676,100,0,0,0,1,0,0,0,0,0,1
Clc1c(C)cc(OC2=C(/C=C/3\C(=O)N(CCCOC)C(=S)S\3)C(=O)N3C=CC=C(C)C3=N2)cc1,,C39836018,87.970581,0,0,0,1,1,1,0,0,1,1
S=C1N(CCCOCC)C(=O)/C(=C\C=2C(=O)N3C=CC=C(C)C3=NC=2Oc2cc(C)cc(C)c2)/S1,,C39836057,87.763435,0,0,0,1,1,1,0,0,0,1
Clc1cnc(N2[C@H](c3cc(OC)c(OCC=C)cc3)C=3C(=O)c4cc(Cl)ccc4OC=3C2=O)cc1,,C39838439,99.797142,0,0,0,1,0,1,0,0,0,0
S(CC=1N=C2SC(C)=C(C)N2C(=O)C=1)c1n(C[C@@H]2OCCC2)c(-c2csc3CCCCCc23)nn1,,C39966934,98.658508,0,0,0,1,0,1,0,0,0,1
Fc1ccc(-c2nn3C(=O)/C(=C/c4c(-c5cc(OCC)ccc5)nn(-c5ccccc5)c4)/Sc3n2)cc1,,C40004510,99.904053,0,0,0,1,0,1,0,0,0,0
Fc1ccc2OC=3C(=O)N([C@@H](c4ccc(C(OC)=O)cc4)C=3C(=O)c2c1)c1sc2cc(C)cc(C)c2n1,,C40014328,100,0,0,0,0,0,0,0,0,0,0
O(Cc1ccccc1)c1ccc([C@@H]2N(c3sc(C)nn3)C(=O)C=3Oc4ccc(CC)cc4C(=O)C2=3)cc1,,C40038804,99.914703,0,0,0,0,0,0,0,0,0,0
O(Cc1ccccc1)c1ccc([C@H]2N(c3sc(CC)nn3)C(=O)C=3Oc4ccc(CC)cc4C(=O)C2=3)cc1,,C40038805,99.91362,0,0,0,0,0,1,0,0,0,0
Clc1cnc(N2[C@H](c3cc(OC)c(OCCCC)cc3)C=3C(=O)c4cc(C)cc(C)c4OC=3C2=O)cc1,,C40044613,99.796463,0,0,0,1,0,1,0,0,0,0
O(CC)c1c(OCCCC)ccc([C@@H]2N(c3nccc(C)c3)C(=O)C=3Oc4c(C)cc(C)cc4C(=O)C2=3)c1,,C40044782,99.002068,0,0,0,1,0,0,0,0,0,0
O(CC)c1c(OCCCC)ccc([C@H]2N(c3ncc(C)cc3)C(=O)C=3Oc4c(C)cc(C)cc4C(=O)C2=3)c1,,C40044783,99.076813,0,0,0,1,0,1,0,0,0,0
Clc1c(C)cc2OC=3C(=O)N([C@H](c4cc(OCC)ccc4)C=3C(=O)c2c1)c1sc(C(=O)C)c(C)n1,,C40056476,100,0,0,0,0,0,0,0,0,0,1
Clc1c(C)cc2OC=3C(=O)N([C@H](c4cc(OCC)c(OCCC)cc4)C=3C(=O)c2c1)c1ncc(C)cc1,,C40056564,99.079353,0,0,0,1,0,0,0,0,0,0
Clc1c(C)cc2OC=3C(=O)N([C@@H](c4ccc(C(C)C)cc4)C=3C(=O)c2c1)c1sc(C(OC)=O)c(C)n1,,C40056631,100,0,0,0,0,0,0,0,0,0,0
Clc1c(C)cc2OC=3C(=O)N([C@@H](c4cc(OC)c(OCC(C)C)cc4)C=3C(=O)c2c1)c1nc(C)ccc1,,C40056749,95.463585,0,0,0,0,0,0,0,0,0,0
O(Cc1ccccc1)c1ccc([C@H]2N(c3sc(C)nn3)C(=O)C=3Oc4cc(C)cc(C)c4C(=O)C2=3)cc1,,C40058493,99.914665,0,0,0,0,0,1,0,0,0,0
O(CC)c1c(OCCCC)ccc([C@@H]2N(c3nc(C)ccc3)C(=O)C=3Oc4cc(C)cc(C)c4C(=O)C2=3)c1,,C40061663,95.451904,0,0,0,1,0,0,0,0,0,0
Clc1cc(N2CCN(C(=O)[C@H]3CN(c4c(F)cc(-c5nc(C6CC6)on5)cc4)CCC3)CC2)c(C)cc1,,C40877900,99.994278,0,0,0,0,0,0,0,0,0,0
Clc1ccc(C(=O)CSc2ncnc3c2sc2nc(N4CCOCC4)c4COC(C)(C)Cc4c32)cc1,,C01244578,97.586823,0,0,0,0,0,1,0,0,0,0
Clc1ccc(C(=O)CSc2n-3c(N(Cc4ccccc4)C(=O)c4c-3sc3COC(C)(C)Cc43)nn2)cc1,,C01897513,99.442131,0,0,0,0,0,0,0,0,0,0
Clc1cc(N2C(=O)/C(=C/c3c(C)ccs3)/N=C2SCC=2N=C3SC=CN3C(=O)C=2)c(OC)cc1,,C02650060,98.686417,0,0,0,1,0,0,0,0,0,1
BrC1=CN2C(=O)C=C(CSC=3N(c4cc(OC)ccc4)C(=O)c4c(C)c(CC)sc4N=3)[NH+]=C2C=C1,,C03354824,98.411308,0,0,0,0,0,0,0,0,0,0
O(C)c1ccc(C2=NN([C@@H](c3ccc(N(C)C)cc3)C2)C=2S/C(=C\c3ccc(N(C)C)cc3)/C(=O)N=2)cc1,,C54201543,99.830414,0,0,0,0,0,0,0,0,0,0
N([P@@+]1(N(c2ccccc2)N=C2CC(C)(C)CC(N3CCOCC3)=C12)N1CCOCC1)c1c(C)c(C)ccc1,,C12490335,99.749664,0,0,0,0,0,0,0,0,0,0
S(CC(=O)Nc1c(C(OCC)=O)sc2C[C@H](C)CCc12)c1ncnc2sc3C[C@H](C)CCc3c12,,C01778585,99.974182,0,0,0,1,0,0,0,0,0,0
Clc1c(Cl)cc(NC(=O)CSc2n(Cc3ccccc3)c(-c3occc3)nn2)c(Cl)c1,,C08619839,99.956757,0,0,0,1,0,1,1,0,0,1
FC(F)(F)C1=C(Oc2ccc(C)cc2)C(=O)c2ccc(OCC(=O)Nc3ccc(F)cc3)cc2O1,,C01934010,100,0,0,0,1,0,1,1,0,0,0
Clc1cc(Cl)cc(NC(=O)COc2ccc3C(=O)C(Oc4ccc(C(C)(C)C)cc4)=COc3c2)c1,,C01934448,100,0,0,0,1,0,1,0,0,0,0
FC(F)(F)c1cc(NC(=O)COc2ccc3C(=O)C(Oc4cc(C)cc(C)c4)=COc3c2)ccc1,,C01934534,100,0,0,0,1,0,1,0,0,0,0
FC(F)(F)C1=C(Oc2cc(C)cc(C)c2)C(=O)c2ccc(OCC(=O)Nc3c(C)ccc(C)c3)cc2O1,,C01943736,100,0,0,0,1,0,1,1,0,0,0
Clc1cc(C(=O)c2ccccc2)c(NC(=O)COc2ccc3C(c4ccccc4)=CC(=O)Oc3c2)cc1,,C01936465,100,0,1,0,1,0,1,1,0,0,1
Clc1c(/C=N/NC(=O)CSc2n(c(-c3ccccc3)nn2)-c2ccccc2)c(Cl)ccc1,,C01821959,99.96273,0,0,0,1,1,1,1,0,0,0
Clc1ccc(-c2n(c(SCC(=O)N/N=C/c3c(C)ccs3)nn2)-c2ccc(C)cc2)cc1,,C02346169,99.960701,0,0,0,1,0,1,1,0,0,0
Clc1c(Cl)ccc(/C(=N\NC(=O)CSc2n(CC)c(-c3ccc(Cl)cc3)nn2)/C)c1,,C09272574,99.890144,0,0,0,1,1,1,1,0,0,0
Clc1ccc(-n2c(SCC(=O)N/N=C/c3cc(F)ccc3)nnc2-c2ccc(Cl)cc2)cc1,,C02359351,99.96096,0,0,0,1,0,1,1,0,0,0
O=C(NCc1ccc(C)cc1)c1ccc(CN2C(=O)N(Cc3c(C)ccc(C)c3)c3ccccc3C2=O)cc1,,C09617640,100,0,0,0,0,0,0,0,0,0,0
Clc1ccc2nc(-c3ccccc3)nc(SCC(=O)Nc3ccc(C(OC)=O)cc3)c2c1,,C02074101,99.654449,0,0,0,0,0,0,1,1,0,0
Clc1ccc(-n2c(SCC(=O)N/N=C\c3c(F)cccc3)nnc2-c2ccc(Cl)cc2)cc1,,C13940578,99.960968,0,0,0,1,0,1,1,0,0,0
Clc1c(Cn2cc(/C=N/NC(=O)CSc3nc(C)cc(C)n3)c3ccccc23)ccc(Cl)c1,,C16283796,99.871689,0,0,0,1,0,1,1,0,0,0
Clc1ccc(N2C([C@@H](N(CC(C)C)C(=O)Nc3c(F)cccc3)CC)=Nc3ccccc3C2=O)cc1,,C16424747,99.150124,0,0,0,0,0,0,0,0,0,1
Clc1cc(N2C([C@@H](N(CCC)C(=O)NC(C)(C)C)CC)=Nc3ccccc3C2=O)ccc1,,C16427774,99.157242,0,0,0,0,0,0,1,0,0,1
O=C(Nc1ccc(/C=C/C(=O)c2c(C)nc(-n3c(-c4ccccc4)cc(-c4ccccc4)n3)s2)cc1)C,,C16957633,99.992409,0,0,0,0,0,1,0,0,0,0
S(=O)(=O)(c1c(SCC(=O)Nc2cc(C)cc(C)c2)oc(-c2ccc(F)cc2)n1)c1ccc(F)cc1,,C17010611,100,0,0,0,1,0,1,0,0,0,0
Clc1c(C)cc(OCc2oc([C@@H]3C(C(OCC)=O)=C(C)NC=4CC(C)(C)CC(=O)C3=4)cc2)cc1,,C02769818,100,0,0,0,1,0,0,0,0,0,0
O(C(C)C)C(=O)c1c(C)c(C#N)c(NC(=O)c2cc(-c3ccc(CC)cc3)nc3ccccc23)s1,,C02734292,98.809151,0,0,0,0,0,0,1,0,0,0
Clc1ccc(-c2n(c(SCC(=O)Nc3ccc(CC#N)cc3)nn2)-c2c(C)cccc2)cc1,,C20045076,99.958725,0,0,0,1,0,0,0,1,0,0
S(CC(=O)Nc1c(C(F)(F)F)cccc1)c1nn2C(C)=C(Cc3c(C)ccc(C)c3)C(C)=Nc2n1,,C03039100,89.976166,0,0,0,1,1,1,0,0,0,1
Clc1cc(NC(=O)[C@@H](SC2=Nc3ccccc3C=3N2C(=O)[C@@H](CCC)N=3)CC)ccc1,,C21936116,73.238777,0,0,0,1,0,1,1,0,0,0
S([C@@H](C)C(=O)Nc1c(C)cccc1)c1n(c(-c2c(OC)cccc2)nn1)-c1ccc(C)cc1,,C23639830,99.950462,0,0,0,1,0,0,0,0,0,1
Clc1ccc(S(=O)(=O)N=NCc2c(OC(=O)c3ccc(Cl)cc3)ccc3ccccc23)cc1,,C02530461,100,0,0,0,1,0,1,0,0,0,0
Clc1c(/C(=N/NC(=O)CSc2n(c(-c3ccc(Cl)cc3)nn2)-c2ccccc2)/C)cccc1,,C19849056,99.960556,0,0,0,1,1,1,1,0,0,0
S(CC(=O)Nc1cc(C)c(C)cc1)c1n(Cc2c(C)oc(-c3ccccc3)n2)c2ccccc2n1,,C33050685,77.772469,0,0,0,1,0,0,1,0,0,1
Clc1ccc(NC(=O)CSC=2N(CCC)C(=O)c3n(C)cc(-c4ccccc4)c3N=2)cc1,,C33273880,93.644699,0,0,0,0,0,0,1,1,0,1
Clc1c(c(Cl)ccc1)-c1oc(/C=C(/C(=O)Nc2c(C(OCC)=O)c(C)c(C)s2)\C#N)cc1,,C33568449,100,0,0,0,0,0,0,0,0,0,0
Clc1c(CCN(Cc2c([N+](=O)[O-])cccc2)C(=O)Nc2c(F)cccc2)ccc(Cl)c1,,C35002039,100,0,0,0,0,0,0,1,0,0,0
Clc1cc(NC(=O)N(CCC(C)C)[C@@H](CC)C=2N(CC)C(=O)c3ccccc3N=2)ccc1,,C35044054,97.971642,0,0,0,1,0,1,0,0,0,1
Clc1cc(N2C([C@@H](N(CCCC)C(=O)Nc3ccc(C)cc3)C)=Nc3ccccc3C2=O)ccc1,,C35060011,99.180077,0,0,0,0,0,0,0,0,0,0
Clc1cc(NC(=O)N(CC(C)C)[C@@H](CC)C=2N(c3ccc(F)cc3)C(=O)c3ccccc3N=2)ccc1,,C35066866,99.156235,0,0,0,0,0,0,0,0,0,1
Clc1c(C(=O)Nc2ccc(-n3c(-c4ccc(C)cc4)nc(OCC(C)C)n3)cc2)cccc1,,C35393644,99.348183,0,0,0,1,1,0,0,0,1,0
Clc1ccc(C(=O)Nc2ccc(-n3c(-c4cc(C(F)(F)F)ccc4)nc(OC(C)C)n3)cc2)cc1,,C35807374,99.501694,0,0,0,0,0,1,1,0,0,0
Fc1cc(-n2c(OC(=O)C)c(c(-c3cc(C)ccc3)n2)-c2ccc(NC(=O)c3ccccc3)cc2)ccc1,,C36145384,99.990135,0,0,0,0,0,1,1,0,0,0
S(CC(=O)N/N=C/c1sc(C)cc1)c1n(c(-c2ccc(C)cc2)nn1)-c1ccc(C)cc1,,C01840745,99.962662,0,0,0,1,1,1,1,0,0,0
Clc1c(-c2csc3NC(CSc4n(CC=C)c(-c5ccccc5)nn4)=NC(=O)c23)cccc1,,C09448448,97.759903,0,0,0,0,0,1,0,0,0,0
Clc1c(C)c(NC(=O)CSc2n(CC=C)c(-c3c(C)c4ccccc4o3)nn2)ccc1,,C39772229,99.972549,0,0,0,1,0,1,0,0,0,1
O(CC)c1ccc(N2C(N/N=C/c3ccc(C(C)C)cc3)=NC=3c4ccccc4CC(C)(C)C=3C2=O)cc1,,C40033153,52.52467,0,0,0,0,0,0,0,0,0,0
O(C)c1c(/C=C/C=N/N=C2N(c3ccc(C)cc3)C(=O)C=3[C@](C)(CC)Cc4ccccc4C=3N2)cccc1,,C40035641,56.169537,0,0,0,0,0,1,0,0,0,0
O(CC=C)c1ccc(/C=N/NC=2N(c3ccccc3)C(=O)C=3C4(CCCCC4)Cc4ccccc4C=3N=2)cc1,,C40036821,53.080151,0,0,0,0,0,0,0,0,0,0
Clc1ccc(-c2oc(CCC(=O)Nc3c(C(=O)c4cc(F)c(C)cc4)oc4ccccc34)nc2)cc1,,C41021564,100,0,0,0,0,0,1,1,0,0,0
S(Cc1c(F)cccc1)c1[nH+]c2NC(C)=C(C(OC)=O)[C@H](c3ccc(C(C)C)cc3)n2n1,,C54641711,80.048637,0,0,0,0,0,0,0,0,0,0
S(Cc1c(F)cccc1)c1[nH+]c2NC(C)=C(C(OC)=O)[C@H](c3ccc(C(C)(C)C)cc3)n2n1,,C54641730,80.043159,0,0,0,0,0,0,0,0,0,0
Clc1ccc(-c2nc(SCC(=O)Nc3n(-c4ccccc4)nc(C)c3)nc(C(F)(F)F)c2)cc1,,C58960114,99.652863,0,0,0,1,0,1,0,0,0,0
Clc1c(NC(=O)/C(=C\c2cn(Cc3cc(C(OC)=O)ccc3)c3ccccc23)/C#N)ccc(Cl)c1,,C59117354,100,0,0,0,0,0,1,0,0,0,0
Brc1ccc([C@@H]2C(C(OCC)=O)=C(C)Nc3[nH+]c(SCc4c(C)cccc4)nn23)cc1,,C09942373,83.428986,0,0,0,0,0,0,0,1,0,0
S=C1N([C@@H](CCCCc2n(c([S-])[nH+]n2)-c2c(C)c(C)ccc2)N=N1)c1c(C)c(C)ccc1,,C63934696,99.493126,0,0,1,1,0,1,1,0,0,1
Brc1ccc([C@@H](Nc2ccc(C(OCC)=O)cc2)CC(=O)c2ccc([N+](=O)[O-])cc2)cc1,,C03672364,99.995117,0,0,0,0,0,0,0,1,0,0
OC(OCC)c1c(-c2ccc(OCC=C)cc2)[n+]2C(=O)/C(=C/c3ccc(O)cc3)/Sc2nc1C,,C02189691,73.913712,0,0,0,1,0,0,0,1,0,0
Clc1c(-n2c(SCC(=O)NC(OCC)=O)nnc2-c2ccc(C(C)(C)C)cc2)cccc1,,C08622048,99.967735,0,0,0,1,0,1,1,0,0,0
Clc1ccc(CN2C(SCC(=O)Nc3ccc(CC)cc3)=Nc3cn(CC)nc3C2=O)cc1,,C09299819,94.07991,0,0,0,1,0,1,0,0,0,0
S(CC(=O)Nc1ccc(C(C)C)cc1)c1n(c(-c2cc(OC)ccc2)nn1)-c1ccc(OC)cc1,,C02454419,99.960648,0,0,0,1,0,0,0,0,0,0
S(CC(=O)Nc1c(C)ccc(C)c1)c1n(c(-c2ccc(OC)cc2)nn1)-c1ccc(OCC)cc1,,C09308242,99.93322,0,0,0,1,0,1,0,0,0,0
Clc1c(NC(=O)c2c(-c3ccc([N+](=O)[O-])cc3)nc(Cc3ccc(OCC)cc3)s2)cccc1,,C12618191,100,0,0,0,0,0,0,0,0,0,0
Clc1ccc(-n2c(SCC(=O)Nc3ccc(C(OC)=O)cc3)nnc2-c2ccc(C)cc2)cc1,,C09308919,99.961716,0,0,0,0,0,0,0,1,0,0
S(Cc1cc(C(F)(F)F)ccc1)C(C)(C)CNc1c([N+](=O)[O-])cc(C(F)(F)F)cc1[N+](=O)[O-],,C08857410,99.98909,0,0,0,0,0,0,0,0,0,0
O=C(Nc1c(C)cc2nn(-c3c(C)cc(N(CC)CC)cc3)nc2c1)c1cc(OCCC)ccc1,,C14272833,100,0,0,0,0,0,0,0,0,0,0
O=C(Nc1n(-c2cc(C)ccc2)nc(C(C)(C)C)c1)CN(CCC(C)C)C(=O)c1cc(OC)ccc1,,C16437015,99.669212,0,0,0,1,0,1,1,0,0,1
S=C(NC(=O)c1cc([N+](=O)[O-])c(OCC)cc1)N(c1ccccc1)c1ccc2ccccc2c1,,C16692987,100,0,0,0,0,0,0,1,0,0,0
S(CC(=O)Nc1c(C)ccc([N+](=O)[O-])c1)c1sc(SCc2ccc(C(C)C)cc2)nn1,,C21377753,99.996979,0,0,0,1,0,0,0,0,0,1
Clc1ccc(-c2oc(CSc3sc(Nc4ccc(OC(F)(F)F)cc4)nn3)nn2)cc1,,C22181037,98.6315,0,0,0,1,0,0,1,0,0,0
OC(OCC)c1c(-c2sccc2)[n+]2C(=O)/C(=C/c3c(O)cc(N(CC)CC)cc3)/Sc2nc1C,,C01168074,79.564331,0,0,0,0,0,0,0,0,0,0
S(Cc1ccc(C(C)C)cc1)c1sc(S[C@@H](C)C(=O)Nc2c(C)ccc([N+](=O)[O-])c2)nn1,,C24160928,99.99688,0,0,0,1,0,0,0,1,0,1
S(=O)(=O)(Nc1ccc(SC2=C(CCC)C(C)=Nc3n2ncn3)cc1)c1ccc(C(C)C)cc1,,C33122359,88.149307,0,0,0,1,0,1,1,0,0,0
S(Cc1oc(C(=O)NC(C)C)cc1)c1nc(C(C)C)cc(N2CCN(c3c(F)cccc3)CC2)n1,,C35675921,64.620964,0,0,0,0,0,0,0,0,0,1
S(Cc1c(OC)ccc([N+](=O)[O-])c1)c1sc2cc(NC(=O)/C=C/c3ccccc3)ccc2n1,,C03669349,100,0,0,0,0,0,0,1,0,0,0
Fc1ccc(-n2c(OC(=O)C)c(c(-c3cc(N(C)C)ccc3)n2)-c2ccc(NC(=O)C(C)C)cc2)cc1,,C36125062,99.987251,0,0,0,0,0,1,1,0,0,0
Fc1cc(-n2c(OC(=O)C)c(c(-c3ccc(N(C)C)cc3)n2)-c2ccc(NC(=O)CC)cc2)ccc1,,C36145436,99.975517,0,0,0,0,0,1,0,0,0,0
Clc1c(N([C@H]([C@H](C)c2ccccc2)C(=O)NC(C)(C)C)C(=O)c2ccc([N+](=O)[O-])cc2)cccc1,,C36549968,100,0,0,0,0,0,0,0,0,0,1
Clc1cc(N([C@@H](C(=O)NCCCC)c2ccc(Cl)cc2)C(=O)c2ccc([N+](=O)[O-])cc2)ccc1,,C36554526,100,0,0,0,1,0,0,0,0,0,0
O=[N+]([O-])c1cc(C(=O)N(CCC)[C@H](C(=O)NC(C)(C)C)c2cc3ccccc3c3ccccc23)ccc1,,C36576029,100,0,0,0,0,0,0,0,0,0,1
Clc1c([C@H](N(C(C)(C)C)C(=O)CCC)C(=O)NC(C)(C)CC(C)(C)C)cc([N+](=O)[O-])cc1,,C36589522,100,0,0,0,0,0,0,0,0,0,0
Clc1ccc([C@@H](N(C(C)(C)C)C(=O)c2ccc([N+](=O)[O-])cc2)C(=O)NC(C)(C)CC(C)(C)C)cc1,,C36593724,100,0,0,0,0,0,0,0,0,0,1
O=[N+]([O-])c1cc(-c2c(CCC(=O)N[C@@H](C)c3ccccc3)n3C=C(c4ccccc4)C=Cc3[nH+]2)ccc1,,C37383949,99.897186,0,0,0,0,0,0,0,0,0,0
S(=O)(=O)(Nc1cc(-n2c(-c3cc(C(F)(F)F)ccc3)nc(OCC)n2)ccc1)c1ccc(C)cc1,,C37384935,96.107277,0,0,0,1,0,1,1,0,0,0
S(Cc1ccc(C(C)C)cc1)c1sc(S[C@@H](C)C(=O)Nc2cc([N+](=O)[O-])c(F)cc2)nn1,,C26093321,99.99688,0,0,0,1,0,0,0,1,0,1
O(CC)C(=O)c1cc(NC(=O)[C@@H](OC2=C(c3ccc(C)cc3)Oc3ccccc3C2=O)CC)ccc1,,C40168056,100,0,0,0,1,0,1,1,1,0,1
Clc1c(Cl)cccc1Nc1c([N+](=O)[O-])c(N(Cc2ccccc2)Cc2ccccc2)ncn1,,C40599911,97.992966,0,0,0,0,0,1,0,0,0,0
Clc1c(COc2ccc([C@@H]3C(C(OC)=O)=C(C)Nc4[nH+]c(SCCC)nn34)cc2)cccc1,,C40981533,85.572525,0,0,0,0,0,0,0,1,0,0
Clc1ccc(COc2ccc([C@@H]3C(C(OCC)=O)=C(C)Nc4[nH+]c(SCCC)nn34)cc2)cc1,,C40981555,85.597275,0,0,0,0,0,0,0,1,0,0
Clc1c(COc2ccc([C@H]3C(C(OC)=O)=C(C)Nc4[nH+]c(SCCC)nn34)cc2)c(F)ccc1,,C40981690,85.565704,0,0,0,0,0,0,0,0,0,0
S(CCC)c1[nH+]c2NC(C)=C(C(OC)=O)[C@H](c3ccc(OCc4c(C)cc(C)c(C)c4)cc3)n2n1,,C40981930,85.575089,0,0,0,0,0,0,0,0,0,0
S(CCC)c1[nH+]c2NC(C)=C(C(OCC)=O)[C@H](c3c(OCc4c(C)cccc4)cccc3)n2n1,,C40982336,82.774376,0,0,0,0,0,1,0,0,0,0
Brc1oc(C2=C(C(O)OCCCC)C(C)=Nc3n2nc(SCCCC)n3)cc1,,C41000593,69.115166,0,0,0,1,0,1,0,0,0,0
S(CCCC)c1[nH+]c2NC(C)=C(C(OC)=O)[C@@H](c3ccc(OCc4c(C)cccc4)cc3)n2n1,,C41000663,85.533012,0,0,0,0,0,0,0,1,0,0
Clc1ccc(COc2cc([C@H]3C(C(OC)=O)=C(C)Nc4[nH+]c(SCCCC)nn34)ccc2)cc1,,C41001003,83.509247,0,0,0,0,0,0,0,0,0,0
Clc1c(COc2ccc([C@@H]3C(C(OCCC)=O)=C(C)Nc4[nH+]c(SCC)nn34)cc2)cccc1,,C41002416,85.686615,0,0,0,0,0,0,0,0,0,0
Clc1c(COc2ccc([C@H]3C(C(OCC)=O)=C(C)Nc4[nH+]c(SCC)nn34)cc2)c(F)ccc1,,C41002468,85.682381,0,0,0,0,0,0,0,0,0,0
Clc1c(COc2c([C@H]3C(C(OC(C)C)=O)=C(C)Nc4[nH+]c(SCC)nn34)cccc2)cccc1,,C41002985,82.886513,0,0,0,0,0,1,0,0,0,0
Clc1ccc(-c2oc(SCC(O[C@@H](C)C(=O)Nc3c(-c4ccccc4)cccc3)=O)nn2)cc1,,C09021309,99.998093,0,0,0,1,0,1,1,0,0,1
Clc1c(CSc2nn3C(c4occc4)=C(C(O)OCc4ccccc4)C(C)=Nc3n2)cccc1,,C01283466,78.219231,0,0,0,1,0,1,0,0,0,0
Clc1c(CSc2[nH+]c3NC(C)=C(C(OCC)=O)[C@@H](c4ccc(OCC)cc4)n3n2)cccc1,,C01283541,82.917931,0,0,0,0,0,0,0,1,0,0
Clc1c(CSc2[nH+]c3NC(C)=C(C(OC)=O)[C@H](c4ccc(OCCCC)cc4)n3n2)cccc1,,C54623089,82.891296,0,0,0,0,0,0,0,0,0,0
S(Cc1c(F)cccc1)c1[nH+]c2NC(C)=C(C(OC(C)C)=O)[C@H](c3cc(OCCC)ccc3)n2n1,,C54644122,79.827301,0,0,0,0,0,0,0,0,0,0
Clc1c(C)ccc(-c2oc(/C=C/C(=O)Nc3c(C(OCC)=O)c(C)c(C(OC)=O)s3)cc2)c1,,C22745879,100,0,0,0,1,0,0,1,0,0,0
S(CC(=O)NCc1c(C)cc(C)cc1C)c1sc2cc(/N=C/c3ccc([N+](=O)[O-])cc3)ccc2n1,,C59488144,99.880615,0,0,0,1,0,0,1,0,0,1
FC(F)(F)c1cc([N+](=O)[O-])c(Oc2ccc(C(=O)NCCOc3cc(C)c(C)cc3)cc2)cc1,,C59503283,100,0,0,0,1,0,1,0,0,0,0
S(CC(=O)N1CCOCC1)c1n(CCCOC)c(-c2ccc(C(C)(C)C)cc2)nn1,,C06075526,99.894966,0,0,0,1,0,1,0,0,0,0
FC(F)(F)Cn1c(C)c(C(=O)COC(=O)c2cc(OCc3c(C)onc3C)ccc2)cc1C,,C08712390,100,0,0,0,1,0,1,0,0,1,0
S(=O)(=O)(N(C)c1ccc(C(=O)CSc2n(CC=C)c(C3CCCCC3)nn2)cc1)C,,C09245144,99.580994,0,0,0,1,0,1,0,1,1,0
Brc1ccc(C(=O)COC(=O)CSc2n(CC)c(-c3occc3)nn2)cc1,,C09398589,99.953804,0,0,0,1,0,1,0,0,0,0
S(CCN1C(=O)c2ccccc2C1=O)C=1N(CCCOCC)C(=O)c2ccccc2N=1,,C03285535,96.42804,0,0,0,1,0,1,0,0,1,1
Clc1ccc(OCc2n(Cc3occc3)c(SCC(=O)N(CC)CC)nn2)cc1,,C02629543,99.93232,0,0,0,1,0,1,0,0,0,1
S(=O)(=O)(N(C)C(C)C)c1cc(C(OCc2c(OCC)ccc(C(=O)C)c2)=O)ccc1,,C09752447,100,0,0,0,1,1,1,0,1,1,0
O=C(N(CCc1ccccc1)Cc1c(OCC=C)cccc1)c1nn2C(C)=CC(C)=Nc2n1,,C09764556,99.93882,0,0,0,1,1,1,0,0,0,1
S(=O)(=O)(N(CC)CC)c1ccc(/C=C/C(OCC(=O)N(C(C)C)c2ccccc2)=O)cc1,,C10148560,100,0,0,0,0,0,1,0,0,0,0
S(=O)(=O)(N(C)CCCC(OCC1=CC(=O)Oc2cc(C)c(C)cc12)=O)c1sccc1,,C11032911,100,0,0,0,1,1,1,0,0,1,1
S(Cc1c(C(OCC)=O)cco1)C=1N(CCCOCC)C(=O)c2c(C)c(C)sc2N=1,,C11123391,99.49884,0,0,0,1,0,1,0,0,0,1
S(Cc1ccc(C(F)(F)F)cc1)c1n(CCOC)c(-c2c(OCC)nn(CC)c2)nn1,,C12875119,99.171577,0,0,0,1,0,0,0,0,0,0
S(=O)(=O)(N(CC=C)Cc1oc(-c2ccc(OC)cc2)nn1)c1cc(C(F)(F)F)ccc1,,C14321973,99.997406,0,0,0,1,0,0,0,0,0,0
Fc1c(F)ccc(C(=O)COC(=O)c2ccc(-n3c(C)c(CCC(OC)=O)c(C)n3)cc2)c1,,C17176982,99.95121,0,0,0,0,0,1,0,0,0,0
S(CC(=O)c1c(C)n(CCC=2CCCCC=2)c(C)c1)c1n(CC)c(N2CCOCC2)nn1,,C17877763,80.919571,0,0,0,1,0,1,0,0,0,0
O(CC)C(=O)c1c(C)c2C(=O)N(CC(=O)N(CCC)Cc3ccc(C)cc3)C=Nc2s1,,C18551590,99.952141,0,0,0,0,0,1,0,0,0,1
O(CC(=O)N1[C@H](c2occc2)CC(c2ccc(C)cc2)=N1)C(=O)CCC(=O)c1sc(C)cc1,,C21423723,100,0,0,0,1,1,1,0,0,1,1
O(CC)C(=O)CN(C(=O)COC(=O)c1c(C(=O)c2sccc2)cccc1)c1ccccc1,,C21480142,100,0,1,1,1,0,1,0,0,1,1
O(C)CCn1c(C)c(/C=C(/C(OCc2c(OCC)cc3C[C@@H](C)Oc3c2)=O)\C#N)cc1C,,C21976210,100,0,0,0,1,0,0,0,0,0,0
Clc1c(C)cc(N(CCC#N)C(=O)COC(=O)/C=C/c2cc(OC)c(OCC)cc2)cc1,,C22065681,100,0,0,0,1,0,1,0,0,0,0
S(CC(=O)N(CCC#N)c1cc(C)c(C)cc1)c1n(Cc2occc2)c(C(C)C)nn1,,C22133479,99.687302,0,0,0,1,0,1,0,0,0,0
S(C[C@H]1OCC[NH+](CC(C)C)C1)c1n(Cc2occc2)c(-c2cc(OC)ccc2)nn1,,C15545036,97.14463,0,0,0,1,0,1,1,0,0,0
S(CC(=O)N(CC(C)C)[C@H]1CS(=O)(=O)CC1)c1n(CCC)c(-c2cc(C)ccc2)nn1,,C23647769,99.888397,0,0,0,1,0,1,0,0,0,1
S(CC(=O)N(CC)c1cccc2ccccc12)c1n(CCOC)c(-c2ccncc2)nn1,,C28364797,97.365013,0,0,0,1,1,1,0,0,0,1
S(CC(=O)N(C)Cc1ccc2cc(OC)ccc2c1)c1n(CCC)c(-c2ccncc2)nn1,,C29770207,97.301254,0,0,0,1,0,1,0,0,0,1
S(Cc1c(C(OC)=O)c(-c2ccccc2)c2ccccc2n1)c1n(CCOC)cnn1,,C32741673,99.630013,0,0,0,1,0,1,0,0,0,1
O=[N+]([O-])c1c(C)ccc(C(=O)N(CC(=O)N(Cc2sccc2)Cc2ccccc2)C(C)C)c1,,C00742423,100,0,0,0,0,0,0,0,0,0,1
OC(OCC(C)C)c1c(-c2cc(OCC)c(OCC)cc2)[n+]2C(=O)[C@@H](C)Sc2nc1C,,C33411577,99.999687,0,0,0,1,0,1,0,1,0,1
OC(OC(C)C)c1c(-c2cc(OCC)c(OCC)cc2)[n+]2C(=O)[C@@H](CC)Sc2nc1C,,C33416982,99.999695,0,0,0,1,0,1,0,1,0,0
O(CC(=O)N(Cc1ccccc1)c1sc(C(OCC)=O)c(C)n1)C(=O)/C=C/C=C/C,,C03501062,100,0,0,0,1,0,1,0,0,0,1
O=[N+]([O-])c1c(C)ccc(C(=O)N(CC=C)CC(=O)N(Cc2sccc2)Cc2ccccc2)c1,,C33587875,100,0,0,0,0,0,1,0,0,0,1
O=[N+]([O-])c1c(C[NH+]2C[C@H](CN(CCOC)C(=O)C(C)C)[C@H](c3c(C)cccc3)C2)cccc1,,C34740584,92.11055,0,0,0,1,1,1,0,1,0,1
O(CC)C(=O)CCC(=O)N(C)[C@@H](CC)C=1N(c2ccc(CC)cc2)C(=O)c2ccccc2N=1,,C35093354,99.141747,0,1,0,1,0,1,0,0,0,1
O(C)CCCN([C@@H](CC)C=1N(c2ccc(OCC)cc2)C(=O)c2ccccc2N=1)C(=O)CC,,C35114699,99.031967,0,0,0,1,0,1,0,0,1,1
Clc1c([N+](=O)[O-])cc(C(=O)N(CCOC)Cc2n(Cc3cc(C)ccc3)ccc2)cc1,,C35298975,100,0,0,0,1,0,1,0,0,0,1
S(Cc1nc(-c2cc(OC)ccc2)sc1)c1n(CCOC)c(-c2ccncc2)nn1,,C35522866,97.325302,0,0,0,1,0,1,0,0,0,1
O(C)C(=O)c1n(C)c(C)c(C(=O)CN(C[C@@H]2OCCC2)C(=O)C[C@H](C)CC(C)(C)C)c1C,,C35868304,100,0,0,0,1,0,1,0,0,0,1
Clc1ccc(OCC(=O)N(CC=C)[C@H](C)C(=O)c2c(C)n(C)c(C(OC)=O)c2C)cc1,,C35868548,100,0,0,0,1,0,1,0,1,0,0
S(=O)(=O)(N(CCC(C)C)CC(=O)c1c(C)n(C)c(C(OC)=O)c1C)c1ccc(F)cc1,,C36014685,100,0,0,0,1,0,1,0,0,0,0
O(C)C(=O)c1n(CC)c(C)c(C(=O)CN(CCC(C)C)C(=O)c2ccc(OC)cc2)c1C,,C36018777,100,0,0,0,0,0,1,0,1,1,1
O([C@@H](C)C(=O)N(CCC#N)c1ccccc1)C(=O)/C(=C/c1c(C)n(CCC(C)C)c(C)c1)/C#N,,C36735108,100,0,0,0,1,0,1,0,0,0,0
Brc1ccc(-c2nc(CCN(CCC[NH+]3CCOCC3)C(=O)C(C)C)on2)cc1,,C37381363,95.275017,0,0,0,1,0,1,1,1,0,1
Clc1c(C)cc(OCC(=O)c2ccc3OCC(=O)N(CCCC(=O)N(C)CC)c3c2)cc1,,C37511901,100,0,0,0,1,0,1,0,0,1,1
S(=O)(=O)(N(CC)CC)c1cc(-c2oc(SCCOc3ccccc3)nn2)ccc1,,C02618449,99.998299,0,0,0,1,0,1,0,0,0,0
S(CC(=O)N(CCC#N)c1c(F)cccc1)c1n(Cc2ccccc2)c(-c2occc2)nn1,,C39578513,99.956863,0,0,0,1,0,1,0,0,1,0
Clc1cc(C)c(OCC(OCC(=O)N(CCC#N)c2ccc(OCC)cc2)=O)cc1,,C39587138,100,0,0,1,1,0,1,0,0,0,0
S(Cc1oc(-c2ccc(C)cc2)cn1)c1n(CC)c(CCc2c(C)nn(CC)c2)nn1,,C41346552,99.39959,0,0,0,1,0,1,0,0,0,0
S(CCC(C)C)c1c([N+](=O)[O-])cc(C(=O)N(CCCC)[C@H]2CS(=O)(=O)CC2)cc1,,C58531224,100,0,0,0,1,0,1,0,0,1,0
S(C)c1nc(N(CC)CCc2ccncc2)c(C#N)c(-c2cc(OC)c(OC)cc2)n1,,C62046319,97.042572,0,0,0,1,0,1,0,0,1,0
Clc1cc(S(=O)(=O)N(Cc2occc2)CC=2[C@H](C)C(C(OCC)=O)=NC=2C)ccc1,,C64976210,99.998451,0,0,0,1,0,1,0,0,1,1
S(=O)(=O)(N(CC)CC)c1cc(C(OCC(=O)c2cc(C(F)(F)F)ccc2)=O)ccc1,,C03239736,100,0,0,0,1,1,1,0,0,0,0
O(C)CCN(Cc1oc(C)cc1)C(=O)CN(C(C)C)C(=O)c1ccc(C(C)(C)C)cc1,,C06206419,100,0,0,0,1,0,0,0,0,0,1
Clc1c(CS(=O)Cc2n(C)c(SCc3ccc(C(OC)=O)cc3)nn2)c(Cl)ccc1,,C01397005,99.728371,0,0,0,1,0,1,0,0,0,1
S(CC(=O)N(C)Cc1ccccc1)C=1N(CCCOC(C)C)C(=O)c2ccccc2N=1,,C09621310,97.019424,0,0,0,1,1,1,0,0,0,1
S(CC(=O)c1c(C)n([C@H](C)COC)c(C)c1)c1n(c(-c2sccc2)nn1)-c1ccccc1,,C02623911,99.952911,0,0,0,1,0,1,0,0,0,0
S(CC(=O)c1c(C)n([C@@H](C)COC)c(C)c1)c1nc(c(-c2ccccc2)nn1)-c1ccccc1,,C02634024,99.999878,0,0,0,1,0,1,0,0,0,1
O([C@H](C)C(=O)c1ccc2CCCc2c1)C(=O)Cc1ccc(OCc2c(C)onc2C)cc1,,C09837769,100,0,0,0,1,0,1,0,1,0,0
Clc1c(N2C(SCC(=O)N(CCOC)Cc3ccccc3)=Nc3ccccc3C2=O)cccc1,,C10133686,98.805275,0,0,0,1,1,1,0,0,0,1
Brc1ccc(CN(C)C(=O)CSc2n(CC=C)c(-c3ccc(OC)cc3)nn2)cc1,,C10405565,99.845444,0,0,0,1,1,1,0,0,0,1
S([C@@H](C)C(=O)N(CC)Cc1ccccc1)C=1N([C@@H](C)COC)C(=O)c2ccccc2N=1,,C10420213,97.023468,0,0,0,1,0,1,0,0,0,1
Brc1c(OCC=C)c(OC)cc(/C=C/C(=O)c2ccc(S(=O)(=O)N(C)C)cc2)c1,,C11297356,100,0,0,0,1,0,0,0,1,1,1
Brc1ccc(CN(C)C(=O)CSC=2N(CCCOC)C(=O)c3ccccc3N=2)cc1,,C11551277,97.020264,0,0,0,1,1,1,0,0,1,1
S(=O)(=O)(C)c1ccc(-c2nc(N(CC=C)C(=O)COc3c(C(C)C)ccc(C)c3)sc2)cc1,,C12794997,100,0,0,0,1,0,0,0,1,0,1
S(CC(=O)N(CC(F)(F)F)Cc1ccccc1)c1n(c(-c2c(C)occ2)nn1)-c1ccccc1,,C12528592,99.848076,0,0,0,0,0,1,0,0,0,0
O=C(N(CCc1ccccc1)Cc1c(OCC=C)cccc1)c1ccc(-n2ncnc2)cc1,,C13102849,98.440178,0,0,0,1,0,0,0,0,0,0
S(CC(=O)N(CCCn1cncc1)c1sc2ccccc2n1)c1ccc(OC)cc1,,C10578868,79.423302,0,0,0,1,0,1,0,0,0,1
Clc1sc(CN(C)C(=O)COc2ccc(S(=O)(=O)N(CC)c3ccccc3)cc2)cc1,,C14170495,100,0,0,0,1,0,1,0,0,1,0
S(=O)(=O)(N(CC)CC)c1c(F)ccc(C(=O)N(CC=C)c2scc(-c3ccccc3)n2)c1,,C14723955,100,0,0,0,0,0,1,0,0,0,1
S(CC(=O)c1c(C)n(CC(F)(F)F)c(C)c1)c1n(Cc2ccccc2)c(-c2occc2)nn1,,C03416902,99.952667,0,0,0,1,0,1,0,0,0,0
O=C(N(C)Cc1ccc(OCC=C)cc1)CCN1C(=O)c2c(-c3ccc(C)cc3)csc2N=C1,,C16200992,99.863136,0,0,0,1,0,1,0,0,0,1
Clc1cc(-n2c(SCC(=O)N(CC=C)Cc3sccc3)nnc2N2CCCC2)ccc1,,C17897713,88.96376,0,0,0,1,1,1,0,0,1,0
S(=O)(C)c1ccc(C(OCC(=O)N(/N=C/c2ccccc2)c2cc(C(F)(F)F)ccc2)=O)cc1,,C18372476,100,0,1,0,0,0,0,0,0,0,1
S(CC(=O)N(CCC)Cc1ccc(C)cc1)c1n(c(-c2ccncc2)nn1)-c1ccc(F)cc1,,C19059893,97.684669,0,0,0,1,0,1,0,0,0,0
S(C)c1c(C(=O)N(CCC[NH+]2CCOCC2)c2sc3cccc(OCC)c3n2)cccc1,,C20587269,93.948349,0,0,0,1,0,0,1,0,0,1
S(CC(=O)c1c(C)n(CC)c(C)c1)c1n(CC)c(CSc2sc3ccccc3n2)nn1,,C21461782,99.725746,0,0,0,1,0,1,0,0,0,0
S(=O)(=O)(N(CC)CC)c1ccc2n(C[C@@H]3OCCC3)c(SCc3c(C)cccc3)nc2c1,,C23449064,85.35273,0,0,0,1,0,1,0,1,0,0
S(=O)(=O)(N(CC)CC)c1ccc2n(C[C@@H]3OCCC3)c(SCc3c(F)cc(F)cc3)nc2c1,,C23456868,86.452065,0,0,0,1,0,1,0,1,0,0
Clc1c(Cn2c(C)c(CN(C)C(=O)CCc3c(C)n(CC(C)C)nc3C)c(C)n2)cccc1,,C23732477,99.675186,0,0,0,1,0,1,0,0,0,1
S(Cc1c(C)onc1C)c1c(C(OCC(=O)c2cc(C(F)(F)F)ccc2)=O)cccn1,,C24342024,99.872238,0,1,0,1,0,1,0,0,0,0
S=C1N(CC(OCC)=O)C(=O)/C(=C\2/C(=O)N(CCCCCC)c3ccccc/23)/S1,,C27563164,100,0,0,0,1,0,1,0,0,0,1
S(CC(=O)N(C)Cc1cc(F)c(OC)cc1)c1n(c(Cc2sccc2)nn1)-c1ccccc1,,C26574939,99.55455,0,0,0,0,1,1,0,0,0,0
S=C1N(CCCCCC)C(=O)/C(=C/C2=C(N(C)Cc3ccccc3)N(C)C(=O)C(C#N)=C2C)/S1,,C33454525,100,0,0,0,1,1,1,0,0,1,1
Brc1ccc(C(=O)N(CC(=O)N(C[C@@H]2OCCC2)Cc2occc2)[C@H](C)CC)cc1,,C33786871,100,0,0,0,1,0,0,0,0,0,1
O=C(CCC1CCCC1)N1CC[NH+](CCN(CC=2[C@@H]3C(C)(C)[C@@H](C3)CC=2)C(=O)c2occc2)CC1,,C34997607,75.356796,0,0,0,0,0,0,0,0,0,0
Clc1ccc(OCC(=O)N2CC[NH+](CCN(CC=3[C@@H]4C(C)(C)[C@@H](C4)CC=3)C(=O)CC)CC2)cc1,,C35100142,72.643463,0,0,0,1,0,1,0,0,0,1
O=C(N(Cc1ccccc1)CC=1C(=O)c2cc(C)ccc2OC=1)CN(CC=C)C(=O)c1sccc1,,C35452935,100,0,0,0,1,0,1,0,0,0,1
Fc1ccc2OC=3C(=O)N(CCOC)[C@@H](c4cc(OCCCCC)ccc4)C=3C(=O)c2c1,,C35487403,100,0,0,0,1,0,1,0,0,0,0
Brc1cc(C(=O)N(CC=C)[C@@H](C)C(=O)c2c(C)n(C)c(C(OCC)=O)c2C)ccc1,,C35542468,100,0,0,0,1,0,0,0,0,0,0
Fc1ccc(CN([C@H](C)C(=O)c2c(C)n(CC)c(C(OC)=O)c2C)C(=O)CC(C)C)cc1,,C35665207,100,0,0,0,0,0,0,0,0,0,1
Brc1ccc(S(=O)(=O)N(CC(C)C)Cc2cc(OS(=O)(=O)CC)ccc2)cc1,,C35770515,100,0,0,0,1,0,1,0,1,1,1
O(CC)C(=O)c1n(CC)c(C)c(C(=O)CN(C(=O)C23CC4CC(C2)CC(C3)C4)C2CC2)c1C,,C35869017,100,0,0,0,1,0,0,0,0,0,0
Brc1cc(C(=O)N(CC(=O)c2c(C)n(CC)c(C(OCC)=O)c2C)C2CC2)ccc1,,C35869030,100,0,0,0,1,1,1,0,0,0,0
S=C1N(CCCCC)C(=O)/C(=C/C2=C(N(CCCC)C(=O)C(C#N)=C2C)N2CCCC2)/S1,,C39990351,100,0,0,0,1,0,1,0,0,0,1
O=C(N(C)Cc1n(CCCCOc2cc(C)cc(C)c2)c2ccccc2n1)c1ccncc1,,C40184041,79.508553,0,0,0,1,0,1,0,0,0,0
Brc1c(OCC)c(OC)cc(/C=C\2/C(=O)N(CC(OCC(C)C)=O)C(=S)S/2)c1,,C40888800,100,0,0,0,1,0,1,0,1,1,0
Brc1c(OC(C)C)c(OC)cc(/C=C\2/C(=O)N(CCC(OCC)=O)C(=S)S/2)c1,,C40938058,100,0,0,0,1,0,1,0,1,1,0
Clc1cc(CSCC(OCC(=O)N2CCN(c3c(F)cc(C(=O)C)cc3)CC2)=O)ccc1,,C45632650,100,0,0,0,1,0,1,0,0,1,0
FC(F)(F)c1c(-n2c(C)c(/C=C/3\C(=O)N(CCOC)C(C)=C\3C(OCC)=O)cc2C)cccc1,,C13939885,100,0,0,0,1,0,0,0,0,0,1
Brc1ccc(OCc2n(c(SCCC#N)nn2)-c2ccc(OCC)cc2)cc1,,C09163084,99.740532,0,0,0,0,0,1,0,0,0,0
Clc1c(OCCC)c(OC)cc(/C=C/C(=O)N(C(C)C)c2ccc(S(=O)(=O)C)cc2)c1,,C60340987,100,0,0,0,1,0,0,0,1,0,1
Clc1c(OCCCOc2c(C)ccc(C)c2)c(OCC)cc(/C=N/NC(=O)C)c1,,C04588150,100,0,0,0,1,1,1,1,1,0,1
O=C(Nc1cc(CC)ccc1)N(CC(C)C)CC(=O)N(CC(C)C)Cc1n(C)ccc1,,C04589368,100,0,0,0,1,1,1,0,0,0,1
S(=O)(=O)(N(CC)CCCC)c1c(F)ccc(C(=O)Nc2c(OCC)cccc2)c1,,C03022398,100,0,0,0,1,0,1,0,0,0,0
S(=O)(=O)(N(CCC)CCC)c1cc(C(=O)Nc2c(OCC)cccc2)c(F)cc1,,C03031563,100,0,0,0,1,0,0,0,1,0,0
S(C#N)c1c(C)c(C(OCC)=O)sc1NC(=O)c1ccc(OCCCC)cc1,,C07345687,100,0,0,0,0,0,1,0,1,0,0
S(Cc1c(C)onc1C)c1c(C(OCC(=O)N[C@H](C)c2ccc(CC)cc2)=O)cccc1,,C08712495,100,0,0,0,1,0,1,1,0,0,0
Clc1c(Cl)cccc1NC(=O)[C@H](OC(=O)CCC(=O)c1ccc(OCC)cc1)C,,C09385541,100,0,0,0,1,0,1,0,0,0,0
S(=O)(=O)(N(CC=C)CC=C)c1ccc(NC(=O)c2cc(O[C@@H](C)CC)ccc2)cc1,,C10473656,100,0,0,0,1,0,0,0,1,0,0
Clc1c(Cl)ccc([C@@H](NC(=O)COC(=O)COc2ccc(C(=O)CC)cc2)C)c1,,C11406365,100,0,1,0,1,0,1,1,0,1,1
S(CC(=O)NCCOc1cc(C)ccc1)C=1N(CCC(C)C)C(=O)c2ccccc2N=1,,C11829042,96.943588,0,0,0,1,1,1,1,1,0,1
Clc1ccc(O[C@@H](C)C(=O)Nc2ccc(S(=O)(=O)N(CC=C)CC=C)cc2)cc1,,C14007014,100,0,0,0,1,0,1,0,1,0,0
Clc1c(O[C@H](C)C(=O)Nc2ccc(S(=O)(=O)N(CCC)CCC)cc2)cccc1,,C14026598,100,0,0,0,1,0,1,0,0,0,0
FC(F)(F)c1c(NC(=O)CN(CC)C(=O)CCCOc2c(OCC)cccc2)cccc1,,C15001081,100,0,0,0,1,1,1,1,0,0,1
S(=O)(=O)(N(CC(C)C)CC(C)C)c1ccc(C(=O)Nc2ccc(OCC)cc2)cc1,,C15768819,100,0,0,0,1,0,0,0,0,0,0
S(=O)(=O)(N(CC)CC)c1ccc(/C=C/C(=O)Nc2c(OCCC)cccc2)cc1,,C15998452,100,0,0,0,1,0,0,0,0,0,0
O=C(N[C@H](C)C(C)C)c1oc(Cn2c(CN(CCC)C(=O)c3ccc(C)cc3)ccc2)cc1,,C16533784,100,0,0,0,1,0,0,0,0,0,0
Fc1c(C(=O)N(CCC)Cc2n(Cc3oc(C(=O)N[C@@H](C)C(C)C)cc3)ccc2)cccc1,,C16533863,100,0,0,0,0,0,0,0,0,0,1
Fc1c(NC(=O)[C@H](OC(=O)/C=C/c2cc(OCC)c(OCCC)cc2)C)ccc(F)c1,,C16867662,100,0,0,0,1,0,0,0,0,0,0
S(=O)(=O)(NCC[NH+](Cc1sccc1)[C@H](C)CC)c1c(C)ccc(-c2onc(C)c2)c1,,C20580785,95.108246,0,0,0,1,1,1,1,1,0,0
Clc1ccc(-c2n(CCCCCC)c(SCC(=O)N[C@@H](C)COC)nn2)cc1,,C20792614,99.88353,0,0,0,1,0,1,1,0,1,1
FC(F)(F)c1cc(C(OCC(=O)N(CCC)CC(=O)Nc2c(C)cccc2)=O)ccc1,,C21173528,100,0,0,0,1,1,1,0,1,0,1
S(=O)(=O)(N(CC(=O)N[C@H](CC)c1cc(C)c(C)cc1)c1ccc(OCCC)cc1)C,,C22427438,100,0,0,0,1,0,1,1,1,0,1
Clc1c(CCC(=O)Nc2cc(S(=O)(=O)N(CC)CC)c(OCC)cc2)cccc1,,C23309193,100,0,0,0,1,0,1,1,0,0,0
S(CC(=O)N[C@H](C)c1ccc(CC(C)C)cc1)c1n(CCC)c(-c2ccncc2)nn1,,C23592666,97.302101,0,0,0,1,0,1,1,0,0,0
S(CC(=O)Nc1c(F)ccc(F)c1)c1n(CCC(C)C)c(COc2ccccc2)nn1,,C24724462,99.906891,0,0,0,0,0,1,0,0,0,1
S(C[C@@H](O)COc1c(C(C)(C)C)cccc1)c1oc([C@H](Oc2c(F)cccc2)C)nn1,,C25066473,99.999023,0,0,0,1,0,1,1,0,1,0
Fc1c(-c2oc(CCC(O[C@H](C)C(=O)Nc3c([C@@H](C)CC)cccc3)=O)nc2)cccc1,,C30760323,100,0,0,0,1,0,1,0,1,0,0
S(CC(=O)Nc1c(C(OCC)=O)c(C)c(C(OC(C)C)=O)s1)c1ccc(C)cc1,,C01932253,100,0,0,0,1,0,0,1,0,1,0
O(CC)C(=O)c1scc(-c2n(CCC=3CCCCC=3)c(C)c(C(=O)N[C@H](C)CC)c2)n1,,C33601122,100,0,0,0,0,0,1,0,0,0,0
O(CC)C(=O)c1c(NC(=O)/C=C/c2cc(OCC)c(OCC)cc2)sc2CCCc12,,C33670005,100,0,0,0,1,0,0,1,0,1,0
O=C(NCc1ccccc1)N(CC=C)CC(=O)N(CCc1ccccc1)Cc1occc1,,C33731144,100,0,0,0,1,1,1,1,0,0,1
O=C(N(CCC[C@H](Nc1cc(OC)cc2cccnc12)C)Cc1ccc(N(C)C)cc1)CC,,C35096009,98.444374,0,0,0,0,1,0,0,0,0,0
Clc1c(C)ccc(-c2nc(CCN(C[C@@H](O)CCC=C)Cc3occc3)on2)c1,,C36147844,62.03857,0,0,0,1,0,1,0,0,0,1
Brc1ccc(-c2nc(CCN(C[C@H](O)CCC=C)Cc3occc3)on2)cc1,,C36155333,61.861935,0,0,0,1,0,1,0,0,0,1
O=C(N(Cc1occc1)[C@@H](C(=O)NCCCC)c1c(OC)ccc2ccccc12)CCC,,C36503070,100,0,0,0,1,0,1,1,0,0,1
O=C(N(Cc1oc(C)cc1)[C@H](C(=O)NCCCC)c1ccc(N(C)C)cc1)CC(C)C,,C36556268,100,0,0,0,0,0,1,1,0,0,1
S(=O)(=O)(N(C)c1ccc(OCC(=O)N[C@@H](C)CCC(C)C)cc1)c1sccc1,,C25348731,100,0,0,0,1,0,1,0,0,1,0
S(C)c1c(NC(=O)CSc2n(CC=C)c([C@@H](Oc3ccccc3)C)nn2)cccc1,,C39972448,99.906181,0,0,0,1,0,1,0,0,0,1
S(C)c1c(NC(=O)CSc2n(CC=C)c([C@H](Oc3ccccc3)C)nn2)cccc1,,C39972449,99.906181,0,0,0,1,0,1,1,0,0,1
O=C(N(CCC)CCC)Cn1c([C@H](NC(=O)/C=C\c2ccccc2)C)nc2ccccc12,,C40191558,83.826637,0,0,0,1,0,1,1,0,0,0
FC(F)(F)c1cc(NC(=O)N(CCCCC)Cc2scc(C(OC)=O)n2)ccc1,,C40367994,100,0,0,0,0,0,1,0,0,0,0
Clc1cc(/C=C/C(=O)Oc2c(OC)cc(/C=C(/C(=O)NCCCC)\C#N)cc2)ccc1,,C40993280,100,0,0,0,0,0,0,0,0,0,0
S(CC(=O)Nc1ccc(OC)cc1)c1n(CC=C)c(Cc2c(CC)cccc2)nn1,,C41124436,99.703468,0,0,0,1,0,1,0,0,0,0
O(CC)C(=O)c1scc(-c2n(CCCC)c(C)c(C(=O)NCCC=3CCCCC=3)c2)n1,,C43252142,100,0,0,0,0,0,1,0,0,0,1
S(CC(=O)c1ccc(OCC)cc1)c1n(-c2cc(C(=O)NCCCC)ccc2)ccn1,,C57486297,81.922523,0,0,0,1,0,0,0,1,0,0
O([C@H](C)C(=O)c1c(C)c(C(=O)C)c(C)[nH]1)C(=O)CCC(=O)c1ccc(-c2ccccc2)cc1,,C18959598,100,0,0,0,1,0,1,0,1,0,0
S=C(Nc1cc(C)c(C)cc1)N(Cc1c(OC)c(OC)c(OC)cc1)Cc1occc1,,C59062204,100,0,0,0,1,0,1,0,0,0,1
S(CCC(=O)Nc1cccc2ccccc12)c1n(CC=C)c(COc2ccccc2)nn1,,C59266021,99.885239,0,1,0,1,0,1,1,0,0,1
Fc1ccc(-c2n[nH]c(CCCCCN(C)C(=O)c3c(OCCOC)cccc3)c2)cc1,,C59994773,77.380501,0,0,1,1,0,1,0,0,0,1
S(=O)(=O)(N(CC)CC)c1cc(NC(=O)CCC=C)c(Oc2ccc(F)cc2)cc1,,C60364735,100,0,0,0,0,0,1,0,1,0,0
Brc1c(C)n(C[C@H](C)c2[nH+]c-3n(n2)C=Nc2sc(C(OC)=O)c(C)c-32)nc1C,,C02804108,71.425529,0,0,0,0,0,1,1,0,0,0
S(=O)(=O)(N1CCN(c2ncnc3cc(-c4ccc(F)cc4)sc23)CC1)c1c(C)onc1C,,C08750768,85.286034,0,0,0,0,0,0,0,0,0,0
S(CC(=O)N1CCC(C)CC1)c1nc(-c2cc(C)cc(C)c2)nc2N(C)C(=O)N(C)C(=O)c12,,C08900918,99.771835,0,0,0,0,0,1,0,0,0,0
O=C(CCCc1n-2c(N(C)C(=O)c3sccc-23)nn1)N1CCN(c2c(C)ccc(C)c2)CC1,,C09118926,98.886192,0,0,0,1,1,1,0,0,0,0
S(=O)(=O)(N1CCN(C(=O)c2nn(c(-c3ccccc3)n2)-c2ccccc2)CC1)c1c(F)cccc1,,C09578335,99.952042,0,0,0,1,0,1,0,0,0,0
S(CC(=O)N1N=C(c2ccccc2)CC1)c1n(c(N2CCOCC2)nn1)-c1cc(F)ccc1,,C09725198,91.385574,0,0,0,1,0,0,0,0,0,0
O=C(N1CCOCC1)[C@H]1Oc2ccccc2N(C(=O)c2sc3n(CC(C)C)nc(C)c3c2)C1,,C10219874,99.939384,0,1,0,1,0,1,0,0,1,0
ClC=1C(=O)N(c2ncc(C(F)(F)F)cc2)N=CC=1N1C[C@H](c2n3CCCCCc3nn2)CCC1,,C10646051,99.114571,0,0,0,1,0,1,0,0,0,0
S(=O)(=O)(N1CCN(c2ncnc3n(-c4ccccc4)ncc23)CC1)c1cc(C(F)(F)F)ccc1,,C12815953,80.231979,0,0,0,1,0,0,0,0,0,0
O=C(N(C)[C@@H]1CS(=O)(=O)CC1)COc1cc2OC(C)(C)CCc2c2OC(=O)C(C)=C(C)c12,,C12898102,100,0,0,0,1,1,1,0,1,0,1
O=C(N(C(=O)C)c1ccc(Oc2ccc(Oc3ccc(N(C(=O)C)C(=O)C)cc3)cc2)cc1)C,,C00808574,100,0,0,0,0,0,0,0,0,0,0
FC(F)(F)c1cc(N2C(C)=CC(=O)C(C(OCC=3N=C4SC=CN4C(=O)C=3)=O)=N2)ccc1,,C14119671,99.656845,0,0,0,1,0,1,0,0,0,1
Brc1c(CN(C)c2c([N+](=O)[O-])cc(S(=O)(=O)N3CCOCC3)cc2)cccc1,,C15167580,100,0,0,0,1,1,0,0,1,1,0
S(=O)(=O)(N1CCOCC1)c1cn(C)c(C(=O)N(CC(C)C)c2sc3ccccc3n2)c1,,C18184601,100,0,0,0,1,0,1,0,1,1,1
Brc1ccc(Cn2c(CN3C[C@@H](C)O[C@H](C)C3)[nH+]c3N(C)C(=O)N(C)C(=O)c23)cc1,,C20235218,61.174282,0,0,0,1,0,1,0,0,0,0
Brc1ccc(Cn2c(CN3C[C@@H](C)O[C@@H](C)C3)[nH+]c3N(C)C(=O)N(C)C(=O)c23)cc1,,C16475652,61.174282,0,0,0,1,0,1,0,1,0,0
Clc1c(C(=O)N2CCN(c3c([N+](=O)[O-])cc(F)c(N4CCOCC4)c3)CC2)cc(F)c(F)c1,,C20428675,100,0,0,0,0,0,0,0,0,0,0
Fc1ccc(-c2noc3N=CN(CC(=O)N4CCN(c5c(C)cc(C)cc5)CC4)C(=O)c23)cc1,,C20574388,99.997559,0,0,0,1,0,1,0,0,0,0
Fc1ccc2nc(N(CC[NH+]3CCOCC3)C(=O)CN3C(=O)c4ccccc4C3=O)sc2c1,,C20743417,56.943733,0,0,0,1,0,1,1,0,0,1
O=C(N1CCN(c2c(C)c(C)ccc2)CC1)[C@H]1CN(c2cc(-c3nc(C)on3)ccc2)C(=O)C1,,C21884971,99.995857,0,0,0,1,0,0,0,0,0,0
O=C(CN1C(=O)c2cnn(-c3cc(C)cc(C)c3)c2N=C1)c1c(C)n(C[C@H]2OCCC2)c(C)c1,,C22879251,99.962242,0,0,0,1,0,0,0,0,0,0
Fc1ccc(N2CCN(C(=O)CN3C(=O)c4cnn(-c5cc(C)cc(C)c5)c4N=C3)CC2)cc1,,C22879988,99.964081,0,0,0,1,0,0,0,0,0,0
Clc1c(C(F)(F)F)cc(S(=O)(=O)N2CCN(C(=O)c3ccc([N+](=O)[O-])cc3)CC2)cc1,,C23107951,100,0,0,0,1,0,0,0,0,0,0
S(=O)(=O)(N1CCN(C(=O)c2ccc3N(CC)C(=O)C(C)=Nc3c2)CC1)c1c(C)c(C)cc(C)c1C,,C24399208,99.998436,0,0,0,0,0,1,0,0,0,0
Clc1cc(C[NH+]2CCN(S(=O)(=O)c3cccc4nsnc34)CC2)cc2OCCCOc12,,C19105817,73.82991,0,0,0,1,0,1,0,1,1,1
S=C1N(CCCC)C(=O)/C(=C/C2=C(N3CCC4(OCCO4)CC3)[NH+]=C3C(C)=CC=CN3C2=O)/S1,,C26779560,94.077789,0,0,0,1,0,1,0,1,1,0
S(CC(=O)N1CCN(C(=O)[C@@H]2Oc3ccccc3OC2)CC1)c1nc(C)cc(-c2ccccc2)n1,,C29975043,99.850433,0,0,0,1,0,1,0,0,0,0
Clc1ccc2-c3n(c(COC)nn3)C(N3C[C@H](C)N(C(=O)c4c(F)cccc4F)CC3)=Nc2c1,,C34700280,87.294662,0,0,0,1,0,1,0,0,0,1
Fc1cc([C@@H]2N(CC(=O)N3CCN(C(=O)c4cc([N+](=O)[O-])ccc4)CC3)CCc3sccc23)ccc1,,C34788230,73.2239,0,0,0,0,0,0,0,0,0,0
S(CC(=O)N1CCOCC1)c1n2C(SC)=Nc3sc4CO[C@@H](C(C)C)Cc4c3-c2nn1,,C34789103,99.694695,0,0,0,0,0,1,0,0,0,0
FC(F)(F)c1ccc(C(=O)N2[C@H](C)CN(C=3n4c(COC)nnc4-c4ccccc4N=3)CC2)cc1,,C35890100,84.543915,0,0,0,1,0,1,0,0,0,1
Clc1c(-n2nc(C)c3c(N4CCN(C(=O)c5ccccc5)CC4)nc(COC)nc23)cccc1,,C35990346,82.136642,0,0,0,0,0,0,0,0,0,1
S(CC(=O)N1CCN(c2ccccc2)CC1)c1ncnc2n(Cc3c(F)cccc3)nnc12,,C04056938,99.958542,0,0,0,1,0,1,0,0,0,0
Fc1ccc(-c2noc3N=CN(CC(=O)N4CCN(c5c(C)ccc(C)c5)CC4)C(=O)c23)cc1,,C08595877,99.997559,0,0,0,1,0,1,0,0,0,0
Brc1oc(C(=O)/N=C\2/N(CC(OC)=O)c3ccc(S(=O)(=O)C)cc3S/2)cc1,,C38929870,99.643936,0,0,0,1,1,1,0,1,0,0
Clc1ccnc-2c1C(=O)CCc1c(S(=O)(=O)Oc3ccccc3)c(C)n(S(=O)(=O)C(C)C)c-21,,C39458896,99.746338,0,0,0,1,0,1,0,0,0,1
Clc1ccnc-2c1C(=O)CCc1c(S(=O)(=O)C(C)C)c(C)n(S(=O)(=O)Oc3ccccc3)c-21,,C39458907,99.773026,0,0,0,1,0,1,0,0,0,1
Fc1c(-n2c(C)cc(C=3C(=O)N4C(CC(=O)N5CC[NH+](CC)CC5)=CSC4=NC=3C)n2)cc(F)cc1,,C40386305,96.360725,0,0,0,0,1,1,0,0,0,1
O=C(CCN1C(=O)C(N2CCOCC2)=Nc2ccccc12)N1CCN(c2c(C)c(C)ccc2)CC1,,C40839181,95.101761,0,0,0,0,0,1,0,0,0,1
O=C(N1CC[NH+](Cc2c(C)oc(-c3ccc(OCC)cc3)n2)CC1)[C@@H]1Oc2ccccc2OC1,,C40966805,63.468605,0,0,0,1,0,1,0,0,0,0
S(=O)(=O)(N1CCN(C(=O)c2c(C(C)C)n(-c3ncccc3)nc2)CC1)c1c(C)cc(C)cc1,,C46672176,99.979233,0,0,0,1,0,1,0,0,0,0
S(CC(=O)N1CCn2c3ccccc3[nH+]c12)c1oc(CCc2sc3ccccc3n2)nn1,,C56902983,56.105743,0,0,0,1,1,1,1,1,0,1
Clc1ccc(N2CCN(C(=O)CN3CCN(c4c(C)n(-c5ncccc5)nc4C)CC3)CC2)cc1,,C56938587,75.661018,0,0,0,1,0,1,0,0,0,0
Brc1cc([N+](=O)[O-])c(S(=O)(=O)N2CC[NH+](Cc3ccc(C#N)cc3)CC2)cc1,,C58305098,69.931618,0,0,0,1,0,0,0,0,0,0
O=C(N1CC[NH+](Cc2c(C)onc2C)CC1)c1c(OCc2[nH+]c3C(C)=CC=Cn3c2)cccc1,,C58978208,77.952011,0,0,0,1,1,0,0,1,1,0
Clc1c(C(OC)=O)ccc(-c2oc(/C=C/3\C(=O)N(C)C(=O)N(c4ccccc4)C\3=O)cc2)c1,,C59138944,100,0,0,0,1,0,1,0,0,0,0
S=C1N(C)C(=O)/C(=C\c2c(C)n(c(C)c2)-c2cc([N+](=O)[O-])c(C)cc2)/C(=O)N1c1ccccc1,,C59595138,100,0,0,0,0,0,1,0,0,0,0
Brc1c(COC(=O)CN2C(=O)c3oc4ccccc4c3N=C2)cc2OCCOc2c1,,C17152694,99.869553,0,0,0,1,1,1,0,0,0,0
S(=O)(=O)(N1C[C@H](C(=O)N2CCC(C)CC2)CCC1)c1c(C)sc(-c2nc(C3CCC3)on2)c1,,C35426122,99.996986,0,0,0,1,0,1,0,0,0,1
Brc1cc(-c2onc(-c3ccc4n(CCC(=O)N5CCCC5)cnc4c3)n2)cnc1,,C35460126,89.326324,0,0,0,1,0,1,0,0,0,0
O=C(O[C@H]1[C@]2(C)[C@H](C(C)(C)CC1)C[C@@H](OC(=O)C)[C@]13[C@@H](OC(=O)C)[C@](OC(=O)C)(C(=C)C1=O)C[C@@H](OC(=O)C)[C@@H]23)C,,C04268171,100,0,0,0,1,0,0,0,0,0,0
O=C(O[C@H]1[C@]2(C)[C@@H](C(C)(C)CC1)C[C@@H](OC(=O)C)[C@]13[C@@H](OC(=O)C)[C@](OC(=O)C)(C(=C)C1=O)C[C@@H](OC(=O)C)[C@H]23)C,,C04268173,100,0,0,0,1,0,0,0,0,0,1
S(=O)(=O)(N1CCOCC1)c1ccc(-c2n(C)c(SCC(=O)Nc3ccc(N(C)C)cc3)nn2)cc1,,C00883771,99.923653,0,0,0,1,0,0,0,1,0,0
S(CC(=O)N/N=C/c1cc(OC)c(OC(=O)C)cc1)c1n(c(-c2ccncc2)nn1)-c1ccc(C)cc1,,C01474664,97.704918,0,0,0,1,0,0,1,0,0,0
S(CC(=O)Nc1ccc2OCCOc2c1)c1nc(-c2cc(C)ccc2)nc2N(C)C(=O)N(C)C(=O)c12,,C08896489,99.783577,0,0,0,1,0,1,0,0,0,1
FC(F)(F)c1cc(CN2C(=O)c3cnn(CCNC(=O)/C=C\c4ccc([N+](=O)[O-])cc4)c3N=C2)ccc1,,C09016474,99.928459,0,0,0,1,0,0,1,0,0,0
S(=O)(=O)(N(C)c1ccccc1)c1ccc(C(=O)Nc2oc(-c3ccc(S(=O)(=O)C)cc3)nn2)cc1,,C09346770,99.995094,0,0,0,1,0,1,0,1,0,0
O=C(NCc1occc1)/C(=C/C1=C(N2CCN(c3ccc(OC)cc3)CC2)[NH+]=C2N(C1=O)C=CC=C2)/C#N,,C09375607,92.029587,0,0,0,1,0,1,0,0,0,0
O(C)C(=O)c1oc(COc2c(OC)cc(/C=C/3\C(=O)N(c4c(C)c(C)ccc4)C(=O)NC\3=O)cc2)cc1,,C09973339,99.977814,0,0,0,1,0,1,0,0,0,0
S(C[C@@H](C)Cn1c(N2CCN(c3ccccc3)CC2)[nH+]c2N(C)C(=O)NC(=O)c12)c1nc(C)ccn1,,C10249149,98.970566,0,0,0,1,0,1,1,0,0,1
O=C(N(Cc1occc1)[C@@H](C(=O)NC[C@H]1OCCC1)c1ccc(OCC)cc1)Cn1nnc2ccccc12,,C12480161,98.49173,0,0,0,1,0,1,1,1,0,1
O=C(N(Cc1occc1)[C@H](C(=O)NC[C@H]1OCCC1)c1ccc(OCC)cc1)Cn1nnc2ccccc12,,C12480169,98.49173,0,0,0,1,0,1,1,1,0,1
S(=O)(=O)(Nc1ccc(C(OCC(=O)N2CCN(C(=O)c3occc3)CC2)=O)cc1)c1sccc1,,C12600477,57.157951,0,0,0,0,0,0,0,0,1,0
Clc1c(CN([C@H](C(=O)NC(C)(C)C)c2oc(C)cc2)C(=O)Cn2nc(-c3oc(C)cc3)nn2)cccc1,,C12716311,93.418602,0,0,0,1,0,1,1,0,0,1
S(=O)(=O)(N1CCOCC1)c1cc(NC(=O)/C=C/c2c([N+](=O)[O-])cccc2)c(N2CCOCC2)cc1,,C12546680,100,0,0,0,1,1,1,0,1,0,0
Fc1ccc(N2C(=O)C[C@@H](C(=O)Nc3n(-c4ncnc5n(-c6cc(C)c(C)cc6)ncc45)nc(C)c3)C2)cc1,,C13962920,99.894096,0,0,0,1,0,1,1,0,0,0
O=[N+]([O-])c1ccc(Oc2ccc(C(=O)COC(=O)CN3C(=O)[C@@H]4[C@@H](C3=O)[C@H]3[C@H]5C[C@H]5[C@@H]4C=C3)cc2)cc1,,C16184449,100,0,0,0,1,0,1,0,0,0,1
S(=O)(=O)(N(C)C)c1ccc(C(=O)C2=C([O-])C(=O)N(CC[NH+](C)C)[C@@]32C(=O)N(CC)c2ccccc32)cc1,,C19927849,98.088913,0,0,0,1,0,1,0,1,0,0
O(C)CCn1c([C@@H](N2CCN(c3c(OC)cccc3)CC2)C=2C(=O)Nc3cc(C)c(C)cc3C=2)nnn1,,C19973224,97.274055,0,0,0,1,0,1,0,0,0,1
O(C)CCn1c([C@@H](N2CCN(c3c(C)ccc(C)c3)CC2)C=2C(=O)Nc3cc(OC)ccc3C=2)nnn1,,C19973297,96.655045,0,0,0,1,0,1,0,0,0,1
O(C)CCn1c([C@@H](N2CCN(c3c(OC)cccc3)CC2)C=2C(=O)Nc3c(C)ccc(C)c3C=2)nnn1,,C20083366,97.263062,0,0,0,1,0,1,0,0,0,1
O=[N+]([O-])c1cc(CN2C(=O)N(Cc3ccc(C(=O)NCc4occc4)cc3)C(=O)c3sccc23)ccc1,,C20151575,100,0,0,0,0,0,0,0,0,0,0
Clc1c(Cn2nnc3C(=O)NC(C4CCN(S(=O)(=O)c5c(C#N)cccc5)CC4)=Nc23)cccc1,,C20463116,85.073128,0,0,0,0,0,1,1,0,1,0
S(=O)(=O)(N(C)C)c1cc(C(=O)C2=C([O-])C(=O)N(CCC[NH+](C)C)[C@@]32C(=O)N(C)c2ccccc32)ccc1,,C16742413,99.264694,0,0,0,1,0,1,0,1,0,1
O(CC)C(=O)N1CCN(C(=O)Cc2nc(NC(=O)CN(CC(C)C)C(=O)c3ccc(C)cc3)sc2)CC1,,C33720100,100,0,0,0,1,0,1,1,0,0,1
O=[N+]([O-])c1ccc(C(=O)N2CCC3(N(c4ccccc4)CN(CC(=O)NCc4ccccc4)C3=O)CC2)cc1,,C35112554,100,0,0,0,0,0,0,0,0,0,0
Clc1c([C@H](N(Cc2oc(C)cc2)C=O)C(=O)NCS(=O)(=O)c2ccc(C)cc2)cc([N+](=O)[O-])cc1,,C36596388,100,0,0,0,1,0,1,1,0,0,1
Clc1c(OC)cc(OC)c(N(S(=O)(=O)c2cc(C(OCC(=O)NCc3occc3)=O)ccc2)C)c1,,C03254295,100,0,0,0,1,0,1,1,0,0,0
Fc1ccc([C@@H](N(C(=O)Cn2nc(-c3oc(C)cc3)nn2)c2ccccc2)C(=O)NC[C@H]2OCCC2)cc1,,C12706255,87.916023,0,0,0,1,0,1,1,0,0,1
Fc1ccc([C@H](N(C(=O)Cn2nc(-c3oc(C)cc3)nn2)c2ccccc2)C(=O)NC[C@@H]2OCCC2)cc1,,C12706277,87.916023,0,0,0,1,0,1,1,0,0,1
O=[N+]([O-])c1ccc2nc(N(Cc3ncccc3)C(=O)Cn3cnc4N(C)C(=O)N(C)C(=O)c34)sc2c1,,C36692363,84.363449,0,0,0,1,1,1,0,0,1,1
O=C(N(CC[NH+]1CCOCC1)c1sc2c(C)ccc(OC)c2n1)Cn1cnc2N(C)C(=O)N(C)C(=O)c12,,C36716146,48.609337,0,0,0,1,0,1,1,0,0,1
S(CC(=O)NC=1C(=O)N(N(C)C=1C)c1ccccc1)c1n(CCC)c(COc2ccc(OC)cc2)nn1,,C39744837,99.899635,0,0,0,1,0,1,1,0,0,1
O(CC)C(=O)c1c(C)c(C(OCC)=O)sc1NC(=O)c1nn([C@H]2CS(=O)(=O)CC2)c2CCCCc12,,C40987516,100,0,0,0,1,0,1,0,1,0,0
O(C)c1c(OCC=2N=C3SC(CC)=NN3C(=O)C=2)ccc(/C=C/2\C(=O)N=C3SC(C)=NN3C\2=[NH2+])c1,,C41107975,99.728394,0,0,0,1,0,1,0,1,0,0
Clc1c(C)n(C)nc1-c1n(C(C)C)c(SCc2c(C(OCC)=O)cnc(N3CCOCC3)n2)nn1,,C41350816,99.681747,0,0,0,1,0,1,0,0,0,1
Clc1c(CN([C@@H](C(=O)NC[C@H]2OCCC2)c2ccc(F)cc2)C(=O)Cn2nc(-c3oc(C)cc3)nn2)cccc1,,C00888593,96.996429,0,0,0,1,0,0,1,0,0,1
Fc1cc(N([C@H](C(=O)NC[C@@H]2OCCC2)c2ccc(N3CCOCC3)cc2)C(=O)Cn2nnc3ccccc23)ccc1,,C00906438,96.877068,0,0,0,1,0,1,1,0,0,0
Fc1cc(N([C@@H](C(=O)NC[C@H]2OCCC2)c2ccc(N3CCOCC3)cc2)C(=O)Cn2nnc3ccccc23)ccc1,,C00906443,96.877068,0,0,0,1,0,1,1,1,0,0
Fc1ccc(CN(Cc2n(C[C@@H]3OCCC3)nnn2)CC=2C(=O)Nc3cc4OCCOc4cc3C=2)cc1,,C01373816,95.979103,0,0,0,1,1,1,0,1,1,1
O=C1C(CN(Cc2n(C[C@H]3OCCC3)nnn2)Cc2ccc(C)cc2)=Cc2cc3OCCOc3cc2N1,,C01373894,94.700806,0,0,0,1,1,1,0,1,1,1
O(C)c1ccc(CN(CC=2C(=O)Nc3ccc(OC)cc3C=2)[C@@H](CC)c2n(Cc3occc3)nnn2)cc1,,C01374544,82.692093,0,0,0,1,0,1,0,1,0,1
S(CCn1c(N2CC[NH+](Cc3ccccc3)CC2)[nH+]c2N(C)C(=O)N(C)C(=O)c12)c1nc(C)ccn1,,C56992074,74.015846,0,0,0,1,0,1,0,0,0,0
Clc1c(OC)c(NC(=O)CN2CCN(C(=O)C(C)(C)C)CC2)cc(C=2Sc3n(c(C)nn3)N=2)c1,,C57335085,97.773666,0,0,0,1,0,1,1,0,0,0
O(C)CCn1c([C@@H](N(Cc2occc2)Cc2cc(OC)ccc2)C=2C(=O)Nc3c(C)cc(C)cc3C=2)nnn1,,C57608568,99.650803,0,0,0,1,0,1,0,0,0,1
O(C)c1ccc(CN(CC=2C(=O)Nc3ccc(OC)cc3C=2)[C@@H](CC)c2n(C[C@H]3OCCC3)nnn2)cc1,,C57640998,81.208611,0,0,0,1,0,1,0,1,0,1
O=[N+]([O-])c1ccc(/C=N/N(CCOC(=O)c2ccc(OC)cc2)C2=NS(=O)(=O)c3ccccc23)cc1,,C59417235,99.99987,0,0,0,1,0,0,0,0,0,0
S(CC(=O)NC=1O[C@H](C)C2=C(C)N=NC(=O)C=12)C=1N(CCCOC)C(=O)c2c(sc3CCCc23)N=1,,C39789927,99.140541,0,0,1,1,0,1,1,0,1,1
Clc1n([C@H]2CS(=O)(=O)CC2)nc(C)c1/C=C/C(OCC(=O)C=1C(C)=C(C(OCC)=O)[C@H](C)N=1)=O,,C39944973,99.958931,0,0,0,1,0,1,0,1,0,1
S(=O)(=O)(N1CCN(c2c(C)ccc(C)c2)CC1)c1c(C(=O)N2CCN(C(=O)C)CC2)cn(CC)n1,,C67337484,100,0,0,0,1,0,0,0,0,0,1
S(=O)(=O)(N(C)C)c1cc(C(=O)N2CCN(c3ccc([N+](=O)[O-])cc3)CC2)ccc1,,C06236764,100,0,0,0,0,0,1,0,1,1,0
S=C1N(C)C(=O)C(=Cc2c(C)n(c(C)c2)-c2c(OC)cc([N+](=O)[O-])cc2)C(=O)N1C,,C09259387,100,0,0,0,0,0,1,0,0,0,0
O=C(CC1=NN(C)C(=O)c2ccccc12)N1C[C@H](C(=O)N2CCOCC2)Oc2ccccc12,,C09739038,100,0,0,0,1,0,1,0,0,0,1
S(=O)(=O)(N1CCN(C(=O)CSc2ncnc3sc(C)c(C)c23)CC1)c1c(C)onc1C,,C09799199,99.972328,0,0,0,0,0,1,0,0,0,0
S(=O)(=O)(N1CCOCC1)c1ccc2n(CC)c(CSc3n(C)cnn3)nc2c1,,C10732062,86.446144,0,0,0,1,0,0,0,1,1,0
O(CC=1N(C)C(=O)N(C)C(=O)C=1)C(=O)c1c(C)c2C(=O)N3CCCCCC3=Nc2s1,,C10866561,99.71067,0,0,0,0,0,1,0,0,0,0
Clc1n(C)nc(CN(C)C(=O)c2cnn3C(c4c(C)n(CC)nc4)=CC=Nc23)c1Cl,,C13644645,99.739182,0,0,0,1,0,1,0,0,1,0
FC(F)(F)C=1n2ncc(C(=O)N(C)Cc3c(C)nn(CC)c3)c2N=C(c2c(C)nn(C)c2)C=1,,C02781820,99.699669,0,0,0,1,0,1,0,0,0,0
O=C(N1C[C@H](c2c(-c3onc(C)c3)cnc(N3CCCC3)n2)CCC1)[C@@H]1CN(C)C(=O)C1,,C19122029,99.623749,0,0,0,1,0,1,0,0,0,0
S(=O)(=O)(N1CCN(C(=O)CSc2n(-c3cc(F)ccc3)nnn2)CC1)c1c(F)cccc1,,C19418388,100,0,0,0,1,0,1,0,0,1,0
S(=O)(=O)(N1CCN(C(=O)c2onc(-c3ccc(F)cc3)c2)CC1)N1CCOCC1,,C19656045,100,0,0,0,1,0,1,0,1,1,0
O=C1N(C)C(=O)c2n3C=C(N(CCC[NH+]4CCOCC4)c3[nH+]c2N1C)c1sccc1,,C20312353,92.839333,0,0,0,1,0,1,1,0,1,0
O=C(N1C[C@@H](OCc2c(C)onc2C)CN(CC(C)C)C(=O)C1)C1=C(C)OCCO1,,C20600557,100,0,0,0,1,0,1,0,0,1,1
S(=O)(=O)(N1CCN(Cc2noc3ccccc23)CC1)c1ccc2N(C)C(=O)Oc2c1,,C21664408,77.641884,0,0,0,1,0,0,0,0,1,0
FC(F)(F)c1n2N=C(N(C)Cc3c(C)n([C@H]4CS(=O)(=O)CC4)nc3C)C=Cc2nn1,,C22195314,99.893105,0,0,0,1,0,1,0,1,0,1
O=C(CN1C(=O)N(CC)C(=O)c2ccccc12)N1CCN(C)c2nc3ccccc3nc12,,C22503322,93.487305,0,0,0,0,0,0,0,0,0,0
Fc1cc(N2C(=O)C[C@@H](C(=O)N3CCN(Cc4n(-c5ccccc5)nnn4)CC3)C2)ccc1,,C23231565,96.546547,0,0,0,1,0,1,0,0,1,0
Fc1ccc(N2C(=O)C[C@@H](C(=O)N3CCN(Cc4n(-c5ccc(C)cc5)nnn4)CC3)C2)cc1,,C23233002,96.544327,0,0,0,1,0,1,0,0,0,0
[S-]c1[n+](CN2CCN(C(=O)CN3CCOCC3)CC2)nc(n1-c1ccccc1)-c1occc1,,C12558645,94.381157,0,0,0,1,0,1,0,0,0,0
S(=O)(=O)(N1CCN(CC=2[NH+]=C3N(C(=O)C=2)C=CC(C)=C3)CC1)c1ccc2OCCCOc2c1,,C23761389,93.565964,0,0,1,1,1,1,0,0,1,0
Fc1c(N2CCN(C(=O)CN3C(=O)c4cnn(-c5ccccc5)c4N=C3)CC2)ccc(C(=O)C)c1,,C25524121,99.964127,0,0,0,1,0,0,0,0,0,0
O=[N+]([O-])c1cc([C@H](N(C)C(=O)[C@H]2CN(c3ccc4OCCOc4c3)C(=O)C2)C)ccc1,,C25830480,100,0,0,0,1,0,1,0,0,1,0
S(=O)(=O)(N1CCN(c2n(C)cnc2[N+](=O)[O-])CC1)c1cc(C(F)(F)F)ccc1,,C29164108,99.975822,0,0,0,1,0,0,0,0,0,0
S(=O)(=O)(N1CCN(c2ncccn2)CC1)c1c(C)cc(N2S(=O)(=O)CCCC2)c(C)c1,,C32537302,99.630104,0,0,0,0,0,0,0,1,0,0
Clc1cc(COC(=O)c2cnc3N(C)C(=O)N(C)C(=O)c3c2)cc2OCCOc12,,C32905510,99.987152,0,0,0,0,0,1,0,0,0,0
S(=O)(=O)(N1CCC(n2c(COC)nc3cccnc23)CC1)c1cccc2nsnc12,,C32950452,94.946518,0,0,0,1,0,1,0,0,1,1
O=C(N1CCN(c2ncccn2)CC1)C1CCN(c2sc(-n3cccc3)nn2)CC1,,C33250223,98.421791,0,0,0,1,0,0,0,0,0,0
S(=O)(=O)(N1CCN(c2ncccc2)CC1)c1ccc(N2S(=O)(=O)CC(C)(C)C2=O)cc1,,C13732247,85.818253,0,0,0,1,0,0,0,1,1,1
S(Cc1oc(C(=O)N2CCN(C(=O)C)CC2)cc1)c1nc(N(C)C)cc(COC)n1,,C35667968,91.441345,0,0,0,1,0,1,0,0,0,1
S(=O)(=O)(N1CCN(C(=O)c2nc3ccccc3cc2)CC1)c1c([N+](=O)[O-])cccc1,,C36892530,99.988052,0,0,0,1,0,0,0,0,0,1
O=C(CN(C)C(=O)c1nn2CCCN(Cc3c(C)cccc3)C(=O)c2c1)N1CC[NH+](C)CC1,,C34676326,93.859039,0,0,0,1,0,1,0,0,1,1
Clc1c(-c2nc(SCC(=O)N3CCOCC3)c3C(=O)N(C)C(=O)N(C)c3n2)cccc1,,C11883422,99.813423,0,0,0,0,0,1,0,0,0,0
S(=O)(=O)(C)c1ccc2N(CC(OC)=O)/C(=N\C(=O)c3c(C)cn(C)n3)/Sc2c1,,C38508564,98.939949,0,0,0,1,1,1,0,1,0,0
O=C(CCN1C(=O)c2ccccc2N=C1)N1CCC(c2oc(-c3occc3)nn2)CC1,,C38518300,98.999046,0,0,0,1,0,1,0,0,0,0
O=C(CCc1c(C)onc1C)N1CCN(c2ncnc(N3C[C@@H](C)O[C@@H](C)C3)c2)CC1,,C38529439,48.159687,0,0,0,0,0,1,0,0,0,0
O(C)C(=O)[C@@H]1[C@H](OC(C)C)CC(=O)N2CCN(C(=O)c3n[nH]c4CCCc34)CC[C@H]12,,C39445923,99.041565,0,0,0,1,0,1,0,0,0,1
O(CC)C(=O)[C@@H](C)C[C@@H](C)C(=O)N1CCOCCOCCOCCOCCOCC1,,C39988572,100,0,0,1,1,0,1,0,0,0,1
O(CC)C(=O)[C@@H](C)C[C@H](C)C(=O)N1CCOCCOCCOCCOCCOCC1,,C39988574,100,0,0,1,1,0,1,0,0,1,1
S(=O)(=O)(N1CCOCC1)c1c(C)oc(-c2oc(N(C)Cc3ccccc3)c(C#N)n2)c1,,C40267471,100,0,0,0,1,1,0,0,1,0,0
O(CC=1N(C)C(=O)N(C)C(=O)C=1)C(=O)CCN1C(=O)c2c(sc3CCCCc23)N=C1,,C45660946,99.840195,0,0,0,1,1,1,0,0,0,1
O=[N+]([O-])c1cc([C@H](N(C)C(=O)CN2[C@@]3(C)N(C(=O)CC3)c3ccccc3C2=O)C)ccc1,,C45715312,100,0,0,0,0,0,0,0,0,0,0
O=C(CCc1onc(-c2ccncc2)n1)N1CCN(c2nc(C(C)C)[nH+]c(C)c2)CC1,,C45748447,71.452339,0,0,0,1,0,1,0,1,0,0
O=C(N1CCN(c2ccc(C(=O)C)cc2)CC1)C1CCN(C(=O)c2c(OC)nn(C)c2)CC1,,C56906649,99.991531,0,0,0,0,0,0,0,0,0,0
O=C(N1Cc2c(n(-c3c(C)cccc3)nc2C1)-n1cccc1)c1cc(-n2nnnc2)ccc1,,C56912148,99.975182,0,0,0,1,0,1,0,0,0,0
Clc1c(C(OCC#N)=O)cc(-c2oc(C=C3C(=O)N(C)C(=O)N(C)C3=O)cc2)cc1,,C59862492,100,0,0,0,1,0,1,0,0,0,0
S(=O)(=O)(C)c1ccc(-n2c(CSc3n(c(C)nn3)-c3c(C)cccc3)nnn2)cc1,,C59926786,99.449989,0,0,0,1,0,0,0,1,0,0
S(=O)(=O)(N1CCN([C@@H](C)C(=O)N2CCN(c3ncccn3)CC2)CC1)c1c(C)sc(C)c1,,C60127279,90.51088,0,0,0,1,0,1,0,0,0,0
S(=O)(=O)(N1CCN(CC(=O)C=2C(C)=C(C(=O)C)[C@@H](C)N=2)CC1)c1cccc2nsnc12,,C64041773,99.283806,0,0,1,1,1,1,0,0,0,1
S(=O)(=O)(N1CCC(C=2C=Cn3ncc(C(=O)N4CCCC4)c3C=2)CC1)c1c(C)n(C)nc1C,,C64612121,99.954193,0,0,0,1,0,1,0,0,0,0
O=C(CCN1C(=O)C=CC(C(=O)N2[C@H](C)Cc3ccccc23)=N1)N1CCC2(OCCO2)CC1,,C64892199,100,0,0,0,1,0,1,0,0,0,1
S(CC(OCC)=O)c1n2C(=O)C=3C4(CCCCC4)Cc4ccccc4C=3N(CC(OCC)=O)c2nn1,,C01077910,99.582024,0,0,0,1,0,1,0,0,0,0
OC(OCC)c1c(-c2cc(OC)c(OC(=O)C)cc2)[n+]2C(=O)/C(=C/c3ccc(N(C)C)cc3)/Sc2nc1C,,C00638326,99.999588,0,0,0,1,0,0,0,0,0,0
S(CC(=O)c1ccc([N+](=O)[O-])cc1)c1c(C#N)c(SCC(=O)c2ccc([N+](=O)[O-])cc2)ns1,,C02163351,99.997993,0,0,0,1,0,0,0,0,0,0
O(CC)CCCN1C(C)=Nc2n(-c3ccc(C(OCCC)=O)cc3)c3nc4ccccc4nc3c2C1=O,,C02407888,99.655296,0,0,0,1,0,1,0,0,0,0
S(=O)(=O)(N(C)CCCC)c1ccc(C(=O)/N=C\2/N(CC(OC)=O)c3c(F)cc(F)cc3S/2)cc1,,C09078788,99.248825,0,0,0,1,0,1,0,1,0,0
S(=O)(=O)(N(C)CCCC)c1ccc(C(=O)N(/N=C/c2occc2)c2sc3cc(F)ccc3n2)cc1,,C09148857,100,0,0,0,1,0,0,0,1,0,0
O(CCC[n+]1c(NC(=O)c2cc(C)cc(C)c2)c(C(OCC)=O)cc2C(=O)N3C=CC=C(C)C3=Nc12)C(C)C,,C09185196,64.868462,0,0,0,1,0,1,1,0,0,1
Fc1cc(C(=O)Nc2[n+](CCCOC(C)C)c3N=C4C(C)=CC=CN4C(=O)c3cc2C(OCC)=O)ccc1,,C09209758,60.782192,0,0,0,1,0,1,1,0,0,1
S(=O)(=O)(N(CCOC)CCOC)c1ccc(C(=O)/N=C\2/N(CC#C)c3ccc(CC)cc3S/2)cc1,,C09275898,98.89019,0,0,0,1,0,0,0,0,0,0
S(=O)(=O)(N(C)C(C)C)c1ccc(C(=O)N(C[C@H]2OCCC2)c2sc3cc(OCC)ccc3n2)cc1,,C10099204,100,0,0,0,1,0,0,0,1,0,1
Clc1c(C)cc(N(CCC#N)C(=O)COC(=O)c2nc(-c3cc(OC)c(OC)cc3)sc2)cc1,,C11573407,100,0,0,1,1,1,1,0,0,0,1
S(=O)(=O)(N(CC=C)CC=C)c1ccc(C(=O)/N=C\2/N(CC)c3c(OC)cc([N+](=O)[O-])cc3S/2)cc1,,C11634580,98.854599,0,0,0,1,0,0,0,0,0,0
O(CCC[n+]1c(NC(=O)c2c(C)cccc2)c(C(OCC)=O)cc2C(=O)N3C=CC=C(C)C3=Nc12)C(C)C,,C11690714,65.032288,0,0,0,1,0,1,1,0,0,1
O(CCC[n+]1c(NC(=O)c2cc(C)cc(C)c2)c(C(OCC)=O)cc2C(=O)N3C=CC=CC3=Nc12)C(C)C,,C11690864,66.100616,0,0,0,1,0,1,1,0,0,1
Clc1ccc(S(=O)(=O)CCCC(=O)/N=C\2/N(CCOCC)c3ccc([N+](=O)[O-])cc3S/2)cc1,,C12631250,98.301216,0,0,0,1,1,0,0,0,0,0
S(=O)(=O)(N(CC)CC)c1ccc2n(CCCC)c(SCC=3[NH+]=C4N(C(=O)C=3)C=CC=C4)nc2c1,,C15350590,85.684158,0,0,0,1,1,1,0,0,0,0
O=[N+]([O-])c1ccc(/C=C/C(=O)N(CC)[C@@H](C)C=2N(c3ccc(OCC)cc3)C(=O)c3ccccc3N=2)cc1,,C16428945,99.023743,0,0,0,0,0,0,0,0,0,0
Fc1ccc(Cc2nc(N(CCC(=O)N3CCN(c4ccc([N+](=O)[O-])cc4)CC3)C(C)C)sn2)cc1,,C16496236,86.958481,0,0,0,1,0,1,0,0,0,1
S(=O)(=O)(Oc1ccc(CN([C@H](C)CC)C(=O)c2cc([N+](=O)[O-])c(C)cc2)cc1)c1ccc(F)cc1,,C16497448,100,0,0,0,1,0,0,0,0,1,0
O=[N+]([O-])c1ccc(N2CCN(C(=O)CCN(C(C)C)c3snc(Cc4ccc(C)cc4)n3)CC2)cc1,,C16516481,86.54837,0,0,0,1,0,1,0,0,0,1
S([C@@H]1C(=O)N(c2ccc(OCCCCC)cc2)C(=O)C1)c1nc(c(-c2occc2)nn1)-c1occc1,,C09804790,100,0,0,0,0,0,1,0,0,0,0
O=[N+]([O-])c1ccc(/C=C/C(=O)N(CCC[NH+]2CCOCC2)c2sc3c(OC)ccc(OC)c3n2)cc1,,C20590130,93.956795,0,0,0,1,0,1,1,0,0,1
S(Cc1ncsc1)c1ccc(C(OCC(=O)N2CCN(c3ccc([N+](=O)[O-])cc3)CC2)=O)cc1,,C22765617,100,0,0,0,1,0,0,0,0,0,0
Clc1c(C)n(Cn2c(c(CC)c(-c3cc(OC)c(OC)cc3)n2)-c2cc(OC)c(OC)cc2)nc1C,,C22835252,99.096886,0,0,0,1,0,0,0,0,0,0
Clc1ccc(-c2n(CC=C)c(SCc3oc(-c4cc(OC)c(OC)c(OC)c4)nn3)nn2)cc1,,C23553287,99.898224,0,0,0,1,0,1,0,0,0,0
O=C(N(CCC)Cc1oc(-c2occc2)nn1)/C=C/c1c(-c2sccc2)nn(Cc2ccccc2)c1,,C25274453,99.959259,0,0,0,0,0,1,0,0,1,0
Clc1cc(-n2ncc3c(N4CCN(C(=O)CCC(OCC)=O)CCC4)[nH+]c(CCC(C)C)nc23)ccc1,,C34769188,59.235104,0,0,0,0,0,1,0,1,0,0
Fc1ccc2OC=3C(=O)N([C@H](c4cc(OCC)c(OCCCC)cc4)C=3C(=O)c2c1)c1sc(CC)nn1,,C35512239,99.914948,0,0,0,1,0,1,0,0,0,0
O(CC)c1c(OCCC)ccc([C@H]2N(CC[NH+]3CCOCC3)C(=O)C=3Oc4ccc(C)cc4C(=O)C2=3)c1,,C35515425,71.776917,0,0,0,1,0,0,0,0,0,0
O(CC)c1c(OCCC(C)C)ccc([C@@H]2N(CC[NH+]3CCOCC3)C(=O)C=3Oc4ccc(C)cc4C(=O)C2=3)c1,,C35515434,71.776543,0,0,0,0,0,1,1,0,0,0
Clc1c(COC[C@H](OCc2c(Cl)cccc2)Cn2cnc3N(C)C(=O)N(C)C(=O)c23)cccc1,,C01133043,78.824463,0,0,0,1,1,1,0,0,0,1
O(C)CCN1C(=O)/C(=C/c2c(-c3cc(C)c(OCC=C)cc3)nn(-c3ccccc3)c2)/C(C)=C(C#N)C1=O,,C38606067,99.987381,0,0,0,1,0,0,0,0,0,1
O(C)CCN1C(=O)/C(=C/c2c(-c3cc(OCCCC)ccc3)nn(-c3ccccc3)c2)/C(C)=C(C#N)C1=O,,C38606130,99.991699,0,0,0,1,0,1,0,0,0,1
O=[N+]([O-])c1cc(-c2c(/C=C/3\C(=O)N(CCCOC(C)C)C(=O)C(C#N)=C\3C)cn(-c3ccccc3)n2)ccc1,,C38606643,99.993866,0,0,0,1,0,1,0,0,0,1
O(CCN1C(=O)/C(=C/c2c(-c3cc(OCCC)ccc3)nn(-c3ccccc3)c2)/C(C)=C(C#N)C1=O)C(=O)C,,C38608840,99.991707,0,0,0,1,0,1,0,0,0,1
Clc1c(Cl)ccc(-c2oc(/C=C/3\C(=O)N(CCOCCOC(=O)C)C(=O)C(C#N)=C\3C)cc2)c1,,C38608953,100,0,1,0,1,0,1,0,1,0,1
O(CC)c1ccc2C(=O)C=3[C@H](N(CCC[NH+]4CCOCC4)C(=O)C=3Oc2c1)c1cc(OCC=C)ccc1,,C38727376,94.746773,0,0,0,1,0,0,0,0,1,0
S(=O)(=O)(C(C)C)c1c(OC)cc2c(c(C(OCC)=O)c(Cn3ncnc3)cc2c1)-c1cc(OC)ccc1,,C39502826,95.283066,0,0,0,1,0,0,0,1,0,1
S(=O)(=O)(N(CC)CC)c1cc(-c2n([C@@H](C)CC)c(SCc3[nH+]c4n(c3)C=CC=C4)nn2)ccc1,,C39561320,99.886589,0,0,0,1,0,0,0,0,0,0
O(CC)c1c(OCCC)ccc([C@@H]2N(c3sc(CCC)nn3)C(=O)C=3Oc4ccccc4C(=O)C2=3)c1,,C39837680,99.91497,0,0,0,1,0,1,0,0,0,0
Fc1ccc2OC=3C(=O)N([C@@H](c4cc(OCC)c(OCCCCC)cc4)C=3C(=O)c2c1)c1noc(C)c1,,C40015267,99.999687,0,0,0,1,0,1,0,0,0,0
O(C)c1c(OCC)ccc(/C=C/c2nn3C(=O)/C(=C/c4cc(OCC)c(OCC=C)cc4)/Sc3n2)c1,,C40015941,99.898399,0,0,0,1,0,1,0,0,0,0
Clc1c(C)n(C)nc1-c1n(CC)c(SCc2c(C(OCC)=O)cnc(N3CCCCC3)n2)nn1,,C41350431,99.677574,0,0,0,1,0,1,0,0,0,0
Brc1ccc(OCc2n(C)c(SCc3c(C(OC)=O)cnc(N4CCCC4)n3)nn2)cc1,,C41663187,99.817154,0,0,0,1,0,1,0,0,1,0
S(CC(=O)c1c(C)n(C[C@@H]2OCCC2)c(C)c1)C=1N(c2ccc(OC(F)F)cc2)C(=O)/C(=C\c2occc2)/N=1,,C03355368,99.64785,0,0,0,0,0,0,0,0,0,1
S(=O)(=O)(CCC)c1c(C(=O)c2ccc([N+](=O)[O-])cc2)n2C=C(C)C=C(C)c2c1S(=O)(=O)CCC,,C59459046,100,0,1,1,1,0,1,0,0,0,1
O=[N+]([O-])c1ccc(N2C(=O)[C@@H]3[C@H](N(c4ccccc4)O[C@@H]3C2=O)c2cc(OCC)c(OCCC)cc2)cc1,,C18167050,100,0,0,0,1,0,0,0,0,0,0
O=[N+]([O-])c1ccc(N2C(=O)[C@@H]3[C@@H](N(c4ccccc4)O[C@@H]3C2=O)c2cc(OCC)c(OCCC)cc2)cc1,,C17838018,100,0,0,0,0,0,0,0,0,0,0
FC(F)(F)C1=C(Oc2ccc(C(OCCC)=O)cc2)C(=O)c2ccc3OCN(CCOC)Cc3c2O1,,C41026938,99.031609,0,0,0,1,0,1,0,0,0,0
S(=O)(=O)(N1CCN(c2c(C)c(C)ccc2)CC1)c1c(C(=O)N(CC(C)C)CC(C)C)cn(CC)n1,,C67338210,100,0,0,0,1,0,1,0,0,0,1
Clc1c(NC(=O)CCCN(S(=O)(=O)c2ccc([N+](=O)[O-])cc2)C)cc(C(F)(F)F)cc1,,C02862985,100,0,0,0,1,0,0,0,0,1,1
O([C@@H](C)C(=O)N(CCC#N)c1ccccc1)C(=O)CCC=1Nc2sc3CCCCc3c2C(=O)N=1,,C08889576,95.569099,0,1,0,1,0,1,0,0,0,1
O=C(Nc1n(-c2c(C)cc(C)cc2)nc2CS(=O)Cc12)c1cc(OCC)c(OCC)c(OCC)c1,,C08919903,99.917358,0,0,0,1,0,1,0,0,1,0
Clc1cc(CS(=O)(=O)N[C@@H](Cc2ccccc2)c2oc(S(=O)(=O)C(C)C)nn2)ccc1,,C08971321,93.356522,0,1,1,1,1,1,1,1,1,1
S(=O)(=O)(NCCCc1oc(S(=O)(=O)Cc2c(F)cccc2)nn1)c1c(C)cc(C)cc1C,,C09027258,96.763649,0,1,0,1,1,1,1,0,1,1
S(CC(=O)Nc1c(OC)cc(OC)cc1)c1n(c(Cc2n(C)ccc2)nn1)-c1ccc(C)cc1,,C09858412,99.587006,0,0,0,1,0,1,1,0,0,1
S(=O)(=O)(C)c1cc(C(O[C@@H](C)C(=O)Nc2c(C(OCC)=O)c3CCCCc3s2)=O)c(C)cc1,,C10400930,100,0,0,0,1,0,1,1,1,0,0
S(=O)(=O)(N(CC)CC)c1cc(-c2n([C@@H](C)CC)c(S[C@@H]3C(=O)NCCCC3)nn2)ccc1,,C11157550,99.909348,0,0,0,1,0,1,0,1,0,1
Clc1ccc(OCc2n(c(SCC(=O)Nc3sc(CC)nn3)nn2)-c2ccccc2)cc1,,C00876582,99.711128,0,0,0,1,0,1,1,0,0,0
Brc1ccc(OCc2n(CC)c(SCC(=O)Nc3sc(CC)nn3)nn2)cc1,,C00916031,99.816833,0,0,0,1,0,1,1,0,1,1
O=C(N([C@H](C(=O)NCCC(C)C)c1ccncc1)c1c(C)cc(C)cc1)Cn1nnc2ccccc12,,C13031204,96.600113,0,0,0,1,0,1,1,0,0,1
S(=O)(=O)(N(CC(=O)N[C@@H](C)c1ccc(-n2cncc2)cc1)Cc1occc1)c1ccc(C)cc1,,C09468653,89.326332,0,0,0,1,0,1,0,0,0,0
Fc1ccc(N([C@@H](C(=O)NCCOC)c2ccc(C)cc2)C(=O)Cn2nnc3ccccc23)cc1,,C13508946,96.967995,0,0,0,1,0,1,1,1,0,1
Clc1c(OC2=C(/C=C(/C(=O)NCCCOCC)\C#N)C(=O)N3C=CC=CC3=N2)ccc(Cl)c1,,C13811038,92.445694,0,0,0,1,1,1,0,0,1,1
S(CC(=O)Nc1c(C(OC)=O)c2CCCCc2s1)c1n(CC)c(-c2c(OC)cccc2)nn1,,C14082524,99.871185,0,0,0,1,0,1,1,0,0,0
S(=O)(=O)(N(Cc1n(CC)c(SCC(=O)Nc2cc(F)cc(F)c2)nn1)c1ccc(C)cc1)C,,C15019616,99.878418,0,0,0,1,0,1,0,1,0,1
S(=O)(=O)(N(Cc1n(CC)c(SCC(=O)Nc2cc(C)cc(C)c2)nn1)c1ccc(F)cc1)C,,C20193940,99.878571,0,0,0,1,0,1,0,1,0,1
S(=O)(=O)(N(C)C)n1cc(/C=C(\NC(=O)c2c(F)cccc2)/C(=O)N(C)CCCC)c2ccccc12,,C20438581,100,0,1,0,1,1,1,1,1,0,0
O(C)CCN1C(=O)C([C@H]([NH+]2CCN(c3ncccc3)CC2)c2ccc(OCC)cc2)=C([O-])C=C1C,,C17307520,72.152351,0,0,0,0,0,0,0,1,0,0
S(CC(=O)Nc1c(C(OCC)=O)c(c(C)s1)-c1ccccc1)c1n(C)c(-c2c(C)occ2)nn1,,C21244347,99.628784,0,0,0,1,0,1,1,0,0,0
S(=O)(=O)(N(CC)CC)c1c(C)ccc(C2=NN([C@H](CC)C(=O)Nc3cc(C)ccc3)C(=O)C=C2)c1,,C21785561,99.146118,0,0,0,0,0,1,0,1,0,0
S(CC=1[NH+]=C2N(N(CCC)C=N2)C(=O)C=1)c1c(NC(=O)[C@H](Oc2ccc(C)cc2)C)cccc1,,C21797392,99.808197,0,0,0,1,0,1,1,0,0,1
Clc1c(N[C@@H](C(C)C)C(OCC(=O)N2CCN(S(=O)(=O)C)CC2)=O)ccc(C(F)(F)F)c1,,C21838602,99.995697,0,0,0,1,1,1,0,1,0,1
S(CC(=O)Nc1c(C(OCC)=O)ccs1)c1n(c(-c2ccncc2)nn1)-c1cc(C)c(C)cc1,,C22065821,97.703506,0,0,0,1,0,0,1,0,1,0
S(CC(=O)N[C@H](C(C)C)c1ccc2OCCCOc2c1)c1n(CCc2sccc2)nnn1,,C22069274,100,0,0,0,1,1,1,1,1,0,1
S(=O)(=O)(N(CC)CC)c1sc(CNC(=O)CCC2=C(C)n3nc4ccccc4c3N=C2C)cc1,,C22282957,99.928467,0,0,0,1,0,1,1,1,0,1
S(CC(=O)NCc1c(-c2ccccc2)nn(Cc2ccccc2)c1)c1n(-c2ccccc2)nnn1,,C22458995,99.998177,0,0,0,1,0,1,1,0,0,0
S(CC(=O)N(C)Cc1c(-c2ccccc2)nn(-c2ccccc2)c1)[C@@H](C)C(=O)Nc1noc(C)c1,,C23742578,99.975189,0,1,0,1,0,1,1,0,0,1
S(=O)(=O)(N(CC)CC)c1ccc(NC(=O)CSc2n(-c3c(C)cc(C)cc3)cnn2)cc1,,C24845246,99.769867,0,0,0,0,0,1,0,1,0,0
S(=O)(=O)(N(CC)CC)c1cc(NC(=O)c2c(C)sc(-c3occc3)n2)c(OC(C)C)cc1,,C29287982,100,0,0,0,1,0,1,0,1,0,0
S(Cc1nc(NC(=O)C)sc1)c1n(c(-c2cc(OC)ccc2)nn1)-c1ccc(OCC)cc1,,C29835938,99.95108,0,0,0,0,0,1,1,0,0,0
O(CC(=O)Nc1cc(-c2nc(C)sc2)ccc1)C(=O)c1c(OCc2c(C)onc2C)cccc1,,C32844148,100,0,1,0,1,1,1,1,0,0,1
Clc1c(S(=O)(=O)N(C)C)cc(NC(=O)CSc2n(CC=C)c(-c3ccccc3)nn2)cc1,,C09632056,99.903557,0,0,0,0,0,1,0,1,0,0
S(CC(=O)Nc1ccc(-n2c(C(F)(F)F)c(C(OCC)=O)cn2)cc1)c1nc(C)cc(C)n1,,C36764274,99.869804,0,0,0,1,0,1,1,0,0,0
S(Cc1c(C)onc1C)c1c(C(OCC(=O)Nc2scc(-c3ccc(C)cc3)n2)=O)cccn1,,C36774918,99.873795,0,0,0,1,0,1,1,0,0,0
O(Cc1nc(CC(=O)Nc2ccc(C)cc2)sc1)C(=O)C1=NN(CCC)C(=O)c2ccccc12,,C36807004,100,0,0,0,1,0,1,0,0,1,1
Clc1c(S(=O)(=O)N(C)C)cc(NC(=O)COC(=O)[C@H](Oc2c(C)cc(Cl)cc2)C)cc1,,C36654655,100,0,0,1,1,0,1,0,1,0,1
O=C(NCCC)c1oc(CN2C(=O)COc3ccc(C(=O)COc4c(C)ccc(C)c4)cc23)cc1,,C37510673,100,0,0,0,1,0,1,1,0,0,1
Clc1ccc(OCC(=O)c2ccc3OCC(=O)N(Cc4oc(C(=O)NCC(C)C)cc4)c3c2)cc1,,C37510816,100,0,0,0,1,0,1,1,0,0,1
S(CC(=O)Nc1sc(SCC)nn1)c1n(c(Cc2n(C)ccc2)nn1)-c1ccc(F)cc1,,C04034888,99.530296,0,0,0,1,0,1,1,0,0,0
O[C@H]1C[C@]2(C)[C@@](OC(OCC)=O)(C(=O)COC(=O)CC)CC[C@H]2[C@@H]2CCC=3[C@@](C)([C@@H]12)C=CC(=O)C=3,,C03938652,100,0,0,0,1,0,1,0,1,1,1
S(CC(=O)NC(=O)c1ccc(OC(F)F)cc1)c1n(Cc2ccccc2)c(-c2occc2)nn1,,C03465891,99.958519,0,0,0,1,0,1,1,0,0,0
S(CC(=O)Nc1ccc2OCCOc2c1)c1n(CC=C)c([C@@H](Oc2c(C)c(C)ccc2)C)nn1,,C39967369,99.906082,0,0,0,1,0,1,0,0,1,1
O=C(c1c(C)[nH+]c2C(C)=CC=Cn12)C=1[C@H](N(CC[NH+](C)C)C(=O)C=1[O-])c1ccc(OCCC)cc1,,C40003695,98.611969,0,0,0,0,0,1,0,1,0,0
S(CC(=O)N([C@@H]1CS(=O)(=O)CC1)C1CCCC1)c1oc(-c2ccc(N(CC)CC)cc2)nn1,,C17663752,99.992516,0,0,0,1,0,1,0,0,0,0
Clc1cc(NC(=O)COC(=O)c2c(SCc3ncsc3)cccc2)c(-n2ncnc2)cc1,,C45869657,98.11869,0,0,0,1,1,1,1,0,0,0
O(C)c1ccc2C=C(CN(Cc3ccc(C)cc3)[C@H](C(C)C)c3n(C(C)(C)C)nnn3)C(=O)Nc2c1,,C13498749,77.996452,0,0,0,0,0,0,0,0,0,1
O=C1C(CN(C[C@H]2OCCC2)[C@@H](C(C)C)c2n(C(C)(C)CC)nnn2)=Cc2ccc(C)c(C)c2N1,,C13499121,86.976952,0,0,0,1,0,1,0,1,0,1
S(=O)(=O)(N(CC(=O)N/N=C/c1c(C)n(c(C)c1)-c1cc(C)ccc1)c1ccc(OCC)cc1)C,,C58915295,99.998817,0,0,0,1,0,1,1,1,0,1
S(CCC(=O)NCc1ccc(F)cc1)c1n(c(Cn2nnc3ccccc23)nn1)-c1ccccc1,,C20291333,99.726097,0,0,0,1,0,1,1,0,0,0
O(CC(=O)c1c(C)n(Cc2occc2)c(C)c1)C(=O)c1c(COc2ccccc2)c2ccccc2o1,,C02626813,100,0,0,0,1,0,1,0,0,0,1
FC(F)(F)C=1/C(=C/c2cc(OCC)c(OCC#C)cc2)/C(=O)N(c2ccc(C(OCC)=O)cc2)N=1,,C02168795,100,0,0,0,0,0,1,0,0,0,0
O=C(OC1=C(c2occc2)Oc2ccccc2C1=O)c1cc(OCC)c(OCC)c(OCC)c1,,C01972160,100,0,0,0,1,0,1,0,0,0,0
Brc1c(COC(=O)c2cc(S(=O)(=O)N(C)C)ccc2)cc(OCC)c(OCC)c1,,C09462437,100,0,0,0,1,0,1,0,1,0,0
S(=O)(=O)(N(CC)CC)c1ccc(C(=O)N(Cc2ccccc2)c2sc3cc(OCC)ccc3n2)cc1,,C09525201,100,0,0,0,1,0,0,0,0,0,1
S(CC(=O)c1c(C)n([C@H](C)COC)c(C)c1)c1n-2c(N(CCCC)C(=O)c3ccccc-23)nn1,,C10052222,99.236511,0,0,0,1,0,1,0,0,0,0
S(CC(=O)N(CCCn1cncc1)c1sc2c(C)ccc(OC)c2n1)c1ccc(OC)cc1,,C10585227,79.424599,0,0,0,1,0,1,0,0,0,0
Fc1c(C(OCC(=O)c2c(C)n(c(C)c2)-c2cc(C(OC)=O)cc(C(OC)=O)c2)=O)cccc1,,C10731054,100,0,0,0,1,0,1,0,0,0,0
S(=O)(=O)(N(CC=C)CC=C)c1ccc(C(=O)N(C[C@H]2OCCC2)c2sc3cccc(C)c3n2)cc1,,C10887695,100,0,0,0,1,0,1,0,0,0,1
O(Cc1nc(N(C(=O)C)c2ccccc2)sc1)C(=O)/C(=C/c1c(C)n(CCC(C)C)c(C)c1)/C#N,,C11179376,100,0,0,0,1,0,1,0,0,1,1
O(Cc1nc(N(C(=O)C)c2c(C)cc(C)cc2)sc1)C(=O)c1cc(OCC)c(OCC)cc1,,C11341587,100,0,0,0,1,0,1,0,0,0,1
O(CC(=O)N(CCC)[C@@H]1CS(=O)(=O)CC1)C(=O)Cc1c(-c2sccc2)nc(-c2ccccc2)s1,,C12542924,99.999893,0,0,0,1,1,1,0,0,1,1
S(Cc1c(OCC)ccc(C(=O)C)c1)C=1N(c2ccc(OC(F)F)cc2)C(=O)/C(=C/c2occc2)/N=1,,C13098587,99.590416,0,0,0,0,0,0,0,0,0,0
Clc1c(Cl)cccc1OC(=O)CCc1n(CC)c2ccc(S(=O)(=O)N(CC)CC)cc2n1,,C09129800,83.847267,0,0,0,1,0,1,0,1,0,0
S(Cc1n(c(S[C@@H](CC)C(OC)=O)nn1)-c1ccc(OC)cc1)c1nc(C)cc(C)n1,,C02706320,99.48246,0,0,0,1,1,1,0,0,0,1
S(CC(=O)N(C)Cc1sccc1)c1n(c(COc2ccc(OC)cc2)nn1)-c1c(F)cccc1,,C11022173,99.834877,0,0,0,1,1,1,0,0,0,0
Clc1c(C)cc(OCC(OCC(=O)N([C@@H](C)CC)[C@H]2CS(=O)(=O)CC2)=O)c(C(C)C)c1,,C14197790,100,0,0,0,1,1,1,0,0,1,1
Clc1c(C)cc(OCC(OCC(=O)N([C@@H](C)CC)[C@@H]2CS(=O)(=O)CC2)=O)c(C(C)C)c1,,C14197792,100,0,0,0,1,1,1,0,1,1,1
S(Cc1scc(C(=O)N(CCC)CCC)n1)c1n(c(-c2occc2)nn1)-c1ccc(F)cc1,,C16461366,99.980301,0,0,0,0,0,1,0,0,0,1
S(CC(OCC)=O)c1n(c(CSc2nc(C)cc(C)n2)nn1)-c1cc(C(F)(F)F)ccc1,,C02706454,99.560089,0,0,0,1,0,1,0,0,1,1
Clc1c(C(OCc2onc(CC(C)C)n2)=O)cc(S(=O)(=O)N(C)Cc2ccccc2)cc1,,C22525829,99.998245,0,0,0,1,0,1,0,0,1,0
Clc1ccc(-n2c(SCc3onc(C(C)C)n3)nnc2COc2ccc(OCC)cc2)cc1,,C22750504,99.795433,0,0,0,1,0,1,0,0,0,1
Clc1c(S(=O)(=O)N(CC)c2ccccc2)cc(C(OCC(=O)N(CC)CC)=O)c(Cl)c1,,C23555231,100,0,0,0,1,0,1,0,1,1,0
S(=O)(=O)(N(C)C)c1ccc2n(CCCC)c(SCC(=O)N(CC#N)c3ccccc3)nc2c1,,C23870393,87.429993,0,0,0,1,0,0,0,1,0,0
S(Cc1nc(-c2ccc(CC)cc2)sc1)c1n(Cc2occc2)c(CC(OCC)=O)nn1,,C24176315,99.852173,0,0,0,1,0,0,0,0,0,0
S(=O)(=O)(N(CC(=O)N(C)Cc1c(OC)cccc1)c1ccc(F)cc1)c1ccc(OCC)cc1,,C30869178,100,0,0,0,1,0,1,0,0,0,1
FC(F)(F)c1cc(Cn2c(CN(CCOC)C(=O)c3cc([N+](=O)[O-])c(C)cc3)ccc2)ccc1,,C33718317,100,0,0,0,1,0,1,0,0,0,0
Clc1c([N+](=O)[O-])cc(C(=O)N(CCCC)[C@@H](CC)C=2N(CCC)C(=O)c3ccccc3N=2)cc1,,C35030007,97.958664,0,0,0,1,0,0,0,0,0,1
O(C)CCN([C@H](CC)C=1N(c2ccc(OCC)cc2)C(=O)c2ccccc2N=1)C(=O)c1occc1,,C35041588,99.080101,0,0,0,1,0,1,0,0,1,1
Clc1c(C)c(N2C([C@H](N(CCC)C(=O)CCC(OCC)=O)C)=Nc3ccccc3C2=O)ccc1,,C35072827,99.160126,0,0,0,1,0,1,0,0,0,1
S(=O)(=O)(N(CCCOC)[C@@H](C)C=1N(CC)C(=O)c2ccccc2N=1)c1ccc(C(C)(C)C)cc1,,C35118214,98.17762,0,0,0,0,0,0,0,0,0,0
O(CCCCCC)c1ccc([C@H]2N(CC[NH+]3CCOCC3)C(=O)C=3Oc4ccccc4C(=O)C2=3)cc1,,C35515366,71.921944,0,0,0,0,0,0,0,0,0,0
S(=O)(=O)(Oc1cc(CN(S(=O)(=O)c2ccc(C(C)(C)C)cc2)Cc2occc2)ccc1)CC,,C35770518,100,0,0,0,1,0,1,0,1,0,1
S(=O)(=O)(N(CC(=O)c1c(C)n(C)c(C(OCC)=O)c1C)C1CC1)c1ccc(C(C)(C)C)cc1,,C35869385,100,0,0,0,1,0,0,0,0,0,0
S(=O)(=O)(N(CCC)CC(=O)c1c(C)n(CC)c(C(OC)=O)c1C)c1cc(C(F)(F)F)ccc1,,C35869478,100,0,0,0,1,0,0,0,0,0,0
FC(F)(F)c1ccc(C(=O)N(CC(=O)c2c(C)n(CC)c(C(OCC)=O)c2C)Cc2occc2)cc1,,C35993197,100,0,0,0,1,0,1,0,0,0,1
Clc1c(C(=O)N(Cc2occc2)[C@H](C)C(=O)c2c(C)n(CC)c(C(OCC)=O)c2C)cccc1,,C36004866,100,0,0,0,0,0,0,0,0,0,0
Clc1cc(CS(=O)(=O)c2n(CC(C)C)c(CN(CC=C)C(=O)c3ccc(OC)cc3)cn2)ccc1,,C36030213,99.985939,0,0,0,1,1,1,0,0,0,1
S(=O)(=O)(Cc1c(C)cccc1)c1n(CC(C)C)c(CN(C[C@H]2OCCC2)C(=O)CC(C)C)cn1,,C36039784,99.985893,0,0,0,1,0,1,0,0,0,1
S(CC(=O)c1c(C)n([C@H](C)COC)c(C)c1)c1n(CCCC)c(-c2ccc(OC)cc2)nn1,,C36800221,99.820511,0,0,0,1,0,1,0,0,0,0
Brc1ccc(-c2nc(CCN(CCC[NH+]3CCOCC3)C(=O)CC(C)(C)C)on2)cc1,,C37381324,95.268791,0,0,0,1,0,1,0,0,0,0
O=C(N(CCC[NH+]1CCOCC1)c1sc2cc(C)c(C)cc2n1)COc1ccc(OCC)cc1,,C36706791,93.795654,0,0,0,1,0,1,1,0,0,1
Clc1c(OCc2n(C(CC)CC)c(SCc3nc(-c4cscc4)on3)nn2)cccc1,,C39554076,99.880615,0,0,0,1,0,1,0,0,0,1
Fc1ccc2OC=3C(=O)N(Cc4occc4)[C@@H](c4cc(OCC)c(OCCCCC)cc4)C=3C(=O)c2c1,,C39840448,100,0,0,0,1,0,0,0,0,0,0
O(CC)c1c(OCC)ccc(/C=C\2/C(=O)n3nc(/C=C/c4ccc(OCCC)cc4)nc3S/2)c1,,C40015610,99.897202,0,0,0,1,0,0,0,0,0,0
Brc1c(OCC(=O)Oc2c(OCC)cc(/C=C(/C(OCC)=O)\C#N)cc2)cccc1,,C40867321,100,0,0,0,1,0,1,0,0,0,0
S(CC(OCC(=O)N(CC#N)c1ccccc1)=O)c1n(c(-c2ccccc2)nn1)-c1ccccc1,,C09094375,99.964798,0,0,0,1,0,1,0,0,0,1
Clc1c(C)cc(N(CCC#N)C(=O)COC(=O)/C=C/c2cc(OC)c(OC(F)F)cc2)cc1,,C45352288,100,0,0,0,1,0,1,0,0,0,0
S(Cc1occ(C(=O)N(CC)CC)n1)c1n(c(Cc2ccccc2)nn1)-c1cc(C(F)(F)F)ccc1,,C00963794,99.601105,0,0,0,0,0,1,0,0,0,0
S(CCCN1C(=O)c2ccccc2C1=O)c1n(CCC(C)C)c(COc2ccccc2)nn1,,C57648764,99.862328,0,1,0,1,0,0,0,0,1,1
S(=O)(=O)(N[C@H](C)CC)c1ccc(S(=O)(=O)N(Cc2c(OC)c(OC)ccc2)Cc2ccccc2)cc1,,C00933176,97.252182,0,0,0,1,0,1,0,0,1,1
Clc1ccc(-c2nn(CC(=O)N(CCCOCC)[C@H](C(=O)NC(C)(C)C)c3ccc(C)cc3)nn2)cc1,,C06600033,97.884003,0,0,0,1,0,1,0,0,0,1
S(=O)(=O)(c1c(OC(=O)c2cc(OCC)c(OCC)c(OCC)c2)n(C(C)(C)C)nc1C)c1ccccc1,,C09558987,99.989159,0,0,0,1,0,1,0,0,0,0
S(=O)(=O)(N(CCCC)CCCC)c1ccc(C(=O)N(C[C@@H]2OCCC2)c2sc3ccccc3n2)cc1,,C10867086,100,0,0,0,1,0,1,0,0,0,1
O(CC)C(=O)c1cc(N([C@@H](C(=O)NCCC(C)C)c2ccncc2)C(=O)Cn2nnc3ccccc23)ccc1,,C13031074,96.557304,0,0,0,1,0,1,0,1,0,1
O(CC)C(=O)CCC(=O)N(CCc1ccccc1)[C@H](CC)C=1N(c2cc(C)ccc2)C(=O)c2ccccc2N=1,,C16426185,99.145226,0,0,0,0,0,1,0,0,0,1
Brc1ccc(Cn2c(CN(CCCC)C(=O)CN(CCCOCC)C(=O)N(C)C)ccc2)cc1,,C16462828,100,0,0,0,1,0,1,0,0,0,1
O=C(c1ccc2O[C@H](C)Cc2c1)C=1[C@@H](N(CCC[NH+](CC)CC)C(=O)C=1[O-])c1cc(OCCC(C)C)ccc1,,C20266819,98.489388,0,0,0,1,0,1,0,0,0,0
O=C(c1ccc2O[C@@H](C)Cc2c1)C=1[C@@H](N(CCC[NH+](CC)CC)C(=O)C=1[O-])c1ccc(OCCCCC)cc1,,C20324592,98.467499,0,0,0,0,0,1,0,1,0,0
S(=O)(=O)(N(CC(=O)NCc1cc(OCC)c(OCC)cc1)c1ccc(C(C)C)cc1)c1ccc(C)cc1,,C22319300,100,0,0,0,1,0,0,0,1,0,0
O=C(c1c(C)cc(OCC)cc1)C=1[C@@H](N(CC[NH+](CC)CC)C(=O)C=1[O-])c1cc(Oc2ccccc2)ccc1,,C24080988,98.384842,0,0,0,1,0,1,0,0,0,1
S(CC(=O)N/N=C/c1c(C)n(CCCCC)nc1C)c1n(c(-c2ccc(OC)cc2)nn1)-c1ccccc1,,C25575119,99.84346,0,0,0,1,0,0,1,0,0,1
Clc1cc(Cl)cc(OCc2scc(-c3n(CCCOC)c(C)c(C(=O)NCCCOC)c3)n2)c1,,C33560112,100,0,1,0,1,1,1,1,1,0,1
O=C(c1cc(C)c(OCC(C)C)cc1)C=1[C@H](N(CC[NH+](CC)CC)C(=O)C=1[O-])c1ccc(OCCCC)cc1,,C34918340,98.362526,0,0,0,1,0,1,0,1,0,0
O=C(c1cc(C)c(OC(C)C)cc1)C=1[C@@H](N(CC[NH+](CC)CC)C(=O)C=1[O-])c1ccc(OCCCCC)cc1,,C34920101,98.360786,0,0,0,1,0,1,0,0,0,0
Clc1ccc(OCC(=O)N(CCCOC)CC(=O)Nc2n(-c3c(C)cccc3)nc(C(C)(C)C)c2)cc1,,C35142854,99.665634,0,1,0,1,0,0,0,0,0,1
S(Cc1ccccc1)c1n(c([C@@H](NC(=O)CCCCC)Cc2ccccc2)nn1)-c1ccc([N+](=O)[O-])cc1,,C35200772,99.713547,0,0,0,0,0,0,0,0,0,0
O=[N+]([O-])c1cc(C(=O)N(CCC(C)C)CC(=O)N(Cc2n(Cc3c(C)cccc3)ccc2)[C@@H](C)CC)ccc1,,C35393277,100,0,0,0,1,0,1,0,0,0,1
O=C(c1c(C)[nH+]c2n1C=CC=C2)C=1[C@H](N(CC[NH+](C)C)C(=O)C=1[O-])c1cc(OCC)c(OCCCCC)cc1,,C35419999,98.607597,0,0,0,1,0,1,0,0,0,0
O=C(c1c(C)[nH+]c2n1C=CC=C2)C=1[C@@H](N(CC[NH+](CC)CC)C(=O)C=1[O-])c1cc(OCC)c(OCCC)cc1,,C35420104,99.476974,0,0,0,1,0,1,0,0,0,0
O=C(c1c(C)[nH+]c2n1C=CC=C2)C=1[C@@H](N(CCC[NH+](CC)CC)C(=O)C=1[O-])c1ccc(OCCCCC)cc1,,C35420396,99.600967,0,0,0,1,0,1,0,1,0,0
O=C(c1ccc(OCc2c(C)cccc2)cc1)C=1[C@@H](N(CC[NH+](C)C)C(=O)C=1[O-])c1ccc(OCC=C)cc1,,C35445505,97.537827,0,0,0,1,0,1,0,0,0,0
O=C(c1c(C)n2C=CC=C(C)c2[nH+]1)C=1[C@@H](N(CC[NH+](C)C)C(=O)C=1[O-])c1cc(OCC)c(OCCCC)cc1,,C35484377,97.866508,0,0,0,1,0,1,0,0,0,0
O=C(c1c(C)nc(C)s1)C=1[C@@H](N(CCC[NH+](CC)CC)C(=O)C=1[O-])c1ccc(OCCCCCC)cc1,,C35568293,99.204025,0,0,0,0,0,1,0,0,0,1
Clc1nc(SCC(=O)NCCC[NH+]2CCOCC2)nc(N2C[C@H](C)N(C(=O)CCCCC)CC2)c1,,C35726924,94.591614,0,0,0,1,0,1,0,1,0,0
Fc1ccc(CN(Cc2c(C)ccs2)C(=O)CN(CCC)C(=O)Nc2ccc(C(OCC)=O)cc2)cc1,,C35775419,100,0,0,0,0,1,1,1,1,0,1
S(=O)(=O)(N(CC(=O)c1c(C)n(CC)c(C(OCC)=O)c1C)Cc1occc1)c1ccc(C(C)(C)C)cc1,,C35869505,100,0,0,0,0,0,0,0,0,0,0
Clc1ccc(-c2nc(NC(=O)CN(CCOC)C(=O)CC(C)C)n(-c3cc(OC)c(OC)cc3)c2)cc1,,C36051958,64.024323,0,0,0,1,0,1,1,1,0,1
Clc1c([C@@H](N(Cc2occc2)C(=O)CCc2ccc(OC)cc2)C(=O)NCCCC)cc([N+](=O)[O-])cc1,,C36501178,100,0,0,0,0,0,0,0,1,0,1
S(=O)(=O)(CNC(=O)[C@H](N(Cc1oc(C)cc1)C(=O)/C=C/CCCCC)C(CC)CC)c1ccc(C)cc1,,C36557541,100,0,0,0,1,0,0,1,0,0,1
S(=O)(=O)(CNC(=O)[C@@H](N(CCC)C(=O)/C=C/CCCCC)c1ccc([N+](=O)[O-])cc1)c1ccc(C)cc1,,C36563689,100,0,0,0,1,0,0,1,0,0,0
Clc1c([C@H](N(CCC)C(=O)CCCC)C(=O)NCS(=O)(=O)c2ccc(C)cc2)cc([N+](=O)[O-])cc1,,C36578941,100,0,0,0,1,0,1,0,0,0,1
O=C(c1c(C)n(-c2ccccc2)nc1)C=1[C@@H](N(CCC[NH+](CC)CC)C(=O)C=1[O-])c1ccc(OCC=C)cc1,,C33813508,97.906242,0,0,0,1,0,1,0,0,0,0
S(Cc1n(-c2ccc(OC(F)(F)F)cc2)nnc1C(=O)NCCCOC(C)C)c1nc(C)cc(C)n1,,C38491735,99.854843,0,0,0,1,0,1,1,0,1,1
S(CCCC(=O)N(CCC[NH+]1CCOCC1)c1sc2c(OC)ccc(OC)c2n1)c1ccc(C)cc1,,C36717166,93.9785,0,0,0,1,0,1,1,0,0,1
S(=O)(=O)(N(CCCCC)CCCCC)c1cc(c(OCC)cc1)C=1Nc2c(CCC)nn(C)c2C(=O)N=1,,C39557190,73.25811,0,0,0,1,0,0,0,0,0,0
Fc1ccc2OC=3C(=O)N(CCCOC(C)C)[C@@H](c4cc(OCC)c(OCCCCC)cc4)C=3C(=O)c2c1,,C39840510,100,0,0,0,1,0,0,0,0,0,1
O=C(c1c(C)[nH+]c2C(C)=CC=Cn12)C=1[C@H](N(CCC[NH+](C)C)C(=O)C=1[O-])c1cc(OCC)c(OCC=C)cc1,,C40003487,99.474159,0,0,0,1,0,1,0,1,0,0
O=[N+]([O-])c1cc([C@@H]2N(CCC[NH+](CCCC)CCCC)C(=O)C([O-])=C2C(=O)c2ccc(OCC)cc2)ccc1,,C40019278,98.514748,0,0,0,1,0,0,0,0,0,0
O=[N+]([O-])c1ccc([C@H]2N(CCC[NH+](CCCC)CCCC)C(=O)C([O-])=C2C(=O)c2ccc(OCC)cc2)cc1,,C40019279,98.489258,0,0,0,0,0,0,0,0,0,0
O=C(c1ccc(OCC)cc1)C=1[C@@H](N(CCC[NH+](CCCC)CCCC)C(=O)C=1[O-])c1ccc(N(C)C)cc1,,C40019318,98.384079,0,0,0,1,0,0,0,0,0,0
O=[N+]([O-])c1cc([C@@H]2N(CCC[NH+](CCCC)CCCC)C(=O)C([O-])=C2C(=O)c2cc(C)c(OC)cc2)ccc1,,C40019428,98.509399,0,0,0,1,0,1,0,0,0,0
O=C(c1c(C)nc(C)s1)C=1[C@@H](N(CCC[NH+](CCCC)CCCC)C(=O)C=1[O-])c1ccc(OCC=C)cc1,,C40019792,99.200066,0,0,0,0,0,0,0,0,0,1
O=C(c1cc(OCC)ccc1)C=1[C@H](N(CCC[NH+](CCCC)CCCC)C(=O)C=1[O-])c1ccc(N(C)C)cc1,,C40020278,98.721802,0,0,0,1,0,0,0,0,0,0
O(C)CCCNC(=O)C=1C(=O)Oc2cc(OC(=O)COc3ccc(C(C)(C)c4ccccc4)cc3)ccc2C=1,,C40896357,100,0,0,0,1,0,0,1,1,0,0
S(CCC)c1[nH+]c2NC(C)=C(C(OCCC)=O)[C@@H](c3cc(OC)c(OCC(=O)N(CC)CC)cc3)n2n1,,C40982461,85.345612,0,0,0,1,0,1,0,0,0,0
O(C)c1ccc(Cn2c([C@@H](N(Cc3ccccc3)CC=3C(=O)Nc4ccc(OC)cc4C=3)CCC)nnn2)cc1,,C01335476,83.027634,0,0,0,0,0,0,0,0,0,1
O(C)c1ccc(CN(CC=2C(=O)Nc3ccc(OCC)cc3C=2)[C@H](CC)c2n(Cc3occc3)nnn2)cc1,,C13495205,82.686836,0,0,0,0,0,1,0,1,0,1
O(C)c1ccc(CN(CC=2C(=O)Nc3ccc(OC)cc3C=2)[C@H](CCC)c2n(Cc3occc3)nnn2)cc1,,C13499357,83.254837,0,0,0,0,0,1,0,1,0,1
Clc1c(N2CCN(S(=O)(=O)c3c(C(=O)N(CCCC)CCCC)cn(CCC)n3)CC2)cccc1,,C67337403,100,0,0,0,1,0,1,0,0,0,1