smiles,active_ID,ID,%C,real_activity,U5,U4,U1,U3,U2,autoph4,dbautoph4,elucidator,reversefp
O[C@H]1[C@@H](OC)C[C@H](C)Cc2c(O)ccc(NC(=O)/C(/C)=C/CC[C@H](OC)[C@@H](OC(=O)N)/C(/C)=C/[C@@H]1C)c2,517639,CHEMBL512489,99.336678,1,0,0,0,0,0,0,0,1,0
Clc1nc(N)nc2n(Cc3c(C)c(OC)c(C)cn3)cnc12,495617,CHEMBL467399,87.574425,1,1,0,1,0,1,1,1,1,0
O[C@H]1[C@@H](OC)C[C@H](C)Cc2c(O)ccc(NC(=O)/C(/C)=C/C=C\[C@H](OC)[C@@H](OC(=O)N)/C(/C)=C/[C@@H]1C)c2,517866,CHEMBL511439,99.325813,1,0,0,0,0,0,0,0,1,0
Clc1c(O)cc(O)c2C(=O)O[C@H](C)C[C@@H]3O[C@@H]3/C=C\C=C\C(=O)Cc12,456075,CHEMBL453386,76.23394,1,0,0,0,0,0,0,0,1,0
O[C@H]1[C@@H](OC)C[C@H](C)CC=2C(=O)C(NC(=O)/C(/C)=C/C=C\[C@H](OC)[C@@H](OC(=O)N)/C(/C)=C/[C@@H]1C)=CC(=O)C=2NCC=C,183934,CHEMBL109480,99.880409,1,0,0,0,0,0,0,0,1,0
O[C@H]1[C@@H](OC)C[C@H](C)Cc2cccc(NC(=O)/C(/C)=C/CC[C@H](OC)[C@@H](OC(=O)N)/C(/C)=C/[C@@H]1C)c2,517638,CHEMBL469932,100,1,0,0,0,0,0,0,0,1,0
O[C@H]1[C@@H](OC)C[C@H](C)CC=2C(=O)C(NC(=O)/C(/C)=C/C=C\[C@H](OC)[C@@H](OC(=O)N)/C(/C)=C/[C@@H]1C)=CC(=O)C=2N,206555,CHEMBL339231,100,1,0,0,0,0,0,0,0,1,0
Clc1c(O)cc(O)c(-c2c(-c3ccc(OCC)cc3)snn2)c1,518364,CHEMBL517583,57.466145,1,0,0,1,0,0,0,1,1,0
Oc1c(C(C)C)cc(-c2c(c(C(=O)NCC)no2)-c2ccc(CN3CCOCC3)cc2)c(O)c1,419032,CHEMBL252164,65.645988,1,0,0,0,0,0,0,1,1,0
O[C@H]1[C@@H](OC)C[C@H](C)Cc2c(N)c(O)cc(c2O)NC(=O)/C(/C)=C/C=C\[C@H](OC)[C@@H](OC(=O)N)/C(/C)=C/[C@@H]1C,353745,CHEMBL209356,98.411461,1,0,0,0,0,0,0,0,1,0
Clc1c(O)cc(O)c(-c2c(-c3ccc(OC)cc3)snn2)c1,518363,CHEMBL454733,57.468822,1,0,0,1,0,0,0,1,1,0
O[C@H]1[C@@H](OC)C[C@H](C)Cc2c(NCC=C)c(O)cc(c2O)NC(=O)/C(/C)=C/C=C\[C@H](OC)[C@@H](OC(=O)N)/C(/C)=C/[C@@H]1C,353628,CHEMBL377559,98.389542,1,0,0,0,0,0,0,0,1,0
Clc1c(O)cc(O)c(-c2c(-c3ccc(C)cc3)snn2)c1,518365,CHEMBL457042,59.406479,1,0,0,1,0,0,0,1,1,0
O[C@H]1[C@@H](OC)C[C@@H](C)CC=2C(=O)C(NC(=O)/C(/C)=C\C=C\[C@@H](OC)[C@H](OC(=O)N)/C(/C)=C/[C@@H]1C)=CC(=O)C=2NCC=C,356027,CHEMBL378352,99.880409,1,0,0,0,0,0,0,0,1,0
Brc1c(Sc2n(CCCC#C)c3ncnc(N)c3n2)cc2OCOc2c1,321074,CHEMBL365159,90.583275,1,0,0,0,0,0,0,0,1,0
O[C@H]1[C@@H](OC)C[C@H](C)CC=2C(=O)C(NC(=O)/C(/C)=C/C=C\[C@H](OC)[C@@H](OC(=O)N)/C(/C)=C/[C@@H]1C)=CC(=O)C=2OC,25906,CHEMBL278315,100,1,0,0,0,0,0,0,0,1,0
Clc1c(O)cc(O)c(-c2c(c(C(=O)NCC)[nH]n2)-c2ccc(OC)cc2)c1,317497,CHEMBL365617,52.5126,1,0,0,1,0,0,0,1,1,0
Brc1cncc2nc(Sc3n(CCP(=O)(OCC)OCC)c4ncnc(N)c4n3)sc12,355762,CHEMBL212133,92.048996,1,1,0,0,0,0,1,0,0,0
Ic1c(Sc2n(CCCC#C)c3ncnc(N)c3n2)cc(OC)cc1,321070,CHEMBL191635,90.486504,1,1,0,0,0,0,1,0,1,0
Clc1cncc2nc(Sc3n(CCP(=O)(OCC)OCC)c4ncnc(N)c4n3)sc12,355798,CHEMBL212850,92.061203,1,1,0,0,0,0,1,0,0,0
Clc1cccc2nc(Sc3n(CCP(=O)(OCC)OCC)c4ncnc(N)c4n3)sc12,355724,CHEMBL377371,92.052345,1,1,0,0,0,0,1,1,1,0
Clc1c(O)cc(O)c(-c2noc3ccc(NCCN4CCOCC4)cc23)c1,419311,CHEMBL404630,51.891396,1,1,0,1,0,0,0,1,1,0
Clc1c(O)cc(O)c(-c2c(-c3cc(OC)c(OC)cc3)snn2)c1,518366,CHEMBL515048,57.380589,1,0,0,1,0,0,0,1,1,0
Clc1cccc2nc(Sc3n(CCNCC(C)(C)C)c4ncnc(N)c4n3)sc12,355987,CHEMBL215657,90.720863,1,1,0,0,0,0,1,1,0,0
Clc1c(O)cc(O)c(-c2c(c(C(=O)NC)[nH]n2)-c2ccc(OC)cc2)c1,316850,CHEMBL424811,52.515057,1,0,0,1,0,0,0,1,1,0
Brc1c(O)cc(O)c(-c2noc3ccc(NCCN4CCOCC4)cc23)c1,419309,CHEMBL254875,53.483532,1,1,0,1,0,0,0,1,1,0
Oc1c(CC)cc(-c2c(-c3ccc(OCC)cc3)snn2)c(O)c1,518457,CHEMBL514748,81.221947,1,0,0,1,0,0,0,1,1,0
Clc1c(O)c2C[C@@H](C)C[C@H](OC)[C@H](O)[C@@H](C)/C=C(\C)/[C@H](OC(=O)N)[C@@H](OC)CC/C=C(\C)/C(=O)Nc(c1)c2,517636,CHEMBL511618,86.966286,1,0,0,0,0,0,0,0,1,0
Clc1c(O)cc(O)c(-c2c(c(C(=O)N)[nH]n2)-c2ccc(OC)cc2)c1,317061,CHEMBL366215,52.546429,1,0,0,1,0,0,0,1,1,0
Ic1c(Sc2n(CCCNC(C)C)c3ncnc(N)c3n2)cc2OCOc2c1,335628,CHEMBL200102,90.691307,1,1,0,1,0,0,0,0,0,0
Clc1c(O)cc(O)c(-c2noc3cc(O)ccc23)c1,312874,CHEMBL362307,44.657242,1,1,0,1,0,0,0,1,1,0
Brc1c(O)cc(O)c(-c2c(c(C)n[nH]2)-c2ccc(OC)cc2)c1,317091,CHEMBL364968,32.156952,1,0,0,1,0,0,0,1,1,0
Brc1c(O)cc(O)c(-c2c(c(C(=O)NCC)[nH]n2)-c2ccc(OC)cc2)c1,317139,CHEMBL190182,51.202438,1,0,0,1,0,0,0,1,1,0
Brc1c(Sc2n(CCCC#C)c3ncnc(N)c3n2)cc(OC)cc1,321251,CHEMBL192145,90.558548,1,1,0,0,0,0,1,0,1,0
Clc1c(OC)c(OC)c(OC)cc1Sc1n(CCCC#C)c2nc(F)nc(N)c2n1,320723,CHEMBL193282,98.875053,1,0,0,0,0,0,0,0,1,0
Clc1cccc2nc(Sc3n(CCCOC(=O)C)c4ncnc(N)c4n3)sc12,355666,CHEMBL212076,91.599747,1,1,0,0,0,0,1,1,1,0
Clc1cccc2nc(Sc3n(CCCCC#N)c4ncnc(N)c4n3)sc12,355894,CHEMBL385927,91.422157,1,1,0,0,0,0,1,1,0,0
O[C@@H]1[C@@H](OC)C[C@H](C)CC=2C(=O)C(NC(=O)/C(/C)=C/C=C\[C@H](OC)[C@@H](OC(=O)N)/C(/C)=C/[C@@H]1C)=CC(=O)C=2NCC=C,212940,CHEMBL338987,99.880409,1,0,0,0,0,0,0,0,1,0
Clc1cccc2nc(Sc3n(CCNC4CC4)c4ncnc(N)c4n3)sc12,355669,CHEMBL215947,90.847855,1,1,0,1,0,0,1,1,1,0
Clc1c(O)cc(O)c(-c2c(c(C(=O)NC(C)C)[nH]n2)-c2ccc(OC)cc2)c1,317776,CHEMBL365700,52.510792,1,0,0,1,0,0,0,1,1,0
Clc1cccc2nc(Sc3n(CCCCOC(=O)C)c4ncnc(N)c4n3)sc12,355667,CHEMBL377631,91.419716,1,1,0,0,0,0,1,1,0,0
Clc1cccc2nc(Sc3n(CCNC(C)(C)C)c4ncnc(N)c4n3)sc12,355986,CHEMBL384763,92.130722,1,1,0,0,0,0,1,1,0,0
Oc1c(CC)cc(-c2c(c(C)n[nH]2)-c2cccc3OCCOc23)c(O)c1,346533,CHEMBL204734,49.609489,1,0,0,0,0,0,0,1,1,0
Clc1cccc2nc(Sc3n(CCN4CCOCC4)c4ncnc(N)c4n3)sc12,355956,CHEMBL378338,50.720192,1,1,0,0,0,0,1,1,0,0
Clc1cccc2nc(Sc3n(CCOC(=O)C)c4ncnc(N)c4n3)sc12,355629,CHEMBL448474,92.164566,1,1,0,0,0,0,1,1,1,0
Clc1cccc2nc(Sc3n(CCCO)c4ncnc(N)c4n3)sc12,355926,CHEMBL379544,91.504448,1,1,0,1,0,1,1,1,1,0
Clc1cccc2nc(Sc3n(CCCCO)c4ncnc(N)c4n3)sc12,355955,CHEMBL379641,91.389557,1,1,0,1,0,1,1,1,1,0
Clc1cccc2nc(Sc3n(CCCNC(C)(C)C)c4ncnc(N)c4n3)sc12,355727,CHEMBL211528,91.609657,1,1,0,1,0,0,1,1,1,0
Clc1c(O)cc(O)c(-c2c(c(C)n[nH]2)-c2ccc(OC)cc2)c1,316695,CHEMBL371380,31.079496,1,0,0,1,0,0,0,1,1,0
S(c1n(CCCC#C)c2ncnc(N)c2n1)c1c(OC)ccc(OC)c1,320908,CHEMBL273986,90.614929,1,1,0,0,0,0,1,0,1,0
Clc1c(OC)c(OC)c(OC)cc1Sc1n(CCOC(C)C)c2nc(F)nc(N)c2n1,321066,CHEMBL191786,98.974945,1,0,0,0,0,0,0,0,1,0
Clc1c(OC)c(OC)c(OC)cc1Cc1n(CCCC#C)c2nc(F)nc(N)c2n1,183085,CHEMBL112953,98.079094,1,1,1,1,1,0,1,1,1,0
Clc1cncc2nc(Sc3n(CCCOC(=O)C)c4ncnc(N)c4n3)sc12,355957,CHEMBL377024,91.613876,1,1,0,0,0,0,1,0,0,0
Clc1cccc2nc(Sc3n(CCCNC(C)C)c4ncnc(N)c4n3)sc12,355726,CHEMBL386780,91.631363,1,1,0,1,0,0,1,1,1,0
Clc1cccc2nc(Sc3n(CCCC)c4ncnc(N)c4n3)sc12,355794,CHEMBL213262,91.334091,1,1,0,0,0,0,1,1,0,0
Clc1c(OC)c(OC)c(OC)cc1Sc1n(CCCC#C)c2ncnc(N)c2n1,320879,CHEMBL192647,90.632393,1,0,0,0,0,0,0,0,1,0
S(c1n(CCCC)c2ncnc(N)c2n1)c1sc2c(OC)cccc2n1,355891,CHEMBL386399,91.336174,1,1,0,0,0,0,0,1,0,0
Brc1c(O)cc(O)c(-c2noc3cc(O)ccc23)c1,312873,CHEMBL361078,46.566109,1,1,0,1,0,0,0,1,1,0
S(c1n(CCCC)c2ncnc(N)c2n1)c1sc2c(F)cccc2n1,355828,CHEMBL213801,91.394737,1,1,0,0,0,0,1,1,0,0
Clc1cccc2nc(Sc3n(CC)c4ncnc(N)c4n3)sc12,355596,CHEMBL438613,91.311653,1,1,0,0,0,0,1,1,0,0
O[C@@H]1[C@@H](OC)C[C@@H](C)CC=2C(=O)C(NC(=O)/C(/C)=C/C=C\[C@H](OC)[C@@H](OC(=O)N)/C(/C)=C/[C@H]1C)=CC(=O)C=2NCC=C,296303,CHEMBL368483,99.880409,1,0,0,0,0,0,0,0,0,0
Clc1c(Sc2n(CCCC#C)c3ncnc(N)c3n2)cc(OC)cc1,321250,CHEMBL192062,90.566154,1,1,0,0,0,0,1,0,1,0
Clc1c(O)cc(O)c(-c2c(c(C)[nH]n2)-c2ccc3OCCOc3c2)c1,315964,CHEMBL191074,31.091019,1,0,0,1,0,0,0,1,1,0
Clc1cccc2nc(Sc3n(CCC)c4ncnc(N)c4n3)sc12,355597,CHEMBL379345,91.324387,1,1,0,0,0,0,1,1,0,0
Clc1c(O)cc(O)c(-c2c(C(=O)Nc3ccc(C(=O)C)cc3)c[nH]n2)c1,332742,CHEMBL200469,41.314629,1,0,0,1,0,0,0,1,1,0
Clc1cncc2nc(Sc3n(CCCC)c4ncnc(N)c4n3)sc12,355797,CHEMBL377958,91.351364,1,1,0,0,0,0,1,0,0,0
Oc1c(CC)cc(-c2c(-c3nc[nH]c3)c[nH]n2)c(O)c1,301179,CHEMBL360563,42.166122,1,0,0,1,0,0,0,1,0,0
Oc1c(CC)cc(-c2c(c(C)[nH]n2)-c2ccc3OCCOc3c2)c(O)c1,418966,CHEMBL399530,49.644547,1,0,0,1,0,0,0,1,1,0
S(c1n(CCCC)c2ncnc(N)c2n1)c1sc2c(C)cccc2n1,355859,CHEMBL386499,91.293938,1,1,0,0,0,0,1,1,0,0
Clc1cccc2nc(Sc3n(CCO)c4ncnc(N)c4n3)sc12,355925,CHEMBL209522,91.877022,1,1,0,1,0,0,1,1,0,0
Brc1cccc2nc(Sc3n(CCCC)c4ncnc(N)c4n3)sc12,355827,CHEMBL386882,91.33123,1,1,0,0,0,0,1,1,0,0
Brc1cncc2nc(Sc3n(CCCC)c4ncnc(N)c4n3)sc12,355761,CHEMBL377045,91.338684,1,1,0,0,0,0,1,0,0,0
O[C@H]1[C@@H](OC)C[C@H](C)Cc2c(NCC=C)c(O)cc3nc(/C(/C)=C/C=C\[C@H](OC)[C@@H](OC(=O)N)/C(/C)=C/[C@@H]1C)oc23,353315,CHEMBL377782,99.208519,1,0,0,0,0,0,0,0,0,0
Clc1c(O)cc(O)c(-c2c(C(=O)NCc3ccc(S(=O)(=O)N)cc3)c[nH]n2)c1,332551,CHEMBL200255,40.772633,1,0,0,1,0,1,0,1,1,0
Brc1c(Sc2n(CCCc3nnn(CCCO)c3)c3ncnc(N)c3n2)cc2OCOc2c1,685746,CHEMBL1213898,90.475121,1,1,0,0,0,1,0,1,0,0
Clc1c(O)cc(O)c(-c2c(c(C(O)=O)[nH]n2)-c2ccc(OC)cc2)c1,316696,CHEMBL426446,62.009167,1,0,0,1,0,0,0,1,1,0
Brc1c(Sc2n(CCCCc3nnn(CCCO)c3)c3ncnc(N)c3n2)cc2OCOc2c1,685747,CHEMBL1213899,90.415955,1,1,0,1,0,0,0,1,0,0
S(=O)(=O)(Nc1cc(c(O)cc1)-c1c(O)ccc2ccccc12)c1sccc1,332564,CHEMBL200628,75.79287,1,0,0,1,0,0,0,0,0,0
Brc1c(O)cc(O)c(-c2c(N3CCN(Cc4ccc(S(=O)(=O)C)cc4)CC3)c[nH]n2)c1,346200,CHEMBL207307,36.692577,1,0,0,1,0,0,0,1,0,0
Clc1c(O)cc(O)c(-c2c(N3CCN(Cc4ccccc4)CC3)c[nH]n2)c1,418968,CHEMBL251974,36.477463,1,0,0,1,0,0,0,1,1,0
OC(=O)c1c(c(-c2c(O)cc(O)c(CC)c2)n[nH]1)-c1ccc2OCOc2c1,301178,CHEMBL178130,84.901939,1,0,0,1,0,1,0,0,0,0
Clc1c(S(=O)(=O)Nc2cc(c(O)cc2)-c2c(O)ccc3ccccc23)cc(Cl)cc1,332764,CHEMBL371915,75.622177,1,0,0,1,0,0,0,0,1,0
Clc1cccc2nc(Sc3n(CCCCC)c4ncnc(N)c4n3)sc12,355628,CHEMBL438068,91.337486,1,1,0,0,0,0,1,1,0,0
Clc1c(O)cc(O)c(-c2c(N3CCN(Cc4ccc(S(=O)(=O)C)cc4)CC3)c[nH]n2)c1,346173,CHEMBL208239,35.832497,1,0,0,1,0,0,0,1,0,0
FCCNC=1C(=O)C=C2C(=O)C=1C[C@@H](C)C[C@H](OC)[C@H](O)[C@@H](C)/C=C(\C)/[C@H](OC(=O)N)[C@@H](OC)/C=C\C=C(/C)\C(=O)N2,206917,CHEMBL421647,99.738052,1,0,0,0,0,0,0,0,1,1
Clc1c(O)cc(O)c(-c2noc3ccc(N4CCN(C)CC4)cc23)c1,419308,CHEMBL402712,57.977657,1,0,0,0,0,0,0,0,0,0
Clc1c(OC)c(OC)c(OC)cc1Sc1n(CCCC)c2ncnc(N)c2n1,320743,CHEMBL191268,90.456596,1,0,0,0,0,0,0,0,1,0
S(c1n(CCCC#C)c2ncnc(N)c2n1)c1cc(OC)ccc1,320889,CHEMBL191241,90.312065,1,1,0,0,0,0,1,1,1,0
O[C@H]1[C@@H]([C@H](C)C(=O)N(CC)CC)CC[C@]2(C)Cc3sc(NC(=O)C[NH+](C)C)nc3[C@@H](C)[C@H]12,,C03840952,70.723198,1,0,0,0,0,0,0,0,0,0
[NH2+](Cc1ccc(-c2ccccc2)cc1)[C@H]1CO[C@@H]2[C@@H](Nc3nc(-c4occc4)ccn3)CO[C@H]12,,C05433939,71.826042,1,0,0,1,0,0,0,0,0,0
FC(F)(F)Oc1ccc(N2C(=O)[C@]([NH2+]Cc3occc3)(C(F)(F)F)NC2=O)cc1,,C02192307,94.294762,1,0,0,0,0,0,0,0,1,0
O[C@@]12CC[NH+](CC(=O)Nc3ccc([N+](=O)[O-])cc3)[C@H](c3c(OC)cccc3)[C@H]1CCCC2,,C09209926,84.669205,1,0,0,0,0,0,0,0,0,0
O(CC)C(=O)c1ccc(NC(=O)C[NH+]2CCC3(NC(=O)C(c4ccc(C)cc4)=N3)CC2)cc1,,C09526760,87.030869,1,0,0,0,0,0,0,0,0,0
O=C(Nc1c(Oc2ccccc2)cccc1)C[NH+](C)CC=1NC(=O)c2ccccc2N=1,,C09603446,80.202438,1,1,0,1,0,1,1,0,1,0
O=C(NC(=O)C[NH+]1[C@@H](c2ccccc2)c2cc(OC)c(OC)cc2CC1)Nc1ccccc1,,C09664084,93.853561,1,0,0,1,0,0,0,0,0,0
O=C(Nc1c(C(=O)c2ccccc2)cccc1)C[NH+](C)CC=1NC(=O)c2ccccc2N=1,,C09988014,80.227982,1,1,0,1,0,1,1,0,1,0
O=[N+]([O-])c1cc(NC(=O)C(=O)NC[C@H]([NH+](C)C)c2cccc3ccccc23)c(C)cc1,,C10333842,97.613838,1,0,0,0,0,0,0,0,1,0
Fc1c(F)c(NC(=O)C[NH+](C)CC(=O)N2[C@H](C)CC(=O)Nc3ccccc23)ccc1F,,C11068527,99.924294,1,0,0,1,0,0,0,0,1,0
O=C(NCc1c(C)oc(-c2sccc2)n1)C[C@@H]1[NH+](C2Cc3ccccc3C2)CCNC1=O,,C12707283,88.823227,1,0,0,1,0,1,0,0,1,0
O=C(NC(c1ccccc1)c1ccccc1)C[NH+]1CCC(c2nc(-c3ccncc3)[nH]n2)CC1,,C13565349,62.052238,1,0,0,0,0,0,0,0,0,0
O=C(Nc1ccccc1)N1C[C@@H](C(=O)NC[C@H]([NH+](C)C)c2c(OC)cccc2)CCC1,,C23178270,97.225182,1,0,0,0,0,1,0,0,1,0
Clc1c([C@@H]([NH+](C)C)CNC(=O)CN2C(=O)[C@](C)(c3ccc(C)cc3)NC2=O)cccc1,,C27346267,97.09996,1,0,0,0,0,0,0,0,1,0
O=C(Nc1c(C)n(-c2ccc(C)cc2)nc1C)C[NH+]1C[C@@H](C(=O)Nc2ccccc2)CCC1,,C27573109,78.30883,1,0,0,1,0,1,0,0,0,0
O(CC1CCN(c2cc[nH+]cc2)CC1)C(=O)Nc1c(NC(=O)C2CCCCC2)cccc1,,C28524283,84.284821,1,0,0,0,0,0,0,1,0,0
Fc1ccc([C@@]2(C)C(=O)N(CC(=O)NC[C@@H](CC)[NH+]3CCc4ccccc4C3)C(=O)N2)cc1,,C32447316,99.116364,1,0,0,0,0,1,0,0,1,0
O(C)CC(=O)Nc1ccc([C@H]2C(C(=O)Nc3ccccc3)=C(C)[NH+]=C3SCCCN23)cc1,,C33732153,66.892082,1,0,0,0,0,0,0,0,0,0
Fc1cc(C(=O)N2CCN(c3[nH+]cc(NC(=O)Nc4c(C)cccc4)cc3)CCC2)ccc1,,C34681150,88.396667,1,0,0,1,0,0,0,0,0,0
Fc1cc(C(=O)N2CCN(c3[nH+]cc(NC(=O)Nc4c(OCC)cccc4)cc3)CC2)ccc1,,C34681313,89.245216,1,0,0,0,0,0,0,0,0,0
O=C(Nc1c(C(=O)Nc2ccc(OCC)cc2)c2CCCCCc2s1)CN1CC[NH+](C)CC1,,C22635486,99.369934,1,0,0,1,0,0,0,0,1,0
Clc1c([C@@]2(C)C(=O)N(CC=3C=C(O)OC4=C/C(=[NH+]\C(=O)C)/C=CC=34)C(=O)N2)ccc(Cl)c1,,C36800527,99.998955,1,0,0,0,0,0,0,1,0,0
Clc1ccc(C=2[NH+]=C3N=C(NC(=O)c4cnccc4)NN3[C@H](c3ccccc3)C=2)cc1,,C10001938,84.681252,1,0,0,0,0,0,0,0,0,0
Clc1ccc(C=2[NH+]=C3N=C(NC(=O)c4cnccc4)NN3[C@@H](c3ccccc3)C=2)cc1,,C10001939,84.681252,1,0,0,0,0,0,0,0,0,0
O(C)C(=O)c1c(NC(=O)CN2C(=O)c3ccccc3C2=O)sc2C(C)(C)[NH2+]C(C)(C)Cc12,,C38806050,99.961578,1,0,0,0,0,0,0,0,0,0
O=C(Nc1c(C(=O)NC(C)(C)C)cccc1)C1CC[NH+](Cc2onc(-c3sccc3)n2)CC1,,C38872863,79.571228,1,0,0,1,0,0,0,0,0,0
S(=O)(=O)(/N=C\1/[C@H](Nc2cc(C(=O)[O-])ccc2)[NH+]=C2C=CC=CC2=[NH+]/1)c1cc(C)ccc1,,C38971160,87.349655,1,0,0,0,0,0,0,0,0,0
O=C(NC1CC[NH+](C)CC1)Cc1ccc(Nc2ncnc(N(C)c3cc(C)ccc3)c2)cc1,,C39301308,86.765175,1,0,0,1,0,0,0,0,0,0
O=C(/N=C\1/NN2C(CCC)=Nc3ccccc3[C@@H]2N/1)C=1N=C(C)[C@H]2[NH+]=C3C=CC=CC3=C2C=1,,C39940505,99.999603,1,0,0,0,0,0,0,0,0,0
O=C(/N=C\1/NN2C(CCC)=Nc3ccccc3[C@H]2N/1)C=1N=C(C)[C@@H]2[NH+]=C3C=CC=CC3=C2C=1,,C39940506,99.999603,1,0,0,0,0,0,0,0,0,0
O=C(Nc1c(C#N)c2CCCCCc2s1)CC[NH+]1CCC(N2C(=O)Nc3ccccc23)CC1,,C45513233,97.969353,1,0,0,0,0,0,0,0,0,0
S(=O)(=O)(Nc1c(C)cc(C)cc1)c1cc([N+](=O)[O-])c(N[C@H]2C[NH+](CC)CCC2)cc1,,C48325650,96.538284,1,0,0,0,0,0,0,0,0,0
O(C)C(=O)c1cc(C#Cc2cc(NC(=O)NC[C@H]([NH+](C)C)c3occc3)ccc2)ccc1,,C59040587,84.287064,1,0,0,1,0,1,0,0,0,0
Oc1c(OC)cccc1/C=[NH+]/[C@H]1C[C@](/N=C/c2c(O)c(OC)ccc2)(C)Oc2c(OC)cccc12,,C16577785,97.268066,1,0,0,0,0,0,0,0,0,0
O=C(N[C@@H](C[NH+]1CCc2ccccc2C1)C(C)(C)C)CN1C(=O)[C@@](C)(c2ccc(C)cc2)NC1=O,,C59287141,97.874748,1,0,0,1,0,0,0,0,1,0
S=C(N/C(=N/c1nc(C)cc(C)n1)/N1CCN(c2[nH+]cccc2)CC1)Nc1c(C)ccc(C)c1,,C14159733,52.806808,1,0,0,0,0,0,0,0,0,0
O=C(NC[C@H]([NH+]1CCCC1)c1ccc(C)cc1)CN1C(=O)[C@@]2([C@@H](C)CCCC2)NC1=O,,C60238927,99.385803,1,0,0,0,0,0,0,0,1,0
O=C1N(CCC=2CCCCC=2)C(=O)NC([O-])=C1[C@@H]1[NH+](C)CCC=2[C@@H]1[NH+]=C1C=CC=CC=21,,C63376170,88.713539,1,0,0,0,0,0,0,0,0,0
O[C@@H]1N(c2cccc3ccccc23)C([O-])=NC(=O)[C@@H]1[C@@H]1[NH+](CC)CCC=2[C@H]1[NH+]=C1C=CC=CC=21,,C63479770,76.57505,1,0,0,0,0,0,0,0,0,0
S(CC(=O)Nc1c(C)cccc1)[C@H]1N(CCC=2C[NH+]=C3C=CC=CC=23)C(=O)c2nccnc2N1,,C63541314,81.488251,1,0,0,1,0,1,0,1,1,0
S(CC(=O)Nc1c(C)cccc1)[C@@H]1N(CCC=2C[NH+]=C3C=CC=CC=23)C(=O)c2nccnc2N1,,C63541315,81.488251,1,0,0,1,0,1,0,1,1,0
FC=1C=CC2=[NH+]CC(CCN3C(=O)C[C@H](C(=O)N[C@H]4Sc5cc(OCC)ccc5N4)C3)=C2C=1,,C63557345,90.223846,1,0,0,0,0,0,0,0,0,0
O=C(N[C@H]1Sc2cc(C)ccc2N1)[C@H]1CN(CCC=2C[NH+]=C3C=CC(OC)=CC=23)C(=O)C1,,C63557793,86.886826,1,0,0,1,0,0,0,0,0,0
O=C(NCCC=1C[NH+]=C2C=CC=CC=12)C1CCN(C2=NN3[C@@H](C(C)C)NN=C3C=C2)CC1,,C63780797,81.766006,1,0,0,0,0,0,0,0,0,0
O=C(Nc1c(C#N)c2CCCCCc2s1)CN1C(=O)[C@@H](CC=2C[NH+]=C3C=CC=CC=23)NC1=O,,C63869464,85.926727,1,0,0,0,0,0,0,0,0,0
Fc1ccc(-n2nc(C(=O)NNC(=O)CC=3C[NH+]=C4C=CC=CC=34)c3CCCCCc23)cc1,,C63908656,87.660812,1,0,0,0,0,0,0,0,0,0
O=C(Nc1ccc(-c2ccccc2)cc1)CN1C(=O)[C@@H](CC=2C[NH+]=C3C=CC=CC=23)NC1=O,,C64052303,85.923958,1,0,0,0,0,0,0,0,0,0
Fc1c(CN2C(=O)Nc3cc([C@H]4ONC(c5ccc(C)cc5)=[NH+]4)ccc3C2=O)cccc1,,C64392068,99.330475,1,0,0,0,0,0,0,0,0,0
O(CC)c1cc(C2=[NH+][C@H](c3ccc4C(=O)N(CCc5ccccc5)C(=O)Nc4c3)ON2)ccc1,,C64392182,99.344353,1,0,0,0,0,0,0,0,0,0
S(C)CC[C@H](NC(=O)N1[C@@H](c2c(F)c(F)c(F)cc2)c2[nH+]c[nH]c2CC1)C(OC)=O,,C20732840,60.882385,1,0,0,0,0,0,0,0,0,0
O=C(Nc1c(C(=O)c2ccccc2)c2CCCCc2s1)C[NH+]1CCC(C(=O)N)CC1,,C06509373,71.805931,1,0,0,1,0,1,0,0,0,0
O=C(Nc1c(C(=O)N)c2CCCCc2s1)C[NH+]1[C@@H](c2sc3ccccc3n2)CCC1,,C09256277,96.158134,1,0,0,1,0,1,0,1,1,0
O=C(Nc1n(Cc2ccccc2)c(C)c(C)c1C#N)C[NH+]1[C@H](C(=O)N)Cc2ccccc2C1,,C09728010,99.876595,1,0,0,1,0,1,0,0,1,0
O=C(Nc1n(Cc2sccc2)c(C)c(C)c1C#N)C[NH+]1[C@H](C(=O)N)Cc2ccccc2C1,,C09782931,99.876808,1,0,0,1,0,1,0,0,1,0
O=C(N(C1CCCC1)C1=C(N)N(CCCC)C(=O)NC1=O)C[NH+]1CCC[C@@H]2CCCC[C@H]12,,C09949542,90.726692,1,0,0,0,0,0,0,0,1,0
O=C(N)Cn1cc(C[NH2+][C@H]2CCCc3n(-c4c(C)c(C)ccc4)ncc23)c2ccccc12,,C11938080,99.84906,1,0,0,0,0,0,0,1,0,0
O[C@H]1C[C@]2(O)[C@](/C=[NH+]/CCCC)(CC1)[C@H]1CC[C@]3(C)[C@H]([C@@H]4OC(=O)C=C4)CC[C@@]3(O)[C@@H]1CC2,,C12657975,99.922272,1,0,0,0,0,0,0,0,1,0
O=C(Nc1c(C(=O)N)c2CCCCc2s1)C[NH+]1[C@@H](c2ccc3OCCCOc3c2)CCC1,,C12762711,62.882252,1,0,0,1,0,1,0,0,1,0
O=C(Nc1c(C(=O)N2CCCCC2)c(C)c(-c2ccccc2)s1)C[NH+]1[C@H](C(=O)N)CCC1,,C12922223,99.578102,1,0,0,1,0,0,0,0,1,0
O=C(N)[C@@H]1C[NH+](C2CCN(c3cc(NC(=O)c4c(OC)cccc4)ccc3)CC2)CCC1,,C15001298,99.673172,1,0,0,0,0,0,0,0,0,0
Clc1ccc2NC(=O)[C@@]3([NH2+][C@H](Cc4ccc(O)cc4)[C@@H]4C(=O)N(CCCC)C(=O)[C@@H]34)c2c1,,C08995717,97.956734,1,0,0,0,0,0,0,0,0,0
Oc1ccc(C=2CC[NH+](CC(=O)NN3C(=O)[C@@](C)(CCc4ccccc4)NC3=O)CC=2)cc1,,C25680132,70.524239,1,0,0,1,0,0,0,0,0,0
Clc1c(NC(=O)[C@@H]2[NH+](CC(=O)NC(=O)NCC(C)C)CCC2)ccc(Cl)c1,,C26457513,99.849205,1,0,0,1,0,1,0,0,1,0
O=C(NCc1ccccc1)NC(=O)C[NH+]1CCC(C(=O)Nc2c(OC)cccc2)CC1,,C29904641,80.123413,1,0,0,1,0,1,0,0,0,0
O=[P@@]1(NNc2ncccn2)C2([NH+]=C(NN=C3CCCCC3)S1)CCCCC2,,C06599349,63.342041,1,0,0,0,0,0,0,0,0,0
Fc1cc(NC(=O)N2CCC3(SC[C@H](C(=O)NC[C@@H](C)CC)[NH2+]3)CC2)ccc1,,C35375117,61.521259,1,0,0,0,0,0,0,0,1,0
O=C(NC=1C(=O)N(N(C)C=1C)c1ccccc1)c1c(N)c2c(C)cc(C)[nH+]c2s1,,C00950134,98.527046,1,0,0,0,0,0,0,0,0,0
Clc1cc([C@@H]2[NH+](C)[C@@H](SCC(=O)N/N=C/[C@H]3C(c4ccccc4)=NN=C3)NN2)ccc1,,C38661636,22.033255,1,0,0,1,0,0,0,0,1,0
O=C(Nc1c(C(=O)N)cccc1)[C@H]1C[NH+](Cc2onc(-c3ccc(C)cc3)n2)CCC1,,C38891003,91.699333,1,0,0,0,0,0,0,0,0,0
Clc1ccc([C@H]2[NH+](CC)[C@@H](SCC=3NC(=O)c4ccccc4N=3)NN2)cc1,,C39356214,77.547997,1,0,0,1,0,0,0,1,1,0
O=C(Nc1ccc2CC[NH+](C[C@@H]3NOC=C3)Cc2c1)CCc1c[nH]c2ccccc12,,C39490058,98.549889,1,0,0,1,0,1,0,1,1,0
O=C(CCC1CCCC1)N1C[C@@H](C(=O)NCCc2c[nH]c3ccccc23)C2(C1)CC[NH2+]CC2,,C39597621,99.846367,1,0,0,1,0,1,0,0,1,0
Fc1cc(C(=O)N2C[C@H](C(=O)NCCc3c[nH]c4ccccc34)C3(C2)CC[NH2+]CC3)c(C)cc1,,C39597800,99.845139,1,0,0,1,0,1,0,0,1,0
O=C(NCCc1c[nH]c2ccccc12)[C@@H]1C2(CN(C(=O)c3c(C)ccs3)C1)CC[NH2+]CC2,,C39597947,99.846016,1,0,0,1,0,1,0,0,1,0
O=C(Cc1ccc(C)cc1)N1C[C@H](C(=O)NCCc2c[nH]c3ccccc23)C2(C1)CC[NH2+]CC2,,C39597951,99.845566,1,0,0,1,0,1,0,1,1,0
O=C(Cc1cc(C)ccc1)N1C[C@@H](C(=O)NCCc2c[nH]c3ccccc23)C2(C1)CC[NH2+]CC2,,C39597961,99.845566,1,0,0,1,0,1,0,0,1,0
O=C(NCCc1c[nH]c2ccc(C)cc12)[C@@H]1C2(CN(C(=O)c3c(C)ccs3)C1)CC[NH2+]CC2,,C39656215,99.846016,1,0,0,1,0,1,0,0,1,0
Clc1cc(C(=O)N2C[C@@H](C(=O)NCc3[nH]c4ccccc4c3)C3(C2)CC[NH2+]CC3)ccc1,,C39671452,99.844559,1,0,0,1,0,1,0,0,1,0
O=C(C(CC)CC)N1C[C@@H](C(=O)NCCc2c(C)[nH]c3ccccc23)C2(C1)CC[NH2+]CC2,,C39674007,99.846413,1,0,0,1,0,1,0,0,1,0
O=C(NCCc1c[nH]c2c(C)cccc12)[C@H]1C2(CN(C(=O)[C@@H]3CCC=CC3)C1)CC[NH2+]CC2,,C39684215,99.846169,1,0,0,1,0,1,0,0,1,0
O=C(C[C@@H](C)CC)N1C[C@H](C(=O)NCCc2c[nH]c3c(C)cccc23)C2(C1)CC[NH2+]CC2,,C39684228,99.846367,1,0,0,1,0,1,0,0,1,0
S(CC(=O)N/N=C/C=1C[NH+]=C2C=CC=CC=12)[C@@H]1N([C@H](c2ccccc2)NN1)c1ccccc1,,C39769742,91.744255,1,0,0,1,0,0,0,0,0,0
O=C(N[C@H]1[C@@H](OCc2ccccc2)CCC1)[C@@H]1[C@@H](C(=O)N[C@@H]2CCCc3ccccc23)C[NH2+]C1,,C43223204,73.279205,1,0,0,0,0,0,0,0,0,0
Clc1nc(N2C[C@H](C(=O)NC3CC(C)(C)[NH2+]C(C)(C)C3)CCC2)c2nc[nH]c2n1,,C08991426,90.445313,1,0,0,0,0,0,0,0,0,0
Brc1c(OC[C@@H]([NH2+]C(C)C)C(=O)N)c(Br)cc([N+](=O)[O-])c1,,C50441524,52.672081,1,0,0,1,0,0,0,0,1,0
Fc1ccc2nc(CCCNC(=O)C[C@@H]3[NH+](C4CCCC4)CCNC3=O)[nH]c2c1,,C19346123,33.04948,1,0,0,1,0,1,0,0,1,0
[NH2+]=C1N[C@@H](c2c(-c3ccncc3)nn(-c3ccccc3)c2)n2c3ccccc3nc2N1,,C07030622,37.877205,1,0,0,0,0,0,1,1,0,0
Fc1cc(CN(CC)C(=O)Nc2c(C[NH+]3C[C@H](C(=O)N)CCC3)cccc2)ccc1,,C58328445,98.306381,1,0,0,1,0,1,0,1,1,0
O=C(NC[C@@H]([NH+]1CCCC1)c1sccc1)NCC(=O)Nc1c(C)cc(C)cc1C,,C54044527,99.23455,1,0,0,0,0,1,0,0,1,0
O=C(Nc1cc(C[NH+]2[C@H](C(=O)N)CCC2)ccc1)Cc1ccc(-n2cccc2)cc1,,C59935271,72.900963,1,0,0,1,0,0,0,0,0,0
O=C(NC[C@@H]1[NH+](CCC(=O)Nc2c(C#N)c3CCCCc3s2)CCCC1)Nc1ccccc1,,C60090185,98.445541,1,0,0,1,0,0,0,0,0,0
O=C(Nc1c(C(=O)N)c2CC[C@@H](C(C)(C)C)Cc2s1)[C@H]1C[NH+](CCC#N)CCC1,,C62039396,80.765419,1,0,0,0,0,1,0,0,0,0
Clc1c([C@@H]2C(C(=O)NNC(=O)C=3C[NH+]=C4C=CC=CC=34)=C(C)ON2)c(F)ccc1,,C63160888,56.879269,1,0,0,0,0,0,0,0,0,0
FC(F)(F)[C@@H]1N2N[C@@H](C(=O)NCCC=3C[NH+]=C4C=CC=CC=34)C[C@@H]2N[C@H](c2occc2)C1,,C63205509,64.54715,1,0,0,0,0,0,0,0,0,0
FC(F)(F)[C@@H]1N2N[C@@H](C(=O)NCCC=3C[NH+]=C4C=CC=CC=34)C[C@H]2N[C@H](c2occc2)C1,,C63205511,64.54715,1,0,0,0,0,1,0,0,1,0
S=C1N(c2ccc(OC)cc2)C(=O)C([C@@H]2[NH2+][C@H](CC)CC=3[C@@H]2[NH+]=C2C=CC=CC=32)=C([O-])N1,,C63386033,93.399803,1,0,0,0,0,0,0,0,0,0
ClC=1C=CC2=[NH+][C@H](CNC(=O)[C@@H]3CNN4[C@@H](C(F)(F)F)C[C@H](c5occc5)N[C@@H]34)C=C2C=1,,C63537904,78.506615,1,0,0,0,0,0,0,0,0,0
O=C(N[C@H]1S[C@H]2CCC(C(=O)NCCC=3C[NH+]=C4C=CC=CC=34)=C2N1)c1ccc(C)cc1,,C63690795,84.000481,1,0,0,1,0,0,0,0,0,0
FC=1C=CC2=[NH+]CC(CCNC(=O)CNC(=O)c3ccc4NO[C@@H](c5ccccc5)c4c3)=C2C=1,,C64480140,88.369423,1,0,0,0,0,0,0,1,0,0
O=C(NCc1occc1)N1C[C@]2(/C(=[NH+]/Cc3ccccc3)/Nc3ncccc3N2)CCC1,,C65265714,48.441757,1,0,0,1,0,0,0,0,1,0
OC=1N([C@H](C)CC)C(=O)NC(=O)C=1[C@H]1[NH+](CC)CCc2c3ccccc3[nH]c12,,C04090370,98.700241,1,0,0,0,0,1,0,1,1,0
Clc1c(NC(=S)NC2CC(C)(C)[NH2+]C(C)(C)C2)cc([N+](=O)[O-])cc1,,C06787755,99.993851,1,0,0,0,0,0,0,0,1,0
OC1=C([C@@H]2[NH+](C)CCc3c4ccccc4[nH]c23)C(=O)N(CCCC)C(O)=N1,,C09334719,98.094322,1,0,0,0,0,1,0,1,0,0
O=C(Nc1ccc2NC(=O)Nc2c1)C[NH+]1[C@H](c2sc3ccccc3n2)CCC1,,C30965046,92.948853,1,1,0,1,0,1,1,1,0,0
Fc1cc(NC(=O)Nc2c[nH+]c(N3C[C@H](C(=O)NC)CCC3)cc2)ccc1,,C33303023,88.1502,1,0,0,1,0,0,0,0,0,0
Fc1ccc(NC(=O)Nc2ccc(NC(=O)C[NH+]3CCCC3)cc2)cc1,,C35315268,69.095467,1,0,0,0,0,0,0,0,0,0
S(CC(=O)Nc1ccccc1)C=1N(CCc2ccccc2)C(N)=CC(=O)[NH+]=1,,C06658561,98.978348,1,0,0,1,0,1,0,0,1,0
O=C(NCc1cc(NC(=O)C[NH+](C)C)ccc1)N[C@H](C)c1c(C)cccc1,,C42799898,57.853008,1,0,0,1,0,0,0,0,1,0
Fc1c(C(=O)NNC(=O)NC[C@H]([NH+]2CCCC2)c2ccccc2)cccc1,,C42814246,99.443993,1,0,0,1,0,0,0,0,0,0
S(C)c1cc(NC(=O)NC2CC[NH+](CC(=O)NCCC)CC2)ccc1,,C43157014,58.353546,1,0,0,0,0,0,0,0,0,0
O=C(NNc1cc(C#N)ccc1)NC[C@H]([NH+]1CCCC1)c1sccc1,,C43231781,99.056221,1,0,0,1,0,1,0,0,0,0
O=C(NC[C@H](C)[NH+]1[C@@H](C)CCCC1)Nc1ccc(NC(=O)C(C)C)cc1,,C45980890,99.963661,1,0,0,1,0,0,0,0,1,0
O=C(NNC(=O)c1c(C)cccc1)NCC(C)(C)[NH+]1CCc2ccccc2C1,,C46987078,99.694374,1,0,0,1,0,1,0,0,1,0
Fc1ccc(C(=O)NNC(=O)NC[C@@H]([NH+](C)C)Cc2ccccc2)cc1,,C49795353,99.338341,1,0,0,1,0,1,0,0,0,0
O=C(NC[C@@H]1C[NH+](Cc2sccc2)CCC1)Nc1cc(C(=O)NC)ccc1,,C50051850,99.689697,1,0,0,1,0,1,0,1,1,0
O=C(NC1CC(C)(C)[NH2+]C(C)(C)C1)N1C[C@H](C(=O)NCCCC)CCC1,,C51267716,99.993782,1,0,0,0,0,0,0,0,1,0
O=C(NC1CC(C)(C)[NH2+]C(C)(C)C1)N1CCC(NC(=O)c2oc(C)cc2)CC1,,C51267719,99.993797,1,0,0,0,0,0,0,0,0,0
Fc1ccc([C@@H]([NH+](C)C)CNC(=O)NCC(=O)Nc2cc(C#C)ccc2)cc1,,C52554730,98.188942,1,0,0,1,0,1,0,0,1,0
Fc1ccc(CC(=O)NNC(=O)NC[C@@]2([NH+](C)C)C[C@H](C)CCC2)cc1,,C52586786,99.847862,1,0,0,0,0,0,0,0,1,0
O=C(N[C@H]1C[NH+]([C@@H](C)c2ccccc2)CC1)Nc1c(C)c(C(=O)NC)ccc1,,C54407220,98.93129,1,0,0,1,0,0,0,0,1,0
Fc1ccc(CC(=O)NNC(=O)NCC(C)(C)[NH+]2C[C@@H](C)CCC2)cc1,,C54805323,99.967232,1,0,0,0,0,1,0,0,1,0
Brc1ccc(NC(=O)CCNC(=O)NCC([NH+](C)C)(C)C)cc1,,C57197911,99.881973,1,0,0,1,0,0,0,0,1,0
FC(F)(F)C[NH+]1C[C@@H](CNC(=O)NCC(=O)Nc2cc(F)ccc2)CC1,,C51278207,99.498756,1,0,0,0,0,1,0,0,1,0
O=C(NC[C@H](C)[NH+]1C[C@@H](C)CCC1)Nc1ccc(NC(=O)CC(C)C)cc1,,C44031010,99.914742,1,0,0,1,0,0,0,0,0,0
O=C(NC1CC[NH+](CC(=O)NC2CCCCC2)CC1)NC1CCCCC1,,C59993616,59.640926,1,0,0,0,0,0,0,0,0,0
O=C(NCC(C)(C)[NH+]1CCc2ccccc2C1)NCc1cc(C(=O)NC)ccc1,,C41406058,99.718323,1,0,0,1,0,1,0,1,1,0
FC(F)(F)C=1C=C(NC(=O)N[C@@H](C)C[NH+]2C[C@H](C)C[C@@H](C)C2)C(=O)NC=1,,C63160942,91.588997,1,0,0,0,0,0,0,0,1,0
FC(F)(F)C=1C=C(NC(=O)NCCCC[NH+]2C[C@H](C)CCC2)C(=O)NC=1,,C63161738,91.837769,1,0,0,1,0,0,0,0,1,0
FC(F)(F)C=1C=C(NC(=O)NCC(C)(C)[NH+]2CCCCC2)C(=O)NC=1,,C63162414,91.766785,1,0,0,1,0,1,0,0,1,0
O[C@@H](CNC(=O)CNC(=O)N1CCC=2[C@H]([NH+]=C3C=CC=CC=23)C1)c1ccccc1,,C63271410,87.833244,1,0,0,1,0,1,0,0,1,0
Fc1c(C(=O)NNC(=O)NC[C@H]2C[NH+](Cc3sccc3)CCC2)cccc1,,C64644202,99.689804,1,0,0,1,0,1,0,0,1,0
O=C(N)[C@@H]1CN(c2ccc(C(=O)NCC(C)(C)[NH+]3CCCCC3)cc2)CCC1,,C53117309,99.969666,1,0,0,0,0,0,0,0,0,0
Fc1cc(CNC(=O)N2C[C@@]3(/C(=[NH+]/C4CCCC4)/Nc4ncccc4N3)CC2)ccc1,,C65266359,50.40522,1,0,0,0,0,0,0,0,0,0
Fc1c(F)cccc1NC(=O)NCc1cc(NC(=O)C[NH+](C)C)ccc1,,C65425503,57.872837,1,0,0,1,0,0,0,0,1,0
O=C(NC[C@@H]1C[NH+](C(C)C)CC1)NCc1cc(NC(=O)C2CCC2)ccc1,,C65441683,99.970276,1,0,0,0,0,0,0,0,1,0
[NH3+]CCc1nc(N[C@H](C)c2c(-n3nccc3)cccc2)c2ccccc2n1,,C65508362,67.974312,1,0,0,1,0,1,1,1,0,0
S=C1N(C[NH+]2C[C@H](CCC(=O)N)CCC2)N=C(c2ccc(CC)cc2)N1,,C66080561,92.250183,1,0,0,1,0,1,0,1,0,0
Fc1ccc(C(=O)NCCNC(=O)N[C@@H]2C[NH+]([C@H](C)c3ccccc3)CC2)cc1,,C66384751,99.049103,1,0,0,1,0,1,0,0,0,0
FC(F)(F)C=1C=C(NC(=O)N[C@H](C[NH+](C)C)Cc2ccccc2)C(=O)NC=1,,C66402173,90.827759,1,0,0,1,0,0,0,0,1,0
O=C(NC[C@@H]1C[NH+](C(C)C)CC1)Nc1cc(C2=NNC(=O)C=C2)ccc1,,C66679650,60.524933,1,0,0,1,0,1,0,1,1,0
Fc1c(CC(=O)NNC(=O)NCc2c(C[NH+]3CCCCC3)cccc2)cccc1,,C66908210,99.886696,1,0,0,0,0,1,0,0,1,0
O[C@@]1(CNC(=O)NCc2cc(N3CCCCC3)[nH+]cc2)CCCc2ccccc12,,C66909135,85.241882,1,0,0,1,0,0,0,0,1,0
Fc1c(CC(=O)NNC(=O)NCCC[NH+]2C[C@@H](C)C[C@H](C)C2)cccc1,,C66924952,99.958893,1,0,0,1,0,0,0,0,1,0
Fc1c(NC(=O)NCC(C)(C)[NH+]2C[C@@H](C)C[C@H](C)C2)cc(NC(=O)C)c(F)c1,,C66981892,99.966576,1,0,0,1,0,0,0,0,1,0
O=C(NNC(=O)c1c(C)ccs1)NC[C@H](CC)[NH+]1CCc2ccccc2C1,,C67045163,99.200386,1,0,0,1,0,1,0,0,1,0
O=C(NNC(=O)CC1CCCCC1)NC[C@H]([NH+]1CCCC1)c1ccccc1,,C67359417,99.447182,1,0,0,1,0,1,0,0,0,0
O=C(NC(=O)C[NH+]1C[C@@H](CNC(=O)C)CCC1)NC12CC3CC(C1)CC(C2)C3,,C67419134,67.161057,1,0,0,0,0,0,0,0,1,0
O=C(NC[C@H]1[NH+](CC2CCCCC2)CCC1)N(C)Cc1cc(C(=O)N)ccc1,,C67480895,99.860023,1,0,0,0,0,0,0,0,1,0
Fc1cc([C@@H]2[C@@H](NC(=O)NC3CC[NH+](CC(=O)NCCC)CC3)C2)ccc1,,C67562734,59.611782,1,0,0,0,0,0,0,0,0,0
N(CCc1[nH]c2c(C)c(C)ccc2n1)c1nc(C)nc([C@H]2C[NH2+]CCC2)c1,,C67654431,26.75423,1,0,0,1,0,0,0,1,0,0
Brc1cc([C@H]2NC(=O)c3c(sc4C[C@H](C(C)(C)C)CCc34)N2)c(O)cc1,,C04132899,92.478821,1,0,0,0,0,0,0,0,0,0
O=C(N)c1c(NC(=O)C23CC4CC(C2)CC(C3)C4)sc2C[C@@H](C(C)(C)CC)CCc12,,C04177327,100,1,0,0,0,0,0,0,0,0,0
Clc1c(Cl)cc(NC(=O)c2c(N)c3cc4CCCCCc4nc3s2)c(Cl)c1,,C08416473,98.797501,1,0,0,1,0,0,0,0,0,0
O=C(N)c1c(NC(=O)c2cc(-c3sccc3)nc3ccccc23)sc2C[C@H](CCC)CCc12,,C02085918,98.261223,1,0,0,0,0,1,0,0,1,0
O=C(N)c1c(NC(=O)c2cc(-c3sccc3)nc3ccccc23)sc2C[C@H](C(C)(C)C)CCc12,,C02086532,98.261284,1,0,0,0,0,0,0,0,0,0
S=C1N[C@@H](c2ccc(OCC(C)C)c3ccccc23)C(C(=O)Nc2c(C)cccc2)=C(C)N1,,C00666671,99.999214,1,0,0,0,0,0,0,1,1,0
FC(F)(F)c1cc(Nc2c(C#N)c(N)c(C(=O)C34CC5CC(C3)CC(C4)C5)s2)ccc1,,C08451010,99.999496,1,0,0,0,0,0,0,0,0,0
O=C(Nc1c(C)cccc1)c1c(N)c2c(-c3occc3)cc(-c3ccccc3)nc2s1,,C09370948,98.854218,1,0,0,0,0,0,0,0,0,0
Clc1ccc(NC(=O)Nc2ccc(-c3c(NC4CCCCC4)n4C=C(C)C=Cc4n3)cc2)cc1,,C13563565,96.42482,1,0,0,1,0,0,0,0,0,0
S(=O)(=O)(Nc1c(C)cc(C)cc1)c1ccc2N[C@@H](c3c(O)cccc3)[C@H]3CC=C[C@H]3c2c1,,C14474057,95.180397,1,0,0,0,0,0,0,0,0,0
S(=O)(=O)(Nc1c(C)cccc1C)c1ccc2N[C@@H](c3c(O)cccc3)[C@H]3CC=C[C@H]3c2c1,,C14474258,95.116074,1,0,0,0,0,0,0,0,0,0
O=C(Nc1ccc2N[C@@H](c3c[nH]c4ccccc34)[C@H]3CC=C[C@H]3c2c1)CCc1ccccc1,,C14545195,99.999344,1,0,0,1,0,1,0,1,0,0
O=C(Nc1ccc2N[C@@H](c3c[nH]c4ccccc34)[C@@H]3CC=C[C@H]3c2c1)CCc1ccccc1,,C14545197,99.999344,1,0,0,1,0,0,0,1,0,0
S=C1N[C@@H](c2ccccc2)[C@@H]2CCC[C@@H]3[C@@H](c4ccccc4)c4c(C)cc(O)cc4O[C@]23N1,,C15021633,98.041725,1,0,0,0,0,0,0,0,0,0
S=C(N)N/N=C(/C1CC(C)(c2c(C)cc(C)cc2C)C1)\c1oc2c(OC)cccc2c1,,C15230120,99.999779,1,0,0,1,0,1,0,1,0,0
O=C(NCC1CCN(C(=O)Nc2cccc3ccccc23)CC1)Nc1cccc2ccccc12,,C16544952,100,1,0,0,0,0,1,0,0,0,0
O=C(N)c1c(NC(=O)c2cc(-c3sc(C)cc3)nc3ccccc23)sc2C[C@H](CCC)CCc12,,C02737054,98.228714,1,0,0,0,0,1,0,0,0,0
O=C1N(Cc2c(C)cc(C)cc2)C(Nc2c(N)cccc2)=NC(C)=C1Cc1c(C)cc(C)cc1,,C16884955,50.688953,1,0,0,1,0,0,0,0,0,0
Clc1c(CN2C(=O)C(Cc3c(Cl)cccc3)=C(C)N=C2Nc2c(N)cccc2)cccc1,,C16885157,49.459438,1,0,0,1,0,0,0,0,0,0
Clc1c(CN2C(=O)C(Cc3ccc(Cl)cc3)=C(C)N=C2Nc2c(N)cccc2)cccc1,,C16885196,49.949135,1,0,0,1,0,0,0,0,0,0
Brc1cc(Cl)c(O)c([C@H]2Nc3sc4C[C@@H](C(C)(C)C)CCc4c3C(O)=N2)c1,,C17085811,40.477913,1,0,0,0,0,0,0,0,0,0
S(=O)(=O)(c1c(N)c(C(=O)c2ccc(C)cc2)sc1Nc1cc(C)ccc1)c1ccccc1,,C20418322,99.99984,1,0,0,0,0,0,0,0,0,0
Brc1cc([C@H]2Nc3ccc(NC(=O)CC(C)C)cc3[C@@H]3[C@H]2CC=C3)c(O)cc1,,C20696470,98.174179,1,0,0,0,0,0,0,0,1,0
Brc1cc([C@H]2Nc3ccc(NC(=O)CC(C)C)cc3[C@@H]3[C@@H]2CC=C3)c(O)cc1,,C20696472,98.174179,1,0,0,0,0,0,0,0,1,0
S(=O)(=O)(Nc1c(C)cc(C)cc1)c1ccc2N[C@H](c3c(O)cccc3)[C@H]3CC=C[C@@H]3c2c1,,C20706994,95.180397,1,0,0,0,0,1,0,0,0,0
O(CC(C)C)c1ccc([C@H]2CC(=O)C=3[C@H](c4c[nH]c5ccccc45)Nc4ccccc4NC=3C2)cc1,,C20882474,99.998672,1,0,0,0,0,0,0,0,0,0
O=C1C[C@H](c2ccc(CC)cc2)CC=2Nc3ccccc3N[C@H](c3c[nH]c4ccccc34)C1=2,,C20882599,99.998672,1,0,0,0,0,0,0,1,0,0
O=C1C[C@@H](c2ccc(C(C)(C)C)cc2)CC=2Nc3ccccc3N[C@H](c3c[nH]c4ccccc34)C1=2,,C20885504,99.998672,1,0,0,1,0,0,0,1,0,0
O=C1C[C@H](c2ccc(C(C)(C)C)cc2)CC=2Nc3ccccc3N[C@H](c3c[nH]c4ccccc34)C1=2,,C20885506,99.998672,1,0,0,0,0,0,0,1,0,0
O(C)c1c(OC(C)C)ccc([C@H]2CC(=O)C=3[C@H](c4c[nH]c5ccccc45)Nc4ccccc4NC=3C2)c1,,C21258079,99.998672,1,0,0,0,0,0,0,0,0,0
Clc1ccc2[nH]c(SCC(=O)Nc3cc(NC(=O)C45CC6CC(C4)CC(C5)C6)ccc3)nc2c1,,C22636585,46.700729,1,0,0,1,0,0,0,1,0,0
S(=O)(=O)(c1c(N)c(C(=O)c2c(C)cc(C)cc2)sc1Nc1c(F)cccc1)c1ccc(C)cc1,,C33058377,99.999039,1,0,0,0,0,0,0,0,0,0
Clc1ccc(-c2nc(NCc3ccc(F)cc3)nc3nn(-c4cc(F)ccc4)c(N)c23)cc1,,C35573885,90.810677,1,1,0,0,0,0,1,1,0,0
O=C(N1CCCCC1)c1c(Nc2ccc(C)cc2)sc2c(c(C#N)c(N)nc12)-c1ccccc1,,C39895324,74.060944,1,0,0,1,0,0,0,0,0,0
FC(F)(F)c1cc(NC(=O)c2c(N)c3c(-c4sccc4)c4CCCCc4nc3s2)ccc1,,C40486442,96.86322,1,0,0,0,0,0,0,0,0,0
O(c1ccc(Nc2c(N)c(N3C[C@@]4(C)CC(C)(C)C[C@@H]3C4)ncn2)cc1)c1ccccc1,,C40735407,74.491089,1,0,0,0,0,0,0,0,0,0
Brc1cc(F)c(Nc2c(N)c(Oc3cc(C)c(Cl)c(C)c3)ncn2)cc1,,C40797112,99.668266,1,0,0,0,0,0,0,0,0,0
S=C1N[C@H](c2ccc(-c3ccccc3)cc2)C(C(=O)Nc2c(C(F)(F)F)cccc2)=C(C)N1,,C45326744,99.99987,1,0,0,0,0,0,0,0,0,0
Brc1cc(Cl)c(O)c([C@@H]2Nc3sc4C[C@H](C(C)(C)CC)CCc4c3C(O)=N2)c1,,C08919681,40.475891,1,0,0,0,0,0,0,0,0,0
Brc1cc(Cl)c(O)c([C@H]2Nc3sc4C[C@H](C(C)(C)CC)CCc4c3C(O)=N2)c1,,C08919692,40.475891,1,0,0,0,0,0,0,0,0,0
Fc1ccc([C@@H]2Nc3ccccc3NC=3C[C@H](c4ccc([NH+](CC)CC)cc4)CC(=O)C2=3)cc1,,C09111189,99.99791,1,0,0,0,0,0,0,0,0,0
O=C(Nc1c(CC(c2c[nH]c3ccccc23)c2c[nH]c3ccccc23)cccc1)c1occc1,,C14816588,100,1,0,0,1,0,1,0,1,0,0
Fc1ccc([C@H]2CC(=O)C=3[C@@H](c4ccc([NH+](CC)CC)cc4)Nc4ccccc4NC=3C2)cc1,,C08432440,99.997986,1,0,0,0,0,0,0,0,0,0
Clc1c(/C=N/NC(=O)C=2[C@@H](c3c(Cl)cccc3)NC(=S)NC=2C)ccc(Cl)c1,,C59384888,99.99984,1,0,0,0,0,0,0,0,0,0
Clc1c([C@@H]2C(C(=O)N/N=C/c3c(Cl)cccc3)=C(C)NC(=S)N2)ccc(Cl)c1,,C59384954,99.999832,1,0,0,0,0,0,0,0,0,0
S=C(NC(=O)c1cc(C)cc(C)c1)NC1=CC(=O)/C(=C\2/Oc3ccc(C(C)C)cc3N/2)/C=C1,,C22567196,56.988823,1,0,0,0,0,0,0,0,0,0
Oc1c(C(C)(C)C)cc([C@@H]2C(C#N)=C(N)OC3=NN=C(c4c(C)cc(C)cc4)[C@H]23)cc1C(C)(C)C,,C08410502,74.975273,1,0,0,0,0,0,0,0,0,0
Oc1c(C(C)(C)C)cc([C@H]2C(C#N)=C(N)OC3=NN=C(c4c(C)cc(C)cc4)[C@@H]23)cc1C(C)(C)C,,C08410498,74.975273,1,0,0,0,0,0,0,0,0,0
O=C(/N=C\1/Sc2ccccc2N/1)c1c(N)c2c(-c3sccc3)c3CN(C)CCc3nc2s1,,C13739237,55.332829,1,0,0,0,0,0,0,0,0,0
Brc1ccc2S/C(=N/C(=O)c3c(N)c4c(C(F)(F)F)cc(C)nc4s3)/Nc2c1,,C13739445,51.220238,1,0,0,0,0,0,0,0,0,0
S=C1N[C@@H](c2cc(OC)c(OC)cc2)C(C(=O)Nc2c(C)cccc2)=C(C)N1,,C00655240,99.999207,1,0,0,0,0,1,0,0,0,0
Clc1cc(-c2nn3[C@@H](c4ccc(F)cc4)C(C(=O)N)=C(C)Nc3n2)ccc1,,C04574551,92.253807,1,0,0,0,0,0,0,0,0,0
S(CC(=O)N[C@H]1[C@H](C)[C@@H](C)CCC1)c1n(N)c(-c2sccc2)nn1,,C04601309,99.810387,1,0,0,0,0,0,0,0,0,0
Fc1cc(-c2nn3C(NC[C@@H](O)c4cc(O)ccc4)=C4CCCC4=Nc3c2)ccc1,,C04966860,89.055824,1,0,0,0,0,0,0,1,0,0
S(CC(=O)Nc1scc(-c2c(C)cc(C)c(C)c2)n1)c1sc(N)nn1,,C07535686,98.737488,1,0,0,1,0,1,0,1,1,0
Fc1ccc([C@@H](NC(=O)c2cc([N+](=O)[O-])c(N)cc2)c2sccc2)cc1,,C09891629,100,1,0,0,0,0,0,0,1,0,0
S(C)C=1NC(=O)C(CC(=O)Nc2ccc3[nH]c4CCCCc4c3c2)=C(C)N=1,,C12195612,98.759338,1,1,0,1,0,0,0,1,0,0
S(=O)(=O)(Nc1c(N2CCCC2)ccc(C(=O)N)c1)c1ccc2CCCCc2c1,,C12560577,97.505493,1,0,0,1,0,0,0,1,1,0
S(=O)(=O)(Nc1c(N2CCCC2)ccc(C(=O)N)c1)c1c(C)cc(C)cc1C,,C12551974,97.562523,1,0,0,0,0,0,0,0,1,0
S([C@H](C)C(=O)N)c1n(c(-c2c[nH]c3ccccc23)nn1)-c1c(C)cccc1,,C08090918,99.313896,1,0,0,1,0,0,0,0,0,0
Fc1cc(-c2nn3C(NC[C@@H](O)c4cc(O)ccc4)=CC(C)=Nc3c2)ccc1,,C19117248,88.869804,1,0,0,1,0,0,0,1,0,0
S([C@H](C)C(=O)Nc1c(C)c(C)ccc1)c1n(N)c(-c2sccc2)nn1,,C21878307,99.808868,1,0,0,1,0,1,0,1,1,0
FC(F)(F)[C@@H](NC(=O)c1cc(-c2cnc(N)nc2)nc2cc(C)cc(C)c12)C,,C23429060,95.927582,1,0,0,0,0,1,0,1,0,0
S=C1N(Nc2ccccc2)C(N)=NN1CC(=O)c1c(C)cc(C)cc1C,,C28527651,97.619003,1,0,0,0,0,0,0,0,0,0
S([C@H](C)C=1NC(=O)c2c(C)c(C)sc2N=1)c1n(N)cc(-c2ccccc2)n1,,C18151879,50.201328,1,0,0,1,0,0,0,1,0,0
O=[N+]([O-])c1c(CNc2cc(C#Cc3sccc3)ccc2)ccc(C(=O)N)c1,,C36395520,99.99926,1,0,0,1,0,1,0,1,1,0
O=C(NCc1occc1)c1ccc(-n2c(N)cc(-c3cc(C)ccc3)n2)cc1,,C38737576,98.923477,1,0,0,0,0,0,0,1,0,0
Fc1c(-c2nc3sc(C(=O)Nc4noc(C)c4)c(N)c3cc2)ccc(F)c1,,C39324170,99.733864,1,0,0,0,0,0,0,0,0,0
O=C(Nc1ccc(C23CC4CC(C2)CC(C3)C4)cc1)CC[C@@H]1C(=O)NC(=O)N1,,C40161091,99.999237,1,0,0,0,0,0,0,0,1,0
S=C(N)N/N=C/1\CCCc2oc(C(=O)N3[C@@H](C)Cc4ccccc34)c(C)c\12,,C40824483,99.998314,1,0,0,1,0,1,0,1,0,0
S([C@H](C)C(=O)Nc1ccc(-c2ccccc2)cc1)c1nc(N)c(C#N)cn1,,C42356405,99.63269,1,0,0,0,0,0,0,0,0,0
S([C@H](C(C)C)C(=O)Nc1ccc2CCCc2c1)c1nc(N)c(C#N)cn1,,C43025528,99.633118,1,0,0,0,0,0,0,1,1,0
FC(F)(F)CNC(=O)CNC(=O)Nc1ccc2c(oc3ccccc23)c1,,C47546886,100,1,0,0,1,0,1,0,0,0,0
Fc1c(NC(=O)C(=O)N[C@H](C(C)C)c2[nH]c3ccccc3n2)ccc(C)c1,,C48718799,92.213531,1,0,0,0,0,0,0,0,0,0
O=C(N/N=C\1/C(=O)Nc2ccccc/12)c1ccc(NCc2ccccc2)cc1,,C06615967,99.995079,1,0,0,1,0,0,0,1,0,0
Brc1cccc2c(N[C@H](C)c3ccc4NC(=O)Nc4c3)ncnc12,,C52384906,69.431618,1,1,0,0,0,0,1,1,0,0
O=C(NN/C=C\1/C(=O)NC(=O)c2ccccc/12)c1sc2CCCCCc2c1,,C16721526,99.967926,1,0,0,0,0,0,0,0,0,0
O=C(NNC(=O)C(=O)c1c(C)[nH]c2ccccc12)Cc1ccc2ccccc2c1,,C53607009,99.99826,1,0,0,1,0,0,0,0,0,0
Clc1ccc(N2C([O-])=C(C[NH2+]/C=C/C=3CCCCC=3)C(=O)NC2=O)cc1,,C55142005,86.714409,1,0,0,1,0,0,0,0,0,0
O=C(Nc1c(C)ccc(C(=O)N[C@H]2C(=O)Nc3cccc(C)c23)c1)C1CCCC1,,C55368764,99.998566,1,0,0,0,0,0,0,0,1,0
O=C(NCC(=O)Nc1c(C)cccc1C)N[C@H](C)c1c(C)c2ccccc2o1,,C56793569,100,1,0,0,0,0,1,0,0,0,0
OC(C(=O)N/N=C\1/C(=O)Nc2ccccc/12)(c1ccc(C)cc1)c1ccc(C)cc1,,C04553020,99.999641,1,0,0,0,0,0,0,0,0,0
Fc1ccc(Nc2nc(N)nc(CN3[C@@H](c4sccc4)CCC3)n2)cc1,,C14929966,91.086403,1,0,0,1,0,1,0,1,0,0
S(=O)(=O)(N)c1cc([C@H](NS(=O)(=O)c2c(C)c(C)cc(C)c2C)C)ccc1,,C58315566,95.99852,1,0,0,1,0,0,0,0,1,0
O=C(Nc1cc(C(=O)N)ccc1)[C@H]1[C@H](C(=O)N2CCc3ccccc23)CCCC1,,C58339515,100,1,0,0,1,0,1,0,1,1,0
O=C(Nc1ccc2[nH]c(-c3sccc3)nc2c1)CNC(=O)C1CCCC1,,C60570892,38.508804,1,0,0,1,0,1,0,0,0,0
O=C(NCC(=O)Nc1c(C)cc(C)cc1C)NCc1oc2ccccc2c1,,C61165597,100,1,0,0,1,0,1,0,0,1,0
O=C(Nc1c(C(=O)N)cc(-c2ccccc2)s1)[C@@H]1[C@H](C)Oc2ccccc2O1,,C61972701,100,1,0,0,1,0,0,0,1,0,0
Fc1c(C(=O)Nc2sc([C@H]3ON[C@@H](c4sccc4)N3)c(C)n2)cccc1,,C53620167,99.26136,1,0,0,1,0,0,0,0,1,0
S(=O)(=O)([N-]c1ccc([C@H]2Sc3cc(C)ccc3N2)cc1)c1[nH]c[nH+]c1,,C63753160,95.44973,1,0,0,0,0,0,0,1,1,0
O=C(Nc1cccc2CN(C(=O)NCc3ccc4[nH]c(C)c(C)c4c3)CCc12)C,,C65019162,100,1,0,0,1,0,1,0,1,1,0
Fc1c(NC(=O)C)cc(NC(=O)C(=O)N[C@@H]2[C@H](C(C)(C)C)CCCC2)c(F)c1,,C65556764,100,1,0,0,0,0,0,0,0,0,0
Brc1sc(CNC(=O)Nc2ccc3C(=O)NC(=O)c3c2)cc1,,C65788573,99.999786,1,0,0,1,0,1,1,1,1,0
O=C(N[C@H](C)c1cccc2ccccc12)c1ccc(-n2c(N)c(C#N)cn2)cc1,,C66239806,99.940353,1,0,0,0,0,0,0,0,0,0
Fc1c(C[C@@H](NC(=O)Nc2cc(C3=NNC(=O)C=C3)ccc2)C)cccc1,,C66679596,60.54567,1,0,0,1,0,1,0,0,0,0
FC(F)(F)[C@@H]1[C@@H](NC(=O)NCc2[nH]nc(-c3sccc3)n2)CCCC1,,C66698547,99.232834,1,0,0,0,0,0,0,0,1,0
Fc1c(NC(=O)NC[C@@]2(O)CCCc3ccccc23)c(-n2nccc2)ccc1,,C66953084,99.982826,1,0,0,0,0,0,0,0,1,0
Fc1c(NC(OC)=O)cc(NC(=O)N[C@@H]2CCCCc3ccccc23)cc1,,C67321334,100,1,0,0,0,0,1,0,0,0,0
O[C@@H](CNC(=O)Nc1n(C(C)(C)C)cc(C#N)c1)c1ccc2ccccc2c1,,C67408062,100,1,0,0,1,0,0,0,1,1,0
O=C(NCc1cc(NC(=O)[C@H]2OCCC2)ccc1)NC12CC3CC(C1)CC(C2)C3,,C67606728,100,1,0,0,0,0,0,0,0,1,0
OC1=C([C@H]2[NH2+]CCc3ccccc23)C(=O)N(c2c(C)cc(C)cc2C)C(=O)N1,,C03984873,98.314957,1,0,0,0,0,0,0,0,0,0
O=C(N)c1c(NC(=O)c2c(C)cc(C)cc2)sc2C[NH+](CCC)CCc12,,C04301472,99.514229,1,0,0,1,0,1,0,0,1,0
Clc1cc(Cl)cc(NC(=O)C[C@@H]2C(=O)N[C@@H]3CCCC[C@@H]3[NH2+]2)c1,,C04702827,90.056442,1,0,0,1,0,0,0,0,1,0
Fc1ccc(C=2CC[NH+](CC(=O)Nc3c(C(=O)N)c(C)c(C)s3)CC=2)cc1,,C05000595,78.703377,1,0,0,0,0,1,0,0,1,0
Clc1cc(N2C(O)=C([C@H]3[NH2+]CCc4ccccc34)C(=O)NC2=O)ccc1,,C02355842,98.305542,1,0,0,0,0,0,0,0,0,0
S(CC(=O)Nc1c(C(=O)N)c2CC[NH+](C(C)C)Cc2s1)c1ccc(C)cc1,,C05190871,99.79422,1,0,0,1,0,0,0,1,1,0
Fc1ccc([C@H](Nc2c(O)ccc[nH+]2)c2c(O)c3ncccc3cc2)cc1,,C05556312,28.578022,1,0,0,1,0,0,0,1,0,0
O=C(N[C@H](C)c1c(C)cccc1)C[NH+]1[C@@H](C(=O)N)Cc2ccccc2C1,,C09495855,99.687187,1,0,0,1,0,1,0,0,1,0
O=C(Nc1c(C(=O)N)c2CCCc2s1)[C@H](C)[NH+]1CC[C@@H]2CCCC[C@@H]2C1,,C09638454,86.837257,1,0,0,0,0,0,0,0,1,0
O(Cc1nc(NCC[NH3+])c2c(sc3CCCCc23)n1)c1ccccc1,,C13998641,62.459274,1,0,0,1,0,1,0,1,0,0
S(c1c(NC(=O)C[NH+]2[C@H](C(=O)N)CCCC2)cccc1)c1ccccc1,,C14021048,98.652016,1,0,0,1,0,1,0,0,1,0
Fc1ccc2O[C@H]([C@H](O)C[NH2+]C[C@@H](O)[C@@H]3Oc4ccc(F)cc4CC3)CCc2c1,,C15668963,78.940254,1,0,0,0,0,0,0,0,0,0
S(Cc1c(-c2cc([N+](=O)[O-])ccc2)nn(-c2ccccc2)c1)C(=[NH2+])N,,C04725220,99.973793,1,0,0,1,0,0,0,1,0,0
Clc1cc(Cl)cc(NC(=O)[C@H]2[NH+](CC(=O)NC(=O)NCC=C)CCC2)c1,,C26462687,99.847748,1,0,0,1,0,0,0,0,1,0
O=C(N)c1c(NC(=O)C23CC4CC(C2)CC(C3)C4)sc2C[NH+](CCC)CCc12,,C36628559,99.514221,1,0,0,0,0,0,0,0,0,0
Oc1ccc2C[C@H]3[NH+](CC4CC4)CC[C@@]45[C@@]3(O)Cc3c6ccccc6[nH]c3[C@@H]4Oc1c25,,C03802871,94.171272,1,0,0,1,0,0,0,1,1,0
Oc1cc([C@@H](Nc2[nH+]ccc(C)c2)c2c(O)c3nc(C)ccc3cc2)ccc1,,C04164762,52.67474,1,1,0,1,0,0,0,1,0,0
O[C@H]1[C@H]([C@H](C)C(=O)NC2CC2)CC[C@]2(C)Cc3sc(NC)[nH+]c3[C@@H](C)[C@H]12,,C43548304,76.858124,1,0,0,0,0,0,0,0,1,0
Fc1ccc2O[C@@H]([C@@H](O)C[NH2+]C[C@H](O)[C@@H]3Oc4ccc(F)cc4CC3)CCc2c1,,C44830863,78.940254,1,0,0,1,0,0,0,0,1,0
O=C(NNC(=O)c1sc2CCCCCc2c1)NC1CC[NH+](C2CC2)CC1,,C45410466,99.924255,1,0,0,0,0,0,0,0,0,0
Fc1c(F)c(F)c(NNC(=O)NC[C@@H]([NH+](C)C)c2cscc2)c(F)c1F,,C46347533,97.005112,1,0,0,1,0,0,0,0,0,0
Fc1ccc(NNC(=O)NCC2([NH+]3CCSCC3)CCCC2)cc1,,C47009010,99.738663,1,0,0,1,0,0,0,0,0,0
Nc1nc(N2C[C@@H]3[NH2+]CCC[C@@H]3C2)c2CCCC[C@@H](c3ccccc3)c2n1,,C49045940,85.594551,1,0,0,0,0,0,0,0,0,0
Brc1c([C@H]([NH2+]CCC)[C@@H]2OCCC2)cc2NC(=O)Nc2c1,,C52094711,99.216835,1,0,0,0,0,0,0,0,1,0
Fc1ccc(CC(=O)NNC(=O)NCC(C)(C)[NH+]2C[C@H](C)CCC2)cc1,,C54805322,99.967232,1,0,0,0,0,1,0,0,1,0
O=C(NC1CC[NH+]([C@H](C)C(=O)N[C@@](C)(C(C)C)C#N)CC1)NC1CCCCC1,,C55027554,78.896019,1,0,0,0,0,0,0,0,0,0
O=C(NC1CC[NH+](CC(=O)N[C@@H](C)C(C)C)CC1)NC1CCCCC1,,C55028259,59.799965,1,0,0,0,0,0,0,0,0,0
Oc1c(CNC2CC(C)(C)[NH2+]C(C)(C)C2)c2OC(=O)C=3CCCC=3c2cc1,,C20573651,47.968273,1,0,0,1,0,1,0,0,0,0
[O-]C=1N2[C@H]([C@H]3CCC=CC3)[NH+]=C(NCC[NH+]3CCCCC3)N=C2NC(=C)C=1,,C59619522,99.37043,1,0,0,0,0,0,0,0,0,0
O=C(N)[C@@H]1[NH+](Cc2cc(NC(=O)[C@H]3CCCc4ccccc34)ccc2)CCC1,,C59935424,72.903732,1,0,0,1,0,1,0,0,1,0
O=C(NC1CC[NH+](CC(=O)NC2CCCCC2)CC1)Nc1ccccc1,,C59993702,58.281937,1,0,0,0,0,0,0,0,0,0
Fc1c(NC(=O)C2CCCCC2)cc(NC(=O)N[C@@H](C)Cn2c[nH+]cc2)cc1,,C62580154,80.696304,1,0,0,1,0,0,0,1,0,0
O=C(Nc1c(C(=O)N)c2CC[C@H](C)Cc2s1)CCC=1C[NH+]=C2C=CC=CC=12,,C63187816,84.282288,1,0,0,1,0,1,0,0,1,0
O[C@@H]1N(CCCCCC)C(=O)NC(=O)[C@@H]1[C@H]1NCCC=2[C@@H]1[NH+]=C1C=CC=CC=21,,C63373481,59.633976,1,0,0,0,0,1,0,0,1,0
O=C(NC1CC[NH+](CC2CCCC2)CC1)Nc1c(C)c(C(=O)NC)ccc1,,C63390786,99.903641,1,0,0,0,0,0,0,0,0,0
O=C(Nc1cc(C=2N[C@@H]([C@H]3[NH+]=C4C=CC=CC4=C3)ON=2)ccc1)Nc1ccccc1,,C63617923,94.798447,1,0,0,0,0,0,0,0,0,0
S(=O)(=O)(/N=C(\N)/NCCC=1[C@H](C)[NH+]=C2C=CC(C)=CC=12)c1ccccc1,,C63676494,74.843407,1,0,0,0,0,1,0,0,1,0
ClC=1C=CC2=[NH+]CC(CCNC(=O)[C@H]3[C@H](c4ccccc4)NNS3)=C2C=1,,C63795976,77.341568,1,0,0,1,0,1,0,0,1,0
Fc1cc(NC(=O)CNC(=O)NC[C@H](C)[NH+]2[C@@H](C)CCCC2)ccc1,,C51272095,99.965561,1,0,0,1,0,1,0,0,1,0
Clc1ccc(N2[C@@H](C3=C(C)NC(=O)C(C#N)=C3)[NH2+][C@H](C3CC3)N2)cc1,,C65499380,76.307411,1,0,0,0,0,0,0,1,1,0
Brc1ccc(-c2oc(CN/C(=[NH+]/C[C@H]3OCCC3)/N)cc2)cc1,,C66244241,99.854645,1,0,0,1,0,1,0,0,0,0
O[C@]1(CNC(=O)NC2CC[NH+](CC=C(C)C)CC2)CCCc2ccccc12,,C66926708,99.791901,1,0,0,1,0,0,0,0,1,0
S([C@H](C)CC#N)c1c(NC(=O)NC2CC(C)(C)[NH2+]C(C)(C)C2)cccc1,,C66954004,99.993454,1,0,0,0,0,0,0,0,0,0
O=C(NNC(=O)CC1CCCCC1)N[C@@H]1C[NH+]([C@H](C)c2ccccc2)CC1,,C67064868,98.944893,1,0,0,1,0,1,0,0,0,0
O=C(NNC(=O)c1cc(C)ccc1)NC[C@@H]([NH+]1CCCC1)c1ccccc1,,C67380900,99.445518,1,0,0,0,0,0,0,0,0,0
Fc1ccc(NC(=O)Nc2cccc3C[NH+](CC(=O)NC(C)C)CCc23)cc1,,C67401522,62.349674,1,0,0,1,0,1,0,0,0,0
O=C(NNC(=O)c1c(C)ccs1)NC[C@@]1([NH+](C)C)C[C@H](C)CCC1,,C67408012,99.847679,1,0,0,0,0,0,0,0,1,0
O=C(NNC(=O)c1ccccc1)NC[C@@H]1[NH+](CC2CCCCC2)CCC1,,C67456774,99.845207,1,0,0,0,0,0,0,0,0,0
FC(F)C[NH+]1CCC(NC(=O)NC[C@H](O)c2ccc3ccccc3c2)CC1,,C67479625,77.042999,1,0,0,1,0,0,0,1,1,0
Clc1nnc(NNC(=O)NC[C@@H]2[NH+](CC3CCCCC3)CCC2)cc1,,C67480893,66.020782,1,0,0,1,0,0,0,0,1,0
S(CC(=O)Nc1ccccc1)C1=C(C(=O)N)C2(C(C#N)C(N)=N1)CCCCC2,,C04135580,81.758415,1,0,0,1,0,0,0,0,0,0
Brc1ccc2[nH]cc(O[C@H]3[C@H](O)[C@@H](O)[C@@H](O)[C@@H](CO)O3)c2c1,,C04521284,100,1,0,0,1,0,0,0,0,0,0
OC[C@H]1[C@@H](O)[C@@H](O)[C@@H](O)[C@@H](Oc2c(C(=O)/C=C/c3ccc([N+](=O)[O-])cc3)c(O)ccc2)O1,,C04565978,55.879028,1,0,0,0,0,0,0,0,0,0
O=C(NNC(=O)C[C@H]1C(=O)NN=C(Cc2ccccc2)N1)Nc1ccccc1,,C02250505,99.770332,1,0,0,0,0,1,0,0,1,0
Fc1c(NC(=O)NNC(=O)CNC(=O)Nc2cc([N+](=O)[O-])ccc2)cccc1,,C01754259,100,1,0,0,1,0,0,0,0,0,0
OC[C@@]12[C@](O)(C[C@@H](O)CC1)CC[C@@H]1[C@@]3(O)[C@@](C)([C@H](C(OCC)=O)CC3)C[C@H](O)[C@@H]21,,C05247504,100,1,0,0,0,0,0,0,0,1,0
OC[C@H]1[C@@H](O)[C@H](O)[C@H](N2C(=O)N=C(NCCc3c[nH]c4ccccc34)C=C2)O1,,C05496493,88.983086,1,0,0,1,0,0,0,1,1,0
Brc1ccc2NC(=O)[C@](O)(C/C(=N/NC(=O)NN)/c3ccccc3)c2c1,,C05808988,99.997948,1,0,0,1,0,1,0,1,1,0
S(=O)(=O)(NC=1C(=O)N(N(C)C=1C)c1ccccc1)c1cc(N)c(N)cc1,,C03885519,99.888016,1,0,0,1,0,0,0,1,0,0
O[C@@]1(C/C(=N\NC(=O)C(=O)N)/c2ccc3ccccc3c2)C(=O)Nc2ccccc12,,C06576592,99.998116,1,0,0,1,0,1,0,1,1,0
O=C(Nc1c(C(=O)N)ccs1)CN1C(=O)[C@H](Cc2c[nH]c3ccccc23)NC1=O,,C08880556,99.999565,1,0,0,1,0,1,0,0,1,0
S(=O)(=O)(N1CCCC1)c1cc(NC(=O)CSc2nc(N)cc(N)n2)ccc1,,C09119734,64.03756,1,0,0,0,0,0,0,1,1,0
S(CC(=O)Nc1ccc(F)cc1)C=1NC(=O)C(NC(=O)c2sccc2)=C(N)N=1,,C02712440,73.918747,1,0,0,1,0,1,0,0,0,0
S(CC(=O)NCc1occc1)C=1NC(=O)C(NC(=O)c2sccc2)=C(N)N=1,,C02712465,73.692986,1,0,0,1,0,1,0,0,0,0
Clc1ccc2c(O[C@]3(C)[C@](O)(C)[C@@](O)(C)[C@@](O)(C)[C@@](C)(CO)O3)c[nH]c2c1,,C09915707,100,1,0,0,1,0,0,0,0,1,0
OC(=O)[C@]1(C)[C@](O)(C)[C@](O)(C)[C@](O)(C)[C@@](Oc2c[nH]c3ccccc23)(C)O1,,C09970291,99.852898,1,0,0,1,0,1,0,0,0,0
OC[C@H]1[C@@H](O)[C@@H](O)[C@@H](O)[C@@H](Oc2ccc3C(=O)C[C@H](c4ccc(O)cc4)Oc3c2)O1,,C12429155,98.275673,1,0,0,1,0,1,0,0,0,0
O=C(Nc1c(C(=O)N)cccc1)Cc1nc(NC(=O)C2=CNC(=O)C=C2)sc1,,C12440102,97.870842,1,0,0,1,0,1,0,1,0,0
S(CC(=O)Nc1ccc2NC(=O)Nc2c1)c1n(N)c(-c2c(F)cccc2)nn1,,C12949092,99.880516,1,1,0,1,0,1,1,1,0,0
O=C([O-])[C@@H]1[NH2+][C@@H](CCC[C@@H]2[NH2+][C@@H](C(=O)[O-])Cc3c4ccccc4[nH]c23)c2[nH]c3ccccc3c2C1,,C16525498,93.95031,1,0,0,0,0,0,0,0,0,0
Ic1ccc2[nH]cc(O[C@H]3[C@@H](O)[C@H](O)[C@@H](O)[C@@H](CO)O3)c2c1,,C22061475,100,1,0,0,1,0,0,0,0,0,0
S(=O)(=O)(N1CCCC1)c1cc(NC(=O)CSc2nc(N)nc(N)n2)ccc1,,C16097240,100,1,0,0,0,0,0,0,1,1,0
O=C(NC(=O)[C@H](Nc1ccc(NC(=O)NC[C@H]2OCCC2)cc1)C)NC1CC1,,C29718905,99.998833,1,0,0,0,0,0,0,0,0,0
O=C(N)N[C@@H](CC(=O)Nc1ccc2O[C@@H](C)C(=O)Nc2c1)c1c(C)cccc1,,C32448558,99.999023,1,0,0,1,0,0,0,0,1,0
O=C(Nc1c(C(=O)N)c2CCCc2s1)CN1[C@@H](C(=O)N)Cc2ccccc2C1,,C35343908,99.910278,1,0,0,1,0,0,0,1,1,0
Clc1ccc(/C=C/C(=O)c2c(O)cc(O)cc2O[C@H]2[C@@H](O)[C@H](O)[C@H](O)[C@H](CO)O2)cc1,,C37246189,46.490917,1,0,0,1,0,1,0,0,0,0
S(CC(=O)Nc1noc(C)c1)C=1NC(=O)C(NC(=O)c2ccc(C)cc2)=C(N)N=1,,C12033303,81.090591,1,0,0,1,0,1,0,1,0,0
S(CC(=O)Nc1cc(F)ccc1)[C@@H]1N(N)[C@@H]([C@H]2N=NC(c3ccccc3)=C2)NN1,,C38994490,46.022942,1,0,0,1,0,1,0,0,0,0
S(=O)(=O)(N)Nc1cc(NC(=O)[C@H]2CN(C(=O)Nc3ccccc3)CCC2)ccc1,,C39558444,97.988884,1,0,0,0,0,0,0,0,0,0
Fc1ccc([C@@]2(C)C(=O)N(CC(=O)NCC(=O)Nc3ccc4NC(=O)Nc4c3)C(=O)N2)cc1,,C39559035,99.997925,1,0,0,1,0,0,0,1,1,0
S(CC(=O)Nc1ncccc1)[C@@H]1N(N)[C@@H]([C@H]2N=NC(c3ccccc3)=C2)NN1,,C39590961,69.76609,1,0,0,1,0,1,0,0,1,0
S(CC#N)c1n([C@@H](CC)C(=O)Nc2c(C(=O)N)c3CCCCc3s2)c(N)nn1,,C40173509,90.097565,1,0,0,1,0,1,0,1,1,0
S(=O)(=O)(NNc1c(N)c(Nc2noc(C)c2)ncn1)c1ccc(C)cc1,,C40681069,38.70211,1,1,0,1,0,0,0,0,1,0
S(=O)(=O)(NNc1c(N)c(Nc2nc(C)ccc2)ncn1)c1ccc(C)cc1,,C40685675,25.532946,1,0,0,1,0,0,0,0,1,0
Brc1cnc(Nc2c(N)c(NNC(=O)c3cnccc3)ncn2)cc1,,C40779842,33.186939,1,0,0,1,0,0,0,0,0,0
O=C(NNc1c(N)c(NC(c2ccccc2)c2ccccc2)ncn1)c1ncccc1,,C40783672,53.215584,1,0,0,1,0,0,0,0,0,0
S=C(N)N/N=C/1\CCCc2oc(C(=O)NNC(=O)c3c([N+](=O)[O-])cccc3)c(C)c\12,,C40824597,99.998314,1,0,0,0,0,0,0,0,0,0
S=C(N)N/N=C/1\CCCc2oc(C(=O)NNC(=O)COc3ccccc3)c(C)c\12,,C40824621,99.998314,1,0,0,0,0,1,0,0,0,0
O=[N+]([O-])c1c(N)nc(NC(C)C)nc1Nc1c(C(=O)N)c2CCCc2s1,,C41301761,45.356544,1,0,0,1,0,1,0,1,0,0
O=[N+]([O-])c1c(N)nc(N2CCC(C(=O)N)CC2)nc1Nc1cccc2cccnc12,,C41333859,39.803829,1,0,0,1,0,0,0,0,0,0
Brc1c(O)c(Br)cc(/C=N/Nc2n(N)cnn2)c1O,,C06828392,16.7715,1,0,0,1,0,0,0,1,0,0
O=[N+]([O-])c1ccc(NC(=N)N/C(/N)=N/C=2C(=O)N(N(C)C=2C)c2ccccc2)cc1,,C15636687,37.0406,1,0,0,1,0,1,1,1,0,0
O=C(NC(C)(C)C)NC(=O)[C@@H](N[C@@H](C)c1ccc(NC(=O)NC2CC2)cc1)C,,C56159683,56.115181,1,0,0,0,0,0,0,0,0,0
Brc1c(NC(=O)CNC(=O)C[NH3+])c(C(=O)[O-])cc(Br)c1,,C62825400,87.986328,1,0,0,1,0,1,0,0,1,0
O=C(N[C@H]1[C@H](C(=O)N)N[C@H](Nc2ccc(C)cc2)S1)CCC=1[C@@H](C)N=NC=1C,,C63349326,99.502586,1,0,0,1,0,1,0,0,1,0
O(/N=C(\N)/C=1C(=O)N(C)C2(C=1N)CCCC2)CC(=O)NCCc1sccc1,,C63456286,81.217468,1,0,0,0,0,1,0,0,1,0
O(/N=C(/N)\C=1C(=O)N(C)C2(C=1N)CCCC2)CC(=O)NC1CCC(C)CC1,,C63456325,81.160889,1,0,0,0,0,0,0,0,0,0
FC(F)(F)c1c(NCC(=O)NC(=O)N)ccc(NC(=O)[C@H]2OCCC2)c1,,C63468324,99.997818,1,0,0,1,0,1,0,0,1,0
O=C(Nc1ccc2NC(=O)Nc2c1)CNC(=O)[C@@H](NC(=O)CC)c1ccccc1,,C66608068,99.998344,1,1,0,0,0,0,1,1,0,0
O=C(N)Cc1ccc(NC(=O)C(=O)NC2[C@H]3C[NH+](C4CC4)C[C@@H]2CCC3)cc1,,C67415081,99.913437,1,0,0,0,0,0,0,0,1,0
O=C(Nc1c(C(=O)N)c(C)c(C)s1)/C=C/c1cccc2ccccc12,,C01153626,100,1,0,0,0,0,0,0,0,0,0
O=C(N)c1c(NC(=O)c2cc(C)ccc2)sc2C[C@@H](CCC)CCc12,,C00996212,100,1,0,0,1,0,1,0,1,1,0
ClC1(Cl)[C@@](C)(C(=O)Nc2c(C(=O)N)c3CC[C@@H](CCC)Cc3s2)C1,,C02103252,100,1,0,0,0,0,0,0,0,1,0
Fc1cc(C(=O)Nc2c(C(=O)N)c3CC[C@@H](C(C)(C)C)Cc3s2)ccc1,,C02742476,100,1,0,0,1,0,1,0,1,0,0
ClCC(=O)Nc1c(C(=O)N)c2CC[C@@H](C(C)(C)CC)Cc2s1,,C05501467,100,1,0,0,0,0,0,0,0,1,0
S=C(NC(=O)N1C(=S)N=C2SC=3CCCCC=3C2=C1N)c1ccccc1,,C06133200,76.694191,1,0,0,0,0,0,0,0,0,0
FC(F)(F)c1cc(CC(=O)Nc2c(C(=O)N)c3CCCCc3s2)ccc1,,C06509499,100,1,0,0,0,0,1,0,0,0,0
Fc1ccc(CCNC(=O)c2c(N)c3ccc(-c4ccc(F)cc4)nc3s2)cc1,,C05660078,99.516724,1,0,0,1,0,1,0,0,0,0
Oc1c([C@@H]2Nc3ccc(OCC(C)=C)cc3[C@H]3[C@@H]2CC=C3)ccc(O)c1,,C13640260,95.600098,1,0,0,0,0,0,0,0,0,0
Oc1c([C@@H]2Nc3ccc(OCC(C)=C)cc3[C@@H]3[C@H]2CC=C3)ccc(O)c1,,C13640266,95.600098,1,0,0,1,0,0,0,0,1,0
O=C(N)c1ccc2N[C@@H](c3ccc(OCc4ccccc4)cc3)[C@H]3CC=C[C@@H]3c2c1,,C14469530,99.995842,1,0,0,0,0,0,0,0,0,0
Oc1c([C@@H]2Nc3c(C(=O)NC4CCCCC4)cccc3[C@@H]3[C@@H]2CC=C3)cccc1,,C14474140,97.930199,1,0,0,1,0,0,0,0,0,0
S(=O)(=O)(N)c1ccc2N[C@H](c3ccc4ccccc4c3)[C@H]3CC=C[C@@H]3c2c1,,C14475056,99.99678,1,0,0,0,0,0,0,0,1,0
O=C(N)c1ccc2N[C@H](c3c(OCc4ccccc4)cccc3)[C@H]3CC=C[C@@H]3c2c1,,C14476356,99.995796,1,0,0,0,0,0,0,0,1,0
O=C(Nc1ccc2N[C@@H](c3c[nH]c4ccccc34)[C@H]3CC=C[C@H]3c2c1)C,,C14544562,99.999344,1,0,0,0,0,1,0,1,0,0
O=C(Nc1ccc2N[C@@H](c3c[nH]c4ccccc34)[C@@H]3CC=C[C@H]3c2c1)C,,C14544564,99.999344,1,0,0,1,0,0,0,1,0,0
Oc1c([C@H]2Nc3ccc(C(=O)N4CCC(C)CC4)cc3[C@@H]3[C@@H]2CC=C3)ccc(O)c1,,C20682342,95.58268,1,0,0,0,0,0,0,0,0,0
S(=O)(=O)(N)c1ccc2N[C@H](c3c(C)cc(C)cc3C)[C@@H]3CC=C[C@H]3c2c1,,C20691143,99.99678,1,0,0,0,0,0,0,0,1,0
O=C(N)c1cccc2[C@H]3[C@H]([C@@H](c4c(OCc5ccccc5)cccc4)Nc12)CC=C3,,C20710432,99.996407,1,0,0,1,0,1,0,0,0,0
Brc1ccc(SCc2nc(NN)c3c(C)c(C)sc3n2)cc1,,C22142763,62.906246,1,0,0,1,0,0,0,1,0,0
Brc1cc(F)c(NS(=O)(=O)c2c(C)c(C)cc(N)c2)cc1,,C22151498,90.629997,1,0,0,1,0,0,0,1,0,0
S=C1N[C@@H](c2c(C)cccc2)C(C(=O)Nc2c(F)cccc2)=C(C)N1,,C26920078,99.999207,1,0,0,0,0,0,0,0,0,0
Fc1ccc2[nH]c(-c3cc(NC(=O)Nc4cc(C)ccc4)ccc3)cc2c1,,C33123692,100,1,0,0,1,0,0,0,0,0,0
Brc1cc(N)c(S(=O)(=O)Nc2c(C)cc(C)cc2C)cc1,,C37063578,96.922226,1,0,0,0,0,1,0,0,0,0
Brc1c(NS(=O)(=O)c2c(N)cc(C)cc2)ccc(C)c1,,C37063630,95.567543,1,0,0,0,0,0,0,0,1,0
Brc1c(S(=O)(=O)NCCC(C)C)c(N)cc(Br)c1,,C37063863,96.763618,1,0,0,0,0,0,0,0,1,0
Brc1cc(C)c(Nc2nc(OCC3CC3)c(N)cc2)cc1,,C37067282,98.175392,1,0,0,1,0,1,0,1,0,0
Brc1c(N[C@@H](C)c2ccc(Cl)cc2)cc2NC(=O)Nc2c1,,C37129772,99.998093,1,1,0,1,0,1,1,1,1,0
Brc1c(N[C@H](C)c2ccc(C)cc2)cc2NC(=O)Nc2c1,,C37129822,99.998093,1,1,0,1,0,1,0,1,1,0
Brc1c(N[C@H](C)c2cc(F)ccc2)cc2NC(=O)Nc2c1,,C37129864,99.998077,1,0,0,1,0,1,0,1,0,0
Brc1cc(C)c(N[C@@H](C)c2cc(S(=O)(=O)N)ccc2)cc1,,C37196941,99.997086,1,0,0,1,0,1,0,1,1,0
Fc1ccc(Nc2c(C#N)c(N)c(C(=O)c3ccc(F)cc3)s2)cc1,,C00803989,99.999611,1,0,0,1,0,0,0,0,0,0
Brc1cc(S(=O)(=O)Nc2c(C)cc(F)cc2)c(N)cc1,,C37928958,96.710907,1,0,0,0,0,0,0,1,0,0
Brc1cc(N)c(NS(=O)(=O)C2CCCCC2)c(C)c1,,C38137139,99.042305,1,0,0,0,0,0,0,0,1,0
Brc1c([C@H](NS(=O)(=O)c2c(C)c(N)ccc2)C)cccc1,,C40316728,95.76741,1,0,0,0,0,1,0,0,0,0
Brc1cc([C@H](NS(=O)(=O)c2c(N)cccc2C)C)ccc1,,C40347109,95.984604,1,0,0,1,0,0,0,1,1,0
S=C1N[C@H]([C@@H](C(=O)c2ccccc2)[C@@](O)(C(F)(F)F)N1)c1sccc1,,C42652397,99.976219,1,0,0,0,0,0,0,0,1,0
S=C1N[C@@H]([C@@H](C(=O)c2ccccc2)[C@@](O)(C(F)(F)F)N1)c1sccc1,,C42652399,99.976219,1,0,0,1,0,0,0,0,0,0
Fc1c(NC(=O)N[C@H]2CCc3[nH]c4ccccc4c3C2)cc(F)cc1,,C44923994,100,1,0,0,1,0,0,0,0,0,0
Brc1cc(F)cc(C(=O)NNC(=S)NC2CCCCC2)c1,,C46768350,100,1,0,0,1,0,0,0,0,0,0
Fc1c(C)c(NC(=O)/C=C\c2cccc3ccccc23)cc(C(=O)N)c1,,C47381755,100,1,0,0,0,0,1,0,1,1,0
Brc1cc(NC(=O)COc2c(N)cc(C)cc2C)ccc1,,C50226148,100,1,0,0,1,0,1,0,1,1,0
Brc1c(NCc2cc(C)c(F)cc2)cc2NC(=O)Nc2c1,,C50545453,99.997971,1,1,0,1,0,1,1,1,1,0
Brc1cc(N)c(S(=O)(=O)N[C@H](CC)c2ccccc2)cc1,,C51626273,95.740295,1,0,0,1,0,1,0,1,0,0
Brc1c([C@H](O)c2cc(C)cc(C)c2)cc2NC(=O)Nc2c1,,C52094948,99.997322,1,1,0,1,0,0,1,1,1,0
Brc1c(S(=O)(=O)NC[C@H](C)CC)c(N)cc(Br)c1,,C54466539,96.529839,1,0,0,0,0,0,0,0,1,0
FC(F)(F)c1c([C@@H](NC(=O)N[C@H]2[C@@H](O)Cc3ccccc23)C)cccc1,,C57006016,100,1,0,0,0,0,0,0,0,0,0
S=C(NNC(=O)C12CC3CC(C1)CC(C2)C3)Nc1c(C)c(C)ccc1,,C06632353,100,1,0,0,0,0,0,0,0,0,0
Ic1cc(-c2nc(C3CCCCC3)[nH]n2)c(N)cc1,,C62824380,99.427383,1,0,0,0,0,0,0,1,0,0
O[C@@H](CNC(=O)N[C@H](C)c1sc(C)cc1)c1ccc2ccccc2c1,,C67632582,100,1,0,0,0,0,0,0,1,1,0
Fc1ccc2nc(Nc3c(C(=O)N)c4CC[C@H](C)Cc4s3)sc2c1,,C04137780,100,1,0,0,0,0,0,0,1,1,0
S=C1N[C@@H](c2c(F)cccc2)C(C(=O)Nc2c(C)cccc2)=C(C)N1,,C00708992,99.999084,1,0,0,0,0,1,0,0,0,0
O=C(N)c1c(NC(=O)c2ccc3ccccc3c2)sc2CCCCCc12,,C04176873,100,1,0,0,1,0,1,0,1,1,0
O=C(N)N/N=C/1\CC[C@]2(C)[C@@H]3CC[C@]4(C)CCC[C@H]4[C@@H]3CCC2=C\1,,C05275726,99.999847,1,0,0,0,0,0,0,0,1,0
O=C(N)N/N=C(\C)/c1c(CC)cc2C(C)(C)CCC(C)(C)c2c1,,C00314773,99.999847,1,0,0,1,0,1,0,0,1,0
O=C(N/N=C/c1ccccc1)c1c(N)sc(-c2ccccc2)c1,,C12340774,100,1,0,0,1,0,0,0,0,0,0
Oc1c([C@@H]2Nc3ccc(C#N)cc3[C@@H]3[C@H]2CC=C3)ccc(O)c1,,C13639680,95.535759,1,0,0,1,0,0,0,0,0,0
Brc1ccc(/C=C\C(=N\NC(=O)N)\C(C)C)cc1,,C17219131,99.999641,1,0,0,0,0,0,0,0,0,0
Brc1c([C@@H](Nc2ccc3NC(=O)Nc3c2)C)cccc1,,C20094911,99.998398,1,1,0,1,0,1,1,1,0,0
FC(F)(F)c1cc(Nc2ccc(N3CCCC3)cc2)c(N)nc1,,C20318490,97.035278,1,0,0,1,0,0,0,1,1,0
Clc1c(C)c(N)cc(S(=O)(=O)N[C@H]2[C@@H](C)CCCC2)c1,,C21023818,96.668617,1,0,0,0,0,0,0,0,0,0
O=C(Nc1cccc2CCCCc12)COc1c(N)cccc1,,C22238857,100,1,0,0,1,0,0,0,1,0,0
Oc1c(C)cccc1[C@H]1Nc2sc3C[C@H](C)CCc3c2C(O)=N1,,C06451197,68.509178,1,0,0,0,0,0,0,0,0,0
Brc1c(NCc2ccc(Cl)cc2)cc2NC(=O)Nc2c1,,C35042199,99.997971,1,1,0,1,0,1,1,1,1,0
Brc1c(NS(=O)(=O)c2c(N)cccc2C)cccc1,,C35346842,95.615379,1,0,0,0,0,1,0,0,0,0
Clc1c(Oc2c(F)cc(/C(/N)=N/O)cc2)ccc(Cl)c1,,C36887804,40.767986,1,0,0,1,0,1,0,1,1,0
S=C1N(C2CCCCC2)C(N)=C(C(=O)NC2CCCCC2)S1,,C13547198,99.999603,1,0,0,0,0,0,0,0,0,0
Brc1c(N[C@H](C)[C@@H](C)CC)cc2NC(=O)Nc2c1,,C37129704,99.998299,1,0,0,0,0,0,0,0,1,0
S(=O)(=O)(N)Cc1ccc(NC2CCCCCCC2)cc1,,C37136997,99.998146,1,0,0,0,0,0,0,0,1,0
Clc1c([C@H](Nc2ccc3NC(=O)Nc3c2)C)ccc(F)c1,,C37217059,99.998398,1,1,0,1,0,1,1,1,0,0
S(=O)(=O)(N)c1c(C)c(N[C@H]2C[C@H](C)CC(C)(C)C2)ccc1,,C37787833,99.804558,1,0,0,0,0,0,0,0,1,0
ON1[C@@]2([C@H](c3c(O)cccc3)CCC1)C[C@H](c1c(O)cccc1)CC2,,C39510450,95.794228,1,0,0,1,0,0,0,0,1,0
Brc1cc(F)c(NC(=O)c2oc3ccc(N)cc3c2)cc1,,C40297029,100,1,1,0,1,0,0,0,1,0,0
O=C(Nc1c(C#N)c2CCCCCc2s1)c1c(N)ccs1,,C40311093,100,1,0,0,1,0,0,0,1,0,0
O=C(Nc1ncc(N)c(C)c1)c1sc2CCCCCc2c1,,C41040553,95.797714,1,0,0,1,0,0,0,1,0,0
Brc1cc(F)c(Nc2c(N)cc(C(OC)=O)cc2)cc1,,C41080721,100,1,0,0,0,0,0,0,1,1,0
S=C(N)c1c(Nc2sc3CCCc3n2)nc2CCCc2c1,,C43408910,96.230591,1,0,0,1,0,0,0,1,1,0
Fc1cc(NC(=O)N[C@H]2CCc3[nH]c4ccc(C)cc4c3C2)ccc1,,C44924274,100,1,0,0,1,0,0,0,0,0,0
S(=O)(=O)(NC1(C)CCCCC1)c1c(N)cc(C)c(C)c1,,C45040605,97.549217,1,0,0,0,0,0,0,0,1,0
Brc1c(NNC(=O)NC2CCCCC2)ccc(F)c1,,C49269414,99.781487,1,0,0,0,0,0,0,0,0,0
Brc1ccc(Nc2nc(SC)nc(N)c2)cc1,,C49467377,46.296368,1,0,0,1,0,0,0,1,1,0
FC(F)(F)Oc1ccc([C@H]2C(=[NH2+])N(C(C)(C)C)C=[NH+]2)cc1,,C50122344,67.313156,1,0,0,0,0,0,0,0,0,0
S(=O)(=O)(N)Cc1cc(C(C)(C)C)c(O)c(C(C)(C)C)c1,,C50349981,98.001656,1,0,0,0,0,0,0,0,1,0
Clc1cc(C(=O)N(C)c2c(C)cc(C)cc2)c(NN)cc1,,C51117176,99.949379,1,0,0,1,0,1,0,1,1,0
Brc1cc(Cc2nc(NN)cc(C(C)(C)C)n2)ccc1,,C51152853,86.780441,1,0,0,1,0,1,0,1,1,0
S(=O)(=O)(N[C@H](C)C1CCCCC1)c1c(C)c(N)ccc1,,C52333369,96.927376,1,0,0,0,0,0,0,0,0,0
Brc1cc(Nc2c(C(=S)N)nccn2)c(C)cc1,,C54397484,99.926514,1,0,0,1,0,1,0,1,0,0
Clc1ccc(-c2nn([C@@H]3[C@@H](O)CCCCC3)c(N)c2)cc1,,C54600620,96.603577,1,0,0,1,0,0,0,1,0,0
Brc1c(Cc2nc(NN)c3CCCCc3n2)cccc1,,C55335963,87.750862,1,0,0,1,0,1,0,1,1,0
Oc1ccc(C[C@@H](NC(=O)Nc2c(C)c(C)ccc2)C)cc1,,C56519882,98.602242,1,0,0,1,0,1,0,1,1,0
Oc1ccc(C[C@H](NC(=O)Nc2c(C)c(C)ccc2)C)cc1,,C56519883,98.602242,1,0,0,0,0,0,0,1,1,0
S=C(N)c1c(C)c(C)nnc1Nc1cc(F)c(F)c(F)c1,,C61119994,99.998665,1,0,0,1,0,0,0,1,0,0
Clc1c(CO[C@@H]2CCCc3ccccc23)nc(NN)cc1,,C61639954,90.056679,1,0,0,1,0,0,0,1,1,0
Clc1cc(Cl)cc(-c2oc(/C=N/NC(=S)N)cc2)c1,,C08579006,99.999741,1,0,0,1,0,0,0,0,0,0
O=C1[C@H](c2ccc(C(C)C)cc2)Oc2cc(C)c(N)c(C)c2N1,,C62563867,99.998093,1,0,0,1,0,0,0,1,0,0
Clc1cc(O[C@@H]2[C@@H](CC)CCCC2)c(/C(/N)=N/O)cc1,,C62789632,39.517426,1,0,0,0,0,0,0,0,1,0
S(=O)(=O)(NCC1CCC(C)CC1)c1cc(N)c(C)c(C)c1,,C63144694,96.293549,1,0,0,0,0,0,0,0,1,0
O[C@@]1(CNC(=O)Nc2cc(C)ccc2)CCCc2ccccc12,,C66906699,100,1,0,0,0,0,1,0,0,1,0
Fc1c(NC(=O)NC[C@H](O)c2ccc3ccccc3c2)ccc(C)c1,,C67487901,100,1,0,0,1,0,0,0,1,1,0
Fc1cc(C)c(NC(=O)NC[C@@H](O)c2ccc3ccccc3c2)cc1,,C67537374,100,1,0,0,1,0,1,0,1,1,0
S=C1N[C@@H](c2oc(C)cc2)C(C(=O)Nc2ccccc2)=C(C)N1,,C00181966,99.998863,1,0,0,1,0,0,0,0,1,0
O=C(N)N/N=C(/Cc1ccccc1)\[C@H]1C(=O)[C@]2(C)C(C)(C)[C@H]1CC2,,C04701270,100,1,0,0,0,0,0,0,0,0,0
Clc1nc(N/N=C/c2c(F)c(F)c(F)c(F)c2F)nc(N)c1,,C04947181,98.537758,1,0,0,0,0,0,0,1,0,0
NC1=C(C#N)[C@@H]([C@H](C#N)C(=N)S1)c1ccc(N(CC)CC)cc1,,C05321897,78.375626,1,0,0,0,0,0,0,0,1,0
IC=1C=CC2=NC(=O)C(c3c(O)nc(N)s3)=C2C=1,,C05649687,99.999054,1,0,0,1,0,0,0,1,1,0
Fc1c([C@@H]2c3c(O)n[nH]c3NC=3CC(C)(C)CC(=O)C2=3)cccc1,,C12348642,41.8657,1,0,0,0,0,0,0,0,0,0
O=C(NC[C@@H]1OCCC1)c1c(N)c2c(s1)nc(C)c1CCCCc21,,C09421872,98.380157,1,0,0,0,0,0,0,0,1,0
O=C(N)c1c(NC(=O)c2cc(C)ccc2)ccc(N2CCCCC2)c1,,C14350648,100,1,0,0,1,0,0,0,1,0,0
Brc1ccc([C@H]2Nc3n([C@@H](C(F)(F)F)C2)nc(C(=O)N)c3)cc1,,C02755827,99.620956,1,0,0,0,0,0,0,0,1,0
Clc1c([C@H]2c3c(O)n[nH]c3NC=3CCCC(=O)C2=3)c(F)ccc1,,C18195496,41.357315,1,0,0,0,0,0,0,0,0,0
O=C(N)N/N=C(\C)/[C@H]1[C@@]2(C)CC[C@H]3[C@]4(C)CCC(=O)C[C@H]4CC[C@H]3[C@H]2CC1,,C19910785,100,1,0,0,0,0,0,0,0,0,0
S(=O)(=O)(/N=C/1\SC=C(C)N\1)Cc1ccc(C(=S)N)cc1,,C21811218,100,1,0,0,1,0,1,0,1,1,0
O=C1Nc2cc(-c3nc(N[C@@H]4C[C@H]5CC[C@@H]4C5)sc3)ccc2N1,,C25069478,99.987274,1,1,0,1,0,1,1,1,0,0
O=C(Nc1c(C)cccc1C)CN1C[C@@H](CC)Oc2cc(N)ccc12,,C19756050,100,1,0,0,1,0,1,0,1,1,0
Brc1sc(C(=O)Nc2c(N)cc3OCCCOc3c2)cc1,,C36737949,100,1,0,0,0,0,0,0,0,1,0
S(CC1=CC(=O)Nc2ccccc12)[C@H]1O[C@H](C2CCCCC2)NN1,,C39980873,87.304161,1,0,0,1,0,1,0,0,1,0
O=C(N[C@@H](C)c1ccccc1)/C=C/1\C(=O)Nc2cc(C)c(C)cc2N\1,,C39988328,94.963844,1,0,0,0,0,0,0,0,0,0
Brc1c(C)c(C)cc2N[C@@]3(C(C#N)=C(N)OC(C)=C3)Oc12,,C40545227,99.99247,1,0,0,0,0,0,0,0,0,0
Fc1c(F)c(F)c(NNC(=O)C=2NC(=O)c3ccccc3C=2)c(F)c1F,,C42206514,96.577385,1,0,0,0,0,0,0,0,0,0
OCC(NC(=O)[C@@H]1[C@]2(C)CC[C@@H]3[C@@]4(C)[C@H](NC(=O)C=C4)CC[C@@H]3[C@H]2CC1)(C)C,,C44020369,100,1,0,0,0,0,0,0,0,1,0
Clc1ccc(CC(=O)NNC(=O)N[C@@H]2CCc3ccccc23)cc1,,C45306298,100,1,0,0,0,0,1,0,0,0,0
Fc1ccc(/C=C/C(=O)N[C@H](C)c2ccc3NC(=O)Nc3c2)cc1,,C47534296,99.997879,1,0,0,0,0,0,0,0,0,0
O=C(N[C@H](C)c1ccc2NC(=O)Nc2c1)/C=C\c1sc(C)cc1,,C47534811,99.997879,1,0,0,0,0,0,0,0,1,0
Clc1c(F)c(S(=O)(=O)/N=C\2/SC(C)=C(C)N/2)cc(N)c1,,C49095916,100,1,0,0,1,0,0,0,1,0,0
Brc1cc(F)c(C(=O)NNC(=O)NC2CCCC2)cc1,,C49430984,100,1,0,0,0,0,0,0,0,0,0
Brc1c(F)cc(C(=O)NNC(=O)NC2CCCC2)cc1,,C49458406,100,1,0,0,0,0,0,0,0,0,0
Brc1c(C(=O)NNC(=O)NC2CCCC2)ccc(F)c1,,C49458453,100,1,0,0,0,0,1,0,0,0,0
S(=O)(=O)(/N=C\1/SC=2CCCC=2N/1)c1ccc(C(=S)N)cc1,,C49547919,100,1,0,0,0,0,0,0,1,0,0
Brc1cc(S(=O)(=O)/N=C\2/SC=3CCCCC=3N/2)c(N)cc1,,C49554704,100,1,0,0,0,0,0,0,0,0,0
Brc1ccc([C@@H]2Nc3n([C@H](c4ccc(F)cc4)C2)nc(N)n3)cc1,,C02447868,63.157825,1,0,0,1,0,1,0,1,0,0
Fc1ccc([C@@H]2Nc3n([C@@H](c4cccc5ccccc45)C2)nc(N)n3)cc1,,C00803145,62.979069,1,0,0,1,0,1,0,1,0,0
Brc1ccc2oc(-c3nc(NN)c(C#N)cc3)cc2c1,,C51170475,95.664566,1,0,0,1,0,0,0,1,1,0
O=C(Nc1ccccc1)C[C@H]1C(=O)c2[nH]c3ccccc3c2CCN1,,C38571129,84.591232,1,0,0,1,0,1,0,1,0,0
Clc1c(NC(=O)C[C@@H]2C[NH2+]CCC2)c(C(=O)[O-])cc(Cl)c1,,C54308491,99.236115,1,0,0,1,0,1,0,0,1,0
Fc1c([C@H]2C(C#N)=C(N)Oc3[nH]nc(C(C)(C)C)c23)cc(F)cc1,,C00472343,87.472336,1,0,0,0,0,0,0,0,0,0
O=C(N)Cc1c(NC(=O)N2[C@H](c3cc(C)ccc3)CCC2)cccc1,,C56604878,100,1,0,0,1,0,0,0,1,1,0
Fc1c(C)c(NC(=O)c2oc3ccc(C)cc3c2)cc(C(=O)N)c1,,C58352742,100,1,0,0,1,0,1,0,1,1,0
Fc1c(F)cc2CCCN(C(=O)c3cc(NC(=O)N)ccc3)c2c1,,C58457056,100,1,0,0,1,0,1,0,1,0,0
S(=O)(=O)(Nc1c(C)cccc1C(=O)N)c1c(C)cc(C)cc1C,,C29403869,69.672447,1,0,0,0,0,0,0,0,0,0
O=C(N[C@@H](C)c1ccc2NC(=O)Nc2c1)c1ccc2ccccc2c1,,C47557416,99.997879,1,0,0,0,0,0,0,1,0,0
Brc1ccc([C@]2(O)N(C(=O)c3c(N)cccc3)N=C(CC)C2)cc1,,C59489015,99.999832,1,0,0,0,0,1,0,0,1,0
Brc1cc([C@H]2n3nc(N)nc3N[C@H](c3ccc(C)cc3)C2)ccc1,,C13132225,63.372097,1,0,0,1,0,1,0,1,1,0
S(CC=1[C@H](C)O[C@H](c2ccccc2)N=1)[C@H]1[NH+]=C2C=[NH+]C=CC2=[NH+]1,,C63513590,99.840904,1,0,0,1,0,0,0,1,0,0
O=C(N)N1CCC(C(=O)N[C@H](C2CCCCC2)c2ccccc2)CC1,,C63806202,100,1,0,0,0,0,0,0,0,0,0
S=C1N(c2ccc(F)cc2)C(C(=O)Nc2ccc3N[C@@H](C)Sc3c2)=CN1,,C64173539,99.99929,1,0,0,1,0,0,0,1,1,0
O=C1/C(=C/NCc2ccc3[nH]c(C)c(C)c3c2)/c2ccccc2C(=O)N1,,C64937579,99.999191,1,0,0,0,0,0,0,1,0,0
Fc1cc(NC(=O)CNC(=O)N[C@H]2CCc3ccccc23)ccc1,,C51268260,100,1,0,0,0,0,0,0,0,1,0
O=C1Nc2cc3Nc4ccccc4CCc3cc2[C@@H](c2[nH]ccn2)C1,,C65396070,83.94577,1,0,0,0,0,0,0,1,0,0
O=C(NCc1c(C)ccs1)N[C@H](C)c1ccc2NC(=O)CCc2c1,,C46986772,99.999695,1,0,0,0,0,0,0,1,1,0
O=C(NNC(=O)c1c(C)ccs1)N[C@H]1CCc2ccccc2C1,,C67416307,100,1,0,0,0,0,0,0,0,0,0
S=C(N)NNC=1[C@H]2[C@H]3C4(OCCO4)[C@@H]4[C@H]5C[C@H]([C@@H]2[C@@H]35)C=14,,C03239321,99.976112,1,0,0,0,0,0,0,0,0,0
O=C(N)NC(=O)CNc1c(-c2ccccc2)cccc1,,C11618888,99.995071,1,0,0,1,0,1,0,1,0,0
O=C(N)NC(=O)CNc1ccc-2c(Cc3ccccc-23)c1,,C20044755,99.994423,1,0,0,1,0,1,0,1,1,0
O=C(N)Nc1ccc(NC(=O)[C@@H]2C[C@H]3CC[C@@H]2C3)cc1,,C25884637,100,1,0,0,0,0,0,0,0,1,0
S(C[C@@H]1OCCCC1)c1nc(N)cc(N)n1,,C08488057,71.948082,1,0,0,0,0,0,0,0,0,0
Clc1cc(NC=2N=C(N)NC(=O)C=2)ccc1,,C16990706,53.20924,1,0,0,1,0,1,0,1,1,0
O=C1NC(Nc2ccc(N)cc2)=NC(CCC)=C1,,C19689646,81.330673,1,0,0,1,0,1,0,1,0,0
O=C1NC=Nc2cc(N[C@@H](C)CCC)c(N)cc12,,C35081882,70.429161,1,0,0,0,1,0,0,0,1,0
O=C1Nc2cc(N)c(Nc3cc(C#N)ccc3)cc2CC1,,C35341391,99.998917,1,0,0,1,0,0,0,0,0,0
S(C)c1cc(Nc2c(N)cc3C(=O)NC=Nc3c2)ccc1,,C35383125,75.487297,1,1,0,1,0,0,1,1,1,0
O=C1Nc2cc(N[C@H](C)[C@@H]3OCCC3)c(N)cc2CC1,,C35734543,99.999115,1,0,0,0,0,0,0,0,1,0
O=C(Nc1c(N)cc(C)cc1)Nc1cc(C#N)ccc1,,C37064705,100,1,0,0,1,0,0,0,1,0,0
S([C@H](C)C(=O)NC(=O)NC)c1c(N)cc(C)cc1,,C37193176,100,1,0,0,1,0,1,0,0,1,0
[O-]c1[nH]nc(-c2ccc(NC3CC[NH2+]CC3)cc2)c1,,C38041115,54.232368,1,0,0,1,0,0,0,1,1,0
Fc1c(C(=O)Nc2c(/C(/N)=N\O)cccc2)c(F)ccc1,,C40369046,38.783661,1,0,0,0,0,0,0,1,0,0
O/N=C(\N)/[C@@H](NC(=O)[C@H]1[C@@H](C)C1)C1CCCCC1,,C40369656,96.898491,1,0,0,0,0,0,0,0,0,0
O/N=C(\N)/C1(NC(=O)[C@@H]2[C@@H](C)C2)CCCCCCC1,,C40371519,96.982552,1,0,0,0,0,0,0,0,1,0
O/N=C(\N)/C1(NC(=O)[C@@H]2[C@H](C)C2)CCCCC1,,C40372257,96.978439,1,0,0,0,0,0,0,0,1,0
Fc1ccc(C(=O)N[C@@](C)(CC)/C(/N)=N/O)cc1,,C40373563,96.970436,1,0,0,1,0,0,0,0,0,0
O=C(N)[C@H]1N(C(=O)c2c(N)ccs2)Cc2ccccc2C1,,C40396593,100,1,0,0,1,0,1,0,1,1,0
O=C1C(N)=C(Nc2ccc(C(C)C)cc2)N=CN1,,C40706258,73.304955,1,0,0,1,0,0,0,1,0,0
O=C(N)[C@H]([NH2+][C@@]1(C(=O)[O-])CCCc2ccccc12)C,,C41805102,75.512497,1,0,0,0,0,1,0,0,1,0
O=C(N)c1c(O[C@@H]2[C@H](CC)CCCC2)ncc(N)c1,,C42139707,99.952782,1,0,0,0,0,0,0,0,0,0
O=C(N)c1c(O[C@H]2CCCc3ccccc23)ncc(N)c1,,C42139761,99.958618,1,0,0,0,0,1,0,1,0,0
O=C(N)CC1CCN(c2ccc(N)c3ncccc23)CC1,,C42427906,97.287849,1,0,0,1,0,0,0,0,0,0
Fc1c(C)c(N[C@@H](C)C(=O)NC(=O)N)ccc1,,C43321001,99.998238,1,0,0,1,0,1,0,0,0,0
O/N=C(\N)/C1(C(=O)N[C@@H](C)C(C)C)CCCCCC1,,C44783032,97.29026,1,0,0,0,0,0,0,0,1,0
O/N=C(\N)/C(C)(C)C(=O)N[C@H]1[C@H](C)[C@@H](C)CCC1,,C44784291,97.284889,1,0,0,0,0,0,0,0,1,0
Fc1c(NC(=O)C2(/C(/N)=N/O)CCCC2)cc(C)cc1,,C44784789,97.206413,1,0,0,1,0,0,0,0,1,0
O/N=C(\N)/C1(C(=O)N[C@H]2C[C@H](C)CCC2)CCCCC1,,C44784980,97.28688,1,0,0,0,0,0,0,0,1,0
O=C(N[C@@H](C)C1CC1)Nc1c(C)cc(C(=O)N)cc1,,C45729297,100,1,0,0,0,0,0,0,0,1,0
Fc1c(NC(=O)N[C@H](C)C2CC2)cc(C(=O)N)cc1,,C47874608,100,1,0,0,0,0,0,0,0,0,0
Fc1c(C)c(NC(=O)NCC=C)cc(C(=O)N)c1,,C48488212,100,1,0,0,0,0,0,0,0,1,0
Fc1c(C)c(NC(=O)NCC2CC2)cc(C(=O)N)c1,,C48488230,100,1,0,0,0,0,0,0,0,1,0
FC(F)(F)CC(=O)Nc1cc(NC(=O)N)ccc1,,C49032624,100,1,0,0,0,0,0,0,0,0,0
O=C1Nc2cc(N)c(N[C@H](C)c3oc(C)cc3)cc2CC1,,C49194076,99.999001,1,0,0,1,0,1,0,1,1,0
Fc1c(F)cccc1NC(=O)[C@H](NC(=O)N)C(C)C,,C49413165,100,1,0,0,1,0,0,0,0,0,0
O=C(NC12CC3CC(C1)CC(C2)C3)c1c(NN)nccc1,,C51088747,94.369957,1,0,0,0,0,0,0,0,1,0
O=C(N[C@H]1CCc2ccccc2C1)c1cnc(NN)cc1,,C51634303,95.251648,1,0,0,0,0,0,0,1,1,0
OCC1(Nc2nc(OC)c(N)cc2)CCCC1,,C53045157,89.353706,1,0,0,1,0,0,0,0,0,0
O/N=C(\N)/C[C@@H](NC(=O)C1CCCCCC1)C,,C53716195,97.582497,1,0,0,0,0,0,0,0,0,0
O/N=C(\N)/[C@@H](C)CNC(=O)C1CCCCCC1,,C54155300,97.618332,1,0,0,0,0,0,0,0,0,0
O/N=C(\N)/C1(NC(=O)C(C)(C)CC)CCCC1,,C54404291,96.971085,1,0,0,0,0,0,0,0,1,0
S=C(N)N/N=C\1/C(=O)Nc2ccc(CC)cc/12,,C15015509,99.99987,1,0,0,0,0,0,0,1,0,0
O/N=C(\N)/C1(NC(=O)CCC)CCCCCC1,,C40372889,96.983589,1,0,0,0,0,0,0,0,1,0
O=C(N[C@@H]1CCc2ccccc2C1)c1c(NN)nccc1,,C51634301,94.391174,1,0,0,1,0,1,0,0,1,0
Fc1c(N(C)c2ccc(C#N)cc2)cc(C(=O)N)c(N)c1,,C61984450,100,1,0,0,1,0,1,0,0,0,0
O=C(NC[C@@H]1OCCCC1)c1[nH]c2ccc(N)cc2c1,,C62834448,100,1,0,0,0,0,0,0,1,1,0
O=C(N)[C@H]1N(c2sc3cc(N)ccc3n2)CCCC1,,C63104104,100,1,0,0,0,0,1,0,1,0,0
Fc1cc(NC(=O)NCC(C)(C)C(=O)N)ccc1,,C65590349,100,1,0,0,1,0,0,0,0,0,0
S=C1N[C@H](c2c(OC)cccc2)C(C(=O)Nc2c(C)cccc2)=C(C)N1,,C00666695,99.999161,1,0,0,0,0,0,0,0,0,0
ClC(Cl)(Cl)[C@]1(NC(=O)N)Oc2cc(C(C)(C)C)ccc2O1,,C00824859,100,1,0,0,0,0,0,0,0,1,0
O=C(Nc1c(C)cc(C)cc1)C=1[C@@H](c2ccccc2)NC(=O)NC=1C,,C04679927,99.942734,1,0,0,0,0,0,0,0,0,0
ClC(Cl)(Cl)[C@@]1(NC(=O)N)Oc2cc(C(C)(C)C)ccc2O1,,C00824860,100,1,0,0,0,0,0,0,0,1,0
O=C1N(c2ccccc2)C(NN)=Nc2sc3C[C@@H](C(C)(C)C)CCc3c12,,C02279514,84.330528,1,0,0,0,0,0,0,1,0,0
O=C(Nc1ccc(C=2NN=C(Nc3c(C)c(C)ccc3)SC=2)cc1)C,,C03250439,84.404106,1,0,0,0,0,0,0,0,0,0
Clc1c(NC(=O)[C@H]2[C@H](c3cscc3)NC(=O)NC2=C)cccc1,,C03307229,99.966415,1,0,0,1,0,1,0,0,1,0
Oc1c(O)ccc(/C=N/NC(=O)CC23CC4CC(C2)CC(C3)C4)c1,,C07994909,89.056511,1,0,0,0,0,0,0,0,1,0
S(C)c1ccc([C@H]2c3c(O)n[nH]c3NC=3CC(C)(C)CC(=O)C2=3)cc1,,C12347477,42.736988,1,0,0,0,0,0,0,0,0,0
Oc1c(O)ccc(/C=N/Nc2nc3c(C)cc(C)cc3c(C)c2)c1,,C06831347,76.47921,1,0,0,0,0,0,0,1,0,0
Brc1c(O)c(Br)cc(/C=N/Nc2ncccc2)c1O,,C05332385,23.438614,1,0,0,0,0,0,0,1,0,0
O=C(N)c1c(NC(=O)c2c(C)c3ccccc3o2)sc2C[C@H](C)CCc12,,C14139556,100,1,0,0,1,0,0,0,1,0,0
OC=1[C@H]([C@@H](c2ccc(OC(C)C)cc2)N=C(N)N=1)c1ccccc1,,C16884140,63.920231,1,0,0,1,0,0,0,0,0,0
Clc1ccc2oc(C(=O)Nc3c(C(=O)N)c4CCCCc4s3)cc2c1,,C19200418,100,1,0,0,1,0,0,0,1,1,0
O=C(Nc1c(C)ccc(C)c1)CN1C[C@@H](CC)Oc2ccc(N)cc12,,C19756360,100,1,0,0,1,0,1,0,1,1,0
O=C(Nc1c(C)ccc(C)c1)CN1CC(C)(C)Oc2ccc(N)cc12,,C19756364,100,1,0,0,1,0,1,0,1,1,0
O=C(Nc1ccc(C)cc1)[C@H](C)N1CC(C)(C)Oc2cc(N)ccc12,,C19756694,100,1,0,0,1,0,0,0,1,1,0
Clc1c(N)c(Cl)c(C(=O)NN=C2CCCC2)nc1Cl,,C20885161,99.994293,1,0,0,0,0,0,0,0,0,0
Clc1ccc(/C=C/C(=O)N/N=C/2\N=C(N)c3ccccc\23)cc1,,C31907790,61.663475,1,0,0,0,0,0,0,1,0,0
S(C)c1nc(N)c2[C@@H](c3cc(C)ccc3)C=3C(=O)CC(C)(C)CC=3Nc2n1,,C32655392,65.835114,1,0,0,0,0,0,0,0,0,0
Fc1c(NC(=O)Nc2c(-c3cnccc3)[nH]c3ccccc23)ccc(F)c1,,C33130722,99.31485,1,0,0,0,0,0,0,0,0,0
Clc1c(N/N=C(\C(=S)N)/C(=O)N2CCCC2)ccc(Cl)c1,,C04476677,92.13726,1,0,0,0,0,0,0,0,0,0
Nc1c(N[C@H](C)c2ccccc2)ncnc1N1CCc2ccccc12,,C40687346,68.992607,1,0,0,0,0,0,0,0,0,0
O=C(N[C@@H]1CCc2ccccc12)Nc1cc(NC(=O)C2CC2)ccc1,,C44102320,100,1,0,0,1,0,0,0,0,0,0
Brc1cc(CNc2ccc(N)c3nonc23)ccc1,,C48817841,99.995483,1,1,0,1,0,1,1,1,1,0
Clc1c(S(=O)(=O)/N=C/2\SC=C(C3CC3)N\2)c(Cl)cc(N)c1,,C49234449,100,1,0,0,0,0,0,0,1,0,0
O=C(Nc1ccc2NC(=O)C3(CCCC3)c2c1)Cc1c[nH]c2ccccc12,,C49741082,99.999634,1,0,0,1,0,0,0,1,0,0
FC(F)(F)c1c([C@@H]2c3c(O)n[nH]c3NC=3c4ccccc4C(=O)C2=3)cccc1,,C12349285,45.294888,1,0,0,0,0,0,0,1,0,0
Fc1ccc([C@H]2n3nc(N)nc3N[C@H](c3ccc(C)cc3)C2)cc1,,C00528095,63.226791,1,0,0,1,0,1,0,1,0,0
Brc1ccc([C@H]2Nc3n([C@@H](c4ccccc4)C2)nc(N)n3)cc1,,C02472039,63.582424,1,0,0,1,0,1,0,1,0,0
Clc1ccc([C@H]2n3nc(N)nc3N[C@H](c3ccccc3)C2)cc1,,C00530594,63.508453,1,0,0,1,0,1,0,1,0,0
Brc1ccc(OCc2nc(NN)c3ccsc3n2)cc1,,C51148772,70.309097,1,0,0,1,0,1,0,1,1,0
Fc1c(F)c(NC(=O)CNC(=O)Nc2c(C)ccc(C)c2)ccc1F,,C53960470,100,1,0,0,1,0,1,0,0,1,0
Clc1c(NNC(=O)C=2C=C(Cl)C(=O)NC=2)c(Cl)cc(Cl)c1,,C54852006,83.472366,1,0,0,0,0,0,0,0,0,0
NC1=C(C#N)[C@H](c2ccc3ccccc3c2)c2c(C(C)(C)C)[nH]nc2O1,,C00483510,87.374481,1,0,0,0,0,0,0,0,1,0
Brc1ccc2NC(=O)[C@]3(SC(c4c(O)cccc4)=NN3)c2c1,,C03100187,96.591309,1,0,0,0,0,0,0,0,1,0
FC(F)(F)[C@H]1[C@@H](C(=O)Nc2cc(NC(=O)NC)ccc2)CCCC1,,C56347026,100,1,0,0,0,0,0,0,0,1,0
S(=O)(=O)(Nc1c(C)cccc1C(=O)N)c1c(C)c(C)cc(C)c1C,,C26539164,69.715721,1,0,0,0,0,0,0,0,0,0
O=C(Nc1c(C)c(C(=O)N)ccc1)C1c2ccccc2Oc2ccccc12,,C58787950,100,1,0,0,1,0,0,0,1,1,0
Clc1c(N)c(Cl)cc(NC(=O)[C@@H]2N(C(=O)C(C)(C)C)CCC2)c1,,C33219084,100,1,0,0,0,0,0,0,0,1,0
O=C(N[C@H](C)c1ccc2NC(=O)Nc2c1)c1ccc2ccccc2c1,,C47557417,99.997879,1,1,0,1,0,0,0,1,0,0
Clc1cc(NC(=O)N[C@@H](C)c2ccc3NC(=O)Cc3c2)c(F)cc1,,C47156597,99.999481,1,0,0,0,0,0,0,0,0,0
Brc1cc(Nc2c(N)cc([N+](=O)[O-])cc2)c(Cl)cc1,,C61691103,100,1,0,0,0,0,0,0,0,0,0
Brc1c(S(=O)(=O)/N=C\2/C(C)=CC=CN/2)cc(Cl)cc1N,,C61881614,99.934601,1,0,0,1,0,1,0,1,0,0
Nc1nn2[C@H](c3ccc(C)cc3)C[C@H](c3ccc(C)cc3)Nc2n1,,C13131313,63.649189,1,0,0,1,0,1,0,1,0,0
S(=O)(=O)(N)c1c(C)c(NC(=O)/C=C/c2c(C)cc(C)c(C)c2)ccc1,,C53546093,99.997589,1,0,0,1,0,0,0,1,1,0
Clc1c([C@H](NC(=O)NC=2C(=O)NC=C(C(F)(F)F)C=2)C)cccc1,,C66402984,91.933762,1,0,0,0,0,0,0,1,0,0
O[C@]1(CNC(=O)Nc2ccc(CC#N)cc2)CCCc2ccccc12,,C66951896,100,1,0,0,0,0,0,0,0,1,0
O=C(NNC(=O)c1c(C)ccs1)N[C@H](C)c1ccc(C)cc1,,C67061092,100,1,0,0,0,0,0,0,0,0,0
Fc1cc([C@@H]2[C@H](C(=O)NNC(=O)Nc3c(C)cccc3)C2)ccc1,,C67638033,100,1,0,0,1,0,1,0,0,0,0
O=C([O-])[C@@H]1[C@@H](C(=O)Nc2cc(C(=O)Nc3c(C)cccc3)ccc2)CCCC1,,C04503167,99.297134,1,0,0,0,0,0,0,0,1,0
O=C([O-])[C@@H]1[C@@H](C(=O)NNC(=O)c2cc(CCC)sc2)CC(C)=C(C)C1,,C02737996,99.374184,1,0,0,0,0,0,0,0,0,0
S=C(NC(=O)c1ccc(C(C)(C)C)cc1)Nc1c([O-])ccc([N+](=O)[O-])c1,,C06349220,58.078655,1,0,0,0,0,0,0,0,0,0
S=C(NC(=O)/C=C/c1ccc(F)cc1)Nc1c([O-])ccc([N+](=O)[O-])c1,,C00793229,58.18137,1,0,0,0,0,0,0,0,0,0
O=C([O-])c1c(C(=O)Nc2c(C(=O)N[C@H](C)c3ccccc3)cccc2)cccc1,,C08535288,99.605377,1,0,0,0,0,0,0,0,1,0
S(CC(=O)N/N=C/c1c(C(=O)[O-])cccc1)c1[nH]c2ccccc2n1,,C00863782,89.137901,1,0,0,1,0,0,0,1,0,0
S(=O)(=O)(NNC(=O)C1CCCCC1)c1c(C)c(C)cc(C(=O)[O-])c1,,C13078856,98.893982,1,0,0,0,0,0,0,0,1,0
O=C(NC(=O)COc1ccc(C(=O)[O-])cc1)NC12CC3CC(C1)CC(C2)C3,,C13412643,98.968529,1,0,0,0,0,0,0,0,1,0
O=C(NNC(=O)c1c(C)c2ccccc2o1)C[C@](C)(C(=O)[O-])c1ccccc1,,C16481682,99.46991,1,0,0,0,0,0,0,0,0,0
O=C([O-])[C@H]1[C@H](C(=O)Nc2c(C(=O)Nc3ccccc3)c(CC)c(C)s2)CC=CC1,,C17089199,99.379608,1,0,0,0,0,0,0,0,0,0
[S-]C=1NC(=O)c2nc3ccc(NC(=O)CCCCCC)cc3nc2N=1,,C20151896,98.510628,1,1,0,1,0,1,1,1,1,0
O=C([O-])[C@@H]1[C@@H](C(=O)Nc2c(NC(=O)c3sccc3)cccc2)CCCC1,,C21004857,99.29612,1,0,0,0,0,0,0,0,1,0
O=C(NNC(=O)c1c(C(=O)[O-])cccc1)[C@H]1C(c2ccccc2)(c2ccccc2)C1,,C22017765,99.593956,1,0,0,0,0,0,0,0,0,0
S(CC(=O)NNc1ccccc1)c1nc([O-])c(-c2ccccc2)nn1,,C32520900,53.05447,1,0,0,1,0,0,0,0,0,0
O=C(NC1CCCCCC1)CN1C(=O)N=C2C(c3ccccc3)=CNC2=C1[O-],,C33037992,99.997231,1,0,0,0,0,0,0,0,0,0
Clc1c(COc2c(/C=N\Nc3[nH]c([S-])nn3)cccc2)cccc1,,C35657501,98.721527,1,0,0,1,0,1,0,1,0,0
Fc1ccc2[nH]cc(CCNc3nc([O-])c(Cc4ccccc4)nn3)c2c1,,C13629997,76.781097,1,0,0,1,0,0,0,1,0,0
Clc1ccc([C@H]2N=C(NC[C@H]3OCCC3)N=C3NC(=C)C=C([O-])N23)cc1,,C20392518,64.963943,1,0,0,0,0,0,0,0,1,0
Clc1ccc(/N=N/c2c(N)nn3C([O-])=C4CCCC4=Nc23)cc1,,C04649618,98.399803,1,0,0,1,0,0,0,1,0,0
[S-]C1=C(C#N)[C@H](c2cc(OC)c(OC)cc2)C(C(=O)Nc2ccccc2)=C(C)N1,,C39326869,99.945618,1,0,0,0,0,0,0,0,0,0
S([C@@H](C)/C(/[O-])=N/C=1S[C@H](C(F)(F)F)NN=1)c1[nH]c2ccccc2n1,,C39773613,88.663223,1,0,0,0,0,0,0,0,1,0
S(=O)(=O)(Nc1ccc2nc([S-])sc2c1)c1ccc2NC(=O)Oc2c1,,C41594444,97.641487,1,1,0,1,0,1,1,1,1,0
[O-]c1c(Cc2ccccc2)c(C)nc(-n2c(N)cc(-c3sccc3)n2)n1,,C43962462,98.290848,1,0,0,0,0,0,0,0,0,0
O=C(OC(C)(C)C)N[C@H](Cc1[nH]c2ccc(C)cc2c1)C(=O)[O-],,C44319979,99.825813,1,0,0,0,0,0,0,0,1,0
Fc1ccc2[nH]c(C(=O)[O-])c(NC(OCC3c4ccccc4-c4ccccc34)=O)c2c1,,C44909952,99.258301,1,0,0,0,0,0,0,0,0,0
O=C(N/N=C/c1c[nH]c2ccccc12)c1c([O-])cn(-c2ccccc2)n1,,C08529661,99.691788,1,0,0,0,0,0,0,0,0,0
O=C(NC1CCCC1)/C(/C#N)=C(\[O-])/c1sc(NC(=O)c2occc2)cc1,,C51652127,88.206184,1,0,0,0,0,0,0,0,0,0
Clc1c(c(F)ccc1)C=1N=C([O-])C2=NC(=O)N(c3ccccc3)C(N)=C2N=1,,C05595109,35.031693,1,0,0,0,0,0,0,0,0,0
FC(F)(F)c1cccc2/C(=N/Nc3cc(C(=O)[O-])ccc3)/C(=O)Nc12,,C13268987,70.180229,1,0,0,0,0,0,0,0,0,0
S=C1NC([O-])=C(c2c(/N=C/c3c[nH]c4ccccc34)cccc2)N=N1,,C54363757,47.109268,1,0,0,1,0,0,0,1,0,0
O=C(N=C1Nc2ccccc2N1)C[C@](C)(C(=O)[O-])c1ccccc1,,C54500196,62.390778,1,0,0,0,0,0,0,0,0,0
Fc1c(NC(=O)Cc2ccccc2)cc(NC(=O)[C@H]2[C@@H](C(=O)[O-])CC=CC2)cc1,,C55150310,99.363655,1,0,0,0,0,0,0,0,0,0
Fc1c(NC(=O)Cc2ccccc2)cc(NC(=O)[C@@H]2[C@@H](C(=O)[O-])CC=CC2)cc1,,C55150312,99.363655,1,0,0,1,0,0,0,0,1,0
OC1(CNc2ncnc3sc(C(=O)[O-])c(C)c23)CCCCC1,,C55325521,76.877045,1,0,0,1,0,1,0,0,1,0
O=C(/N=C(\NC=1NC=2CCCCC=2C(=O)N=1)/[N-]c1cc(C)ccc1)c1ccc(C)cc1,,C13689458,34.974392,1,0,0,0,0,0,0,0,0,0
Brc1ccc2NC([O-])=C(C(=O)N/N=C/c3cc(F)ccc3)C(=O)c2c1,,C05446480,99.913116,1,0,0,0,0,0,0,0,0,0
O=C([O-])C1CCC(CNC(=O)c2cc(NC(=O)c3ccccc3)ccc2)CC1,,C58836925,98.928406,1,0,0,1,0,0,0,0,0,0
Oc1c([N+](=O)[O-])cc([C@@H]2Nc3ccc(C(=O)[O-])cc3[C@@H]3[C@@H]2CC=C3)cc1,,C27571979,79.746376,1,0,0,0,0,0,0,0,0,0
O=C(Nc1cc(C(=O)Nc2c(C(=O)[O-])cccc2)ccc1)/C=C/c1ccccc1,,C59435056,99.131546,1,0,0,1,0,0,0,0,0,0
S(CC(=O)Nc1ccc(F)cc1)C=1NC(=O)C(c2ccccc2)=C([O-])N=1,,C59941891,93.32592,1,0,0,0,0,0,0,0,0,0
Ic1cc(C(=O)[O-])c(NC(=O)NCc2occc2)cc1,,C62824577,99.171379,1,0,0,0,0,0,0,1,1,0
O=C(NC1CCCC1)/C(/C#N)=C(/[O-])\C=1C(=O)NC(c2sccc2)=CC=1,,C64101776,82.800667,1,0,0,0,0,0,0,0,0,0
O[C@@H]1C(C(=O)/N=C\2/Sc3ccccc3N/2)=C([O-])N(CCC)c2ccccc12,,C64165536,68.443008,1,0,0,0,0,0,0,0,0,0
S(=O)(=O)([N-]c1c(C)ccc(N[C@H](C)C(=O)NC2(C#N)CCCCC2)c1)C,,C64409886,98.98233,1,0,0,0,0,0,0,0,1,0
[O-]C=1n2nc(NCc3ccccc3)nc2N=C(CNc2ccccc2)C=1,,C35476616,85.039505,1,1,0,1,0,1,1,1,0,0
Clc1ccc(CNc2nn3C([O-])=CC(CNc4c(F)cccc4)=Nc3n2)cc1,,C65322863,85.061661,1,1,0,0,0,1,1,1,0,0
[O-]C=1n2nc(NCc3ccc(C)cc3)nc2N=C(CNc2cc(C)ccc2)C=1,,C65322919,85.041206,1,1,0,0,0,1,1,1,1,0
O=C(/C=C\c1ccc(C(=O)NC)cc1)/C(/C#N)=C(/[O-])\c1c(C)[nH]c2ccccc12,,C66504521,95.832405,1,0,0,1,0,0,0,1,0,0
[S-]C=1N(CC=C)C(=O)c2ccc(C(=O)NNC(=O)c3cc(C)ccc3)cc2N=1,,C67189847,99.98584,1,0,0,0,0,0,0,0,0,0
O(C)c1c([C@@H]2N/C(=N/c3c(C)c(C)ccc3)/N=C3NC(=C)C=C([O-])N23)cccc1,,C36542248,80.872154,1,0,0,0,0,0,0,0,0,0
O=C(N)[C@H]1[C@@H](c2ccc(N(C)C)cc2)C=2[C@@H](C)CC[C@H](C(C)C)C=2NC1=O,,C03912107,99.999725,1,0,0,0,0,0,0,0,0,0
Oc1c(C(C)C)c(O)c2C(=O)C(=O)[C@@H]3C(C)(C)CCC[C@]3(C)c2c1O,,C01576670,46.391422,1,0,0,0,0,0,0,0,1,0
O=C(N[C@H](C)c1ccccc1)C[C@@H]1C(=O)Nc2cc(C)c(C)cc2N1,,C00079083,99.996941,1,0,0,0,0,0,0,0,1,0
Clc1ccc2NC(=O)C(Sc3sc(N)nn3)=C(c3ccccc3)c2c1,,C01423838,99.026047,1,0,0,0,0,0,0,1,0,0
S=C1N[C@H](c2ccc(C#N)cc2)C(C(=O)Nc2c(C)cc(C)cc2)=C(C)N1,,C01078814,99.999184,1,0,0,0,0,0,0,0,0,0
S(Cc1ccccc1)c1nc(NN)c2c(sc3COC(C)(C)Cc23)n1,,C05068793,49.351009,1,0,0,0,0,0,0,0,0,0
O=C(N)N/N=C(\C)/[C@@H]1[C@@]2(C)CC[C@H]3[C@@]4(C)CCC(=O)C[C@@H]4CC[C@@H]3[C@H]2CC1,,C05222189,100,1,0,0,0,0,0,0,0,0,0
FC(F)(F)c1c(NC(=O)[C@@H]2[C@@H](c3ccccc3)NC(=O)NC2=C)cccc1,,C02649152,99.967873,1,0,0,0,0,0,0,0,0,0
O=C(Nc1ccccc1)[C@H]1[C@H](c2c(C)cc(C)cc2C)NC(=O)NC1=C,,C03276863,99.967773,1,0,0,0,0,0,0,0,0,0
FC(F)(F)c1c(NC(=O)C=2[C@H](c3ccccc3)NC(=O)NC=2C)cccc1,,C07141151,99.942032,1,0,0,0,0,0,0,0,0,0
OC1(C(=O)N/N=C/c2c[nH]c3ccccc23)c2ccccc2-c2ccccc12,,C00861675,99.997429,1,0,0,0,0,0,0,0,0,0
S([C@H](C(C)C)C(=O)NC(=O)N)c1nc2cc(C)ccc2c(C)c1,,C08721158,99.359215,1,0,0,1,0,1,0,0,1,0
O[C@@H]([C@@H](Nc1ncnc2sc3C[C@@H](C)CCc3c12)C)c1ccc(O)cc1,,C09114087,49.595169,1,0,0,1,0,0,0,1,1,0
O=C1CC(C)(C)CC=2Nc3cccnc3N[C@@H](c3c[nH]c4ccccc34)C1=2,,C18244365,58.437141,1,0,0,0,0,0,0,0,0,0
Oc1c([C@H]2Nc3c(OC[C@@H]4OCCC4)cccc3[C@H]3[C@H]2CC=C3)ccc(O)c1,,C20682328,95.547173,1,0,0,0,0,0,0,0,0,0
O=C1NC(c2ccccc2)=C2[C@@H](c3ccccc3)Nc3ccccc3NC2=N1,,C28629259,85.431824,1,0,0,0,0,0,0,0,0,0
O=C1/C(=C(/[O-])\Nc2ccccc2)/[C@H]2[C@H]3CCCC[C@@]3(Oc3ccccc23)[NH2+]C1,,C34858534,78.484917,1,0,0,0,0,0,0,0,0,0
O=C(NC=1S[C@@H](C2CCCCC2)NN=1)Cc1c[nH]c2ccccc12,,C39160066,91.66111,1,0,0,1,0,1,0,0,1,0
[S-][C@@H]1[NH+]([C@@H](C)c2ccc(F)cc2)[C@H]([C@H]2N=NC(c3ccccc3)=C2)NN1,,C39246154,96.410416,1,0,0,1,0,1,0,0,0,0
O/N=C(\C)/[C@]1(O)[C@]2(C)CC[C@H]3[C@]4(C)CC/C(=N\O)/C=C4CC[C@@H]3[C@@H]2CC1,,C39932712,63.721279,1,0,0,0,0,0,0,0,1,0
Nc1c(NC23CC4CC(C2)CC(C3)C4)ncnc1N1CCCCCC1,,C40725435,47.790306,1,0,0,0,0,0,0,0,0,0
Nc1c(NC23CC4CC(C2)CC(C3)C4)ncnc1N1[C@H](C)CCCC1,,C40731820,47.594398,1,0,0,0,0,0,0,0,0,0
Fc1c(F)ccc(Nc2c(N)c(N3C[C@]4(C)CC(C)(C)C[C@H]3C4)ncn2)c1,,C40735354,77.019562,1,0,0,0,0,0,0,0,0,0
Fc1cc(C)c(NC(=O)N[C@@H](C(C)C)c2[nH]c3ccccc3n2)cc1,,C43420910,91.729614,1,0,0,0,0,1,0,0,0,0
O=C(NNC(=O)Cc1ccc2ccccc2c1)N[C@H]1CCc2ccccc12,,C45304722,100,1,0,0,1,0,1,0,0,0,0
FC(F)(F)c1cc(C(=O)NNC(=O)Nc2c(C)cccc2)ccc1,,C45884339,100,1,0,0,0,0,0,0,0,0,0
Brc1cc(NCC(=O)NC(=O)NC(C)(C)C)c(C)cc1,,C48658326,99.997955,1,0,0,1,0,1,0,0,1,0
Nc1nn2[C@H](c3cccc4ccccc34)C[C@@H](c3ccc(CC)cc3)Nc2n1,,C04685333,63.338631,1,0,0,1,0,1,0,1,0,0
NC1=C(C#N)[C@H](c2ccc(C(C)(C)C)cc2)c2c(C(C)(C)C)[nH]nc2O1,,C04426997,87.369965,1,0,0,0,0,0,0,1,1,0
Clc1cc([C@@H]2n3nc(N)nc3N[C@@H](c3ccccc3)C2)ccc1,,C00530648,63.344723,1,0,0,1,0,1,0,1,1,0
S(Cc1[nH]nc2OC(N)=C(C#N)[C@@H](C3CCCCC3)c12)c1ccc(C)cc1,,C00804040,86.803856,1,0,0,0,0,0,0,0,0,0
NC1=C(C#N)[C@@H](c2ccc(-c3ccccc3)cc2)c2c(CCC)n[nH]c2O1,,C04613400,88.850899,1,0,0,1,0,0,0,1,0,0
NC=1N[C@@H](c2scc(-c3ccccc3)c2)n2c3ccccc3nc2N=1,,C54426073,44.425873,1,0,0,1,0,0,0,1,0,0
Fc1ccc(C(=O)NNC(=O)N[C@@H](C)c2ccc3CCCCc3c2)cc1,,C09732840,100,1,0,0,0,0,1,0,0,0,0
Fc1c(NC(=O)NNC(=O)Cc2ccc3ccccc3c2)ccc(F)c1,,C56324581,100,1,0,0,1,0,0,0,0,0,0
FC(F)(F)[C@H]1[C@H](C(=O)Nc2cc(NC(=O)NC)ccc2)CCCC1,,C56347025,100,1,0,0,0,0,0,0,0,1,0
Brc1cc(C)c(C(=O)N[C@@H](C)c2ccc3NC(=O)Nc3c2)cc1,,C58386207,99.997879,1,0,0,0,0,0,0,1,0,0
Oc1c(/C(=N\N=C\2/SC=C(c3ccccc3)N/2)/C)ccc(O)c1,,C07350198,45.035172,1,0,0,1,0,0,0,1,0,0
Brc1ccc(NC(=O)CNC(=O)Nc2cc(F)ccc2)cc1,,C47324344,100,1,0,0,1,0,0,0,1,1,0
S=C1N[C@H](c2ccccc2)C(C(=O)N/N=C/c2ccc(F)cc2)=C(C)N1,,C59384618,99.999863,1,0,0,0,0,0,0,0,0,0
N/C(/Nc1c(C)cccc1)=N\c1nc(C)cc(-c2ccccc2)n1,,C59487988,87.41066,1,0,0,1,0,0,0,1,0,0
Clc1ccc2[nH]c(C(=O)N3[C@H](CC(=O)N)CCCC3)cc2c1,,C60291850,100,1,0,0,1,0,1,0,0,1,0
O=C(NC1CCCCCCC1)CN1[C@@H](C(=O)N)Cc2ccccc2C1,,C60942651,99.662407,1,0,0,1,0,1,0,0,1,0
Nc1nn2[C@H](c3ccc(C)cc3)C[C@@H](c3ccc(CC)cc3)Nc2n1,,C13132348,63.645092,1,0,0,1,0,1,0,1,0,0
Oc1c(OC)cccc1[C@H]1Nc2sc3C[C@H](C(C)(C)C)CCc3c2C(O)=N1,,C03647368,66.865448,1,0,0,0,0,0,0,0,0,0
Nc1nn2[C@@H](c3ccc(CC)cc3)C[C@@H](c3ccccc3)Nc2n1,,C13132137,63.648136,1,0,0,1,0,1,0,1,0,0
Clc1ccc(C2(C(=O)NNC(=O)NC3CCCC3)CCCC2)cc1,,C65920480,100,1,0,0,0,0,0,0,0,1,0
FC(F)(F)C=1C=C(NC(=O)N[C@H](C)c2ccc3ccccc3c2)C(=O)NC=1,,C66402574,91.939346,1,0,0,0,0,0,0,1,1,0
O[C@]1(CNC(=O)Nc2c(N3CCCC3)cccc2)CCCc2ccccc12,,C66951794,100,1,0,0,0,0,0,0,0,0,0
O=C(NNC(=O)c1cc(C)ccc1)N[C@@H](C)c1ccc2ccccc2c1,,C67102981,100,1,0,0,1,0,1,0,0,0,0
OC1=C([C@H](C/C(=N/NC(=O)N)/CC)c2ccccc2)C(=O)Oc2ccccc12,,C04579354,97.80291,1,0,0,1,0,1,0,0,0,0
S(CC(=O)Nc1c(C(=O)N)cccc1)C=1NC(=O)c2c(-c3ccccc3)csc2N=1,,C02613993,95.723778,1,0,0,1,0,0,0,1,0,0
O(CC(=O)NC12CC3CC(C1)CC(C2)C3)C(=O)c1cc(NC(=O)N)ccc1,,C07690971,100,1,0,0,0,0,0,0,0,1,0
Clc1cc(NC(=O)C[C@H](NC(=O)N)c2cc(Oc3ccccc3)ccc2)c(F)cc1,,C09170537,100,1,0,0,1,0,0,0,1,1,0
S(Cc1nc(N)nc(Nc2c(C)cccc2)n1)[C@@H](C)C(=O)Nc1c(C)cccc1C,,C15495527,100,1,0,0,1,0,1,0,1,1,0
S([C@@H](C)C(=O)Nc1c(C(=O)N)ccs1)c1sc(Nc2c(C)cccc2)nn1,,C15809887,98.813652,1,0,0,1,0,1,0,1,1,0
O=[N+]([O-])c1cc(/C=C(/NC(=O)c2ccc(N)cc2)\c2[nH]c3ccccc3n2)ccc1,,C17190742,90.705009,1,0,0,0,0,0,0,0,1,0
S(Cc1nc(N)nc(N)n1)C=1N(CC(C)C)C(=O)c2c(sc3C[C@H](C)CCc23)N=1,,C17721101,99.465233,1,0,0,0,0,0,0,0,0,0
FC(F)n1c(-c2ccc(NC(=O)[C@H](NC(=O)N)[C@H](C)CC)cc2)nc2ccccc12,,C21142914,76.863121,1,0,0,1,0,0,0,0,0,0
O[C@H](C)CCC(=O)NNCC(=O)Nc1sc2CCCCCCCCCCc2n1,,C22507898,99.999138,1,0,0,0,0,1,0,0,1,0
O=C(N[C@H](C(C)C)C(=O)NNC(=O)C12CC3CC(C1)CC(C2)C3)Nc1ccccc1,,C25336412,100,1,0,0,0,0,0,0,0,0,0
O=C(NC(=O)[C@H](Nc1ccc(NC(=O)C(C)C)cc1)C)Nc1c(C)cc(C)cc1,,C29567041,99.998741,1,0,0,1,0,1,0,0,0,0
O=C(NC[C@@H]1OCCC1)Nc1ccc(N[C@@H](C)C(=O)Nc2c(C)cccc2)cc1,,C29718226,99.99881,1,0,0,1,0,1,0,0,1,0
O=C(NCc1occc1)Nc1ccc(N[C@H](C)C(=O)Nc2cc(C)ccc2)cc1,,C29719742,99.99881,1,0,0,1,0,0,0,0,0,0
Fc1cc(CNC(=O)Nc2c(N)n(-c3ccccc3)nc2-c2ccccc2)ccc1,,C34785401,99.0411,1,0,0,0,0,0,0,0,0,0
Clc1ccc(-c2c(NC(=O)NC[C@H]3OCCC3)c(N)n(-c3ccc(F)cc3)n2)cc1,,C34785637,99.1026,1,0,0,1,0,0,0,0,0,0
FC(F)(F)c1ccc(-n2c(N)c(NC(=O)N[C@H](C)CC)c(-c3ccccc3)n2)cc1,,C35868112,99.172234,1,0,0,1,0,0,0,0,0,0
S([C@@H](C)C(=O)NC(=O)NC1CCCCC1)c1nc(N)c2c(sc3CCCCc23)n1,,C22616937,94.295799,1,0,0,1,0,1,0,0,0,0
Fc1cc(Nc2c([N+](=O)[O-])c(N)nc(NCc3ccc(C)cc3)n2)ccc1,,C05033151,37.566002,1,0,0,1,0,1,0,0,0,0
S(CC(=O)c1ccc2ccccc2c1)[C@@H]1N(N)[C@H]([C@@H]2N=NC(c3ccccc3)=C2)NN1,,C38752612,44.516895,1,0,0,1,0,0,0,0,1,0
S(Cc1cccc2ccccc12)[C@@H]1N(N)[C@H]([C@H]2N=NC(c3ccc(OC)cc3)=C2)NN1,,C39021363,42.428925,1,0,0,1,0,1,0,0,0,0
O=C(NCCc1c[nH]c2ccccc12)C(=O)NC=1[C@H](C)N(Cc2c(C)cccc2)NC=1C,,C39272398,99.989365,1,0,0,0,0,1,0,0,1,0
O[C@@]1(C)[C@H](CC(=O)NNC(=O)Nc2ccccc2)[C@]2(C)CCCC(C)(C)[C@@H]2CC1,,C06050233,100,1,0,0,0,0,0,0,0,0,0
S=C(N)N/N=C/1\CC(C)(C)Cc2oc(C(=O)Nc3c(C)c(C)ccc3)c(C)c\12,,C39856096,99.998322,1,0,0,0,0,1,0,0,0,0
Clc1c(NC(=O)c2c(C)c3/C(=N/NC(=S)N)/CC(C)(C)Cc3o2)cccc1,,C39856176,99.998329,1,0,0,0,0,1,0,0,0,0
Clc1ccc(NC=2NC(=O)C=3[C@@H](C(=O)Nc4c(C)cccc4)CC(=O)NC=3N=2)cc1,,C40399166,52.993645,1,0,0,1,0,0,0,1,0,0
O=C(NNc1c(N)c(Oc2ccc(C(C)C)cc2)ncn1)c1ccc(C)cc1,,C40727449,60.172932,1,0,0,1,0,0,0,0,0,0
Clc1cnc(Nc2c(N)c(Nc3ccc(C(F)(F)F)cc3)ncn2)cc1,,C40779570,91.830429,1,0,0,1,0,0,0,0,0,0
Clc1c(Nc2c(N)c(Nc3c(F)cc(F)cc3)ncn2)ncc(C(F)(F)F)c1,,C40800295,94.920639,1,0,0,1,0,1,0,0,0,0
FC(F)(F)c1cc(NC(=O)NCCNC(=O)Nc2cc(C(F)(F)F)ccc2)ccc1,,C43191235,100,1,0,0,1,0,0,0,0,0,0
O=C(N)COc1ccc([C@H]2C(C#N)=C(N)C(C#N)(C#N)C=3[C@H]2C[C@H](C(C)(C)C)CC=3)cc1,,C43919741,100,1,0,0,0,0,0,0,0,0,0
O=C(NCCNc1sc2ccccc2n1)Nc1cc(NC(=O)CC)ccc1,,C44103929,99.977608,1,0,0,1,0,1,0,1,1,0
O=C(NNC(=O)Nc1c(C)cccc1)N[C@@H](C)c1ccc(OC(C)C)cc1,,C46067102,100,1,0,0,0,0,1,0,0,0,0
O=C(NCCC(=O)Nc1cc(NC(=O)C(C)C)ccc1)NC12CC3CC(C1)CC(C2)C3,,C46864399,100,1,0,0,0,0,0,0,0,1,0
Brc1cc(S(=O)(=O)/N=C/2\SC=C(C(C)C)N\2)c(NN)nc1,,C49238149,94.217094,1,0,0,0,0,0,0,1,0,0
Fc1cc(NC(=O)Nc2ccc(Oc3ccnc4NC(=O)Nc34)c3ccccc23)ccc1,,C40975766,98.019562,1,1,0,1,0,1,0,1,0,0
O=C(Nc1ccc2NC(=O)Nc2c1)[C@H](N[C@@H](c1sccc1)c1ccc(C)cc1)C,,C25049045,72.686119,1,1,0,1,0,0,0,1,1,0
O=C(NNC(=O)c1sc2CCCCCCc2c1)NCCC(=O)N[C@H](C)CC,,C56917075,100,1,0,0,1,0,0,0,0,1,0
Fc1c(N(C)CCCNC(=O)NNC(=O)Nc2c(C)cccc2)cccc1,,C57246361,100,1,0,0,1,0,1,0,0,1,0
O=C(N)C=1[C@H](c2ccc(C(C)C)cc2)c2c(C)nn(-c3ccccc3)c2OC=1N,,C58903523,99.961449,1,0,0,0,0,0,0,0,0,0
O=C(NNC(=O)c1cc(NC(=O)c2ccccc2)c(C)cc1)NCCC(C)C,,C65134112,100,1,0,0,1,0,0,0,0,0,0
O(CC)C(=O)Nc1c(C)c(NC(=O)NCc2ccc3[nH]c(C)c(C)c3c2)ccc1,,C65466164,100,1,0,0,1,0,1,0,1,0,0
O=C(NNC(=O)CC12CC3CC(C1)CC(C2)C3)Nc1ccc2C(=O)NC(=O)c2c1,,C65772246,99.999786,1,0,0,0,0,0,0,0,0,0
O=C(NCC=C)Nc1ccc(NC(=O)Nc2ccc3OC(=O)C=Cc3c2)cc1,,C65786991,100,1,0,0,1,0,1,0,0,0,0
O=C(NCCc1c(C)cc(C)cc1)Nc1c(N2CCCCC2)ccc(C(=O)N)c1,,C65829132,100,1,0,0,1,0,0,0,1,1,0
O[C@@]1(CNC(=O)Nc2cc(NC(=O)C3CC3)ccc2)CCCc2ccccc12,,C66952031,100,1,0,0,0,0,1,0,0,1,0
O=C(NNC(=O)c1c(C)c2ccccc2o1)N[C@@H](CC)c1[nH]c2ccccc2n1,,C67040153,91.757874,1,0,0,1,0,1,0,0,0,0
O=C(NNC(=O)CC1CCCCC1)N[C@H](C)c1ccc(NC(=O)C2CC2)cc1,,C67103651,100,1,0,0,0,0,1,0,0,0,0
S(=O)(=O)(N)c1cc([C@H](NC(=O)C[C@H](NC(=O)C2CCCCC2)C)C)ccc1,,C67105628,99.997665,1,0,0,1,0,0,0,0,1,0
O=C(NNC(=O)CC1CCCCC1)N[C@@H](C(C)C)c1[nH]c2ccccc2n1,,C67381617,91.737419,1,0,0,1,0,0,0,0,0,0
Fc1cc(C(=O)N2C[C@@H](C(=O)N[C@H](Cc3cnccc3)C(OC)=O)N(C(=O)NC3CCCCC3)CC2)ccc1,,C04147966,99.473747,1,0,0,0,0,0,0,0,0,0
O(C)C(=O)C=1[C@@H](c2c(OC)cccc2)C(C(OCC)=O)=C2S/C(=C\c3c(OC)cccc3)/C(=O)N2C=1N,,C00860075,99.99987,1,0,0,0,0,0,0,0,0,0
S(=O)(=O)(N1[C@@H](C(=O)N[C@H](Cc2c[nH]c3ccccc23)C(OC)=O)CN(C(=O)c2cc(F)ccc2)CC1)c1ccccc1,,C04200775,100,1,0,0,0,0,0,0,0,0,0
S(=O)(=O)(N1CCC(C)CC1)c1ccc(C(=O)Nc2c(C(=O)NC)c3CCN(C(=O)C)Cc3s2)cc1,,C08920976,100,1,0,0,0,0,0,0,0,0,0
S(=O)(=O)(N(CC)CC)c1ccc(C(=O)Nc2c(C(=O)NC(OC)=O)c3CCCCCc3s2)cc1,,C09298378,100,1,0,0,0,0,0,0,0,0,0
S(=O)(=O)(N1CCC(C(=O)Nc2c(C(=O)NC(OC)=O)c3CC[C@@H](C)Cc3s2)CC1)c1sccc1,,C09504962,100,1,0,0,0,0,0,0,0,0,0
O=C(Nc1c(C(=O)Nc2cc(OC)c(OC)cc2)oc2ccccc12)[C@H]1CN(c2ccc(C)cc2)C(=O)C1,,C10246764,100,1,0,0,0,0,0,0,0,0,0
S(=O)(=O)(N1[C@@H](C(=O)Nc2c(C(=O)NC(OC)=O)c3CC[C@@H](C)Cc3s2)CCCC1)c1sccc1,,C10785864,100,1,0,0,0,0,0,0,1,1,0
O=C(Nc1n(C=2NC(=O)C=3CCCC=3N=2)nc(-c2sccc2)c1)[C@@H]1CN(c2cc(C)c(C)cc2)C(=O)C1,,C11855842,98.511948,1,0,0,0,0,0,0,0,0,0
O=C(Nc1n(C=2NC(=O)C=C(C(C)C)N=2)nc(-c2occc2)c1)C[C@@H]1N2C(=O)C=3CCCC=3N=C2SC1,,C12008003,96.244232,1,0,0,1,0,0,0,0,0,0
S(=O)(=O)(N(CC)CC)c1ccc(C(=O)Nc2n(C=3NC(=O)C=4CCCC=4N=3)nc(-c3occc3)c2)cc1,,C12009929,98.487076,1,0,0,0,0,0,0,0,0,0
S(=O)(=O)(N1[C@H](C(=O)Nc2c(C(=O)NC(OC)=O)c3CC[C@H](C)Cc3s2)CCC1)c1sccc1,,C12465551,100,1,0,0,0,0,0,0,0,1,0
S(=O)(=O)(N1CCc2ccccc12)c1ccc(NC(=S)NC(=O)/C=C/c2cc(OC)c(OC)cc2)cc1,,C12500657,100,1,0,0,0,0,0,0,0,0,0
S(=O)(=O)(CC)N1[C@H](C(=O)NC=2C(C(OCC)=O)=C(CC)Nc3ccccc3N=2)Cc2ccccc2C1,,C12529609,77.876083,1,0,0,0,0,0,0,0,1,0
O(CC(=O)C=1C(=O)N(C)C(=O)N(C)C=1N)C(=O)c1ccc(N2C(=O)c3cccc4cccc(C2=O)c34)cc1,,C02630464,100,1,0,0,0,0,0,0,0,0,0
O(CC(=O)NC=1C(=O)N(N(C)C=1C)c1ccccc1)C(=O)CN1C(=O)[C@]2(NC1=O)C[C@@H](C)CC(C)(C)C2,,C12595474,99.99588,1,0,0,1,0,0,0,0,0,0
Clc1ccc(C(=O)CSc2n(C[C@H](O)COc3c(C)cccc3)c3C(=O)NC(=O)N(C)c3n2)cc1,,C00863238,57.221767,1,1,0,1,0,0,1,0,0,0
S=C1N(C[C@H]2OCCC2)C(=O)/C(=C/C=2C(=O)N3C=CC=C(C)C3=NC=2NC[C@H](O)c2ccccc2)/S1,,C13811292,93.830544,1,0,0,1,0,0,0,1,1,0
Brc1c(/C=C\2/C(=O)N3CC(C(OC)=O)=C(C)N=C3S/2)cc(OCC)c(OCC(=O)N)c1,,C13915277,99.99984,1,0,0,0,0,0,0,0,0,0
BrCCN1C(=O)[C@@]2(N[C@@H](C)[C@H]3C(=O)N(c4ccc(NC(=O)C)cc4)C(=O)[C@H]23)c2ccccc12,,C15319894,99.645004,1,0,0,0,0,0,0,0,0,0
S(=O)(=O)(N[C@@H](Cc1ccccc1)C(=O)N1CCN(C2CCCC2)CC1)c1ccc2NC(=O)CCc2c1,,C20286514,86.534111,1,0,0,1,0,0,0,1,1,0
S=C(Nc1ccc(C(=O)NC[C@@H]2Oc3ccccc3OC2)cc1)N1C[C@@H]2CN3C(=O)C=CC=C3[C@H](C1)C2,,C20683213,99.999886,1,0,0,0,0,0,0,0,1,0
O=C(N[C@@H]1CCc2cc(OC)c(OC)c(OC)c2C=2C=C/C(=N\CCC[NH+]3CCN(C)CC3)/C([O-])=CC1=2)C,,C22802733,45.216766,1,0,0,0,0,0,0,0,0,0
S=C1N(C[C@@H]2OCCC2)C(=O)/C(=C\C=2C(=O)N3C=C(C)C=CC3=NC=2N2CCC(C(=O)N)CC2)/S1,,C33446183,94.246254,1,0,0,1,0,0,0,0,0,0
Clc1cc(-n2c(C)c(/C=C/3\C(=O)N=C4S/C(=C/C(=O)N5CCCC5)/NN4C\3=N)cc2C)c(OC)cc1,,C33694394,99.970932,1,0,0,0,0,0,0,0,0,0
O=[N+]([O-])c1cc([C@@H]2NC(=O)N(C)C=3CN([C@@H](Cc4ccccc4)C(=O)NC[C@H]4OCCC4)C(=O)C2=3)ccc1,,C35965114,99.962364,1,0,0,0,0,0,0,0,0,0
FC(F)(F)c1c([C@@H]2NC(=O)N(C)C=3CN([C@H](CC(C)C)C(=O)NCc4cnccc4)C(=O)C2=3)cccc1,,C35966830,99.528152,1,0,0,0,0,0,0,0,0,0
Clc1cc(NC(=O)[C@H]2[C@@H]3O[C@@]4([C@@H](C(=O)N[C@H]5[C@H](C)[C@H](C)CCC5)N(CCOC)C(=O)[C@@H]24)C=C3)ccc1,,C36066187,100,1,0,0,0,0,0,0,0,1,0
Brc1cc(/C=C\2/C(=O)N(CCC(=O)Nc3c(O)ccc([N+](=O)[O-])c3)C(=S)S/2)ccc1,,C36559448,62.747654,1,0,0,0,0,0,0,0,1,0
S(=O)(=O)(CNC(=O)[C@H](N(Cc1oc(C)cc1)C(=O)[C@H]1NC(=O)CC1)c1occc1)c1ccc(C)cc1,,C36601176,99.677773,1,0,0,0,0,1,0,0,1,0
O=C(N[C@H]1CS(=O)(=O)CC1)c1c(NC(=O)C=2Oc3c(C)cccc3C(=O)C=2)sc2C[C@H](C)CCc12,,C38644086,100,1,0,0,0,0,0,0,0,0,0
S(=O)(=O)(n1cc(/C=C/C(=O)N2C[C@@]3(CCC)NC(=O)NC(=O)[C@@H]3C2)c2ccccc12)c1ccc(C)cc1,,C39195376,100,1,0,0,0,0,0,0,0,0,0
O(C)C(=O)[C@H](NC(=O)C(=O)[C@@H]1CN(CC(=O)N2CCCCC2)c2ccccc12)Cc1c[nH]c2ccccc12,,C39701901,100,1,0,0,0,0,0,0,0,0,0
Clc1c(CN2C(=O)/C(=C\C=3C(=O)N4C=CC=CC4=NC=3NCCOCCO)/SC2=S)cccc1,,C39729296,93.453629,1,0,0,1,0,1,0,1,1,0
Fc1ccc2OC=3C(=O)N([C@H](c4ccc(OCC(=O)N)cc4)C=3C(=O)c2c1)c1ccc(C(OCC)=O)cc1,,C39877109,100,1,0,0,0,0,0,0,0,0,0
O=C(N(CC)CC)COc1c(OC)cc([C@H]2C(C(=O)Nc3c(C)cc(C)cc3)=C(C)Nc3n2ncn3)cc1,,C40924068,78.625938,1,0,0,0,0,1,0,0,0,0
O=C(COc1c(OC)cc([C@H]2C(C(=O)Nc3c(C)c(C)ccc3)=C(C)Nc3n2ncn3)cc1)N1CCCCC1,,C41023648,78.626228,1,0,0,0,0,1,0,1,1,0
Clc1cc([C@@H]2[NH2+][C@](CCSC)(C(=O)[O-])[C@@H]3C(=O)N(CCc4ncccc4)C(=O)[C@H]23)c([N+](=O)[O-])cc1,,C43218312,87.186974,1,0,0,0,0,0,0,0,1,0
O=C(C)c1ccc(N2C(=O)[C@H]3[C@H](c4ccc(OCCC)cc4)[NH2+][C@](Cc4ccccc4)(C(=O)[O-])[C@@H]3C2=O)cc1,,C43221103,57.121639,1,0,0,0,0,0,0,0,0,0
O=C([O-])[C@@]1([C@H](C)CC)[NH2+][C@@H](c2c(OCc3ccccc3)c(OC)ccc2)[C@H]2C(=O)N(C3CCCCC3)C(=O)[C@H]12,,C43221580,53.566833,1,0,0,0,0,0,0,0,1,0
FC(F)(F)c1cc(C(=O)N2[C@H](C(=O)NC[C@H]3OCCC3)CN(C(=O)Nc3ccc(F)cc3)CC2)ccc1,,C43260497,100,1,0,0,0,0,0,0,0,0,0
FC(F)(F)c1c(Cn2c(C)c(C(=O)N)cc2C(=O)CN2CCN(C(=O)c3ncccc3)CC2)cccc1,,C43260950,96.228989,1,0,0,0,0,1,0,1,1,0
O[C@@H]1CN(C(=O)CO/N=C\2/CC[C@@]3(C)[C@H]4CC[C@@]5(C)[C@](O)(C#C)CC[C@@H]5[C@@H]4CCC3=C/2)[C@@H](C(OC)=O)C1,,C43741417,99.999779,1,0,0,0,0,0,0,0,0,0
Fc1c(-c2nn3C(CCNC(=O)C(=O)Nc4cc(N5C(=O)CCC5)c(C)cc4)=CSc3n2)cccc1,,C49504889,99.484062,1,1,0,1,0,0,0,0,0,0
O=C(CN1C(=O)[C@H](Cc2c[nH]c3ccccc23)NC1=O)N1[C@H](c2ccccc2)c2cc(OC)c(OC)cc2CC1,,C02639032,99.99958,1,0,0,0,0,0,0,0,0,0
S(CC(=O)C=1C(=O)N(C)C(=O)N(C)C=1N)C=1N(c2ccc(C)cc2)C(=O)/C(=C/c2ccc(C(C)C)cc2)/N=1,,C03330678,99.643608,1,0,0,0,0,0,0,0,0,0
S=C(NC(=O)c1cc([N+](=O)[O-])c(N2CCOCC2)cc1)Nc1c(N2CCCC2)ccc(C(F)(F)F)c1,,C59331653,100,1,0,0,0,0,0,0,0,0,0
O=C(/C=C\1/SC=2N(C(=N)/C(=C/c3c(C)n(c(C)c3)-c3ccc4ccccc4c3)/C(=O)N=2)N/1)N1CCCCC1,,C41083757,99.97007,1,0,0,0,0,0,0,0,0,0
O=C(N[C@@H](CC=1C[NH+]=C2C=CC=CC=12)C(=O)[O-])COc1ccc2[C@@H](C)[C@@H](Cc3ccccc3)C(=O)Oc2c1,,C63350560,84.666725,1,0,0,0,0,1,0,0,0,0
O=C(N[C@@H](CC=1C[NH+]=C2C=CC=CC=12)C(=O)[O-])CC=1C(=O)Oc2c(C)c3oc4CCCCc4c3cc2C=1C,,C63351360,84.615738,1,0,0,0,0,0,0,0,0,0
S(=O)(=O)(N1CCCCCC1)c1ccc(C(OCC(=O)C=2C(=O)N(C)C(=O)N(CC(C)C)C=2N)=O)cc1,,C02656533,100,1,0,0,1,0,0,0,0,0,0
S(=O)(=O)(NCc1occc1)c1ccc(NC(=O)CN2C(=O)/C(=C/c3ccc(F)cc3)/SC2=O)cc1,,C03166858,91.932007,1,0,0,0,0,0,0,0,0,0
S(=O)(=O)(N[C@H]1CO[C@@H]2[C@H](OC(=O)Nc3ccc(Oc4ccccc4)cc3)CO[C@H]12)c1cccc2cccnc12,,C04235543,91.963104,1,0,0,0,0,0,0,0,0,0
S=C1N(CC(=O)N(C2CC2)C2(C(=O)Nc3ccc(N4CCOCC4)cc3)CCSCC2)C[C@@H](c2ccccc2)N1,,C08695960,99.999901,1,0,0,0,0,0,0,0,0,0
Clc1c(C(=O)Nc2c(C(=O)N[C@@H]3CS(=O)(=O)CC3)c3CC[C@H](C)Cc3s2)nc(SC)nc1,,C08868295,99.999435,1,0,0,0,0,0,0,0,0,0
S(=O)(=O)(N1[C@H](C(=O)Nc2c(C(=O)NC(OCC)=O)c3CCCCc3s2)CCC1)c1ccc(C)cc1,,C08893884,100,1,0,0,0,0,0,0,0,0,0
S(CC(=O)Nc1c(C)cc(C)cc1C)c1sc(NC(=O)[C@@H]2CN(c3c(C)cccc3)C(=O)C2)nn1,,C08904737,99.938049,1,0,0,0,0,0,0,0,1,0
S(=O)(=O)(N[C@@H](C(C)C)c1oc(S(=O)(=O)Cc2c(F)cccc2)nn1)[C@@H]1[C@H](O)CS(=O)(=O)C1,,C09029405,93.492989,1,0,0,1,0,0,0,0,1,0
S(=O)(=O)([C@H](CNC(=O)C(=O)N[C@@H]1CS(=O)(=O)CC1)c1ccc(N(C)C)cc1)c1ccc(C)cc1,,C09080390,100,1,0,0,0,0,0,0,0,0,0
S(=O)(=O)(N1CCC(C)CC1)c1ccc(C(=O)Nc2c(C(=O)NC(OC)=O)c3CCCCc3s2)cc1,,C09297933,100,1,0,0,0,0,0,0,0,0,0
Brc1cc(/C=C\2/C(=O)N(CCC(=O)Nc3c(O)cc([N+](=O)[O-])cc3)C(=S)S/2)ccc1,,C09404266,85.959862,1,0,0,0,0,0,0,0,1,0
S(CC(=O)NC[C@@H]1OCCC1)C1=Nc2ccccc2C=2N1C(=O)[C@H](CCC(=O)NC1CCCCC1)N=2,,C09471944,77.075569,1,0,0,1,0,0,0,0,0,0
Fc1ccc(N2C(=O)C[C@H](C(=O)Nc3scc(CC(=O)Nc4ccc(C(OCC)=O)cc4)n3)C2)cc1,,C09699901,100,1,0,0,0,0,0,0,0,0,0
S(=O)(=O)(N(C)C1CC1)c1ccc(C(=O)Nc2c(C(=O)NC(OCC)=O)c3CC[C@@H](C)Cc3s2)cc1,,C10099917,100,1,0,0,0,0,0,0,0,0,0
S(=O)(=O)(N1C[C@@H](C(=O)Nc2c(C(=O)NC(OC)=O)c3CCCCc3s2)CCC1)c1sccc1,,C10761316,100,1,0,0,0,0,0,0,0,1,0
S(=O)(=O)(N1C[C@@H](C(=O)Nc2c(C(=O)NC(OC)=O)c3CC[C@H](C)Cc3s2)CCC1)c1sccc1,,C10761460,100,1,0,0,0,0,0,0,0,0,0
S(=O)(=O)(N(C)C)c1ccc(C(=O)Nc2n(C=3NC(=O)C=4CCCC=4N=3)nc(-c3sccc3)c2)cc1,,C11855816,98.514168,1,0,0,0,0,0,0,0,0,0
S(=O)(=O)(N(C)C)c1ccc(C(=O)Nc2n(C=3NC(=O)C=C(c4ccccc4)N=3)nc(-c3occc3)c2)cc1,,C12009326,97.166969,1,0,0,0,0,0,0,0,0,0
O=C(Nc1n(C=2NC(=O)C=C(c3ccccc3)N=2)nc(-c2occc2)c1)C[C@H]1N2C(=O)C=C(C)N=C2SC1,,C12009467,94.902023,1,0,0,0,0,0,0,0,1,0
S=C1N(CC(=O)N/N=C/c2ccc(OC(=O)/C=C\3/C(=O)NC(=O)S/3)cc2)N=CN1c1ccccc1,,C13016638,99.078079,1,0,0,1,0,0,0,0,0,0
Brc1c(OC[C@H]2OCCC2)ccc(C(=O)NNC(=O)[C@@H]2CN(Cc3occc3)C(=O)C2)c1,,C13630025,100,1,0,0,1,0,0,0,0,0,0
Fc1c(NC(=O)N2CCC3(N(c4ccccc4)CN(CC(=O)NC[C@@H]4OCCC4)C3=O)CC2)cccc1,,C16613198,100,1,0,0,1,0,0,0,0,0,0
Clc1ccc(CCNC(=O)CCN2C(=O)N(CC(=O)Nc3cc(C)ccc3)c3ccsc3C2=O)cc1,,C20151628,100,1,0,0,1,0,0,0,0,0,0
S(=O)(=O)(N[C@H](Cc1ccccc1)C(=O)N1CCN(C2CCCC2)CC1)c1ccc2NC(=O)CCc2c1,,C20286519,86.534111,1,0,0,1,0,0,0,0,0,0
O(CC)C(=O)[C@H]1CN(c2c(C(=O)N3CCC(C(=O)N)CC3)ccc(-c3sc4ccccc4c3)n2)CCC1,,C20776288,92.546761,1,0,0,0,0,0,0,0,0,0
O=C(Nc1c(C(=O)NC[C@H]2OCCC2)cccc1)C1CCN(C(=O)[C@@H]2CN(c3ccc(C)cc3)C(=O)C2)CC1,,C21449684,100,1,0,0,0,0,0,0,0,0,0
S(CCO)c1c([N+](=O)[O-])cc(/C=C\2/C(=O)N(CC(=O)Nc3cccc4ccccc34)C(=O)S/2)cc1,,C32124995,100,1,0,0,1,0,0,0,1,0,0
O=[N+]([O-])c1ccc(C[C@@]2(C(=O)[O-])[NH2+][C@H](c3ccc(-c4ccccc4)cc3)[C@@H]3C(=O)N(C/C=C\C)C(=O)[C@@H]23)cc1,,C33518016,56.238617,1,0,0,0,0,0,0,0,0,0
O=C(C)c1ccc(N2C(=O)[C@@H]3[C@H](c4c(OC)c(C)c(OC)cc4)[NH2+][C@@]([C@@H](C)CC)(C(=O)[O-])[C@H]3C2=O)cc1,,C33534856,57.225033,1,0,0,0,0,0,0,0,0,0
O=C(NC[C@H]1OCCC1)[C@@H]1N(Cc2cc(C)ccc2)C(=O)O[C@@H]1c1ccc(NC(=O)c2sccc2)cc1,,C36217421,100,1,0,0,0,0,0,0,0,0,0
O[C@H]1CN(C(=O)CO/N=C/2\CC[C@]3(C)[C@@H]4CC[C@]5(C)[C@@](O)(C(=O)C)CC[C@@H]5[C@H]4CCC3=C\2)[C@@H](C(OC)=O)C1,,C36367791,99.999779,1,0,0,0,0,0,0,0,0,0
S(=O)(=O)(N1CCN(C(=O)CSc2n(N)cc(-c3ccccc3)n2)CC1)c1ccc2ccccc2c1,,C08671587,51.184616,1,0,0,1,0,0,0,1,1,0
Clc1ccc(N2C(=O)/C(=C/[C@H]3C(CCN(CC)C(=S)NC)=C4C=CC=CC4=[NH+]3)/C(=O)N=C2[O-])cc1,,C38760288,92.420944,1,0,0,1,0,1,0,0,0,0
O(CC)CC(=O)N[C@@H]1C(=O)N(CC(=O)Nc2ccc3ncsc3c2)c2ccccc2N(CC(C)C)C1,,C39201165,100,1,0,0,0,0,0,0,0,0,0
O(C)C(=O)C1=C(N)OC=2C=C(C)N(Cc3c(OC)cccc3)C(=O)C=2[C@@]21C(=O)N(C(C)C)c1ccccc21,,C39918636,99.999901,1,0,0,0,0,0,0,0,0,0
S(Cc1scc(C(=O)N2CCC(C(=O)N)CC2)n1)c1n(c(-c2occc2)nn1)-c1c(C)cccc1,,C40368275,99.979218,1,0,0,1,0,0,0,0,1,0
O=C(COc1c(OC)cc([C@@H]2C(C(=O)Nc3cc(C)ccc3)=C(C)Nc3n2ncn3)cc1)N1CCCCC1,,C41023639,78.625275,1,0,0,0,0,0,0,0,0,0
O=C(Oc1ccc([C@H]2[NH2+][C@](C(=O)[O-])(c3ccccc3)[C@@H]3C(=O)N(c4ccc(C(=O)C)cc4)C(=O)[C@@H]23)cc1)C,,C43218956,80.187889,1,0,0,0,0,0,0,0,0,0
S(=O)(=O)(N1[C@H](C(=O)NC[C@H]2OCCC2)CN(C(=O)Nc2ccc(C)cc2)CC1)c1c(C)nc(C)s1,,C43259846,100,1,0,0,0,0,0,0,0,1,0
O[C@H]1CN(C(=O)CO/N=C\2/CC[C@@]3(C)[C@H]4CC[C@@]5(C)[C@](O)(C#C)CC[C@@H]5[C@@H]4CCC3=C/2)[C@H](C(OC)=O)C1,,C43741419,99.999779,1,0,0,0,0,0,0,0,0,0
O=C(Nc1ccc2C[C@@]3(N(C)C(=O)NC3=O)Cc2c1)CN1C(=O)N(c2ncccc2)c2c(C)cc(C)cc12,,C45498213,99.622063,1,0,0,1,0,0,0,0,0,0
S(=O)(=O)(N1[C@@H](CCNC(=O)C(=O)Nc2cc(N3C(=O)CCCC3)ccc2)CCCC1)c1sccc1,,C49487388,100,1,0,0,1,0,0,0,0,0,0
Fc1c(-c2nn3C(CCNC(=O)C(=O)Nc4cc(N5C(=O)CCCC5)ccc4)=CSc3n2)cccc1,,C49504891,99.484062,1,1,0,1,0,0,0,0,0,0
S(=O)(=O)(N(CC(=O)N/N=C/c1c(O)cccc1)C=1C(=O)N(N(C)C=1C)c1ccccc1)c1ccccc1,,C16249129,94.6903,1,0,0,0,0,1,0,0,0,0
S(CC(=O)Nc1cc([N+](=O)[O-])ccc1)c1sc(NC(=O)[C@@H]2CN(c3cc(C)ccc3)C(=O)C2)nn1,,C08905672,99.938278,1,0,0,0,0,0,0,0,0,0
O=C(/C=C\1/SC=2N(C(=N)/C(=C\c3c(C)n(c(C)c3)-c3cccc4ccccc34)/C(=O)N=2)N/1)N1CCCC1,,C20502133,99.970055,1,0,0,0,0,0,0,0,0,0
S(=O)(=O)(C)N1CCN(c2ccc(NC(=S)NC(=O)/C=C/c3oc(-c4ccccc4)cc3)cc2)CC1,,C57315944,100,1,0,0,0,0,0,0,0,0,0
O(C)c1c(OC=2C(=O)N(C)C(=O)N(C)C=2N)ccc(/C=C\2/C(=O)N(C)/C(=N/c3ccc(C)cc3)/S/2)c1,,C59599448,84.429665,1,0,0,0,0,0,0,0,0,0
O=C(/C=C\1/SC=2N(C(=N)/C(=C/c3c(C)n(c(C)c3)-c3ccc([C@@H](C)CC)cc3)/C(=O)N=2)N/1)N1CCCCC1,,C41083767,99.970093,1,0,0,0,0,0,0,0,0,0
O=C(N[C@@H](CC=1C[NH+]=C2C=CC=CC=12)C(=O)[O-])COc1ccc2[C@H](C)[C@@H](Cc3ccccc3)C(=O)Oc2c1,,C63350561,84.666725,1,0,0,0,0,1,0,0,0,0
S=C1N(C[C@H]2OCCC2)C(=O)/C(=C/C=2C(=O)N3C=CC=CC3=NC=2NC[C@@H](O)c2ccccc2)/S1,,C02376084,93.315086,1,0,0,1,0,0,0,0,0,0
O(C)C(=O)[C@H](NC(=O)[C@@H]1N(C(=O)C2CCCCC2)CCN(C(=O)Nc2ccccc2)C1)Cc1cnccc1,,C03842161,99.473793,1,0,0,0,0,0,0,0,0,0
S(=O)(=O)(CC(=O)Nc1sc2C[C@]3(C)CC[C@@H]([C@H](C)C(=O)N(C)CC#C)[C@H](O)[C@H]3[C@H](C)c2n1)c1ccccc1,,C04222085,100,1,0,0,0,0,0,0,0,0,0
S(CC(=O)Nc1ccc([N+](=O)[O-])cc1)c1sc(NC(=O)[C@@H]2CN(c3ccc(F)cc3)C(=O)C2)nn1,,C08908714,99.938362,1,0,0,0,0,0,0,0,0,0
O(C)C(=O)C=1[C@H](c2c(OC)cccc2)C(C(OCC)=O)=C2S/C(=C\c3c(OC)cccc3)/C(=O)N2C=1N,,C00860080,99.99987,1,0,0,0,0,0,0,0,0,0
O[C@@H](CN1C(=O)[C@H]2N([C@@H](c3ccc(C(OC)=O)cc3)c3[nH]c4ccccc4c3C2)C(=O)C1)c1ccccc1,,C02092611,100,1,0,0,0,0,0,0,0,0,0
S(=O)(=O)(NC[C@H](S(=O)(=O)c1ccc(C)cc1)c1ccc(N(C)C)cc1)c1ccc2NC(=O)Oc2c1,,C09080139,98.201744,1,1,0,1,0,1,1,0,0,0
S=C1N(C[C@@H]2OCCC2)C(=O)/C(=C/C=2C(=O)N3C=CC=CC3=NC=2NC[C@H](O)c2ccccc2)/S1,,C09424774,93.315086,1,0,0,1,0,0,0,0,0,0
S(=O)(=O)(N1C[C@@H](C(=O)Nc2c(C(=O)NC(OCC)=O)c3CCCc3s2)CCC1)c1sccc1,,C10761276,100,1,0,0,0,0,0,0,0,1,0
S(=O)(=O)(N1CCC(C(=O)Nc2c(C(=O)NC(OC)=O)c3CCCCc3s2)CC1)c1ccc(C)cc1,,C11130107,100,1,0,0,0,0,0,0,0,0,0
O=C(Nc1n(C=2NC(=O)C=C(c3ccccc3)N=2)nc(-c2occc2)c1)[C@@H]1CN(c2ccc(C)cc2)C(=O)C1,,C12009374,97.157288,1,0,0,0,0,0,0,0,0,0
S(=O)(=O)(CC(=O)Nc1cc(NC(=O)C)ccc1)c1cn(CC(=O)N2CCCCCC2)c2ccccc12,,C09519822,100,1,0,0,0,0,0,0,0,0,0
Fc1cc(C(=O)N(Cc2cnccc2)CC2=C(C(OCC)=O)[C@@H](c3cc(F)ccc3)NC(=O)N2)ccc1,,C12412627,99.562599,1,0,0,0,0,0,0,0,0,0
Clc1ccc(N2C(=O)/C(=C/c3cn(CC(=O)NCc4occc4)c4ccccc34)/C(=O)NC2=S)cc1,,C00883648,99.247353,1,0,0,0,0,0,0,0,0,0
S=C(Nc1ccc(C(F)(F)F)cc1)/N=C(/Nc1nc(C)cc(C)n1)\N1CCN(c2ncccn2)CC1,,C14160506,77.777992,1,0,0,0,0,0,0,0,0,0
O=C(Nc1cc(C(=O)N2CCCCCC2)ccc1)CCC(=O)Nc1cc(C(=O)N2CCCCCC2)ccc1,,C14557005,100,1,0,0,0,0,0,0,0,0,0
Clc1ccc(NC(=O)[C@@H]2[C@@H]3O[C@@]4([C@@H](C(=O)NC5CCCCC5)N(C[C@H]5OCCC5)C(=O)[C@H]24)C=C3)cc1,,C20106458,100,1,0,0,0,0,0,0,0,0,0
S=C1N(c2cc(C(F)(F)F)ccc2)C(=O)C([C@@H]2[NH+](C)CCc3cc4OCOc4c(OC)c23)=C([O-])N1,,C17146761,98.018105,1,0,0,0,0,0,0,0,0,0
FC(F)(F)C1(C(F)(F)F)N=C(C)NC=2N(CCc3cc(OCC)c(OCC)cc3)C(=O)NC(=O)C1=2,,C20494428,97.948189,1,0,0,0,0,0,0,0,1,0
S=C(NC(=O)c1c(C)cccc1)Nc1c(N2CCN(C(=O)c3ccccc3)CC2)ccc(C(OC)=O)c1,,C21577345,100,1,0,0,0,0,0,0,0,0,0
Brc1ccc(NC(=O)C[C@@H]2C(=O)N(c3ccc(O)cc3)/C(=N\N=C\c3occc3)/S2)cc1,,C33528593,98.839294,1,0,0,1,0,0,0,1,1,0
O=[N+]([O-])c1ccc(C[C@]2(C(=O)[O-])[NH2+][C@@H](c3c(C#N)cccc3)[C@@H]3C(=O)N(Cc4ncccc4)C(=O)[C@@H]23)cc1,,C33776878,86.527512,1,0,0,0,0,0,0,0,0,0
O=C(NC1CCCCC1)CN1C(=O)N(CC(=O)Nc2c(C)cccc2)C(=O)c2c(C)c(C(=O)C)sc12,,C34778586,100,1,0,0,1,0,0,0,0,0,0
O=[N+]([O-])c1cc(C(=O)[C@H]2[C@@]3(C(=O)Nc4c(C)cccc34)N3CCC[C@@H]3[C@]32C(=O)Nc2ccccc32)ccc1,,C35851860,97.490471,1,0,0,0,0,0,0,0,0,0
FC(F)(F)c1c([C@@H]2NC(=O)N(C)C=3CN([C@@H](CC(C)C)C(=O)NCc4cnccc4)C(=O)C2=3)cccc1,,C35966827,99.528152,1,0,0,0,0,0,0,0,1,0
Fc1cc([C@@H]2NC(=O)N(CC=C)C=3CN([C@@H](Cc4ccccc4)C(=O)NCc4ncccc4)C(=O)C2=3)ccc1,,C35969102,98.900284,1,0,0,0,0,0,0,0,1,0
O[C@H]1CN(C(=O)CO/N=C/2\CC[C@]3(C)[C@H]4CC[C@]5(C)[C@@](O)(C(=O)C)CC[C@@H]5[C@H]4CCC3=C\2)[C@@H](C(OC)=O)C1,,C36367793,99.999779,1,0,0,0,0,0,0,0,0,0
S(=O)(=O)(N1[C@H](C(OCC(=O)NC23CC4CC(C2)CC(C3)C4)=O)C[C@H](O)C1)c1ccc([N+](=O)[O-])cc1,,C08685585,100,1,0,0,0,0,0,0,0,1,0
O=C(N[C@@H]1CS(=O)(=O)CC1)c1c(NC(=O)C=2Oc3c(C)cccc3C(=O)C=2)sc2C[C@@H](C)CCc12,,C38644095,100,1,0,0,0,0,0,0,0,0,0
S(=O)(=O)(C(C)C)[P@@]1(=O)OC[C@H]2N(N1)C[C@H]1C=C(S(=O)(=O)C(C)C)C(c3c(O)cccc3)=C[C@H]1C2,,C39469844,59.846127,1,0,0,0,0,0,0,0,0,0
S(=O)(=O)(C(C)C)[P@@]1(=O)OC[C@H]2N(N1)C[C@@H]1C=C(c3c(O)cccc3)C(S(=O)(=O)C(C)C)=C[C@@H]1C2,,C39470041,59.826401,1,0,0,0,0,0,0,0,0,0
S(CC(=O)N[C@@H]1N=NC(C)=C1)C1=Nc2ccccc2C=2N1C(=O)[C@@H](CCC(=O)NCc1sccc1)N=2,,C39556147,77.182861,1,0,0,0,0,0,0,1,0,0
S(=O)(=O)(NCCC(=O)Nc1cc(OC)c(OC)cc1)c1c(C(=O)N2CCc3ccccc3C2)cccc1,,C39700054,96.73822,1,0,0,0,0,1,0,0,1,0
O=[N+]([O-])c1c(OCC(=O)Nc2c(C(=O)N[C@H]3CS(=O)(=O)CC3)c3CC[C@H](C)Cc3s2)cccc1,,C39836200,100,1,0,0,0,0,0,0,0,0,0
O=C(Nc1c(C(=O)N[C@H]2CS(=O)(=O)CC2)c2CC[C@H](C)Cc2s1)CCc1oc(-c2ccccc2)cn1,,C41019552,100,1,0,0,0,0,0,0,0,0,0
Fc1ccc(NC(=O)N2C[C@@H](C(=O)NC[C@@H]3OCCC3)N(C(=O)c3nc4ccccc4nc3)CC2)cc1,,C43260550,99.990906,1,0,0,1,0,0,0,0,1,0
Fc1ccc(C(=O)N2[C@@H](C(=O)NCc3ccccc3)CN(C(=O)Nc3ccc(C(OC)=O)cc3)CC2)cc1,,C44163156,100,1,0,0,0,0,0,0,0,0,0
O=C([O-])[C@@H](NC(=O)c1ccc2n(C3CCCCC3)c(-c3ncccc3)nc2c1)CC=1C[NH+]=C2C=CC=CC=12,,C52618919,72.872345,1,0,0,0,0,0,0,0,0,0
FC(F)(F)CN1C(=O)C(NC(=O)N2CCC(N3C(=O)Nc4ncccc34)CC2)=C[C@@H](c2cnccc2)C1,,C52637604,98.799889,1,0,0,1,0,0,0,0,0,0
O=C(NCc1sccc1)[C@@H]1[C@@]2(C)O[C@]3([C@H](C(=O)NC(C)(C)C)N(CCc4ccc(OC)cc4)C(=O)[C@@H]13)C=C2,,C01380951,100,1,0,0,0,0,0,0,0,0,0
O(C)c1ccc(CN2C(C)=CC=3O[C@H]4C[C@@H]([C@@H](C)CN5C=NC(=[NH2+])c6[n-]cnc56)CCC4=CC=3C2=O)cc1,,C40915392,95.754257,1,0,0,0,0,0,0,0,0,0
Brc1ccc2N(C)C(=O)[C@]3(C(C(OCC)=O)=C(N)OC(CC(OC)=O)=C3C(OC)=O)c2c1,,C59293288,100,1,0,0,0,0,0,0,0,0,0
O=[N+]([O-])c1cc([C@H](NC(=O)c2ccccc2)CC(=O)CC(=O)/N=C/2\SC[C@H](c3ccccc3)N\2)ccc1,,C59434838,93.632065,1,0,0,0,0,0,0,0,0,0
O=C(Nc1ccc(C)cc1)/N=C(/Nc1nc(C)cc(C)n1)\N1CCN(C(=O)[C@H]2Oc3ccccc3OC2)CC1,,C14161404,66.08474,1,0,0,0,0,0,0,0,0,0
Brc1c(C)cc(N2C(=O)/C(=C\Nc3c(C)n(Cc4ccccc4)nc3C)/C(=O)NC2=O)cc1,,C59858830,99.956894,1,0,0,0,0,0,0,0,0,0
O=C(/C=C\1/SC=2N(C(=N)/C(=C\c3c(C)n(c(C)c3)-c3cc(OC)ccc3)/C(=O)N=2)N/1)N1CCOCC1,,C37868208,99.970879,1,0,0,0,0,0,0,0,0,0
Clc1c(C)ccc(-n2c(C)c(/C=C/3\C(=O)N=C4S/C(=C/C(=O)N5CCCCC5)/NN4C\3=N)cc2C)c1,,C33600353,99.970024,1,0,0,0,0,0,0,0,0,0
O=C(/C=C\1/SC=2N(C(=N)/C(=C/c3cn(Cc4c(C)cccc4)c4ccccc34)/C(=O)N=2)N/1)N1CCCCC1,,C34829343,99.981224,1,0,0,0,0,0,0,0,0,0
Clc1c(F)ccc(-n2c(C)c(/C=C/3\C(=O)N=C4S/C(=C/C(=O)N5CCCC5)/NN4C\3=N)cc2C)c1,,C34744872,99.970337,1,0,0,0,0,0,0,0,0,0
Clc1ccc(CCNC(=O)CCN2C(=O)N(CC(=O)N[C@H]3N=NC(C)=C3)[C@H]3[C@@H](C2=O)SC=C3)cc1,,C63448263,100,1,0,0,0,0,0,0,0,1,0
Fc1cc(-c2nc(-c3ccc(Oc4ncc(N5C6(C(=O)NC(=O)NC6=O)CCC5)cc4)cc3)oc2)ccc1,,C03819270,99.927498,1,0,0,0,0,0,0,0,0,0
O[C@H]1[C@@H]([C@H](C)C(=O)N(CC)CC)CC[C@@]2(C)Cc3sc(NC(=O)C4CCN(C(=O)C)CC4)nc3[C@@H](C)[C@H]12,,C04222115,100,1,0,0,0,0,0,0,0,0,0
S(=O)(=O)(CC(=O)Nc1sc2C[C@@]3(C)CC[C@@H]([C@H](C)C(=O)N4CCSCC4)[C@H](O)[C@H]3[C@H](C)c2n1)c1ccccc1,,C04222088,100,1,0,0,0,0,0,0,0,0,0
S(=O)(=O)(N1CCCCC1)c1ccc(C(=O)Nc2c(C(=O)NC(OC)=O)c3CC[C@@H](C)Cc3s2)cc1,,C09298068,100,1,0,0,0,0,0,0,0,0,0
S(CC(=O)NC1CCCC1)C=1N(CC2CCC(C(=O)NC[C@H]3OCCC3)CC2)C(=O)c2ccccc2N=1,,C09473433,96.952263,1,0,0,1,0,0,0,1,0,0
Fc1ccc(N2C(=O)C[C@H](C(=O)Nc3scc(CC(=O)Nc4sc5cc(C)ccc5n4)n3)C2)cc1,,C09700034,100,1,0,0,1,0,0,0,1,0,0
O=C(Nc1n(C=2NC(=O)C(C)=C(C)N=2)nc(-c2sccc2)c1)C[C@@H]1N2C(=O)C=3CCCC=3N=C2SC1,,C11855022,96.353973,1,0,0,0,0,0,0,0,0,0
Clc1sc(S(=O)(=O)N2[C@H](C(=O)Nc3c(C(=O)NC(OCC)=O)c(C)c(C)s3)CCC2)cc1,,C12467486,100,1,0,0,0,0,0,0,0,1,0
S(CC(=O)C=1C(=O)N(C)C(=O)N(C)C=1N)C=1N(c2ccccc2)C(=O)c2c(sc3CCCCCc23)N=1,,C12541514,99.772308,1,0,0,0,0,0,0,0,0,0
O=C(NC1CCCCC1)[C@@H]1[C@]2(C)O[C@@]3([C@@H](C(=O)NCc4ccccc4)N(C[C@H]4OCCC4)C(=O)[C@H]13)C=C2,,C12642182,100,1,0,0,0,0,0,0,0,0,0
O=C(Nc1c(C(=O)N2CCCCCC2)cccc1)CCCC(=O)Nc1c(C(=O)N2CCCCCC2)cccc1,,C14003270,100,1,0,0,0,0,0,0,0,0,0
Clc1ccc(S(=O)(=O)N[C@H]([C@H](O)C)C(OCC(=O)/C=C\2/N(C)c3ccccc3C/2(C)C)=O)cc1,,C14359742,75.116852,1,0,0,0,0,0,0,0,1,0
O(C)C(=O)[C@H]1[C@@H](c2ccccc2)CC=2N(c3ccccc3)C(N)=C(C(OC)=O)[C@H](c3cnccc3)C=2C1=O,,C15306458,99.528641,1,0,0,0,0,0,0,0,0,0
Brc1ccc([C@H]2N(CC[NH+](C)C)C(=O)C([O-])=C2C(=O)c2c(C)c(C(OCC)=O)[nH]c2C)cc1,,C09271200,96.561134,1,0,0,0,0,0,0,0,0,0
S(CC(=O)Nc1sc(-c2cc([N+](=O)[O-])ccc2)nn1)c1sc(NC(=O)Cc2ccccc2)nn1,,C20646414,99.896896,1,0,0,0,0,0,0,0,0,0
O=C(Nc1ccc(NC(=O)C[C@H]2C(=O)N=C(N3[C@H](c4sccc4)CC(c4ccccc4)=N3)S2)cc1)C,,C28067476,99.822433,1,0,0,0,0,0,0,0,0,0
O(C)C(=O)c1c(OC)cc(OC)cc1[C@@H]1[NH2+][C@@]([C@H](C)CC)(C(=O)[O-])[C@H]2C(=O)N(C3CCCCC3)C(=O)[C@H]12,,C33497938,71.556366,1,0,0,0,0,0,0,0,0,0
O=C(C)c1ccc(N2C(=O)[C@@H]3[C@H](c4c(OC)c(C)c(OC)cc4)[NH2+][C@]([C@H](C)CC)(C(=O)[O-])[C@H]3C2=O)cc1,,C33534857,57.225033,1,0,0,0,0,0,0,0,0,0
Brc1c(C)n(Cc2scc(-c3n(CCCN4C(=O)CCC4)c(C)c(C(=O)N)c3)n2)nc1C,,C33556632,99.983459,1,0,0,1,0,0,0,1,1,0
O=C(C)c1ccc(N2C(=O)[C@H]3[C@H](c4ccc(OCCC)cc4)[NH2+][C@](CC4CCCCC4)(C(=O)[O-])[C@@H]3C2=O)cc1,,C33638012,55.213646,1,0,0,0,0,0,0,0,0,0
O=C(/C=C\1/SC=2N(C(=N)/C(=C/c3cn(Cc4cc(C)ccc4)c4ccccc34)/C(=O)N=2)N/1)N1CCCC1,,C34367800,99.981224,1,0,0,0,0,0,0,0,0,0
FC(F)(F)c1cc(NC(=O)N2CCC=3N=C(C(OCC)OCC)NC(=O)C=3C2)cc(C(F)(F)F)c1,,C35417532,98.63739,1,0,0,0,0,0,0,0,0,0
Brc1ccc2OC=3C(=O)N([C@@H](c4ccc(OCC(=O)N)cc4)C=3C(=O)c2c1)c1ncccc1,,C35514368,99.15641,1,0,0,1,0,0,0,1,0,0
Fc1cc(C(=O)NNC(=O)CO[C@H]2[C@H]([C@H]3OC4(OC3)CCCCC4)O[C@H]3OC4(O[C@H]23)CCCCC4)ccc1,,C36185392,100,1,0,0,0,0,0,0,0,0,0
S(=O)(=O)(CNC(=O)[C@H](N(C(=O)[C@H]1NC(=O)CC1)C1CCCCC1)c1c(C)cccc1)c1ccc(C)cc1,,C36490699,100,1,0,0,0,0,0,0,0,0,0
Clc1ccc([C@@H](N(C(C)(C)C)C(=O)[C@H]2NC(=O)CC2)C(=O)NCS(=O)(=O)c2ccc(C)cc2)cc1,,C36591562,100,1,0,0,0,0,0,0,0,0,0
S(=O)(=O)(CNC(=O)[C@@H](N(Cc1oc(C)cc1)C(=O)C=C(C)C)c1ccc(O)cc1)c1ccc(C)cc1,,C36599339,98.170891,1,0,0,0,0,0,0,1,0,0
S(=O)(=O)(n1cc(/C=C/C(=O)N2C[C@@]3(CCC)NC(=O)NC(=O)[C@H]3C2)c2ccccc12)c1ccc(C)cc1,,C39195374,100,1,0,0,0,0,0,0,0,0,0
O(Cc1ccccc1)C(=O)N1[C@]2([C@H](N(CC(=O)Nc3ccc(NC(=O)C)cc3)C2=O)c2ccccc2)CCC1,,C39265828,100,1,0,0,0,0,0,0,0,0,0
IC=1[C@@H](C(=O)Nc2ccc(S(=O)(=O)N[C@@H]3S[C@@H](CC)N=N3)cc2)N=NC=1,,C39444854,76.77356,1,0,0,0,0,0,0,0,1,0
O(C)C(=O)[C@H](NC(=O)C(=O)[C@H]1CN(CC(=O)N2CCCCC2)c2ccccc12)Cc1c[nH]c2ccccc12,,C39701903,100,1,0,0,0,0,0,0,0,1,0
O(C)C(=O)[C@H](NC(=O)C(=O)[C@H]1CN(CC(=O)N2CCCCCC2)c2ccccc12)Cc1c[nH]c2ccccc12,,C39707114,100,1,0,0,0,0,0,0,0,0,0
O(C)C(=O)C1=C(N)OC=2C=C(C)N(Cc3c(OC)cccc3)C(=O)C=2[C@]21C(=O)N(CCC)c1ccccc21,,C39918638,99.999901,1,0,0,0,0,0,0,0,0,0
FC(F)(F)Oc1cc([C@H]2[NH2+][C@@](COCc3ccccc3)(C(=O)[O-])[C@@H]3C(=O)N(C(C)(C)C)C(=O)[C@@H]23)ccc1,,C43211928,88.29113,1,0,0,0,0,0,0,0,1,0
O=C([O-])[C@@]1(Cc2ccccc2)[NH2+][C@H](c2c(OC)c(C)c(OC)cc2)[C@@H]2C(=O)N(C3CCCCC3)C(=O)[C@@H]12,,C33596504,63.155312,1,0,0,0,0,0,0,0,0,0
O=C([O-])[C@]1([C@H](C)CC)[NH2+][C@@H](c2c(OCc3ccccc3)c(OC)ccc2)[C@H]2C(=O)N(C(C)(C)C)C(=O)[C@H]12,,C43221582,53.123978,1,0,0,0,0,0,0,0,0,0
S(=O)(=O)(N1[C@@H](C(=O)NC[C@H]2OCCC2)CN(C(=O)Nc2ccc(C)cc2)CC1)c1c(C)nc(C)s1,,C43259851,100,1,0,0,1,0,1,0,0,1,0
O[C@@H]1CN(C(=O)CO/N=C\2/CC[C@@]3(C)[C@H]4CC[C@@]5(C)[C@](O)(C#C)CC[C@@H]5[C@@H]4CCC3=C/2)[C@H](C(OC)=O)C1,,C43741421,99.999779,1,0,0,0,0,0,0,0,0,0
O=[N+]([O-])c1ccc(C[C@@]2(C(=O)[O-])[NH2+][C@H](/C=C/c3ccccc3)[C@@H]3C(=O)N(c4c(C)cccc4)C(=O)[C@@H]23)cc1,,C44174335,54.459911,1,0,0,0,0,0,0,0,1,0
O=C(Nc1cnccc1)Nc1ccc2O/C(=C\c3cn(C)c4nccc(N5C[C@@H]6O[C@H](C5)CC6)c34)/C(=O)c2c1,,C49071843,88.291756,1,0,0,0,0,0,0,0,0,0
Fc1ccc2NC(=O)[C@@]3([C@@]4([C@@H](C(=O)c5cc([N+](=O)[O-])ccc5)[C@H]5N3CCC5)C(=O)Nc3ccccc43)c2c1,,C49885727,98.236801,1,0,0,0,0,0,0,0,0,0
Brc1ccc(NC(=O)C[C@H]2C(=O)N/C(=N\C=3C(=O)N(N(C)C=3C)c3ccccc3)/S2)cc1,,C13660763,69.015968,1,0,0,1,0,0,0,0,0,0
O(CC(=O)N1[C@@H](c2cc(OC)c(OC)cc2)C=C(c2sccc2)N1)C(=O)c1c(C)c(C)sc1NC(=O)C,,C03379869,99.92894,1,0,0,0,0,0,0,0,0,0
FC(F)(F)c1cc(N2CCN(CC(=O)N3[C@@H](CC(=O)Nc4ccc(F)cc4)C(=O)NCC3)CC2)ccc1,,C13636512,87.859329,1,0,0,0,0,0,0,0,0,0
BrCCN1C(=O)[C@]2(N[C@@H](C)[C@H]3C(=O)N(c4ccc(NC(=O)C)cc4)C(=O)[C@@H]23)c2ccccc12,,C18046334,99.645004,1,0,0,0,0,0,0,0,0,0
S(=O)(=O)(N1C[C@H](C)CCC1)c1ccc(NC(=O)CSc2[nH]nc(-c3cc([N+](=O)[O-])ccc3)n2)cc1,,C59788668,99.602776,1,0,0,0,0,0,0,1,1,0
BrCCN1C(=O)[C@]2(N[C@H](C)[C@H]3C(=O)N(c4ccc(NC(=O)C)cc4)C(=O)[C@H]23)c2ccccc12,,C15319891,99.645004,1,0,0,0,0,0,0,0,0,0
O=C(/C=C\1/SC=2N(C(=N)/C(=C/c3ccc(OC(=O)c4cc(C)ccc4)cc3)/C(=O)N=2)N/1)N1CCOCC1,,C20358334,99.880638,1,0,0,0,0,0,0,0,0,0
Clc1ccc(N2C(=O)/C(=C/[C@@H]3C(CCN(CC)C(=S)NC)=C4C=CC=CC4=[NH+]3)/C([O-])=NC2=O)cc1,,C38760285,92.420959,1,0,0,1,0,1,0,0,0,0
Clc1ccc(N2C(=O)/C(=C/NC[C@H]3N(C)CCc4cc5OCOc5c(OC)c34)/C(=O)NC2=S)cc1,,C02091272,95.221321,1,0,0,0,0,0,0,0,0,0
O=C(C)c1c(C)c(C(=O)c2c(C3CCCC3)nc(C=3C(=O)N(C)C(=O)N(C)C=3N)s2)[nH]c1C,,C02659394,100,1,1,0,1,0,0,0,0,0,0
S(=O)(=O)(CC(=O)NNC(=O)Nc1cc(C(F)(F)F)ccc1)c1ncc(C(F)(F)F)cc1,,C06058938,100,1,0,0,0,0,0,0,0,0,0
O=C1N(C)C(=O)c2n(C)c(NN/C=C/3\C(=O)N(c4cc(C)c(C)cc4)C(=O)NC\3=O)nc2N1C,,C09192441,86.123749,1,0,0,0,0,0,0,0,0,0
S(CC(=O)Nc1ccc(F)cc1)c1n(c(CC=2NC(=O)NC(=O)C=2)nn1)-c1ccc(F)cc1,,C09382029,99.528046,1,0,0,1,0,0,0,1,0,0
S(=O)(=O)(N1CCN(C(OCC)=O)CC1)c1ccc(C(=O)Nc2c(C(=O)N)ccs2)cc1,,C09384284,100,1,0,0,0,0,0,0,0,0,0
O=C(N(Cc1occc1)C1=C(N)N(Cc2ccccc2)C(=O)NC1=O)[C@@H]1Oc2ccccc2OC1,,C09793790,99.995972,1,0,0,0,0,0,0,1,1,0
O=C(NN1C(=O)C2(NC1=O)CCC(C)CC2)CN1C(=O)[C@](C)(c2ccc3CCCc3c2)NC1=O,,C10971401,99.678749,1,0,0,0,0,0,0,0,0,0
S(CC=C)c1sc(N2C(N)=C(C#N)[C@@]3(C(=O)Nc4ccc(F)cc34)C=3C(=O)CCCC2=3)nn1,,C12363647,99.920959,1,0,0,0,0,0,0,0,0,0
S(CC(=O)NC=1C(=O)NC(=O)NC=1C)c1n-2c(N(Cc3ccc(F)cc3)c3ccccc-23)nn1,,C13084107,92.837654,1,0,0,0,0,0,0,0,0,0
O=C(NNC(=O)c1c(C)nc(-c2ccccc2)s1)CCNC1=NS(=O)(=O)c2ccccc12,,C13134607,99.998299,1,0,0,1,0,0,0,0,0,0
S(=O)(=O)(NCC(=O)N[C@@H](C)c1ccc(-n2cncc2)cc1)c1ccc2SCC(=O)Nc2c1,,C08826016,76.282455,1,0,0,0,0,0,0,0,0,0
S(CC(=O)Nc1c(C(=O)N)c2CCCc2s1)c1n(C)c(C[C@@H]2CS(=O)(=O)CC2)nn1,,C14186325,99.663521,1,0,0,1,0,1,0,1,1,0
S(=O)(=O)(N[C@H](C)C(=O)N1C[C@H](C(=O)Nc2ccccc2)CCC1)c1ccc(NC(=O)C)cc1,,C14232277,89.331192,1,0,0,0,0,0,0,0,0,0
Brc1cc(N2C(=O)/C(=C\c3n(-c4ccc(S(=O)(=O)N)cc4)ccc3)/C(=O)N2)ccc1,,C17150099,92.86982,1,0,0,0,0,0,0,0,0,0
[S-]C=1n2c3ccccc3nc2-c2ccc(C(=O)N3CCC([NH+]4CCC(C(=O)N)CC4)CC3)cc2N=1,,C20643755,86.251648,1,0,0,0,0,0,0,0,0,0
O(CC(=O)Nc1c(C(=O)N)c2CCCCc2s1)C(=O)Cn1cnc2N(C)C(=O)N(C)C(=O)c12,,C20823512,86.535477,1,1,0,0,0,0,0,0,1,0
O=C(NNC(=O)c1cn(C)c2ccccc12)CN1C(=O)C2(NC1=O)CCC(C(C)(C)CC)CC2,,C24320128,99.999771,1,0,0,0,0,0,0,0,0,0
Ic1c(C(=O)NCC(=O)NNC(=O)[C@@H]2Oc3ccccc3OC2)cccc1,,C26976842,100,1,0,0,0,0,0,0,0,0,0
O=C(N[C@H]1C(=O)NC[C@@H](c2c(OC)cccc2)CC1)N1CCC(N2C(=O)Nc3ncccc23)CC1,,C28827323,99.328346,1,0,0,0,0,0,0,0,0,0
Fc1ccc([C@@]2(CCCC)C(=O)N(CC(=O)N3C[C@H](C(=O)N)Oc4ccccc34)C(=O)N2)cc1,,C29379569,99.999557,1,0,0,1,0,0,0,0,0,0
O=C(N)[C@@H](NC(=O)c1cc(C2CC2)nc2n([C@@H]3CS(=O)(=O)CC3)nc(C)c12)c1ccccc1,,C32876571,99.757278,1,0,0,0,0,0,0,0,0,0
FC(F)(F)c1cc(Oc2cc([C@@H]3[NH2+][C@@](CO)(C(=O)[O-])[C@@H]4C(=O)N(C(C)(C)C)C(=O)[C@@H]34)ccc2)ccc1,,C33375045,85.914459,1,0,0,0,0,0,0,0,0,0
FC(F)(F)Oc1cc([C@@H]2[NH2+][C@@](Cc3ccc(O)cc3)(C(=O)[O-])[C@@H]3C(=O)N(C(C)(C)C)C(=O)[C@@H]23)ccc1,,C33759462,57.800579,1,0,0,0,0,0,0,1,0,0
Clc1ccc([C@@H](O)[C@H]2N[C@@]3(C(=O)Nc4ccccc34)[C@H]3C(=O)N(CCCOC)C(=O)[C@H]23)cc1,,C35883632,99.858696,1,0,0,0,0,0,0,0,1,0
Brc1ccc(NC(=O)CN2C(=O)N(CC(=O)N)C(=O)c3c2sc2CCCc32)cc1,,C37641102,100,1,0,0,1,0,0,0,1,0,0
S(CC(=O)Nc1scc(C)n1)[C@@H]1N([C@@H](CC=2NC(=O)NC(=O)C=2)N=N1)c1cc(C)ccc1,,C39361762,99.991005,1,0,0,1,0,1,0,1,1,0
S(CC(=O)Nc1sc(C)nn1)[C@@H]1N([C@@H](CC=2NC(=O)NC(=O)C=2)N=N1)c1cc(C)ccc1,,C39361764,99.911858,1,0,0,1,0,0,0,1,1,0
Clc1ccc(N2[C@@H](SCC(=O)Nc3scc(C)n3)N=N[C@H]2CC=2NC(=O)NC(=O)C=2)cc1,,C39363131,99.991005,1,0,0,1,0,0,0,1,1,0
O=C(C)N1CCC(C(=O)N2C[C@H](C(=O)NCC3CCC(C(=O)[O-])CC3)C3(C2)CC[NH2+]CC3)CC1,,C39662768,98.776253,1,0,0,0,0,0,0,0,1,0
O=C([O-])C1CCC(CNC(=O)[C@@H]2C3(CN(C(=O)c4cc(OCC)ccc4)C2)CC[NH2+]CC3)CC1,,C39662854,98.776016,1,0,0,1,0,0,0,0,1,0
Clc1c(OC)c(C(=O)N2C[C@H](C(=O)N[C@@H](CC(=O)[O-])c3ccccc3)C3(C2)CC[NH2+]CC3)cs1,,C39682521,99.269798,1,0,0,1,0,0,0,0,0,0
O(CC)C(=O)[C@@H]1CN(C=2NC(=O)C=3[C@@H](C(=O)Nc4c(CC)cccc4)CC(=O)NC=3N=2)CCC1,,C40383236,53.514191,1,0,0,1,0,0,0,0,0,0
Brc1sc([C@H]2[NH2+][C@@](CO)(C(=O)[O-])[C@@H]3C(=O)N(CCc4ncccc4)C(=O)[C@@H]23)cc1,,C33913967,87.89711,1,0,0,1,0,1,0,0,1,0
O=C([O-])[C@]1(Cc2ccc3ccccc3c2)N[C@H](c2c(C#N)cccc2)[C@@H]2C(=O)N(CC[NH2+]C)C(=O)[C@@H]12,,C43218479,81.257271,1,0,0,1,0,1,0,1,1,0
O[C@@H](C)[C@]1(C(=O)[O-])[NH2+][C@@H](c2ccc(OC)c3ccccc23)[C@H]2C(=O)N(C3CCCCC3)C(=O)[C@H]12,,C43221032,78.663399,1,0,0,0,0,0,0,0,0,0
Brc1cc([C@H]2[NH2+][C@@]([C@H](O)C)(C(=O)[O-])[C@@H]3C(=O)N(c4c(C)cccc4)C(=O)[C@@H]23)c(OC)cc1,,C43221853,92.822044,1,0,0,1,0,0,0,0,1,0
O=C(CN1C(=O)C(c2ccccc2)(c2ccccc2)NC1=O)N1C[C@@H](C(=O)N)Oc2ccccc12,,C45631215,99.999214,1,0,0,1,0,0,0,0,0,0
O=C(NCC1CCN(C(=O)NC(C)(C)C)CC1)C(=O)Nc1c(C)ccc(N2S(=O)(=O)CCC2)c1,,C49522752,100,1,0,0,0,0,0,0,0,0,0
S(=O)(=O)(C)N1CCCc2ccc(NC(=O)C(=O)NCC3CCN(C(=O)NC(C)(C)C)CC3)cc12,,C49522767,100,1,0,0,0,0,0,0,0,0,0
Fc1ccc2NC(=O)[C@@]3(N[C@@H](Cc4c[nH]c5ccccc45)[C@@H]4C(=O)N(C[C@H]5OCCC5)C(=O)[C@H]34)c2c1,,C15972553,99.503311,1,0,0,0,0,1,0,1,1,0
Fc1ccc2NC(=O)[C@@]3(N[C@H](Cc4c[nH]c5ccccc45)[C@@H]4C(=O)N(C[C@@H]5OCCC5)C(=O)[C@H]34)c2c1,,C20572409,99.503311,1,0,0,0,0,0,0,0,1,0
O=C(N(Cc1ccccc1)C1=C(N)N(Cc2ccccc2)C(=O)NC1=O)[C@@H]1CN(C2CC2)C(=O)C1,,C57566625,99.996201,1,0,0,0,0,0,0,1,0,0
Fc1c(NC(=O)C=2[C@H](c3occc3)C(C#N)=C(N)N3C(=O)/C(=C/c4occc4)/SC=23)cccc1,,C59293334,100,1,0,0,0,0,0,0,0,0,0
Oc1ccc(C[C@@H]2N[C@]3(C(=O)Nc4ccccc34)[C@@H]3C(=O)N(Cc4c(OC)cccc4)C(=O)[C@H]23)cc1,,C15958196,97.9123,1,0,0,1,0,0,0,0,0,0
S(CC(=O)C=1C(=O)N(C)C(=O)N(C)C=1N)c1n(c(-c2c[nH]c3ccccc23)nn1)-c1cc(C)ccc1,,C03333173,99.313179,1,0,0,0,0,0,0,0,0,0
S(=O)(=O)(N1CCC(C(=O)N[C@@H]2Sc3cc(C)ccc3N2)CC1)c1ccc2NC(=O)C=Cc2c1,,C63698353,99.995926,1,0,0,0,0,0,0,0,0,0
Clc1ccc(N2C(=O)NC(=O)C=3[C@](NC(=O)c4c(F)cccc4)(C(F)(F)F)C(=O)NC2=3)cc1,,C01899656,99.989571,1,0,0,0,0,0,0,0,0,0
Brc1ccc(N2C(=O)C([C@@H]3[NH2+]CCc4cc(OC)c(OC)cc34)=C([O-])NC2=O)cc1,,C20113746,98.731522,1,0,0,0,0,0,0,1,0,0
O(C)c1c(OC)c([C@@H]2NN/C(=C/3\C(=O)N(c4c(OC)cccc4)C(=O)NC\3=O)/C2)ccc1OC,,C64788590,91.052528,1,0,0,0,0,0,0,0,0,0
O(C)c1c(OC)cccc1[C@@H]1N[C@@H](c2ccc3C(=O)N(c4ccc(OC)cc4)C(=O)Nc3c2)ON1,,C64870157,98.871841,1,0,0,0,0,0,0,0,0,0
S(=O)(=O)(Nc1c(C(=O)N)c2CC[C@@H](CCC)Cc2s1)c1ccc(NC(=O)C)cc1,,C04030514,87.77475,1,0,0,1,0,0,0,0,1,0
O[C@H]1[C@H](O)[C@@H]2N(CC3CCCCC3)/C(=N/CC3CCCCC3)/S[C@@H]2[C@@H](C(=O)N)C1,,C08296106,98.322891,1,0,0,0,0,0,0,0,1,0
Brc1cc(C(=O)NC(=S)Nc2c(C(=O)N)c3CCCc3s2)c(OC)cc1,,C02123499,100,1,0,0,0,0,1,0,0,0,0
Oc1cc(/C=N/n2c(N)c(C(=O)NCCC=3CCCCC=3)c3nc4ccccc4nc23)ccc1,,C01270792,95.016281,1,1,0,1,0,0,1,0,0,0
S(CC(=O)N1[C@H](c2ccccc2)CC(c2ccc3ccccc3c2)=N1)c1nc(N)nc(N)n1,,C09126456,99.999802,1,0,0,0,0,0,0,1,0,0
Brc1c(NC(=O)CSC=2NC(=O)C=C(N)N=2)ccc(Br)c1,,C03346339,66.559479,1,0,0,1,0,1,0,1,1,0
O=C(NCCc1c[nH]c2ccccc12)C(=O)Nc1c(C(=O)Nc2ccccc2)oc2ccccc12,,C09705538,100,1,0,0,1,0,0,0,1,0,0
Clc1ccc2[nH]cc(CCNC(=O)CNC(=O)N3CCc4c5ccccc5[nH]c4C3)c2c1,,C12296954,100,1,0,0,1,0,1,0,1,1,0
O(CC)C(=O)c1c(C)c(C(=O)Nc2c(C)ccc(C)c2)sc1NC(=O)c1cc(N)ccc1,,C01222994,100,1,0,0,0,0,0,0,1,0,0
S(=O)(=O)(Nc1c(C(=O)Nc2c(C(=O)N)oc3ccccc23)cccc1)c1ccc(F)cc1,,C09714703,61.262009,1,0,0,0,0,0,0,1,0,0
S(=O)(=O)(NCCc1ccccc1)c1ccc2N[C@@H](c3c(O)cc(O)cc3)[C@H]3CC=C[C@H]3c2c1,,C13639570,92.202888,1,0,0,1,0,0,0,0,0,0
S(=O)(=O)(NC(C)C)c1ccc2N[C@@H](c3c(O)cc(O)cc3)[C@@H]3CC=C[C@H]3c2c1,,C13639964,93.074356,1,0,0,0,0,0,0,0,0,0
S(Cc1nc(N)nc(Nc2ccc(F)cc2)n1)c1[nH]c(-c2c(F)cccc2)nn1,,C16683386,99.160759,1,0,0,1,0,0,1,1,0,0
Brc1cc(NC(=O)CSc2n(N)c(N/N=C/c3ccc(F)cc3)nn2)ccc1,,C20528031,84.625778,1,0,0,1,0,1,0,1,0,0
Clc1ccc2[nH]c3[C@@H](C=4C(=O)N(CCc5ccccc5)C(=S)NC=4[O-])[NH2+]CCc3c2c1,,C20621937,96.830147,1,0,0,0,0,0,0,0,0,0
S(=O)(=O)(NC1CCCCC1)c1ccc2N[C@@H](c3c(O)cc(O)cc3)[C@@H]3CC=C[C@H]3c2c1,,C20681378,92.739876,1,0,0,0,0,0,0,0,0,0
S(CC(=O)Nc1cccc2ccccc12)c1n(N)c(N/N=C/c2ccc(C)cc2)nn1,,C20806956,83.254074,1,0,0,1,0,1,0,1,0,0
Clc1c(N)c(Cl)c(C(OCC(=O)NC(=O)N[C@H]2[C@H](C)CCCC2)=O)nc1Cl,,C21332064,99.998657,1,0,0,1,0,1,0,0,1,0
Clc1c(N)c(Cl)c(C(OCC(=O)NC(=O)N[C@H]2[C@@H](C)CCCC2)=O)nc1Cl,,C21332068,99.998657,1,0,0,1,0,1,0,0,1,0
Clc1c(OCC)ccc(C(=O)NC(=S)Nc2c(C(=O)N)c3CC[C@@H](C)Cc3s2)c1,,C22532833,100,1,0,0,0,0,0,0,0,0,0
S(=O)(=O)(Nc1c(C(=O)N[C@@H](C)c2ccc(F)cc2)cccc1)c1ccc2NC(=O)Nc2c1,,C22621455,70.406105,1,0,0,1,0,1,1,1,0,0
S(CC(=O)NC(=O)N[C@H]1[C@@H](C)CCCC1)c1n(N)c(-c2ccc(C(C)(C)C)cc2)nn1,,C23632395,99.834152,1,0,0,0,0,0,0,0,0,0
Brc1c(NC(=O)[C@H](Nc2ccc3NC(=O)Nc3c2)C)ccc(Br)c1,,C32810854,99.997391,1,1,0,1,0,1,1,1,1,0
S([C@@H](C)C(=O)NC(=O)NC12CC3CC(C1)CC(C2)C3)c1sc(CC(=O)N)c(C)n1,,C32871352,100,1,0,0,0,0,0,0,0,1,0
O=C(NCCC)Nc1ccc(NC(=O)N2C[C@H](C(=O)NCC3CCCCC3)CCC2)cc1,,C33310254,100,1,0,0,0,0,0,0,0,0,0
FC(F)(F)c1ccc(-n2c(N)c(NC(=O)NC3CC3)c(-c3ccccc3)n2)cc1,,C34785246,99.173668,1,0,0,1,0,0,0,1,0,0
S(=O)(=O)(NCC(=O)Nc1c(C(=O)N)c2CCCCc2s1)c1ccc(C(C)(C)C)cc1,,C01805640,86.592484,1,0,0,0,0,0,0,0,0,0
S(CC(=O)c1ccc(-c2ccccc2)cc1)[C@@H]1N(N)[C@H]([C@H]2N=NC(c3ccccc3)=C2)NN1,,C38556214,44.476173,1,0,0,1,0,0,0,0,1,0
Clc1c(CS[C@@H]2N(N)[C@@H]([C@H]3N=NC(c4ccc(F)cc4)=C3)NN2)c(Cl)ccc1,,C38999761,42.399338,1,0,0,1,0,1,0,0,0,0
O(CC(=O)Nc1c(C(=O)N)c2CCCc2s1)C(=O)c1[nH]c2cc(C)cc(C)c2c1,,C39536056,100,1,0,0,1,0,0,0,0,1,0
S(CC=1NC(=O)c2ccccc2N=1)[C@@H]1N(CC)[C@@H](CC(=O)Nc2c(C)cc(C)cc2)NN1,,C39969698,51.933418,1,0,0,1,0,1,0,0,1,0
Clc1ccc(NC=2NC(=O)C=3[C@H](C(=O)Nc4c(F)cc(C)cc4)CC(=O)NC=3N=2)cc1,,C40399327,53.111172,1,0,0,1,0,0,0,1,0,0
Clc1cc(NC=2NC(=O)C=3[C@@H](C(=O)Nc4c(C)cc(C)cc4)CC(=O)NC=3N=2)ccc1,,C40399350,53.471973,1,0,0,1,0,0,0,1,1,0
Clc1c(NC(=O)[C@@H]2CC(=O)NC=3N=C(Nc4cc(Cl)ccc4)NC(=O)C2=3)ccc(C)c1,,C40399423,53.51725,1,0,0,1,0,1,0,1,0,0
S=C1N[C@H](c2cc([N+](=O)[O-])c(O)cc2)C(C(=O)Nc2c(C(F)(F)F)cccc2)=C(C)N1,,C45326720,83.726021,1,0,0,0,0,0,0,0,0,0
O=C(N)N[C@H](CC(=O)Nc1scc(-c2c(C)cc(C)c(C)c2)n1)c1cc(C)ccc1,,C46673022,100,1,0,0,0,0,1,0,1,0,0
S=C(NNC(=O)CNC(=O)C12CC3CC(C1)CC(C2)C3)Nc1cc(C)c(C)cc1,,C46772387,100,1,0,0,0,0,0,0,0,1,0
S=C(N)N/N=C(/[C@H](C#N)c1ccccc1)\C(=O)Nc1cc(C(F)(F)F)ccc1,,C48552347,100,1,0,0,0,0,0,0,0,0,0
O=C1N(c2ccc(C(C)C)cc2)C(=O)NC([O-])=C1[C@H]1[NH2+]CCc2c3ccccc3[nH]c12,,C17196757,97.075684,1,0,0,0,0,0,0,0,0,0
O=C1N(c2ccc(C(C)C)cc2)C(=O)NC([O-])=C1[C@@H]1[NH2+]CCc2c3ccccc3[nH]c12,,C17196754,97.075684,1,0,0,0,0,1,0,1,0,0
S(c1ccc(NC(=O)Nc2c(F)ccc(C(F)(F)F)c2)cc1)c1ccnc2NC(=O)Nc12,,C45506213,98.902489,1,0,0,1,0,0,0,1,0,0
Clc1c(C(=O)NCC(=O)NNC(=S)Nc2c(C)c(C)ccc2)sc2ccccc12,,C28615466,100,1,0,0,0,0,1,0,0,0,0
FC(F)(F)c1cc(NC(=O)C[C@H](NC(=O)N)c2sccc2)c(N2CCCCC2)cc1,,C58537242,100,1,0,0,0,0,1,0,1,1,0
S(CC(=O)Nc1c(C)cc(C)cc1)c1nc(N/N=C/c2c[nH]c3ccccc23)[nH]n1,,C06271639,92.516006,1,0,0,1,0,0,0,1,0,0
S=C1N[C@H](c2ccc(O)cc2)C(C(=O)N/N=C/c2ccc(N(C)C)cc2)=C(C)N1,,C59385099,98.306709,1,0,0,1,0,0,0,1,0,0
O=C(N)Nc1ccc([C@@H](NC(=O)[C@H]2N(C(=O)C34CC5CC(C3)CC(C4)C5)CCC2)C)cc1,,C59894568,100,1,0,0,0,0,0,0,0,1,0
O=C(NC1CCCC1)Nc1ccc(NC(=O)N2CCC(C(=O)NCC3CC3)CC2)cc1,,C65315454,100,1,0,0,0,0,0,0,0,0,0
O=C(Nc1ccc(NC(=O)N2C[C@@H](C(=O)NCC=C)CCC2)cc1)Nc1ccc(C)cc1,,C65315516,100,1,0,0,0,0,0,0,0,0,0
O=C(NC1CCCC1)Nc1ccc(NC(=O)N2C[C@@H](C(=O)NCCCC)CCC2)cc1,,C65315537,100,1,0,0,1,0,0,0,0,0,0
O=C(Nc1c(C)cc(C)cc1)Nc1cc(NC(=O)N2C[C@H](C(=O)NCC)CCC2)ccc1,,C65315574,100,1,0,0,1,0,0,0,0,0,0
Oc1c(C(=O)c2c(O)cccc2CC=2OC(O)=CC(=O)C=2)c(C)cc(O)c1,,C03850734,24.23192,1,0,0,1,0,0,0,1,0,0
O=C(NC(=O)COc1c(C(=O)N)cccc1)NC12CC3CC(C1)CC(C2)C3,,C04341214,100,1,0,0,0,0,0,0,0,1,0
Brc1cc(C(O[C@H](C)C(=O)NC(=O)NC2CCCCC2)=O)c(N)cc1,,C04246294,100,1,0,0,1,0,0,0,0,1,0
S=C(NC(=O)c1c(OC)cc2ccccc2c1)Nc1ccc2NC(=O)Nc2c1,,C06247782,99.998253,1,1,0,1,0,1,1,1,0,0
S=C(NC(=O)c1cc(OC(C)C)ccc1)Nc1c(C(=O)N)c2CCCCc2s1,,C10471751,100,1,0,0,0,0,0,0,0,0,0
O=C(NCCc1c[nH]c2ccccc12)CCNC(=O)c1[nH]c2ccccc2c1,,C12900838,100,1,0,0,1,0,1,0,1,1,0
Brc1ccc(N[C@H](C)c2nc(N)nc(Nc3ccccc3)n2)cc1,,C12517536,99.998657,1,0,0,1,0,1,0,1,0,0
Clc1cc(C(OCC(=O)NC(=O)Nc2c(C)c(C)ccc2)=O)c(N)cc1,,C16252342,100,1,0,0,1,0,0,0,0,1,0
S(=O)(=O)(N[C@H](C)CC)c1ccc2N[C@H](c3c(O)cc(O)cc3)[C@@H]3CC=C[C@@H]3c2c1,,C20682281,92.907051,1,0,0,0,0,0,0,0,0,0
S=C1N[C@@H](c2ccc(O)cc2)C(C(=O)Nc2c(OCC)cccc2)=C(C)N1,,C01241692,98.313675,1,0,0,0,0,0,0,0,0,0
O=C(Nc1ccc(NC(=O)CCNc2ccccc2)cc1)Nc1ccccc1,,C24449643,99.999565,1,0,0,1,0,0,0,0,0,0
FC(F)(F)c1ccc(-n2c(N)c(NC(=O)NCC#C)c(-c3ccccc3)n2)cc1,,C34785284,99.188873,1,0,0,1,0,0,0,0,0,0
S(CC(=O)NC(=O)NCC)c1nc(N)c2c(sc3C[C@@H](C)CCc23)n1,,C36812046,94.630219,1,0,0,1,0,1,0,0,1,0
O=C(N)[C@@H](NC(=O)C(=O)c1ccc(C2CCCCC2)cc1)Cc1c[nH]c2ccccc12,,C38735493,100,1,0,0,1,0,0,0,1,0,0
S(Cc1[nH]c2ccccc2n1)C=1N(N)[C@H](c2ccc(C(C)(C)C)cc2)NN=1,,C39927313,53.995167,1,0,0,0,0,0,0,0,0,0
S(CC(=O)N[C@H]1[C@@H](C#N)C=2CCCCCCC=2S1)C=1NC(=O)C=C(N)N=1,,C39962493,66.344078,1,0,0,0,0,0,0,0,1,0
O=C(N)Nc1cc(C(=O)Nc2c(OCCc3ccccc3)cccc2)ccc1,,C40091097,100,1,0,0,1,0,0,0,1,1,0
S=C(Nc1c(C)cc(C)cc1)C=1C(=O)NC(N2CCc3ccccc3C2)=NC=1N,,C40385582,72.016953,1,0,0,1,0,0,0,0,0,0
Fc1ccc(C(=O)NNc2c(N)c(Oc3cccc4ccccc34)ncn2)cc1,,C40683296,59.140293,1,0,0,1,0,0,0,0,0,0
Brc1cc(F)c(Nc2c(N)c(Nc3nccc(C)c3)ncn2)cc1,,C40701414,89.821907,1,0,0,1,0,0,0,0,0,0
Brc1cc(Nc2c(N)c(Nc3nccc(C)c3)ncn2)ccc1,,C40701415,90.084045,1,0,0,1,0,0,0,1,0,0
Brc1cc(Nc2c(N)c(Nc3ncccc3)ncn2)ccc1,,C40779124,90.687851,1,0,0,1,0,0,0,1,0,0
FC(F)(F)Oc1ccc(Nc2c(N)c(Nc3ncccc3)ncn2)cc1,,C40779179,90.209373,1,0,0,1,0,0,0,0,0,0
S([C@H](CC)C(=O)Nc1c(C(F)(F)F)cccc1)C=1NC(=O)C=C(N)N=1,,C41630197,66.228142,1,0,0,1,0,1,0,1,1,0
O=C(NNC(=O)CC12CC3CC(C1)CC(C2)C3)NCCc1c[nH]c2ccccc12,,C42957757,100,1,0,0,1,0,1,0,1,1,0
S=C(NNC(=O)N[C@@H](c1occc1)c1ccccc1)NC1CCCC1,,C45156197,99.999878,1,0,0,1,0,1,0,0,0,0
Oc1ccc(CC[C@H](NC(=O)NNC(=O)Cc2cccc3ccccc23)C)cc1,,C45379831,98.65081,1,0,0,1,0,0,0,0,0,0
O=C(N)Nc1ccc([C@@H](NC(=O)/C=C/c2c(OCC)cccc2)C)cc1,,C45782452,100,1,0,0,0,0,0,0,0,0,0
O=C(NNC(=O)Nc1c(C)cccc1)NC1CCC(c2ccccc2)CC1,,C46023364,100,1,0,0,0,0,1,0,0,0,0
S=C(NNC(=O)NCc1ccc(N2CCSCC2)cc1)NC1CCCC1,,C47036812,99.999878,1,0,0,1,0,1,0,0,0,0
O=C(N)Nc1cc(C(=O)Nc2c(CN3CCc4ccccc34)cccc2)ccc1,,C47418595,100,1,0,0,1,0,1,0,1,1,0
Brc1ccc(N/C(/N)=N/c2[nH+]c(C)cc(N3CCC=CC3)n2)cc1,,C45229695,51.817848,1,0,0,0,0,0,0,0,0,0
O=C(N)Nc1cc(C(=O)Oc2c(C(=O)NC3CCCC3)cccc2)ccc1,,C54472755,100,1,0,0,0,0,0,0,1,0,0
FC(F)(F)c1c(CCNC(=O)NNC(=O)Nc2ccccc2)cccc1,,C54650155,100,1,0,0,1,0,1,0,0,0,0
O=C(N)N[C@H](CC(=O)Nc1ccc2OC3(Oc2c1)CCCC3)c1sccc1,,C14423053,100,1,0,0,1,0,1,0,0,1,0
FC(F)(F)c1c([C@@H](NC(=O)Nc2c(C)cc(OCC(=O)N)cc2)C)cccc1,,C56725441,100,1,0,0,0,0,0,0,0,0,0
S=C(NNC(=O)NCC1(c2cc(F)ccc2)CCOCC1)NC1CCCC1,,C56800793,99.999878,1,0,0,1,0,1,0,0,1,0
Fc1ccc(NNC(=O)NCc2cc(NC(=O)C3CCCC3)ccc2)cc1,,C57061209,99.850655,1,0,0,0,0,0,0,0,0,0
FC(F)(F)c1c(NC(=O)N[C@H](C)c2ccc3NC(=O)Nc3c2)cccc1,,C58209729,99.997871,1,0,0,0,0,0,0,1,0,0
Clc1c(CO/N=C(\N)/C=2C(=O)N(C)C3(C=2N)CCCC3)c(Cl)ccc1,,C58342533,72.877151,1,0,0,0,0,1,0,0,1,0
Brc1c(NC(=O)NCCC[NH2+]C)c(C(=O)[O-])cc(Br)c1,,C62825586,99.085869,1,0,0,1,0,1,0,0,1,0
O=C(Nc1c(C(=O)N)nc(Nc2ccccc2)s1)CCC1CCCC1,,C21943467,100,1,0,0,1,0,0,0,1,1,0
O=C(NCc1ccc2[nH]c(C)c(C)c2c1)Nc1ccc2NC(=O)CCc2c1,,C65453799,99.999779,1,0,0,1,0,1,0,0,0,0
O[C@H](COc1cc(C)ccc1)CNC(=O)NC1[C@H]2C[NH+](C3CC3)C[C@@H]1CCC2,,C66339758,99.926453,1,0,0,0,0,0,0,0,1,0
O=C(N[C@H](C)Cc1c(C)cc(C)cc1)Nc1ccc(-n2c(N)c(C#N)cn2)cc1,,C66668790,99.911713,1,1,0,0,0,0,0,0,0,0
O=C(N)Nc1ccc(NC(=O)COc2c(Cc3ccccc3)cccc2)cc1,,C25882343,100,1,0,0,1,0,1,0,1,0,0
O=C(NC(C)C)Nc1c(C(=O)NNC(=O)CC2CCCCC2)cccc1,,C66790390,100,1,0,0,0,0,0,0,0,1,0
O[C@]1(CNC(=O)Cc2ccc(NC(=O)NCCC)cc2)CCCc2ccccc12,,C66930007,100,1,0,0,0,0,0,0,0,1,0
O=C(NNC(=O)CCC1CCCCC1)N[C@H](C)c1[nH]c2ccccc2n1,,C67101681,91.736481,1,0,0,1,0,0,0,0,0,0
O[C@@H](CNC(=O)Nc1ccc2NC(=O)CCCc2c1)c1ccc2ccccc2c1,,C67577141,99.999809,1,0,0,1,0,0,0,1,1,0
S=C1N[C@H]([C@@H](C(OCC)=O)[C@@](O)(C(F)(F)F)N1)c1cc(O)ccc1,,C04269859,98.074905,1,0,0,0,0,0,0,0,0,0
S=C1N[C@H](c2ccc(O)cc2)C(C(=O)Nc2ncccc2)=C(c2ccccc2)N1,,C00956719,96.868652,1,0,0,1,0,0,0,1,0,0
O=C(Nc1c(CC)cccc1)C/C(=N/NC(=O)c1c(N)cccc1)/C,,C04180229,100,1,0,0,1,0,1,0,0,1,0
S(C)c1nc(N)c2[C@@H](c3ccc(C(F)(F)F)cc3)C(C#N)=C(N)Oc2n1,,C04623325,98.872643,1,0,0,0,0,0,0,0,0,0
Brc1ccc(C(=O)NC=2C(=O)NC(SC)=NC=2N)cc1,,C05081494,70.314751,1,0,0,0,0,0,0,0,0,0
FC(F)(F)[C@@]1(O)[C@H](C(=O)c2ccccc2)[C@@H](c2c(O)cccc2)NC(=O)N1,,C11859240,96.524109,1,0,0,0,0,0,0,0,0,0
S([C@@H](C)C(=O)NC(=O)NC)c1nc(N)c2c(C)c(C)sc2n1,,C12545281,94.163429,1,0,0,1,0,1,0,0,1,0
Fc1c(c(F)c(N)nc1N)-c1oc(c(-c2ccc(F)cc2)n1)-c1ccncc1,,C13445003,97.349411,1,0,0,0,0,0,0,0,0,0
S([C@H](C)C(=O)Nc1c(C(=O)N)ccs1)c1[nH]c2ccc(C)cc2n1,,C07061189,44.705647,1,0,0,1,0,1,0,1,1,0
O=C(N)N[C@H](CC(=O)Nc1ccc(N2CCCCC2)cc1)c1ccccc1,,C14237897,100,1,0,0,0,0,1,0,0,1,0
S(=O)(=O)(N)c1ccc2N[C@H](c3cc(O)c(OC)cc3)[C@@H]3CC=C[C@@H]3c2c1,,C14457016,96.258934,1,0,0,0,0,0,0,0,0,0
Brc1c(Cl)c2c(O[C@H]3[C@H](O)[C@H](O)[C@H](O)[C@H](C)O3)c[nH]c2cc1,,C15205486,100,1,0,0,1,0,1,0,0,1,0
O=C(NCCc1c[nH]c2ccccc12)C(=O)Nc1cccc2[nH]ccc12,,C32124042,100,1,0,0,1,0,1,0,1,1,0
FC(F)(F)c1ccc(CCNC(=O)NNC(=O)Nc2ccccc2)cc1,,C32923852,100,1,0,0,1,0,1,0,0,0,0
S(CC=1NC(=O)c2c(sc3C[C@@H](C)CCc23)N=1)c1nc(N)[nH]n1,,C08692439,85.393593,1,0,0,1,0,1,0,1,0,0
Clc1c(CS[C@@H]2N(N)[C@H]([C@H]3N=NC(C)=C3)NN2)c(Cl)ccc1,,C38986378,42.55587,1,0,0,1,0,1,0,0,1,0
Brc1cc(Cl)c(S(=O)(=O)N[C@@H](C)/C(/N)=N/O)c(Cl)c1,,C40376634,92.476295,1,0,0,1,0,1,0,0,1,0
O=C(N)N/N=C/1\CCCc2oc(C(=O)Nc3cc(C)cc(C)c3)c(C)c\12,,C40824314,99.999283,1,0,0,0,0,1,0,0,0,0
Brc1ccc2oc([C@@]([NH2+][C@H](C)C(=O)N)(C)C(=O)[O-])cc2c1,,C41804882,82.341949,1,0,0,1,0,1,0,1,1,0
S(=O)(=O)(N)c1cc([C@H](NC(=O)Nc2c(F)c(F)c(F)cc2)C)ccc1,,C43232185,99.997665,1,0,0,0,0,0,0,1,0,0
S(=O)(=O)(N)c1cc([C@H](NC(=O)Nc2c(F)ccc(F)c2)C)ccc1,,C43234901,99.997665,1,0,0,0,0,0,0,1,0,0
S(CC(=O)N)c1c(NC(=O)NC[C@H]2COc3ccccc3C2)cccc1,,C45695942,100,1,0,0,1,0,1,0,0,1,0
O=C(N)Nc1ccc([C@H](NC(=O)Cc2coc3c(C)c(C)ccc23)C)cc1,,C45834627,100,1,0,0,1,0,0,0,1,1,0
Brc1cc(C(=O)NNC(=O)N[C@@H]2C[C@@H](C)CCC2)[nH]c1,,C47036126,100,1,0,0,0,0,0,0,0,0,0
O=C(N)Cc1c(NC(=O)C(=O)N[C@H](C)C23CC4CC(C2)CC(C3)C4)cccc1,,C48661525,100,1,0,0,0,0,0,0,0,1,0
O=C(N)Cc1c(NC(=O)C(=O)N[C@H](C)c2cccc3ccccc23)cccc1,,C48874054,100,1,0,0,0,0,0,0,0,0,0
O=C1N(C(C)(C)C)C(=O)NC([O-])=C1[C@@H]1[NH2+]CCc2c3ccccc3[nH]c12,,C20610768,96.335915,1,0,0,0,0,1,0,1,0,0
O=C(N)c1c(NC(=O)c2ccc3[nH]cnc3c2)sc2C[C@@H](C)CCc12,,C08341264,51.764076,1,1,0,1,0,1,0,0,0,0
O=C(Nc1ccc2NC(=O)Nc2c1)[C@@H](N[C@H](C)c1c(C)cccc1)C,,C32797203,72.369217,1,0,0,1,0,1,0,1,0,0
[S-]/C(=[NH+]\C(\N)=N\c1nc(C)c2ccccc2n1)/Nc1ccc(F)cc1,,C06921953,49.623985,1,0,0,0,0,0,0,0,0,0
Fc1c(Oc2ccccc2)ccc([C@H](N[C@@H](C)C(=O)NC(=O)N)C)c1,,C56202507,66.589218,1,0,0,1,0,1,0,1,0,0
Fc1c(C(=O)NNC(=O)NC2[C@H]3C[NH+](C4CC4)C[C@@H]2CCC3)cccc1,,C56806604,99.922958,1,0,0,0,0,0,0,0,0,0
O=C(NC[C@@H](NC(=O)Nc1ccccc1)C1CC1)Nc1ccccc1,,C58170931,100,1,0,0,1,0,0,0,0,0,0
Fc1c(C)c(NC(=O)C=2NC(=O)c3ccccc3C=2)cc(C(=O)N)c1,,C58352542,99.702583,1,0,0,1,0,0,0,1,1,0
Brc1ccc([C@H]2C(C#N)=C(N)Oc3n(C(=S)N)nc(C)c23)cc1,,C58899963,99.989449,1,0,0,0,0,0,0,0,1,0
O=C(N)Nc1ccc([C@@H](NC(=O)CCn2ccc3ccccc23)C)cc1,,C58915549,100,1,0,0,1,0,1,0,1,1,0
O=C(N)C=1[C@@H](c2cc(OCc3ccccc3)ccc2)C(C(=O)C)=C(C)OC=1N,,C58949090,99.999825,1,0,0,1,0,0,0,0,1,0
Brc1sc([C@H]2C(C(OCC)=O)=C(N)OC(C)=C2C(=O)N)cc1,,C58949371,100,1,0,0,0,0,0,0,0,1,0
S(C)c1ccc([C@@H]2C(C(OCC)=O)=C(N)OC(C)=C2C(=O)N)cc1,,C58949407,100,1,0,0,1,0,0,0,0,1,0
O=C(N[C@H](C)c1c(C)ccc(C)c1)C(=O)Nc1c(C)c(C(=O)N)ccc1,,C48831034,100,1,0,0,0,0,0,0,0,1,0
Brc1cccc2c1[nH]c1CCN(C(=O)[C@@H](NC(=O)N)CCC)Cc21,,C63701471,100,1,0,0,1,0,1,0,0,1,0
O=C(NCCN[C@H]1Sc2ccccc2N1)c1ccc2[nH]cnc2c1,,C64079723,33.922657,1,0,0,1,0,0,0,1,0,0
O=C(N)Nc1cc(C(=O)NC[C@@H]2CCN(C)c3ccccc23)ccc1,,C58244641,100,1,0,0,1,0,0,0,1,1,0
[S-]/C(=[NH+]/N=C\1/[C@@]2([N+]([O-])=C(c3sccc3)C(C)(C)N2O)CCCCC/1)/N,,C08579810,98.970238,1,0,0,0,0,1,0,0,0,0
O=C(NCc1cscc1)Nc1c(N2CCCCC2)ccc(C(=O)N)c1,,C65797951,100,1,0,0,1,0,1,0,1,1,0
Fc1ccc(N2C[C@H](CNC(=O)NCc3cc(C(=O)N)ccc3)CC2)cc1,,C66344124,100,1,0,0,1,0,0,0,1,0,0
Fc1ccc([C@@H](NNC(=O)c2ccc(-n3c(C)ccc3C)cc2)C(=O)N)cc1,,C66938996,99.964714,1,0,0,0,0,0,0,1,0,0
O[C@]1(CNC(=O)Nc2cc(C(=O)NC)ccc2)CCCc2ccccc12,,C66951888,100,1,0,0,1,0,0,0,0,1,0
O[C@@]1(CNC(=O)NCCCc2c(C)[nH]nc2)CCCc2ccccc12,,C66975701,69.744743,1,0,0,1,0,1,0,1,1,0
O[C@@]1(CNC(=O)NCc2cc(C(=O)NC)ccc2)CCCc2ccccc12,,C66977025,100,1,0,0,1,0,1,0,0,1,0
O(C)C(=O)c1ccc([C@@H]2C(C#N)=C(N)OC=3CC(C)(C)CC(=O)C2=3)cc1,,C00806456,98.600357,1,0,0,0,0,0,0,0,1,0
Clc1cc(N2C(=O)C=3[C@H](c4ccc(O)cc4)NC(=O)N(C)C=3C2)ccc1,,C01422343,98.229317,1,0,0,0,0,0,0,0,0,0
O=C(Nc1cc(C)ccc1)CN1C(=O)[C@]2(NC1=O)CCCc1ccccc21,,C03600622,99.999573,1,0,0,0,0,0,0,0,1,0
O=C(Nc1c(C)cccc1)CN1C(=O)[C@]2(NC1=O)CCCc1ccccc21,,C03600659,99.999573,1,0,0,0,0,1,0,0,0,0
O(C(C)C)c1c([C@H]2C(C#N)=C(N)OC=3c4ccccc4OC(=O)C2=3)cccc1,,C00663570,100,1,0,0,0,0,0,0,1,0,0
Clc1cc(NC(=O)CN2C(=O)C3(NC2=O)CCCCC3)c(F)cc1,,C05291610,99.999779,1,0,0,0,0,0,0,0,1,0
S(=O)(=O)(NC(=O)Nc1sc2ccccc2n1)c1ccc(C)cc1,,C00337642,96.797791,1,0,0,0,0,0,0,0,1,0
Fc1c(NC(=O)N2CCN(C(=O)Nc3c(F)cccc3)CC2)cccc1,,C06926961,100,1,0,0,0,0,0,0,0,0,0
O=C([C@H](Nc1ccc2nc(C)sc2c1)C)N1CC(=O)Nc2ccccc12,,C09338682,99.995575,1,0,0,1,0,0,0,1,1,0
Clc1cc([C@@H]2Nc3nonc3NC=3CC(C)(C)CC(=O)C2=3)ccc1,,C12323378,99.989632,1,0,0,0,0,0,0,0,1,0
O=C(NCCC)N1[C@H](c2occc2)C=2C(=O)CCCC=2Nc2ccccc12,,C09264210,99.999878,1,0,0,0,0,0,0,0,0,0
Oc1c(OC)cccc1[C@H]1Nc2c(C)c([N+](=O)[O-])ccc2[C@@H]2[C@@H]1CC=C2,,C14459630,95.356873,1,0,0,0,0,1,0,0,1,0
Fc1ccc([N+](=O)[O-])c2[C@@H]3[C@H]([C@@H](c4c(O)c(OC)ccc4)Nc12)CC=C3,,C14459670,95.302444,1,0,0,0,0,0,0,0,1,0
FC(F)(F)C1(C(F)(F)F)NC(=O)N2Nc3nc(C)cc(C)c3C2=N1,,C02601124,32.427288,1,0,0,0,0,0,0,0,0,0
S(=O)(=O)(C)N1CCCc2ccc(NC(=O)Nc3cc(C)ccc3)cc12,,C22503376,100,1,0,0,0,0,0,0,0,1,0
OC=1OC2=CC(=[NH+]C(=O)CC3(C(=O)[O-])CCCCC3)C=CC2=C(C)C=1,,C24150464,99.260483,1,0,0,0,0,0,0,1,1,0
Fc1ccc(C=2NC(=O)C=3CN(C(=O)Nc4c(C)cccc4)CCC=3N=2)cc1,,C35417552,98.379753,1,0,0,0,0,0,0,0,0,0
O=C(Nc1c(C)cc(C)cc1)[C@H]1[C@H](C)Nc2n([C@@H]1c1ccccc1)ncn2,,C36701514,98.725662,1,0,0,0,0,0,0,0,0,0
Fc1c([C@@H]2[C@@H](C(=O)Nc3c(C)cc(C)cc3)[C@@H](C)Nc3n2ncn3)cccc1,,C36701641,98.564651,1,0,0,0,0,0,0,0,1,0
S(=O)(=O)(C)N1CCCc2ccc(NC(=O)Nc3c(F)cccc3)cc12,,C38692963,100,1,0,0,0,0,0,0,0,0,0
Fc1cc(C=2S[C@@H]3NN[C@H]([C@@H]4N=NC(c5ccccc5)=C4)N3N=2)ccc1,,C38742906,99.887909,1,0,0,1,0,0,0,0,0,0
O=C(NC=1[C@H](C)N=NC=1C)C=1S[C@H]2N(c3ccccc3)NC(C)=C2C=1,,C38904313,96.331306,1,0,0,0,0,0,0,0,0,0
Clc1c(Cl)cccc1/C=N/N1[C@@H](S)NN[C@H]1[C@H]1N=NC(C)=C1,,C38979399,42.779575,1,0,0,0,0,0,0,0,1,0
Oc1cc([C@@H]2[C@@H]3C(=O)N(c4ccccc4)N=C3NC=3CCCC(=O)C2=3)ccc1,,C18195849,96.957466,1,0,0,0,0,0,0,0,0,0
O=C(N[C@@H]1[C@H](C)[C@H](C)CCC1)CN1C(=O)[C@]2(NC1=O)C[C@H](C)CC(C)(C)C2,,C36705457,99.999779,1,0,0,0,0,0,0,0,0,0
O=C(Nc1scc(C(C)(C)C)n1)[C@]1(C)C(=O)Nc2cc(C)ccc2O1,,C41547705,99.995384,1,0,0,0,0,0,0,1,1,0
Clc1cc(NC(=O)N[C@H]2[C@@H](N3C(=O)SCC3=O)CCCC2)ccc1,,C44449995,100,1,0,0,0,0,0,0,0,1,0
Clc1cc(NC(=O)N[C@H]2[C@H](N3C(=O)SCC3=O)CCCC2)ccc1,,C44449997,100,1,0,0,0,0,0,0,0,0,0
O=C(NC[C@H]1Oc2ccccc2C1)N1C[C@H](c2[nH]c3ccccc3n2)CCC1,,C46875082,85.394218,1,0,0,1,0,1,0,0,1,0
Fc1c(NC(=O)N2C[C@@H](C(=O)Nc3c(C)cccn3)CCC2)ccc(C)c1,,C47337786,98.637428,1,0,0,1,0,0,0,0,0,0
Fc1c([C@H]2C(C(=O)Nc3c(C)cc(C)cc3)=C(C)Nc3n2ncn3)cccc1,,C02918090,74.300148,1,0,0,0,0,1,0,1,0,0
O=C(Nc1c(C)cccc1)C=1[C@H](c2ccc(C)cc2)n2ncnc2NC=1C,,C04723437,78.946503,1,0,0,0,0,1,0,1,0,0
BrC=1S/C(=N/C(=O)c2c(NC)cnc(C(C)C)n2)/NC=1,,C50769712,52.169884,1,0,0,1,0,0,0,1,0,0
O=C(/C=C/1\C(=O)Nc2n(-c3ccccc3)nc(C)c2N\1)c1c(C)cc(C)cc1,,C13207742,79.502342,1,0,0,0,0,0,0,0,0,0
O=C(N[C@H]1CCc2ccccc12)N1CCC(C(=O)Nc2ncccc2)CC1,,C56384192,98.800392,1,0,0,0,0,0,0,0,0,0
O=C(N[C@@H]1CCc2ccccc12)N1CCC(C(=O)Nc2ncc(C)cc2)CC1,,C56384202,98.678505,1,0,0,0,0,0,0,0,0,0
O=C(N[C@H]1CCc2ccccc12)N1C[C@H](C(=O)Nc2ncc(C)cc2)CCC1,,C56384206,98.704765,1,0,0,0,0,0,0,0,1,0
O[C@@H]1CN(C(=O)Nc2c(C)cc(Oc3ccc(C#N)cc3)cc2)CCC1,,C56800251,100,1,0,0,0,0,1,0,0,0,0
O=C(Nc1c(OCC)ccc(C#N)c1)N1CCc2[nH]c3ccccc3c2C1,,C56802153,100,1,0,0,0,0,0,0,1,1,0
S(CC=1NC(=O)c2ccccc2N=1)C=1NC(=O)C=2CCCCC=2N=1,,C41628565,78.740273,1,0,0,1,0,0,0,1,0,0
O=C(NNC(=O)c1ccc(C)cc1)N1CCN(c2c(C)c(C)ccc2)CC1,,C17447040,100,1,0,0,1,0,0,0,0,1,0
Clc1c(NC(=O)C=2[C@@H](c3sccc3)N3NC=NC3=NC=2C)cccc1,,C08610103,75.686127,1,0,0,0,0,0,0,0,0,0
Clc1c(-n2ncc3[C@]4(C(=O)Nc5c(C)cccc45)CC(O)=Nc23)cccc1,,C20745834,99.640686,1,0,0,0,0,0,0,0,0,0
OC1=Nc2n(C(C)(C)C)ncc2[C@]2(C(=O)Nc3ccc(C(C)C)cc23)C1,,C32072467,99.036049,1,0,0,0,0,0,0,0,0,0
Oc1ccc([C@@H]2[C@H]3C(=O)N(c4ccccc4)N=C3NC=3CCCC(=O)C2=3)cc1,,C12348787,97.276482,1,0,0,0,0,0,0,1,0,0
O=C(Nc1ccccc1)C=1[C@H](c2sccc2)N2NC=C(C#N)C2=NC=1C,,C09484531,99.968628,1,0,0,0,0,0,0,0,0,0
O=C(Nc1c(C)c(C)ccc1)CN1C(=O)[C@@]2(NC1=O)CCc1ccccc1C2,,C66057811,99.999718,1,0,0,0,0,1,0,0,1,0
O=C(NCC1(C)CCCC1)N1CCC(N2C(=O)Nc3ccccc23)CC1,,C66705075,99.999458,1,0,0,1,0,0,0,0,1,0
O=C(NC(=O)CN1[C@@H](C)c2n(CC1)ccc2)NC12CC3CC(C1)CC(C2)C3,,C15416844,96.773743,1,0,0,1,0,0,0,0,1,0
O=C(N1C[C@H](c2[nH]c3cc(C)ccc3n2)CCC1)c1n[nH]c(C(C)C)c1,,C67158516,42.309486,1,0,0,1,0,1,0,1,1,0
Oc1ccc([C@H]2C(C(=O)Nc3c(C)cc(C)cc3)=C(C)NC(=O)N2)cc1,,C00909718,98.229286,1,0,0,1,0,1,0,1,1,0
S(C1CCCC1)C=1NC(=O)C(NC(=O)c2ccc(F)cc2)=C(N)N=1,,C05078407,70.336594,1,0,0,0,0,0,0,1,0,0
Brc1oc(C(=O)NC=2C(=O)NC(SC3CCCC3)=NC=2N)cc1,,C05082412,70.816948,1,0,0,0,0,0,0,0,0,0
O[C@H](C)[C@@]1(O)CCc2c(O)c3C(=O)c4c(OC)cccc4C(=O)c3c(O)c2C1,,C05395989,34.17556,1,0,0,0,0,0,0,0,0,0
S(C1CCCC1)C=1NC(=O)C(NC(=O)c2ccc(C)cc2)=C(N)N=1,,C05081711,70.31221,1,0,0,0,0,0,0,1,0,0
Oc1c(C(=O)n2nc(C)c3[C@H](c4ccc(O)cc4)SC(N)=Nc23)cccc1,,C06483948,51.56575,1,0,0,0,0,0,0,0,0,0
S([C@@H](C(=O)NCc1ccccc1)c1ccccc1)C=1NC(=O)C=C(N)N=1,,C10861762,66.849533,1,0,0,1,0,0,0,1,1,0
O=C(Nc1sc2cc(C)ccc2n1)c1c(N)c2C(C)=CC(=O)Nc2s1,,C12083768,97.360298,1,0,0,0,0,0,0,1,0,0
O=C(Nc1ccc2[nH]ccc2c1)CNC(=O)N1CCc2c3ccccc3[nH]c2C1,,C12296336,100,1,1,0,1,0,1,0,1,1,0
O=C(Nc1c(C(=O)N)nc(Nc2ccccc2)s1)CC1CCCCC1,,C12376751,100,1,0,0,1,0,0,0,1,1,0
S(=O)(=O)(c1cc(C(F)(F)F)ccc1)c1ccc2nc(N)nc(N)c2c1,,C06184632,69.70903,1,1,0,0,1,0,1,1,1,0
S(CC(=O)c1c(n(C)c2ccccc12)-c1ccccc1)c1nc(N)cc(N)n1,,C06533206,66.463776,1,0,0,0,0,1,0,1,0,0
S([C@H](C(=O)N1CCCCC1)c1ccccc1)c1nc(N)cc(N)n1,,C05278297,63.326565,1,0,0,1,0,0,0,1,0,0
O=C1[C@@]2(N=C(N)NC(Nc3ccccc3)=N2)c2cc(C)cc3[C@H](C)CC(C)(C)N1c23,,C19320016,46.385139,1,0,0,0,0,0,0,0,0,0
FC(F)(F)c1cc(NC=2NC(N)=N[C@@]3(C(=O)N(CC)c4ccccc34)N=2)ccc1,,C19332697,40.13327,1,0,0,0,0,0,0,0,0,0
O[C@H]1[C@H](O)[C@@H](O)CO[C@@H]1Nc1c(/N=N/c2cc(C)c(C)cc2)cc(C)c(C)c1,,C20394483,98.371208,1,0,0,0,0,0,0,0,1,0
O=C([O-])c1cc(NC(=O)c2c(N)c3cc4CCCCc4[nH+]c3s2)ccc1,,C22079210,98.072639,1,0,0,0,0,0,0,0,0,0
FC(F)(F)C(=O)[C@H]1[C@@H](c2ccc(O)cc2)NC(=O)N[C@]1(O)c1ccc(C)cc1,,C27753953,98.02932,1,0,0,0,0,0,0,0,1,0
S=C(N)N/N=C(/[C@H](C#N)c1ccccc1)\C(=O)Nc1c(C)cccc1,,C17195633,100,1,0,0,1,0,1,0,0,0,0
O=C(N[C@@H](C)CC)Nc1c(N)n(-c2ccccc2)nc1-c1ccccc1,,C35868089,99.03376,1,0,0,1,0,0,0,1,0,0
O[C@H]1N(c2ccc(C)cc2)C(=O)NC(=O)[C@@H]1[C@H]1NCCc2c3ccccc3[nH]c12,,C38555966,62.815498,1,0,0,0,0,0,0,0,0,0
Clc1ccc([C@@H]2C(C#N)=C([NH3+])Nc3nc(N4CCCCC4)nc([O-])c23)cc1,,C30874435,57.201332,1,0,0,0,0,0,0,0,0,0
Clc1ccc(C=2N=N[C@H]([C@@H]3N(N)[C@@H](SCC(C)=C)NN3)C=2)cc1,,C38985177,42.314125,1,0,0,1,0,1,0,0,1,0
O[C@H]1N(c2cc(C)c(C)cc2)C(=O)[C@@H]([C@H]2NCCc3c4ccccc4[nH]c23)C(O)=N1,,C39006608,56.786861,1,0,0,0,0,0,0,0,0,0
O=C(NN1SNSNSN[C@@H]2C=CC=C2S1)c1sccc1,,C39073097,50.817921,1,0,0,0,0,0,0,0,0,0
S(=O)(=O)(/N=C/1\Sc2c(C)c(O)c(C)c(C)c2N\1)c1ccc(C(=O)N)cc1,,C39127780,99.371956,1,0,0,0,0,0,0,1,0,0
S=C(N)N/N=C/1\CC(C)(C)Cc2oc(C(=O)N[C@@H](C)CC)c(C)c\12,,C39856076,99.998283,1,0,0,0,0,1,0,0,1,0
Clc1c(S(=O)(=O)N[C@@](C)(CC)/C(/N)=N/O)cc(Cl)s1,,C40377393,93.28656,1,0,0,1,0,1,0,0,1,0
O=C([O-])c1ccc(Nc2c(N)c(N3CCc4ccccc34)nc[nH+]2)cc1,,C40687464,88.978378,1,0,0,1,0,0,0,0,0,0
S=C(N)N/N=C/1\CCCc2oc(C(=O)NCCc3sccc3)c(C)c\12,,C40824697,99.998283,1,0,0,1,0,1,0,0,1,0
S([C@@H](CC)C(=O)Nc1c(C)cc(C)cc1C)C=1NC(=O)C=C(N)N=1,,C41630385,66.146996,1,0,0,1,0,1,0,1,1,0
O=C(NNC(=O)Cc1ccc2ccccc2c1)NCCc1c[nH]c2ccccc12,,C42956144,100,1,0,0,1,0,1,0,1,1,0
Brc1cc(C(=O)NNC(=O)N[C@@H]2[C@H](C)[C@@H](C)CCC2)[nH]c1,,C43043375,100,1,0,0,0,0,0,0,0,0,0
Brc1c(NC(=O)N[C@H](C)c2cc(S(=O)(=O)N)ccc2)cccc1,,C43132817,99.997665,1,0,0,0,0,1,0,1,1,0
Brc1cc(C(=O)NNC(=O)N[C@H]2[C@H](C(C)C)CC[C@@H](C)C2)[nH]c1,,C45639702,100,1,0,0,0,0,0,0,0,0,0
O=C(NC[C@@H]1CN(c2ccccc2)CC1)Nc1c(CC(=O)N)cccc1,,C45723413,100,1,0,0,1,0,1,0,0,1,0
O=C(NNC(=O)Nc1c(C)cccc1)NCC(C)(C)c1ccccc1,,C46874021,100,1,0,0,0,0,1,0,0,1,0
O=C(N[C@@H](C)c1c(C)c2ccccc2o1)Nc1c(CC(=O)N)cccc1,,C47518175,100,1,0,0,0,0,1,0,0,1,0
O=C(N)COc1cc(C)c(NC(=O)N2[C@@H](C)c3[nH]c4ccccc4c3CC2)cc1,,C56709037,100,1,0,0,1,0,0,0,1,0,0
S(=O)(=O)(N=C(N)N)c1ccc(/N=C/c2ccc(C(C)C)cc2)cc1,,C59460991,99.896866,1,0,0,0,0,0,0,0,0,0
O[C@@H]1[C@H](O)[C@H](Nc2ccc(N=Nc3ccccc3)cc2)O[C@H](C)[C@@H]1O,,C04587533,99.470474,1,0,0,1,0,0,0,0,0,0
O[C@@H]1[C@H](O)[C@H](Nc2ccc(N=Nc3ccccc3)cc2)O[C@H](C)[C@H]1O,,C18033568,99.470474,1,0,0,1,0,0,0,0,0,0
O=C(NNC(=O)c1cccc2c1[nH]c1CCCCc21)NCCCCC,,C65128448,100,1,0,0,1,0,1,0,0,0,0
O=C(NNC(=O)c1cccc2c1[nH]c1CCCCc21)NCCC(C)C,,C65134638,100,1,0,0,0,0,1,0,0,0,0
O[C@]1(CNC(=O)N[C@@H](C)c2cc(NC(=O)C)ccc2)CCCc2ccccc12,,C66908654,100,1,0,0,0,0,0,0,0,1,0
O[C@]1(CNC(=O)N[C@H](C)c2ccc(NC(=O)CC)cc2)CCCc2ccccc12,,C66924987,100,1,0,0,0,0,1,0,0,0,0
O=C(Nc1cc(NC(=O)C(=O)NC)ccc1)Nc1cccc2CCCCc12,,C66984951,100,1,0,0,1,0,0,0,0,1,0
Fc1ccc(C(=O)NNC(=O)NC[C@H](O)c2ccc3ccccc3c2)cc1,,C67456077,100,1,0,0,1,0,0,0,1,0,0
O=C(N[C@H](C)c1ccc2NC(=O)Nc2c1)Nc1cnc2ccccc2c1,,C67475376,99.816887,1,1,0,0,0,0,0,1,0,0
Fc1cc([C@@H]2[C@@H](NC(=O)Nc3c(N4CCCCC4)ccc(C(=O)N)c3)C2)ccc1,,C67528834,100,1,0,0,0,0,1,0,0,0,0
S=C(NC(=O)c1c(F)cccc1)Nc1c(C(=O)N)c2CCCCCCc2s1,,C02316281,100,1,0,0,0,0,1,0,0,0,0
S=C(NC(=O)c1ccc(F)cc1)Nc1c(C(=O)N)c2CCCCCCc2s1,,C02316376,100,1,0,0,0,0,0,0,0,0,0
S(C)c1nc(N)nc2sc(C(=O)C34CC5CC(C3)CC(C4)C5)c(N)c12,,C04380520,99.532494,1,0,0,0,0,0,0,1,0,0
O=C(N)c1c(N)c2c(-c3occc3)c3CCCCCc3nc2s1,,C02925639,96.202034,1,0,0,1,0,1,0,1,0,0
S=C(NC(=O)c1sccc1)Nc1c(C(=O)N)c2CC[C@H](C)Cc2s1,,C02316374,100,1,0,0,1,0,1,0,0,1,0
OC(C(=O)N/N=C(\C)/c1cc(N)ccc1)(c1ccccc1)c1ccccc1,,C05249857,99.999741,1,0,0,0,0,0,0,0,0,0
Fc1cc(NC(=O)c2c(N)c3C(C)=CC(=O)Nc3s2)ccc1,,C12083674,97.457947,1,0,0,0,0,0,0,1,0,0
Fc1c(CNC(=O)C[C@@H](NC(=O)N)c2sccc2)cccc1,,C14349162,100,1,0,0,1,0,1,0,0,1,0
O=C(Nc1c(-c2nc(N)sc2)cccc1)Nc1ccccc1,,C20341309,100,1,0,0,1,0,0,0,1,0,0
Brc1cc([C@@H](NC(=O)N)CC(=O)Nc2cc(C)ccc2)ccc1,,C23680531,100,1,0,0,1,0,0,0,1,1,0
Brc1cc([C@@H](NC(=O)N)CC(=O)Nc2cc(C)cc(C)c2)ccc1,,C23708819,100,1,0,0,1,0,0,0,1,1,0
Fc1c([C@H](NC(=O)CNc2c(C(=O)N)cccc2)C)ccc(F)c1,,C24225421,99.989624,1,0,0,0,0,0,0,1,0,0
O=C(N)[C@H](NNC(=O)c1sc2CCCCCCc2c1)c1ccccc1,,C26221867,99.879196,1,0,0,1,0,0,0,1,1,0
S(Cc1nc(Cc2ccccc2)sc1)c1nc(N)cc(N)n1,,C31655800,70.554726,1,0,0,1,0,1,0,1,1,0
O=C(Nc1c(C(=O)N)cccc1)[C@@H](Nc1c(C)c(C)ccc1)C,,C32217273,99.998375,1,0,0,1,0,1,0,1,1,0
Clc1c(Nc2c(N)cc3C(=O)NC=Nc3c2)ccc(Cl)c1,,C35383133,75.353043,1,1,0,1,0,1,1,1,1,0
O=C(N)Nc1cc(C(=O)NC23CC4CC(C2)CC(C3)C4)ccc1,,C36724219,100,1,0,0,0,0,0,0,0,1,0
S=C(NC(=O)C(C)(C)C)Nc1c(C(=O)N)c(C)c(C)s1,,C04820439,100,1,0,0,0,0,0,0,0,1,0
S(C)c1ccc(/C=C(\NC(=O)c2ccc(C)cc2)/C(=O)NN)cc1,,C13115410,100,1,0,0,1,0,0,0,0,0,0
Clc1c([C@@H](NC(=O)N)CC(=O)Nc2cccc3CCCCc23)cccc1,,C40159400,100,1,0,0,1,0,0,0,1,1,0
S=C(Nc1ccc(-c2ccc(N)cc2)cc1)N[C@@]1(C)CS(=O)(=O)CC1,,C40167309,100,1,0,0,1,0,0,0,1,0,0
FC(F)(F)c1c(Nc2c(N)c(N[C@H](C)CC)ncn2)cccc1,,C40701880,70.966232,1,0,0,1,0,0,0,1,0,0
Nc1c(NCc2ccc(C)cc2)ncnc1N[C@@H](C)c1ccccc1,,C40760344,46.262592,1,0,0,1,0,0,0,0,0,0
Fc1ccc(CNc2c(N)c(N[C@H](C)c3ccccc3)ncn2)cc1,,C40760568,46.445019,1,0,0,1,0,1,0,0,0,0
Brc1cc(F)c(Nc2c(N)c(NC3CCCC3)ncn2)cc1,,C40797171,69.897964,1,0,0,0,0,0,0,0,0,0
Brc1ccc([C@H](NC(=O)[C@H](NC(=O)N)C(C)C)C)cc1,,C42052223,100,1,0,0,1,0,0,0,0,1,0
O=C(N)N[C@H]([C@@H](C)CC)C(=O)N[C@@H](C)c1ccc2ccccc2c1,,C42162083,100,1,0,0,1,0,0,0,0,1,0
Ic1c(NC(=O)[C@@H](CCC)/C(/N)=N/O)cccc1,,C44861355,97.152168,1,0,0,1,0,1,0,0,1,0
S=C(NNC(=O)N[C@H]1CCSc2ccc(F)cc12)NC1CCCC1,,C45234299,99.999878,1,0,0,0,0,1,0,0,0,0
O=C(N[C@H](C)c1c(C)cccc1)Nc1c(CC(=O)N)cccc1,,C45725603,100,1,0,0,1,0,1,0,1,1,0
Fc1c(/C=C/C(=O)Nc2cc(NC(=O)N)ccc2)c(F)ccc1,,C46573960,100,1,0,0,1,0,1,0,1,1,0
Clc1c(/C=C/2\C(=O)N/C(=N/NC(=S)N)/S\2)ccc(Cl)c1,,C48552409,99.868469,1,0,0,0,0,1,0,1,0,0
Clc1sc([C@H](Nc2c(N)cc(S(=O)(=O)NC)cc2)C)cc1,,C49127903,95.899086,1,0,0,1,0,0,0,1,1,0
Brc1cc([C@@H](NC(=O)c2nc(NN)ccc2)C)ccc1,,C51095193,95.293137,1,0,0,1,0,1,0,0,0,0
S(=O)(=O)(N[C@@H](CC)C1CCCCC1)c1c(NN)cccc1,,C52343984,96.882576,1,0,0,0,0,0,0,0,1,0
S(=O)(=O)(N[C@H](CC)C1CCCCC1)c1c(NN)cccc1,,C52343986,96.882576,1,0,0,0,0,0,0,0,1,0
S(=O)(=O)(N[C@]1(CO)C[C@H](C)CCC1)c1c(C)ccc(N)c1,,C53113233,95.516113,1,0,0,1,0,0,0,0,1,0
S(=O)(=O)(N[C@@]1(CO)C[C@H](C)CCC1)c1c(N)cc(C)cc1,,C53113365,95.802994,1,0,0,1,0,0,0,0,1,0
Fc1c(F)c(F)c(NNC(=O)N[C@@H](C)Cc2ccc(O)cc2)c(F)c1F,,C56762084,96.555702,1,0,0,1,0,1,0,1,0,0
S(CC(=O)N)c1c(NC(=O)N[C@@H]2[C@@H](C)CCCC2)cccc1,,C45696432,100,1,0,0,1,0,0,0,0,1,0
Fc1cc(CCNC(=O)Nc2c(CC(=O)N)cccc2)ccc1,,C45723725,100,1,0,0,1,0,1,0,1,1,0
O=C(N[C@H](C)c1c(C)ccc(C)c1)Nc1c(CC(=O)N)cccc1,,C45723665,100,1,0,0,1,0,1,0,0,1,0
Brc1ccc([C@@H]2C(C(=O)N)=C(N)OC(C)=C2C(=O)C)cc1,,C58949026,99.999825,1,0,0,1,0,0,0,0,1,0
Clc1cc([C@H]2C(C(=O)N)=C(N)OC=3CC(C)(C)CC(=O)C2=3)ccc1,,C58949922,99.999825,1,0,0,0,0,0,0,0,1,0
Brc1ccc2NC(=O)[C@H](Nc3ccc(C(=O)N)cc3)c2c1,,C19911312,99.982361,1,0,0,1,0,0,0,1,1,0
S=C1[C@@H](C(=O)N)C2(C(C(=O)Nc3c(C)cccc3)=C(C)N1)CCCCC2,,C17364093,99.983253,1,0,0,0,0,1,0,0,1,0
Ic1cc(C(=O)[O-])c(NC(=O)[C@H]2C[C@@H]([NH3+])CCC2)cc1,,C62824447,98.935783,1,0,0,1,0,0,0,0,1,0
Fc1cc([C@H]2[C@@H](C(=O)Nc3ccc(NC(=O)N)cc3)C2)ccc1,,C67142748,100,1,0,0,0,0,0,0,1,1,0
FC(F)(F)c1cc(C(NC(=O)NCCC(=O)N)(C)C)ccc1,,C67389021,100,1,0,0,1,0,1,0,0,1,0
FC(F)(F)c1c([C@@H](NC(=O)[C@H](NC(=O)N)C(C)C)C)cccc1,,C67473608,100,1,0,0,0,0,0,0,0,0,0
Fc1ccc(-c2n(c(CCC(=O)[O-])cc2)-c2ccc(C(=O)N)cc2)cc1,,C02884492,99.140709,1,0,0,1,0,1,0,1,0,0
S=C(N/N=C\c1c(C(=O)[O-])cccc1)Nc1ccc(F)cc1,,C04887616,99.140198,1,0,0,0,0,0,0,0,0,0
O=C([O-])[C@@H]1[C@H](C(=O)NNC(=O)c2c(C)cccc2)CC(C)=C(C)C1,,C02797166,99.374695,1,0,0,0,0,0,0,0,1,0
O=C([O-])[C@@H]1[C@@H](C(=O)Nc2c(Nc3ccccc3)cccc2)CC=CC1,,C05800114,99.361725,1,0,0,0,0,0,0,0,0,0
S=C(NC(=O)c1cc(F)ccc1)Nc1c(C(=O)[O-])cccc1,,C05927278,99.168953,1,0,0,0,0,0,0,0,0,0
O[C@@H]1[C@]2(C)[C@@H]([C@H](C)CCC(=O)[O-])CC[C@H]2[C@@H]2C(=O)C[C@H]3[C@](C)(CC[C@@H](O)C3)[C@H]2C1,,C06036234,98.937805,1,0,0,0,0,0,0,0,1,0
O=C([O-])[C@@H]1[C@@H](C(=O)NNC(=O)c2csc3C[C@H](C)CCc23)[C@@H]2CC[C@H]1C2,,C08241280,99.340691,1,0,0,0,0,0,0,0,0,0
Oc1cccc2c(NC(=O)C[C@](C)(C(=O)[O-])c3ccccc3)cccc12,,C13469914,90.656891,1,1,0,1,0,0,0,1,0,0
O=C([O-])[C@H]1[C@@H](c2c(NCc3ccccc3)cccc2)NN=C1c1ccccc1,,C16789780,75.852554,1,0,0,0,0,0,0,0,0,0
O=C([O-])[C@H]1[C@H](C(=O)NNC(=O)c2c(C)c(C)sc2)[C@H]2C(=C(C)C)[C@@H]1CC2,,C17076996,99.405533,1,0,0,0,0,0,0,0,0,0
O=C(NCCCc1ccccc1)C=1C(=O)NC=2CCCCC=2C=1[O-],,C09043596,99.698311,1,0,0,0,0,1,0,0,0,0
O=C(NC12CC3CC(C1)CC(C2)C3)C=1C(=O)NC=2CCCCC=2C=1[O-],,C17123835,99.698479,1,0,0,0,0,0,0,0,0,0
Fc1ccc(NC(=O)NC=2C(=O)Oc3ccccc3C=2[O-])cc1,,C20853468,95.593925,1,0,0,0,0,0,0,0,0,0
Brc1cc(C)c(NS(=O)(=O)c2cc(C(=O)[O-])[nH]c2)c(C)c1,,C21504281,97.069901,1,0,0,0,0,0,0,0,1,0
O=C(Nc1ccc(C)cc1)/C(/[O-])=C/C(=O)C1=C(C)Nc2ccccc2S1,,C01614102,99.975021,1,0,0,0,0,0,0,0,0,0
Brc1cc(NC(=O)NC2CCCCC2)c(C(=O)[O-])cc1,,C37742516,99.020821,1,0,0,0,0,0,0,0,0,0
O=C([O-])[C@H]1[C@@H](C(=O)NNC(=O)c2ccc(C(C)C)cc2)CC=CC1,,C00373087,99.370644,1,0,0,0,0,0,0,0,0,0
O=C(Nc1c(C(=O)[O-])[nH]c2ccc(C)cc12)[C@H]1[C@@H](c2ccccc2)C1,,C04871921,99.174545,1,0,0,0,0,0,0,0,0,0
Clc1c(NNC(=O)[C@H]2[C@@H](C(=O)[O-])CC=CC2)c(Cl)cc(Cl)c1,,C02578133,99.084694,1,0,0,0,0,0,0,0,1,0
O=C([O-])COc1ccc([C@H]2NC[C@H](c3ccccc3)c3c4ccccc4[nH]c23)cc1,,C13361345,94.13134,1,0,0,0,0,0,0,0,1,0
Brc1c(NC(=O)N[C@@H](C)CC(=O)[O-])ccc(C)c1,,C40533683,99.344315,1,0,0,0,0,0,0,0,1,0
Ic1c(NC(=O)NCc2cc(C(=O)[O-])ccc2)cccc1,,C40546150,99.27774,1,0,0,0,0,0,0,1,1,0
Brc1cc(NC(=O)Nc2c(C(=O)[O-])cccc2)c(C)cc1,,C40591586,99.113754,1,0,0,0,0,0,0,0,1,0
O[C@@H]1[C@@]2(C)[C@H]([C@@H](C)CCC(=O)[O-])CC[C@H]2[C@H]2[C@H](O)C[C@H]3[C@@](C)(CCC(=O)C3)[C@@H]2C1,,C44021179,98.937126,1,0,0,0,0,0,0,0,1,0
Fc1c(NC(=O)N/C=C(\[O-])/N2CCc3ccccc23)ccc(F)c1,,C44153979,99.960373,1,0,0,1,0,0,0,0,0,0
Brc1cc(NC(=O)NC(C)(C)CCC(=O)[O-])c(C)cc1,,C50196857,99.070274,1,0,0,0,0,0,0,0,1,0
Brc1cc(C(=O)[O-])c(NC(=O)NC2CCCC2)cc1,,C50208697,99.207222,1,0,0,0,0,0,0,0,0,0
Brc1cc(C(=O)[O-])c(NC(=O)N[C@@H](C)C2CC2)cc1,,C50208798,99.207199,1,0,0,0,0,0,0,0,1,0
Brc1c(CCCCC(=O)[O-])cc2NC(=O)Nc2c1,,C52094725,98.93335,1,0,0,0,1,0,0,0,0,0
Brc1c(S(=O)(=O)NC2(CO)CCCCC2)cc(C(=O)[O-])s1,,C53117587,95.373741,1,0,0,0,0,0,0,0,1,0
Brc1ccc([C@@H](NC(=O)NC[C@H](C)C(=O)[O-])C)cc1,,C54336618,99.279472,1,0,0,0,0,0,0,0,1,0
O=C/1N(c2ccccc2)C(N)=C(C#N)[C@@H](C2CCCCC2)\C\1=C(/[O-])\C,,C55174685,88.764778,1,0,0,0,0,0,0,0,0,0
S(=O)(=O)([N-]c1c(C)c(S(=O)(=O)N)ccc1)/C=C/c1ccc(C)cc1,,C55650570,95.244644,1,0,0,0,0,0,0,0,0,0
S=C1NC([O-])=C2[C@@H](c3ccc(N(CC)CC)cc3)C=3C(=O)CCCC=3NC2=N1,,C57364364,99.844246,1,0,0,0,0,0,0,1,0,0
Brc1cc(NC(=O)Nc2cc(F)ccc2)c(C(=O)[O-])cc1,,C38076332,99.052155,1,0,0,0,0,0,0,0,0,0
S(CC(=O)Nc1c(C(F)(F)F)cc(F)cc1)C=1NC(=O)C=C([O-])N=1,,C59941845,81.190521,1,0,0,1,0,0,0,1,0,0
Fc1c(F)cc(C(=O)[O-])c(NC(=O)Nc2scc(C)n2)c1,,C61564682,99.471489,1,0,0,0,0,0,0,0,1,0
Fc1c(F)cc(C(=O)[O-])c(NC(=O)NCc2sccc2)c1,,C61564686,99.446068,1,0,0,0,0,0,0,0,1,0
Fc1c(F)ccc(NC(=O)C[C@@H]2C(=O)Nc3ccc(C(=O)[O-])cc3S2)c1,,C61718848,98.715836,1,0,0,1,0,1,0,0,1,0
O=C(/C(/C#N)=C(\[O-])/C=1C(=O)NC(C)=CC=1)c1c(C)[nH]c2ccccc12,,C62675145,91.424858,1,0,0,0,0,0,0,1,0,0
Ic1cc(C(=O)[O-])c(NC(=O)N2[C@H](CO)CCC2)cc1,,C62824776,99.165886,1,0,0,1,0,0,0,0,1,0
Brc1c(NC(=O)NCC(C)C)c(C(=O)[O-])cc(Br)c1,,C62825478,99.298119,1,0,0,0,0,0,0,0,1,0
Brc1c(NC(=O)NC(C2CC2)C2CC2)c(C(=O)[O-])ccc1,,C62827278,99.190872,1,0,0,0,0,0,0,0,1,0
Brc1c(NC(=O)NC[C@@H]2CCC=CC2)c(C(=O)[O-])ccc1,,C62827352,99.190819,1,0,0,0,0,0,0,0,1,0
O=C(N[C@@H](CCC)c1sccc1)Nc1c(C(=O)[O-])ccs1,,C62828654,95.778137,1,0,0,0,0,0,0,0,1,0
Clc1sc(C(=O)N(CCC(=O)[O-])c2c(N)cccc2)cc1,,C62834991,99.398712,1,0,0,1,0,0,0,0,1,0
O=C([O-])C[C@H]1[C@@H](c2ccccc2)N[C@@H](NC=2[C@@H](C)N=NC=2C)S1,,C63428266,49.76865,1,0,0,0,0,0,0,0,1,0
O[C@H]1C(C(=O)/N=C\2/Sc3ccccc3N/2)=C([O-])N(CC)c2ccccc12,,C64196971,68.437035,1,0,0,0,0,0,0,0,0,0
O=C(/C(/C#N)=C(\[O-])/c1c(C)c2C(=O)CCCc2[nH]1)c1c(C)[nH]c2ccccc12,,C66004760,96.183716,1,0,0,0,0,0,0,0,0,0
Brc1ccc(/C=C/S(=O)(=O)[N-]c2cc(C(=O)N)c(F)cc2)cc1,,C66579812,96.138359,1,0,0,0,0,0,0,1,1,0
Ic1c(C(=O)NCC(=O)N/N=C/C=2C(=O)Nc3ccccc3C=2)cccc1,,C02542616,99.997879,1,0,0,1,0,0,0,0,1,0
Clc1ccc(S(=O)(=O)N[C@]2(C(F)(F)F)C(=O)NC=3N(c4ccc(Cl)cc4)C(=O)NC(=O)C2=3)cc1,,C01854197,54.372269,1,0,0,0,0,0,0,1,0,0
Clc1cc(C(=O)N[C@]2(C(F)(F)F)C(=O)NC=3N(c4ccc(Cl)cc4)C(=O)NC(=O)C2=3)ccc1,,C03641286,99.989647,1,0,0,0,0,0,0,0,0,0
Fc1cc([C@@H]2C(C#N)=C(N)N3C(=O)[C@@H](CC(OC)=O)SC3=C2C(=O)Nc2c(C)cc(C)cc2)ccc1,,C03770423,100,1,0,0,0,0,0,0,0,1,0
O(CC(=O)NC(=O)N[C@@H]1[C@H](C)CCCC1)C(=O)CCC=1NC(=O)c2c(sc3CCCCc23)N=1,,C08890302,95.575546,1,0,0,0,0,0,0,0,0,0
O(CC(=O)NC(=O)N[C@H]1[C@@H](C)CCCC1)C(=O)CCC=1NC(=O)c2c(sc3CCCCc23)N=1,,C08890310,95.575546,1,0,0,0,0,0,0,0,0,0
O=C(Nc1c(C(=O)NCc2occc2)cccc1)CN1C(=O)[C@@]2(NC1=O)CCCc1ccccc21,,C09577203,99.999573,1,0,0,0,0,1,0,0,1,0
S(=O)(=O)(N[C@@H](C(=O)N[C@H]1CCCc2ccccc12)c1ccccc1)c1ccc2NC(=O)CCc2c1,,C09610603,83.395386,1,0,0,0,0,0,0,0,0,0
Brc1c(OCC(=O)C2=C(N)N(CC(C)C)C(=O)NC2=O)ccc(Br)c1,,C09653640,99.998779,1,0,0,1,0,1,0,1,1,0
S(=O)(=O)(Nc1cc(C(=O)NN2C(=O)C3(NC2=O)CCCCC3)ccc1)c1cc(F)c(C)cc1,,C09724818,94.896461,1,0,0,0,0,0,0,0,0,0
S(C(C)C)c1sc(N2C(N)=C(C#N)[C@@]3(C(=O)Nc4ccc(C)cc34)C=3C(=O)CC(C)(C)CC2=3)nn1,,C12462559,99.917763,1,0,0,0,0,0,0,0,0,0
Brc1c(OCC(=O)NNC(=S)NC(=O)c2occc2)ccc(Br)c1,,C12502788,100,1,0,0,1,0,0,0,0,0,0
S(CC(=O)Nc1c(C(=O)N)cccc1)C1=NC2=NN(c3ccccc3)C(=O)C2=C2N1CCCCC2,,C13000310,97.890549,1,0,0,0,0,0,0,0,0,0
O[C@@]1(C)[C@H](C(=O)Nc2c(C)cccc2)[C@H]([C@@H](C(=O)Nc2c(C)cccc2)C(=O)C1)c1cn(CC)nc1,,C13960874,99.946205,1,0,0,0,0,0,0,0,0,0
OC[C@@H](NC(=O)[C@@H](NC(=O)[C@H]1C(C)(C)S[C@@H]2N1C(=O)c1ccccc21)c1ccccc1)C(C)C,,C16027395,100,1,0,0,1,0,0,0,0,0,0
S(CC(=O)Nc1c(C(=O)N)c2CCCCc2s1)C=1N(C[C@@H]2OCCC2)C(=O)c2ccccc2N=1,,C16633361,97.388962,1,0,0,1,0,1,0,0,0,0
S(=O)(=O)(Nc1ccc(F)cc1)c1ccc(C(=O)NN2C(=O)[C@](CC)(c3ccccc3)NC2=O)cc1,,C18206629,95.898094,1,0,0,0,0,0,0,0,0,0
Ic1ccc(N2C(=O)/C(=C\NCCc3c[nH]c4ccccc34)/C(=O)NC2=O)cc1,,C02434732,99.998589,1,0,0,0,0,0,0,0,0,0
Clc1ccc(-n2nc(C)c3[C@H](c4cc(OCC)c(OCC(=O)N)cc4)SCC(=O)Nc23)cc1,,C20892952,99.02285,1,0,0,0,0,1,0,0,0,0
BrC1=CN2C(=O)C=C(COC(=O)C[C@@H](NC(=O)N)c3ccc(Cl)cc3)N=C2C=C1,,C20977099,93.336342,1,0,0,1,0,1,0,0,1,0
Fc1ccc([C@@]2(C)C(=O)N(CC(=O)NNC(=O)c3c(C)nc(-c4ccccc4)s3)C(=O)N2)cc1,,C22873365,99.999565,1,0,0,0,0,0,0,0,0,0
Fc1ccc([C@]2(C)C(=O)N(CC(=O)NNC(=O)c3c(C)nc(-c4ccccc4)s3)C(=O)N2)cc1,,C22873370,99.999565,1,0,0,0,0,0,0,0,0,0
Brc1cc(C(=O)NCC(=O)NN2C(=O)[C@](C)(CCc3ccccc3)NC2=O)ccc1,,C23948694,99.703163,1,0,0,1,0,0,0,0,1,0
S(=O)(=O)(N1CCC(C(=O)NNC(=O)Cc2c[nH]c3ccccc23)CC1)c1ccc2CCCc2c1,,C24454860,100,1,0,0,0,0,0,0,0,0,0
Fc1c(-n2nc(C(=O)NN3C(=O)[C@H](Cc4c[nH]c5ccccc45)NC3=O)c3CCCc23)cccc1,,C33230822,99.463974,1,0,0,0,0,0,0,0,0,0
Clc1c(Cl)cc(Cl)cc1[C@@H]1[NH2+][C@@]([C@H](O)C)(C(=O)[O-])[C@H]2C(=O)N(C3CCCCC3)C(=O)[C@H]12,,C34255997,91.366783,1,0,0,0,0,0,0,0,0,0
Brc1cc(/C=C/2\C(=O)N(CCC(=O)NNC(=O)c3ccc(O)cc3)C(=S)S\2)ccc1,,C35624651,84.013832,1,0,0,0,0,0,0,0,0,0
O=C(CNC(=O)[C@H]1C(c2ccccc2)(c2ccccc2)C1)N1C[C@]2(CCC)NC(=O)NC(=O)[C@H]2C1,,C39302602,100,1,0,0,0,0,0,0,0,1,0
Brc1cc(CN2C(=O)[C@@]3(C(C#N)=C(N)Nc4oc(CC)nc34)c3ccccc23)ccc1,,C39323847,100,1,0,0,0,0,0,0,0,0,0
S(CC(=O)N1CCCc2ccccc12)C=1N([C@H](CC=2NC(=O)NC(=O)C=2)NN=1)c1ccccc1,,C39361511,99.850861,1,0,0,0,0,0,0,1,1,0
O=C(Nc1ccccc1)Cn1cc(/C=C/2\C(=O)N(CC(=O)Nc3cc(C)ccc3)C(=O)N\2)c2ccccc12,,C39556245,99.98954,1,0,0,0,0,0,0,1,0,0
FC(F)(F)Oc1ccc(C(=O)N2C[C@H](C(=O)NC3CCC(C(=O)[O-])CC3)C3(C2)CC[NH2+]CC3)cc1,,C39657933,98.834946,1,0,0,0,0,0,0,0,0,0
O=C([O-])C1CCC(CNC(=O)[C@@H]2C3(CN(C(=O)c4ccc5ccccc5c4)C2)CC[NH2+]CC3)CC1,,C39662686,98.776237,1,0,0,1,0,0,0,0,1,0
Clc1cc(OCC(=O)N2C[C@H](C(=O)NCC3CCC(C(=O)[O-])CC3)C3(C2)CC[NH2+]CC3)ccc1,,C39662770,98.772736,1,0,0,1,0,1,0,0,1,0
O=C([O-])C1CCC(CNC(=O)[C@@H]2C3(CN(C(=O)c4csc5ccccc45)C2)CC[NH2+]CC3)CC1,,C39662828,98.776413,1,0,0,1,0,0,0,0,1,0
Clc1c(C(=O)N2C[C@H](C(=O)N[C@H](CC(=O)[O-])c3ccccc3)C3(C2)CC[NH2+]CC3)ccc(Cl)c1,,C39682231,99.270004,1,0,0,1,0,0,0,0,1,0
Clc1cc(Cl)cc(C(=O)N2C[C@@H](C(=O)N[C@@H](CC(=O)[O-])c3ccccc3)C3(C2)CC[NH2+]CC3)c1,,C39682338,99.270119,1,0,0,1,0,0,0,0,1,0
Brc1ccc(NC(=O)C[C@@H]2C(=O)N/C(=N\N=C/3\NC(=S)SCC\3)/S2)cc1,,C39886294,88.955956,1,0,0,0,0,0,0,0,1,0
S(CC1=NC(=O)C2=C(C)[C@H](C(=O)Nc3c(C)cc(C)cc3)SC2=N1)C=1S[C@@H](NC)NN=1,,C39991733,82.528519,1,0,0,0,0,0,0,0,1,0
O=C([O-])[C@@]1(Cc2c[nH]c3ccccc23)[NH2+][C@@H](c2c(C)cccc2)[C@@H]2C(=O)N(C3CCCCC3)C(=O)[C@@H]12,,C43218698,56.188324,1,0,0,0,0,0,0,0,0,0
Oc1ccc(C[C@]2(C(=O)[O-])[NH2+][C@H](c3cccc4ccccc34)[C@@H]3C(=O)N(C4CCCCC4)C(=O)[C@@H]23)cc1,,C33551532,52.653297,1,0,0,1,0,1,0,1,1,0
Oc1c(OC)cccc1[C@H]1[NH2+][C@](CC2CCCCC2)(C(=O)[O-])[C@@H]2C(=O)N(C3CCCCC3)C(=O)[C@@H]12,,C33887992,49.457493,1,0,0,0,0,0,0,0,0,0
O=C([O-])[C@@]1(Cc2c[nH]c3ccccc23)[NH2+][C@H](c2c(C)cccc2)[C@@H]2C(=O)N(c3c(C)cccc3)C(=O)[C@@H]12,,C33392562,51.49194,1,0,0,0,0,1,0,0,0,0
OC[C@@H](NC(=O)[C@@H](NC(=O)[C@H]1C(C)(C)S[C@H]2N1C(=O)c1ccccc21)c1ccccc1)C(C)C,,C43746699,100,1,0,0,1,0,0,0,0,0,0
O[C@@H](C)[C@@]1(C(=O)[O-])[NH2+][C@@H](c2ccc(/C=C/c3ccccc3)cc2)[C@H]2C(=O)N(C3CCCCC3)C(=O)[C@H]12,,C44172617,77.968491,1,0,0,0,0,0,0,0,0,0
S=C1N(c2ccccc2)C(C(=O)NNC(=O)c2c(-c3ccccc3)nn(-c3ccccc3)c2)=CN1,,C45573804,99.994881,1,0,0,1,0,0,0,1,0,0
Clc1c(CN2C(=O)[C@@H]3[C@H]([C@H](O)C)N[C@]4(C(=O)Nc5c(C)cc(Cl)cc45)[C@@H]3C2=O)cccc1,,C16012084,99.799225,1,0,0,1,0,0,0,0,1,0
O=C(Nc1c(C(=O)N)c2CCCc2s1)[C@H](Cc1ccccc1)N1C(=O)[C@@]2(C)C(C)(C)[C@@H](C1=O)CC2,,C54646123,100,1,0,0,0,0,0,0,0,1,0
S(=O)(=O)(Nc1c(C)cccc1)c1ccc(N/C=C/2\C(=O)N(c3ccc(C)cc3)C(=O)NC\2=O)cc1,,C15930144,97.241158,1,0,0,0,0,0,0,0,0,0
O=C(Nc1ccc([C@]2(CC)C(=O)NC(=O)CC2)cc1)CCC=1C(=O)NC(c2cnccc2)=NC=1C,,C60354068,99.005608,1,0,0,0,0,0,0,0,0,0
Fc1c(NC(=O)C(=O)NC[C@H]([NH+]2CCc3ccccc3C2)c2ccc(N(C)C)cc2)cccc1,,C10188469,97.76683,1,0,0,1,0,0,0,0,0,0
FC(F)(F)c1ccc(NC(=O)C(=O)NC[C@@H]([NH+]2CCCC2)c2ccc3N(C)CCc3c2)cc1,,C08964117,99.616714,1,0,0,0,0,0,0,0,0,0
FC(F)(F)c1c(F)cc(C(=O)N2C[C@H](C(=O)NC[C@H](Oc3ccc(F)cc3)C)C3(C2)CC[NH2+]CC3)cc1,,C39595825,99.84375,1,0,0,1,0,1,0,0,1,0
FC(F)(F)c1c(OC)ccc(C(=O)N2C[C@@H](C(=O)N[C@@H](C)c3ccccc3)C3(C2)CC[NH2+]CC3)c1,,C39596912,99.845146,1,0,0,1,0,0,0,0,1,0
O=C(Oc1c(C)c(C(=O)N2C[C@H](C(=O)N[C@@H]3[C@@H](c4ccccc4)C3)C3(C2)CC[NH2+]CC3)ccc1)C,,C39602335,99.845093,1,0,0,1,0,0,0,0,1,0
Brc1c(C(=O)N2C[C@H](C(=O)N[C@@H]3[C@@H](c4ccccc4)C3)C3(C2)CC[NH2+]CC3)n(CC)nc1C,,C39602435,99.843887,1,0,0,0,0,1,0,0,1,0
Brc1c(C(=O)N2C[C@@H](C(=O)N[C@@H]3[C@@H](c4ccccc4)C3)C3(C2)CC[NH2+]CC3)n(CC)nc1C,,C39602438,99.843887,1,0,0,1,0,1,0,0,1,0
O=C(N[C@@H]1[C@@H](c2ccccc2)C1)[C@H]1C2(CN(C(=O)c3oc(-c4ccccc4)cc3)C1)CC[NH2+]CC2,,C39602513,99.842651,1,0,0,1,0,1,0,0,0,0
O=C(NCc1c(C)cc(C)cc1)[C@@H]1C2(CN(C(=O)c3n(C(C)(C)C)nc(C)c3)C1)CC[NH2+]CC2,,C39607174,99.842239,1,0,0,1,0,1,0,0,1,0
Clc1c(F)c(C(=O)N2C[C@H](C(=O)N[C@H]3[C@H](OCc4ccccc4)CCC3)C3(C2)CC[NH2+]CC3)ccc1,,C39609053,99.84317,1,0,0,1,0,0,0,0,1,0
Brc1c(C(=O)N2C[C@@H](C(=O)NC3CCCC3)C3(C2)CC[NH2+]CC3)n(CC)nc1C,,C39632553,99.844299,1,0,0,1,0,1,0,0,1,0
FC(F)(F)Oc1ccc(C(=O)N2C[C@H](C(=O)NCc3ccc(C)cc3)C3(C2)CC[NH2+]CC3)cc1,,C39634272,99.845528,1,0,0,1,0,0,0,0,1,0
Clc1ccc(Oc2c(C(=O)N3C[C@@H](C(=O)NC4CCC4)C4(C3)CC[NH2+]CC4)cccn2)cc1,,C39635348,99.8396,1,0,0,0,0,0,0,0,1,0
FC(F)(F)C(=O)N1[C@H](C(=O)N2C[C@@H](C(=O)N[C@H]3[C@H](C)[C@@H](C)CCC3)C3(C2)CC[NH2+]CC3)CCC1,,C39637148,99.84301,1,0,0,0,0,0,0,0,1,0
O=C(N[C@H]1[C@@H](C)[C@@H](C)CCC1)[C@@H]1C2(CN(C(=O)c3n(C(C)(C)C)nc(C)c3)C1)CC[NH2+]CC2,,C39637421,99.84288,1,0,0,0,0,0,0,0,1,0
FC(F)(F)c1cc(F)cc(C(=O)N2C[C@@H](C(=O)N[C@@H](COC)CC)C3(C2)CC[NH2+]CC3)c1,,C39637960,99.843758,1,0,0,1,0,0,0,0,1,0
O=C(N[C@@H](C)c1ccc(C)cc1)[C@H]1C2(CN(C(=O)c3cnc(Oc4ccccc4)cc3)C1)CC[NH2+]CC2,,C39639393,99.841278,1,0,0,1,0,0,0,0,0,0
Brc1ccc(CCNC(=O)[C@@H]2C3(CN(C(=O)c4n(C)ccc4)C2)CC[NH2+]CC3)cc1,,C39652906,99.846275,1,0,0,1,0,1,0,0,1,0
Brc1ccc(CCNC(=O)[C@H]2C3(CN(C(=O)c4n(C)ccc4)C2)CC[NH2+]CC3)cc1,,C39652907,99.846275,1,0,0,1,0,1,0,0,1,0
FC(F)(F)c1c(OC)ccc(C(=O)N2C[C@@H](C(=O)NCCc3sccc3)C3(C2)CC[NH2+]CC3)c1,,C39657518,99.845482,1,0,0,1,0,1,0,0,1,0
FC(F)(F)c1cc(F)cc(C(=O)N2C[C@H](C(=O)NC[C@H]3OC(C)(C)OC3)C3(C2)CC[NH2+]CC3)c1,,C39659178,99.843353,1,0,0,1,0,0,0,0,1,0
Brc1c(C(=O)N2C[C@H](C(=O)NC3CCCCCCC3)C3(C2)CC[NH2+]CC3)n(CC)nc1C,,C39659889,99.844307,1,0,0,1,0,0,0,0,0,0
Clc1c(F)c(C(=O)N2C[C@@H](C(=O)N[C@@H]3C(=O)SCC3)C3(C2)CC[NH2+]CC3)c(F)cc1,,C39661447,99.839767,1,0,0,1,0,0,0,0,1,0
Brc1ccc(C(=O)N2C[C@@H](C(=O)N[C@H](C#N)c3ccccc3)C3(C2)CC[NH2+]CC3)cc1,,C39662342,99.841431,1,0,0,1,0,0,0,0,0,0
Fc1ccc(-c2oc(C(=O)N3C[C@H](C(=O)N[C@@H](C#N)c4ccccc4)C4(C3)CC[NH2+]CC4)cc2)cc1,,C39662569,99.838318,1,0,0,1,0,0,0,0,0,0
O=C(Oc1c(C)c(C(=O)N2C[C@@H](C(=O)NCc3c(C)c(C)ccc3)C3(C2)CC[NH2+]CC3)ccc1)C,,C39667578,99.844826,1,0,0,1,0,1,0,0,1,0
O=C(NCc1c(C)c(C)ccc1)[C@@H]1C2(CN(C(=O)c3c(Oc4ccccc4)nccc3)C1)CC[NH2+]CC2,,C39667607,99.838867,1,0,0,1,0,1,0,0,0,0
Brc1c(C(=O)N2C[C@@H](C(=O)NCc3c(C)c(C)ccc3)C3(C2)CC[NH2+]CC3)n(CC)nc1C,,C39667621,99.84362,1,0,0,1,0,1,0,0,1,0
FC(F)(F)c1ccc(C(=O)N2C[C@@H](C(=O)NC[C@@H]3OCCc4ccccc34)C3(C2)CC[NH2+]CC3)cc1,,C39668901,99.844475,1,0,0,1,0,1,0,0,0,0
Fc1cc(F)cc(C(=O)N2C[C@H](C(=O)NC[C@@H]3OCCc4ccccc34)C3(C2)CC[NH2+]CC3)c1,,C39668943,99.843491,1,0,0,1,0,0,0,0,1,0
Fc1c(C(=O)N2C[C@H](C(=O)NC[C@@H]3OCCc4ccccc34)C3(C2)CC[NH2+]CC3)c(F)ccc1C,,C39669046,99.841461,1,0,0,1,0,0,0,0,1,0
Fc1ccc(-c2oc(C(=O)N3C[C@H](C(=O)NC[C@@H]4OCCc5ccccc45)C4(C3)CC[NH2+]CC4)cc2)cc1,,C39669187,99.842094,1,0,0,1,0,0,0,0,1,0
Clc1c(F)c(C(=O)N2C[C@@H](C(=O)N[C@@H](C)C=3[C@@H](C)N=NC=3C)C3(C2)CC[NH2+]CC3)c(F)cc1,,C39674586,99.841164,1,0,0,1,0,0,0,0,1,0
O=C(NCc1cn(Cc2ccccc2)nc1)[C@H]1C2(CN(C(=O)c3cc(C)ccc3)C1)CC[NH2+]CC2,,C39675973,99.8078,1,0,0,1,0,0,0,0,0,0
O=C(NCc1sc(-c2ncccc2)cc1)[C@H]1C2(CN(C(=O)[C@@H]3CCC=CC3)C1)CC[NH2+]CC2,,C39677722,97.778534,1,0,0,0,0,1,0,0,1,0
Clc1cc(Cl)cc(C(=O)N2C[C@H](C(=O)NCc3cc(OC(F)F)ccc3)C3(C2)CC[NH2+]CC3)c1,,C39678459,99.844627,1,0,0,1,0,0,0,0,1,0
Clc1c(Cl)cccc1C(=O)N1C[C@H](C(=O)NCCOc2c(F)cccc2)C2(C1)CC[NH2+]CC2,,C39685110,99.843987,1,0,0,1,0,1,0,0,1,0
Fc1c(F)c(C(=O)N2C[C@H](C(=O)NCCOc3c(F)cccc3)C3(C2)CC[NH2+]CC3)ccc1C,,C39685121,99.842407,1,0,0,1,0,1,0,0,1,0
Fc1cc(F)cc(C(=O)N2C[C@@H](C(=O)NC3CCN(C(=O)C(C)C)CC3)C3(C2)CC[NH2+]CC3)c1,,C39685974,99.844055,1,0,0,1,0,0,0,0,1,0
Clc1c(F)c(C(=O)N2C[C@H](C(=O)NC3CCN(C(=O)C(C)C)CC3)C3(C2)CC[NH2+]CC3)ccc1,,C39686037,99.843506,1,0,0,1,0,0,0,0,0,0
O=C([C@@H](NC(=O)[C@@H]1C2(CN(C(=O)c3c(C)ccs3)C1)CC[NH2+]CC2)Cc1ccccc1)N1CCCCC1,,C39687308,99.84388,1,0,0,1,0,0,0,0,0,0
Fc1ccc(OCCNC(=O)[C@H]2C3(CN(C(=O)c4ccc5ccccc5c4)C2)CC[NH2+]CC3)cc1,,C39688167,99.844971,1,0,0,1,0,1,0,0,1,0
FC(F)(F)c1ccc(C(=O)N2C[C@H](C(=O)NCc3ccc(-n4cccc4)cc3)C3(C2)CC[NH2+]CC3)cc1,,C39690020,99.844772,1,0,0,1,0,0,0,0,1,0
S(CC)c1c(C(=O)N2C[C@@H](C(=O)NCCc3c(C)cccc3)C3(C2)CC[NH2+]CC3)cccn1,,C39691187,99.551765,1,0,0,1,0,1,0,0,1,0
O=C(N[C@@H](CC)c1ccccc1)[C@@H]1C2(CN(C(=O)[C@H]3Oc4ccccc4OC3)C1)CC[NH2+]CC2,,C39695347,99.840843,1,0,0,1,0,0,0,0,1,0
ClC=1C[NH+]=C2C=C(C(=O)N[C@H]3[C@@H](NC(=O)c4ccc(N5C(=O)C=CC=C5)cc4)CCC3)C=CC=12,,C52635084,79.466339,1,0,0,0,0,0,0,0,0,0
O=C(NC[C@H]([NH+]1CCCC1)c1ccc2N(C)CCc2c1)C(=O)/N=C/1\C=C(C)Nc2ccccc\12,,C56939980,46.996544,1,0,0,0,0,0,0,0,1,0
O=C1[C@@]2(N[C@@H](CC=3C[NH+]=C4C=CC=CC=34)[C@H]3C(=O)N(c4ccccc4)C(=O)[C@@H]23)c2ccccc2N1,,C63384544,83.329407,1,0,0,0,0,0,0,0,0,0
Ic1ccc(N2C(=O)/C(=C\NCCC=3C[NH+]=C4C=CC=CC=34)/C(=O)NC2=O)cc1,,C63445945,84.364006,1,0,0,0,0,0,0,0,0,0
Fc1ccc2NC(=O)[C@@]3(N[C@H](CC=4C[NH+]=C5C=CC=CC=45)[C@H]4C(=O)N(CCCC)C(=O)[C@@H]34)c2c1,,C63478675,83.360611,1,0,0,0,0,0,0,0,1,0
Brc1cc(C(=O)NN2C(=O)C(C(=O)N)=C(C)C=C2C)c(OC(F)F)cc1,,C02789911,100,1,0,0,0,0,0,0,0,1,0
FC(F)(F)[C@@]1(NC(=O)Cc2ccccc2)C(=O)NC=2N(c3ccccc3)C(=O)NC(=O)C1=2,,C03623111,99.989777,1,0,0,0,0,0,0,1,0,0
S(=O)(=O)(N1[C@H](C(=O)Nc2c(C(=O)N)oc3ccccc23)CCC1)c1ccc(F)cc1,,C08896653,100,1,0,0,0,0,0,0,1,0,0
FC(F)(F)[C@@]1(O)[C@H](C(=O)c2sccc2)[C@H](c2c(OC)c(OC)ccc2)NC(=O)N1,,C09090201,98.631798,1,0,0,0,0,0,0,0,1,0
S(CC(=O)Nc1ccc(C(=O)N)cc1)c1cn(CC(=O)N2CCC(C)CC2)c2ccccc12,,C09118525,100,1,0,0,1,0,0,0,1,0,0
O(CC(=O)Nc1c(C(=O)N)c2CCCc2s1)C(=O)Cc1coc2cc3CCCc3cc12,,C09587837,100,1,0,0,1,0,1,0,0,1,0
S(=O)(=O)(N[C@@H](C(=O)NCc1sccc1)c1ccccc1)c1ccc2NC(=O)CCc2c1,,C09610615,83.385834,1,0,0,1,0,0,0,1,1,0
Fc1cc(NC(=O)c2c(NC(=O)C(=O)NCc3ncccc3)c3ccccc3o2)ccc1,,C09705698,99.023323,1,0,0,0,0,0,0,0,0,0
FC(F)(F)c1c(NC(=O)[C@H]2CC(=O)NC=3N=C(N4CCCCC4)NC(=O)C2=3)cccc1,,C12390218,53.537136,1,0,0,0,0,0,0,0,0,0
FC(F)(F)c1cc(NC(=O)[C@H]2CC(=O)NC=3N=C(N4CCCCC4)NC(=O)C2=3)ccc1,,C12409937,53.545803,1,0,0,1,0,0,0,0,1,0
Brc1cc(S(=O)(=O)NNC(=O)/C(/NC(=O)C)=C\c2ccccc2)ccc1,,C12759134,55.107624,1,0,0,0,0,0,0,0,0,0
S(=O)(=O)(N1C[C@@H](C(=O)Nc2c(C(=O)N)c3CCCc3s2)CCC1)c1ccc(C)cc1,,C14021027,100,1,0,0,0,0,0,0,1,1,0
S(=O)(=O)(NC[C@H]1OCCC1)c1ccc2N[C@@H](c3cc(OC)c(O)cc3)[C@H]3CC=C[C@@H]3c2c1,,C14459375,90.714775,1,0,0,0,0,0,0,0,0,0
O=C(NNC(=O)CC12CC3CC(C1)CC(C2)C3)CN1C(=O)[C@]2([C@@H](C)CCCC2)NC1=O,,C15902229,99.999771,1,0,0,0,0,0,0,0,1,0
Clc1ccc2OCC(C(OCC(=O)Nc3c(C(=O)N)c4CCCc4s3)=O)=Cc2c1,,C16575819,100,1,0,0,0,0,0,0,0,1,0
S(CC(=O)N1CCc2ccccc2C1)c1nc(N/N=C/c2c[nH]c3ccccc23)[nH]n1,,C20833037,89.425667,1,0,0,1,0,1,0,1,0,0
OCC(=O)[C@]12[C@@]3(C)C[C@H](O)[C@@H]4[C@@]5(C)C=CC(=O)C=C5[C@@H](O)C[C@H]4[C@@H]3C[C@H]1O[C@H](CCC)O2,,C22060371,100,1,0,0,0,0,0,0,0,0,0
S(C)CC[C@@H](NC(=O)N1CC(O)=Nc2ccccc12)C(=O)N[C@H]1CCCc2ccccc12,,C25077313,99.988037,1,0,0,0,0,0,0,0,0,0
O[C@]1(C)[C@H](C(=O)Nc2c(C)cccc2)[C@H]([C@H](C(=O)Nc2c(C)cccc2)C(=O)C1)c1ncccc1,,C28249894,98.800568,1,0,0,0,0,0,0,0,0,0
S(CC(=O)N)c1c(C)nc(NC(=O)C2CCN(c3ncc(C(F)(F)F)cc3)CC2)s1,,C31798994,98.440712,1,0,0,0,0,1,0,0,0,0
O[C@@]1(C)[C@@H](C(=O)Nc2ccccc2)[C@H]([C@@H](C(=O)Nc2ccccc2)C(=O)C1)c1ncccc1,,C35074135,98.80072,1,0,0,0,0,0,0,0,0,0
Fc1ccc(CN(CC(=O)Nc2c(C(=O)N)c(C)c(C)s2)C(=O)c2occc2)cc1,,C35312693,100,1,0,0,0,0,0,0,0,1,0
O=C(Nc1c(C)cc(C)cc1C)CNC(=O)CN1C(=O)[C@@]2(NC1=O)CCCc1ccccc21,,C08623801,99.99958,1,0,0,0,0,0,0,0,0,0
S(CCN/C(/C)=C/1\C(=O)N([C@H]2Sc3ccccc3N2)N=C\1C)/C=C\1/[C@@H](C)N=CN/1,,C39272870,37.192516,1,0,0,0,0,1,0,0,1,0
O=C(N[C@@H]1C(=O)NCCCC1)C=1C(=O)C(C(=O)NC2CCCCC2)=CN(CC(C)C)C=1,,C14988371,99.999748,1,0,0,0,0,1,0,0,0,0
O=C(NNC(=O)c1sc2CCCCc2c1)CN1C(=O)[C@@]2(NC1=O)C[C@@H](C)CC(C)(C)C2,,C09584750,99.999771,1,0,0,0,0,0,0,0,0,0
O=C(Cc1c(C)cccc1)N1C[C@@H](C(=O)NC2CCC(C(=O)[O-])CC2)C2(C1)CC[NH2+]CC2,,C39658255,98.834473,1,0,0,1,0,0,0,0,1,0
O=C([O-])C[C@H](NC(=O)[C@@H]1C2(CN(C(=O)C3(C)CCCCC3)C1)CC[NH2+]CC2)c1ccccc1,,C39682413,99.271187,1,0,0,1,0,0,0,0,1,0
Clc1c(Cl)ccc(C(=O)N2C[C@H](C(=O)NCCCCC(=O)[O-])C3(C2)CC[NH2+]CC3)c1,,C39682651,98.816818,1,0,0,1,0,0,0,0,1,0
S(=O)(=O)(NC(C)(C)C)c1cc(NC(=O)C23CC4(NC(=O)C)C[C@@H](C2)C[C@H](C4)C3)ccc1,,C12745501,97.725616,1,0,0,0,0,0,0,0,1,0
FC(F)(F)c1cc(NC(=O)C[C@@H]2C(=O)N/C(=N\N=C\3/C(=O)Nc4ccccc/34)/S2)ccc1,,C39843483,82.666183,1,0,0,0,0,0,0,1,0,0
Clc1c(C)ccc(N2C(=O)[C@H]3[C@@H](c4cc(C(F)(F)F)ccc4)[NH2+][C@@]([C@H](O)C)(C(=O)[O-])[C@@H]3C2=O)c1,,C33933481,91.047661,1,0,0,1,0,0,0,0,1,0
OCC(=O)[C@]12[C@]3(C)C[C@H](O)[C@H]4[C@]5(C)C=CC(=O)C=C5[C@@H](O)C[C@@H]4[C@H]3C[C@@H]1O[C@@H](CCC)O2,,C44020545,100,1,0,0,0,0,0,0,0,0,0
N(Cc1[nH]c(c(-c2nc(CC)ccc2)n1)C1=C[C@@H]2NCC=N[C@H]2C=C1)c1ccc(C#N)cc1,,C45253884,48.768738,1,0,0,0,0,0,0,0,0,0
Brc1c(C(=O)NNC(=O)c2oc(S(=O)(=O)NC3CC3)cc2)cccc1,,C46672532,94.982216,1,0,0,0,0,0,0,0,0,0
S(=O)(=O)(N[C@H]1CN(C(=O)Nc2cc(NC(=O)C3CCCCC3)c(F)cc2)CCC1)C,,C48262952,98.128868,1,0,0,0,0,0,0,0,0,0
O[C@H](C)[C@H]1N[C@@]2(C(=O)Nc3c(C)cc(C)cc23)[C@@H]2C(=O)N(CCc3ccccc3)C(=O)[C@H]12,,C35363877,99.757103,1,0,0,1,0,0,0,0,1,0
O=C1[C@]2(N[C@H](Cc3c[nH]c4ccccc34)[C@H]3C(=O)N(C(C)(C)C)C(=O)[C@@H]23)c2ccccc2N1,,C20566956,99.203163,1,0,0,1,0,1,0,1,1,0
O=C(Nc1c(C(=O)N)c2CCCCc2s1)CCN1C(=O)[C@]2(C)C(C)(C)[C@H](C1=O)CC2,,C54647525,100,1,0,0,0,0,0,0,0,1,0
FC(F)(F)c1cc(NC(=O)COc2c(OC)cc(/C=C\3/C(=O)NC(=N)S/3)cc2)ccc1,,C15056709,99.269218,1,0,0,1,0,0,0,1,1,0
FC(F)(F)[C@@H]1n2nc(C(=O)NNC(=O)c3cc(C)ccc3)cc2N[C@@H](c2occc2)C1,,C01326522,99.633911,1,0,0,0,0,0,0,0,0,0
FC(F)(F)c1cc(N2C(=O)[C@@H]3[C@H](c4c(O)cccc4)[NH2+][C@@](CCC)(C(=O)[O-])[C@@H]3C2=O)ccc1,,C59086962,56.271042,1,0,0,1,0,0,0,0,1,0
Brc1ccc(N2C(=O)/C(=C/NC[C@]3(C)C[C@@H](O)CC(C)(C)C3)/C(=O)NC2=O)cc1,,C06232514,99.998589,1,0,0,0,0,0,0,0,0,0
O=C(N)[C@@H]1CN(c2ccc(C(=O)N3C[C@H](C(=O)N[C@H](C)CCC)CCC3)cc2)CCC1,,C60268161,100,1,0,0,0,0,0,0,0,0,0
O=C(N[C@H]1CS(=O)(=O)CC1)Nc1cc(C(=O)Nc2sc3ccccc3n2)ccc1,,C31813413,100,1,0,0,1,0,0,0,0,1,0
FC(F)(F)c1cc(NC(=O)C[C@@H]2C(=O)N/C(=N/N=C/3\NC(=O)SC\3)/S2)ccc1,,C13686080,84.893066,1,0,0,0,0,0,0,0,1,0
O(C)C=1C=CC2=[NH+][C@@H]3[C@@H](C=4C(=O)N(c5cc(C)c(C)cc5)C(=O)NC=4[O-])NCCC3=C2C=1,,C63373000,90.476822,1,0,0,0,0,0,0,0,0,0
O(C)C=1C=CC2=[NH+][C@@H]3[C@@H](C=4C(=O)N(c5c(C)cc(C)cc5)C(=O)NC=4[O-])NCCC3=C2C=1,,C63373225,90.478806,1,0,0,0,0,0,0,0,0,0
Clc1cc(C=2N(N)[C@H](S[C@H](C)C3=NC(=O)C4=C(C)[C@H](C)SC4=N3)NN=2)ccc1,,C38653213,44.747169,1,0,0,0,0,0,0,0,0,0
S(CC(=O)N[C@@H]1[C@H](C(=O)N)C=2CCCC=2S1)C1=NC(=O)C=2C(S[C@@H]3CCCCC=23)=N1,,C38741245,99.99601,1,0,0,0,0,0,0,0,0,0
O(C)CCCN1C(=O)[C@@H]2[C@H](Cc3c[nH]c4ccccc34)[NH2+][C@]3(C(=O)Nc4c(C)cccc34)[C@@H]2C1=O,,C08791347,99.225273,1,0,0,0,0,0,0,0,1,0
O=C1[C@@]2([NH2+][C@H](Cc3c[nH]c4ccccc34)[C@@H]3C(=O)N(C[C@@H]4OCCC4)C(=O)[C@H]23)c2ccccc2N1,,C08876482,99.253716,1,0,0,0,0,0,0,0,1,0
O=C1[C@@]2([NH2+][C@@H](Cc3c[nH]c4ccccc34)[C@@H]3C(=O)N(C[C@@H]4OCCC4)C(=O)[C@H]23)c2ccccc2N1,,C08876483,99.253716,1,0,0,1,0,1,0,1,1,0
O=C(Nc1cc(NC(=O)C(=O)NC[C@@H]([NH+]2CCCCCC2)c2cscc2)ccc1)C,,C08894153,99.756172,1,0,0,0,0,0,0,0,0,0
O=C(Nc1cc(NC(=O)C(=O)NC[C@@H]([NH+](C)C)c2ccc3N(C)CCCc3c2)ccc1)C,,C09135472,99.015923,1,0,0,0,0,0,0,0,1,0
O=C(Nc1ccc(NC(=O)C(=O)NC[C@@H]([NH+]2CCCC2)c2ccc3N(C)CCCc3c2)cc1)C,,C09135805,99.626022,1,0,0,0,0,0,0,0,1,0
S(=O)(=O)(N1[C@@H](C(=O)Nc2c(C(=O)N)c3CC[NH+](CCC)Cc3s2)CCCC1)c1sccc1,,C10774946,99.499908,1,0,0,1,0,0,0,0,1,0
O=C(Nc1cc(NC(=O)C(=O)NC[C@H]([NH+]2CCCC2)c2ccc3N(C)CCc3c2)ccc1)C,,C08964209,99.617691,1,0,0,0,0,0,0,0,1,0
O=C(Nc1cc(NC(=O)C(=O)NC[C@H]([NH+]2CCc3ccccc3C2)c2n(C)ccc2)ccc1)C,,C11898520,93.523727,1,0,0,0,0,0,0,0,1,0
O(C)CCCN1C(=O)[C@@H]2[C@H](Cc3c[nH]c4ccccc34)[NH2+][C@@]3(C(=O)Nc4c(C)cccc34)[C@@H]2C1=O,,C12886725,99.225273,1,0,0,0,0,0,0,0,1,0
S(C)CC[C@H](NC(=O)c1sccc1)C(=O)N1CCC2([NH2+]CCc3[nH]cnc23)CC1,,C09409732,59.125362,1,0,0,0,0,0,0,0,1,0
O=C(NN1C(=O)C2(NC1=O)CCC(C)CC2)C[NH+]1C[C@@H](C(=O)Nc2ccccc2)CCC1,,C14703357,89.45536,1,0,0,0,0,0,0,0,0,0
O=C(Nc1cc(NC(=O)C(=O)NC[C@@H]([NH+]2CCCCC2)c2ccc3N(C)CCc3c2)ccc1)C,,C23858119,99.749474,1,0,0,0,0,0,0,0,1,0
S(CC(=O)N1CC[NH+](CC(=O)Nc2ccc(F)cc2)CC1)c1n(N)c(C2CCCCC2)nn1,,C25524945,97.15551,1,0,0,0,0,0,0,0,0,0
S(CC(=O)N1CC[NH+](CC(=O)Nc2ccc(F)cc2)CC1)c1n(N)c(-c2sccc2)nn1,,C25528100,97.76329,1,0,0,1,0,1,0,0,1,0
Brc1ccc(N2C(=O)/C(=C/NCCC=3C[NH+]=C4C=CC(O)=CC=34)/C(=O)NC2=O)cc1,,C38688776,98.738541,1,0,0,0,0,0,0,0,0,0
Fc1c(-c2oc(C(=O)N3C[C@H](C(=O)NCCCO)C4(C3)CC[NH2+]CC4)cc2)cccc1,,C39605530,99.842743,1,0,0,1,0,1,0,0,0,0
O=C(NCCNc1ccccc1)[C@@H]1C2(CN(C(=O)[C@H]3Oc4ccccc4OC3)C1)CC[NH2+]CC2,,C39655571,99.840363,1,0,0,1,0,1,0,0,1,0
O=C(NCCNc1ccccc1)[C@H]1C2(CN(C(=O)[C@@H]3Oc4ccccc4OC3)C1)CC[NH2+]CC2,,C39655574,99.840363,1,0,0,1,0,1,0,0,1,1
O=C(NCc1[nH]c2ccccc2c1)[C@@H]1C2(CN(C(=O)[C@H]3N(C(C)(C)C)N=C(C)C3)C1)CC[NH2+]CC2,,C39671534,99.835464,1,0,0,1,0,1,0,0,1,0
O=C(NCCc1c[nH]c2c(C)cccc12)[C@@H]1C2(CN(C(=O)c3ccc(OCC)cc3)C1)CC[NH2+]CC2,,C39684095,99.846344,1,0,0,1,0,1,0,0,1,0
Fc1c(C(=O)N2C[C@@H](C(=O)N[C@@H](C(C)C)C(=O)NC(C)(C)C)C3(C2)CC[NH2+]CC3)c(F)ccc1C,,C39685801,99.840302,1,0,0,1,0,0,0,0,1,0
O=C(NC(C)(C)C)[C@@H](NC(=O)[C@H]1C2(CN(C(=O)c3c(C)ccs3)C1)CC[NH2+]CC2)C(C)C,,C39685899,99.844055,1,0,0,1,0,1,0,0,0,0
O=C(OC(C)(C)C)NCCNC(=O)[C@H]1C2(CN(C(=O)C3(C)CCCCC3)C1)CC[NH2+]CC2,,C39693457,99.84568,1,0,0,0,0,0,0,0,1,0
O=C(OC(C)(C)C)NCCNC(=O)[C@@H]1C2(CN(C(=O)c3csc4ccccc34)C1)CC[NH2+]CC2,,C39693539,99.845291,1,0,0,1,0,0,0,0,1,0
O=C(OC(C)(C)C)NCCNC(=O)[C@H]1C2(CN(C(=O)c3c(C)cc(C)cc3)C1)CC[NH2+]CC2,,C39693545,99.845177,1,0,0,1,0,1,0,0,1,0
O=C(N[C@@H](C)c1[nH]c2cc(C)ccc2n1)[C@@H]1C2(CN(C(=O)c3c(OCC)cccc3)C1)CC[NH2+]CC2,,C39695772,45.77792,1,0,0,1,0,0,0,0,0,0
O=C(N[C@@H](C)c1[nH]c2cc(C)ccc2n1)[C@@H]1C2(CN(C(=O)c3cc(OCC)ccc3)C1)CC[NH2+]CC2,,C39695848,45.777985,1,0,0,1,0,0,0,0,1,0
FC(F)(F)c1c(C(=O)N2C[C@H](C(=O)N[C@H](C)c3c(C)[nH]nc3C)C3(C2)CC[NH2+]CC3)cccc1,,C44713679,99.825455,1,0,0,0,0,0,0,0,0,0
O=C(N[C@H](C)c1c(C)[nH]nc1C)[C@H]1C2(CN(C(=O)c3ccc4ccccc4c3)C1)CC[NH2+]CC2,,C44713685,99.827301,1,0,0,1,0,0,0,1,0,0
Fc1c(F)c(C(=O)N2C[C@@H](C(=O)N[C@H](C)c3c(C)[nH]nc3C)C3(C2)CC[NH2+]CC3)ccc1C,,C44713921,99.824799,1,0,0,1,0,1,0,1,0,0
O=C([C@H](C)CC)N1C[C@@H](C(=O)NCCc2c(C)[nH]c3ccc(C#N)cc23)C2(C1)CC[NH2+]CC2,,C44714473,99.846436,1,0,0,1,0,1,0,0,1,0
O=C(N[C@@H](C)c1[nH]c2cc(C)ccc2n1)[C@@H]1C2(CN(C(=O)c3cc(N(C)C)ccc3)C1)CC[NH2+]CC2,,C44737344,45.777996,1,0,0,1,0,0,0,0,1,0
O=C(N[C@@H](C)c1[nH]c2cc(C)ccc2n1)[C@H]1C2(CN(C(=O)c3c(C)cccc3)C1)CC[NH2+]CC2,,C39695691,45.778034,1,0,0,1,0,0,0,0,1,0
Fc1c(C(=O)N2C[C@@H](C(=O)N[C@H](C)c3[nH]c4cc(C)ccc4n3)C3(C2)CC[NH2+]CC3)c(F)ccc1,,C39695710,45.778122,1,0,0,1,0,0,0,0,0,0
Clc1ccc(C(=O)N2C[C@H](C(=O)N[C@H](C)c3[nH]c4cc(C)ccc4n3)C3(C2)CC[NH2+]CC3)cc1,,C44737164,45.777943,1,0,0,1,0,0,0,0,0,0
O=C([C@H](Oc1ccccc1)C)N1C[C@@H](C(=O)N[C@H](C)c2[nH]c3cc(C)ccc3n2)C2(C1)CC[NH2+]CC2,,C39695760,45.778202,1,0,0,1,0,0,0,0,0,0
O=C([C@H](Oc1ccccc1)C)N1C[C@H](C(=O)N[C@@H](C)c2[nH]c3cc(C)ccc3n2)C2(C1)CC[NH2+]CC2,,C44737244,45.778202,1,0,0,1,0,0,0,0,0,0
Fc1c(F)c(C(=O)N2C[C@@H](C(=O)N[C@@H](C)c3[nH]c4cc(C)ccc4n3)C3(C2)CC[NH2+]CC3)ccc1C,,C39695787,45.778023,1,0,0,1,0,0,0,0,0,0
O=C(N[C@H](C)c1[nH]c2cc(C)ccc2n1)[C@@H]1C2(CN(C(=O)c3cc(N(C)C)ccc3)C1)CC[NH2+]CC2,,C44737341,45.777996,1,0,0,1,0,0,0,0,0,0
OC1CC[NH+](c2c(NCC(=O)Nc3c(C(OC)=O)c4CCCc4s3)cccc2)CC1,,C59807103,99.997169,1,0,0,1,0,1,0,0,0,0
O=C(Nc1ccc(C[NH+]2C[C@@H](C(=O)N)CCC2)cc1)CCC1=C(C)n2ncc(C#N)c2N=C1C,,C60341423,99.154716,1,0,0,1,0,1,0,0,0,0
Brc1cc(C(=O)N[C@@H](C)C(=O)N2CCC3(NCCc4[nH]c[nH+]c34)CC2)ccc1,,C20623780,59.126934,1,0,0,0,0,0,0,1,0,0
ClC=1C=CC2=[NH+][C@H]3CN(C(=O)NCCC(=O)N4CCC(C(=O)N)CC4)CCC3=C2C=1,,C63303048,89.866783,1,0,0,1,0,1,0,0,0,0
O=C(N[C@H]1S[C@@H](C(C)(C)C)NN1)[C@H]1CN(CCC=2C[NH+]=C3C=CC(OC)=CC=23)C(=O)C1,,C63557751,45.319805,1,0,0,1,0,0,0,0,1,0
O=C(NCCC=1C[NH+]=C2C=CC=CC=12)CCC[C@@H]1NN[C@@H]2N(C)C(=O)c3sccc3N12,,C63674160,82.719154,1,0,0,1,0,0,0,0,1,0
O=C(N[C@@H]1S[C@H](C(C)C)NN1)[C@H]1CN(CCC=2C[NH+]=C3C=CC(OC)=CC=23)C(=O)C1,,C63941319,46.247463,1,0,0,0,0,0,0,0,1,0
FC(F)(F)c1cc(N2[C@@H](O)N=C(O)[C@@H]([C@@H]3NCCC=4[C@@H]3[NH+]=C3C=CC=CC=43)C2=O)ccc1,,C64098013,44.71019,1,0,0,0,0,0,0,0,0,0
S(CC(=O)Nc1ccccc1)[C@@H]1S[C@H](N2CCN(C(=O)CC=3C[NH+]=C4C=CC=CC=34)CC2)NN1,,C64409710,28.255022,1,0,0,1,0,0,0,0,1,0
S(=O)(=O)(N1CCC2(C(NC3CCCCCC3)=[NH+]CCN2)CC1)c1ccc(NC(=O)C)cc1,,C65074698,74.93705,1,0,0,1,0,0,0,0,1,0
S(=O)(=O)(NNC(=O)Cn1nc(-c2c(C(F)(F)F)cccc2)nn1)c1cc(C(F)(F)F)ccc1,,C01044895,95.798042,1,0,0,0,0,1,0,0,1,0
S(CC(=O)NN1C(=O)C2(NC1=O)CCCCC2)C=1N(CCCC)C(=O)c2c(C)c(C)sc2N=1,,C08646208,99.215675,1,0,0,0,0,0,0,0,0,0
S=C(NC(=O)c1c([N+](=O)[O-])cccc1)Nc1ccc(N2CCN(C(=O)c3c(C)cccc3)CC2)cc1,,C08897702,100,1,0,0,0,0,1,0,0,0,0
OC1=N[C@H](c2cc(OC(=O)/C=C/c3occc3)ccc2)Nc2sc3CN(C(OCC)=O)CCc3c12,,C08921641,94.941452,1,0,0,0,0,0,0,0,0,0
S(=O)(=O)(N(C)Cc1ccccc1)c1ccc(NC(=O)CN2C(=O)[C@@]3([C@@H](C)CCCC3)NC2=O)cc1,,C08965559,99.999771,1,0,0,0,0,0,0,0,1,0
O(CC(=O)NCC(=O)Nc1c(C)cc(C)cc1C)C(=O)c1cc(N2C(=O)c3ccccc3C2=O)ccc1,,C09055297,100,1,0,0,0,0,1,0,0,0,0
O=C(NCc1sc(C(=O)CN2C(=O)[C@@](C)(c3ccc4OCCCOc4c3)NC2=O)cc1)C(C)(C)C,,C09223116,99.999603,1,0,0,0,0,0,0,0,0,0
S(=O)(=O)(N1CCCCCC1)c1ccc(NC(=S)NC(=O)/C=C/c2ccc([N+](=O)[O-])cc2)cc1,,C09229603,100,1,0,0,0,0,0,0,0,0,0
S(CC(=O)Nc1sc(C2CCCCC2)nn1)c1n(C)c(CC(=O)Nc2c(C)cc(C)cc2)nn1,,C09303461,99.68782,1,0,0,1,0,0,0,0,0,0
S(CC(=O)NN1C(=O)C(c2ccccc2)(c2ccccc2)NC1=O)c1oc(C2CCCCC2)nn1,,C09376685,98.940773,1,0,0,0,0,0,0,0,0,0
S(CC(=O)NN1C(=O)C(c2ccccc2)(c2ccccc2)NC1=O)c1n(C)c(-c2ccccc2)nn1,,C09465746,98.853653,1,0,0,0,0,0,0,0,0,0
S(=O)(=O)(N1CCC(C(=O)Nc2c(C(=O)NC)c(C)c(C(OCC)=O)s2)CC1)c1sccc1,,C09504944,100,1,0,0,0,0,0,0,0,1,0
O=C(Nc1c(C(=O)Nc2cc(OC)c(OC)cc2)oc2ccccc12)[C@@H]1CN(c2ccccc2)C(=O)C1,,C09518456,100,1,0,0,0,0,0,0,0,0,0
S(=O)(=O)(N1C[C@H](C)C[C@@H](C)C1)c1ccc(C(OCC(=O)C(C#N)=C2Nc3ccccc3N2)=O)cc1,,C09561978,99.923569,1,0,0,0,0,0,0,0,0,0
S(=O)(=O)(NCC1CCC(C(=O)NC[C@@H]2Oc3ccccc3OC2)CC1)c1cccc2nsnc12,,C09608249,96.502174,1,0,0,0,0,0,0,0,0,0
O(C)C(=O)C=1[C@H](c2cc(OC)ccc2)C(C(OC)=O)=C2S/C(=C/c3cc(OC)ccc3)/C(=O)N2C=1N,,C02299233,99.99987,1,0,0,0,0,0,0,0,0,0
S(=O)(=O)(N1CCCCC1)c1cc(NC(=O)CN2C(=O)[C@@](C)(CCc3ccccc3)NC2=O)ccc1,,C09753415,99.999779,1,0,0,0,0,0,0,0,0,0
FC(F)(F)c1cc(N2C(C)=CC(=O)C(C(=O)NCCCN3C(=O)C4(NC3=O)CCCC4)=N2)ccc1,,C11056249,99.999504,1,0,0,0,0,0,0,0,0,0
S(=O)(=O)(N1CCC(C(=O)Nc2c(C(=O)NC(OCC)=O)ccs2)CC1)c1ccc(F)cc1,,C11118421,100,1,0,0,0,0,0,0,0,0,0
S(=O)(=O)(N(C)c1ccccc1)c1c(C(OCC(=O)NC(=O)N[C@@H]2[C@@H](C)CCCC2)=O)cccc1,,C12207920,100,1,0,0,0,0,0,0,0,0,0
FC(F)(F)c1ccc2S[C@@H](CC(O[C@@H](C)C(=O)Nc3cc([N+](=O)[O-])ccc3)=O)C(=O)Nc2c1,,C12425932,99.998856,1,0,0,0,0,0,0,0,1,0
FC(F)(F)c1ccc2S[C@H](CC(O[C@@H](C)C(=O)Nc3c([N+](=O)[O-])cccc3)=O)C(=O)Nc2c1,,C12426522,99.998856,1,0,0,0,0,0,0,0,1,0
Fc1c([N+](=O)[O-])cc(N2C(=O)C[C@H](C(=O)Nc3c(C(=O)N[C@H](C)c4ccccc4)cccc3)C2)cc1,,C12768663,100,1,0,0,0,0,0,0,0,0,0
O=C(Nc1cc(-c2n3CCCCCc3nn2)ccc1)CN1C(=O)[C@@](C)(CCc2ccccc2)NC1=O,,C12899256,99.694153,1,0,0,0,0,0,0,0,0,0
S(=O)(=O)(N(C)c1ccccc1)c1cc(NC(=O)CN2C[C@H](C(=O)NC)Oc3ccccc23)ccc1,,C09847231,100,1,0,0,1,0,0,0,0,1,0
O=C(Nc1c(C)n(C)nc1)c1n(C)ncc1NC(=O)c1cc(COc2ccc3CCCc3c2)ccc1,,C02800668,99.95858,1,0,0,1,0,0,0,0,0,0
S=C(Nc1cc(C)c(C)cc1)/N=C(/Nc1nc(C)cc(C)n1)\N1CCN(C(=O)c2occc2)CC1,,C14160882,63.21534,1,0,0,0,0,0,0,0,0,0
Fc1c(/C=C\2/C(=O)N(CCNC(=O)CN3C(=O)[C@@](C)(c4ccccc4)NC3=O)C(=O)S/2)cccc1,,C14557805,99.999611,1,0,0,0,0,0,0,0,0,0
S(CC=1N(CC(=O)N)C(=O)c2ccccc2N=1)c1n(Cc2ccccc2)c(-c2cnccc2)nn1,,C14677488,97.697639,1,1,0,1,0,1,0,1,0,0
S(=O)(=O)(N(C)c1ccccc1)c1ccc(C(=O)NN2C(=O)[C@](CC)(c3ccccc3)NC2=O)cc1,,C15497142,99.424446,1,0,0,0,0,0,0,0,0,0
O=C(NNC(=O)c1c(-c2ccccc2)nn(-c2ccccc2)c1)CCN1C(=O)[C@@H]2CCCC[C@@H]2C1=O,,C15566764,99.994873,1,0,0,0,0,0,0,0,0,0
S(=O)(=O)(N[C@@H](CC(C)C)C(=O)Nc1sc2cc(C)ccc2n1)c1ccc2N(C)C(=O)Oc2c1,,C20284457,88.929703,1,0,0,0,0,1,0,0,1,0
S(=O)(=O)(N1CCc2ccccc12)c1cc(C(OCC(=O)NC(=O)NCc2ccccc2)=O)ccc1,,C20833591,100,1,0,0,0,0,0,0,0,0,0
S(CCC(=O)Nc1c(C)ccc(C)c1)c1sc(NC(=O)CN2C(=O)Oc3ccccc23)nn1,,C21029551,99.935326,1,0,0,1,0,0,0,0,1,0
S([C@@H](C)C(=O)C=1C(=O)N(C)C(=O)N(C)C=1N)c1n(Cc2ccccc2)c(-c2ccc(F)cc2)nn1,,C21121895,99.89222,1,0,0,0,0,0,0,0,0,0
S(=O)(=O)(N1CCC(C(OCC(=O)NC(=O)NC(C)(C)C)=O)CC1)c1cc(C(F)(F)F)ccc1,,C21457318,100,1,0,0,0,0,0,0,0,0,0
S=C(NC(=O)c1occc1)Nc1c(N2CCN(C(=O)c3ccccc3)CC2)ccc(C(OC)=O)c1,,C21577386,100,1,0,0,0,0,0,0,0,0,0
Clc1cc(NC(=O)Nc2cc(SC)ccc2)c(OCC=2N=C3N(N(C(C)C)C=N3)C(=O)C=2)cc1,,C21800925,99.152725,1,1,0,1,0,1,0,0,0,0
S(=O)(=O)(N(C)C)c1cc(NC(=O)COC(=O)C23CC4(NC(=O)C)C[C@@H](C2)C[C@H](C4)C3)c(C)cc1,,C18045175,100,1,0,0,0,0,0,0,0,1,0
Fc1c(NC(=O)CN2C(=O)c3sc(N4C[C@@H](C(=O)NCCC)CCC4)nc3N=C2)ccc(C)c1,,C33141394,99.747818,1,0,0,1,0,0,0,0,0,0
Fc1ccc(C(=O)N[C@H]2[C@@H](NC(=O)[C@@H]3CN(C(=O)/C=C/c4ccc([N+](=O)[O-])cc4)CCC3)CCCC2)cc1,,C34900276,100,1,0,0,0,0,0,0,0,0,0
Clc1sc(S(=O)(=O)N(C)CC(=O)Nc2cc(S(=O)(=O)/N=C/3\NCCC\3)ccc2)cc1,,C36339707,99.998177,1,0,0,1,0,0,0,0,1,0
O(Cc1ccccc1)C(=O)N1[C@@]2([C@H](N(CC(=O)N3[C@H](C(=O)N)CCC3)C2=O)c2ccccc2)CCC1,,C39266134,100,1,0,0,0,0,0,0,0,0,0
FC(F)(F)c1cc([N+](=O)[O-])c(NC(=O)COC(=O)C23CC4(NC(=O)C)C[C@@H](C2)C[C@H](C4)C3)cc1,,C18084046,100,1,0,0,0,0,0,0,0,0,0
O=C(N)COc1ccc([C@@H]2N(c3sc(CCC)nn3)C(=O)C=3Oc4cc(C)cc(C)c4C(=O)C2=3)cc1,,C40061971,99.914253,1,0,0,1,0,0,0,1,0,0
O=[N+]([O-])c1c(N2C(C)=CC(=O)C(C(=O)NC[C@H](c3ccccc3)c3c[nH]c4ccccc34)=N2)cccc1,,C45864246,99.999733,1,0,0,0,0,0,0,1,1,0
S(CCC(=O)Nc1ccc(C)cc1)c1sc(NC(=O)CC2=NN(C)C(=O)c3ccccc23)nn1,,C59317253,99.927361,1,0,0,1,0,0,0,0,0,0
Clc1ccc2C(=O)NC(CN(CCC)C(=O)CCC=3C(=O)NC(c4cnccc4)=NC=3C)=Nc2c1,,C62595272,79.936867,1,0,0,0,0,1,0,0,1,0
O=C(NNC(=O)c1c(-c2ccccc2)nn(-c2ccccc2)c1)CCN1C(=O)[C@@H]2CCCC[C@@H]2C1=O,,C15566763,99.994873,1,0,0,0,0,0,0,0,0,0
S(=O)(=O)(N(C)CC(=O)Nc1ccc(OC(F)(F)F)cc1)c1c(C)cc2NC(=O)[C@@H](C)Oc2c1,,C35452871,99.998177,1,0,0,1,0,0,0,0,1,0
O(CC(=O)Nc1c(C(OCC)=O)sc(-c2ccccc2)c1)C(=O)CCC=1NC(=O)c2ccccc2N=1,,C02617943,79.259789,1,0,0,0,0,0,0,0,0,0
S(=O)(=O)(N[C@H](C(C)C)C(OCC(=O)Nc1c(C(OC)=O)c2CCCc2s1)=O)c1ccc(C)cc1,,C02642351,84.012268,1,0,0,0,0,0,0,0,0,0
Clc1ccc(S(=O)(=O)N(CCC(=O)NNS(=O)(=O)c2ccccc2)Cc2occc2)cc1,,C03045754,99.285316,1,0,0,0,0,0,0,0,1,0
O(C)C(=O)C=1[C@@H](c2cc(OC)c(OC(C)C)cc2)C(C(OCCCC)=O)=C(N)N2C(=O)[C@H](C)SC=12,,C03624905,99.999863,1,0,0,0,0,0,0,0,1,0
S(CC(=O)Nc1c(OCC)cccc1)c1sc(NC(=O)[C@@H]2CN(c3ccccc3)C(=O)C2)nn1,,C08904191,99.938164,1,0,0,0,0,0,0,0,0,0
S(CC(=O)Nc1c(OC)cccc1)c1sc(NC(=O)[C@H]2CN(c3c(C)cccc3)C(=O)C2)nn1,,C08904787,99.938164,1,0,0,1,0,1,0,0,0,0
O(C)CCCNC(=O)CN1C(=O)N(CC2CCC(C(=O)NCCc3ccccc3)CC2)C(=O)c2ccccc12,,C09617226,100,1,0,0,0,0,0,0,0,0,0
S(CC(=O)Nc1c(C(OCC)=O)c2CCCc2s1)C=1NC(=O)c2cnn(-c3cc(C)c(C)cc3)c2N=1,,C02718453,72.34848,1,0,0,0,0,0,0,0,0,0
S(=O)(=O)(N1CCCCC1)c1c(C)ccc(NC(=O)CN2C(=O)[C@@H](CCc3ccccc3)NC2=O)c1,,C09725514,99.999626,1,0,0,0,0,0,0,0,0,0
S=C(NC(=O)c1cc(OCCc2ccccc2)ccc1)N1[C@H](CC(OC[C@H]2OCCC2)=O)C(=O)NCC1,,C10333169,100,1,0,0,0,0,0,0,0,0,0
O(CC(=O)C=1C(=O)N(C)C(=O)N(C)C=1N)C(=O)/C=C/c1c(-c2ccc(C)cc2)nn(-c2ccccc2)c1,,C10384809,99.98748,1,0,0,0,0,0,0,0,0,0
S=C(NC(=O)c1ccc(C(OC)=O)cc1)N1[C@H](CC(OCCCc2ccccc2)=O)C(=O)NCC1,,C10455298,100,1,0,0,1,0,0,0,0,1,0
S(=O)(=O)(N(CC=C)c1ccccc1)c1cc(C(OCC(=O)NNC(=O)c2sccc2)=O)ccc1,,C12551708,100,1,0,0,0,0,0,0,0,0,0
S(=O)(=O)(N)c1ccc2N(CCOCC)/C(=N/C(=O)CCCS(=O)(=O)c3ccc(C)cc3)/Sc2c1,,C12630369,98.090454,1,0,0,0,0,0,0,1,0,0
O(C)C(=O)c1n(CCc2ccccc2)c2ncc(NCc3ncccc3)cc2c1NC(=O)[C@H]1OCCC1,,C14742476,96.607857,1,0,0,1,0,1,0,1,0,0
Brc1cc(C(=O)Oc2c(OC)cc(/C=N/NC(=O)CNC(=O)c3occc3)cc2)ccc1,,C03079777,100,1,0,0,1,0,0,0,0,0,0
FC(F)(F)c1c(NC(=O)c2c(NCCN3C(=O)c4ccccc4C3=O)ccc([N+](=O)[O-])c2)cccc1,,C16361928,99.992523,1,0,0,0,0,0,0,0,1,0
S=C(NC(=O)c1cc(OCC)c(OCC)c(OCC)c1)Nc1cc(-c2oc3cccnc3n2)ccc1,,C16688392,99.962685,1,1,0,0,0,0,0,0,0,0
Brc1cc(C(=O)NCCc2sc(NC(=O)/C=C/c3ccc([N+](=O)[O-])cc3)nn2)ccc1,,C17971487,99.906441,1,0,0,0,0,0,0,0,0,0
O(CC)C(=O)c1c(C)c(C(=O)C=2[C@H](N(CC[NH+](CC)CC)C(=O)C=2[O-])c2c(OC)cccc2)c(C)[nH]1,,C20193290,97.474464,1,0,0,0,0,0,0,0,0,0
O(C)C(=O)c1c(C)c(C(=O)C=2[C@@H](N(CC[NH+](CC)CC)C(=O)C=2[O-])c2ccc(OCC)cc2)c(C)[nH]1,,C20219725,97.366951,1,0,0,1,0,0,0,0,0,0
S(CC(=O)NCCC=1CCCCC=1)C=1N(Cc2occc2)C(=O)c2ccc(C(=O)NCCOC)cc2N=1,,C20644103,98.38829,1,0,0,1,0,1,0,0,0,0
S(=O)(=O)(CC1=C(C(OC)=O)[C@H](c2cc(OC)c(OC)cc2)NC(=O)N1)c1ccc(CC(C)C)cc1,,C20848893,99.990105,1,0,0,0,0,0,0,0,1,0
S(=O)(=O)(N)c1ccc(CCN2C(SCc3onc(CC(C)C)n3)=Nc3ccccc3C2=O)cc1,,C22526181,97.211182,1,0,0,0,0,0,0,1,1,0
O=C(NNC(=O)c1cc(OCC)c(OCC)c(OCC)c1)c1c(C)c2c(C)nc(C3CC3)nc2s1,,C22894668,99.468758,1,0,0,0,0,0,0,0,0,0
S(=O)(=O)(Nc1ccc(NS(=O)(=O)c2cc(F)c(F)cc2)cc1)c1c([N+](=O)[O-])cc(OC)cc1,,C25146724,96.945839,1,0,0,0,0,0,0,0,1,0
S(CC(=O)Nc1c(C(OCC)=O)c(C)c(C(=O)Nc2ccccc2)s1)c1ccc([N+](=O)[O-])cc1,,C28605348,100,1,0,0,0,0,0,0,0,0,0
Fc1cc(CN2[C@H](C(=O)NCc3occc3)[C@@H](c3ccc(NC(=O)c4occc4)cc3)OC2=O)ccc1,,C35757167,100,1,0,0,0,0,0,0,0,0,0
O(CC)C(=O)C=1[C@H](c2ccc(OC)cc2)NC(=O)N(C)C=1CN1C[C@@H](C)N(C(=O)NC(C)(C)C)CC1,,C36001563,82.254448,1,0,0,0,0,0,0,0,0,0
O(C)CCN1[C@H](C(=O)N[C@@H]2[C@H](C)CCCC2)[C@@]23O[C@@H]([C@H](C(=O)Nc4cc(OC)ccc4)[C@@H]2C1=O)C=C3,,C36066432,100,1,0,0,0,0,0,0,0,0,0
O=C(NCc1ncccc1)[C@@H]1N(Cc2cc(C)ccc2)C(=O)O[C@H]1c1ccc(NC(=O)c2occc2)cc1,,C36217155,98.958031,1,0,0,0,0,0,0,0,0,0
O=C(NCc1occc1)[C@H]1N(Cc2c(C)cccc2)C(=O)O[C@H]1c1ccc(NC(=O)c2occc2)cc1,,C36220409,100,1,0,0,1,0,1,0,0,0,0
Oc1cc([C@H](N(Cc2oc(C)cc2)C(=O)c2cc([N+](=O)[O-])ccc2)C(=O)NC(C)(C)CC(C)(C)C)ccc1,,C36601300,97.975418,1,0,0,0,0,0,0,0,0,0
Oc1cc([C@@H](N(Cc2oc(C)cc2)C(=O)c2ccc([N+](=O)[O-])cc2)C(=O)NC(C)(C)CC(C)(C)C)ccc1,,C36602996,97.977249,1,0,0,0,0,0,0,0,0,0
S(S(=O)(=O)Nc1c(N2C[C@@H](OC)NCC2)cc(-c2ccccc2)cc1)(=O)(=O)Oc1ccccc1,,C39481981,77.338539,1,0,0,1,0,0,0,0,0,0
S(CC(=O)N[C@H]1N=NC(C)=C1)C1=Nc2ccccc2C=2N1C(=O)[C@@H](CC(=O)NCc1sccc1)N=2,,C39556152,84.252296,1,0,0,1,0,0,0,0,0,0
S(=O)(=O)(N1[C@@H](C)Cc2ccccc12)c1cc(C(OCC(=O)NNC(=O)c2sccc2)=O)ccc1,,C39595736,100,1,0,0,1,0,0,0,0,0,0
S([C@H](C)C(=O)Nc1sc(C2CC2)nn1)c1n(CC=C)c([C@@H](NC(=O)c2c(F)cccc2)C)nn1,,C39744254,99.760452,1,0,0,0,0,0,0,0,0,0
S([C@H](C)C(=O)Nc1sc(C2CC2)nn1)c1n(CC=C)c([C@H](NC(=O)c2c(F)cccc2)C)nn1,,C39744256,99.760452,1,0,0,0,0,0,0,0,1,0
S(=O)(=O)(N1CCC(C(OCC)=O)CC1)c1cc(C=2N/C(=N/N=C/c3ccc(O)cc3)/SC=2)ccc1,,C39774690,39.957607,1,0,0,1,0,0,0,0,0,0
Oc1cc(N/2C(=O)[C@H](CC(=O)Nc3ccccc3)S\C\2=N/N=C/c2cc(OC)c(OC)cc2)ccc1,,C33928745,97.914993,1,0,0,1,0,0,0,0,0,0
S(c1c([N+](=O)[O-])c(NNC(=O)C(c2ccccc2)c2ccccc2)ncn1)c1cccc2cccnc12,,C40659402,46.778782,1,0,0,0,0,0,0,0,0,0
S(CC(=O)Nc1noc(C)c1)c1nc(C[C@@H]2C[C@H]3CC[C@@H]2C3)nc2N(CC(C)C)C(=O)NC(=O)c12,,C46877275,99.386192,1,1,0,1,0,0,0,1,1,0
S(CC(=O)Nc1ccc(C)cc1)c1n(/N=C/c2occc2)c(SCC(=O)Nc2ccc(C)cc2)nn1,,C59937902,99.90303,1,0,0,0,0,0,0,0,0,0
O=[N+]([O-])c1cc(/C=C/2\CCCc3c(C(OCC(=O)NC(=O)NCC=C)=O)c4ccccc4nc\23)ccc1,,C13523991,98.523964,1,0,0,0,0,0,0,0,0,0
ClC=1C=CC2=[NH+]CC(CC[N-]/C(/Nc3nc(C)cc(C)n3)=N\C(=O)CS[C@H]3N(C)CC=N3)=C2C=1,,C63279862,21.181883,1,0,0,1,0,0,0,0,1,0
O(C)C(=O)CN1C(=O)[C@]2(C(C#N)=C(N)OC3=NN=C(c4ccc(OCCCC)cc4)[C@@H]23)c2ccccc12,,C08439715,79.258812,1,0,0,0,0,0,0,0,0,0
S(CC1=NC(=O)C2=C(C)[C@H](C(=O)Nc3c(C)cc(C)cc3)SC2=N1)C=1N(CCCOC)CNN=1,,C40016905,86.49086,1,0,0,0,0,0,0,0,0,0
O=C(NCc1c(OCC)cccc1)c1ncn2C[C@@](C)(C(=O)NCc3ccc(C)cc3)N(C3CC3)C(=O)c12,,C64953986,99.804977,1,0,0,0,0,0,0,0,0,0
Fc1ccc(CNC(=O)[C@@]2(C)N(C3CC3)C(=O)c3c(C(=O)Nc4ccc(OCC)cc4)ncn3C2)cc1,,C64954058,99.837326,1,0,0,0,0,0,0,0,0,0
O=C(N/N=C/c1ccc(OC(=O)c2ccccc2)cc1)C(=O)Nc1cc(C)ccc1,,C02520367,100,1,0,0,0,0,0,0,0,0,0
FC(F)(F)c1cc(NC(=O)Nc2c(C(OC)=O)cc(OC)c(OC)c2)ccc1,,C02857292,100,1,0,0,0,0,0,0,0,1,0
S(CC(=O)Nc1cc(C)c(C)cc1)C1=NC(c2ccccc2)=NC=2N1NC(=O)C=2,,C06915620,95.712608,1,0,0,1,0,1,0,1,0,0
S(=O)(=O)(Nc1c(C)cc(C)cc1)c1cc(C(=O)N/N=C/c2oc(C)cc2)ccc1,,C07853199,96.569794,1,0,0,1,0,0,0,0,1,0
OC(C(=O)N/N=C/c1c([N+](=O)[O-])cccc1)(c1cc(C)ccc1)c1cc(C)ccc1,,C01435807,99.999855,1,0,0,0,0,0,0,0,0,0
Oc1c(C)cccc1/C=N/NC(=O)c1nn(c(-c2ccccc2)n1)-c1ccccc1,,C01434964,95.089012,1,0,0,0,0,0,0,0,0,0
O=[N+]([O-])c1ccc(/C=C/C(=O)Nc2cc(C)c(NC(=O)c3sccc3)cc2)cc1,,C01150807,100,1,0,0,1,0,0,0,0,0,0
S(CC(=O)Nc1cc(C(OC)=O)ccc1)C=1NC(=O)c2c(sc3CCCCc23)N=1,,C08950221,95.499275,1,0,0,0,0,0,1,1,0,0
O=C(Nc1n(C=2NC(=O)C=3CCCCC=3N=2)nc(C)c1)CCCCc1ccccc1,,C09018163,98.615952,1,0,0,0,0,0,0,0,0,0
S(CC(=O)Nc1c(C)cccc1)c1nc(O)c2cnn(-c3cc(C)ccc3)c2n1,,C09522392,72.452446,1,0,0,1,0,1,1,1,1,0
S(CC=1N=C(Nc2nc(C)c3cc(C)c(C)cc3n2)NC(=O)C=1)c1ncccc1,,C09939033,74.805565,1,0,0,1,0,1,0,1,0,0
O=C(Nc1n(C=2NC(=O)C(CC)=C(C)N=2)nc(-c2sccc2)c1)CC(C)(C)C,,C11855041,98.647011,1,0,0,0,0,0,0,0,1,0
O=C(Nc1n(C=2NC(=O)C=3CCCCC=3N=2)nc(-c2sccc2)c1)CC(C)(C)C,,C11855876,98.568832,1,0,0,0,0,0,0,0,0,0
O=C(Nc1n(C=2NC(=O)C(C)=C(C)N=2)nc(C2CC2)c1)c1ccc(C(C)(C)C)cc1,,C12126900,98.681419,1,0,0,0,0,0,0,0,0,0
S([C@@H](C)C(=O)N1CC(=O)Nc2ccccc12)c1nc(NC2CC2)c2ccccc2n1,,C14199536,64.69838,1,0,0,0,0,1,0,1,0,0
O=[N+]([O-])c1c(/C=C/C(=O)Nc2c(C(=O)N[C@H](C)c3ccccc3)cccc2)cccc1,,C14792902,100,1,0,0,1,0,0,0,0,0,0
Fc1ccc(CNC2=Nn3c(CCC(=O)Nc4c(C)ccc(C)c4)nnc3C=C2)cc1,,C15776446,99.516487,1,0,0,1,0,0,0,1,0,0
Fc1c(NC(=O)C(=Cc2cc([N+](=O)[O-])ccc2)C(=O)Nc2c(F)cccc2)cccc1,,C16441640,100,1,0,0,0,0,0,0,0,0,0
O=C(Nc1ccc2nc(C(C)C)sc2c1)C[C@@H]1C(=O)N(C2CCCCC2)C(=O)N1,,C19453837,99.999542,1,0,0,0,0,1,0,0,1,0
O=C(N[C@H](c1oc(-c2ccccc2)nn1)c1ccccc1)Nc1c(OCC)cccc1,,C21037060,99.998413,1,0,0,0,0,0,0,0,0,0
O=[N+]([O-])c1c(C)cccc1C(=O)Nc1c(C(=O)NCCc2ccccc2)cccc1,,C21344934,100,1,0,0,1,0,1,0,0,1,0
O(CCC)C(=O)c1ccc(NC(=O)[C@H]2CN(C(=O)Nc3ccccc3)CCC2)cc1,,C21634909,100,1,0,0,0,0,0,0,0,0,0
O=C(Nc1ccc2nc(NC(=O)c3occc3)sc2c1)C(Oc1ccccc1)(C)C,,C22432519,100,1,0,0,0,0,0,0,1,0,0
O(CC)C(=O)c1ccc(O[C@@H](C)C(=O)NC(=O)NC23CC4CC(C2)CC(C3)C4)cc1,,C24090361,100,1,0,0,0,0,0,0,0,1,0
O=C(NNC(=O)c1cc(N(C)C)ccc1)c1c(C)c2c(C)nc(C(C)(C)C)nc2s1,,C25183639,99.423195,1,0,0,0,0,0,0,0,0,0
O=C(Nc1ccc(NC(=O)[C@@H]2N(C(=O)c3c(OC)cccc3)[C@@H]3CCCC[C@H]3C2)cc1)C,,C32832963,100,1,0,0,1,0,0,0,0,1,0
O=C(Nc1c(C)cccc1C)N(CC(C)C)CC(=O)Nc1n(C)nc(C(C)(C)C)c1,,C35171629,99.000717,1,0,0,0,0,0,0,0,0,0
S(CC(=O)Nc1cc(O)ccc1)c1n(c(-c2ncccc2)nn1)-c1c(C)c(C)ccc1,,C35289286,98.361153,1,0,0,0,0,1,0,0,0,0
O(CC(=O)Nc1c(C)cc(C)cc1C)C(=O)c1c(NN=C2C=CC(=O)C=C2)cccc1,,C05039578,72.60733,1,0,0,0,0,0,0,0,1,0
O=C(Nc1scc(-c2ccc(C)cc2)n1)CN1C(=O)[C@@](C)(c2ccc(C)cc2)NC1=O,,C36630943,99.999596,1,0,0,0,0,0,0,0,0,0
O=C(NC1CCCCC1)CN1C(=O)C(C)(C)Oc2ccc(C(=O)NC3CCCC3)cc12,,C38140285,100,1,0,0,0,0,0,0,0,0,0
Brc1c(Nc2c([N+](=O)[O-])c(NCCc3sccc3)ncn2)cccc1,,C40648346,94.077499,1,0,0,1,0,0,0,0,1,0
FC(F)(F)c1ccc(Nc2c([N+](=O)[O-])c(NCc3ccc(F)cc3)ncn2)cc1,,C40660943,94.206314,1,0,0,0,0,0,0,0,1,0
O(C)C(=O)c1ccc(Oc2c(N)c(N3C[C@@]4(C)CC(C)(C)C[C@@H]3C4)ncn2)cc1,,C40700652,99.18663,1,0,0,0,0,0,0,0,0,0
O=C(NC1CCCC1)c1c(C)c2/C(=N/NC(=O)c3c(OC)cccc3)/CCCc2o1,,C40813102,99.999344,1,0,0,0,0,0,0,0,0,0
S(=O)(=O)(N/N=C/1\CCCc2oc(C(=O)NC3CCCC3)c(C)c\12)c1ccc(C)cc1,,C40815121,84.656189,1,0,0,0,0,0,0,0,0,0
O(CC)C(=O)c1ccc(N2C(=O)C(c3ccc4nc(N)ncc4c3)=C(C)C=C2)cc1,,C40976155,93.982903,1,0,0,0,0,0,0,0,0,0
S([C@H](C)C(=O)N[C@@H](C(C)C)c1[nH]c2ccccc2n1)c1ccc([N+](=O)[O-])cc1,,C44999338,91.600586,1,0,0,0,0,0,0,0,0,0
O=[N+]([O-])c1c(-c2sc(/C=C/C(=O)Nc3c(C(=O)NC)cccc3)cc2)cccc1,,C45351211,100,1,0,0,0,0,1,0,0,1,0
O=C(N[C@H](CC(C)C)c1[nH]c2ccccc2n1)CCC1=C(C)n2nc(C)cc2N=C1C,,C52633820,91.274475,1,1,0,0,0,1,0,0,1,0
S(=O)(=O)(/N=C\1/N(CC=C)C(=O)/C(=C/c2c(O)cc(O)cc2)/S/1)c1ccc(F)cc1,,C16754999,67.101288,1,0,0,0,0,0,0,1,0,0
Clc1cc([N+](=O)[O-])c(NC(=O)[C@H](N[C@H](c2occc2)c2ccccc2)C)cc1,,C42510523,97.46891,1,0,0,0,0,0,0,0,0,0
Brc1ccc(-c2oc(/C=N/NC=3NC(=O)C(C(C)(C)C)=NN=3)cc2)cc1,,C15230837,75.380592,1,0,0,1,0,0,0,0,0,0
Clc1sc(C2=NO[C@H](C(=O)Nc3cc(C=4NC(=O)C=C(CC)N=4)ccc3)C2)cc1,,C58414422,98.978828,1,0,0,1,0,0,0,0,1,0
S(Cc1c(C(=O)NNc2nc(OC)ccn2)oc2ccccc12)C1CCCCC1,,C46364251,83.980713,1,0,0,0,0,1,0,0,0,0
O=C(N/N=C/c1c(C)n(-c2c(C)cccc2C)c(C)c1)C(=O)Nc1c(OC)ccc(C)c1,,C58913516,99.999367,1,0,0,0,0,0,0,0,0,0
O=C(Nc1sc2C[C@H](CC)CCc2n1)CN1C(=O)[C@@](C)(c2ccc(C)cc2)NC1=O,,C59318116,99.999596,1,0,0,0,0,0,0,0,1,0
Clc1ccc(C=2N=C(SCC(=O)Nc3c(F)cccc3)N3NC(=O)C=C3N=2)cc1,,C20986975,95.664001,1,0,0,1,0,1,0,1,0,0
S(CC=1N=C2N(C(=O)C=1)OC(C)=C2)c1c(NC(=O)Nc2ccccc2)cccc1,,C46012546,93.967148,1,0,0,1,0,1,0,0,0,0
S=C(NC(=O)/C=C/c1cccc2ccccc12)Nc1c(OC)cc([N+](=O)[O-])cc1,,C66198606,100,1,0,0,1,0,1,0,0,0,0
S([C@@H](C(C)C)C(=O)NC(=O)N)c1n(c(-c2ccc(C)cc2)nn1)-c1ccc(C)cc1,,C04541230,99.961143,1,0,0,1,0,0,0,0,1,0
S([C@H](C)C(=O)NC(=O)N)c1n(C2CCCC2)c(-c2ccc(C(C)(C)C)cc2)nn1,,C02619291,99.886307,1,0,0,1,0,0,0,0,0,0
S=C1N[C@@H](c2ccc(N(C)C)cc2)C(C(=O)N/N=C/c2c(OC)cccc2)=C(C)N1,,C05250077,99.999779,1,0,0,0,0,0,0,0,0,0
S(CC(=O)Nc1ccc2NC(=O)Nc2c1)c1n(C2CCCCC2)c2ccccc2n1,,C09594310,73.286873,1,0,0,0,0,0,1,1,0,0
O=C(NCc1occc1)Nc1scc(CC(=O)Nc2ccc(C(C)C)cc2)n1,,C09785771,100,1,0,0,1,0,1,0,1,1,0
S([C@@H](C)C(=O)NC(=O)Nc1ccccc1)c1sc(Nc2cc(F)ccc2)nn1,,C11016409,98.511848,1,0,0,1,0,1,0,1,0,0
Brc1c([C@H](NC(=O)NCCNc2ccc([N+](=O)[O-])cc2)C)cccc1,,C12586967,99.996552,1,0,0,1,0,1,0,0,1,0
S(CC(=O)C(C#N)=C1Nc2ccccc2N1)c1sc(Nc2c(C)cccc2)nn1,,C03313849,98.655792,1,0,0,0,0,0,0,0,0,0
O(C)C(=O)c1cc(NC(=O)CCNC(=O)NC23CC4CC(C2)CC(C3)C4)ccc1,,C14788076,100,1,0,0,1,0,0,0,0,1,0
O=C(Nc1scc(CC(=O)Nc2sc3cc(C)ccc3n2)n1)Nc1ccccc1,,C15880597,100,1,0,0,1,0,0,0,1,0,0
S(CC(=O)Nc1c(F)cccc1)c1sc(NC(=O)Nc2ccc(C)cc2)nn1,,C15882656,99.922295,1,0,0,1,0,0,0,0,0,0
S([C@@H](C)C(=O)Nc1c(C)cccc1)c1n(N)c(COc2c(C)cccc2C)nn1,,C18764393,99.824417,1,0,0,0,0,0,0,0,1,0
O=C(NCCc1c(C)[nH]c2ccc(C)cc12)C[C@H]1C(=O)N(C2CCCCC2)C(=O)N1,,C19220087,99.999565,1,0,0,0,0,1,0,0,1,0
S(CC(=O)Nc1cccc2ccccc12)c1nc(NN=C2CCCCC2)[nH]n1,,C20608311,94.912628,1,0,0,1,0,0,0,1,0,0
S(CC(=O)Nc1ccc(C)cc1)c1nc(N/N=C/c2cccc3ccccc23)[nH]n1,,C20905234,90.129959,1,0,0,1,0,0,0,0,0,0
S(CC(=O)Nc1c(C)cc(F)cc1)c1nc(N/N=C/c2ccc(C)cc2)[nH]n1,,C20907847,93.286034,1,0,0,1,0,0,0,0,0,0
S([C@H](C(=O)Nc1ccc(C)cc1)c1ccccc1)c1n(N)c(-c2c(C)occ2)nn1,,C21165993,99.449135,1,0,0,1,0,0,0,0,0,0
O=C(Nc1ccc(NC(=O)/C=C/c2cn(-c3ccccc3)nc2)cc1)Nc1ccccc1,,C23011857,99.992836,1,0,0,1,0,0,0,0,0,0
S(Cc1nc(N)nc(Nc2ccc(C)cc2)n1)Cc1nc(-c2sccc2)oc1,,C27195986,100,1,0,0,1,0,1,0,1,0,0
O=C(Nc1ccc([C@H](NC(=O)c2c(C)cc(NC(=O)c3occc3)s2)C)cc1)CC,,C27603880,100,1,0,0,0,0,0,0,0,0,0
O(CC(=O)N(C1CCCCC1)C1CCCCC1)C(=O)c1ccc(NC(=O)N)cc1,,C28797656,100,1,0,0,0,0,0,0,0,0,0
O=C(N)[C@H]1N(c2ccccc2)N=C(C(=O)Nc2scc(-c3c(C)cc(C)cc3)n2)C1,,C30564964,100,1,0,0,0,0,0,0,0,0,0
O=C(NCCNc1c(C#N)cc2cc(CC)ccc2n1)Nc1cc(C(=O)C)ccc1,,C35314801,76.357811,1,0,0,1,0,1,0,0,0,0
O=C(NNC(=O)c1n(Cc2ccccc2)nc(C(C)(C)C)c1)Nc1c(C)cccc1C,,C01047712,99.998764,1,0,0,1,0,0,0,0,0,0
O=C(NCCNc1c(C#N)cc2cc(OCC)ccc2n1)Nc1cc(C)ccc1,,C20150295,76.740753,1,0,0,1,0,1,0,0,0,0
O=C(NCCN1C(=O)Nc2ccccc12)c1c(N2[C@H](C)C(CCC)=C(C)N2)cccc1,,C39302053,99.992279,1,0,0,0,0,1,0,0,1,0
S(CC=1NC(=O)c2ccccc2N=1)[C@@H]1N(CC)[C@H](COc2c(C)ccc(C)c2)NN1,,C39354326,47.92857,1,0,0,0,0,0,0,0,0,0
S(Cc1ccc(F)cc1)C=1N([C@@H](CC=2NC(=O)NC(=O)C=2)NN=1)c1cc(C)ccc1,,C39361776,99.974892,1,0,0,0,0,0,0,1,0,0
S(Cc1c(C)cccc1)C=1N([C@H](CC=2NC(=O)NC(=O)C=2)NN=1)c1cc(C)ccc1,,C39361779,99.976089,1,0,0,1,0,0,0,1,1,0
FC(F)(F)c1c(Nc2c(N)c(N3C[C@H](C(OCC)=O)CCC3)ncn2)cccc1,,C40701746,80.131042,1,0,0,0,0,0,0,0,0,0
O=C(NNc1ccccc1)c1c(C)c2/C(=N/NC(=O)c3ccc(C)cc3)/CCCc2o1,,C40804646,99.846153,1,0,0,1,0,1,0,1,0,0
S([C@@H](C)C(=O)NCc1occc1)c1n(N)c(-c2ccc(C(C)(C)C)cc2)nn1,,C41769658,99.816444,1,0,0,1,0,0,0,0,0,0
Clc1ccc(OCC(=O)Nc2ccc(NC(=O)NCc3occc3)cc2)cc1,,C45873259,100,1,0,0,0,0,0,0,1,0,0
O=C(OC(C)(C)C)Nc1c(OC)cc(NC(=O)NCc2c(C)ccs2)cc1,,C46987296,100,1,0,0,1,0,0,0,0,0,0
O=C(NCc1cc(NC(=O)C2CCCC2)ccc1)Nc1ccc(OCC#N)cc1,,C56565100,100,1,0,0,1,0,0,0,0,0,0
O(CC)C(=O)c1sc2ccc(NC(=O)N[C@@H](C)c3cc(NC(=O)C)ccc3)cc2c1,,C57994846,100,1,0,0,0,0,0,0,0,0,0
S(CC(=O)NC(=O)Nc1c(C)cc(C)cc1)c1sc(NCC(C)C)nn1,,C07268466,92.463303,1,0,0,1,0,0,0,0,1,0
O=C(Nc1ccc([NH+](CC)CC)cc1)CN1C(=O)[C@]2(NC1=O)C[C@@H](C)CC(C)(C)C2,,C58301908,99.997932,1,0,0,1,0,0,0,0,1,0
Clc1ccc(/C=N/Nc2[nH]nc(SCC(=O)Nc3c(F)ccc(F)c3)n2)cc1,,C59015293,93.255119,1,0,0,1,0,0,0,0,0,0
S(CC(=O)NC1C2CC3CC1CC(C2)C3)c1nc(N/N=C/c2ccc(C)cc2)[nH]n1,,C59019407,93.295128,1,0,0,0,0,0,0,0,0,0
Clc1cc(/C=N/Nc2[nH]nc(SCC(=O)Nc3c(C)cc(C)cc3)n2)ccc1,,C59019650,93.261826,1,0,0,1,0,0,0,0,0,0
Clc1cc(NC(=O)CCSc2[nH]c(NN=C3CCCCC3)nn2)ccc1,,C21084463,94.698952,1,0,0,1,0,0,0,0,1,0
O=[N+]([O-])c1cc(C(=O)Nc2c(C(=O)N)c3CC[C@@H](C(C)(C)C)Cc3s2)ccc1,,C05383723,100,1,0,0,0,0,1,0,1,0,0
O=C(Nc1[nH]nc(CCCC)c1)CCC=1NC(=O)c2c(sc3CCCCc23)N=1,,C64078250,73.84304,1,1,0,1,0,0,1,1,1,0
O=C(NCC(=O)Nc1c(N2C[C@@H](C)O[C@H](C)C2)cccc1)Nc1cc(C)ccc1,,C64836123,100,1,0,0,1,0,0,0,1,1,0
O=C(NCC(=O)Nc1sc(-c2c(C)cc(C)cc2)nn1)NCC1CCCC1,,C50612345,99.952148,1,0,0,1,0,1,0,0,1,0
O=C(NCCCOc1c(C)cccc1C)Nc1cc(C2=NNC(=O)C=C2)ccc1,,C66679005,60.545315,1,0,0,1,0,1,0,1,1,0
O(C)CCN(C)C(=O)Nc1cc(NC(=O)Nc2cccc3CCCCc23)ccc1,,C66957179,100,1,0,0,1,0,0,0,0,0,0
Clc1cc(CCNC(=O)NNC(=O)CC2CCCCC2)cc2OCCOc12,,C67038576,100,1,0,0,0,0,0,0,0,1,0
O(C)CCCNC(=O)N1CCc2c(NC(=O)Nc3ccc(C)cc3)cccc2C1,,C67580917,100,1,0,0,1,0,0,0,0,0,0
S(CC(=O)NC(=O)N)c1n(c(-c2ccc(C(C)(C)C)cc2)nn1)-c1ccccc1,,C03457868,99.962921,1,0,0,1,0,0,0,0,0,0
S(/C=C/1\[C@H](C(OC)=O)[C@H](c2ccc(F)cc2)NC(=O)N\1)c1[nH]c2ccccc2n1,,C03192532,90.216171,1,0,0,0,0,0,0,0,0,0
O(Cc1ccccc1)C(=O)[C@@H]1[C@@H](c2sc(C)cc2)C=2C(=O)NC(=O)NC=2NC1=C,,C03277060,99.999168,1,0,0,0,0,0,0,0,1,0
S(CC(=O)NC1CCCCC1)c1sc(NC(=O)Nc2ccc(F)cc2)nn1,,C04851264,99.920448,1,0,0,0,0,0,0,0,0,0
S(CC(=O)Nc1c(C)cccc1)c1sc(NC(=O)NC2CCCCC2)nn1,,C04851343,99.908646,1,0,0,1,0,0,0,0,0,0
S(CC(=O)NC(=O)NC(C)(C)C)c1sc(Nc2cc(C)ccc2)nn1,,C02655499,98.845978,1,0,0,1,0,0,0,0,1,0
S(CC(=O)Nc1cccc2C(=O)c3ccccc3C(=O)c12)c1sc(N)nn1,,C05636790,98.729561,1,0,0,1,0,1,0,1,0,0
Oc1c(/C=N\NC(=O)Nc2c(C(OCC)=O)c3CCCc3s2)cccc1,,C05953167,95.194725,1,0,0,1,0,0,0,1,0,0
S(=O)(=O)(Nc1sc(NC(=O)Nc2c(C)cccc2)c(C)n1)c1ccccc1,,C01125105,78.733208,1,0,0,1,0,1,0,1,1,0
Fc1ccc(NC(=O)Nc2scc(C(=O)Nc3c(OCC)cccc3)n2)cc1,,C09320113,100,1,0,0,1,0,0,0,0,0,0
S([C@@H](C)C(=O)N1CCCCCC1)[C@H](C)c1nc(N)nc(Nc2ccccc2)n1,,C12555830,100,1,0,0,1,0,0,0,1,0,0
Fc1c(-c2oc(C(=O)NNC(=O)CNc3sc4ccccc4n3)cc2)cccc1,,C14253057,99.89814,1,0,0,1,0,0,0,1,0,0
O=C1C(CC(C)C)=C(C)N=C(NC=2NC(=O)C(Cc3ccccc3)=C(C)N=2)N1,,C16808718,44.339916,1,0,0,0,0,0,0,0,0,0
O=C1C(CC=C)=C(C)N=C(NC=2NC(=O)C(Cc3ccc(C)cc3)=C(C)N=2)N1,,C16809492,45.283222,1,0,0,0,0,0,0,0,0,0
O=C(Nc1ccc(C)cc1)[C@H]1N=C(Nc2sc3ccccc3n2)NC(=O)C1,,C09045111,48.320202,1,0,0,1,0,0,0,0,0,0
O=C(NNC(=O)c1ccc(N(CC)CC)cc1)c1c(C)c2C(=O)CC(C)(C)Cc2[nH]1,,C24350510,100,1,0,0,0,0,0,0,0,0,0
S(CC(=O)NC(=O)N[C@H]1[C@H](C)CCCC1)c1nc(NC)c2ccccc2n1,,C24600307,65.876488,1,0,0,1,0,0,0,1,0,0
S(CC(=O)NC(=O)N[C@@H]1[C@H](C)CCCC1)c1nc(NC)c2ccccc2n1,,C24600310,65.876488,1,0,0,1,0,0,0,1,0,0
S([C@H](C)C(=O)Nc1ccc2NC(=O)Nc2c1)c1n(-c2c(C)cc(C)cc2)ccn1,,C24833684,80.799522,1,1,0,1,0,1,0,1,1,0
O=C(NCCC(=O)Nc1ccc2nc(N3CCCC3)sc2c1)Nc1ccccc1,,C25066980,100,1,0,0,0,0,1,0,0,1,0
Oc1cc(C=NNc2sc(NC(=O)c3occc3)c(-c3sccc3)n2)ccc1,,C26771338,98.485092,1,0,0,0,0,1,0,1,0,0
S=C1N[C@@H](c2ccc(C)cc2)C(C(=O)Nc2ccc([N+](=O)[O-])cc2)=C(C)N1,,C28423192,99.99987,1,0,0,0,0,0,0,0,0,0
Clc1cc(NC(=O)C=2[C@@H](c3cc([N+](=O)[O-])ccc3)NC(=S)NC=2C)ccc1,,C28526771,99.999138,1,0,0,0,0,0,0,0,0,0
O=C(Nc1cc(NC(=O)c2c(C)cc(NC(=O)c3occc3)s2)ccc1)CC,,C29076593,100,1,0,0,0,0,1,0,0,0,0
O=C(NC(C)C)Nc1ccc(NC(=O)COc2cccc3CC(C)(C)Oc23)cc1,,C31002863,100,1,0,0,1,0,0,0,0,0,0
S=C1N(C)C(C)=C(C(OC)=O)[C@H](c2cc(NC(=O)Nc3ccccc3)ccc2)N1,,C35304075,99.999855,1,0,0,0,0,0,0,0,0,0
Fc1cc(-n2c(N)c3c(-c4ccccc4)nc(NCc4ncccc4)nc3n2)ccc1,,C35576767,87.169922,1,1,0,1,0,0,1,1,0,0
Clc1c(-c2nc(N/C(=N/O)/C(=N/O)/c3ccccc3)nc(C)c2)scc1,,C39448598,52.981976,1,0,0,1,0,0,0,1,1,0
S(Cc1[nH]c2ccccc2n1)[C@@H]1N([C@H](c2nccnc2)NN1)c1ccc(C)cc1,,C39584163,84.976036,1,0,0,1,0,0,0,0,1,0
Oc1ccc(/C=N\NC(=O)Nc2c(C(OCC)=O)c3CCCc3s2)cc1,,C40840160,97.217834,1,0,0,1,0,0,0,0,0,0
S=C1N[C@H](c2c(F)cc(F)cc2)C(C(=O)Nc2cc([N+](=O)[O-])ccc2)=C(C)N1,,C41107297,99.999794,1,0,0,0,0,0,0,0,0,0
Brc1c(NC(=O)NCCNc2ccc([N+](=O)[O-])cc2)cccc1,,C43132589,99.996552,1,0,0,1,0,1,0,1,1,0
O=C(NNC(=O)c1c(C)c2ccccc2o1)N[C@@H](c1occc1)c1ccccc1,,C45156310,100,1,0,0,0,0,0,0,0,0,0
FC(F)(F)Oc1ccc(NC(=O)[C@@H](Nc2ccc3O[C@H](C)C(=O)Nc3c2)C)cc1,,C45521388,99.997345,1,0,0,0,0,0,0,1,1,0
Brc1c(NC(=O)NCCNc2ccc([N+](=O)[O-])cc2)ccc(F)c1,,C48452544,99.996552,1,0,0,1,0,1,0,1,1,0
O=C/1N(C2CCCCC2)C(=O)NC(=O)\C\1=C(/NCCc1c[nH]c2ccccc12)\CC,,C06186930,99.999222,1,0,0,0,0,0,0,0,0,0
S(=O)(=O)(N)c1cc(C(OC)=O)c(N[C@H](C)c2c(C)c3ccccc3o2)cc1,,C52432352,99.989624,1,0,0,1,0,0,0,1,0,0
S(=O)(=O)(N[C@H](CC(C)C)C(=O)N=C1Nc2ccccc2N1)c1ccc(C)cc1,,C17303605,57.010166,1,0,0,0,0,0,0,1,1,0
S(Cc1[nH]c2cc(C)ccc2n1)c1nc(N/N=C(\C)/c2sccc2)[nH]n1,,C21083071,44.929047,1,0,0,1,0,0,0,1,0,0
O=C(N[C@H](C)c1[nH]c2ccccc2n1)Nc1c(OC[C@H]2OCCCC2)cccc1,,C56562943,91.739258,1,0,0,0,0,0,0,1,0,0
O=C(NNC(=O)c1c(C)c2ccccc2o1)C[C@@H](NC(=O)c1ccccc1)C,,C17604037,100,1,0,0,0,0,0,0,0,0,0
O=C(NN1C(=O)C2(NC1=O)CCCCC2)CN[C@@H](C)c1ccc(C(C)C)cc1,,C38780506,77.684845,1,0,0,0,0,0,0,0,0,0
S(CC(=O)Nc1c(F)cc(C)cc1)c1nc(NN=C2CCCCC2)[nH]n1,,C59040228,94.797386,1,0,0,1,0,1,0,0,0,0
O=C(N/[NH+]=C/c1c([O-])ccc2ccccc12)C(=O)Nc1c(OCC)cccc1,,C03184169,74.121582,1,0,0,1,0,0,0,0,0,0
OC1=Nc2ccccc2N(C(=O)NCCCC(=O)Nc2cccc3ccccc23)C1,,C17113160,99.989456,1,0,0,1,0,1,0,1,1,0
Clc1cc([C@H]2N[C@@H](c3ccc4C(=O)N(CCCC)C(=O)Nc4c3)ON2)ccc1,,C64870610,98.018806,1,0,0,0,0,0,0,0,0,0
Clc1cc(-c2onc(C(=O)NNC(=O)NCCc3sccc3)c2)ccc1,,C65199609,100,1,0,0,1,0,0,0,1,0,0
Fc1ccc(N2C[C@H](CNC(=O)Nc3ccc(NC(OC)=O)cc3)CC2)cc1,,C66345957,100,1,0,0,1,0,0,0,0,0,0
O=C(Nc1cc(C2=NNC(=O)C=C2)ccc1)C[C@@H](NC(=O)C1CCCCC1)C,,C66642426,60.380756,1,0,0,1,0,1,0,1,0,0
O[C@H](CNC(=O)N[C@H](C)c1cc([N+](=O)[O-])ccc1)c1ccc2ccccc2c1,,C67461424,100,1,0,0,1,0,0,0,1,1,0
O(C)C(=O)NC(=O)c1c(NC(=O)c2c(OC)c(OC)ccc2)sc2C[C@H](C)CCc12,,C09298158,100,1,0,0,0,0,1,0,1,1,0
FC1(F)Oc2cc(NC(=O)CN3C(=O)[C@](C)(CCc4ccccc4)NC3=O)ccc2O1,,C03287374,99.999779,1,0,0,0,0,0,0,0,1,0
S=C1N(c2ccccc2)C(C)=C(C(=O)Nc2noc(C)c2)[C@H](c2cc(OC)c(OC)cc2)N1,,C10353067,99.999229,1,0,0,0,0,0,0,0,0,0
Brc1oc(C(=O)Nc2n(C=3NC(=O)C=C(CC)N=3)nc(-c3sccc3)c2)cc1,,C11854637,98.60656,1,0,0,1,0,1,0,1,1,0
O=C(Nc1n(C=2NC(=O)C=3CCCC=3N=2)nc(-c2sccc2)c1)[C@H](Oc1ccccc1)C,,C11855784,98.507996,1,0,0,0,0,0,0,0,0,0
O=C(Nc1n(C=2NC(=O)C=3CCCC=3N=2)nc(-c2sccc2)c1)[C@@H](Oc1ccccc1)C,,C11855785,98.507996,1,0,0,0,0,0,0,0,0,0
O=C(N1CCC([C@@]2(CCC)C(=O)N(C[C@@H]3OCCC3)C(=O)N2)CC1)c1[nH]c2ccc(C)cc2c1,,C11871713,99.999802,1,0,0,0,0,0,0,0,0,0
O=C(Nc1ccc2OC3(Oc2c1)CCCC3)CN1C(=O)[C@@](C)(c2ccc(C)cc2)NC1=O,,C11917733,99.999603,1,0,0,0,0,0,0,0,0,0
Fc1c(C(=O)Nc2n(C=3NC(=O)C=C(c4ccccc4)N=3)nc(-c3occc3)c2)ccc(F)c1,,C12009456,97.160851,1,0,0,0,0,0,0,1,0,0
O=C(Nc1n(C=2NC(=O)C=3CCCCC=3N=2)nc(C2CC2)c1)COc1ccc2ccccc2c1,,C12130512,98.61145,1,0,0,0,0,0,0,1,0,0
Fc1cc(NC(=O)Nc2n(C3CCN(C(=O)c4oc5ccccc5c4)CC3)ncc2)ccc1,,C12431533,99.502136,1,0,0,1,0,0,0,0,0,0
S(CC(=O)NN1C(=O)C2(NC1=O)CCCCC2)c1nc(-c2sccc2)nc2ccccc12,,C13109169,99.083504,1,0,0,0,0,0,0,0,0,0
S(CC(=O)NNC(=O)C(C)C)c1n2C(C(C)C)=Nc3sc4C[C@H](C)CCc4c3-c2nn1,,C13502543,99.695122,1,0,0,1,0,0,0,0,0,0
O=C(Nc1c(C(=O)[O-])sc(-c2ccccc2)c1)C[NH+]1[C@@H](c2n3C=CC=Cc3nn2)CCC1,,C14185013,94.614609,1,0,0,0,0,0,0,0,0,0
O(C)c1c(CCC)c([C@@H]2C(C#N)=C(N)OC=3CC(C)(C)CC(=O)C2=3)c(OC)c2OCOc12,,C15084747,100,1,0,0,0,0,0,0,0,1,0
O(C)c1c(CCC)c([C@H]2C(C#N)=C(N)OC=3CC(C)(C)CC(=O)C2=3)c(OC)c2OCOc12,,C15084749,100,1,0,0,0,0,0,0,0,1,0
S([C@@H](C)C(=O)NC(=O)NC(C)(C)C)c1n(c(-c2cnccc2)nn1)-c1c(C)cccc1,,C16072156,99.657181,1,0,0,0,0,1,0,0,0,0
Fc1ccc([C@H]2C(C(=O)Nc3cnccc3)=C(C)Nc3n2nc(-c2c(OC)cccc2)n3)cc1,,C17243693,90.121071,1,0,0,0,0,0,0,0,0,0
Fc1c(F)c(NC(=O)CNC(=O)c2cc([N+](=O)[O-])c(N3C[C@@H](C)CCC3)cc2)ccc1F,,C18049693,100,1,0,0,1,0,0,0,0,0,0
Clc1c(NC(=O)C[C@H]2C(=O)N/C(=N/c3ccc(Cl)cc3)/S2)cc([N+](=O)[O-])cc1,,C21133563,88.805481,1,0,0,1,0,0,0,0,1,0
O(CC)C(=O)c1c(NC(=O)CN2C(=O)[C@]3([C@@H](C)CCCC3)NC2=O)sc2C[C@@H](C)CCc12,,C21706360,99.999763,1,0,0,0,0,0,0,0,0,0
O(CC(=O)N1[C@@H](c2ccccc2)[C@H]2CCC/C(=C\c3ccccc3)/C2=N1)C(=O)c1c(N)nccn1,,C21868730,99.988647,1,0,0,0,0,0,0,0,0,0
O=[N+]([O-])c1ccc(N2C(N)=C(C(OCC)=O)[C@@H](c3sccc3)C=3C(=O)CC(C)(C)CC2=3)cc1,,C22022778,99.999695,1,0,0,0,0,0,0,0,0,0
Clc1cc(-n2ncc3C(=O)NC(SCC(=O)N[C@](C)(C(C)C)C#N)=Nc23)ccc1,,C22613949,72.717979,1,0,0,1,0,0,0,0,0,0
O=C(Nc1c(C(=O)N[C@@H](C)c2ccccc2)cccc1)CN1C(=O)N(C)C2(C1=O)CCCCC2,,C23269266,100,1,0,0,0,0,0,0,0,0,0
S(CC(=O)NC(=O)N[C@@H]1[C@H](C)CCCC1)c1n(c(-c2c(C)occ2)nn1)-c1ccccc1,,C23635381,99.854462,1,0,0,1,0,0,0,0,0,0
S(CC(=O)NC(=O)N[C@H]1[C@H](C)CCCC1)c1n(c(-c2c(C)occ2)nn1)-c1ccccc1,,C23635383,99.854462,1,0,0,1,0,0,0,0,0,0
S(=O)(=O)(N1CC(=O)NCC1)c1ccc(C(=O)Nc2c(Oc3ccc(C)cc3)cccc2)cc1,,C24973153,100,1,0,0,1,0,0,0,0,1,0
S([C@H](C)c1nc(N)nc(N(C)C)n1)C=1N(c2cc(F)c(C)cc2)C(=O)c2ccccc2N=1,,C25835497,98.686653,1,0,0,0,0,0,0,0,0,0
S(CC(=O)NC(=O)NCc1occc1)C=1N(c2c(C)cccc2C)C(=O)c2ccccc2N=1,,C28872170,98.801468,1,0,0,0,0,0,0,0,1,0
S([C@H](C)C(=O)NC(=O)NC1CCCCC1)c1n(c(N2CCCC2)nn1)-c1ccc(C)cc1,,C28034150,88.795929,1,0,0,1,0,0,0,0,0,0
S([C@@H](C)C(=O)NC(=O)NC1CCCCC1)c1n(c(N2CCCC2)nn1)-c1ccc(C)cc1,,C28034151,88.795929,1,0,0,0,0,0,0,0,0,0
Clc1ccc([C@@]2(CC)C(=O)N(CC(=O)Nc3c(C)n(-c4ccccc4)nc3C)C(=O)N2)cc1,,C31635145,99.968636,1,0,0,0,0,0,0,0,0,0
Clc1cc(-c2nn3[C@@H](c4cnc(F)cc4)C(C(=O)Nc4cnccc4)=C(C)Nc3n2)ccc1,,C32912761,96.198692,1,0,0,0,0,0,0,0,0,0
S(=O)(=O)(Nc1c(C)c(C)ccc1)c1c(C)ccc(-c2c(C)nn3C(=O)CCC(=O)Nc23)c1,,C33123031,96.735344,1,0,0,0,0,0,0,0,1,0
O=C(Nc1ccc(C#N)cc1)N1[C@H](C(=O)Nc2sc(-c3cc(C)ccc3)nn2)CCC1,,C35268271,99.951843,1,0,0,1,0,0,0,0,0,0
O=C(NC1CCC(Nc2nc(CC)nc3n(-c4ccc(C)cc4)nc(C)c23)CC1)c1occc1,,C36024887,62.854515,1,0,0,0,0,0,0,0,0,0
O[C@@H](CNC(=O)c1cccc2C(=O)C(C)=C(c3ccccc3)Oc12)c1ccc([N+](=O)[O-])cc1,,C36329744,100,1,0,0,0,0,1,0,1,0,0
S([C@H](C)C(=O)NC(=O)NC1CCCCC1)c1n(c(N2CCCCC2)nn1)-c1ccccc1,,C19299006,88.625038,1,0,0,1,0,0,0,0,0,0
O=C(Nc1cc(OC)c(OC)c(OC)c1)N1CCC2(Nc3ccccc3-n3cccc23)CC1,,C08617316,99.999016,1,0,0,0,0,0,0,1,1,0
O=C(Oc1ccc2[C@@H](c3oc(C)cc3)C(C#N)=C(N)Oc2c1)C=1C(=O)Oc2ccccc2C=1,,C38688665,100,1,0,0,0,0,0,0,0,0,0
O=C(Nc1c(Oc2ccccc2)cccc1)CN1C(=O)[C@@]2(NC1=O)CCOc1ccccc21,,C36676789,99.999367,1,0,0,0,0,0,0,0,0,0
O(CC(=O)Nc1ccc2ccccc2c1)C(=O)CN1C(=O)[C@]2(NC1=O)C[C@@H](C)CC(C)(C)C2,,C21973795,99.999748,1,0,0,0,0,1,0,1,1,0
O=C1C(C)=NNC(N/N=C/c2c(n(-c3ccccc3)nc2-c2ccccc2)-c2ccccc2)=N1,,C39866905,77.268066,1,0,0,0,0,0,0,0,0,0
O=C(O[C@@H]1CO[C@@H]2[C@@H](Nc3nc(-c4ccccc4)ccn3)CO[C@H]12)Nc1ccc(C)cc1,,C05434076,95.607925,1,0,0,0,0,0,0,0,0,0
S(=O)(=O)(N(CC(=O)N/N=C/1\C(=O)Nc2ccccc\12)c1ccccc1)c1ccc(C)cc1,,C16309546,99.999832,1,0,0,1,0,0,0,1,1,0
O(CC)C(=O)c1c(NC(=O)CN2C(=O)C3(NC2=O)CCC(C)CC3)sc2C[C@H](C)CCc12,,C08658443,99.999771,1,0,0,0,0,0,0,0,0,0
S([C@H](C)C(=O)NC(=O)NC12CC3CC(C1)CC(C2)C3)c1n(C2CC2)c(-c2cnccc2)nn1,,C26626999,99.576027,1,0,0,0,0,0,0,0,1,0
Clc1ccc([C@]2(C)C(=O)N(CC(=O)Nc3n(Cc4cc(C)ccc4)ncc3)C(=O)N2)cc1,,C59405078,99.659515,1,0,0,0,0,0,0,0,1,0
O(CC(=O)N[C@@H]1[C@@H](C)N(C)N(c2ccccc2)C1=O)C(=O)c1ccc2[nH]c3CCCCc3c2c1,,C40013255,100,1,0,0,0,0,0,0,0,0,0
Fc1c(NC(=O)COc2c(OC)cc([C@H]3[NH2+]CCc4c5ccccc5[nH]c34)cc2)cccc1,,C03400079,96.386467,1,0,0,0,0,0,0,0,0,0
O=C([C@H]([NH2+]C[C@@H](c1ccccc1)c1c[nH]c2ccccc12)C)N1CC(=O)Nc2ccccc12,,C09782266,55.197502,1,0,0,1,0,0,0,1,1,0
O=C([C@@H]([NH2+]C[C@H](c1ccccc1)c1c[nH]c2ccccc12)C)N1CC(=O)Nc2ccccc12,,C09782269,55.197502,1,0,0,1,0,0,0,1,1,0
O=C(NC(=O)CNc1c(C[NH+](C)C2CCCCC2)cccc1)Nc1ccccc1,,C10170575,99.936577,1,0,0,0,0,1,0,0,1,0
FC(F)(F)c1c(C[NH+]2[C@@H](CC(=O)NCC3(O)CCCCC3)C(=O)NCC2)cccc1,,C12058379,99.094383,1,0,0,1,0,1,0,0,1,0
S(c1c(NC(=O)C[NH+]2CCC(C(=O)N)(N3CCCCC3)CC2)cccc1)c1ccccc1,,C20481817,88.856346,1,0,0,1,0,0,0,0,1,0
Clc1ccc(Nc2nc(N)nc(C[NH+](C)Cc3c(C(F)(F)F)cccc3)n2)cc1,,C25533119,50.358665,1,0,0,1,0,1,0,1,0,0
Clc1c(NC(=O)[C@H]2[NH+](CC(=O)NC(=O)NC3CCCC3)CCC2)ccc(Cl)c1,,C26457480,99.84919,1,0,0,1,0,1,0,0,1,0
Clc1c(NC(=O)[C@@H]2[NH+](CC(=O)NC(=O)NC3CCCC3)CCC2)cc(Cl)cc1,,C26603214,99.852814,1,0,0,1,0,1,0,0,1,0
O=C(Nc1ccccc1)C[NH+]1CCC(NC(=O)[C@H](NC(=O)C2CCCCC2)C(C)C)CC1,,C14847422,61.625332,1,0,0,0,0,0,0,0,0,0
O(CC)C(=O)Cc1nc(NC(=O)c2c(N)c3cc4cc(C)c(C)cc4[nH+]c3s2)sc1,,C35291649,99.781509,1,0,0,0,0,0,0,0,0,0
O=C(Nc1c(C(=O)N)c2CCCCc2s1)CN1CC[NH+](C/C=C/c2ccccc2)CC1,,C21548697,99.126656,1,0,0,1,0,0,0,0,0,0
O=C(NCCC[NH+]1[C@@H](C)CCCC1)c1ccc2N[C@@H](CC(C)C)C(=O)Nc2c1,,C06919961,99.966537,1,0,0,1,0,0,0,0,1,0
O=C(NCCC[NH+]1[C@H](C)CCCC1)c1ccc2N[C@@H](CC(C)C)C(=O)Nc2c1,,C06919960,99.966537,1,0,0,1,0,0,0,0,1,0
Nc1c(NN(c2ccccc2)c2ccccc2)[nH+]cnc1N1[C@H](CC)CCCC1,,C40733454,55.44746,1,0,0,0,0,0,0,0,0,0
Brc1c(Nc2c(N)c(N(Cc3ccccc3)c3ncccc3)nc[nH+]2)cccc1,,C40781458,88.816757,1,0,0,1,0,1,0,1,1,0
Fc1c(OC)ccc([C@H]([NH2+][C@H](C)C(=O)NC(=O)Nc2c(C)cc(C)cc2)C)c1,,C42640223,66.670609,1,0,0,0,0,0,0,0,1,0
O=C(NC1CC(C)(C)[NH2+]C(C)(C)C1)Nc1ccc(CC(=O)N(CC)CC)cc1,,C44144148,99.993446,1,0,0,0,0,0,0,0,1,0
Fc1c(NC(=O)C2CCCCC2)cc(NC(=O)NCc2c(N(C)C)[nH+]ccc2)cc1,,C48369145,87.180946,1,0,0,1,0,1,0,1,0,0
O=C(Nc1cc(NC(=O)C[NH+](C)C(C2CC2)C2CC2)ccc1)Nc1ccccc1,,C50988909,75.748291,1,0,0,0,0,0,0,0,0,0
O=C(NCCc1c[nH]c2ccc(C)cc12)[C@H]1CN(c2[nH+]c3ccc(C)cc3[nH]2)CCC1,,C33072112,90.075287,1,0,0,1,0,0,0,0,0,0
O=C(NC1CC[NH+]([C@@H](C)C(=O)NCC2CCCCC2)CC1)NC1CCCCC1,,C55027384,85.376991,1,0,0,0,0,0,0,0,0,0
O=C(NC1CC[NH+]([C@H](C)C(=O)NCC2CCCCC2)CC1)NC1CCCCC1,,C55027387,85.376991,1,0,0,0,0,0,0,0,0,0
O=C(NC1CC[NH+](CC(=O)NC2CCCCCCC2)CC1)NC1CCCCC1,,C55028043,59.65276,1,0,0,0,0,0,0,0,0,0
O=C(NC1CC[NH+](CC(=O)NCCc2c(C)cccc2)CC1)Nc1ccccc1,,C55031150,57.603859,1,0,0,1,0,1,0,0,0,0
O=C(Nc1ccc(N[C@H](C)C(=O)Nc2ccccc2)cc1)C[NH+]1CCCCCC1,,C56170945,81.858513,1,0,0,0,0,0,0,0,0,0
Clc1ccc(SCCNC(=O)NC2CC[NH+](CC(=O)Nc3ccccc3)CC2)cc1,,C26283179,59.981842,1,0,0,1,0,0,0,0,0,0
O=C(N[C@@H](CC(C)C)c1ccccc1)NC1CC[NH+](CC(=O)Nc2ccccc2)CC1,,C29733084,60.050045,1,0,0,0,0,0,0,0,0,0
O=C(N[C@H](CC(C)C)c1ccccc1)NC1CC[NH+](CC(=O)Nc2ccccc2)CC1,,C29733083,60.050045,1,0,0,1,0,0,0,0,0,0
O=C(NC[C@H]([NH+]1CCCC1)c1sccc1)Nc1c(C)ccc(NC(=O)C2CC2)c1,,C57543443,99.184631,1,0,0,0,0,0,0,1,0,0
O=C(NC1CC[NH+](CC(=O)NC[C@@H](CC)c2ccccc2)CC1)Nc1ccccc1,,C55031037,57.534081,1,0,0,1,0,0,0,0,0,0
O=C(NC1CC[NH+](CC(=O)N[C@H](C(C)C)c2ccccc2)CC1)Nc1ccccc1,,C55031891,56.245308,1,0,0,1,0,0,0,0,0,0
FC(F)(F)c1[nH]c2ccc(NC(=O)C[NH+]3C[C@H](Nc4ccccc4)CC3)cc2n1,,C60369940,43.62048,1,0,0,1,0,1,0,1,1,0
FC(F)(F)c1[nH]c2ccc(NC(=O)C[NH+]3C[C@@H](Nc4ccccc4)CC3)cc2n1,,C60369941,43.62048,1,0,0,1,0,1,0,1,1,0
O=C(N[C@H](C)[C@@H]1C[C@@H]2CC[C@H]1C2)NC1CC[NH+](CC(=O)Nc2ccccc2)CC1,,C61654769,59.927689,1,0,0,1,0,0,0,0,0,0
O=C(NCCC=1C[NH+]=C2C=CC=CC=12)CNC(=O)c1ccc2NO[C@H](c3ccccc3)c2c1,,C63279481,82.518318,1,0,0,0,0,0,0,0,0,0
S=C(NNC=1[NH+]=C2[C@@H](C(=O)N=1)C1(CCCC1)Cc1ccccc21)NCC(C)=C,,C63398614,98.253273,1,0,0,0,0,0,0,0,1,0
Clc1ccc(NC(=O)NNC(=O)CSC=2[C@@H](C)[NH+]=C3C=CC=CC=23)cc1,,C63598779,76.60804,1,0,0,0,0,0,0,0,0,0
O=C(NCC(=O)NC[C@@H](c1ccccc1)C=1C[NH+]=C2C=CC=CC=12)NCc1ccccc1,,C64160224,85.473969,1,0,0,1,0,1,0,0,1,0
[O-]C=1N2[C@H]([C@H]3CCC=CC3)[NH+]=C(NCCC=3C[NH+]=C4C=CC=CC=34)N=C2NC(=C)C=1,,C64717677,91.404099,1,0,0,0,0,0,0,0,1,0
O=C(NCc1cc(OC)ccc1)N1C[C@@]2(/C(=[NH+]/C(C)(C)C)/Nc3ccccc3CN2)CC1,,C65266031,60.786747,1,0,0,0,0,0,0,0,1,0
O=C(Nc1cc(C)ccc1)/N=C(/NCCC=1C[NH+]=C2C=CC=CC=12)\Nc1nc(C)cc(C)n1,,C63479651,65.0914,1,0,0,1,0,1,0,0,1,0
O(C)C(=O)Nc1ccc(NC(=O)NC[C@@H]2[NH+](Cc3ccccc3)CCCC2)cc1,,C65412563,99.577248,1,0,0,1,0,1,0,0,0,0
O(CC)C(=O)Nc1c(C)c(NC(=O)NC[C@@H]([NH+](C)C)c2ccc(C)cc2)ccc1,,C65415914,98.538963,1,0,0,1,0,1,0,0,0,0
O=C(N[C@H](C)Cc1occc1)Nc1cc(NC(=O)C[NH+]2CCCCC2)c(C)cc1,,C65421580,76.117134,1,0,0,1,0,1,0,0,0,0
O=C(NCC(C)(C)[NH+]1C[C@H](C)CCC1)N[C@H](C)c1ccc(NC(=O)CC)cc1,,C65550119,99.969887,1,0,0,1,0,0,0,0,1,0
S(=O)(=O)(N)c1cc([N+](=O)[O-])cc(NC2CC[NH+](CC3CCCCC3)CC2)c1,,C65946389,99.929779,1,0,0,0,0,0,0,0,1,0
O=C(N[C@@H](C(C)C)C(=O)Nc1cccc2C[NH+](CCC)Cc12)Nc1ccccc1,,C66515221,98.877045,1,0,0,0,0,0,0,0,0,0
Clc1ccc(C(NC(=O)NC2CC[NH+](CC(=O)NCCC)CC2)(C)C)cc1,,C67390256,59.603943,1,0,0,0,0,0,0,0,0,0
O=C(NNC(=O)c1c(OC)cccc1)NC[C@H]1[NH+](CC2CCCCC2)CCC1,,C67481935,99.845169,1,0,0,0,0,0,0,0,1,0
Clc1ccc2NC(=O)[C@@]3(C(C#N)=C(N)OC(CCC)=C3C(OCC)=O)c2c1,,C00850918,99.99794,1,0,0,0,0,0,0,0,1,0
O=[N+]([O-])c1c(C)cc(C(=O)Nc2c(C(=O)N)c3CC[C@@H](C)Cc3s2)cc1,,C00673721,100,1,0,0,0,0,0,0,0,0,0
O=[N+]([O-])c1ccc(/C=C/C(=O)Nc2c(C(=O)N)c3CC[C@H](C)Cc3s2)cc1,,C00668475,100,1,0,0,1,0,1,0,0,0,0
S=C1N[C@H](c2ccc([N+](=O)[O-])cc2)C(C(=O)Nc2c(C)cccc2)=C(C)N1,,C00845695,99.999168,1,0,0,0,0,0,0,0,0,0
S(CC(=O)Nc1ccc2NC(=O)Nc2c1)c1nc(-c2ccc(F)cc2)ccn1,,C04967950,99.958351,1,1,0,1,0,0,1,1,0,0
S=C1N[C@H](c2cc([N+](=O)[O-])ccc2)C(C(=O)Nc2c(F)cccc2)=C(C)N1,,C04990972,99.999123,1,0,0,0,0,0,0,0,0,0
O=C(NNC(=O)[C@H](Oc1ccc(C#N)cc1)C)Nc1cccc2ccccc12,,C01002427,100,1,0,0,0,0,0,0,0,1,0
O=[N+]([O-])c1cc(C(=O)Nc2c(C(=O)N)c3CCCCCCc3s2)ccc1,,C05671419,100,1,0,0,1,0,1,0,1,1,0
O(CC(=O)Nc1ccc2NC(=O)Nc2c1)C(=O)c1ccc2CCCCc2c1,,C07736021,99.998329,1,1,0,1,0,0,0,1,1,0
Fc1c(NC(=O)NC(=O)COC(=O)c2ccc3[nH]c(C)c(C)c3c2)cccc1,,C08073637,100,1,0,0,1,0,0,0,1,1,0
S=C(NC(=O)C12CC3CC(C1)CC(C2)C3)Nc1c(O)cc([N+](=O)[O-])cc1,,C03878499,82.920677,1,0,0,0,0,0,0,0,1,0
Fc1c(O)ccc(C2(c3cc(F)c(O)cc3)C(=O)Nc3ccc([N+](=O)[O-])cc23)c1,,C15017004,67.070198,1,0,0,1,0,0,0,0,1,0
Clc1cc(NC(=O)[C@H]2[C@@]3(C)Oc4c(OC)cccc4[C@@H]2NC(=O)N3)ccc1,,C16448911,99.755371,1,0,0,1,0,0,0,1,0,0
O=C(N[C@@H](C)C=1N=C(N2CCC(C)CC2)NC(=O)C=1)Cc1c[nH]c2ccccc12,,C19497004,70.503242,1,0,0,1,0,0,0,1,1,0
O=C1[C@H](C#N)[C@@H](c2cc(C)ccc2)C=2C(=O)NC(Nc3ccccc3)=NC=2N1,,C19961383,65.260078,1,0,0,0,0,0,0,0,0,0
S(C)c1nn2[C@H](c3cc(Oc4ccccc4)ccc3)C(C(=O)N)=C(C)Nc2n1,,C20413820,85.00502,1,0,0,1,0,0,0,0,0,0
S(CC(=O)c1ccc2ccccc2c1)c1n(N)c(-c2n[nH]c3CCCc23)nn1,,C28382435,83.412849,1,0,0,1,0,0,0,0,0,0
O=C(Nc1sc(CC(=O)Nc2cc(C)ccc2)nn1)Nc1c(C)cccc1,,C17124325,99.928688,1,0,0,1,0,0,0,1,1,0
Nc1n(-c2ccccc2)nc2nc(NCc3ncccc3)nc(-c3ccccc3)c12,,C35576590,87.246231,1,1,0,1,0,0,1,1,0,0
[O-]c1oc2cc(-c3c(C[NH+]4[C@@H](C)CCCC4)n4C=C(N)C=Cc4n3)ccc2n1,,C36272496,97.878014,1,1,0,1,0,1,0,1,1,0
Fc1ccc(C=2[C@H]([C@@H]3C(C#N)=C(N)O[C@@H]4NN=C(C(C)(C)C)[C@H]34)C=NN=2)cc1,,C39210296,50.97237,1,0,0,0,0,0,0,0,0,0
O(C)C(=O)c1ccc([C@H]2C(C(OC)=O)=C(C)Nc3sc(C#N)c(N)c23)cc1,,C39327030,90.871964,1,0,0,0,0,0,0,0,0,0
O=C(N[C@@H](C(C)C)c1[nH]c2ccccc2n1)Nc1cc(N2C(=O)CCC2)ccc1,,C43847036,91.723495,1,0,0,0,0,0,0,0,0,0
S=C1N[C@H](c2cc(C)ccc2)C(C(=O)Nc2cc([N+](=O)[O-])ccc2)=C(C)N1,,C45326711,99.999207,1,0,0,0,0,0,0,0,0,0
O=C(NNC(=O)c1c(C)c2ccccc2o1)NC[C@H]1CN(c2ccccc2)CC1,,C46958822,100,1,0,0,0,0,0,0,0,0,0
Clc1cc(/C=C\C(=O)N[C@@H](C)c2ccc3NC(=O)Nc3c2)cc2OCOc12,,C47535043,99.997879,1,0,0,0,0,0,0,0,0,0
Clc1cc(/C=C/C(=O)N[C@H](C)c2ccc3NC(=O)Nc3c2)cc2OCOc12,,C47535046,99.997879,1,0,0,0,0,0,0,0,0,0
O=C(NCC(=O)Nc1c(C)cc(C)cc1C)Nc1ccc2OC(C)(C)Oc2c1,,C48541904,100,1,0,0,0,0,0,0,0,1,0
Brc1c(OC[C@@H](C)/C(/N)=N/O)c(Br)cc([N+](=O)[O-])c1,,C50441392,97.542023,1,0,0,1,0,1,0,0,1,0
[O-]C=1N2[C@@H](c3ccccc3)[NH+]=C(NCCc3c[nH]c4ccccc34)N=C2N=C(C)C=1,,C20028282,61.270634,1,0,0,0,0,0,0,0,0,0
O(C)c1c([C@H]2[NH+]=C(NC3CCCCC3)N=C3NC(=C)C=C([O-])N23)cccc1,,C19992131,31.405674,1,0,0,0,0,0,0,0,0,0
O=C1[C@](C)(c2ccc(C=3NC(=O)c4c(CC(C)C)csc4N=3)cc2)NC(=O)N1,,C55501835,96.998543,1,0,0,0,0,0,0,0,0,0
O=C(CNc1c(C)c(C(=O)NC)ccc1)N1[C@H](C)CC(=O)Nc2ccccc12,,C55854968,99.997215,1,0,0,0,0,0,0,0,0,0
O=C(OC(C)(C)C)NCC1CCC(C(=O)N=C2Nc3ccccc3N2)CC1,,C13734030,62.380947,1,0,0,1,0,0,0,0,0,0
O=C(NC1CCCCC1)CCNC(=O)N1C[C@@H](c2[nH]c3ccccc3n2)CCC1,,C57177777,85.387924,1,0,0,1,0,1,0,0,0,0
O=C(Nc1cc(C(=O)N=C2Nc3ccccc3N2)ccc1)[C@H]1Oc2ccccc2C1,,C45583220,56.384281,1,0,0,0,0,1,0,0,0,0
O=C(N[C@@H](C)c1n(CC)c2ccccc2n1)Nc1ccc2NC(=O)CCc2c1,,C62385318,78.603325,1,0,0,1,0,1,0,0,0,0
O=C(N/N=C/1\C(=O)Nc2ccccc\12)c1c(NC(=O)c2ccccc2)cccc1,,C05649912,99.999847,1,0,0,0,0,0,0,1,0,0
S=C1N(CCC(=O)Nc2ccc3O[C@H](C)Nc3c2)C(c2cc(C)ccc2)=NN1,,C64173563,98.619232,1,0,0,1,0,1,0,1,1,0
O=C(NC1CC1)Nc1ccc([C@H](NC(=O)N2C[C@H](C)OC(C)(C)C2)C)cc1,,C65690251,100,1,0,0,0,0,0,0,0,0,0
O=C(Nc1ccc2OCC(=O)Nc2c1)C[C@@H](NC(=O)C1CCCCC1)C,,C66273733,99.998878,1,0,0,1,0,0,0,0,1,0
O=C(N)[C@@H]1CN(c2ccc(C(=O)Oc3ccc4NC(=O)CCc4c3)cc2)CCC1,,C66510675,99.99968,1,0,0,0,0,0,0,0,0,0
O=C(NNC(=O)[C@H]1N(C(=O)c2ccccc2)[C@H]2CCCC[C@H]2C1)NCC(C)C,,C66632691,100,1,0,0,0,0,0,0,0,0,0
O=C(NCc1nc(C(C)(C)C)sc1)Nc1cc(C2=NNC(=O)C=C2)ccc1,,C66679088,60.536869,1,0,0,1,0,0,0,1,1,0
O=C(NCc1c(N2CCCC2)cccc1)Nc1cc(C2=NNC(=O)C=C2)ccc1,,C66679718,60.541561,1,0,0,0,0,0,0,1,0,0
O[C@]1(CNC(=O)c2[nH]c3c([N+](=O)[O-])cccc3c2)CCCc2ccccc12,,C66930774,100,1,0,0,0,0,0,0,1,1,0
Fc1ccc(NC(=O)C=2[C@@H](c3ccc(O[C@H](C)C#N)cc3)NC(=O)NC=2C)cc1,,C67029351,99.942589,1,0,0,0,0,0,0,0,0,0
O=C(NNC(=O)N1C[C@H](C(=O)NC2CCCCC2)CCC1)CC1CCCCC1,,C67103550,100,1,0,0,0,0,0,0,0,1,0
O[C@@H](CNC=1NC(=O)c2cnn(C(C)(C)C)c2N=1)c1ccc2ccccc2c1,,C67372880,41.692696,1,1,0,0,0,0,0,1,1,0
O=C(N[C@@H](C)c1ccc2OCC(=O)Nc2c1)N1C[C@H](Nc2ccccc2)CC1,,C67624107,99.998238,1,0,0,1,0,1,0,0,1,0
Fc1c(OCn2nc(C(=O)Nc3c(C(=O)N)c4CCCCc4s3)cc2)cccc1,,C02786274,100,1,0,0,1,0,1,0,1,1,0
S([C@@H](C(C)C)C(=O)NC(=O)N)C=1N(CC=C)C(=O)c2c(sc3CCCCc23)N=1,,C05212642,99.55439,1,0,0,0,0,0,0,1,1,0
S([C@H](C(C)C)C(=O)NC(=O)N)C=1N(CC=C)C(=O)c2c(sc3CCCCc23)N=1,,C05212643,99.55439,1,0,0,1,0,0,0,0,1,0
O[C@@H]1CN([C@@H](C(=O)N)C1)c1nc(-c2cnccc2)nc2scc(-c3ccccc3)c12,,C06863745,95.678551,1,0,0,0,0,0,0,0,0,0
O=C(NNC(=O)c1c(C)n(c(C)c1)-c1ccccc1)CNC(=O)C12CC3CC(C1)CC(C2)C3,,C08826316,100,1,0,0,0,0,0,0,0,0,0
Fc1ccc(NC(=O)c2c(NC(=O)C(=O)N[C@@H](C)c3ccccc3)c3ccccc3o2)cc1,,C09705780,100,1,0,0,0,0,0,0,0,0,0
S(=O)(=O)(N(C)C(C)C)c1ccc(C(=O)Nc2c(C(=O)N)c3CC[C@@H](C)Cc3s2)cc1,,C10098284,100,1,0,0,0,0,0,0,0,0,0
Clc1cc(C(F)(F)F)c(NC(=O)CSc2n(N)c(-c3occc3)nn2)cc1,,C11670576,99.923958,1,0,0,0,0,1,0,0,0,0
O=C(Nc1ccc(N2CCCCCC2)cc1)CN1C(=O)C(N)=CC(c2sccc2)=N1,,C12146733,90.508438,1,0,0,1,0,0,0,1,0,0
O=C(NN1C(=O)C2(NC1=O)CCCCC2)Cc1c(-c2sccc2)[nH]c2ccccc12,,C12613640,99.692207,1,0,0,0,0,0,0,0,0,0
O=C(CN1C(=O)[C@@H](Cc2c[nH]c3ccccc23)NC1=O)c1c[nH]c2c(CC)cccc12,,C12846269,99.997032,1,1,0,0,0,0,0,0,0,0
O=C(N[C@H](C)c1cc(C)c(C)cc1)CN1C(=O)[C@H](Cc2c[nH]c3ccccc23)NC1=O,,C14281127,99.99958,1,0,0,0,0,1,0,0,1,0
O=C(N(Cc1ccccc1)C1=C(N)N(Cc2ccccc2)C(=O)NC1=O)c1sc(C)cc1,,C14383127,99.996162,1,0,0,0,0,0,0,1,1,0
O=C(Nc1c(C(=O)N[C@H](C)c2ccccc2)cccc1)CC1=NNC(=O)c2ccccc12,,C14792634,86.019836,1,0,0,1,0,1,1,1,1,0
S(CC(=O)NC(=O)N)C=1N(c2ccc(C)cc2)C(=O)c2c(sc3CCCCc23)N=1,,C03572727,99.799454,1,0,0,1,0,0,0,1,1,0
Fc1ccc(NC(=O)N2CC[C@H]3CC(=O)N([C@@H](Cc4ccccc4)C(=O)N)CC[C@H]3C2)cc1,,C15673090,100,1,0,0,0,0,0,0,0,0,0
Brc1cc(OCC)c(O)c(/C=N\NC(=O)[C@@H]2[C@H](c3ccccc3)CNC2=O)c1,,C15930085,87.246849,1,0,0,0,0,0,0,0,0,0
S(=O)(=O)(N[C@@H](C)C(=O)NNC(=O)c1sc2CCCc2c1)c1c(C)c(C)cc(C)c1C,,C17446280,89.452873,1,0,0,0,0,0,0,0,0,0
O=C(N[C@@H](C(C)C)C=1N=C(c2ncccc2)NC(=O)C=1)c1cccc2c(C)c(C)[nH]c12,,C19576930,98.542015,1,0,0,0,0,0,0,0,0,0
Clc1c(C)n([C@@H](C)C(=O)Nc2c(C(=O)N)sc3nc(C(F)F)cc(C)c23)nc1C,,C19634908,99.316704,1,0,0,0,0,0,0,0,0,0
O=C(CCC=1NC(=O)c2c(sc3C[C@@H](C(C)(C)C)CCc23)N=1)N1CCC(C(=O)N)CC1,,C21882637,95.388405,1,0,0,0,0,0,0,0,1,0
S(Cc1ccc(C(=O)NNC(=O)c2cc(C#N)ccc2)cc1)c1[nH]c2ccccc2n1,,C22738240,86.636078,1,0,0,1,0,0,0,0,0,0
S(=O)(=O)(N[C@H](C(C)C)c1ccc(C(C)C)cc1)c1ccc2NC(=O)C(=O)Nc2c1,,C23402557,94.831871,1,0,0,1,0,0,0,1,0,0
O=C(Nc1c(C)cc(C)cc1C)CNC(=O)c1c(C)cc(NC(=O)c2occc2)s1,,C24937118,100,1,0,0,0,0,0,0,0,0,0
OC1=C(C)N(CC[C@@H]2Oc3c(C)c(C)c(OC(=O)c4ccc(N)cc4)c(C)c3C2)C=CC1=O,,C26972290,99.12384,1,0,0,0,0,0,0,1,0,0
O=C(NNC(=O)c1c(-c2ccccc2)nn(-c2ccccc2)c1)Cc1c[nH]c2ccccc12,,C27008476,99.994865,1,0,0,1,0,0,0,0,0,0
S(Cc1nc(N)nc(Nc2ccccc2)n1)C=1SC(=S)N(c2ccccc2)N=1,,C02591901,100,1,0,0,1,0,0,1,1,0,0
O=C(N[C@@H](C(C)C)C(=O)N1C[C@@H](C(=O)Nc2ccccc2)CCC1)Nc1ccccc1,,C32845275,100,1,0,0,0,0,0,0,0,0,0
S(CC(=O)Nc1c(C#N)c2CCCCc2s1)c1n(N)c(C2CCCCC2)nn1,,C06599923,99.231232,1,0,0,0,0,0,0,1,0,0
S(=O)(=O)(N[C@@H](C(=O)Nc1ccccc1)c1ccccc1)c1ccc2NC(=O)CCc2c1,,C32932926,83.973114,1,0,0,0,0,0,0,1,1,0
Clc1c(OCC(=O)Nc2c(C(=O)N)c3CCCCc3s2)cc2OC(=O)C=C(C)c2c1,,C36259962,100,1,0,0,1,0,1,0,0,1,0
Clc1ccc2[nH]cc(CCN3C(=O)C[C@@H](C(=O)NC=4S[C@@H](C(C)C)NN=4)C3)c2c1,,C39252132,90.281921,1,0,0,1,0,0,0,0,1,0
S(CC(=O)Nc1sc2ccccc2n1)[C@@H]1N(c2ccccc2)C(=O)[C@H](CC)[C@H](O)N1,,C39272137,99.965347,1,0,0,1,0,0,0,0,1,0
S(CC(=O)Nc1sc2ccccc2n1)[C@@H]1N(c2ccccc2)C(=O)[C@H](CC)[C@@H](O)N1,,C39272139,99.965347,1,0,0,0,0,0,0,0,1,0
S(CC(=O)Nc1sc2ccccc2n1)[C@@H]1N(c2ccccc2)C(=O)[C@@H](CC)[C@@H](O)N1,,C39272140,99.965347,1,0,0,1,0,0,0,0,0,0
S(=O)(=O)(N1[C@@H](CC)CCCC1)c1ccc(C(=O)Nc2c(C(=O)N)c(C)c(C)s2)cc1,,C39737810,100,1,0,0,0,0,0,0,1,1,0
O=C(Nc1c(C(=O)N)c2CCCCc2s1)CN(C(=O)c1occc1)C1CCCCC1,,C40010060,100,1,0,0,0,0,1,0,0,1,0
S([C@@H](CC)C(=O)Nc1c(C(=O)N)c(C)c(C)s1)c1n-2c(nn1)C=Cc1ccccc-21,,C40169849,99.821152,1,0,0,1,0,0,0,0,0,0
O=C(NNC(=O)c1c(NC(=O)c2ccc(OC(C)C)cc2)sc2CCCCCc12)C,,C44452946,100,1,0,0,0,0,1,0,0,0,0
O=C(NNC(=O)c1c(NC(=O)c2ccc3ncsc3c2)sc2CCCCCc12)C,,C44452956,100,1,1,0,0,0,1,0,0,0,0
O=C(NCCC(=O)Nc1ccc(C(=O)N2CCCC2)cc1)NC12CC3CC(C1)CC(C2)C3,,C45863264,100,1,0,0,0,0,0,0,0,1,0
Fc1c(N2C(=O)CCC2)cc(NC(=O)CCNC(=O)NC23CC4CC(C2)CC(C3)C4)cc1,,C46775880,100,1,0,0,0,0,0,0,0,1,0
O=C1[C@@]2(N[C@@H](Cc3c[nH]c4ccccc34)[C@H]3C(=O)N(CCCC)C(=O)[C@@H]23)c2ccccc2N1,,C20756821,99.21666,1,0,0,1,0,0,0,0,0,0
Clc1ccc2NC(=O)[C@@]3(N[C@H](Cc4ccc(O)cc4)[C@H]4C(=O)N([C@H](C)CC)C(=O)[C@@H]34)c2c1,,C35375423,97.95282,1,0,0,1,0,0,0,0,0,0
FC(F)(F)[C@@H]1n2nc(C(=O)NCCc3c[nH]c4ccccc34)cc2N[C@H](c2occc2)C1,,C00918693,99.595047,1,0,0,0,0,0,0,1,0,0
O=C(NC[C@H]1Oc2ccccc2OC1)N[C@@H](c1ccccc1)c1ccc2nc[nH]c2c1,,C40071262,48.664387,1,1,0,1,0,0,1,1,0,0
Clc1c(N[C@@H](C(C)C)C(=O)N2CCC3(C(=O)NC(=O)N3)CC2)ccc(C(F)(F)F)c1,,C59875969,99.996254,1,0,0,0,0,0,0,0,0,0
Fc1ccc2NC(=O)/C(=N/NC(=O)/C(/NC(=O)c3ccccc3)=C/c3ccccc3)/c2c1,,C15015411,99.999763,1,0,0,0,0,0,0,0,0,0
S(CC(=O)Nc1c(C(=O)N)c2CCCc2s1)c1oc(-c2cc(C)ccc2)nn1,,C64981082,99.998093,1,0,0,1,0,1,0,1,0,0
FC(F)(F)c1cc(-c2cnccc2)nc2sc(C(=O)Nc3noc(C)c3)c(N)c12,,C65365548,99.666107,1,0,0,0,0,0,0,0,0,0
O=C(Nc1c(C(=O)N)cccc1)CC=1C(=O)Oc2c(C)c3occ(C)c3cc2C=1C,,C06624531,100,1,0,0,0,0,1,0,1,1,0
S(CC(=O)Nc1n(C2CCCCC2)c(C)c(C)c1C#N)c1sc(N)nn1,,C08539947,98.726822,1,0,0,1,0,0,0,1,0,0
O=C(NCC(C)C)C(=O)Nc1c(C(=O)Nc2c(C)cccc2)oc2ccccc12,,C09705813,100,1,0,0,0,0,0,0,0,0,0
S([C@@H](C(C)C)C(=O)NC(=O)N)c1nc(-c2occc2)nc2ccccc12,,C12885788,99.680878,1,0,0,1,0,0,0,0,1,0
FC(F)Oc1c(NC(=O)C2=NN([C@@H](C(=O)N)C2)c2ccc(F)cc2)cccc1,,C12998638,100,1,0,0,0,0,0,0,0,0,0
Fc1c(C(C)(C)CNC(=O)c2ccc(NC=3NN=CC(=O)N=3)cc2)cccc1,,C19719251,57.390347,1,0,0,0,0,0,0,0,0,0
O=C1N(CCC)C(=O)C([C@H]2[NH2+]CCc3c4ccccc4[nH]c23)=C([O-])N1CCC,,C20612289,98.171944,1,0,0,0,0,0,0,0,0,0
S(CC(=O)N1[C@H](C(F)(F)F)CC(=O)Nc2ccccc12)c1sc(N)nn1,,C22242348,98.73172,1,0,0,0,0,0,0,1,0,0
O=C(NC(=O)[C@H](Nc1ccc(N2C(=O)CCC2)cc1)C)Nc1ccc(C)cc1,,C25256767,99.998749,1,0,0,1,0,0,0,0,0,0
O[C@@H]1CC(C)(C)Cc2oc(C(=O)NNC(=O)c3c(OC)cccc3)c(C)c12,,C27816997,100,1,0,0,0,0,0,0,0,0,0
S(CC(=O)NC(C)(C)C)c1n2C(N)=NC(C)=C(Cc3ccccc3)c2nn1,,C35315351,80.856491,1,0,0,1,0,1,0,1,0,0
S(CC(=O)NNC(=O)c1c(C)cccc1)C=1NC(=O)C=C(c2ccccc2)N=1,,C05165019,97.774353,1,0,0,1,0,1,0,1,0,0
Clc1ccc(N2[C@H](CC=3NC(=O)NC(=O)C=3)NN=C2SCC=C)cc1,,C39363003,99.990662,1,0,0,1,0,0,0,1,1,0
Fc1ccc(C(=O)N/N=C/2\CCCc3oc(C(=O)NNC(C)(C)C)c(C)c\23)cc1,,C40811983,99.995735,1,0,0,1,0,0,0,0,0,0
O[C@@H]1[C@H](O)[C@H](Oc2ccc3ccc4cccc5ccc2c3c45)O[C@H](C(OC)=O)[C@H]1O,,C44963631,100,1,0,0,0,0,0,0,0,1,0
O=C(NNC(=O)c1nc2ccccc2cc1)N[C@H](c1occc1)c1ccccc1,,C45156735,99.987953,1,0,0,0,0,0,0,0,0,0
O=C(NC1CC1)Nc1ccc(NC(=O)/C=C/c2cn(-c3ccccc3)nc2)cc1,,C45520895,99.992836,1,0,0,1,0,0,0,0,0,0
S([C@@H]1C(=O)NCCCC1)c1n(N)c(COc2ccc(C(C)(C)C)cc2)nn1,,C45699282,99.820366,1,0,0,1,0,0,0,1,1,0
Clc1c(C)c(NNC(=O)NC2CCN(S(=O)(=O)CCC)CC2)ccc1,,C45740984,99.843338,1,0,0,0,0,0,0,0,0,0
O=C(NC)Nc1ccc(NC(=O)Cc2c(C)oc(-c3sccc3)n2)cc1,,C45799948,100,1,0,0,1,0,1,0,1,1,0
S(=O)(=O)(C)c1cc(C(=O)NNC(=O)N[C@H]2[C@H](C(C)(C)C)CCCC2)ccc1,,C46024449,100,1,0,0,0,0,0,0,0,1,0
O=C(N[C@@H](C)c1ccc2NC(=O)Nc2c1)c1nn(-c2ccccc2)c2CCCc12,,C47534581,99.997879,1,0,0,0,0,0,0,0,0,0
Fc1ccc(-c2sc(C(=O)NNC(=O)Nc3cn(CC)nc3)cc2)cc1,,C48350739,99.965477,1,0,0,0,0,0,0,1,0,0
Fc1cc(NC(=O)CNC(=O)[C@@H]2CN(C(=O)Nc3ccccc3)CCC2)ccc1,,C50638930,100,1,0,0,0,0,0,0,0,0,0
O=C(NC1CC1)Nc1cc(C(=O)Nc2c(OC(C)C)ccc(C#N)c2)ccc1,,C56213856,100,1,0,0,1,0,0,0,0,0,0
O=C(NCCC(=O)NC1CCCCC1)Nc1ccc2oc(C3CC3)nc2c1,,C56601557,100,1,0,0,1,0,1,0,1,0,0
O=C(/N=C\1/N(c2ccccc2)c2ccccc2N/1)COc1cc(C(=O)N)ccc1,,C56931350,47.341816,1,0,0,1,0,0,0,1,0,0
O=C(NCCc1c[nH]c2ccccc12)Nc1cc(N2S(=O)(=O)CCC2)ccc1,,C57521958,100,1,1,0,1,0,0,0,1,1,0
S(=O)(=O)(Nc1cc(NC(=O)NC)ccc1)c1cc(OC(F)(F)F)ccc1,,C24379286,97.198982,1,0,0,1,0,1,0,1,1,0
S=C(NNC(=O)CN1C(=O)c2ccccc2C1=O)N[C@@H]1[C@H](C)[C@H](C)CCC1,,C08419636,100,1,0,0,0,0,0,0,0,1,0
O=C(Nc1cc(C(=O)Nc2cc(N3C(=O)NCC3)ccc2)ccc1)c1sccc1,,C47235677,99.962692,1,0,0,1,0,1,0,0,0,0
O=C(Nc1cc([C@]2(C)C(=O)NC(=O)N2)ccc1)COc1c(C)cc(C)cc1C,,C47169397,99.999161,1,0,0,1,0,0,0,0,1,0
O=C(NCCC)[C@@H](NC(=O)N1CC(=O)Nc2ccccc12)Cc1ccccc1,,C13552592,99.998695,1,0,0,1,0,1,0,0,1,0
Fc1ccc(Oc2c(C)cc(CNC(=O)NNC(=O)c3cocc3)cc2)cc1,,C64228974,100,1,0,0,1,0,0,0,0,0,0
O=C(NNC(=O)[C@@H]1N(C(=O)C23CC4CC(C2)CC(C3)C4)CCC1)NCCCC,,C64884176,100,1,0,0,0,0,0,0,0,0,0
S(=O)(=O)(NC1CCCCCC1)C=1CC([C@@H]2O[C@H](c3ccc(F)cc3)NN2)=NC=1,,C64924232,96.792603,1,0,0,0,0,0,0,0,0,0
S(=O)(=O)(NC1CCCCCC1)C=1CC([C@@H]2O[C@@H](c3ccc(F)cc3)NN2)=NC=1,,C64924235,96.792603,1,0,0,0,0,0,0,0,0,0
Clc1cc(NC(=O)CNC(=O)NCC2CCCC2)c(-n2nccc2)cc1,,C50585581,99.979843,1,0,0,1,0,0,0,0,1,0
O=C(NCC(=O)Nc1cc(-c2oc(C)c(C)n2)ccc1)NCC1CCCC1,,C50589236,100,1,0,0,1,0,1,0,0,0,0
Clc1c(OC(F)F)ccc(S(=O)(=O)NNC(=O)NC2CCCC2)c1,,C65832963,99.780685,1,0,0,0,0,0,0,0,0,0
O=C(NNC(=O)c1c(N(C)C(=O)c2sccc2)cccc1)NC1CCCC1,,C65919940,100,1,0,0,0,0,1,0,0,0,0
O=C(NNC(=O)c1c(C)cccc1)N1CCC(C(=O)NC2CCCCC2)CC1,,C65987620,100,1,0,0,0,0,0,0,0,1,0
O=C(NCCC(=O)Nc1cn(C(C)C)nc1)NC12CC3CC(C1)CC(C2)C3,,C66412287,99.964806,1,0,0,1,0,0,0,0,1,0
O=C(NCCC(=O)Nc1snc(-c2sc(C)cc2)n1)Nc1ccccc1,,C66413424,99.659828,1,0,0,1,0,1,0,1,1,0
Oc1ccc(CN(CC2CC2)C(=O)Nc2cc(C3=NNC(=O)C=C3)ccc2)cc1,,C66679460,59.60376,1,0,0,0,0,0,0,1,0,0
O=C(NCCOc1ccc2CCCc2c1)Nc1cc(C2=NNC(=O)C=C2)ccc1,,C66679593,60.537975,1,0,0,1,0,1,0,1,1,0
O=C(NC1CCN(C(=O)Nc2ccc3NC(=O)CCc3c2)CC1)CC1CCCC1,,C66952012,99.999779,1,0,0,0,0,0,0,0,0,0
O=C(Nc1ccc2OC(C)(C)Oc2c1)CCCC[C@@H]1SC[C@H]2NC(=O)N[C@@H]12,,C67164805,99.614914,1,0,0,1,0,1,0,0,1,0
Clc1c(NNC(=O)NCCCc2onc(C)n2)c(Cl)cc(Cl)c1,,C67463988,99.665375,1,0,0,1,0,0,0,0,1,0
O=C(NNC(=O)c1sc2CCCCCc2c1)N[C@@H](C)c1c(C)n(C)nc1C,,C67534992,99.849693,1,0,0,0,0,0,0,0,0,0
O=C(N)c1c(NC(=O)c2ccccc2)sc2CCCCCc12,,C00127429,100,1,0,0,1,0,1,0,1,1,0
ClC(Cl)(Cl)[C@@H](O)NC(=O)NC1(C#C)CCCCC1,,C00159190,99.986946,1,0,0,0,0,0,0,0,1,0
Oc1ccc2ccc3OC(N)=C(C#N)[C@H](c4ccccc4)c3c2c1,,C00063150,96.216782,1,0,0,0,0,0,0,0,0,0
OCC(=O)[C@]1(O)[C@]2(C)CC[C@@H]3[C@]4(C)CC[C@H](O)C[C@@H]4CC[C@H]3[C@H]2CC1,,C04655210,100,1,0,0,0,0,0,0,0,1,0
OC[C@H]1Nn2c3ccccc3c3cccc([C@@](C)(CO)C1)c23,,C01721306,99.999352,1,0,0,1,0,1,0,1,1,0
OC1CCC2([C@@](O)(c3ccccc3)C3(C(=O)N2)CCCCC3)CC1,,C01722981,100,1,0,0,0,0,0,0,0,0,0
O=C(Nc1c(C)cc(C)cc1C)Nc1c[nH]c2ccccc12,,C05299986,100,1,0,0,1,0,1,0,1,0,0
Fc1c([C@@H]2C(C#N)=C(N)Oc3cc(O)ccc23)ccc(F)c1,,C05945583,97.310722,1,0,0,0,0,0,0,0,0,0
O=C1/C(=C\c2ccc(N)cc2)/S/C(=N/c2ccccc2)/N1,,C05331568,91.634987,1,0,0,0,0,0,0,0,0,0
S(=O)(=O)(N)c1ccc2N[C@H](c3sc(C)cc3)[C@@H]3CC=C[C@@H]3c2c1,,C14456360,99.996811,1,0,0,0,0,0,0,1,1,0
S(=O)(=O)(N)c1ccc2N[C@H](c3c(C)cccc3)[C@H]3CC=C[C@@H]3c2c1,,C14478554,99.996773,1,0,0,0,0,0,0,0,1,0
Brc1ccc([C@@H]2[C@@H](c3ccccc3)C(O)=NC(N)=N2)cc1,,C16884080,63.751526,1,0,0,0,0,0,0,0,0,0
O=C1C2(Nc3cccc4cccc(N2)c34)c2ccccc2N1,,C16916465,99.955231,1,0,0,0,0,0,0,0,0,0
O=C(Nc1c(C)cc(N)cc1)CN1CCCc2ccccc12,,C19775838,100,1,0,0,1,0,1,0,1,0,0
Brc1cc(N)c(SC=2NC(=O)C=C(C)N=2)cc1,,C19845657,98.897858,1,0,0,0,0,0,0,0,0,0
S(=O)(=O)(NC1CCC(C)CC1)c1cc(N)c(C)c(C)c1,,C20012123,96.922653,1,0,0,0,0,0,0,0,1,0
Fc1c([C@H](Nc2ccc3NC(=O)Nc3c2)C)ccc(F)c1,,C20094992,99.998398,1,1,0,1,0,1,1,1,0,0
S(=O)(=O)(Nc1c(C)c(N)ccc1C)c1sc(C)cc1,,C20254767,97.885231,1,0,0,1,0,0,0,1,0,0
S(=O)(=O)(Nc1c(F)cc(C)cc1)c1c(C)c(C)cc(N)c1,,C20371062,89.37529,1,0,0,1,0,0,0,1,0,0
S(=O)(=O)(Nc1c(F)cc(C)cc1)c1cc(N)c(F)cc1,,C20371084,88.746872,1,0,0,1,0,0,0,1,1,0
S(=O)(=O)(Nc1c(C)cc(F)cc1)c1cc(N)c(C)cc1,,C21010796,96.680534,1,0,0,1,0,0,0,1,0,0
S(=O)(=O)(Nc1c(F)ccc(F)c1)c1cc(N)c(C)c(C)c1,,C21513900,85.079399,1,0,0,1,0,0,0,1,1,0
S(=O)(=O)(Nc1c(F)ccc(C)c1)c1c(N)cc(F)cc1,,C34957166,89.354401,1,0,0,0,0,0,0,1,0,0
Brc1cc(Oc2c(N)cc3CC(=O)Nc3c2)ccc1,,C35345646,99.999886,1,0,0,1,0,0,0,1,1,0
S(=O)(=O)(Nc1c(C)c(N)ccc1)c1cc(F)c(C)cc1,,C36296321,97.850754,1,0,0,1,0,0,0,1,0,0
S(=O)(=O)(Nc1c(C)c(C)ccc1N)c1cc(C)ccc1,,C36743116,97.873802,1,0,0,0,0,0,0,1,0,0
S(=O)(=O)(Nc1c(C)c(N)ccc1C)c1cc(F)c(F)cc1,,C36961521,97.652863,1,0,0,1,0,0,0,1,0,0
S(=O)(=O)(Nc1c(C)c(C)ccc1)c1cc(N)cc(C)c1,,C37053208,96.872337,1,0,0,1,0,0,0,1,1,0
S(=O)(=O)(N[C@@H]1[C@@H](C)CCCC1)c1c(C)c(N)ccc1C,,C37062979,96.722733,1,0,0,0,0,0,0,0,0,0
S(=O)(=O)(N[C@@H]1C[C@@H](C)CCC1)c1c(C)c(C)cc(N)c1,,C37254565,96.940773,1,0,0,0,0,0,0,0,1,0
S(=O)(=O)(N[C@H]1C[C@H](C)CCC1)c1c(C)c(C)cc(N)c1,,C37254567,96.940773,1,0,0,0,0,0,0,0,1,0
Clc1c(Oc2c(N)cc3CC(=O)Nc3c2)ccc(F)c1,,C37902082,99.999886,1,0,0,1,0,0,0,1,0,0
S(=O)(=O)(C)c1cc(N)c(Nc2c(F)c(F)ccc2)cc1,,C40229796,99.996742,1,0,0,0,0,0,0,1,0,0
S=C(N)c1c(C)c(C)nnc1N[C@@H]1[C@@H](C)[C@@H](C)CCC1,,C40290948,99.427109,1,0,0,0,0,0,0,0,0,0
S(=O)(=O)(NC1(C)CCCC1)c1c(F)cc(F)c(N)c1,,C42176114,97.330254,1,0,0,0,0,0,0,0,0,0
O=C(Nc1cc(N)ccc1)N1[C@@H](C)c2ccsc2CC1,,C42782164,100,1,0,0,1,0,0,0,0,0,0
Brc1cc(N)c(N[C@@H](C)c2c(C)oc(C)c2)nc1,,C44729826,83.401093,1,0,0,0,0,0,0,1,0,0
Brc1c(NNC(=O)NC2CC2)ccc(F)c1,,C48645423,99.781044,1,0,0,0,0,0,0,0,0,0
O[C@@H](C)c1n(C2CCCCCCC2)c2ccc(N)cc2n1,,C53736196,65.786842,1,0,0,0,0,0,0,0,0,0
Brc1cc(-c2nn([C@@H]3[C@@H](O)CCCC3)c(N)c2)ccc1,,C54600230,96.913582,1,0,0,1,0,0,0,1,1,0
Fc1ccc(-c2nn([C@H]3[C@H](O)CCCCC3)c(N)c2)cc1,,C54600649,96.697876,1,0,0,1,0,0,0,1,0,0
S([C@@H]1C[C@@H](C)CCC1)c1c(/C(/N)=N/O)cc2CCCc2n1,,C54691220,44.762894,1,0,0,0,0,0,0,0,1,0
O[C@@H]1[C@H](NC(=O)N[C@@H](C)c2c(C)cccc2)c2ccccc2C1,,C57002715,100,1,0,0,0,0,0,0,0,1,0
Clc1cc([C@H](O)c2c(C)cc3NC(=O)Nc3c2)ccc1,,C58117308,99.99781,1,1,0,1,0,1,1,1,1,0
Clc1ccc(F)c2NC(=O)[C@H](Nc3c(CO)cccc3)c12,,C42118842,99.99205,1,0,0,0,0,0,0,0,0,0
Fc1c(F)c(NC(=O)N[C@@H]2[C@H](O)CCCC2)ccc1F,,C60370611,100,1,0,0,1,0,0,0,0,0,0
S(=O)(=O)(N)c1c(N[C@@H]2CCCc3sccc23)cccc1,,C61364201,99.99733,1,0,0,1,0,1,0,1,1,0
Clc1cc(C[C@H]2C(=O)Nc3ccc(N)cc3O2)c(C)cc1,,C62495281,99.999474,1,0,0,1,0,0,0,1,0,0
Fc1c(F)c(NC(=O)N[C@H]2[C@@H](O)Cc3ccccc23)ccc1F,,C58344874,100,1,0,0,0,0,1,0,0,0,0
O[C@@H]1[C@H](NC(=O)Nc2c(C)cc(C)cc2)c2ccccc2C1,,C65476313,100,1,0,0,0,0,1,0,0,0,0
O=C(NNC1CCCC1)c1[nH]c2ccccc2c1,,C04656285,99.992172,1,0,0,1,0,1,0,1,1,0
O=C(N)NN=C1CCC(CC2CCCCC2)CC1,,C05179291,100,1,0,0,0,0,0,0,0,1,0
Fc1ccc(NC2=C(N)C(=O)Oc3ccccc23)cc1,,C00267760,100,1,0,0,0,0,0,0,1,0,0
O=C1N[C@@H](c2c[nH]c3ccccc23)Nc2ccccc12,,C03107865,99.990334,1,0,0,0,0,0,0,1,0,0
O=C(Nc1c(C)cccc1C)Nc1c[nH]c2ccccc12,,C05299972,100,1,0,0,1,0,1,0,1,0,0
Fc1c(NC(=O)N[C@@H]2CNc3ccccc3C2)cccc1,,C19404073,99.999359,1,0,0,1,0,0,0,0,0,0
O=C(Nc1c(N)cccc1)c1oc2ccccc2c1,,C19486238,100,1,0,0,1,0,1,0,1,0,0
O=C(NC(C)(C)C)N[C@H]1CNc2ccccc2C1,,C20256977,99.999359,1,0,0,0,0,0,0,0,0,0
O=C1Nc2cc(N3C[C@@H](CC)CCC3)c(N)cc2CC1,,C36168851,99.999878,1,0,0,0,0,0,0,0,1,0
O=C(Nc1ccc(N)cc1)N1C[C@@H](CC)CCC1,,C36170273,100,1,0,0,0,0,0,0,0,0,0
O=C1NC(N)=Nc2sc(-c3ccccc3)cc12,,C36222659,82.759071,1,1,0,1,0,0,1,1,0,0
O=C1Nc2cc(N(C)C3CCCCC3)c(N)cc2CC1,,C36302838,99.999878,1,0,0,0,0,0,0,0,1,0
O=C(NC12CC3CC(C1)CC(C2)C3)c1n(C)cc(N)c1,,C36861659,100,1,0,0,0,0,0,0,0,0,0
O(C)c1c(N)ccc(N[C@@H]2[C@H](C)[C@@H](C)CCC2)n1,,C37066966,88.995232,1,0,0,0,0,0,0,0,0,0
O=C(N)N1CCC(Nc2ccc3sccc3c2)CC1,,C37282577,99.999649,1,0,0,1,0,1,0,0,1,0
S=C(N)c1cc(C)c(Nc2cn(C)nc2)cc1,,C37733763,99.942635,1,0,0,1,0,1,0,1,0,0
Nc1cc(C#N)c(Nc2cccc3CCCCc23)nc1,,C37758952,99.09848,1,0,0,1,0,1,0,1,0,0
O[C@@]1(C2(O)CCCCC2)NO[C@@H](c2ccccc2)C1,,C00507580,99.846581,1,0,0,0,0,0,0,0,0,0
Fc1c(CNc2ccc3NC(=O)Nc3c2)cccc1,,C04413470,99.998291,1,1,0,1,0,1,1,1,1,0
Fc1cc(NC(=O)N2CCc3cc(N)ccc23)ccc1,,C38076197,100,1,0,0,0,0,0,0,1,0,0
Fc1cc(NC(=O)N[C@H]2CNc3ccccc3C2)ccc1,,C38076426,99.999359,1,0,0,0,0,0,0,0,0,0
Ic1cc(C)c2N=C(N)NC(=O)c2c1,,C21987474,70.546379,1,0,0,0,0,0,0,1,0,0
O=C(Nc1c(C)c(C)ccc1)c1oc2ccc(N)cc2c1,,C40293517,100,1,1,0,1,0,0,0,1,0,0
Fc1c(NC(=O)c2oc3ccc(N)cc3c2)cccc1,,C40294123,100,1,0,0,1,0,0,0,1,0,0
FC(F)(F)c1ccc(Nc2ncc(N)cn2)cc1,,C40455468,99.633766,1,0,0,1,0,0,0,1,0,0
O=C1Nc2ccccc2N([C@@H](C)c2cc(N)ccc2)C1,,C40908104,99.999481,1,0,0,1,0,1,0,1,0,0
O=C1NC(c2ccc(C3CCCCC3)cc2)=CC(N)=N1,,C41390058,82.242668,1,0,0,0,0,0,0,1,0,0
Nc1cc(C#N)c(N[C@H]2[C@H](CC)CCCC2)nc1,,C42577737,93.054573,1,0,0,0,0,0,0,0,1,0
Brc1c(NC2CCC2)cc2NC(=O)Nc2c1,,C44481605,99.998314,1,0,0,0,0,0,0,0,0,0
Nc1cc(C#N)c(N[C@H](C)c2ccc(C)cc2)nc1,,C49555290,93.316818,1,0,0,1,0,1,0,1,1,0
[NH2+]=C1N(C)C(C(C)C)=[NH+][C@@H]1c1ccc2N(C)CCc2c1,,C50998374,68.673187,1,0,0,0,0,0,0,0,0,0
O=C(N1CCC[C@@H]2CCCC[C@@H]12)c1ccc(NN)cc1,,C51090961,99.897194,1,0,0,0,0,0,0,0,0,0
Clc1ccc(-c2nc(NN)c3CCCc3n2)cc1,,C51152070,82.398384,1,0,0,1,0,0,0,1,0,0
Brc1cc(-c2nc(NN)cc(C)n2)sc1,,C51168373,84.103149,1,0,0,1,0,0,0,1,1,0
Clc1cc(Cl)cc(-c2nc(NN)cc(C)n2)c1,,C51168461,81.477371,1,0,0,1,0,0,0,1,1,0
FC(F)(F)c1n([C@@H]2[C@@H](O)CCCC2)c2ccc(N)cc2n1,,C52853613,99.436249,1,0,0,0,0,0,0,0,0,0
O[C@H]1[C@H](n2c(N)cc(-c3ccccc3)n2)CCCC1,,C54600147,96.681396,1,0,0,1,0,0,0,1,1,0
O[C@H]1[C@@H](n2c(N)cc(-c3ccccc3)n2)CCCC1,,C54600148,96.681396,1,0,0,1,0,1,0,1,1,0
Fc1c(-c2nc(NN)c3ccsc3n2)ccc(F)c1,,C55266100,62.491188,1,0,0,1,0,0,0,1,0,0
Fc1ccc(C=2NC(=O)C=C(c3ccc(N)cc3)N=2)cc1,,C58057333,96.806984,1,0,0,0,0,0,0,1,0,0
Clc1c([C@H](O)CC(C)C)cc2NC(=O)Nc2c1,,C58118138,99.997406,1,0,0,0,0,0,0,0,1,0
[NH2+]=C1N(C(C)(C)C)C(C2CC2)=[NH+][C@H]1c1cnccc1,,C60280497,52.173496,1,0,0,0,0,0,0,0,0,0
NNc1nc(-c2cscc2)nc(C(C)(C)C)c1,,C51152858,85.857948,1,0,0,1,0,0,0,1,1,0
NNc1nc(C23CC4CC(C2)CC(C3)C4)nc(C)c1,,C55270761,88.693825,1,0,0,0,0,0,0,0,1,0
NNc1c(C(C)C)c(C)nc(-c2cc(C)ccc2)n1,,C61688983,84.352341,1,0,0,1,0,0,0,1,0,0
FC(F)(F)c1nc(NN)nc2CCCCCc12,,C62203218,99.575279,1,0,0,0,0,0,0,0,0,0
Brc1ccc2[nH]cc(-c3nc(N)oc3)c2c1,,C62424798,100,1,0,0,1,0,0,0,1,0,0
O=C1[C@@H](Cc2cc(C)ccc2)Oc2cc(N)ccc2N1,,C62495306,99.999481,1,0,0,1,0,0,0,1,0,0
Fc1cc(NC(=O)c2oc3ccccc3c2)c(N)cc1,,C63202092,100,1,0,0,1,0,0,0,1,0,0
O(Cc1n[nH]c2CCCCc12)c1c(N)cccc1,,C66140046,72.198883,1,0,0,0,0,0,0,1,0,0
O(C)C(=O)c1c(NC(=O)[C@@H]2[C@@H](C(=O)[O-])CC=CC2)sc2CCCCCCCCCCc12,,C02755710,99.381706,1,0,0,0,0,0,0,0,1,0
Brc1c([O-])c(/C=N\NC(=O)[C@H]2C(c3ccccc3)(c3ccccc3)C2)cc([N+](=O)[O-])c1,,C08386050,92.282738,1,0,0,0,0,0,0,0,0,0
Brc1cc(/C=C\2/C(=O)N/C(=N/c3ccc(Cl)cc3)/S/2)c(OCC(=O)[O-])cc1,,C02086588,92.995506,1,0,0,0,0,0,0,0,0,0
Brc1cc(/N=C\2/S/C(=C\c3oc(-c4c(C(=O)[O-])cccc4)cc3)/C(=O)N/2)ccc1,,C08445232,92.57653,1,0,0,1,0,0,0,1,0,0
Brc1cc([N+](=O)[O-])c([O-])c([C@H]2OC(c3ccccc3)(c3ccccc3)c3ccccc3N2)c1,,C08846731,89.824638,1,0,0,0,0,0,0,0,0,0
Brc1cc([N+](=O)[O-])c([O-])c(/C=N/c2cc(C(C)(C)C)c(O)c(C(C)(C)C)c2)c1,,C09426242,96.272774,1,0,0,0,0,0,0,0,0,0
O=C([O-])c1ccc(-c2oc([C@H]3OC(c4ccccc4)(c4ccccc4)c4ccccc4N3)cc2)cc1,,C12376055,99.135468,1,0,0,0,0,0,0,0,0,0
Clc1cc(C(=O)[O-])c2N[C@H](c3cc(C(F)(F)F)ccc3)[C@@H]3[C@@H]4CC[C@@H](C4)[C@@H]3c2c1,,C12428671,97.756126,1,0,0,0,0,0,0,0,1,0
O[C@@H]1[C@@]2(C)CC[C@@H]3[C@@]4(C)CC=C([C@@H](/C=C\CC(C)C)C(=O)[O-])C[C@@H]4CC[C@H]3[C@@H]2CC1,,C13408890,99.340187,1,0,0,0,0,0,0,0,0,0
Ic1cc(C(=O)[O-])c(NC(=O)c2c(C)c3cc(C)ccc3o2)cc1,,C13438283,99.228691,1,0,0,0,0,0,0,0,1,0
S=C1N(c2cc(C)ccc2)C(C)=C(C(OCC)=O)[C@@H](c2ccc(C(=O)[O-])cc2)N1,,C13460447,99.279541,1,0,0,0,0,0,0,0,0,0
S=C1N(c2cc(C)cc(C)c2)C(C)=C(C(OC(C)C)=O)[C@@H](c2ccc(C(=O)[O-])cc2)N1,,C13460558,99.27951,1,0,0,0,0,0,0,0,0,0
S=C1N(c2cc(F)c(C)cc2)C(C)=C(C(OC(C)C)=O)[C@H](c2ccc(C(=O)[O-])cc2)N1,,C13460719,99.279694,1,0,0,0,0,0,0,0,0,0
O=C([O-])[C@@H]1[C@@H](C(=O)Nc2c(C)c(C)ccc2)[C@H](c2ccccc2)C=C[C@H]1c1ccccc1,,C15800073,99.464157,1,0,0,0,0,0,0,0,0,0
ClC=1C(=O)N(C23CC4(CC(=O)[O-])C[C@@H](C2)C[C@H](C4)C3)N=CC=1Nc1c(CC)cccc1,,C16162501,99.053429,1,0,0,0,0,0,0,0,0,0
Oc1cc(C(=O)[O-])c(/N=C\2/N(CC)C(=O)/C(=C/c3cccc4ccccc34)/S/2)cc1,,C16927840,83.386017,1,0,0,0,0,0,0,0,0,0
O=C([O-])CC=1[C@H](N(c2ccc(C)cc2)C(=O)C=1Nc1ccc(C)cc1)c1ccccc1,,C04719456,99.438774,1,0,0,0,0,0,0,0,0,0
O[C@H](C[C@@H](c1ccccc1)C=1C(=O)Oc2ccccc2C=1[O-])c1ccc(-c2ccccc2)cc1,,C04012879,97.78923,1,0,0,0,0,0,0,0,0,0
O=C(C([C@@H](c1ccccc1)C=1C(=O)Nc2ccccc2N=1)=C([O-])c1ccccc1)c1ccccc1,,C18068548,94.007858,1,0,0,0,0,0,0,0,0,0
S(CC(=O)N1[C@H](C(F)(F)F)CC(=O)Nc2ccccc12)c1nc([O-])cc(CCC)n1,,C22242783,99.28891,1,0,0,0,0,0,0,0,1,0
O=C1C(C=2N=N[C@H]([C@H](c3ccccc3)C=2)c2c[nH]c3ccccc23)=C([O-])c2ccccc12,,C22341150,99.081322,1,0,0,1,0,0,0,1,0,0
O=C(Nc1c(C)ccc(C)c1)C([O-])=C1C(C)(C)CC=2Nc3ccccc3SC=2C1=O,,C01631968,95.446838,1,0,0,0,0,0,0,0,1,0
S(=O)(=O)(Nc1c(N2C[C@H](C)N(c3cc(C)ccc3)CC2)ccc(C(=O)[O-])c1)c1cc(C)ccc1,,C32971180,95.935165,1,0,0,0,0,0,0,0,0,0
Brc1ccc([C@@H]2[C@H](C(=O)c3ccccc3)[C@](O)(C)CC([O-])=C2C(=O)c2ccccc2)cc1,,C12384352,93.485123,1,0,0,0,0,0,0,0,0,0
O[C@H]1C(C)(C)[C@H]2[C@](C)(CC1)[C@@H]1[C@](C)([C@]3(C)CC[C@@]4(C(=O)[O-])CC[C@@H](C(C)=C)[C@H]4[C@@H]3CC1)CC2,,C35457267,98.965263,1,0,0,0,0,0,0,0,1,0
O[C@@H]1C(C)(C)[C@H]2[C@@](C)(CC1)[C@@H]1[C@@](C)([C@]3(C)CC[C@]4(C(=O)[O-])CC[C@@H](C(C)=C)[C@@H]4[C@@H]3CC1)CC2,,C35566916,98.965263,1,0,0,0,0,0,0,0,0,0
O[C@@H]1C(C)(C)[C@H]2[C@](C)(CC1)[C@@H]1[C@](C)([C@]3(C)CC[C@@]4(C(=O)[O-])CC[C@@H](C(=O)C)[C@H]4[C@@H]3CC1)CC2,,C35456366,99.058846,1,0,0,0,0,0,0,0,0,0
FC(F)(F)c1ccc2S[C@@H](c3c(O)c(CC=C)ccc3)CC(C=3C(=O)OC(C)=CC=3[O-])=Nc2c1,,C13739557,97.889526,1,0,0,0,0,0,0,0,0,0
Brc1cc(C)c(/N=C(\[S-])/N/[NH+]=C/c2c([O-])c(Cl)cc(Cl)c2)cc1,,C01041759,60.052902,1,0,0,0,0,0,0,0,1,0
Brc1ccc2NC(=O)C(c3nc([S-])nc(-c4ccccc4)c3)=C(c3ccccc3)c2c1,,C08935128,54.60796,1,0,0,0,0,0,0,0,0,0
ClC=1C(=O)N(C23CC4(CC(=O)[O-])C[C@@H](C2)C[C@H](C4)C3)N=CC=1Nc1cc(C(F)(F)F)ccc1,,C16399456,99.053474,1,0,0,0,0,0,0,0,0,0
S(=O)(=O)(/N=C/1\SC=C(C23CC4CC(C2)CC(C3)C4)N\1)c1c(OC)ccc(/C=C/C(=O)[O-])c1,,C13030530,98.721642,1,0,0,0,0,0,0,0,0,0
Brc1ccc2NC(=O)/C(=C\3/C(=O)N=C([N-]c4c(C)ccc(C)c4)S/3)/c2c1,,C39556022,95.114693,1,0,0,0,0,0,0,0,0,0
Clc1cc(-c2oc([C@@H]3N(c4ccc(CC)cc4)C([S-])=C(C#N)C(=O)N3)cc2)ccc1,,C39887242,94.615402,1,0,0,0,0,0,0,0,0,0
Clc1c(-c2oc([C@H]3N(c4c(C)ccc(C)c4)C([S-])=C(C#N)C(=O)N3)cc2)ccc(Cl)c1,,C39887471,94.640656,1,0,0,0,0,0,0,0,0,0
Clc1ccc(-c2oc([C@H]3N(c4c(C)cc(C)cc4)C([S-])=C(C#N)C(=O)N3)cc2)cc1,,C39887515,94.664459,1,0,0,0,0,0,0,0,0,0
Oc1cc(N2C(=O)[C@H]3[C@@H]4C(C(C)C)=C[C@]5(CC[C@@H]6[C@](C)(C(=O)[O-])CCC[C@@]6(C)[C@@H]5C4)[C@H]3C2=O)ccc1,,C43737046,97.014709,1,0,0,0,0,0,0,0,1,0
S(CC1=CC(=O)Nc2sc(C(=O)[O-])c(C)c12)c1sc(Nc2c(C)cccc2C)nn1,,C13415834,95.967262,1,0,0,1,0,0,0,1,1,0
Clc1ccc(-c2scc(C(=O)/N=C\3/SC(c4n(CC=C)c([S-])nn4)=C(C)N/3)n2)cc1,,C22972849,66.38781,1,0,0,0,0,0,0,0,0,0
[S-]c1n(CC(C)C)c(-c2nn3[C@H](C(F)(F)F)C[C@H](c4ccc(C(C)C)cc4)Nc3c2)nn1,,C02790970,97.63076,1,0,0,0,0,0,0,0,0,0
[S-]c1n(Cc2ccccc2)c(-c2nn3[C@@H](C(F)(F)F)C[C@@H](c4ccc(C(C)C)cc4)Nc3c2)nn1,,C02791417,97.31575,1,0,0,0,0,0,0,0,0,0
BrC=1C(=O)Nc2c3c(-c4ccc(Cl)cc4)cc(-c4ccccc4)nc3sc2C=1[O-],,C13401807,98.57711,1,0,0,0,0,0,0,0,0,0
[S-]C=1NC=2/C(=C/c3cccc4ccccc34)/CN(CCC)CC=2[C@@H](c2cccc3ccccc23)N=1,,C55028194,99.772415,1,0,0,0,0,0,0,0,0,0
Brc1c(OCC=C)c(OC)cc([C@@H]2Nc3ccc(C(=O)[O-])cc3[C@H]3[C@H]4CC[C@H](C4)[C@@H]23)c1,,C09408815,96.819481,1,0,0,0,0,0,0,0,1,0
S=C1N(c2c(Nc3ccccc3)cccc2)C(=O)/C(=C/c2ccc(C(=O)[O-])cc2)/S1,,C59397650,99.210121,1,0,0,0,0,0,0,0,0,0
S(Cc1c(C)cccc1)c1nc([O-])c2[C@H](c3ccc(F)cc3)C=3C(=O)CC(C)(C)CC=3Nc2n1,,C09608875,71.240608,1,0,0,0,0,0,0,0,0,0
Clc1ccc(C=2N=C3NC(/N=C(\[O-])/C=C/c4ccccc4)=NN3[C@@H](c3ccccc3)C=2)cc1,,C02359879,76.52655,1,0,0,0,0,0,0,0,0,0
Clc1ccc([C@@H]2C(C#N)=C(SCC(=O)Nc3ccc(F)cc3)N=C3CC(C)(C)CC([O-])=C23)cc1,,C09331119,99.999634,1,0,0,0,0,0,0,0,0,0
Brc1ccc(NC(=O)CSC2=C(C#N)[C@@H](c3ccc(C)cc3)C3=C([O-])CCCC3=N2)cc1,,C01142394,99.999634,1,0,0,0,0,0,0,0,0,0
Fc1c([C@@H]2Oc3ccccc3CN(c3c(C(=O)[O-])cc(NC(=O)c4sccc4)cc3)C2)cccc1,,C35451042,98.598473,1,0,0,0,0,0,0,0,1,0
Fc1ccc2nc(-c3ccc4Sc5ccccc5Nc4c3)cc(C(=O)[O-])c2c1,,C01617185,95.452362,1,0,0,0,0,0,0,0,1,0
O=C([O-])[C@@H]1[C@H](C(=O)Nc2c(C#N)c3CCCCCCc3s2)CCCC1,,C02747586,99.308975,1,0,0,0,0,0,0,0,0,0
O=C([O-])c1ccc([C@H]2Nc3c(-c4ccccc4)cccc3[C@H]3[C@H]2CC=C3)cc1,,C12628294,99.249374,1,0,0,0,0,0,0,0,0,0
S(Cc1ccc(C(=O)[O-])cc1)[C@H](C)C(=O)c1c(C)[nH]c2ccccc12,,C12778941,99.228745,1,0,0,1,0,1,0,1,1,0
Brc1cc(C(=O)[O-])c(NC(=O)C23CC4CC(C2)CC(C3)C4)cc1,,C13177591,99.249107,1,0,0,0,0,0,0,0,1,0
Brc1cc(C(=O)[O-])c(NC(=O)/C=C/c2ccc(F)cc2)cc1,,C13177824,99.237015,1,0,0,0,0,0,0,0,1,0
O[C@@H]1[C@]2(C)[C@@H]([C@@H](C)CCC(=O)[O-])CC[C@@H]2[C@@H]2CC[C@H]3[C@](C)(CCC(=O)C3)[C@@H]2C1,,C13409145,98.936752,1,0,0,0,0,0,0,0,1,0
O=C([O-])c1c(NC(=O)c2c(C)c3cc(C)ccc3o2)cc2ccccc2c1,,C13426542,99.441742,1,0,0,0,0,0,0,0,1,0
S(CCC)C=1NC(=O)C(C(c2ccccc2)c2ccccc2)=C([O-])N=1,,C05081232,78.932228,1,0,0,0,0,0,0,1,0,0
Brc1ccc2NC(=O)/C(=C\3/C(=O)N=C([N-]c4ccccc4)S/3)/c2c1,,C05772434,95.133698,1,0,0,0,0,0,0,1,0,0
Brc1ccc(C(=O)C=2[C@@H](c3ccc(C(C)C)cc3)NC(=O)C=2[O-])cc1,,C06159913,98.663643,1,0,0,0,0,0,0,0,1,0
O=C([O-])c1c(NC(=O)c2ccc(C(C)(C)C)cc2)sc2C[C@H](C)CCc12,,C20333662,96.24353,1,0,0,0,0,0,0,0,1,0
Fc1ccc(-c2nc3sc4C([O-])=CC(=O)Nc4c3c(-c3sccc3)c2)cc1,,C05491282,85.102325,1,0,0,0,0,0,0,0,0,0
O[C@]1(CCC(=O)[O-])[C@]2(C)CC[C@@H]3[C@@]4(C)CCC(=O)C=C4[C@H]4C[C@H]4[C@H]3[C@@H]2[C@@H]2C[C@H]12,,C22058294,99.083923,1,0,0,0,0,0,0,0,1,0
[O-]c1c([C@H](Nc2c(C)c(C)ccc2)c2cnccc2)ccc2cccnc12,,C27644821,66.763786,1,1,0,0,0,0,1,0,1,0
BrC1=C/C(=C\Nn2c([S-])nnc2-c2cc(Cl)ccc2)/C(=O)C=C1,,C01885926,83.828133,1,0,0,0,0,0,0,0,1,0
O/N=C/1\CC[C@H]2[C@H](C\1)CC[C@H]1[C@@H]3CC[C@@]4(C(=O)[O-])CC[C@@H](C(C)=C)[C@@H]4[C@@H]3CC[C@@H]21,,C34766492,80.828735,1,0,0,0,0,0,0,0,0,0
Clc1ccc2N[C@H](c3ccc(C(=O)[O-])cc3)[C@H]3[C@@H]4CC[C@@H](C4)[C@@H]3c2c1,,C34776558,99.248589,1,0,0,0,0,0,0,0,1,0
O[C@H]1C[C@@H](C(=O)C)[C@@]2(C)[C@H](C1)CC[C@@H]1[C@H]3[C@@](C)([C@@H]([C@H](C)CCC(=O)[O-])CC3)CC[C@@H]21,,C35051174,98.933228,1,0,0,0,0,0,0,0,1,0
Brc1c(N[C@@H](C(=O)[O-])c2ccc(Br)cc2)cccc1,,C37959869,99.61026,1,0,0,0,0,0,0,0,0,0
Brc1c(N[C@](C(C)C)(C(=O)[O-])c2ccccc2)cccc1,,C37959933,99.549828,1,0,0,0,0,0,0,0,0,0
FC(F)(F)c1ccc2S[C@H](c3cc(O)ccc3)CC(C=3C(=O)OC(C)=CC=3[O-])=Nc2c1,,C08934340,98.427734,1,0,0,0,0,0,0,0,1,0
Brc1ccc([N-]C=2S/C(/C(=O)N=2)=C\2/C(=O)Nc3ccccc/23)cc1,,C33937932,93.783569,1,0,0,0,0,0,0,0,0,0
FC(F)(F)c1c([N-]C=2S/C(=C/[C@H]3CNc4ccccc34)/C(=O)N=2)cccc1,,C39984763,72.94503,1,0,0,0,0,0,0,0,0,0
[S-]C=1N([C@H](c2cccc3ccccc23)NC(=O)C=1C#N)c1c(CC)cccc1,,C40147941,96.849945,1,0,0,0,0,0,0,0,0,0
[S-]C=1N([C@@H](c2c3ccccc3cc3ccccc23)NC(=O)C=1C#N)c1c(OC)cccc1,,C40147968,96.528473,1,0,0,0,0,0,0,0,0,0
Brc1c(N[C@H](C(=O)[O-])c2scc(Br)c2)cccc1,,C41678077,99.652855,1,0,0,0,0,0,0,0,1,0
Brc1cc([C@](Nc2c(C)cc(C)cc2)(C)C(=O)[O-])ccc1,,C41732742,99.684418,1,0,0,0,0,0,0,0,1,0
Brc1cc([C@](Nc2c(F)ccc(F)c2)(C)C(=O)[O-])ccc1,,C41753252,99.592201,1,0,0,0,0,0,0,0,0,0
Brc1cc([C@@](Nc2c(F)ccc(F)c2)(C)C(=O)[O-])ccc1,,C41753253,99.592201,1,0,0,0,0,0,0,0,1,0
Brc1c(N[C@](C)(C(=O)[O-])c2cc(F)ccc2)ccc(F)c1,,C41767825,99.595284,1,0,0,0,0,0,0,0,0,0
Ic1c(N[C@](C)(C(=O)[O-])c2ccc(F)cc2)cccc1,,C41770201,99.564896,1,0,0,0,0,0,0,0,0,0
Ic1c(N[C@@](C)(C(=O)[O-])c2ccccc2)cccc1,,C41790248,99.542259,1,0,0,0,0,0,0,0,0,0
Ic1c(N[C@](C)(C(=O)[O-])c2c(C)cccc2)cccc1,,C41790279,99.542381,1,0,0,0,0,0,0,0,0,0
Ic1c(N[C@@](C)(C(=O)[O-])c2c(F)cccc2)cccc1,,C41790324,99.752968,1,0,0,0,0,0,0,0,0,0
Ic1c(N[C@](C)(C(=O)[O-])c2ccc(SC)cc2)cccc1,,C41790403,99.537102,1,0,0,0,0,0,0,0,1,0
Ic1c(N[C@]2(C(=O)[O-])CCCc3ccccc23)cccc1,,C41790422,99.557724,1,0,0,0,0,0,0,0,0,0
Brc1cc(N[C@@](C)(C(=O)[O-])c2cc(Br)ccc2)c(C)cc1,,C41806433,99.687782,1,0,0,0,0,0,0,0,0,0
O[C@@H]1[C@@]2(C)[C@H]([C@@H](C)CCC(=O)[O-])CC[C@H]2[C@H]2CC[C@@H]3[C@@](C)(CCC(=O)C3)[C@@H]2C1,,C43726823,98.936752,1,0,0,0,0,0,0,0,1,0
Fc1cc(-c2csc3[C@@H](c4ccc(C(=O)[O-])cc4)CC(=O)Nc23)ccc1,,C46076993,99.244766,1,0,0,0,0,0,0,0,0,0
Ic1c(/C(/[O-])=C(/C(=O)NC2CCCC2)\C#N)cccc1,,C48554941,97.142212,1,0,0,0,0,0,0,0,0,0
FC(F)(F)c1c(NC(=O)/C(/C#N)=C(/[O-])\C=C\c2c(C)cc(C)cc2)cccc1,,C51402990,99.058929,1,0,0,0,0,0,0,0,0,0
[S-]c1sc(CC(=O)N[C@H](C)C23CC4CC(C2)CC(C3)C4)c(C)n1,,C53574317,99.904137,1,0,0,0,0,0,0,0,1,0
O=C([O-])c1ccc([C@H]2Nc3ccc(-c4ccccc4)cc3[C@H]3[C@@H]2CC=C3)cc1,,C58929482,99.24884,1,0,0,0,0,0,0,0,0,0
Brc1c(Br)cc(C(=O)Nc2c(C(=O)[O-])cc(F)c(F)c2)s1,,C61563715,99.470245,1,0,0,0,0,0,0,0,1,0
Brc1c(NC(=O)N2C[C@H](C)C[C@@H](C)C2)c(C(=O)[O-])ccc1,,C62827083,99.188148,1,0,0,0,0,0,0,0,0,0
[S-]c1sc(CC(=O)N2CCC(Nc3ccc(F)cc3)CC2)c(C)n1,,C63584400,99.903549,1,0,0,0,0,1,0,0,1,0
Fc1c(NC(=O)C=2[C@H](c3sccc3)C3=C([O-])CCCC3=NC=2C)cccc1,,C00690040,100,1,0,0,0,0,0,0,0,0,0
O=C([O-])c1c(-c2ccccc2)c2NC(=O)C[C@H](c3ccc(C#N)cc3)c2s1,,C64795446,99.379829,1,0,0,0,0,0,0,0,0,0
O=C(/C(/C#N)=C(/[O-])\c1c(C)nc2ccc(C)cc2c1)c1c(C)[nH]c2ccccc12,,C66004870,97.769936,1,0,0,0,0,0,0,0,0,0
NC1=C(C#N)[C@H](c2ccc(C)cc2)c2cc3ccccc3cc2O1,,C04089801,100,1,0,0,0,0,0,0,0,0,0
NC1=C(C#N)[C@@H](c2cscc2)C=2CCC/C(=C\c3cscc3)/C=2O1,,C01032120,100,1,0,0,0,0,0,0,0,0,0
Clc1ccc([C@H]2Nc3cc(C)c(C)cc3NC=3CCCC(=O)C2=3)cc1,,C04051983,99.998711,1,0,0,0,0,0,0,0,0,0
S(C)c1ccc([C@@H]2C(C#N)=C(N)Oc3ccc4ccccc4c23)cc1,,C00584773,100,1,0,0,0,0,0,0,1,0,0
Clc1ccc([C@@H]2NC(=O)NC=3c4ccccc4CCC2=3)cc1,,C01407528,99.953964,1,0,0,0,0,0,0,0,0,0
O[C@@]1(C)[C@@]2(C)CC[C@H]3[C@@]4(C)CC=C5N(NC=C5)[C@@H]4CC[C@@H]3[C@@H]2CC1,,C06067681,99.995003,1,0,0,0,0,0,0,0,1,0
O[C@]12OC3(CCCCC3)[C@@H]3[C@](O)(CCCC3)[C@H]1CCCC2,,C12436942,100,1,0,0,0,0,0,0,0,0,0
O[C@H]1CC[C@@]2(C)[C@H](C1)CC[C@@H]1[C@H]2CC[C@@]2(C)[C@H]1Cc1[nH]nc(C)c21,,C12653430,52.089474,1,0,0,0,0,0,0,0,0,0
O=C(Nc1ccc2N[C@H](c3c(C)cc(C)cc3C)[C@H]3CC=C[C@@H]3c2c1)C,,C14457570,99.999374,1,0,0,0,0,0,0,0,0,0
O(C)c1cccc2[C@@H]3[C@H]([C@@H](c4c[nH]c5ccccc45)Nc12)CC=C3,,C14544836,99.998558,1,0,0,0,0,1,0,1,0,0
O(C)c1cccc2[C@@H]3[C@H]([C@H](c4c[nH]c5ccccc45)Nc12)CC=C3,,C14544837,99.998558,1,0,0,0,0,0,0,0,0,0
Nc1c(C#N)c(-c2ccccc2)c2CCCCCc2c1C#N,,C16492373,100,1,0,0,0,0,0,0,0,0,0
Clc1ccc([C@@H]2Nc3ccccc3NC=3CC(C)(C)CC(=O)C2=3)cc1,,C00756502,99.998703,1,0,0,0,0,0,0,0,0,0
O=C(N1CCCc2ccc(N)cc12)c1ccc(C(C)(C)C)cc1,,C20182760,100,1,0,0,0,0,0,0,1,1,0
S(C)c1nc(N)c(c(C(F)(F)F)n1)-c1ccccc1,,C20272847,99.951721,1,0,0,0,0,0,0,0,0,0
O=C(c1c(C)c(C)c(C)c(C)c1C)c1c(N)c2ccccc2o1,,C22154307,100,1,0,0,0,0,1,0,0,0,0
O=C(N[C@H]1CCc2[nH]c3ccc(C)cc3c2C1)[C@H]1CCC=CC1,,C22327636,100,1,0,0,0,0,0,0,0,0,0
O=C(N[C@@H]1CCc2[nH]c3ccc(C)cc3c2C1)C1CCC(C)CC1,,C22329434,100,1,0,0,0,0,0,0,0,0,0
S=C1N(c2ccc3ccccc3c2)C(N)=C2C=CC=CC2=N1,,C03851022,99.334419,1,0,0,0,0,0,0,0,0,0
O=C1N[C@@H](/C=C/c2ccccc2)Nc2sc3CCCCc3c12,,C00565644,93.560951,1,0,0,0,0,0,0,0,0,0
O=C1N[C@H](c2ccccc2)C=2CCC/C(=C/c3ccccc3)/C=2N1,,C32689273,99.952087,1,0,0,0,0,0,0,0,0,0
O([C@@H]1C[C@@H](C)CC(C)(C)C1)c1c(N)cc2sc(C)nc2c1,,C35342958,100,1,0,0,0,0,0,0,1,1,0
[NH2+]=C1N([C@@H](C)C(C)=C1c1sc2ccccc2n1)C1CCCCC1,,C35686398,99.996902,1,0,0,0,0,0,0,0,0,0
N([C@@H](C)c1c(C)c2ccccc2s1)c1c(C)[nH]nc1C,,C37261683,99.965652,1,0,0,1,0,1,0,1,1,0
O=C1Nc2cc(N[C@H](C)C3CCCCC3)ccc2SC1,,C37302783,99.999321,1,0,0,0,0,0,0,0,1,0
Brc1ccc2n(C3CC3)c(-c3cc(C)c(N)cc3)nc2c1,,C37441844,64.066216,1,0,0,1,0,0,0,1,0,0
Brc1cc(N)c(-c2n(C)c3ccc(F)cc3n2)cc1,,C37742623,54.511841,1,0,0,0,0,0,0,0,0,0
S=C1N[C@@H](c2ccc(C(C)C)cc2)C=2C(=O)CCCC=2N1,,C02601613,99.99987,1,0,0,0,0,0,0,0,1,0
Brc1ccc2[C@H](Nc3cccc4cn[nH]c34)CCc2c1,,C40227238,94.255119,1,1,0,1,0,1,1,1,1,0
Cl[C@H](c1c(F)ccc(Cl)c1)c1ccc2NC(=O)Nc2c1,,C40270278,99.997833,1,1,0,1,0,1,1,1,1,0
Clc1c(Cl)ccc([C@H]2N(C(=O)c3c(N)ccs3)CCC2)c1,,C40330673,100,1,0,0,1,0,0,0,0,0,0
Brc1cc(C)c(-n2c(N)cc(C(C)(C)C)n2)cc1,,C41541328,97.498825,1,0,0,0,0,0,0,1,0,0
S=C(N)c1c(Oc2ccc(C)cc2)nc2CCCc2c1,,C43409147,99.937263,1,0,0,1,0,0,0,1,1,0
Clc1ccc2cc(C(=O)NC[C@H]3CCC=CC3)[nH]c2c1,,C49278172,100,1,0,0,0,0,0,0,1,1,0
Brc1ccc([C@@H](C)n2c(N)nc3cc(Cl)ccc23)cc1,,C49526489,93.469658,1,0,0,0,0,0,0,0,0,0
Fc1ccc([C@@H]2Nc3scc(-c4ccccc4)c3C(O)=N2)cc1,,C04571807,73.955162,1,0,0,0,0,0,0,0,0,0
Brc1ccc(Cc2nc(N)c3CCCCc3n2)cc1,,C50846796,61.976978,1,0,0,1,0,1,0,1,0,0
Brc1c([C@@H](Cl)C2CCCC2)cc2NC(=O)Nc2c1,,C52095104,99.997742,1,0,0,0,0,0,0,0,0,0
FC(F)(F)c1n(C2(C)CCCCC2)c2ccc(N)cc2n1,,C52854389,99.348122,1,0,0,0,0,0,0,0,0,0
O/N=C(/C)\[C@H]1[C@@]2(C)CC[C@H]3[C@@]4(C)CC[C@H](O)CC4=CC[C@@H]3[C@@H]2CC1,,C04532102,81.815079,1,0,0,0,0,0,0,0,1,0
FC(F)(F)c1ccc2sc(-c3c(C)nc(N)s3)nc2c1,,C55176370,100,1,0,0,1,0,0,0,1,0,0
Clc1ccc([C@@H]2NC(=O)c3c(sc4CCCCc34)N2)cc1,,C02603824,94.943855,1,0,0,0,0,0,0,0,0,0
Brc1cccc2[C@@H](Nc3c(C)ccc(C)c3)C(=O)Nc12,,C42080254,99.996422,1,0,0,0,0,0,0,0,0,0
Fc1ccc2NC(=O)[C@H](Nc3cc(C(C)C)ccc3)c2c1,,C20136599,99.99588,1,0,0,1,0,0,0,1,1,0
Ic1c(N)n([C@@H](C)C2CCCCC2)nc1C,,C43669329,95.027992,1,0,0,0,0,0,0,0,0,0
O=C(N[C@@H](C)C1CCCCC1)c1ccc2NCCCc2c1,,C52342520,99.997444,1,0,0,0,0,0,0,0,0,0
S=C1N(c2ccc(C)cc2)N[C@@](C)(c2sccc2)N1,,C08683623,99.997292,1,0,0,0,0,0,0,0,0,0
Brc1ccc2n(C)c(-c3c(N)c(C)cc(C)c3)nc2c1,,C62825832,61.56546,1,0,0,0,0,0,0,1,0,0
Oc1ccc(/C=C/2\C(=O)c3[nH]c4ccc(C)cc4c3CC\2)cc1,,C27579416,82.356697,1,0,0,0,0,0,0,0,0,0
[S-]C=1N(c2ccc(C)cc2)N[C@@](C)(c2sccc2)[NH+]=1,,C08683623,99.997292,1,0,0,0,0,0,0,0,0,0
S=C1N[C@@H](c2ccc([N+](=O)[O-])cc2)C(C(OC)=O)=C(C)N1,,C03844163,99.999809,1,0,0,0,0,0,0,0,1,0
O=[N+]([O-])c1c([C@@H]2C(C#N)=C(N)OC=3CCCC(=O)C2=3)cccc1,,C00070981,100,1,0,0,0,0,0,0,0,0,0
O=[N+]([O-])c1ccc([C@H]2C(C#N)=C(N)OC(C)=C2C(=O)C)cc1,,C00284753,99.994934,1,0,0,0,0,0,0,0,1,0
O=C(NC(C)(C)C)NC(=O)COc1ccc2C=CC(=O)Oc2c1,,C03598746,100,1,0,0,1,0,1,0,0,1,0
O=[N+]([O-])c1ccc(C[C@@]2(c3ccccc3)C(=O)NC(=O)N2)cc1,,C02044482,99.999016,1,0,0,1,0,0,0,0,1,0
O=C1N(c2ccc3N[C@@H](c4ccncc4)Oc3c2)C(=O)N[C@H]1C(C)C,,C05351875,99.632393,1,0,0,0,0,0,0,0,0,0
S(=O)(=O)(N1CCCCCC1)c1cc([N+](=O)[O-])c(N)cc1,,C05589011,100,1,0,0,0,0,0,0,0,1,0
N(Cc1n[nH]c2CCCCCc12)c1nc(-c2oc(C)cc2)cnn1,,C11664508,83.335793,1,0,0,0,0,0,0,1,1,0
O=C(NCC(C)C)C1CCN(c2ncnc3nc[nH]c23)CC1,,C09059723,79.962357,1,0,0,0,0,0,0,0,1,0
O=C(NC1CCCC1)[C@@H]1CN(c2ncnc3[nH]cnc23)CCC1,,C09060307,80.383125,1,0,0,1,0,0,0,0,0,0
O=C(Nc1sc(C)cn1)CN1C(=O)[C@]2([C@H](C)CCCC2)NC1=O,,C14661908,99.999763,1,0,0,0,0,0,0,0,1,0
S(=O)(=O)(N)c1c(N2C[C@H](C)C[C@@H](C)C2)ccc([N+](=O)[O-])c1,,C15205992,99.997665,1,0,0,0,0,0,0,0,1,0
O(CC)C(=O)N1C[C@@H]2[C@@H](CC)C(C#N)(C#N)C(N)=C(C#N)C2=CC1,,C20000706,100,1,0,0,0,0,0,0,0,0,0
O=C(NC)NC1(c2n(-c3ccc(C)cc3)nnn2)CCC(C)CC1,,C22437739,100,1,0,0,1,0,1,0,0,1,0
O=C(N[C@H](C)c1cnc(C)cc1)Nc1sc(-c2occc2)nn1,,C23581328,96.809448,1,0,0,1,0,0,0,0,1,0
O=C(N[C@@H](C)c1cnc(C)cc1)Nc1sc(-c2occc2)nn1,,C23581329,96.809448,1,0,0,0,0,1,0,0,0,0
O=C(N[C@H]1CS(=O)(=O)CC1)/C(=N\Nc1ccc(C)cc1)/C#N,,C26966512,99.928619,1,0,0,0,0,0,0,0,1,0
S([C@@H]1C(=O)NC(=O)N=N1)C=1[C@H](C)N(c2ccccc2)NC=1C,,C36378053,59.014294,1,0,0,0,0,0,0,0,1,0
O=C(Oc1ccc([C@@H]2C(C#N)=C(N)O[C@H]3N=NC(C)=C23)cc1)C,,C39327216,100,1,0,0,1,0,0,0,0,1,0
O(C)C(=O)N[C@H]1N=C2C=C/C(=[NH+]\C(=O)c3ccccc3)/C=C2[N-]1,,C39953888,75.956749,1,0,0,0,0,0,0,0,0,0
O=C(NCc1occc1)Nc1cc(N2C(=O)OCC2)ccc1,,C40513524,100,1,0,0,0,0,0,0,0,1,0
O=C(NC1(c2nc(C)on2)CCCC1)C=1NC(=O)c2ccccc2C=1,,C42697984,99.713959,1,0,0,0,0,1,0,0,1,0
O=[N+]([O-])c1c(N2CCc3c(C#N)c(N)sc3C2)ccc(C#N)c1,,C45615356,100,1,0,0,1,0,1,0,1,0,0
O=C(Nc1cc(C=2NC(=O)C=C(C)N=2)ccc1)/C=C/c1cn(C)nc1,,C47329200,98.469322,1,0,0,1,0,0,0,1,0,0
S(=O)(=O)(/N=C/1\SC=C(C)N\1)c1c(NC)nc2SC=Cn12,,C50635088,94.84568,1,0,0,0,0,0,0,1,0,0
S(=O)(=O)(N1[C@@H](C)CCC[C@H]1C)c1c(N)cc([N+](=O)[O-])cc1,,C50635614,100,1,0,0,0,0,0,0,0,1,0
S(=O)(=O)(N1CCCCCC1)c1c(F)cc([N+](=O)[O-])cc1N,,C50638847,100,1,0,0,0,0,0,0,0,1,0
S(=O)(=O)(N1C[C@H](C)C[C@H](C)C1)c1c(N)cc([N+](=O)[O-])cc1,,C50648858,100,1,0,0,0,0,0,0,0,1,0
S(=O)(=O)(/N=C/1\SC(C)=C(CC)N\1)c1cnc(NC)nc1,,C50677876,98.429512,1,0,0,0,0,0,0,1,0,0
S(=O)(=O)(N1[C@H](C)C[C@@H](C)CC1)c1c(N)cc([N+](=O)[O-])cc1,,C51751673,100,1,0,0,0,0,0,0,0,1,0
S(=O)(=O)(N[C@@H]1[C@H](O)CCCC1)c1c(C)cc([N+](=O)[O-])cc1,,C52004953,94.84375,1,0,0,1,0,1,0,0,1,0
S(=O)(=O)(N)c1n(-c2nc(C)cc(C)n2)nc(C(C)(C)C)c1,,C52306743,99.994751,1,0,0,0,0,0,0,0,0,0
O=C(Nc1oc(C)c2C(C)=NNC(=O)c12)CN1CCc2ccccc12,,C52872667,99.97052,1,1,0,1,0,1,1,1,0,0
Clc1c([N+](=O)[O-])c(N[C@@]2(CO)C[C@@H](C)CCC2)ncn1,,C53128524,99.266663,1,0,0,0,0,0,0,0,1,0
O=C(N=C1Nc2ccccc2N1)[C@H](C)N1C(=O)c2ccccc2N=C1,,C09187639,64.196968,1,0,0,0,0,0,0,1,0,0
S(=O)(=O)(N(C)C1CCCCC1)c1c([N+](=O)[O-])ccc(N)c1,,C50639661,100,1,0,0,0,0,0,0,0,0,0
Oc1ccc2NC(=O)[C@@H](Cc3cc([N+](=O)[O-])ccc3)Oc2c1,,C62495440,98.882668,1,0,0,1,0,0,0,1,1,0
O=C(N/N=C\1/C(=O)Nc2ccccc/12)COc1c(C#N)cccc1,,C00032079,99.999832,1,0,0,0,0,0,0,0,0,0
O=C(N/N=C\1/C(=O)Nc2ccccc/12)[C@@H]1Oc2ccccc2OC1,,C05731658,99.999832,1,0,0,0,0,0,0,1,0,0
O=C(Nc1sc([C@@H]2OCCC2)nn1)[C@H]1NOC=2CCCCCC1=2,,C63795873,99.397469,1,0,0,0,0,0,0,0,1,0
[O-]/C(=N\c1[nH]nc(-c2occc2)n1)/CC=1C[NH+]=C2C=CC=CC=12,,C64025377,87.394211,1,0,0,1,0,1,0,1,0,0
O=C(Nc1ccc2OC(=O)Nc2c1)[C@H]1[C@H](C)Oc2ccccc2O1,,C44755728,99.97541,1,1,0,0,0,0,0,0,0,0
O=C(Nc1ccc2OCC(=O)Nc2c1)[C@H]1ON=C(c2ccccc2)C1,,C33157827,99.998848,1,0,0,0,0,0,0,0,1,0
Clc1ccc2N(C)/C(=N/C(=O)CNC(=O)c3occc3)/Nc2c1,,C58228529,54.117905,1,0,0,0,0,0,0,0,1,0
O=C(N[C@@H](C)c1onc(C)n1)Nc1sc2ccccc2n1,,C58376955,99.995941,1,0,0,0,0,1,0,0,1,0
N(/N=C/c1cnccc1)c1nnc2c([nH]c3ccc(C)cc23)n1,,C64981426,98.770828,1,0,0,0,0,0,0,0,0,0
O=C(NCCNc1c(C#N)cccn1)N1C[C@H](C)OC(C)(C)C1,,C65690475,96.348923,1,0,0,0,0,0,0,0,1,0
Fc1c(C(=O)NNC(=O)c2c(C)ccs2)ccc([N+](=O)[O-])c1,,C66556519,100,1,0,0,0,0,0,0,0,0,0
O=C(Nc1scc(-c2cnccc2)n1)Nc1cn(C(C)C)nc1,,C67016621,99.510986,1,1,0,1,0,0,0,0,0,0
O=C(Nc1c(-n2nccc2)nccc1)N1[C@H](c2[nH]ccc2)CCC1,,C67475379,99.96183,1,0,0,1,0,0,0,1,1,0
S(CC(C)=C)c1nc(N)c2c(sc3CO[C@@H](C(C)C)Cc23)n1,,C00477682,93.335045,1,0,0,0,0,0,0,0,1,0
Fc1c(Nc2c(C)cccc2)nc(Nc2c(C)cccc2)nc1,,C00566135,98.809082,1,0,0,1,0,0,0,0,0,0
FC(F)(F)c1c(NC(=O)Nc2c(-n3cccc3)ccc(C)c2)cccc1,,C01046697,100,1,0,0,0,0,0,0,0,0,0
S=C1N(Cc2ccc(OC)cc2)[C@@]2(O)CCCC[C@@H]2C2(N1)CCCCC2,,C00783519,99.99987,1,0,0,0,0,0,0,0,0,0
Oc1ccc(/C=C/2\C(=O)N/C(=N/c3ccc(CC)cc3)/S\2)cc1,,C04696382,72.75795,1,0,0,0,0,0,0,0,0,0
Fc1ccc(NC(=O)N2[C@@H](C)C[C@@H](Nc3ccccc3)c3ccccc23)cc1,,C01307160,99.999382,1,0,0,0,0,0,0,0,0,0
S(CC(=O)Nc1c(C)cccc1)c1[nH]c2cc(C)cc(C)c2n1,,C04843261,44.756809,1,0,0,1,0,0,0,1,1,0
O=C(Nc1n(CC)c2ccsc2c1)Nc1c(CC)cccc1,,C05146248,100,1,0,0,1,0,1,0,0,0,0
O=C1[C@H](c2c[nH]c3ccccc23)CC(c2ccc(C(C)(C)C)cc2)=NN1,,C05187520,99.98349,1,0,0,1,0,0,0,1,1,0
Fc1ccc(NC=2C(Nc3ccc(F)cc3)=CC(=O)C(=O)C=2)cc1,,C01764406,99.999557,1,0,0,0,0,0,0,0,0,0
Brc1ccc2[nH]cc(/C=N/NC(=O)c3ccc(C)cc3)c2c1,,C05380575,99.996506,1,0,0,0,0,0,0,1,0,0
O=C(N/C=C\c1occc1)NC1CCCCCCCCCCC1,,C05461084,100,1,0,0,0,0,0,0,0,0,0
O(Cc1ccccc1)c1ccc([C@@H]2C(C#N)=C(N)OC=3CCCCC2=3)cc1,,C02746744,100,1,0,0,0,0,0,0,0,0,0
Fc1c(NC(=O)NN(c2ccccc2)c2ccccc2)cccc1,,C06885327,100,1,0,0,0,0,0,0,0,0,0
S(=O)(=O)(N[C@H]1[C@H](C)[C@H](C)CCC1)c1ccc2[nH]c3CCCCc3c2c1,,C06930045,96.815186,1,0,0,0,0,0,0,0,0,0
S(=O)(=O)(Nc1c(F)cccc1)c1ccc2[nH]c3CCCCCc3c2c1,,C07003214,90.120766,1,0,0,1,0,0,0,1,0,0
S(c1ccc(C)cc1)C1=C(Nc2cc(C)c(C)cc2)C(=O)NC1=O,,C00113785,99.979866,1,0,0,1,0,1,0,1,1,0
O=C(Nc1ccc(NC(=O)C2C3CC4CC2CC(C3)C4)cc1)C(C)C,,C12817976,100,1,0,0,0,0,0,0,0,1,0
O=C(Nc1cc(C)ccc1)[C@H]1[C@@H](C(=O)Nc2cc(C)ccc2)[C@H]2C[C@@H]1C=C2,,C13562376,100,1,0,0,0,0,0,0,0,1,0
Fc1cc([C@H]2CC(=O)Nc3nc(Nc4ccccc4)sc23)ccc1,,C15110016,99.999863,1,0,0,1,0,0,0,0,0,0
O=C1C[C@@H](c2ccc(C(C)(C)C)cc2)Cc2nc(N)nc(CC)c12,,C15424337,99.702278,1,0,0,0,0,1,0,0,1,0
O(C(C)C)C(=O)c1c(N)c2c(s1)nc(CC)c1CCCCc21,,C16161198,98.784477,1,0,0,0,0,0,0,0,0,0
Oc1ccc(/N=C/2\S/C(=C\c3ccc(C(C)C)cc3)/C(=O)N\2)cc1,,C20227365,95.006279,1,0,0,0,0,0,0,0,0,0
OCC(Nc1ncnc2sc3C[C@@H](C(C)(C)C)CCc3c12)(C)C,,C20322996,90.47065,1,0,0,1,0,0,0,0,1,0
O=C/1N(C(C)C)c2cc(N)ccc2O\C\1=C\c1ccc(C(C)C)cc1,,C20339041,100,1,0,0,0,0,0,0,1,0,0
Clc1c(Cl)cccc1[C@@H](N)c1cc([N+](=O)[O-])c(C)c(C)c1,,C21499790,83.658905,1,0,0,0,0,0,0,0,0,0
Brc1c([C@H](N)c2cc([N+](=O)[O-])c(C)c(C)c2)cc(F)cc1,,C21504153,77.962303,1,0,0,0,0,0,0,0,1,0
O=C(NNC(=O)c1c(C)cc(C)cc1)[C@H]1[C@@H](C=C(C)C)C1(C)C,,C24714868,100,1,0,0,0,0,0,0,0,1,0
O=C(N[C@H]1[C@H](C(C)(C)C)CCCC1)C=1NC(=O)c2ccccc2C=1,,C25092431,99.750969,1,0,0,0,0,0,0,0,1,0
FC(F)(F)c1c(NC(=O)Nc2c(C#N)c(CC)c(C)s2)cccc1,,C27922027,100,1,0,0,0,0,0,0,0,0,0
Clc1ccc2nc(NC(=O)Nc3c(C(F)(F)F)cccc3)sc2c1,,C28226946,100,1,0,0,0,0,0,0,0,1,0
Brc1cc(C)c(NCC(=O)NC2(C#N)CCCCCC2)cc1,,C32906660,99.998039,1,0,0,0,0,1,0,0,1,0
FC(F)(F)[C@@H]1C[C@@H](NC(=O)N[C@H](C)c2oc3ccccc3c2)CCC1,,C37171457,100,1,0,0,0,0,0,0,0,0,0
Brc1cc(N)c(-c2onc(Cc3ccc(Cl)cc3)n2)cc1,,C37742663,99.953392,1,1,0,1,0,1,0,0,0,0
Brc1c(C(C)(C)C)nc(NC(=O)Nc2ccccc2)s1,,C01402788,100,1,0,0,0,0,0,0,0,0,0
O=C(NC1CCCCCCCCCCC1)C(=O)Nc1c(C)cc(C)cc1C,,C38717999,100,1,0,0,0,0,0,0,0,0,0
Oc1c(N2[C@]3(C[C@@H](OCC)CC3)C[C@H](c3c(O)cccc3)C2)cccc1,,C39503403,97.858727,1,0,0,0,0,0,0,0,1,0
Oc1c(NC=2S/C(=C\c3cc(C)ccc3)/C(=O)N=2)cc(C)cc1,,C39869609,87.486084,1,0,0,0,0,0,0,0,0,0
Fc1cc(Nc2nc(NC3CCCCC3)c3ccccc3n2)ccc1,,C41152592,68.935066,1,0,0,0,0,0,0,0,0,0
Brc1cc(N)c(-c2onc(Cc3c(C)cccc3)n2)cc1,,C43560137,99.952774,1,0,0,1,0,1,0,1,0,0
S(Cc1ccc(C)cc1)C=1N(N)C(=O)c2c(sc3CCCCc23)N=1,,C36646173,98.032333,1,0,0,1,0,0,0,1,0,0
Fc1c(C)ccc(NC(=O)CNC(=O)C23CC4CC(C2)CC(C3)C4)c1,,C45573697,100,1,0,0,0,0,0,0,0,1,0
O=C(Nc1cc(C(=O)NC2CC2)ccc1)c1sc2CCCCCCc2c1,,C16173078,100,1,0,0,0,0,0,0,0,1,0
Clc1ccc(SCCNC(=O)/N=C/2\SC(C)=CN\2)cc1,,C49205570,59.252769,1,0,0,1,0,1,0,0,1,0
O[C@H]1CN(C(=O)N[C@@H](c2sccc2)c2ccc3CCCCc3c2)CCC1,,C54009090,100,1,0,0,1,0,1,0,1,1,0
Fc1cc(C)c(NC=2NC(=O)C=C(c3ccc(C)cc3)N=2)cc1,,C57342100,77.940979,1,0,0,1,0,0,0,1,0,0
Clc1ccc([C@@H](NC(=O)Nc2c(N3CCCC3)cccc2)C)cc1,,C58864498,100,1,0,0,0,0,0,0,0,1,0
FC(F)(F)C=1C=C(NC(=O)c2ccc(C3CCCCC3)cc2)C(=O)NC=1,,C47502176,91.210228,1,0,0,0,0,0,0,0,0,0
Fc1cc(Nc2sc(C(=O)Nc3c(C)cccc3)c(C)n2)ccc1,,C65184711,99.999496,1,0,0,0,0,0,0,0,0,0
FC(F)(F)[C@@H]1C[C@@H](NC(=O)N2C[C@@H](Nc3ccccc3)CC2)CCC1,,C67613308,99.999496,1,0,0,0,0,0,0,0,0,0
FC(F)(F)Oc1ccc(N2C(=O)C=3[C@H](c4ccc(O)cc4)NC(=O)N(C)C=3C2)cc1,,C01422341,98.229836,1,0,0,0,0,0,0,0,0,0
O(C)C(=O)NC(=O)c1c(NC(=O)c2oc3ccccc3c2)sc2C[C@H](C)CCc12,,C07613880,100,1,0,0,1,0,1,0,0,0,0
Cl/C(=C\c1ccc([N+](=O)[O-])cc1)/C=C\1/C(=O)N[C@H](N(C)c2ccc(O)cc2)S/1,,C06151124,99.772758,1,0,0,0,0,0,0,0,0,0
Clc1sc(S(=O)(=O)/N=C\2/N(CC=C)c3ccc(S(=O)(=O)N)cc3S/2)cc1,,C08967473,99.99765,1,0,0,0,0,0,0,0,0,0
O=C(Nc1scc(-c2ccc3NC(=O)CCc3c2)n1)c1c(C)oc(-c2ccccc2)n1,,C09592337,99.999634,1,0,0,0,0,0,0,0,0,0
Clc1cc(NC(=O)CN2C(=O)[C@@](CC)(c3ccc(Cl)cc3)NC2=O)c(C#N)cc1,,C09874429,99.99958,1,0,0,0,0,0,0,0,1,0
S(CC(=O)NC(=O)N[C@H]1[C@H](C)CCCC1)C=1N(C2CCCC2)C(=O)c2ccccc2N=1,,C10142197,97.080391,1,0,0,0,0,0,0,0,0,0
O=C(Nc1scc(-c2c(C)cc(C)cc2)n1)CN1C(=O)[C@@]2([C@@H](C)CCCC2)NC1=O,,C11357078,99.999763,1,0,0,0,0,0,0,1,1,0
Fc1c(CC(=O)N2CCC(n3c(NC(=O)Nc4c(C)cccc4)ccn3)CC2)cccc1,,C11704094,99.496399,1,0,0,1,0,0,0,0,1,0
FC(F)(F)c1ccc(C(=O)Nc2n(C=3NC(=O)C=C(C)N=3)nc(-c3sccc3)c2)cc1,,C11854411,98.655067,1,0,0,1,0,1,0,0,0,0
O=C(Nc1n(C=2NC(=O)C(C)=C(C)N=2)nc(-c2sccc2)c1)c1cc(C)cc(C)c1,,C11854891,98.640877,1,0,0,1,0,1,0,0,0,0
Clc1ccc(C(=O)Nc2n(C=3NC(=O)C=4CCCC=4N=3)nc(-c3sccc3)c2)cc1,,C11855749,98.515854,1,0,0,1,0,0,0,0,0,0
Clc1c(NC(=O)Nc2n(C3CCN(C(=O)[C@@H]4CCC=CC4)CC3)ncc2)cccc1,,C12300521,99.497795,1,0,0,0,0,0,0,0,1,0
S([C@@H](C)C(=O)NC(=O)NC(C)(C)C)C=1N(C2CCCC2)C(=O)c2c(C)c(C)sc2N=1,,C12747273,99.500084,1,0,0,0,0,0,0,0,0,0
O=C(NNC(=O)C1=NN(c2ccccc2)C(=O)c2ccccc12)C12CC3CC(C1)CC(C2)C3,,C12998271,100,1,0,0,0,0,0,0,0,0,0
S(=O)(=O)(NNC(=O)[C@H]1[C@H](c2ccccc2)C1)c1ccc2C(=O)c3ccccc3C(=O)c2c1,,C13616830,99.228615,1,0,0,1,0,0,0,0,1,0
O=C(NC(=O)CN1C(=O)c2c(c(C)sc2N=C1)-c1ccccc1)Nc1c(C)c(C)ccc1,,C16658052,99.898689,1,0,0,1,0,0,0,0,0,0
FC(F)(F)c1ccc2N(C(=O)[C@@H](OC(=O)c3[nH]c4ccccc4c3)C)CC(=O)Nc2c1,,C17043847,99.998672,1,0,0,0,0,0,0,0,0,0
S(CC(=O)NC(=O)NC(C)(C)C)C=1N(CC)C(=O)c2c(sc3C[C@@H](C)CCc23)N=1,,C20853826,99.541412,1,0,0,1,0,1,0,0,0,0
O=C(N[C@H](C)C12CC3CC(C1)CC(C2)C3)CN1C(=O)[C@]2(NC1=O)CCOc1ccccc21,,C21742719,99.99939,1,0,0,0,0,0,0,0,1,0
O=C(N[C@@H](C)C12CC3CC(C1)CC(C2)C3)CN1C(=O)[C@]2(NC1=O)CCOc1ccccc21,,C21742721,99.99939,1,0,0,0,0,0,0,0,1,0
O(CC(=O)C(C#N)=C1Nc2ccccc2N1)C(=O)C1c2ccccc2Oc2ccccc12,,C06017346,99.923416,1,0,0,0,0,0,0,0,0,0
O=C(Nc1c(C(=O)Nc2cc(C)ccc2)oc2ccccc12)[C@H]1Oc2ccccc2OC1,,C27664499,100,1,0,0,0,0,0,0,0,0,0
O=C(N[C@H](C)c1ccc2ccccc2c1)CN1C(=O)[C@](C)(c2ccc(C#N)cc2)NC1=O,,C36848931,99.999565,1,0,0,0,0,0,0,0,0,0
S(=O)(=O)(Nc1c(NC[C@H]2OCCC2)nc2ccccc2n1)c1cc(C)c(C)cc1,,C17209623,79.984169,1,0,0,0,0,0,0,1,1,0
O=C1C[C@H](c2occc2)C[C@H]2N(c3[nH]c4ccccc4n3)N=C(Nc3ccc(C)cc3)[C@@H]12,,C38741865,69.902023,1,0,0,0,0,0,0,0,0,0
Clc1ccc(-c2nn3[C@@H]4C=CN(CCc5c[nH]c6ccccc56)C(=O)C4=CNc3n2)cc1,,C39331152,64.438652,1,0,0,0,0,0,0,0,0,0
Clc1ccc(OCC=2S[C@@H]3NN[C@@H]([C@H]4N=NC(c5ccccc5)=C4)N3N=2)cc1,,C39594009,99.77668,1,0,0,1,0,1,0,0,1,0
Brc1ccc(NC(=O)[C@H]2[C@H](C(=O)Nc3cc([N+](=O)[O-])ccc3)CC=CC2)cc1,,C39894562,100,1,0,0,0,0,0,0,0,1,0
Brc1ccc(NC(=O)[C@H]2[C@H](C(=O)Nc3ccc([N+](=O)[O-])cc3)CC=CC2)cc1,,C39894566,100,1,0,0,0,0,0,0,0,1,0
Clc1cc(C)c(OCC(=O)NN2[C@@H](c3occc3)Nc3ccc(Cl)cc3C2=O)cc1,,C39919929,99.974083,1,0,0,0,0,0,0,0,0,0
O=C(NCc1occc1)c1c(C)c2/C(=N/NC(=O)c3cccc4ccccc34)/CCCc2o1,,C40813587,99.999306,1,0,0,0,0,0,0,0,0,0
S(=O)(=O)(N/N=C/1\CCCc2oc(C(=O)Nc3ccccc3)c(C)c\12)c1ccccc1,,C40815053,84.76915,1,0,0,0,0,0,0,0,0,0
S(CC)c1nn2[C@@H](c3ncccc3)C(C(=O)Nc3c(C)c(C)ccc3)=C(C)Nc2n1,,C41020715,74.544533,1,0,0,0,0,0,0,0,0,0
Clc1ccc2O[C@](C)(C(=O)Nc3n([C@H](CC)c4ccccc4)ncc3)C(=O)Nc2c1,,C41549465,99.643021,1,0,0,1,0,1,0,1,1,0
O=C(NNC(=O)C12CC3CC(C1)CC(C2)C3)C1CCN(c2oc3ccccc3n2)CC1,,C14282139,100,1,0,0,0,0,0,0,0,0,0
FC(F)(F)Oc1cc(NC(=O)CN2C(=O)[C@]3(NC2=O)C[C@H](C)CC(C)(C)C3)ccc1,,C31030412,99.999771,1,0,0,0,0,0,0,0,1,0
Clc1c(NC(=O)c2c(Cl)c3N[C@H](c4occc4)C[C@@H](C(F)(F)F)n3n2)cccn1,,C00674976,99.73661,1,0,0,0,0,0,0,0,0,0
S(=O)(=O)(N1CCCCCC1)c1ccc(/C=C/C(=O)N=C2Nc3ccccc3N2)cc1,,C20836760,57.322014,1,0,0,0,0,0,0,0,0,0
Fc1c(N(C(=O)C)c2scc(/C=C/C(=O)N=C3Nc4ccccc4N3)n2)cccc1,,C40159817,57.582291,1,0,0,0,0,0,0,0,1,0
Clc1c(Oc2c([N+](=O)[O-])cc(C(F)(F)F)cc2)ccc(/C=C/2\C(=O)NC(=N)S\2)c1,,C23128346,99.284798,1,0,0,0,0,0,0,1,0,0
Brc1cc(C(=O)NC(=S)Nc2sc3cc([N+](=O)[O-])ccc3n2)ccc1,,C17101104,100,1,0,0,1,0,0,0,0,0,0
Clc1cc(NC(=O)C=2[C@H](c3cc([N+](=O)[O-])ccc3)NC(=S)N(C)C=2C)ccc1,,C57458887,99.999863,1,0,0,0,0,0,0,0,0,0
O=C(Nc1ccc(-c2nc3C(C)=CC=Cn3c2)cc1)CCC=1NC(=O)c2ccccc2N=1,,C59020255,79.390724,1,0,0,1,0,0,1,1,0,0
O=C(Nc1ccc2n(CC)c3ccccc3c2c1)CC=1C(=O)NC(c2cnccc2)=NC=1C,,C59577106,98.769272,1,1,0,1,0,0,0,0,0,0
NC1=C(C#N)[C@@H](c2c(-c3ccccc3)nn(-c3ccccc3)c2)[C@H]2C(C(C)(C)C)=NN=C2O1,,C01110938,84.83844,1,0,0,1,0,0,0,0,0,0
S(C)c1ccc([C@@H]2[NH+]=C(N3CCN(c4ccccc4)CC3)N=C3NC(=C)C=C([O-])N23)cc1,,C49937301,65.900902,1,0,0,0,0,0,0,0,0,0
S(CC(=O)Nc1cc(C)c(C)cc1)[C@@H]1N(c2cc(C)ccc2)C(=N)C2=C(C)N=NC2=N1,,C63731787,99.989944,1,0,0,1,0,0,0,0,1,0
O=C1N(Cc2ccc(C)cc2)c2ccccc2[C@@]21C(C#N)=C(N)OC1=NN=C(CCC)[C@H]21,,C09210739,89.22229,1,0,0,0,0,0,0,0,0,0
Fc1c(CNC(=O)CN2C(=O)CN(C(=O)Nc3ccc(C)cc3)c3ccccc23)cccc1,,C64971487,100,1,0,0,0,0,0,0,0,1,0
S([C@@H](C)C(=O)Nc1c(C)cccc1)C=1NC(=O)c2c(-c3ccccc3)csc2N=1,,C01290301,95.632515,1,0,0,1,0,0,0,0,0,0
S([C@H](C)CC)C=1NC(=O)C=2[C@@H](c3ccc(CC)cc3)C=3C(=O)CCCC=3NC=2N=1,,C00937270,59.138771,1,0,0,0,0,0,0,0,0,0
Clc1cc(NC(=O)Nc2c(C(OCCC)=O)c3CC[C@@H](C)Cc3s2)ccc1,,C02922090,100,1,0,0,0,0,0,0,0,0,0
O=C(Nc1c(C(=O)Nc2c(OC)cccc2)cccc1)[C@H]1[C@@H](C=C(C)C)C1(C)C,,C04686584,100,1,0,0,1,0,0,0,0,1,0
S=C(NC(=O)c1cccc2ccccc12)Nc1c(C)c(-c2oc3ccccc3n2)ccc1,,C04090591,100,1,0,0,1,0,1,0,0,0,0
Clc1ccc(Oc2cc([C@@H]3C(C(=O)c4ccccc4)=C(C)NC(=O)N3)ccc2)cc1,,C05504607,99.996773,1,0,0,1,0,0,0,0,0,0
S(=O)(=O)(C(F)(F)F)c1ccc(NC(=O)Nc2c(C)c(C)ccc2)cc1,,C00947920,100,1,0,0,0,0,0,0,0,1,0
FC(F)(F)[C@@]1(O)N(c2scc(-c3ccccc3)n2)N=C(/C=C/c2c(O)cccc2)C1,,C08754024,94.763535,1,0,0,0,0,0,0,0,0,0
FC(F)(F)Oc1ccc(Nc2scc(C(=O)NC3CCCCC3)n2)cc1,,C09239978,100,1,0,0,0,0,0,0,0,0,0
O=C1c2c(NCCc3ccccc3)cc3Oc4ccccc4Nc3c2C(=O)c2ccccc12,,C09310941,99.990623,1,0,0,0,0,1,1,0,0,0
O=C(c1c(N)c2c(-c3occc3)c3CC/C(=C\c4occc4)/c3nc2s1)c1ccccc1,,C09636681,97.723907,1,0,0,0,0,0,0,0,0,0
S(CCCC)C=1NC(=O)C=2[C@H](c3sc(C)cc3)C=3C(=O)CC(C)(C)CC=3NC=2N=1,,C11024168,82.849785,1,0,0,0,0,0,0,0,1,0
Brc1ccc(COc2cc(/C=N/Nc3[nH]c4ccccc4n3)ccc2)cc1,,C09763699,49.15274,1,0,0,0,0,1,0,0,0,0
FC(F)(F)c1cc([N+](=O)[O-])c(Nc2ccc(Nc3ccccc3)cc2)cc1,,C08436192,100,1,0,0,0,0,0,0,0,0,0
Brc1c(C(=O)N/N=C/c2c(Cl)nc(Nc3ccccc3)s2)cccc1,,C02630369,99.998734,1,0,0,1,0,0,0,0,0,0
O=C(Nc1ccccc1)[C@@H]1[C@@H]([C@H](C(=O)Nc2ccccc2)C(C)=CC1=O)c1ccc(C)cc1,,C15081088,99.99855,1,0,0,0,0,0,0,0,0,0
O(C1CCCC1)c1ccc([C@H]2CC(=O)Nc3nc(Nc4ccccc4)sc23)cc1,,C15110059,99.999863,1,0,0,1,0,0,0,0,0,0
Oc1c(Cc2c(C)cc(C)cc2C)c(C)nc(Nc2scc(-c3ccccc3)n2)n1,,C16886280,88.540688,1,0,0,0,0,0,0,1,0,0
Oc1ccc(/N=C\2/S/C(=C/c3ccc(OCc4ccccc4)cc3)/C(=O)N/2)cc1,,C08436054,94.806602,1,0,0,1,0,0,0,1,0,0
O=C(N/N=C/c1ccc(OC)cc1)c1ccc([C@H]2Nc3ccccc3[C@H]3[C@H]2CC=C3)cc1,,C20247896,99.999146,1,0,0,0,0,0,0,0,0,0
O=C(Nc1ccc2nc(NC(=O)C34CC5CC(C3)CC(C4)C5)sc2c1)C1CCCCC1,,C20494072,100,1,0,0,0,0,0,0,0,0,0
O=C1C[C@@H](C)Cc2nc(Nc3ccc(CC)cc3)nc(Nc3ccc(C)cc3)c12,,C22444897,85.372353,1,0,0,0,0,0,0,0,0,0
O=C1C[C@@H](C)Cc2nc(Nc3cc(C)c(C)cc3)nc(Nc3ccc(C)cc3)c12,,C22448026,85.363861,1,0,0,0,0,0,0,0,0,0
FC(F)(F)c1cc(Nc2nc(NCc3occc3)c3ccccc3n2)ccc1,,C32617698,67.27594,1,1,0,1,0,0,0,0,0,0
Clc1cc(NC(=O)N2C[C@@H](C(=O)Nc3ccccc3)C[C@@H](c3ccccc3)C2)ccc1,,C34710342,100,1,0,0,1,0,0,0,0,0,0
N(Cc1occc1)c1nc(Nc2c(C)cccc2)c2c(sc3CCCCc23)n1,,C34733787,52.209255,1,0,0,1,0,0,0,1,0,0
N(CCc1ccccc1)c1nc(NN2CCCC2)c2c(sc3CCCCc23)n1,,C34733866,91.504639,1,0,0,1,0,0,0,0,0,0
O=C(Nc1ccc(C)cc1)N(Cc1ccc(C(C)(C)C)cc1)[C@H]1C(=O)NCCCC1,,C34946280,100,1,0,0,0,0,0,0,0,0,0
O(C)c1ccc(C/2=C(C)NN\C\2=C/2\C(=O)C=C(OCc3c(C)cccc3)C=C\2)cc1,,C08970916,53.010471,1,0,0,0,0,0,0,1,0,0
O=C(Nc1c(C(=O)Nc2ccc(C)cc2)oc2ccccc12)CCC1CCCCC1,,C09344959,100,1,0,0,0,0,0,0,0,0,0
O=C(Nc1c(C(=O)Nc2cc(C)ccc2)c2CC[C@H](C(C)(C)C)Cc2s1)c1occc1,,C00643979,100,1,0,0,0,0,0,0,0,0,0
O=C(Oc1ccc2[C@H](c3ccc(C(C)C)cc3)C(C#N)=C(N)Oc2c1)c1c(C)cccc1,,C38649368,100,1,0,0,0,0,0,0,1,0,0
O=C(Oc1ccc2[C@@H](c3cccc4ccccc34)C(C#N)=C(N)Oc2c1)c1cc(C)ccc1,,C38657624,100,1,0,0,0,0,1,0,0,0,0
O=C(Oc1ccc2[C@@H](c3ccc(CC)cc3)C(C#N)=C(N)Oc2c1)c1ccc(C)cc1,,C38676759,100,1,0,0,0,0,0,0,0,0,0
Fc1ccc([C@H](NCN2C(=O)C3(NC2=O)CCCCCCC3)C(C)(C)C)cc1,,C40149159,98.627335,1,0,0,0,0,0,0,0,0,0
S(CCCC)C=1NC(=O)C=2[C@@H](c3ccc(C)cc3)C=3C(=O)CC(C)(C)CC=3NC=2N=1,,C06856692,59.096577,1,0,0,0,0,0,0,0,0,0
O=C(Nc1c(C)cccc1)c1c(C)c2/C(=N/Nc3ccccc3)/CCCc2o1,,C40824207,99.988297,1,0,0,0,0,0,0,0,0,0
O(CC)C(=O)c1c(NC(=O)Nc2ccccc2)scc1-c1c(C)cc(C)cc1,,C41013699,100,1,0,0,1,0,0,0,0,0,0
O=C(Nc1ccc(C=2C(=O)N(c3c(C)cccc3)NC=2c2cc(C)ccc2)cc1)CC,,C36084937,85.131439,1,0,0,1,0,0,0,0,0,0
O=C(CN[C@@H](c1ccc(C)cc1)c1ccccc1)N1[C@@H](C)CC(=O)Nc2ccccc12,,C57403291,89.204834,1,0,0,0,0,0,0,0,0,0
FC(F)(F)[C@H]1n2nc(C(=O)Nc3c(C)c(C)ccc3)cc2N[C@@H](c2ccc(C)cc2)C1,,C03011829,99.661507,1,0,0,0,0,0,0,0,0,0
FC(F)(F)c1c(C(=O)NC=2C(=O)Oc3ccccc3C=2NC2CCCCC2)cccc1,,C46141116,99.991066,1,0,0,0,0,0,0,0,0,0
S(CC(C)C)c1[nH]c(N/N=C/c2ccc3ccc4cccc5ccc2c3c45)nn1,,C59310314,81.666779,1,0,0,1,0,0,0,0,0,0
S([C@H](C)CC)c1[nH]c(N/N=C/c2c3ccccc3cc3ccccc23)nn1,,C20837107,92.84613,1,0,0,0,0,0,0,0,0,0
Fc1ccc(-c2oc(/C=C/C(=O)Nc3c(C)ccc(-c4oc(CO)cc4)c3)cc2)cc1,,C20145390,100,1,0,0,1,0,1,0,1,0,0
O=C(C(C)(C)C)N1C[C@@H](C(=O)Nc2c(NC34CC5CC(C3)CC(C4)C5)cccc2)CCC1,,C60318920,99.999466,1,0,0,0,0,0,0,0,1,0
OC1=N[C@H](c2ccc(OC(=O)c3sccc3)cc2)Nc2sc3C[C@@H](C)CCc3c12,,C15947624,92.710144,1,0,0,0,0,0,0,0,0,0
O=C(N[C@@H](C(C)C)c1ccc(C(C)C)cc1)N1CCC(NC(=O)C2CCC2)CC1,,C66176081,100,1,0,0,0,0,0,0,0,0,0
Clc1c(NC(=O)C[C@@H](NC(=O)C2CCCCC2)C)c2cccnc2c(C)c1,,C66306839,99.450653,1,0,0,1,0,1,0,0,1,0
O=C(NC1CCN(C(=O)N[C@H](C)c2cc(C)cc(C)c2)CC1)CC1CCCCC1,,C66926693,100,1,0,0,1,0,0,0,0,0,0
O[C@]1(C)N(C2CC(C)(C)[NH2+]C(C)(C)C2)C(=O)O[C@]1(C)CC/C=C(\C)/CCC=C(C)C,,C04199115,99.991722,1,0,0,0,0,0,0,0,1,0
O=C(Nc1c(C(=O)Nc2cc(C)ccc2)c2CCCc2s1)C[NH+]1[C@H](C)CCCC1,,C04554481,81.358856,1,0,0,1,0,0,0,0,0,0
O=C(N[C@H](C)c1c(-n2cccc2)sc2C[NH+](CC)CCc12)Nc1c(C)c(C)ccc1,,C06877446,99.627762,1,0,0,1,0,0,0,0,1,0
S(CC(=O)Nc1ccc(C)cc1)[C@H](C)C(=O)NCC1([NH+]2CCCCC2)CCCCC1,,C06940044,99.962837,1,0,0,0,0,0,0,0,1,0
S(CCCC(=O)Nc1c(C(OC)=O)c2CC(C)(C)[NH2+]C(C)(C)c2s1)c1ccccc1,,C09472795,99.962952,1,0,0,1,0,0,0,1,0,0
Fc1ccc([C@@H](NC(=O)C[NH+]2CCC(C(=O)Nc3ccccc3)CC2)c2sccc2)cc1,,C09870330,55.091759,1,0,0,1,0,0,0,0,0,0
Fc1c(OC)cc([C@@H]2[NH+](Cc3cc(OCCO)ccc3)CCc3c4ccccc4[nH]c23)cc1,,C12028678,92.718956,1,0,0,0,0,0,0,1,1,0
Fc1c(OC)cc([C@H]2[NH+](Cc3cc(OCCO)ccc3)CCc3c4ccccc4[nH]c23)cc1,,C12028681,92.718956,1,0,0,1,0,1,0,0,1,0
O=C1[C@@](CCc2ccccc2)(C2CC[NH+](CC[C@H](C)c3ccccc3)CC2)NC(=O)N1,,C12052801,99.936806,1,0,0,1,0,0,0,0,1,0
Fc1ccc(C[NH+]2[C@H](CC(=O)NC34CC5CC(C3)CC(C4)C5)C(=O)NCC2)cc1,,C12372930,96.775253,1,0,0,1,0,0,0,0,1,0
Fc1cc(CNC(=O)C[C@@H]2[NH+](CC(c3ccccc3)c3ccccc3)CCNC2=O)ccc1,,C12373073,94.519768,1,0,0,1,0,1,0,0,1,0
S(c1c(NC(=O)C[NH+](C)CC(=O)Nc2cc(F)ccc2)cccc1)c1ccccc1,,C03332623,99.913841,1,0,0,1,0,1,0,0,0,0
S=C(Nc1c(C)cc(C)cc1)N(C[C@@H]1[NH+](CC)CCC1)CC=1C(=O)Nc2cc(C)ccc2C=1,,C12635429,99.871986,1,0,0,1,0,1,0,0,1,0
S=C(Nc1c(C)cc(C)cc1)N(CC[NH+](C)C)CC=1C(=O)Nc2cc(C)cc(C)c2C=1,,C12566681,99.104111,1,0,0,1,0,1,0,0,1,0
Ic1cc(NC(=O)C[NH+]2CCC(C(=O)Nc3ccccc3)CC2)ccc1,,C12940617,60.068729,1,0,0,0,0,0,0,0,0,0
Ic1c(NC(=O)C[NH+]2C[C@@H](C(=O)Nc3ccccc3)CCC2)cccc1,,C12975600,83.550972,1,0,0,1,0,1,0,0,1,0
Clc1ccc(C[NH2+]CC=2C(=O)Nc3n(-c4ccc(Cl)cc4)nc(C(C)(C)C)c3C=2)cc1,,C13564683,93.625656,1,0,0,1,0,0,0,0,0,0
O=C(NCCC[NH+]1CCCCCC1)c1ccc2S/C(=C\c3ccccc3)/C(=O)Nc2c1,,C03064066,99.964821,1,0,0,0,0,0,0,0,1,0
O[C@@H](C[NH+](C)C[C@@H](O)Cn1c2ccccc2c2ccccc12)Cn1c2ccccc2c2ccccc12,,C27228817,90.40625,1,1,0,1,0,0,0,0,0,0
S(=O)(=O)(NC1CC(C)(C)[NH2+]C(C)(C)C1)c1ccc(OCCC)c2ccccc12,,C27587947,96.700256,1,0,0,1,0,0,0,0,1,0
FC(F)(F)c1ccc([C@H]2N3[C@H](C(OC)=O)Cc4c5ccccc5[nH]c4[C@H]3C[C@@H]([NH2+]C3CC3)C2)cc1,,C35424268,99.055946,1,0,0,1,0,0,0,0,0,0
O[C@H](C[NH+](CCC(C)C)CC=1NC(=O)c2c(-c3ccccc3)csc2N=1)C(C)C,,C35745705,59.561745,1,0,0,1,0,0,0,0,1,0
Fc1c(-c2csc3N=C(C[NH+](C[C@H](O)C(C)C)C4CCCCC4)NC(=O)c23)cccc1,,C35746059,55.487633,1,0,0,1,0,1,0,0,0,0
O[C@@H](C[NH+](Cc1ccccc1)CC=1NC(=O)c2c(-c3c(C)ccc(C)c3)csc2N=1)CC,,C35746497,85.122681,1,0,0,1,0,1,0,1,0,0
O[C@H](C[NH+](CC(C)C)CC=1NC(=O)c2c(sc3CCCCc23)N=1)Cc1ccccc1,,C36156542,61.238853,1,0,0,1,0,1,0,0,1,0
FC(F)(F)c1c(CCNC(=O)C[C@@H]2[NH+](CC(C)(C)C)CCNC2=O)cccc1,,C13636640,81.786079,1,0,0,1,0,1,0,0,1,0
Clc1cc([C@@H](Nc2[nH+]c(C)ccc2)c2c(NC(=O)c3occc3)sc(C)c2)ccc1,,C38546947,53.074486,1,0,0,0,0,0,0,0,0,0
Brc1ccc([C@H](Nc2[nH+]cccc2)c2c(C)c(C)sc2NC(=O)c2occc2)cc1,,C38547648,80.429222,1,0,0,1,0,0,0,0,1,0
FC(F)(F)c1c(NC(=O)NC[C@@H]([NH+]2CCCCC2)c2ccc3N(C)CCCc3c2)cccc1,,C38671254,99.802422,1,0,0,0,0,0,0,0,0,0
O=C(NC[C@@H]([NH+]1CCCCCC1)c1n(C)ccc1)NCc1cccc2ccccc12,,C38678146,99.552322,1,0,0,1,0,1,0,0,1,0
O=C(Nc1c(C(=O)N[C@@H](C)CC)cccc1)[C@@H]1C[NH+](Cc2ccc(C)cc2)CCC1,,C38855422,98.607605,1,0,0,1,0,1,0,0,1,0
O=C(Nc1c(C(=O)NCC=C)cccc1)[C@H]1C[NH+](Cc2cccc3ccccc23)CCC1,,C38855817,98.189438,1,0,0,1,0,0,0,0,0,0
O=C(NCC12CC3CC(C1)CC(C2)C3)c1cnc(N2C[C@H](c3ccccc3)[NH2+]CC2)cc1,,C39229867,89.497589,1,0,0,0,0,0,0,0,0,0
Fc1c(C=2[C@H](C[NH2+]CC=3[C@@H](C)N(c4ccc(F)cc4)NC=3C)C=NN=2)ccc(F)c1,,C39404908,51.449688,1,0,0,0,0,0,0,0,1,0
[NH2+](C[C@H]1C(c2ccc(-c3ccccc3)cc2)=NN=C1)CC=1NO[C@@H](c2ccccc2)C=1,,C39454725,51.92614,1,0,0,1,0,1,0,0,0,0
O=C([C@H](CC)c1ccccc1)N1C[C@@H](C(=O)NC2CCCCCC2)C2(C1)CC[NH2+]CC2,,C39633606,99.845787,1,0,0,1,0,1,0,0,1,0
O=C([C@@H](CC)c1ccccc1)N1C[C@@H](C(=O)NCCCCCC)C2(C1)CC[NH2+]CC2,,C39660363,99.845787,1,0,0,0,0,0,0,0,1,0
O=C([C@@H](CC)c1ccccc1)N1C[C@H](C(=O)NCCc2c(C)cccc2)C2(C1)CC[NH2+]CC2,,C39691188,99.845581,1,0,0,1,0,1,0,0,1,0
O=C([C@H](CC)c1ccccc1)N1C[C@H](C(=O)NCCc2c(C)cccc2)C2(C1)CC[NH2+]CC2,,C39691189,99.845581,1,0,0,1,0,1,0,0,1,0
Fc1c(C[C@]2(C3CC[NH+](CC=4[C@@H]5C(C)(C)[C@@H](C5)CC=4)CC3)C(=O)NC(=O)N2)cccc1,,C43609156,99.860924,1,0,0,0,0,0,0,0,1,0
O=C(NC[C@H]([NH+]1CCCC1)c1sccc1)CNC(=O)C12CC3CC(C1)CC(C2)C3,,C45575094,99.138916,1,0,0,0,0,0,0,0,1,0
S=C(Nc1ccc(F)cc1)N1CCC2(N(C[C@@H](C)CC)C(=O)[C@H](CC(C)C)[NH2+]2)CC1,,C36032767,97.546936,1,0,0,0,0,0,0,0,1,0
[NH+](C)(C)C[C@H]1SC=C(c2sc3ncc(C#N)c(Nc4c(C)c5cc[nH]c5cc4)c3c2)C1,,C52550845,92.71936,1,0,0,0,0,0,0,0,0,0
O=C(NCC(C)(C)[NH+]1CCc2ccccc2C1)[C@@H](NC(=O)c1sccc1)Cc1ccccc1,,C25461263,99.677017,1,0,0,1,0,1,0,0,1,0
S=C(Nc1c(OC)c(OC)ccc1)N(Cc1c(F)cccc1)C1CC(C)(C)[NH2+]C(C)(C)C1,,C05945306,99.993782,1,0,0,1,0,1,0,0,0,0
S(CC(=O)Nc1ccc(C)cc1)[C@H](C)C(=O)Nc1ccc(C[NH+]2[C@@H](C)CCCC2)cc1,,C59326553,99.973862,1,0,0,0,0,0,0,0,1,0
O=C(NCCCC[NH+]1C[C@H](C)C[C@@H](C)C1)CNC(=O)Cc1cccc2ccccc12,,C53417463,99.977402,1,0,0,1,0,1,0,0,1,0
O=C(NC[C@H]1C[NH+](C(C)C)CCC1)c1ccc(CNC(=O)C23CC4CC(C2)CC(C3)C4)cc1,,C60207695,99.982826,1,0,0,1,0,0,0,0,0,0
O=C(NCCC=1C[NH+]=C2C=CC=CC=12)c1c(C)nc(NCCc2ccccc2)s1,,C63205668,84.20916,1,0,0,1,0,0,0,0,1,0
Fc1c(C(=O)/N=C(/NCCC=2C[NH+]=C3C=CC=CC=23)\Nc2cc(C)ccc2)cccc1,,C63588596,47.987198,1,0,0,0,0,1,0,0,0,0
Brc1c(OCc2oc([C@@H]3C(C#N)=C(N)OC(C)=C3C(OC)=O)cc2)cccc1,,C02769626,100,1,0,0,0,0,0,0,0,1,0
Clc1c(N2CCCCC2)c(NC(=S)NC(=O)c2c([N+](=O)[O-])cccc2)ccc1,,C01076469,100,1,0,0,0,0,0,0,0,0,0
O(C)c1c(OC)cccc1[C@@H]1[C@@H](C)[C@@H](NNc2ccccc2)Oc2cc3OCOc3cc12,,C05956655,99.974487,1,0,0,0,0,0,0,0,0,0
S(=O)(=O)(n1c(N)cc(OC(=O)c2ccc(C(C)(C)C)cc2)n1)c1ccc(F)cc1,,C04251547,100,1,0,0,0,0,0,0,1,0,0
S(=O)(=O)(NC)c1cc([N+](=O)[O-])c(N[C@H](C)c2ccc3CCCCc3c2)cc1,,C07903274,96.076401,1,0,0,1,0,0,0,1,1,0
O=[N+]([O-])c1ccc(/C=C/C(=O)Nc2cc(C(=O)NC3CCCCC3)ccc2)cc1,,C09229424,100,1,0,0,0,0,0,0,0,0,0
Clc1cc(C=2N=C(SCC(=O)Nc3ccc(CC)cc3)N3NC(=O)C=C3N=2)ccc1,,C09641712,95.710655,1,0,0,1,0,1,0,1,0,0
N(Cc1occc1)c1nc(Nc2cc(C)ccc2)c2cnn(-c3ccccc3)c2n1,,C09648198,86.888123,1,1,0,1,0,0,1,1,0,0
S(=O)(=O)(c1c(C)ccc(C)c1)C=1C(=O)NC(SCC(=O)Nc2c(C)cccc2)=NC=1,,C10433713,99.352859,1,0,0,0,0,1,0,0,1,0
FC(F)(F)c1c(C(=O)Nc2n(C=3NC(=O)C=C(C(C)C)N=3)nc(C3CC3)c2)cccc1,,C12126181,98.603745,1,0,0,1,0,0,0,0,1,0
S(=O)(=O)(Nc1n(-c2ccccc2)ncc1)c1ccc(NC(=O)C2CCCCC2)cc1,,C12377094,88.879875,1,0,0,1,0,0,0,0,0,0
Fc1ccc(/C=N/Nc2scc(C=3[C@H](c4ccc(OC)cc4)NC(=O)N(C)C=3)n2)cc1,,C12408820,99.928612,1,0,0,0,0,0,0,0,0,0
O(C)c1ccc2[nH]c3C(=O)N(/N=C/[C@H]4[C@H](C)CC(CCC=C(C)C)=CC4)C(=O)Nc3c2c1,,C12659560,99.976517,1,0,0,0,0,0,0,0,0,0
O(C)C(=O)c1c(NC(=O)Nc2c(C)n(Cc3c(C)cccc3)nc2C)cccc1,,C13331433,99.913383,1,0,0,1,0,0,0,0,1,0
S(=O)(=O)(NCCC)c1ccc2N[C@@H](c3cc([N+](=O)[O-])ccc3)[C@H]3CC=C[C@H]3c2c1,,C14471904,96.686798,1,0,0,0,0,0,0,0,0,0
O=C(Nc1ccc(OCc2ccccc2)cc1)CN1C(=O)C2(NC1=O)CCCCCCC2,,C16046336,99.999779,1,0,0,0,0,0,0,0,1,0
O(C(C)C)C(=O)c1ccc(NC(=O)[C@@H]2CN(C(=O)Nc3ccccc3)CCC2)cc1,,C16490109,100,1,0,0,0,0,0,0,0,0,0
S(Cc1cc(F)ccc1)c1n(c(CC=2NC(=O)NC(=O)C=2)nn1)-c1c(C)ccc(C)c1,,C17026690,99.440208,1,0,0,0,0,0,0,1,1,0
N(C[C@H]1OCCC1)c1nc(Nc2cc(C)ccc2)c2cnn(-c3ccccc3)c2n1,,C17135429,77.091011,1,1,0,1,0,0,1,0,0,0
S(CC(=O)Nc1c(C(F)(F)F)cccc1)C=1NC(=O)c2cnn(-c3ccccc3)c2N=1,,C02717760,72.418472,1,0,0,1,0,0,0,1,0,0
O=C(Nc1ccc(OCc2ccccc2)cc1)NC=1C(=O)N(N(C)C=1C)c1ccccc1,,C01032956,99.995598,1,0,0,1,0,1,0,0,0,0
S(=O)(=O)(CC1=C(C(OC)=O)[C@H](c2ccc(C)cc2)NC(=O)N1)c1c(C)cc(C)cc1C,,C20858120,99.99028,1,0,0,0,0,0,0,0,1,0
O=C(Nc1c(OCC)cccc1)Nc1ccc2N(CCC)C(=O)C(C)(C)COc2c1,,C22508787,100,1,0,0,0,0,0,0,0,0,0
O=C(NN1C(=O)[C@@](C)(CCc2ccccc2)NC1=O)Cc1coc2c(C)c(C)ccc12,,C23752399,99.709595,1,0,0,1,0,0,0,0,0,0
O(CC(=O)Nc1ccc2OC3(Oc2c1)CCCC3)C(=O)Cc1c[nH]c2ccccc12,,C25039134,100,1,0,0,1,0,1,0,1,1,0
Cl[C@@H](F)C(F)(F)Oc1cc(NC(=O)Nc2cc([N+](=O)[O-])ccc2)ccc1,,C32620005,100,1,0,0,0,0,0,0,0,1,0
O(C)C(=O)[C@@H](OC(=O)c1c(N)c2C(=O)c3ccccc3C(=O)c2cc1)c1ccccc1,,C32856350,100,1,0,0,0,0,0,0,0,0,0
O=C(Nc1cc(C#N)ccc1)Nc1ccc(N2CCN(C(=O)C(CC)CC)CC2)cc1,,C35335660,100,1,0,0,0,0,0,0,0,0,0
Fc1cc([C@H]2NC(=O)N(CC=C)C=3CN(CC(=O)Nc4ccc(F)cc4)C(=O)C2=3)ccc1,,C35969038,99.962654,1,0,0,0,0,0,0,0,1,0
S([C@H](C)C(=O)NC(=O)NC1CCCCC1)c1n(C2CC2)c(-c2c(F)cccc2)nn1,,C36796569,99.926247,1,0,0,1,0,0,0,0,0,0
Clc1c(Nc2scc(C(=O)N3C[C@@H](C(=O)NCc4occc4)CCC3)n2)cccc1,,C37426547,100,1,0,0,0,0,0,0,0,1,0
O=C(N/N=C/C=1[C@@H](C)N(c2ccccc2)NC=1C)[C@H]1N=NC=2CC[C@H](CC(C)(C)C)CC1=2,,C39571267,80.483749,1,0,0,0,0,0,0,0,0,0
S(CC(=O)N[C@H]1[C@H](C#N)C=2CC[C@H](C(C)(C)C)CC=2S1)c1[nH]nc(-c2occc2)n1,,C39964422,98.88308,1,0,0,0,0,0,0,0,1,0
Brc1c(Nc2c([N+](=O)[O-])c(NCc3ccccc3)ncn2)cccc1,,C40599338,93.961243,1,0,0,0,0,0,0,0,0,0
Brc1ccc(Nc2c([N+](=O)[O-])c(NCc3ccc(C)cc3)ncn2)cc1,,C40649170,93.828011,1,0,0,1,0,0,0,0,0,0
O=C(N/N=C/1\CCCc2oc(C(=O)NCCC)c(C)c\12)Cc1coc2cc(C)cc(C)c12,,C40826910,99.999298,1,0,0,1,0,1,0,0,0,0
S(Cc1ccccc1)c1nn2[C@@H](c3ccc(O)cc3)C(C(OC)=O)=C(C)Nc2n1,,C40927441,81.645691,1,0,0,0,0,0,0,1,0,0
O(C(C)C)C(=O)C=1[C@H](c2ccc(NC(=O)C3CCCC3)cc2)NC(=O)N(C)C=1C,,C04926493,99.963966,1,0,0,0,0,0,0,0,1,0
O(C(C)C)C(=O)C=1[C@H](c2c(-c3sccc3)nn(-c3ccccc3)c2)NC(=O)NC=1C,,C04144232,99.843155,1,0,0,1,0,0,0,0,1,0
S=C(NC(=O)c1ccc(C(C)C)cc1)Nc1sc2cc([N+](=O)[O-])ccc2n1,,C17081910,100,1,0,0,1,0,0,0,0,0,0
S(CC(=O)NC1(C#N)CCCCC1)c1n(C2CC2)c(-c2c[nH]c3ccccc23)nn1,,C07790763,98.336166,1,0,0,0,0,0,0,1,0,0
Clc1cc([N+](=O)[O-])c(NCCNC(=O)c2c(C)c3cc(Cl)ccc3o2)cc1,,C59400725,99.996376,1,0,0,0,0,0,0,0,0,0
S(CC(=O)N1C[C@H](C)CCC1)c1nc(N/N=C(\C)/c2ccc3ccccc3c2)[nH]n1,,C59819844,94.545082,1,0,0,1,0,1,1,0,0,0
S(=O)(=O)(N1CCCc2ccccc12)c1cc(C(=O)Oc2ccc(C(=O)N)cc2)ccc1,,C60391364,100,1,0,0,0,0,0,0,0,0,0
FC(F)(F)C=1/C(=C(\NNC(=O)CC(C)C)/C)/C(=O)N(c2sc3ccccc3n2)N=1,,C08432392,55.583046,1,0,0,0,0,0,0,0,0,0
O=C(Nc1c(C)cccc1)C=1[C@@H](c2ccc(N(CC)CC)cc2)n2ncnc2NC=1C,,C06719106,79.611633,1,0,0,0,0,0,0,0,1,0
O(CC=1S[C@@H]2NN[C@H]([C@@H]3N=NC(CC(C)C)=C3)N2N=1)c1ccc2ccccc2c1,,C39954978,99.757599,1,0,0,1,0,1,0,0,1,0
O(C)C(=O)c1ccc([C@H]2C(C#N)=C(N)OC3=NN=C(c4ccc(CC(C)C)cc4)[C@@H]23)cc1,,C00985872,76.071442,1,0,0,0,0,0,0,0,0,0
O=C(NCCc1c(C)oc(-c2ccccc2)n1)Nc1c(N2C[C@@H](C)O[C@H](C)C2)cccc1,,C65495695,100,1,0,0,0,0,0,0,0,0,0
O=[N+]([O-])c1ccc2sc(C(=O)Nc3c(C)c(NC(=O)CCC)ccc3)cc2c1,,C67500163,100,1,0,0,1,0,0,0,0,0,0
O=C(Nc1c(C(=O)Nc2c(OC)cccc2)c2CC[C@H](C(C)(C)C)Cc2s1)c1occc1,,C00643986,100,1,0,0,0,0,0,0,0,0,0
S([C@H](C)C(=O)NC1(C#N)CCCCC1)c1sc(Nc2c(C)c(C)ccc2)nn1,,C07742687,98.797638,1,0,0,1,0,1,0,0,1,0
FC(F)(F)c1cc(N[C@@H](c2c(O)c3ncccc3cc2)c2ccc([N+](=O)[O-])cc2)ccc1,,C08431968,66.963547,1,1,0,0,0,0,0,0,0,0
S(=O)(=O)(Nc1c(Nc2c(F)cc(F)cc2)nc2ccccc2n1)c1ccc(C)cc1,,C06142863,58.942188,1,0,0,0,0,0,0,0,0,0
O=C(NNC=1N(C2CCCCC2)C(=O)c2c(sc3CCCCc23)N=1)/C=C/c1ccccc1,,C02314841,99.203537,1,0,0,0,0,0,0,0,0,0
S=C1N[C@@H](c2c(OC(=O)c3ccccc3)ccc3ccccc23)C(C(OC)=O)=C(C)N1,,C09090715,99.999771,1,0,0,0,0,0,0,0,0,0
FC(F)(F)Oc1ccc(Nc2scc(C(=O)Nc3sc4cc(C)ccc4n3)n2)cc1,,C09240101,100,1,0,0,0,0,0,0,1,0,0
Fc1ccc(NC(=O)c2c(NC(=O)COc3cccc4ccccc34)c3ccccc3o2)cc1,,C09344324,100,1,0,0,0,0,0,0,0,0,0
O=C(Nc1c(C)cccc1)C=1[C@@H](c2ccc(C#N)cc2)NC(=O)N(c2ccc(C)cc2)C=1C,,C09516923,100,1,0,0,0,0,0,0,0,0,0
O=C(Nc1c(OCC)cccc1)c1c(NC(=O)c2ccc3ccccc3c2)c2ccccc2o1,,C10245806,100,1,0,0,0,0,0,0,0,0,0
O=C(Nc1c(C)cc(C)cc1)C=1[C@H](c2c(OCC)cccc2)n2c3ccccc3nc2NC=1C,,C04786439,70.217018,1,0,0,0,0,0,0,0,0,0
S(=O)(=O)(N1CCc2cc(NC(=O)Nc3c(C)ccc(C)c3)ccc12)c1ccc(C)cc1,,C13359594,100,1,0,0,0,0,0,0,0,0,0
S(=O)(=O)(N1CCc2cc(NC(=O)Nc3c(C)cc(C)cc3)ccc12)c1ccc(C)cc1,,C13359644,100,1,0,0,0,0,0,0,0,1,0
S=C(NC(=O)c1c(C)c2ccccc2o1)Nc1ccc2oc(-c3cc(C)ccc3)nc2c1,,C01413844,100,1,0,0,0,0,0,0,0,0,0
O=C(NNC(=O)N1c2ccccc2Sc2ccccc12)COc1c(C(C)C)cccc1,,C13988798,100,1,0,0,0,0,0,0,0,0,0
Clc1ccc2N=C(CSc3sc(Nc4c(C)c(C)ccc4)nn3)NC(=O)c2c1,,C15816936,77.205727,1,0,0,1,0,0,0,0,1,0
Oc1n(-c2sc(C(=O)Nc3c(C)c(C)ccc3)c(C)n2)nc(C)c1Cc1ccccc1,,C15858745,84.547546,1,0,0,0,0,0,0,0,0,0
O=C(Nc1ccc(C23CC4CC(C2)CC(C3)C4)cc1)CN1C(=O)[C@@]2([C@@H](C)CCCC2)NC1=O,,C15927682,99.999771,1,0,0,0,0,0,0,0,0,0
Oc1c([C@H]2Nc3ccc(OCCc4ccccc4)cc3[C@H]3[C@H]2CC=C3)cc([N+](=O)[O-])cc1,,C20709861,71.611694,1,0,0,0,0,0,0,0,0,0
O(C)C(=O)c1c(NC(=O)N2[C@H](c3ccc(C)cc3)c3[nH]c4ccccc4c3CC2)ccs1,,C20860355,100,1,0,0,0,0,0,0,0,0,0
S(=O)(=O)(N1CCc2ccc(NC(=O)Nc3c(CC)cccc3)cc12)c1ccc(C)cc1,,C21708446,100,1,0,0,1,0,0,0,0,1,0
O=C(Nc1cc(C(=O)Nc2ccc3OC4(Oc3c2)CCCCC4)ccc1)c1sccc1,,C22021182,100,1,0,0,1,0,0,0,0,0,0
FC(F)(F)c1cc(Nc2nn(-c3[nH]c4ccccc4n3)c3C[C@H](C)CC(=O)c23)ccc1,,C22456747,97.209549,1,0,0,1,0,0,0,0,0,0
Clc1cc(NC(=O)Nc2ccc3OCC(C)(C)C(=O)N(CCC(C)C)c3c2)ccc1,,C22510168,100,1,0,0,0,0,0,0,0,1,0
S(CC)c1nn2[C@@H](c3ccc(CC)cc3)C(C(=O)Nc3c(C)cccc3)=C(C)Nc2n1,,C23118789,87.897713,1,0,0,0,0,0,0,0,0,0
S(C(F)(F)F)c1ccc(C(=O)NN2C(=O)[C@@](CC)(c3ccccc3)NC2=O)cc1,,C24642252,99.429611,1,0,0,0,0,0,0,0,0,0
O=C(Nc1cc(C)c(C)cc1)C[C@H]1N(C(=O)/C=C/c2ccccc2)c2ccccc2NC1=O,,C27019984,99.998413,1,0,0,1,0,1,0,0,1,0
FC(F)(F)c1cc(Nc2c(C=3C(=O)NC=C4C=CC(OC)=CC=34)nc3n2C=CC=C3)ccc1,,C09308202,84.804314,1,0,0,1,0,0,0,1,0,0
O(C)c1c(OC(C)C)ccc([C@H]2C(C#N)(C#N)C(N)=C(C#N)C=3[C@H]2C[C@H](C(C)(C)C)CC=3)c1,,C33790399,100,1,0,0,0,0,0,0,0,0,0
S=C1N(c2cc(C)ccc2)[C@@]2(C)[C@H](C(OC)=O)[C@@H](N1)c1cc(C(C)(C)C)cc(O)c1O2,,C36075319,94.389656,1,0,0,0,0,0,0,0,1,0
Clc1sc(S(=O)(=O)NC=2C(=O)Oc3ccccc3C=2NC2CCCCC2)cc1,,C21034467,60.400066,1,0,0,0,0,0,0,0,0,0
O=C(Oc1ccc2[C@@H](c3oc(C)cc3)C(C#N)=C(N)Oc2c1)/C=C/c1ccc(C(C)(C)C)cc1,,C38659198,100,1,0,0,0,0,0,0,0,0,0
Fc1cc([C@@H]2C(C#N)=C(N)Oc3cc(OC(=O)c4ccc(OC(C)C)cc4)ccc23)ccc1,,C38678081,100,1,0,0,0,0,0,0,0,0,0
O=C(Oc1ccc2[C@H](c3ccc(C)cc3)C(C#N)=C(N)Oc2c1)c1c(C)c2ccc(C)cc2o1,,C38686972,100,1,0,0,0,0,0,0,0,0,0
Fc1ccc([C@H]2C(C#N)=C(N)Oc3cc(OC(=O)c4c(C)c5ccc(C)cc5o4)ccc23)cc1,,C38688051,100,1,0,0,0,0,0,0,0,0,0
Fc1ccc([C@@H]2C(C#N)=C(N)Oc3cc(OC(=O)c4c(C)c5ccc(C)cc5o4)ccc23)cc1,,C38688053,100,1,0,0,0,0,0,0,0,0,0
Fc1cc([C@H]2C(C#N)=C(N)Oc3cc(OC(=O)c4c(C)c5ccc(C)cc5o4)ccc23)ccc1,,C38700486,100,1,0,0,0,0,0,0,0,0,0
O=C(Nc1ccc(C(C)(C)C)cc1)Nc1ccc2OCC(C)(C)C(=O)N(CC=C)c2c1,,C38707998,100,1,0,0,0,0,0,0,0,0,0
Oc1c(C(C)(C)C)cc(/C=N/NC(=O)[C@H]2N=NC(c3sccc3)=C2)cc1C(C)(C)C,,C38814665,93.764679,1,0,0,0,0,0,0,0,0,0
O=C(N1CCC[C@@H]2CCCC[C@H]12)c1cc(Nc2ncnc(Nc3cc(C)ccc3)c2)ccc1,,C39301214,88.692772,1,0,0,0,0,0,0,0,0,0
O=C(N[C@H](C)c1ccc(C(C)C)cc1)CN1C(=O)C2(NC1=O)CCC(C(C)(C)C)CC2,,C36730592,99.999779,1,0,0,0,0,0,0,0,0,0
Oc1ccc(/C=N/NC=2N(c3ccc(C)cc3)C(=O)C=3C(C)(C)Cc4ccccc4C=3N=2)cc1,,C40033291,42.643612,1,0,0,0,0,0,0,0,0,0
Clc1cc([C@H]2C(C(=O)Nc3c(C)cccc3)=C(C)Nc3n2nc(SCCC)n3)ccc1,,C40982582,87.621742,1,0,0,0,0,0,0,0,0,0
S(CCC)c1nn2[C@@H](c3c(F)cccc3)C(C(=O)Nc3c(C)c(C)ccc3)=C(C)Nc2n1,,C41021178,84.214409,1,0,0,0,0,0,0,0,0,0
O=C(Nc1sc2cc3nc(NC(=O)C4CCCCC4)sc3cc2n1)C1CCCCC1,,C59349883,100,1,0,0,0,0,0,0,0,0,0
O=C(Nc1ccc(NC2CCCCC2)cc1)CCN1C(=O)c2c(sc3CCCCc23)N=C1,,C60331664,99.834839,1,0,0,1,0,0,0,1,0,0
S(CC(=O)Nc1n(-c2ccccc2)nc(C(C)(C)C)c1)c1[nH]c2cc(C)ccc2n1,,C06566834,44.682732,1,0,0,0,0,0,0,0,1,0
S(CC)c1nn2[C@@H](c3ccc(C(C)C)cc3)C(C(=O)Nc3c(C)cccc3)=C(C)Nc2n1,,C17316837,87.895554,1,0,0,0,0,0,0,0,0,0
CC(C)CC=1N=N[C@H]([C@@H]2NN[C@H]3SC(Cc4ccc(-c5ccccc5)cc4)=NN23)C=1,,C39950814,99.638237,1,0,0,0,0,1,0,0,0,0
O(Cc1c(C)cccc1)c1cc([C@H]2C(C#N)=C(N)OC3=NN=C(c4ccccc4)[C@H]23)ccc1,,C00622873,76.066368,1,0,0,0,0,0,0,0,0,0
O(Cc1ccccc1)c1cc([C@H]2C(C#N)=C(N)OC=3CC(C)(C)CC(=O)C2=3)ccc1,,C00705790,100,1,0,0,0,0,0,0,0,0,0
S([C@@H](C)C(=O)NC1CCCCC1)C=1NC(=O)c2c(sc3CCCCc23)N=1,,C04285873,95.343063,1,0,0,1,0,0,0,0,0,0
S(CC(=O)Nc1c(C)ccc(C)c1)C=1NC(=O)c2c(sc3CCCCc23)N=1,,C04285928,95.491997,1,1,0,1,0,0,1,1,0,0
S(CC(=O)NN=C1c2ccccc2-c2ccccc12)c1[nH]c2ccccc2n1,,C00844741,90.144196,1,0,0,0,0,0,0,1,0,0
Clc1ccc2O[C@](NC(=O)Nc3c(F)cccc3)(C(F)(F)F)Oc2c1,,C03661504,100,1,0,0,0,0,0,0,0,1,0
Clc1ccc2O[C@@](NC(=O)Nc3c(SC)cccc3)(C(F)(F)F)Oc2c1,,C02725337,100,1,0,0,1,0,0,0,0,0,0
ClC1=Cn2c(NC(C)(C)CC)c(C=3C(=O)Nc4ccc(C)cc4C=3)nc2C=C1,,C01330267,90.588158,1,0,0,0,0,0,0,0,0,0
Clc1c(Cl)cccc1NC(=O)C(=O)N/N=C/c1c(Cl)cc(Cl)cc1,,C07782297,100,1,0,0,0,0,0,0,0,0,0
O=C(NC1=C(c2ccc(C)cc2)N/C(=N/N=C/c2sccc2)/S1)C,,C08743531,66.244469,1,0,0,0,0,0,0,1,0,0
O=C(Nc1sc2ccc3ccccc3c2n1)CC[C@H]1C(=O)Nc2ccccc2C1,,C14343348,99.999695,1,0,0,1,0,0,0,0,1,0
Oc1c(C(C)C)cc(/N=C\2/C(=C/c3ccc(N(C)C)cc3)/SC(=O)N/2)c(C)c1,,C15057216,95.385956,1,0,0,0,0,0,0,0,0,0
Oc1c(/N=C\2/N(CC=C)C(=O)/C(=C/c3c[nH]c4ccccc34)/S/2)ccc(C)c1,,C16932640,85.391762,1,0,0,0,0,0,0,0,0,0
S([C@@H](c1ccccc1)C=1C(=O)Nc2ccccc2N=1)c1[nH]c2ccccc2n1,,C09087158,89.234497,1,0,0,1,0,0,0,1,0,0
O=C1CCCc2nc(NCc3ccccc3)nc(Nc3ccccc3)c12,,C22442294,61.050911,1,0,0,1,0,0,0,0,0,0
O=C1C[C@H](C)Cc2nc(NCc3ccccc3)nc(Nc3ccccc3)c12,,C22442570,60.997883,1,0,0,1,0,0,0,0,0,0
Clc1ccc2c(N/N=C\c3c(-c4ccc(F)cc4)n[nH]c3)ccnc2c1,,C29763578,34.768707,1,0,0,0,0,0,0,1,0,0
O=C(Nc1c(Oc2ccc(C)cc2)cccc1)c1c(C)c(C(=O)C)c(C)[nH]1,,C31295146,100,1,0,0,0,0,0,0,0,1,0
O=C(NC1CCCCC1)N1CCC(CCNC(=O)C2CCCCC2)CC1,,C33125932,100,1,0,0,0,0,0,0,0,0,0
O=C(N[C@H](C(=O)N1CCc2ccccc12)c1ccccc1)Nc1c(C)ccc(C)c1,,C33127828,100,1,0,0,0,0,1,0,0,0,0
O=C(N[C@@H](C(C)C)C(=O)N1C[C@]2(C)CC(C)(C)C[C@H]1C2)Nc1c(C)cccc1,,C34934639,100,1,0,0,0,0,0,0,0,1,0
Oc1c(C(C)(C)C)cc(/C=N\Nc2nc(C)cc(C)n2)cc1C(C)(C)C,,C36020479,97.833672,1,0,0,0,0,0,0,0,0,0
O=C(NC1CCCCC1)N1[C@@H](C(=O)NC23CC4CC(C2)CC(C3)C4)CCC1,,C12638952,100,1,0,0,0,0,0,0,0,1,0
O=C(Nc1c(C(=O)Nc2cc(C)ccc2)c2CC[C@@H](C)Cc2s1)c1occc1,,C00727182,100,1,0,0,1,0,0,0,0,1,0
O=C(Nc1sc2cccc(C)c2n1)c1nc(Nc2c(C)cc(C)cc2)sc1,,C38516527,100,1,0,0,0,0,0,0,1,0,0
O=C(NC[C@@H]1OC2(OC1)CCCCC2)Nc1ccc(C(C)(C)C)cc1,,C38568900,100,1,0,0,0,0,0,0,0,1,0
O=C(Oc1ccc2[C@H](c3ccc(C)cc3)C(C#N)=C(N)Oc2c1)c1cc(C)ccc1,,C38649145,100,1,0,0,0,0,0,0,0,0,0
Fc1ccc([C@@H]2C(C#N)=C(N)Oc3cc(OC(=O)c4ccc(C)cc4)ccc23)cc1,,C38652396,100,1,0,0,0,0,0,0,0,0,0
Fc1ccc([C@H]2C(C#N)=C(N)Oc3cc(OC(=O)c4cc(C)ccc4)ccc23)cc1,,C38652399,100,1,0,0,0,0,0,0,0,0,0
Fc1ccc(C(=O)Oc2ccc3[C@H](c4ccc(F)cc4)C(C#N)=C(N)Oc3c2)cc1,,C38652479,100,1,0,0,0,0,0,0,0,0,0
O=C(Oc1ccc2[C@@H](c3sccc3)C(C#N)=C(N)Oc2c1)c1c(C)cccc1,,C38656145,100,1,0,0,0,0,0,0,0,0,0
Clc1c(NC(=O)Nc2ccc3CCN(C(=O)C4CCCC4)c3c2)cccc1,,C38709045,100,1,0,0,0,0,0,0,0,1,0
O=C(Nc1ccc(C(C)(C)C)cc1)Nc1ccc2CCN(C(=O)C(C)(C)C)c2c1,,C38709190,100,1,0,0,0,0,0,0,0,0,0
O[C@@H]1C(C)(C)[C@@H]2[C@@](C)([C@H](COc3ccc4C=CC(=O)Oc4c3)[C@](O)(C)CC2)CC1,,C02112441,100,1,0,0,1,0,0,0,0,1,0
O=C(NCC=C)c1c(C)c2/C(=N/Nc3ccccc3)/CC(C)(C)Cc2o1,,C39855802,99.988029,1,0,0,1,0,0,0,0,0,0
O=C(NCCc1c[nH]c2ccccc12)N1[C@H](c2sc3ccccc3n2)CCC1,,C42956883,100,1,0,0,1,0,1,0,1,1,0
Oc1c(C(C)(C)C)cc(/C=N\NC(=O)c2occc2)cc1C(C)(C)C,,C48523123,96.755501,1,0,0,0,0,0,0,0,0,0
Fc1c(-c2nc(N/N=C/c3c(O)cccc3)c3ccccc3n2)cccc1,,C05032945,62.344852,1,0,0,0,0,0,0,1,0,0
N(/N=C/c1ccc(N(C)c2ccccc2)cc1)c1[nH]c2ccccc2n1,,C05586558,46.611515,1,0,0,0,0,0,0,0,0,0
O=C(Nc1ccccc1)N1CCC(C(=O)N[C@H]2[C@@H](C(C)C)CC[C@H](C)C2)CC1,,C57143429,100,1,0,0,0,0,0,0,0,0,0
O=C(Nc1c(C)ccc(NC(=O)C2CC2)c1)N1[C@@H](c2ccc(C)cc2)CCC1,,C57545489,100,1,0,0,1,0,0,0,0,1,0
Oc1c(/C=N/Nc2sc3ccccc3n2)cc2CCCN3CCCc1c23,,C04750627,98.348961,1,0,0,0,0,0,0,0,1,0
O=C(N/N=C/1\C(=O)Nc2ccccc\12)[C@H](C)c1ccc(CC(C)C)cc1,,C03072182,99.99984,1,0,0,0,0,1,0,1,0,0
S(CC)c1[nH]c(N/N=C/c2c3ccccc3cc3ccccc23)nn1,,C59310192,92.825836,1,0,0,0,0,0,0,0,0,0
OC1=N[C@@H](c2c(OC)c(OC)ccc2)Nc2sc3C[C@@H](C(C)(C)C)CCc3c12,,C04783928,73.798958,1,0,0,0,0,0,0,0,0,0
Nc1sc(/N=N/c2scc(-c3ccccc3)n2)c(-c2ccccc2)n1,,C04794597,99.686852,1,0,0,1,0,0,0,1,0,0
Clc1ccc([C@H](C(=O)Nc2cccc3NC(=O)COc23)C2CCCC2)cc1,,C62508287,99.997711,1,0,0,1,0,0,0,0,1,0
Brc1ccc2[nH]c(O)c(/N=N/c3ncc(C(F)(F)F)cc3)c2c1,,C13123365,97.342529,1,0,0,0,0,0,0,1,0,0
O=C(NCc1ccc2C[C@@H](C)N(C(=O)c3ccccc3)c2c1)Nc1cc(C)ccc1,,C64990573,100,1,0,0,1,0,0,0,0,1,0
Fc1ccc(N2C[C@@H](CNC(=O)N3CCc4[nH]c5ccccc5c4C3)CC2)cc1,,C66344459,100,1,0,0,1,0,1,0,1,0,0
Clc1c(C)c(NC(=O)N2CCC(NC(=O)CC3CCCCC3)CC2)ccc1,,C66951507,100,1,0,0,0,0,0,0,0,0,0
O=C(c1ccc(/N=C\2/C(C(=O)N)=Cc3c4ccccc4ccc3O/2)cc1)c1ccccc1,,C01516027,87.770737,1,0,0,1,0,0,0,1,0,0
O=C(Nc1c(C)cc(C)cc1)C[C@]1(C)N(c2c(C)cccc2)C(=O)c2ccccc2N1,,C00717055,99.992805,1,0,0,0,0,0,0,0,0,0
Clc1ccc(NC(=O)N2CCC(C(=O)Nc3cccc4CCCCc34)CC2)cc1,,C04965534,100,1,0,0,0,0,0,0,0,0,0
O(CC)C(=O)C=1[C@H](c2ccc(C(C)C)cc2)C=2C(=O)CC(C)(C)CC=2OC=1N,,C00632591,100,1,0,0,0,0,0,0,0,1,0
Fc1c(NC(=O)Nc2c(-c3ccc(F)cc3)nn(-c3ccccc3)c2)ccc(F)c1,,C05955512,99.98262,1,0,0,0,0,0,0,0,0,0
Fc1ccc(/C=N/Nc2nc(-c3c(O)cccc3)nc(-c3ccccc3)c2)cc1,,C04595789,70.590553,1,0,0,1,0,0,0,1,0,0
O=C(NC1CCCCCC1)Cc1ccc(NC(=O)N2CCCCc3ccccc23)cc1,,C06916046,100,1,0,0,0,0,0,0,0,0,0
Clc1ccc(N2C(=O)C[C@@H](NC(=O)NC3CCCCCCCCCCC3)C2)cc1,,C07448041,100,1,0,0,0,0,0,0,0,0,0
Fc1ccc([C@@H]2Nc3ccccc3Nc3n(CCC#N)nc(-c4ccccc4)c23)cc1,,C07778761,96.657234,1,0,0,0,0,0,0,0,0,0
S(Cc1ccccc1)c1nc(NC(=O)Nc2cc(C)cc(C)c2)sn1,,C09614838,99.71817,1,0,0,0,0,0,0,0,0,0
S(=O)(=O)(N1CCCCCC1)c1ccc2N[C@H](c3c(O)cccc3)[C@@H]3CC=C[C@@H]3c2c1,,C14473988,97.97644,1,0,0,0,0,0,0,0,0,0
S(=O)(=O)(N1CCCCCC1)c1ccc2N[C@H](c3c(O)cccc3)[C@H]3CC=C[C@@H]3c2c1,,C14473992,97.97644,1,0,0,0,0,1,0,0,0,0
Clc1ccc([C@H]2C(C#N)=C(N)O[C@H]3N(c4ccccc4)N=C(C(F)(F)F)[C@H]23)cc1,,C16488844,100,1,0,0,0,0,0,0,0,0,0
O(C)c1c(OC)ccc([C@@H]2Nc3cc(C)c(C)cc3NC=3CC(C)(C)CC(=O)C2=3)c1,,C01260309,99.998688,1,0,0,0,0,0,0,0,0,0
O(CCCC)c1ccc([C@@H]2C(C#N)(C#N)C(N)=C(C#N)C=3[C@@H]2CCCC=3)cc1,,C19797668,100,1,0,0,0,0,0,0,0,0,0
O=C1C[C@@H](C)Cc2nc(Nc3ccccc3)nc(Nc3c(CC)cccc3)c12,,C22443235,85.339767,1,0,0,0,0,0,0,0,0,0
O=C1CCCc2nc(Nc3ccc(CC)cc3)nc(Nc3ccc(C)cc3)c12,,C22444776,85.405312,1,0,0,0,0,0,0,0,0,0
O(Cc1ccccc1)c1cc([C@H]2C(C#N)(C#N)C(N)=C(C#N)C=3[C@H]2CCCC=3)ccc1,,C23379413,100,1,0,0,0,0,0,0,0,0,0
ClC(Cl)(Cl)c1nc(N/N=C/c2c(C)[nH]c3ccccc23)c2ccccc2n1,,C25501676,81.27494,1,1,0,0,0,0,0,1,0,0
Fc1ccc(-c2nc(Nc3cc(C(=O)NC4CCCC4)ccc3)ccn2)cc1,,C33025149,94.560677,1,0,0,0,0,0,0,0,0,0
O=C(Nc1ccccc1)N1C[C@H](c2cc(C(=O)NC3CCCCC3)ccc2)CCC1,,C33035754,100,1,0,0,0,0,1,0,0,0,0
BrC1=Cn2cc(-c3cc(NC(=O)Nc4c(C)cccc4)ccc3)nc2C=C1,,C35156189,99.919724,1,0,0,1,0,0,0,0,0,0
Fc1c(N2[C@@H](c3cc(NC(=O)Nc4c(C)cccc4)ccc3)SCC2=O)cccc1,,C35559265,100,1,0,0,0,0,0,0,0,1,0
Fc1ccc([C@@H]2N(C(=O)Nc3ccccc3)C[C@H](C(=O)Nc3ccccc3)CC2)cc1,,C37546172,100,1,0,0,0,0,0,0,0,0,0
Fc1ccc([C@H]2N(C(=O)Nc3ccccc3)C[C@H](C(=O)Nc3ccccc3)CC2)cc1,,C37546174,100,1,0,0,1,0,0,0,0,0,0
Oc1ccc(C=2C(=O)c3c(O)c(CC=C(C)C)c4OC(C)(C)C=Cc4c3OC=2)cc1,,C00538127,75.32621,1,0,0,0,0,0,0,0,0,0
Clc1cc([C@@H]2C(C#N)=C(N)Oc3cc(OC(=O)c4ccc(F)cc4)ccc23)ccc1,,C38651138,100,1,0,0,0,0,0,0,1,0,0
Clc1cc([C@H]2C(C#N)=C(N)Oc3cc(OC(=O)c4c(F)cccc4)ccc23)ccc1,,C38651241,100,1,0,0,0,0,0,0,0,0,0
Clc1ccc([C@H]2C(C#N)=C(N)Oc3cc(OC(=O)c4ccc(F)cc4)ccc23)cc1,,C38651299,100,1,0,0,0,0,0,0,0,0,0
Clc1ccc([C@@H]2C(C#N)=C(N)Oc3cc(OC(=O)c4ccc(F)cc4)ccc23)cc1,,C38651300,100,1,0,0,0,0,0,0,0,0,0
Clc1ccc([C@@H]2C(C#N)=C(N)Oc3cc(OC(=O)c4sccc4)ccc23)cc1,,C38651334,100,1,0,0,0,0,0,0,0,0,0
Clc1c(NC(=O)Nc2ccc3N(C(=O)c4sccc4)CCCc3c2)cccc1,,C38694449,100,1,0,0,1,0,0,0,0,1,0
OC1=N[C@H](c2cc(OC(=O)c3sccc3)ccc2)Nc2sc3CCCCc3c12,,C35668875,94.620209,1,0,0,0,0,0,0,0,0,0
Clc1ccc(N2[C@@H](SCc3[nH]c4ccccc4n3)Nc3ccccc3C2=O)cc1,,C39709521,87.817696,1,0,0,1,0,0,0,0,0,0
Brc1ccc(/C=C(\NC(=O)c2ccc(C)cc2)/[C@H]2NC(=S)N=N2)cc1,,C39736932,99.880554,1,0,0,0,0,0,0,0,0,0
Clc1cc(NC(=O)[C@@]23C(=O)/C(=N\Nc4ccccc4)/[C@@](C)(C2(C)C)CC3)ccc1,,C08236891,99.946594,1,0,0,0,0,0,0,0,0,0
O=C(NC1CCCCC1)N1C[C@H](C(=O)Nc2cccc3ccccc23)CCC1,,C40011738,100,1,0,0,0,0,0,0,0,0,0
S([C@@H](C)CC)C=1NC(=O)C=2[C@H](c3cc(C)ccc3)C=3C(=O)CCCC=3NC=2N=1,,C08326855,59.134838,1,0,0,0,0,0,0,0,0,0
Fc1ccc([C@H]2N=C(Nc3sc4ccccc4n3)NC=3CC(C)(C)CC(=O)C2=3)cc1,,C17014642,61.96788,1,0,0,0,0,0,0,0,0,0
O=C1NC([C@H](Nc2ccc3n(CC)c4ccccc4c3c2)C)=Nc2sc(C)c(C)c12,,C23865525,97.686119,1,0,0,0,0,0,1,1,0,0
Brc1ccc(-n2c(/C=N/NC(=O)Nc3c(C)cc(C)cc3)ccc2)cc1,,C59247859,99.999588,1,0,0,0,0,0,0,0,0,0
Fc1ccc([N+](=O)[O-])c2[C@@H]3[C@H]([C@@H](c4ccc([NH+](CC)CC)cc4)Nc12)CC=C3,,C14461534,99.997101,1,0,0,0,0,0,0,0,0,0
NC1=C(C#N)[C@H](c2ccc(-c3ccccc3)cc2)[C@H]2C(C(C)(C)C)=NN=C2O1,,C05051886,84.155548,1,0,0,0,0,0,0,0,0,0
S=C(NC(=O)/C=C/c1occc1)/N=C\1/SC=C(c2ccc(C)cc2)N/1,,C09318287,91.181282,1,0,0,0,0,0,0,0,0,0
Fc1cc(-c2cnc(Nc3cc(C(=O)NC4CCCC4)ccc3)nc2)ccc1,,C35514322,99.86676,1,0,0,0,0,0,0,0,0,0
Clc1c(NC(=O)CN2C(=O)C=C(c3sccc3)Nc3ccccc23)ccc(C)c1,,C35400990,100,1,0,0,0,0,0,0,0,1,0
Clc1cc(NC(=O)CN2C(=O)C=C(c3sccc3)Nc3ccccc23)c(C)cc1,,C64868507,100,1,0,0,0,0,0,0,1,0,0
Fc1c(F)cc2nc(NC(=O)C[C@@H](NC(=O)C3CCCCC3)C)sc2c1,,C66354267,100,1,0,0,0,0,1,0,0,0,0
O=C(NC1CCN(C(=O)N[C@@H]2[C@@H](C)CCCC2)CC1)CC1CCCCC1,,C66908022,100,1,0,0,0,0,0,0,0,0,0
O=C(NC1CCN(C(=O)N[C@@H]2[C@@H](C(C)C)CCCC2)CC1)CC1CCCC1,,C66978403,100,1,0,0,0,0,0,0,0,1,0
Clc1ccc2O[C@](NC(=O)Nc3c(C)cccc3C)(C(F)(F)F)Oc2c1,,C02725360,100,1,0,0,0,0,0,0,0,1,0
O=C(c1ccccc1)c1ccc2N[C@H](c3oc(C)cc3)C=3C(=O)CCCC=3Nc2c1,,C00872429,99.978416,1,0,0,0,0,0,0,0,0,0
Fc1ccc(NC(=O)N2[C@@H](C(=O)Nc3ccc(C(C)(C)C)cc3)CCC2)cc1,,C01346924,100,1,0,0,0,0,0,0,0,0,0
O=C(Nc1ccc(C)cc1)N1[C@H](C(=O)Nc2ccc(C(C)(C)C)cc2)CCC1,,C01347004,100,1,0,0,0,0,0,0,0,0,0
Fc1c(F)ccc(NC(=O)c2c(NC(=O)C3CCCC3)c3ccccc3o2)c1,,C05106968,100,1,0,0,0,0,0,0,0,0,0
Clc1cc(C)c(NC(=O)N[C@]2(C(F)(F)F)Oc3cc(Cl)ccc3O2)cc1,,C01470911,100,1,0,0,1,0,0,0,0,1,0
O=C(N/N=C/c1c(C)n(-c2c(C)cccc2C)c(C)c1)Nc1ccccc1,,C01011048,99.998665,1,0,0,0,0,0,0,0,0,0
FC(F)(F)C1=NN(c2ccccc2)[C@@H]2OC(N)=C(C#N)[C@@H](c3ccccc3)[C@@H]12,,C16478265,100,1,0,0,0,0,0,0,0,0,0
Clc1ccc(NC(=O)C[C@H]2C(=O)N(c3ccccc3)C(=S)N2)cc1,,C16778858,99.994629,1,0,0,1,0,0,0,0,1,0
S(=O)(=O)(N/N=C\1/[C@]2(C)C[C@](O)(CC/1)[C@H]1CC(C)(C)[C@H]1CC2)c1ccc(C)cc1,,C16958582,57.340473,1,0,0,0,0,0,0,0,1,0
FC(F)(F)c1ccc(/C=N/NC(=O)c2[nH]nc-3c2CCc2ccccc-32)cc1,,C06554214,96.612114,1,0,0,1,0,0,0,0,0,0
O=C(N1CCc2[nH]nc(CCCC)c2C1)[C@H]1Nc2ccccc2[C@@H]2[C@H]1CC=C2,,C19742708,52.505684,1,0,0,0,0,0,0,1,1,0
Fc1ccc([C@@H]2N(CC(=O)NC)c3ccccc3NC=3CC(C)(C)CC(=O)C2=3)cc1,,C21721921,99.999565,1,0,0,0,0,0,0,0,0,0
O=C1C[C@@H](C)Cc2nc(Nc3ccccc3)nc(Nc3c(C)cccc3)c12,,C22443220,85.332039,1,0,0,0,0,0,0,0,0,0
S(C)c1cc(NC(=O)c2cc([C@H]3CN(C(=O)NC)CCC3)ccc2)ccc1,,C33035987,100,1,0,0,1,0,1,0,0,0,0
Fc1ccc([C@H](NC(=O)c2cc([C@H]3CN(C(=O)NC)CCC3)ccc2)C)cc1,,C33264569,100,1,0,0,1,0,1,0,0,0,0
Clc1ccc([C@@H]2C=3C(=O)NC(SC(C)C)=NC=3NC=3CCCC(=O)C2=3)cc1,,C05860957,85.239441,1,0,0,0,0,0,0,0,0,0
Brc1ccc2oc(C(=O)N/N=C\c3c[nH]c4ccccc34)cc2c1,,C36476578,99.997787,1,0,0,0,0,0,0,0,0,0
O=C1C(Cc2c(C)cc(C)cc2)=C(C)N=C(Nc2cccc3ncccc23)N1,,C25497413,79.690277,1,1,0,1,0,1,0,0,0,0
O=C(c1ccccc1)c1ccc2N[C@@H](c3occc3)C=3C(=O)CCCC=3Nc2c1,,C05092522,99.978348,1,0,0,0,0,0,0,0,0,0
Clc1c([C@H]2CN[C@H](c3cc([N+](=O)[O-])ccc3)c3[nH]c4ccccc4c23)cccc1,,C25461379,82.000061,1,0,0,0,0,0,0,0,0,0
Fc1ccc(NC(=O)Nc2ccc3CCN(C(=O)C(C)(C)C)c3c2)cc1,,C38943736,100,1,0,0,0,0,0,0,0,0,0
O=C(Nc1cc(C)cc(C)c1)Nc1ccc2CCN(C(=O)C(C)(C)C)c2c1,,C38943746,100,1,0,0,0,0,0,0,0,0,0
Fc1ccc(C2=NN=C3OC(N)=C(C#N)[C@@H](c4ccc(C(C)(C)C)cc4)[C@@H]23)cc1,,C00664599,76.543549,1,0,0,1,0,0,0,0,0,0
S(CC1=NN=C2OC(N)=C(C#N)[C@@H]([C@@H]3CCC=CC3)[C@@H]12)c1ccc(C)cc1,,C33709757,83.519493,1,0,0,1,0,1,0,0,0,0
S([C@@H](C)C(=O)N1CCC(C)CC1)c1nc(N)c2c(sc3C[C@@H](C)CCc23)n1,,C21228561,93.748291,1,0,0,0,0,0,0,0,1,0
O=C(Nc1cc(C)cc(C)c1)N(CC)CC1=CC(=O)Nc2c(C)cc(C)cc12,,C41076940,99.998436,1,0,0,1,0,0,0,1,0,0
O=C(Nc1c(-c2ccccc2)cccc1)[C@]1(C)C(=O)Nc2cc(C)ccc2O1,,C41548166,99.99559,1,0,0,0,0,0,0,0,0,0
O=C1N(C23CC4CC(C2)CC(C3)C4)C(=O)C=C(N[C@@H]2[C@H](C)CCCC2)N1,,C44021295,99.90155,1,0,0,0,0,0,0,0,0,0
Clc1c(C)c(NC(=O)[C@H]2CN(C(=O)Nc3c(F)cccc3)CCC2)ccc1,,C47239269,100,1,0,0,1,0,0,0,0,1,0
O=C(NCc1sccc1)N1C[C@@H](C(=O)Nc2c(C)ccc(C)c2)CCC1,,C49425773,100,1,0,0,1,0,0,0,0,1,0
Fc1ccc([C@@H]2N=C(Nc3sc4ccccc4n3)NC=3CCCC(=O)C2=3)cc1,,C05906237,62.016685,1,0,0,0,0,0,0,0,0,0
S([C@@H]1C(=O)Nc2ccccc2CC1)c1[nH]c2cc(OC(F)F)ccc2n1,,C20745931,46.995014,1,0,0,1,0,0,0,0,0,0
O=C(Nc1c(C)c(C(=O)NC)ccc1)N1C[C@@H](Cc2ccc(C)cc2)CCC1,,C51611876,100,1,0,0,1,0,1,0,0,1,0
S(=O)(=O)(C)c1c(NC(=O)N[C@@H](C)c2ccc3ccccc3c2)cc(C)cc1,,C56768864,100,1,0,0,0,0,0,0,0,1,0
O=C(N[C@H]1[C@@H](C(C)C)CC[C@H](C)C1)N1CCC(C(=O)NC2CC2)CC1,,C56834243,100,1,0,0,0,0,0,0,0,1,0
O(CC)C(=O)C=1[C@@H](c2c[nH]c3ccccc23)C=2C(=O)c3ccccc3C=2NC=1C,,C59397965,93.275078,1,0,0,0,0,0,0,0,0,0
O=C(N)c1c(C)c(Cc2ccccc2)sc1N1C(=O)c2ccccc2C1=O,,C59472730,100,1,0,0,1,0,0,0,1,0,0
O=C(NN=C1CCCCCCCCCCC1)C(=O)Nc1ccccc1,,C59515718,100,1,0,0,0,0,0,0,0,0,0
Brc1cc(NC(=O)N/N=C/c2c(C)n(C)c3ccccc23)ccc1,,C59679650,99.99691,1,0,0,0,0,0,0,0,0,0
O=C(Nc1c(C)cc(C(=O)NC)cc1)N1[C@@H](CC2CCCCC2)CCC1,,C61768236,100,1,0,0,0,0,0,0,0,1,0
Clc1cc(NC(=O)N2CCC(C(=O)NC3CCCCC3)CC2)c(F)cc1,,C62377381,100,1,0,0,0,0,0,0,0,0,0
NC1=C(C#N)[C@@H](c2ccc(C(C)(C)C)cc2)[C@@H]2C(C(C)(C)C)=NN=C2O1,,C04427000,84.148415,1,0,0,0,0,0,0,0,0,0
NC1=C(C#N)[C@H](c2ccc(C(C)C)cc2)[C@@H]2C(c3ccccc3)=NN=C2O1,,C05464102,76.059814,1,0,0,0,0,0,0,0,0,0
S=C(NC(=O)c1occc1)/N=C\1/SC=C(c2ccc(C)cc2)N/1,,C09088161,90.929405,1,0,0,0,0,0,0,1,0,0
O=C(Nc1c(C)cc(C)cc1)N1CCC(C)(C(=O)NCc2ccccc2)CC1,,C35530012,100,1,0,0,0,0,1,0,0,0,0
Fc1c(NC(=O)[C@H](C)C2CCN(C(=O)Nc3ccc(C)cc3)CC2)cccc1,,C64847747,100,1,0,0,1,0,0,0,0,0,0
Fc1ccc(NC(=O)[C@H](C)C2CCN(C(=O)Nc3ccc(C)cc3)CC2)cc1,,C64847760,100,1,0,0,1,0,0,0,0,0,0
Fc1ccc(NNC(=O)[C@@H]2N(C(=O)c3ccccc3)[C@@H]3CCCC[C@@H]3C2)cc1,,C66606840,99.868111,1,0,0,0,0,0,0,0,0,0
Fc1cc(C)c(NC(=O)N2CCC(NC(=O)CC3CCCCC3)CC2)cc1,,C66951775,100,1,0,0,0,0,0,0,0,0,0
O=C(Oc1ccc([C@@H]2C(C#N)=C(N)OC=3CC(C)(C)CC(=O)C2=3)cc1)c1ccccc1,,C01438031,100,1,0,0,0,0,0,0,0,0,0
O=C(Nc1c(OC)cccc1)NC1(C(=O)N2CCc3ccccc3C2)CCCCC1,,C04981963,100,1,0,0,0,0,0,0,0,0,0
Oc1c(C(C)(C)C)cc(/C=N/Nc2c(C#N)nc(C)o2)cc1C(C)(C)C,,C06861393,83.331688,1,0,0,0,0,0,0,0,0,0
S([C@@H](C)C(=O)NC(=O)NC12CC3CC(C1)CC(C2)C3)c1oc2ccccc2n1,,C08447901,100,1,0,0,0,0,0,0,0,1,0
S(=O)(=O)(Nc1c(C=2C(=O)Nc3ccccc3N=2)cccc1)c1c(C)cc(C)cc1C,,C08710330,83.903625,1,0,0,0,0,0,0,1,0,0
O=C(N)[C@@H]1N(c2nc(-c3ncccc3)nc3scc(-c4ccccc4)c23)CCCC1,,C08750715,98.779709,1,0,0,0,0,0,0,0,0,0
O=C(NC[C@H]1OC(=O)N(c2ccc(C)cc2)C1)Nc1ccc(C(C)(C)C)cc1,,C08839241,100,1,0,0,1,0,0,0,0,0,0
O=C(NCC12CC3CC(C1)CC(C2)C3)C[C@@H]1C(=O)N(C2CCCCC2)C(=O)N1,,C12363183,99.999565,1,0,0,0,0,0,0,0,1,0
O(CC)C(=O)c1c(C)c(NC(=O)C=C2N(C)c3ccccc3C2(C)C)[nH]c1C,,C13113411,100,1,0,0,0,0,0,0,0,0,0
S(=O)(=O)(N)c1ccc2N(CC=C)/C(=N/C(=O)c3ccc(C)cc3)/Sc2c1,,C04191136,98.564957,1,0,0,0,0,0,0,1,0,0
FC(F)(F)Oc1cc(NC(=O)C[C@H]2C(=O)Oc3ccccc3N2)ccc1,,C14608251,99.995331,1,0,0,1,0,0,0,0,1,0
S(=O)(=O)(NC1CCCCC1)c1c(C)ccc(C2=NNC(=O)C=3CCCCC2=3)c1,,C15669361,58.041679,1,0,0,0,0,0,0,0,0,0
FC(F)(F)[C@@H]1n2nc(C(=O)NC3CCCCCCC3)cc2N[C@H](c2occc2)C1,,C20479584,99.593163,1,0,0,0,0,0,0,0,0,0
Oc1c([C@@H]2Nc3ccc(O[C@@H](C)CC)cc3[C@@H]3[C@H]2CC=C3)cc([N+](=O)[O-])cc1,,C20710075,71.61396,1,0,0,0,0,0,0,0,1,0
O(C)c1ccc(/C=N/NC=2NC=3c4ccccc4CC4(CCCCC4)C=3C(=O)N=2)cc1,,C09172461,64.174622,1,0,0,0,0,0,0,0,0,0
S(=O)(=O)(N1CCCc2cc(NC(=O)Nc3ccccc3)ccc12)c1ccccc1,,C22504966,100,1,0,0,1,0,0,0,0,0,0
S(Cc1nc(-c2ccc(C)cc2)oc1)c1n(N)c(C2CCCCC2)nn1,,C22987674,99.088158,1,0,0,1,0,0,0,0,0,0
O=C(Nc1c(Oc2ccccc2)cccc1)N1CCC(c2[nH]c3ccccc3n2)CC1,,C24876919,83.996323,1,0,0,0,0,0,0,0,0,0
Clc1ccc(NC(=O)C[C@@H]2N(C(=O)c3ccccc3)c3ccccc3NC2=O)cc1,,C27025205,99.99839,1,0,0,0,0,0,0,0,1,0
O=C(Nc1ccc(C)cc1)C[C@@H]1N(C(=O)c2cc(C)ccc2)c2ccccc2NC1=O,,C27663308,99.99839,1,0,0,0,0,0,0,0,1,0
O(C)C(=O)c1c(NC(=O)Nc2c(OC)cc(C)cc2)c2CCCCc2s1,,C34773337,100,1,0,0,0,0,0,0,0,0,0
Clc1ccc2nc(SCC=3NC(=O)c4c(-c5occc5)csc4N=3)[nH]c2c1,,C24105310,44.9594,1,0,0,1,0,1,1,1,0,0
Ic1c(N/N=C/c2c(O)ccc([N+](=O)[O-])c2)cccc1,,C36062198,41.223839,1,0,0,0,0,0,0,0,0,0
O=C(NNc1nc(C)cc(C)n1)c1cc(-c2ccccc2)nc2ccc(C)cc12,,C37137079,88.006691,1,0,0,0,0,0,0,0,0,0
Clc1c(NC(=O)Nc2ccc3OCC(C)(C)C(=O)N(CC=C)c3c2)cccc1,,C38707991,100,1,0,0,0,0,0,0,0,1,0
FC(F)(F)c1cc(NC(=O)Nc2ccc3CCN(C(=O)c4occc4)c3c2)ccc1,,C38709301,100,1,0,0,1,0,0,0,0,0,0
CC(C)C=1N=N[C@@H]([C@@H]2NN[C@H]3SC(c4ccc(-c5ccccc5)cc4)=NN23)C=1,,C38742502,99.876976,1,0,0,0,0,0,0,0,0,0
CC(C)C=1N=N[C@@H]([C@@H]2NN[C@H]3SC(Cc4ccc5CCCCc5c4)=NN23)C=1,,C38742541,99.636848,1,0,0,0,0,0,0,0,1,0
Clc1c(Cl)cccc1/C=N/N1[C@@H](S)NN[C@@H]1[C@H]1N=NC(c2ccccc2)=C1,,C38965516,43.296093,1,0,0,0,0,1,0,0,0,0
Fc1ccc(C2=NN=C3OC(N)=C(C#N)[C@@H](c4ccc(OC5CCCC5)cc4)[C@@H]23)cc1,,C08382677,76.542099,1,0,0,1,0,0,0,0,0,0
O=C(NCc1occc1)[C@@]12C(=O)/C(=N\Nc3ccccc3)/[C@@](C)(C1(C)C)CC2,,C08236885,99.946472,1,0,0,0,0,0,0,0,0,0
O=C(Nc1ncccc1)c1c(C)c2/C(=N/Nc3ccccc3)/CCCc2o1,,C40824259,98.924889,1,0,0,0,0,0,0,0,0,0
O=C(Nc1cc(C)ccc1)C=1[C@H](c2ccc(C(C)(C)C)cc2)n2ncnc2NC=1C,,C41023087,78.933472,1,0,0,0,0,0,0,1,0,0
Fc1ccc([C@H]2OCCN(C(=O)Nc3cc(NC(=O)C(C)(C)C)ccc3)C2)cc1,,C44011338,100,1,0,0,0,0,0,0,0,0,0
O=C(NCCc1[nH]c2ccccc2n1)N(C1CCCC1)c1cc(C#N)ccc1,,C45235388,85.721306,1,0,0,0,0,0,0,1,0,0
OC1=N[C@H](c2cc([N+](=O)[O-])ccc2)Nc2sc3C[C@H](C(C)(C)CC)CCc3c12,,C04545550,64.068657,1,0,0,0,0,0,0,0,0,0
OC1=N[C@@H](c2ccc([N+](=O)[O-])cc2)Nc2sc3C[C@H](C(C)(C)CC)CCc3c12,,C04545692,99.955544,1,0,0,0,0,0,0,0,0,0
O=C(OC(C)(C)C)N[C@@H]1CN(C(=O)Nc2c(C)cccc2C(C)C)CCC1,,C56543023,100,1,0,0,0,0,1,0,0,1,0
Clc1c(F)c(NC(=O)N2C[C@@H](NC(=O)OC(C)(C)C)CCC2)ccc1,,C56560119,100,1,0,0,1,0,0,0,0,1,0
O=C(Nc1c(C)cc(C(=O)NC)cc1)N(CC)[C@@H](C)c1oc2ccccc2c1,,C56648496,100,1,0,0,1,0,1,0,0,1,0
O=C(N[C@@H]1[C@@H](C(C)(C)C)CCCC1)Nc1cc(N2S(=O)(=O)CCC2)ccc1,,C57520206,100,1,0,0,0,0,0,0,0,1,0
O=C(NN=C1CCCCCC1)C(=O)Nc1ccc(Oc2ccccc2)cc1,,C58885782,100,1,0,0,0,0,0,0,0,0,0
Clc1cc(-c2oc(/C=N\NC(=O)C(=O)Nc3c(F)cccc3)cc2)ccc1,,C58914541,100,1,0,0,1,0,0,0,0,0,0
O(CC)C(=O)C=1[C@@H](c2ccc(C)cc2)C(C#N)=C2Sc3ccccc3C(=O)N2C=1N,,C59293640,99.999825,1,0,0,0,0,0,0,0,0,0
O=C(Nc1c(C)cc(C)cc1)[C@@H]1[C@H](C)Nc2n([C@@H]1c1ccc(C(C)C)cc1)ncn2,,C59669764,98.724823,1,0,0,0,0,0,0,0,0,0
FC(F)(F)Oc1ccc([C@H]2C(C#N)=C(N)OC3=NN=C(c4ccccc4)[C@@H]23)cc1,,C06720055,76.063293,1,0,0,0,0,0,0,0,0,0
CC(C)CC=1N=N[C@H]([C@@H]2NN[C@H]3SC(/C=C/c4ccccc4)=NN23)C=1,,C39953331,99.881577,1,0,0,0,0,0,0,0,1,0
Fc1c(C)c(NC(=O)Nc2cc(-c3nnc(N4CCCCC4)cc3)ccc2)ccc1,,C64611075,100,1,0,0,1,0,0,0,0,0,0
O=C(N[C@@H](C1CC1)c1ccccc1)Nc1ccc(-c2n3CCCCc3nn2)cc1,,C66956473,99.447052,1,0,0,0,0,0,0,0,0,0
Fc1cc(CCNC(=O)N2C[C@@H](Nc3ccccc3)CC2)c2OCOCc2c1,,C67626730,99.999496,1,0,0,1,0,1,0,0,1,0
O=C(Nc1ccc(C)cc1)N1[C@@H](C(=O)Nc2sc(-c3cc(C)ccc3)nn2)CCC1,,C04573092,99.95182,1,0,0,0,0,0,0,1,0,0
Clc1ccc2NC(=O)[C@]3(Oc4nc(SCCCC)nnc4-c4ccccc4N3)c2c1,,C02104300,99.94281,1,0,0,0,0,0,0,1,1,0
S=C(NC(=O)c1c(C)c2ccccc2o1)Nc1c(C)c(-c2oc3cccnc3n2)ccc1,,C01175619,99.962471,1,1,0,1,0,0,0,0,0,0
S(CC)c1nc(NNC(=O)c2occc2)c2c(sc3CO[C@](C)(CC)Cc23)n1,,C05158312,44.621441,1,0,0,0,0,0,0,0,0,0
O=[N+]([O-])c1cc([C@H]2C(C#N)=C(N)OC(c3ccccc3)=C2C(=O)c2ccccc2)ccc1,,C09019315,100,1,0,0,0,0,0,0,0,0,0
Clc1cc(Cl)cc(NC(=O)C[C@@H]2N(C(=O)c3occc3)[C@H]3CCCC[C@@H]3NC2=O)c1,,C10384436,100,1,0,0,0,0,0,0,0,1,0
O=C(Nc1n(C=2NC(=O)C=C(CC)N=2)nc(-c2sccc2)c1)C12CC3CC(C1)CC(C2)C3,,C11854527,98.610695,1,0,0,0,0,0,0,0,1,0
O=C(Nc1n(C=2NC(=O)C=C(c3ccccc3)N=2)nc(-c2sccc2)c1)c1ccc(C)cc1,,C11855240,97.245934,1,0,0,0,0,0,0,1,0,0
Clc1ccc(CC(=O)Nc2n(C=3NC(=O)C=C(C(C)C)N=3)nc(-c3sccc3)c2)cc1,,C11855629,98.553833,1,0,0,1,0,0,0,1,1,0
O=[N+]([O-])c1sc([C@H]2C(C#N)=C(N)N(c3ccc(CC)cc3)C=3CC(C)(C)CC(=O)C2=3)cc1,,C12413357,100,1,0,0,0,0,0,0,0,1,0
O=C(Nc1c(Oc2ccccc2)cccc1)CN1C(=O)[C@@]2(NC1=O)CCc1ccccc1C2,,C03275368,99.999718,1,0,0,0,0,0,0,0,1,0
S(=O)(=O)(N1CCc2cc(NC(=O)Nc3c(OC)ccc(C)c3)ccc12)c1ccc(C)cc1,,C13359666,100,1,0,0,0,0,0,0,0,0,0
O=C(Nc1scc(-c2c[nH]c3ccccc23)n1)C1CCN(c2oc3ccccc3n2)CC1,,C14050014,100,1,0,0,0,0,0,0,0,0,0
Clc1c([N+](=O)[O-])cc([C@@H]2Nc3ccc(S(=O)(=O)NCC=C)cc3[C@@H]3[C@H]2CC=C3)cc1,,C14470885,95.598351,1,0,0,0,0,1,0,0,1,0
Clc1c([C@@H]2Nc3ccc(S(=O)(=O)NC(C)C)cc3[C@H]3[C@H]2CC=C3)cc([N+](=O)[O-])cc1,,C14472924,97.421051,1,0,0,0,0,0,0,0,1,0
O=[N+]([O-])c1c([C@H]2Nc3c(C(=O)Nc4ccc(OCC)cc4)cccc3[C@@H]3[C@H]2CC=C3)cccc1,,C14478183,99.995758,1,0,0,0,0,0,0,0,0,0
S(=O)(=O)(NC1CCCCC1)c1ccc2N[C@H](c3ccc([N+](=O)[O-])cc3)[C@H]3CC=C[C@@H]3c2c1,,C14550680,97.071259,1,0,0,0,0,0,0,0,0,0
Oc1n(-c2c(C)c(C)ccc2)nc(c1/C=C\1/C(=O)N(CC=C(C)C)C(=O)N/1)-c1ccccc1,,C16534120,68.872261,1,0,0,0,0,0,0,0,0,0
Clc1c([C@H]2Nc3ccc(S(=O)(=O)NC(C)C)cc3[C@@H]3[C@@H]2CC=C3)cc([N+](=O)[O-])cc1,,C20705977,97.421051,1,0,0,0,0,0,0,0,0,0
S(CC(=O)NC(=O)NC12CC3CC(C1)CC(C2)C3)c1n(C)c(-c2c(C)cccc2)nn1,,C21123405,99.901283,1,0,0,0,0,0,0,0,1,0
Fc1ccc2-n3cccc3C3(Nc2c1)CCN(C(=O)Nc1c(C(OCC)=O)cccc1)CC3,,C21944618,99.99894,1,0,0,0,0,0,0,0,0,0
S(CC(=O)N1[C@H](C(F)(F)F)CC(=O)Nc2ccccc12)c1[nH]nc(CC2CCCC2)n1,,C22286889,99.538239,1,0,0,1,0,1,0,0,1,0
S(=O)(=O)(N1CCCc2ccc(NC(=O)Nc3c(OC)cccc3)cc12)c1ccc(F)cc1,,C22503776,100,1,0,0,0,0,0,0,0,1,0
S([C@H](C)C(=O)NC(=O)Nc1c(C)cc(C)cc1)c1n(C)c(-c2c(C)cccc2)nn1,,C22761980,99.897232,1,0,0,1,0,1,0,0,1,0
O=C(Nc1c(N2CCCCC2)cccc1)CN1C(=O)C2(NC1=O)CCC(C(C)(C)C)CC2,,C22962339,99.999779,1,0,0,0,0,0,0,0,1,0
O=C(N[C@H](c1oc2ccccc2c1)c1ccccc1)Nc1ccc2C(=O)N(C)C(=O)c2c1,,C24831346,100,1,0,0,0,0,0,0,0,0,0
S([C@H](C)C(=O)NC(=O)Nc1c(C)cc(C)cc1)c1n-2c(nn1)C=C(C)c1ccccc-21,,C24987741,99.810402,1,0,0,1,0,0,0,0,0,0
S(=O)(=O)(N)c1ccc(N2CSc3n(c(-c4ccc(C(C)(C)C)cc4)nn3)C2)cc1,,C30825146,99.929688,1,0,0,0,0,0,0,0,0,0
O=C(Nc1sc2cc(C)ccc2n1)CN1C(=O)[C@@](C)(c2ccc3ccccc3c2)NC1=O,,C28818122,99.99958,1,0,0,1,0,0,0,0,0,0
Clc1ccc(-c2n(N)c(SCC=3N=C4Sc5ccccc5N4C(=O)C=3)nn2)cc1,,C32636409,99.216629,1,0,0,1,0,0,0,0,0,0
Fc1c(N2CCN(c3[nH+]c4ccc(NC(=O)C(C)(C)C)cc4c(C(=O)[O-])c3)CC2)cccc1,,C33010385,71.767982,1,0,0,0,0,0,0,0,0,0
FC(F)(F)c1c(NC(=O)Nc2ccc(OCC=3N=C4N(C(=O)C=3)C=CC=C4)cc2)cccc1,,C33067785,95.436607,1,0,0,0,0,0,0,0,0,0
O(C)C(=O)c1cc(NC(=O)Nc2ccc3CCN(C(=O)c4ccc(C)cc4)c3c2)ccc1,,C33128698,100,1,0,0,1,0,0,0,0,0,0
O=C(Nc1ccc2[nH+]c(N3CCN(c4c(C)c(C)ccc4)CC3)cc(C(=O)[O-])c2c1)CCC,,C33260608,72.015533,1,0,0,0,0,0,0,0,0,0
S(CC(=O)Nc1c(C#N)c2CC[C@H](C(C)(C)C)Cc2s1)c1[nH]nc(-c2ccncc2)n1,,C02264873,96.440521,1,1,0,0,0,0,0,0,1,0
O=[N+]([O-])c1c(N(CC)CC)ccc([C@@H]2C(C#N)=C(N)Oc3c4ccccc4sc23)c1,,C33514873,100,1,0,0,0,0,0,0,1,0,0
O=C(Nc1sc2cccc(C)c2n1)CN1C(=O)[C@@](C)(c2ccc3ccccc3c2)NC1=O,,C36839019,99.99958,1,0,0,1,0,0,0,0,0,0
OCCc1ccc(NC(=O)COc2cc3OC(C)(C)CCc3c3OC(=O)C(C)=C(C)c23)cc1,,C08791408,100,1,0,0,0,0,1,0,1,1,0
O=C(N/N=C\C=1C[NH+]=C2C=CC=CC=12)c1c(c(-c2ccccc2)nnc1[O-])-c1ccccc1,,C38740284,90.357803,1,0,0,0,0,0,0,0,0,0
O(CCC(C)C)c1ccc([C@H]2NN3C(=O)Nc4sc5COC(C)(C)Cc5c4C3=N2)cc1,,C39154647,47.376976,1,0,0,0,0,0,0,1,0,0
O=C(Nc1c(C)cccc1)c1c(C)c2/C(=N/NC(=O)c3nc4ccccc4cc3)/CCCc2o1,,C40825874,99.992149,1,0,0,0,0,0,0,0,0,0
S(=O)(=O)(N/N=C/1\CCCc2oc(C(=O)Nc3ccc(C)cc3)c(C)c\12)c1ccc(F)cc1,,C40826167,85.49897,1,0,0,0,0,0,0,0,0,0
O=C(Nc1c(C)cc(C)cc1)C=1[C@@H](c2ccc(OC(C)C)cc2)n2ncnc2NC=1C,,C40915882,78.98278,1,0,0,0,0,0,0,0,1,0
Clc1c(NC(=O)NCC=2N=C3SC(c4c(C)cccc4)=NN3C(=O)C=2)cccc1,,C41077115,99.86451,1,0,0,1,0,1,0,0,1,0
O=C(Nc1c(C)cccc1)C[C@H]1N(C(=O)CN(C)c2ccccc2)c2ccccc2NC1=O,,C45865902,99.99836,1,0,0,1,0,1,0,0,1,0
O=C(N=C1Nc2ccccc2N1)COc1ccc2[C@@H](C)[C@H](Cc3ccccc3)C(=O)Oc2c1,,C39276404,65.106911,1,0,0,1,0,1,0,0,0,0
O=C(N/N=C/c1c2ccccc2cc2ccccc12)Cc1sc(NC(=O)C(C)(C)C)nn1,,C59498838,99.919052,1,0,0,0,0,0,0,0,0,0
O(C)C(=O)c1ccc([C@H]2C(C#N)=C(N)OC3=NN=C(c4ccc5ccccc5c4)[C@@H]23)cc1,,C09861084,75.746544,1,0,0,0,0,0,0,0,0,0
O=C(NCc1cc(C)ccc1)CN1C(=O)CN(C(=O)Nc2ccc(C)cc2)c2ccccc12,,C64971466,100,1,0,0,0,0,0,0,0,1,0
S(C)c1cc(NC(=O)N2CCN(c3nc(Nc4ccc(C)cc4)nc(C)c3)CC2)ccc1,,C65364657,78.560905,1,0,0,0,0,0,0,0,0,0
Clc1c(Cl)cccc1NC(=O)CN1C(=O)[C@@]2(NC1=O)CCCc1ccccc21,,C03600786,99.999573,1,0,0,0,0,0,0,0,1,0
O=C(N/N=C/c1c(C)cc(C)cc1C)C(=O)Nc1c(C#N)c2CCCCc2s1,,C04210301,100,1,0,0,0,0,0,0,0,0,0
FC(F)(F)c1cc(NC(=O)CN2[C@@](O)(C)C3(OC2=O)CCCCC3)ccc1,,C01432046,100,1,0,0,0,0,0,0,0,1,0
Nc1oc(-c2c(C34CC5CC(C3)CC(C4)C5)nn(-c3ccccc3)c2)nn1,,C04770228,99.807228,1,0,0,1,0,1,0,1,0,0
O=[N+]([O-])c1ccc([C@@H]2Nc3ccccc3NC=3C[C@@H](c4ccccc4)CC(=O)C2=3)cc1,,C01082738,99.998688,1,0,0,0,0,0,0,0,0,0
O=C(NC1C[C@@H]2N(C(=O)Nc3c(OC)cccc3)[C@H](C1)CCC2)C(C)(C)C,,C04888178,100,1,0,0,0,0,0,0,0,0,0
O=C(NC1CCCCC1)c1ccc(N2C(=O)N[C@H]3C[C@]2(C)Oc2ccccc32)cc1,,C04992457,99.973785,1,0,0,0,0,0,0,0,0,0
O=C(N[C@H]1CN(c2cc(C)c(C)cc2)C(=O)C1)Nc1sc2cc(C)ccc2n1,,C05188571,100,1,0,0,1,0,0,0,0,1,0
S(Cc1ccccc1)c1nnc-2c(O[C@H](c3[nH]ccc3)Nc3ccccc-23)n1,,C05741038,99.98542,1,0,0,1,0,0,0,1,0,0
S([C@H](C)C(=O)N1[C@@H](C)Cc2ccccc12)c1n(N)c(-c2ccc(C)cc2)nn1,,C08283369,99.818573,1,0,0,0,0,0,0,0,0,0
O=C(N[C@H](C)C12CC3CC(C1)CC(C2)C3)CN1C(=O)C2(NC1=O)CCCCC2,,C08489891,99.999786,1,0,0,0,0,0,0,0,1,0
Fc1c(CN2C(=O)COc3cc(NC(=O)Nc4ccccc4)ccc23)cccc1,,C12234885,100,1,0,0,1,0,0,0,0,0,0
O=C(Nc1c(C)cccc1)C=1[C@@H](/C(/C)=C/c2ccccc2)n2ncnc2NC=1C,,C12289311,53.347343,1,0,0,0,0,0,0,0,0,0
O=C(Nc1ccc(C(C)(C)C)cc1)CN1C(=O)[C@]2(NC1=O)CCc1ccccc21,,C14474560,99.99955,1,0,0,0,0,0,0,0,1,0
O=[N+]([O-])c1ccc([C@@H]2Nc3ccc(NC(=O)C(C)C)cc3[C@H]3[C@H]2CC=C3)cc1,,C14551075,99.999374,1,0,0,0,0,0,0,0,0,0
O=[N+]([O-])c1ccc([C@@H]2Nc3ccc(C(=O)NC(C)(C)C)cc3[C@H]3[C@@H]2CC=C3)cc1,,C14551089,99.995781,1,0,0,0,0,0,0,0,0,0
O=C(Nc1ccccc1)[C@@H]/1S(=O)(=O)c2ccccc2\C\1=N\Nc1ccccc1,,C15019547,99.857132,1,0,0,0,0,0,0,0,0,0
O=C1NC(Nc2nc(C)c3ccc(C)cc3n2)=NC(c2ccc(C)cc2)=C1,,C16626477,68.846481,1,0,0,0,0,0,0,1,0,0
O=[N+]([O-])c1cc([C@H]2Nc3ccccc3NC=3C[C@@H](c4ccccc4)CC(=O)C2=3)ccc1,,C05092281,99.998688,1,0,0,0,0,0,0,0,0,0
Oc1c([C@H]2Nc3ccc(OC(C)C)cc3[C@@H]3[C@H]2CC=C3)cc([N+](=O)[O-])cc1,,C20709841,71.61425,1,0,0,0,0,0,0,0,0,0
O=[N+]([O-])c1ccc([C@H]2Nc3ccc(NC(=O)C(C)C)cc3[C@@H]3[C@@H]2CC=C3)cc1,,C20757232,99.999374,1,0,0,0,0,0,0,0,0,0
O=C(NCCC)N1[C@H](c2occc2)C=2C(=O)CC(C)(C)CC=2Nc2ccccc12,,C21356398,99.999878,1,0,0,0,0,0,0,0,1,0
O(c1cc([C@H]2C(C#N)=C(N)OC=3c4ccccc4OC(=O)C2=3)ccc1)c1ccccc1,,C24543995,100,1,0,0,0,0,0,0,1,0,0
O=C(Nc1cnn2[C@H](c3ccccc3)C=3C(=O)CC(C)(C)CC=3Nc12)c1ccccc1,,C27562655,99.78463,1,0,0,0,0,0,0,0,0,0
O=C(Nc1cnn2[C@@H](c3ccccc3)C=3C(=O)CC(C)(C)CC=3Nc12)c1ccccc1,,C27562658,99.78463,1,0,0,0,0,0,0,0,0,0
Nc1n(C(C)(C)C)nc2nc(N3CCSCC3)nc(-c3cc(C)ccc3)c12,,C35578218,68.07885,1,0,0,0,0,0,0,0,0,0
Clc1c(Cl)cccc1NC(=O)[C@@H]1n2nc(-c3ccccc3)c(C)c2NC(=O)C1,,C35684291,84.907455,1,0,0,1,0,0,0,1,0,0
O=C(NC1CCCCC1)Nc1scc(-c2oc3c(OC)cccc3c2)n1,,C22479715,100,1,0,0,0,0,0,0,0,0,0
O=[N+]([O-])c1ccc(C(=O)N2C(C)(C)C[C@](C)(c3ccccc3)c3ccc(N)cc23)cc1,,C02288851,100,1,0,0,1,0,1,0,1,0,0
O=C(Oc1ccc2[C@H](c3oc(C)cc3)C(C#N)=C(N)Oc2c1)c1cc(C)ccc1,,C38659062,100,1,0,0,0,0,0,0,1,0,0
Clc1c(/C=C/C=2S[C@@H]3NN[C@H]([C@@H]4N=NC(C(C)C)=C4)N3N=2)cccc1,,C38742713,99.880516,1,0,0,0,0,1,0,0,1,0
S[C@@H]1N(/N=C/c2c3ccccc3cc3ccccc23)[C@H]([C@@H]2N=NC(C)=C2)NN1,,C38979747,45.289692,1,0,0,0,0,0,0,0,0,0
NC1=C(C#N)[C@@H](c2ccncc2)[C@H]2C(c3ccc(C4CCCCC4)cc3)=NN=C2O1,,C15932583,74.916557,1,0,0,1,0,0,0,0,0,0
O(C1CCCC1)c1ccc([C@@H]2C(C#N)=C(N)OC3=NN=C(C(C)(C)C)[C@H]23)cc1,,C04631772,84.139503,1,0,0,0,0,0,0,0,0,0
O=C(N[C@@H]1[C@H](C)[C@H](C)CCC1)CN1C(=O)C2(NC1=O)CCC(C(C)(C)C)CC2,,C39570374,99.999779,1,0,0,0,0,0,0,0,1,0
Oc1cc(/C=N/NC(=O)[C@H]2N=NC(C34CC5CC(C3)CC(C4)C5)=C2)ccc1,,C39769876,97.570526,1,0,0,0,0,0,0,0,1,0
Fc1c(NC(=O)NCC2CCN(C(=O)c3oc4ccccc4c3)CC2)cccc1,,C43990758,100,1,0,0,1,0,0,0,0,0,0
Brc1ccc2[nH]cc(/C=N/Nc3c(C#N)nc(C(C)(C)C)o3)c2c1,,C45160831,99.996651,1,1,0,0,0,0,0,0,0,0
Clc1c(/C=C/2\C(=O)N/C(=N/N=C\3/SC(C(=O)C)=C(C)N/3)/S\2)cccc1,,C48553233,90.09359,1,0,0,0,0,0,0,1,0,0
OC1=N[C@@H](/C=C/c2cc([N+](=O)[O-])ccc2)Nc2sc3C[C@H](C)CCc3c12,,C04571455,55.682205,1,0,0,0,0,0,0,0,0,0
Clc1cnc(NC(=O)C2CCN(C(=O)N[C@@H]3CCc4ccccc34)CC2)cc1,,C56826412,99.706535,1,0,0,0,0,0,0,0,0,0
Fc1cc(F)cc(C(=O)NCC(=O)Nc2ccc3OC4(Oc3c2)CCCC4)c1,,C57152783,100,1,0,0,1,0,0,0,0,0,0
Clc1c(NC(=O)c2nc(-c3sc(Cl)cc3)sc2)cc2OCC(=O)Nc2c1,,C60034517,99.998894,1,0,0,1,0,0,0,0,1,0
O=C(Nc1ccc2N(C)CCCc2c1)N1CCC(C(=O)NC2CCCCC2)CC1,,C62411634,100,1,0,0,0,0,0,0,0,0,0
O=C(Nc1c(C)cccc1)c1cnn2[C@H](c3c(C)cccc3)C=3C(=O)CCCC=3Nc12,,C64775601,99.966888,1,0,0,0,0,0,0,0,0,0
Fc1c(NC(=O)Nc2cc(-c3nnc(N4CCCC4)cc3)ccc2)c(F)ccc1,,C65185970,100,1,0,0,1,0,0,0,0,0,0
O=C(N[C@H]1CCc2ccccc2C1)Nc1ccc(-c2n3CCCCc3nn2)cc1,,C66956846,99.446732,1,0,0,0,0,0,0,0,0,0
Fc1c(F)ccc(NC(=O)N2CCC(NC(=O)Oc3ccccc3)CC2)c1,,C67251355,100,1,0,0,0,0,0,0,0,0,0
S(=O)(=O)(NC)c1cc([C@H](NC(=O)N2CC3C[C@@H]4CC2C[C@H](C3)C4)C)ccc1,,C67469724,96.110031,1,0,0,0,0,0,0,0,1,0
O=C(Nc1cc(NC(=O)N2C[C@H](C)O[C@H](c3ccccc3)C2)ccc1)C(C)(C)C,,C67563189,100,1,0,0,0,0,0,0,0,0,0
Fc1c(C(=O)Nc2c(C(OCC)=O)c3CC(C)(C)[NH2+]C(C)(C)c3s2)c(F)ccc1,,C04281236,99.962021,1,0,0,0,0,0,0,0,0,0
O=C(Nc1c(C(=O)Nc2ccccc2)c2CC[C@@H](C)Cc2s1)C[NH+]1CCC(C)CC1,,C04554378,62.495995,1,0,0,0,0,0,0,0,1,0
O=C(Nc1ccc(C)cc1)C[NH+](C)[C@@H](C(=O)Nc1ccc(C)cc1)c1ccccc1,,C07390665,99.901283,1,0,0,0,0,0,0,0,0,0
S(CC(=O)Nc1ccc(C)cc1)c1c(C(=O)NC[C@@H]([NH+]2CCCC2)c2sccc2)cccc1,,C09766892,99.211433,1,0,0,0,0,0,0,0,1,0
O=C(NCCCc1ccccc1)C[C@H]1[NH+](Cc2cccc3ccccc23)CCNC1=O,,C12438728,96.662773,1,0,0,1,0,1,0,0,1,0
S(c1c(NC(=O)C[NH+](C)CC(=O)Nc2c(F)c(F)c(F)cc2)cccc1)c1ccccc1,,C03457549,99.931412,1,0,0,1,0,1,0,0,0,0
O=C(NCC1(c2ccccc2)CCCC1)C[C@H]1[NH+](Cc2sccc2)CCNC1=O,,C12584588,97.096924,1,0,0,1,0,0,0,0,1,0
O=C(NCC[NH+](CC)CC)c1ccc2N[C@@H](c3ccc(N(C)C)cc3)[C@H]3CC=C[C@H]3c2c1,,C13645204,99.851219,1,0,0,1,0,0,0,0,0,0
O=C(NC1C2CC3CC1CC(C2)C3)C[C@@H]1[NH+](Cc2cccc3ccccc23)CCNC1=O,,C15062532,96.669441,1,0,0,1,0,1,0,0,1,0
OCC[NH2+]Cc1c(CC[C@H]2C(=C)CC[C@@H]3[C@@](C)(C(OC)=O)CCC[C@@]23C)cco1,,C16041552,71.040588,1,0,0,1,0,0,0,0,1,0
O=C(NCCC=1CCCCC=1)[C@H]1C2(C1)CCN(Cc1[nH+]c(CCCC)[nH]c1)CC2,,C19739821,44.145935,1,0,0,1,0,1,0,0,0,0
O=C(NCC[NH+](CC(C)C)CC(C)C)c1ccc2S/C(=C/c3cc(C)ccc3)/C(=O)Nc2c1,,C20355281,99.840202,1,0,0,0,0,0,0,0,0,0
O=C(N[C@H](CCC(C)C)c1c(-n2cccc2)sc2C[NH+](C)CCc12)Nc1cc(C)c(C)cc1,,C20532149,99.085754,1,0,0,1,0,0,0,0,0,0
O=C(N[C@H](CCC(C)C)c1c(-n2cccc2)sc2C[NH+](C)CCc12)Nc1cc(C)cc(C)c1,,C20532151,99.085754,1,0,0,1,0,0,0,0,0,0
O=C(N[C@H](CCC(C)C)c1c(-n2cccc2)sc2C[NH+](CC)CCc12)Nc1ccc(CC)cc1,,C20532187,99.626244,1,0,0,1,0,0,0,0,0,0
O=C(NCCC[NH+]1[C@H](CC)CCCC1)c1ccc2S/C(=C\c3ccccc3)/C(=O)Nc2c1,,C03064211,99.981895,1,0,0,1,0,0,0,0,1,0
O=C(NCC[NH+](CC)CC)c1ccc2N[C@H](c3c(OCC)cccc3)[C@@H]3CC=C[C@H]3c2c1,,C20748975,99.851067,1,0,0,0,0,0,0,0,0,0
Clc1ccc(CN(C(=O)C[NH+]2CCC(C(=O)N)CC2)C23CC4CC(C2)CC(C3)C4)cc1,,C21365073,62.716286,1,0,0,0,0,0,0,0,1,0
O=C(NC[C@H]([NH+]1CCc2ccccc2C1)c1ccc(N(C)C)cc1)NCc1ccccc1,,C22419159,98.400833,1,0,0,0,0,1,0,0,1,0
O=C(NCCCc1ccccc1)NC[C@H]([NH+]1CCc2ccccc2C1)c1ccc(N(C)C)cc1,,C22419232,98.415047,1,0,0,0,0,0,0,0,0,0
O=C(NC1CC[NH2+]CC1)CCc1n(c(-c2c(C)cc(C)cc2)cc1)-c1ccc(CC#N)cc1,,C23426514,99.743607,1,0,0,1,0,1,0,0,0,0
Clc1c([C@H]([NH+](C)C)CNC(=O)CNC(=O)C23CC4CC(C2)CC(C3)C4)cccc1,,C24062408,97.220421,1,0,0,0,0,0,0,0,1,0
O=C(N[C@H](Cc1ccccc1)c1ccccc1)C[NH+]1CCC(C(=O)NCc2ccccc2)CC1,,C24858298,59.891621,1,0,0,0,0,0,0,0,0,0
O=C(NC[C@H]([NH+]1CCCC1)c1sccc1)CNC(=O)c1ccc(C(C)(C)C)cc1,,C27605944,99.138428,1,0,0,0,0,0,0,0,0,0
Clc1c(C)cc(OCCCC)c(S(=O)(=O)NC2CC(C)(C)[NH2+]C(C)(C)C2)c1,,C27822876,96.651047,1,0,0,1,0,0,0,0,1,0
Clc1c(CCNC(=O)[C@@H]2[NH2+]C3(SC2)CCN(C(=O)CCCCC)CC3)ccc(Cl)c1,,C33396853,61.318775,1,0,0,0,0,0,0,0,1,0
S(CCC(=O)Nc1c(C(OCC)=O)c2CC(C)(C)[NH2+]C(C)(C)c2s1)c1ccccc1,,C34736550,99.962967,1,0,0,1,0,1,0,0,1,0
S=C(NC[C@@H]1[NH+](Cc2c(C)cccc2)CCc2cc(OC)c(OC)cc12)Nc1cc(C)ccc1,,C36041095,96.459732,1,0,0,1,0,1,0,0,1,0
O[C@@H](C[NH+](CCC(C)C)CC=1NC(=O)c2c(sc3C[C@H](C)CCc23)N=1)Cc1ccccc1,,C36161462,63.450203,1,0,0,1,0,0,0,0,0,0
O[C@](C)(C[NH+](Cc1ccccc1)CC=1NC(=O)c2c(-c3c(C)cccc3)csc2N=1)C=C,,C36205727,86.749855,1,0,0,1,0,1,0,0,0,0
O=C(N[C@H](C)c1c(-n2cccc2)sc2C[NH+](CC)CCc12)Nc1c(C)cccc1,,C06877452,99.627769,1,0,0,1,0,1,0,0,1,0
O=C(NC[C@H]([NH+]1CCCCC1)c1ccc2N(C)CCCc2c1)Nc1ccc(C)cc1,,C38517661,99.806984,1,0,0,0,0,0,0,0,1,0
Clc1ccc([C@H](Nc2[nH+]ccc(C)c2)c2c(C)c(C)sc2NC(=O)c2occc2)cc1,,C38547557,78.464706,1,0,0,1,0,0,0,0,1,0
Brc1ccc([C@@H](Nc2[nH+]ccc(C)c2)c2c(C)c(C)sc2NC(=O)c2occc2)cc1,,C38547650,78.436394,1,0,0,0,0,0,0,0,0,0
S([C@H](C(=O)C=1C[NH+]=C2C=CC=CC=12)c1ccccc1)[C@H]1SC(NCc2ccccc2)=NN1,,C38779267,70.505974,1,0,0,1,0,1,0,0,0,0
O=C(Nc1c(C(=O)N[C@H](C)CC)cccc1)[C@@H]1C[NH+](Cc2cccc3ccccc23)CCC1,,C38855697,98.190041,1,0,0,0,0,1,0,0,1,0
O=C(Nc1c(C(=O)NCC=C)cccc1)C1CC[NH+](Cc2cccc3ccccc23)CC1,,C38855778,99.469666,1,0,0,0,0,0,0,0,1,0
Fc1cc(C[NH2+][C@@H]2CCC=3[C@@H]4C(=O)N(CCc5c[nH]c6ccccc56)C=N[C@H]4SC=3C2)ccc1,,C39478804,88.421135,1,0,0,1,0,0,0,0,0,0
O=C(CCc1ccccc1)N1C[C@H](C(=O)NC2CCCCCCC2)C2(C1)CC[NH2+]CC2,,C39659745,99.846298,1,0,0,1,0,1,0,0,1,0
O=C([C@@H](CC)c1ccccc1)N1C[C@H](C(=O)NC2CCCCCCC2)C2(C1)CC[NH2+]CC2,,C39659853,99.845787,1,0,0,1,0,1,0,0,1,0
O=C([C@@H](CC)c1ccccc1)N1C[C@H](C(=O)NCCCCCC)C2(C1)CC[NH2+]CC2,,C39660364,99.845787,1,0,0,1,0,1,0,0,1,0
O[C@@](C)(C[NH+](Cc1ccccc1)CC=1NC(=O)c2c(sc3CCCCCc23)N=1)C=C,,C40408617,86.333946,1,0,0,1,0,1,0,1,1,0
O=C(Nc1ccc(C)cc1)COc1c(OC)cccc1C[NH2+][C@H](C)c1ccccc1,,C40734580,98.923111,1,0,0,1,0,1,0,0,1,0
Fc1ccc([C@H](Nc2[nH+]cccc2)c2c(NC(=O)c3occc3)sc3CCCCc23)cc1,,C38550622,80.591743,1,0,0,0,0,0,0,0,0,0
O=C(NCCc1ccc(C)cc1)[C@@H]1[C@@H](C(=O)N(Cc2ccccc2)Cc2ccccc2)C[NH2+]C1,,C43222416,74.02253,1,0,0,0,0,0,0,0,0,0
S=C(NC[C@@H]1[NH+]2C[C@H](CN(C)c3ccccc3)[C@@H](C1)CC2)Nc1ccc(N(C)C)cc1,,C43527552,99.725075,1,0,0,1,0,0,0,0,1,0
O=C(NC)[C@H]1N(CC(c2ccccc2)c2ccccc2)C[C@@H]([NH2+]Cc2c(OC)ccc3ccccc23)C1,,C32582026,94.215256,1,0,0,0,0,0,0,0,0,0
Brc1c([C@@H]([NH+](CCOc2ccc(S(=O)(=O)N)cc2)CCC)C)cccc1,,C59121735,99.191101,1,0,0,0,0,0,0,0,1,0
Fc1c(NC(=O)C2CCCCC2)cc(NC(=O)CCC=2C[NH+]=C3C=CC=CC=23)cc1,,C64363871,84.190529,1,0,0,1,0,1,0,0,1,0
O=C(NC1CC[NH+]([C@@H](C)C(=O)Nc2c(C)cc(C)cc2)CC1)CC1CCCCC1,,C66885976,73.251572,1,0,0,0,0,1,0,0,0,0
O=C(NC=1[C@@H](c2ccccc2)C(=C)Nc2ccccc2N=1)C[NH+]1CCCCCC1,,C06416735,37.110077,1,0,0,0,0,0,0,0,0,0
O=C(C[NH2+][C@@H](C)c1cccc2ccccc12)N1C(C)(C)C(=O)Nc2ccccc12,,C06881926,72.843483,1,0,0,0,0,0,0,0,1,0
FC(F)(F)c1c(NC(=O)C[NH+](C)CC(=O)N[C@@H]2[C@H](C)CCCC2)cccc1,,C07461317,99.83065,1,0,0,1,0,1,0,0,1,0
O=C(NC(=O)C[NH+]1[C@H](c2sccc2)c2ccsc2CC1)Nc1ccccc1,,C08001159,93.108902,1,0,0,1,0,0,0,0,1,0
Clc1c([C@@H](CNC(=O)C[C@H]2C(=O)Nc3cc(Cl)ccc3S2)[NH+]2CCCC2)cccc1,,C11563464,98.99839,1,0,0,0,0,0,0,0,1,0
Fc1c(CNC(=O)C[C@H]2[NH+](Cc3ccc4ccccc4c3)CCNC2=O)cccc1,,C11754006,96.346901,1,0,0,1,0,1,0,0,1,0
OC(C)(C)C#Cc1cc(C(=O)NCC[NH+]2C[C@@H](c3cscc3)Oc3ccccc3C2)ccc1,,C12457199,66.835808,1,0,0,1,0,0,0,0,1,0
O=C(Nc1ccc(NC(=O)C23CC4CC(C2)CC(C3)C4)cc1)C[NH+]1CCCCC1,,C12843542,77.476517,1,0,0,0,0,0,0,0,0,0
Brc1c(NC(=O)[C@H](C)[NH+]2C[C@H](C(=O)Nc3ccccc3)CCC2)ccc(C)c1,,C12902992,55.390354,1,0,0,0,0,1,0,0,1,0
Oc1c([C@@H](Nc2[nH+]c(C)ccc2)c2ccc(OCC=C)cc2)ccc2cccnc12,,C05799001,35.307159,1,1,0,1,0,0,0,1,1,0
FC(F)(F)C(F)(F)c1n(C)nc2CCN(C(=O)C[C@H]([NH3+])Cc3c(F)ccc(F)c3)Cc12,,C14948957,94.420006,1,0,0,0,0,0,0,0,1,0
Oc1c([C@H](Nc2[nH+]cccc2)c2cc(OC3CCCC3)ccc2)ccc2cccnc12,,C15016973,40.182404,1,1,0,1,0,0,0,1,0,0
O(CC1c2ccccc2-c2ccccc12)C(=O)Nc1cc(N2CC[NH2+]CC2)ccc1,,C08699824,98.127831,1,0,0,0,0,0,0,0,1,0
O[C@H](C[NH+]1CCC(O)(c2cc(C)ccc2)CC1)c1ccc2N(C(=O)C(C)C)CCCc2c1,,C19234503,98.272087,1,0,0,1,0,0,0,0,1,0
O=C1C(C[NH2+]C2CCCC2)=Cc2c(-c3ccccc3)nn(-c3ccccc3)c2N1,,C19373978,99.120651,1,0,0,1,0,0,1,0,0,0
O[C@@H](C[NH+]1CCC2(Oc3cc(C)c(C)cc3[C@@H](O)C2)CC1)c1cn(CC)c2ccccc12,,C19524759,98.329872,1,0,0,1,0,0,0,0,0,0
Brc1ccc2N(C[NH+](CC)CC)C(=O)[C@@]3(NCCc4c5ccccc5[nH]c34)c2c1,,C13635326,54.034325,1,0,0,0,0,0,0,0,0,0
Brc1c(NC(=O)NCc2c(-n3cccc3)sc3C[NH+](C)CCc23)cccc1,,C20927235,99.079277,1,0,0,1,0,1,0,1,0,0
Brc1cc(NC(=O)NCc2c(-n3cccc3)sc3C[NH+](C)CCc23)ccc1,,C20927250,99.079605,1,0,0,1,0,1,0,1,0,0
O=C(NC[C@H]([NH+]1CCCC1)c1ccccc1)c1c(NC(=O)c2ccccc2)cccc1,,C20958252,99.465714,1,0,0,1,0,0,0,0,0,0
O=C(NC[C@@H]([NH+]1CCCCCC1)c1cscc1)Nc1c(OCC)cccc1,,C22679578,99.807632,1,0,0,0,0,0,0,0,0,0
Brc1c(NC(=O)[C@@H](C)[NH+]2C[C@@H](C(=O)Nc3ccccc3)CCC2)ccc(C)c1,,C35262628,55.390354,1,0,0,1,0,1,0,0,0,0
O[C@H](C[NH+](CC(C)C)CC=1NC(=O)c2c(sc3CCCCCc23)N=1)C(C)C,,C35781301,56.306309,1,0,0,1,0,1,0,1,1,0
FC(F)(F)[C@H]1N2NC(C(=O)NC34CC5CC(C3)CC(C4)C5)=CC2=[NH+][C@H](c2sccc2)C1,,C04018824,84.116516,1,0,0,0,0,0,0,0,0,0
O[C@](C)(C[NH+](CC(C)C)CC=1NC(=O)c2c(sc3CCCCCc23)N=1)C=C,,C36313595,59.651207,1,0,0,1,0,0,0,0,1,0
Clc1c(C)c(S(=O)(=O)NC2CC(C)(C)[NH2+]C(C)(C)C2)c(OC)cc1C,,C05013835,96.668137,1,0,0,1,0,1,0,0,1,0
O=C(NC[C@@H]([NH+]1CCCCC1)c1ccc2N(C)CCCc2c1)Nc1ccc(C)cc1,,C38517663,99.806984,1,0,0,0,0,0,0,0,1,0
O=C(NC[C@@H]([NH+](C)C)c1ccc2N(C)CCc2c1)NCc1cccc2ccccc12,,C38517810,99.282242,1,0,0,1,0,1,0,0,1,0
Clc1cc([C@@H](Nc2[nH+]ccc(C)c2)c2c(NC(=O)c3occc3)sc(C)c2)ccc1,,C38546943,78.532272,1,0,0,0,0,0,0,1,0,0
O=C(Nc1c([C@H](Nc2[nH+]c(C)ccc2)c2ccc(C)cc2)cc(C)s1)c1occc1,,C38547007,52.858604,1,0,0,0,0,0,0,0,1,0
Fc1c(NC(=O)NC[C@@H]([NH+]2CCCCC2)c2ccc3N(C)CCCc3c2)c(F)ccc1,,C38671239,99.798607,1,0,0,0,0,0,0,0,1,0
[NH2+](CCC=1[C@@H](C)N=NC=1C)CC=1[C@@H](c2ccc(C3CCCCC3)cc2)NN(C)C=1,,C39379398,99.849373,1,0,0,0,0,0,0,0,1,0
Oc1cc([C@@H]2[NH+](C[C@@H]3N=NC(C(C)C)=C3)CCc3c4ccccc4[nH]c23)ccc1,,C39430543,79.520462,1,0,0,1,0,0,0,1,0,0
Fc1cc(N2NC[C@H]3[C@H]([NH2+]C[C@H]4C(c5ccccc5)=NN=C4)CC(C)(C)C[C@@H]23)ccc1,,C39490296,51.410522,1,0,0,0,0,0,0,0,1,0
FC(F)(F)c1c(F)ccc(C(=O)N2C[C@H](C(=O)NC3CCCCCCC3)C3(C2)CC[NH2+]CC3)c1,,C39659781,99.845024,1,0,0,1,0,0,0,0,1,0
FC(F)(F)c1cc(F)cc(C(=O)N2C[C@@H](C(=O)NC3CCCCCCC3)C3(C2)CC[NH2+]CC3)c1,,C39659786,99.844467,1,0,0,1,0,0,0,0,0,0
S=C(NC[C@@H]1[NH+]2C[C@H](c3n(C)nc(-c4ccccc4)c3)[C@@H](C1)CC2)Nc1ccccc1,,C43525420,99.389313,1,0,0,1,0,1,0,0,1,0
Brc1c(Oc2c(C[NH3+])cccc2)c(Br)cc([N+](=O)[O-])c1,,C50441435,94.998337,1,0,0,0,0,1,0,0,0,0
O=C(Nc1ccc2C(C[NH2+][C@@H](C(C)(C)C)c3sccc3)=CC(=O)Oc2c1)C,,C52838417,95.541733,1,0,0,1,0,0,0,1,1,0
Clc1ccc(C[NH2+]CC=2C(=O)[NH+]=C3N(c4ccccc4)[N-]C(c4ccc(C)cc4)=C3C=2)cc1,,C13564702,93.210632,1,0,0,1,0,0,0,0,0,0
O=C(Nc1c(NC23CC4CC(C2)CC(C3)C4)cccc1)CCCn1c(C)[nH+]cc1,,C60375793,52.113777,1,0,0,1,0,0,0,1,1,0
Clc1ccc(N2NC(C)=C3C=C(C(=O)NCCC=4C[NH+]=C5C=CC=CC=45)S[C@H]23)cc1,,C63262612,42.150181,1,0,0,0,0,0,0,0,0,0
Clc1ccc([C@H]2SC/C(=C/C(=O)NCCC=3C[NH+]=C4C=CC(OC)=CC=34)/N2)cc1,,C63281538,76.012741,1,0,0,1,0,0,0,0,1,0
O=C1N([C@@H]2Sc3ccccc3N2)NC(CCC)=C1/C=[NH+]/CCc1ccccc1,,C38582912,99.818436,1,0,0,0,0,0,0,1,0,0
FC(F)(F)[C@H]1N(CC(=O)NCCC=2C[NH+]=C3C=CC=CC=23)c2ccccc2N1,,C64713333,84.262314,1,0,0,0,0,0,0,0,0,0
O=C(NCCC=1C[NH+]=C2C=CC=CC=12)CCC=1[C@H](C)N(c2ccccc2)NC=1C,,C64723215,84.210487,1,0,0,1,0,0,0,0,1,0
O=C(NCCC=1CCCCC=1)c1c(N2C[C@H](c3ccccc3)[NH2+]CC2)nccc1,,C65255757,87.600578,1,0,0,0,0,1,0,1,1,0
O=C(Nc1c(CC)cccc1)[C@@H](C)[NH+]1CCC(NC(=O)C2CCCCC2)CC1,,C65963221,73.24762,1,0,0,0,0,0,0,0,0,0
O=C(NC[C@@H](C)[NH+]1CCc2ccccc2C1)C[C@@H](NC(=O)C1CCCCC1)C,,C66291295,99.205605,1,0,0,1,0,1,0,0,1,0
O=C(NC[C@@H]([NH+](C)C)c1ccc(C)cc1)CNC(=O)C12CC3CC(C1)CC(C2)C3,,C67269014,98.457321,1,0,0,1,0,0,0,0,1,0
FC(F)(F)[C@]1(O)N(C(=O)c2c(O)c(C)ccc2)N=C(C2CCCCC2)C1,,C00910637,56.252151,1,0,0,0,0,0,0,0,1,0
NC1=C(C#N)[C@@H](c2c(C)c(C)cc(C)c2C)c2c(C)nn(-c3ccccc3)c2O1,,C00792556,99.960342,1,0,0,0,0,0,0,0,0,0
O=C(NNC(=O)C1CCCCC1)N1c2ccccc2Sc2ccccc12,,C02395565,100,1,0,0,0,0,0,0,0,0,0
Clc1ccc2O[C@](NC(=O)N[C@H]3C[C@@H](C)CC(C)(C)C3)(C(F)(F)F)Oc2c1,,C02725407,100,1,0,0,0,0,0,0,0,0,0
O=C1C(c2c(NC3CCCC3)n3C=CC(C)=Cc3n2)=Cc2cccc(C)c2N1,,C01330109,92.024765,1,0,0,0,0,0,0,0,1,0
S(=O)(=O)(n1c(N)cc(-c2ccc(C(C)(C)C)cc2)n1)c1ccccc1,,C05034730,99.99929,1,0,0,1,0,0,0,1,0,0
Fc1cc(NC(=O)N2[C@H]3CC(NC(=O)C(C)(C)C)C[C@@H]2CCC3)ccc1,,C12499682,100,1,0,0,0,0,0,0,0,0,0
S=C1N(C)[C@@]2(C)[C@H](C(=O)Nc3c(C)cc(C)cc3)[C@@H](N1)c1ccccc1O2,,C12620112,100,1,0,0,0,0,0,0,0,0,0
O=C1Nc2ccc(C3=NN=C(Nc4ccc(C(C)C)cc4)SC3)cc2C1,,C12596048,69.161751,1,0,0,0,0,0,0,0,0,0
Fc1ccc(-c2nc(N/N=C/3\C(=O)Nc4ccc(CC)cc\34)sc2)cc1,,C13857161,96.577461,1,0,0,0,0,0,0,0,0,0
Oc1cc([N+](=O)[O-])cc2[C@@H]3[C@H]([C@@H](c4c(C)cc(C)cc4C)Nc12)CC=C3,,C14457738,97.616287,1,0,0,0,0,0,0,0,1,0
Clc1cc([C@@H]2Nc3c(O)cc([N+](=O)[O-])cc3[C@@H]3[C@H]2CC=C3)ccc1,,C14460277,97.602623,1,0,0,0,0,0,0,0,1,0
Clc1cc([C@@H]2Nc3c(O)cc([N+](=O)[O-])cc3[C@@H]3[C@@H]2CC=C3)ccc1,,C14460279,97.602623,1,0,0,0,0,0,0,0,1,0
O=C(Nc1c(C)ccc(C)c1)[C@@H]1C(=O)N[C@]23Oc4ccccc4[C@H]1[C@@H]2CCCC3,,C16040866,99.999832,1,0,0,0,0,0,0,0,0,0
Clc1ccc2O[C@@](NC(=O)N[C@@H]3C[C@H](C)CC(C)(C)C3)(C(F)(F)F)Oc2c1,,C17244181,100,1,0,0,1,0,0,0,0,0,0
Clc1c([N+](=O)[O-])c2[C@H]3[C@H]([C@@H]([C@@H]4CCC=CC4)Nc2c(O)c1)CC=C3,,C15218458,59.717979,1,0,0,0,0,0,0,0,1,0
Clc1cc([C@H]2C(C#N)(C#N)C(N)=C(C#N)C=3[C@@H]2CN(C(C)(C)C)CC=3)ccc1,,C20467925,99.937073,1,0,0,0,0,0,0,0,0,0
Oc1cc([N+](=O)[O-])cc2[C@H]3[C@H]([C@H](c4c(C)cc(C)cc4C)Nc12)CC=C3,,C20691240,97.616287,1,0,0,0,0,0,0,0,0,0
Brc1cc([C@@H]2Nc3c(F)ccc([N+](=O)[O-])c3[C@H]3[C@H]2CC=C3)c(O)cc1,,C20695918,98.042435,1,0,0,0,0,0,0,0,0,0
Brc1cc([C@H]2Nc3c([N+](=O)[O-])cccc3[C@H]3[C@H]2CC=C3)c(O)cc1,,C20695949,98.039589,1,0,0,0,0,0,0,1,0,0
Brc1ccc2N[C@H](c3c(O)ccc([N+](=O)[O-])c3)[C@@H]3CC=C[C@H]3c2c1,,C20708892,71.529709,1,0,0,0,0,0,0,0,0,0
S(C)c1cc(NC(=O)N2CCC3(Nc4ccccc4-n4cccc34)CC2)ccc1,,C21649841,99.999016,1,0,0,1,0,0,0,1,0,0
Fc1ccc(Nc2nc(Nc3cc(C)ccc3)c3C(=O)CCCc3n2)cc1,,C22444364,85.733337,1,0,0,0,0,0,0,0,0,0
S([C@H](C)C(=O)/C=C\1/N(C)c2ccccc2C/1(C)C)c1nc(N)cc(C)n1,,C31745904,64.316383,1,0,0,0,0,0,0,0,1,0
S=C1N(CC(C)C)[C@@H](N(O)C(=O)NC2CCCCC2)C(C)(C)S1,,C00850731,80.751373,1,0,0,0,0,0,0,0,0,0
O=C(Nc1ccc(C)cc1)N1[C@H](C(=O)Nc2cccc3CCCCc23)CCC1,,C35289378,100,1,0,0,0,0,0,0,0,0,0
NC1=C(C#N)[C@@H](c2ccc(C(C)C)cc2)[C@H]2CN(C(C)C)CC=C2C1(C#N)C#N,,C04453384,99.527779,1,0,0,0,0,0,0,0,1,0
Oc1ccc([N+](=O)[O-])c2[C@@H]3[C@@H]([C@H](c4c(C)cc(C)cc4C)Nc12)CC=C3,,C14457729,89.403076,1,0,0,0,0,0,0,0,0,0
Brc1cccc2[C@@H]3[C@@H]([C@@H](c4c(O)ccc([N+](=O)[O-])c4)Nc12)CC=C3,,C14475876,71.308632,1,0,0,0,0,1,0,0,0,0
Clc1cc(NC(=O)[C@H]2[C@@]3(C(=O)Nc4ccccc34)N3CSC[C@@H]3C2)ccc1,,C37447439,93.975761,1,0,0,0,0,0,0,0,1,0
CC(C)(C)c1cc(C(C)(C)C)cc([C@@H]2O[C@@H]([C@H]3N=NC(C)=C3)NN2)c1,,C38777185,98.320038,1,0,0,0,0,0,0,0,1,0
O=C(Nc1c(C)cccc1)Nc1ccc2CCN(C(=O)c3sccc3)c2c1,,C38943552,100,1,0,0,1,0,0,0,0,1,0
OC=1N=N[C@@H]2NC=3CC(C)(C)CC(=O)C=3[C@H](c3ccc(-c4ccccc4)cc3)C=12,,C39358818,74.405319,1,0,0,0,0,0,0,0,0,0
O=C(NC1CCCCC1)Nc1ccc2nc3[C@]4(C)C(C)(C)[C@@H](CC4)c3nc2c1,,C07011330,99.694778,1,0,0,0,0,0,0,0,0,0
O=C/1N(C2CCCCC2)/C(=N\c2ncccc2)/S\C\1=C(\C)/c1ccc(N)cc1,,C39863095,94.762459,1,0,0,0,0,0,0,1,0,0
O=C1OC(CCC)=CC=2OC(N)=C(C#N)[C@H](c3ccc(C(C)C)cc3)C1=2,,C40569293,100,1,0,0,0,0,0,0,0,0,0
O[C@@H]1C(C)(C)[C@H]2[C@](C)([C@@](O)(C)[C@H](COc3ccc4C=CC(=O)Oc4c3)CC2)CC1,,C05415597,100,1,0,0,0,0,0,0,0,1,0
O=C1N=C(c2ccccc2)NC=2NC=3CC(C)(C)CC(=O)C=3[C@H](c3ccccc3)C1=2,,C44974084,56.931793,1,0,0,0,0,0,0,0,0,0
O=C1N(c2ccccc2)NC=2NC=3c4ccccc4C(=O)C=3[C@@H](c3cc(C)ccc3)C1=2,,C06132001,55.134857,1,0,0,0,0,0,0,0,0,0
[S@](=O)(C(F)(F)F)c1c(N)n(-c2ccc(C(F)(F)F)cc2)nc1C#N,,C55161759,99.999092,1,0,0,0,0,0,0,0,0,0
Fc1ccc(-c2sc(C(=O)N=C3Nc4ccccc4N3)c(C)n2)cc1,,C12323058,53.630211,1,0,0,0,0,0,0,0,0,0
O=C(Nc1sc2ccccc2n1)CNC(=O)C12CC3CC(C1)CC(C2)C3,,C57616259,100,1,0,0,0,0,0,0,0,1,0
O=C1C[C@@H](c2ccc(C)cc2)CC=2OC(N)=C(C#N)[C@@H](c3ccc(N(C)C)cc3)C1=2,,C05798887,100,1,0,0,0,0,0,0,0,0,0
O=C1N(c2ccccc2)NC=2NC=3c4ccccc4C(=O)C=3[C@H](c3ccc(C)cc3)C1=2,,C06199464,55.132629,1,0,0,1,0,0,0,0,0,0
O=C1N(c2ccccc2)NC=2NC=3c4ccccc4C(=O)C=3[C@H](c3cc(C)ccc3)C1=2,,C06132000,55.134857,1,0,0,1,0,0,0,0,0,0
NC1=C(C#N)[C@H](C2CCCCC2)[C@H]2C(c3cccc4ccccc34)=NN=C2O1,,C01177718,75.173569,1,0,0,0,0,0,0,0,1,0
Brc1ccc(C2=NN=C3OC(N)=C(C#N)[C@@H](c4ccc(F)cc4)[C@H]23)cc1,,C01132542,77.161888,1,0,0,0,0,0,0,0,0,0
Brc1ccc(C=2N/C(=N\N=C/3\C(=O)Nc4ccccc\34)/SC=2)cc1,,C13465520,52.933121,1,0,0,0,0,0,0,0,0,0
O=C(NC1CCCCC1)N1C[C@@](C)(C(=O)NCc2c(C)cccc2)CCC1,,C65058767,100,1,0,0,0,0,1,0,0,1,0
O=C(N1C[C@@H](c2[nH]c3cc(C)ccc3n2)CCC1)c1[nH]c2cc(C)ccc2c1,,C67158606,42.76194,1,0,0,0,0,1,0,1,0,0
Clc1c(C)c2NC(=O)[C@@]3([NH2+][C@H](CCSC)[C@H]4C(=O)N(CCc5ccccc5)C(=O)[C@@H]34)c2cc1,,C08790240,99.128914,1,0,0,1,0,0,0,0,0,0
S(=O)(=O)(Nc1ccc(C)cc1)c1cc(C(=O)N[C@H](C)[C@H]([NH+]2CCCC2)c2sccc2)ccc1,,C09402975,96.058517,1,0,0,0,0,0,0,0,1,0
S(=O)(=O)(N1CCC(C(=O)NC2CC(C)(C)[NH2+]C(C)(C)C2)CC1)c1ccc(C(C)(C)C)cc1,,C10813750,99.993614,1,0,0,0,0,0,0,0,0,0
Clc1c([C@H](CNC(=O)CCC=2NC(=O)c3c(sc4CCCCc34)N=2)[NH+]2CCCC2)cccc1,,C11563448,94.487595,1,0,0,0,0,1,0,0,1,0
OC1(c2ccc3oc(C(=O)NC[C@H]4OCCC4)cc3c2)CC[NH+](Cc2c(C)cc(C)cc2)CC1,,C12005437,99.400032,1,0,0,1,0,1,0,0,0,0
Clc1c(C)c2NC(=O)[C@@]3([NH2+][C@@H](Cc4ccccc4)[C@H]4C(=O)N(CCc5ccccc5)C(=O)[C@@H]34)c2cc1,,C12882775,99.389717,1,0,0,1,0,0,0,0,0,0
Clc1cc(C)c2NC(=O)[C@]3([NH2+][C@@H](Cc4ccccc4)[C@H]4C(=O)N(CCc5ccccc5)C(=O)[C@@H]34)c2c1,,C12885118,99.445953,1,0,0,0,0,0,0,0,0,0
FC(F)(F)c1c(NC(=O)C[NH+](C)CC=2NC(=O)c3c(-c4ccc(F)cc4)csc3N=2)cccc1,,C12926214,98.349777,1,0,0,1,0,1,0,0,0,0
Fc1c(C[NH+]2CCC(O)(c3ccc4oc(C(=O)NC[C@H]5OCCC5)cc4c3)CC2)ccc(F)c1,,C14994079,96.006424,1,0,0,1,0,1,0,0,0,0
Fc1c(C[NH+]2CCC(O)(c3ccc4oc(C(=O)NC[C@@H]5OCCC5)cc4c3)CC2)cc(F)cc1,,C14996258,94.572868,1,0,0,1,0,1,0,0,0,0
Clc1cc([C@H]2[NH+]3[C@H](C(OC)=O)Cc4c5ccccc5[nH]c4[C@H]3C[C@@H](NCc3cnccc3)C2)ccc1,,C20504052,96.977898,1,0,0,0,0,0,0,0,1,0
FC(F)(F)c1c(NC(=O)C[NH+]2CCN(CC(=O)Nc3ccc(C(F)(F)F)cc3)CC2)cccc1,,C20689896,67.616249,1,0,0,1,0,0,0,0,0,0
S(=O)(=O)(N[C@H](C(C)C)C(=O)NC[C@H]([NH+](C)C)c1cc(F)ccc1)c1ccc2ccccc2c1,,C22683164,85.338585,1,0,0,0,0,0,0,0,1,0
O=C(N[C@@H](c1sccc1)c1ccccc1)C[NH+]1CCN(CC(=O)Nc2c(C)c(C)ccc2)CC1,,C22791239,55.632984,1,0,0,0,0,0,0,0,0,0
O=C(C[NH+]1[C@H](C(=O)N)Cc2ccccc2C1)N1CCN(C(c2ccccc2)c2ccccc2)CC1,,C14672882,83.948227,1,0,0,1,0,0,0,0,0,0
FC(F)(F)c1cc(NC(=O)N2CCN(c3nc(C)[nH+]c(Nc4ccc(C)cc4)c3)CC2)ccc1,,C33014179,37.082829,1,0,0,0,0,0,0,0,0,0
O=C(Nc1cc([C@@H]2C(C(=O)Nc3ccccc3)=C(C)[NH+]=C3SCCCN23)ccc1)CC(C)(C)C,,C33870996,66.486984,1,0,0,0,0,0,0,0,0,0
FC(F)(F)c1cc(NC(=O)Nc2c[nH+]c(N3CCN(C(=O)c4cc(F)ccc4)CCC3)cc2)ccc1,,C35842827,88.469002,1,0,0,1,0,0,0,0,0,0
S(=O)(=O)(NCC1CCC(C(=O)NCCC[NH+]2CCC(C)CC2)CC1)c1c(C)cc(C)cc1C,,C15942350,96.481316,1,0,0,0,0,0,0,0,1,0
O=C(Cc1c[nH]c2ccccc12)N1CCC(N2[C@H](Cc3c(C)cccc3)Nc3ccc[nH+]c23)CC1,,C39393700,74.932671,1,0,0,0,0,0,0,0,1,0
Clc1c(CN2[C@H](SCC(=O)N/N=C\C=3C[NH+]=C4C=CC=CC=34)Nc3ccccc23)cccc1,,C38899560,99.054382,1,0,0,1,0,1,0,1,1,0
FC(F)(F)c1cc(F)c(C(=O)N2C[C@H](C(=O)NC[C@@H](Oc3ccc(F)cc3)C)C3(C2)CC[NH2+]CC3)cc1,,C39595793,99.842712,1,0,0,1,0,0,0,0,1,0
FC(F)(F)Oc1ccc(CNC(=O)[C@H]2C3(CN(C(=O)c4ccc(CC)cc4)C2)CC[NH2+]CC3)cc1,,C39599625,99.845284,1,0,0,1,0,1,0,0,1,0
O=C(N[C@@H]1[C@@H](c2ccccc2)C1)[C@@H]1C2(CN(C(=O)c3oc(-c4ccccc4)cc3)C1)CC[NH2+]CC2,,C39602510,99.842651,1,0,0,1,0,0,0,0,0,0
Clc1c(F)c(C(=O)N2C[C@@H](C(=O)N[C@H]3[C@H](OCc4ccccc4)CCC3)C3(C2)CC[NH2+]CC3)ccc1,,C39609050,99.84317,1,0,0,1,0,0,0,0,0,0
Fc1c(-c2oc(C(=O)N3C[C@@H](C(=O)NCCCc4ccccc4)C4(C3)CC[NH2+]CC4)cc2)cccc1,,C39623760,99.842926,1,0,0,1,0,1,0,0,1,0
O=C([C@H](Oc1ccccc1)C(C)C)N1C[C@@H](C(=O)N[C@@H]2[C@H](C)[C@H](C)CCC2)C2(C1)CC[NH2+]CC2,,C39637501,99.842773,1,0,0,1,0,0,0,0,1,0
Clc1cc(OCC(=O)N2C[C@@H](C(=O)NCCc3cc(F)ccc3)C3(C2)CC[NH2+]CC3)ccc1,,C39637691,99.842155,1,0,0,1,0,1,0,0,1,0
O=C([C@H](CC)c1ccccc1)N1C[C@@H](C(=O)NCCc2ccc(OCC)cc2)C2(C1)CC[NH2+]CC2,,C39653930,99.845581,1,0,0,1,0,1,0,0,1,0
O=C(NC1CCCCCCC1)[C@@H]1C2(CN(C(=O)c3c(Oc4ccccc4)nccc3)C1)CC[NH2+]CC2,,C39659875,99.839554,1,0,0,1,0,0,0,0,0,0
FC(F)(F)c1c(OC)ccc(C(=O)N2C[C@H](C(=O)NCCCCCC)C3(C2)CC[NH2+]CC3)c1,,C39660380,99.845718,1,0,0,1,0,0,0,0,1,0
O=C(Cc1c(C)cccc1)N1C[C@H](C(=O)NC[C@@H](Oc2ccc(C)cc2)C)C2(C1)CC[NH2+]CC2,,C39666291,99.844772,1,0,0,1,0,1,0,0,1,0
Clc1c(O[C@@H](C)CNC(=O)[C@@H]2C3(CN(C(=O)c4ccc(C)cc4)C2)CC[NH2+]CC3)cccc1,,C39666323,99.845055,1,0,0,1,0,0,0,0,1,0
O=C([C@@H](CC)c1ccccc1)N1C[C@H](C(=O)NC[C@H]2OCCc3ccccc23)C2(C1)CC[NH2+]CC2,,C39669092,99.844803,1,0,0,1,0,1,0,0,1,0
Fc1c(-c2oc(C(=O)N3C[C@H](C(=O)NC[C@H]4OCCc5ccccc45)C4(C3)CC[NH2+]CC4)cc2)cccc1,,C39669182,99.841988,1,0,0,1,0,0,0,0,0,0
Fc1ccc(-c2oc(C(=O)N3C[C@@H](C(=O)NC[C@H]4OCCc5ccccc45)C4(C3)CC[NH2+]CC4)cc2)cc1,,C39669184,99.842094,1,0,0,1,0,1,0,0,0,0
FC(F)(F)c1c(C(=O)N2C[C@@H](C(=O)NCc3c(N4CCCCC4)cccc3)C3(C2)CC[NH2+]CC3)cccc1,,C39678242,99.84346,1,0,0,1,0,0,0,0,0,0
O=C([C@H](CC)c1ccccc1)N1C[C@@H](C(=O)NCc2c(N3CCCCC3)cccc2)C2(C1)CC[NH2+]CC2,,C39678325,99.845116,1,0,0,1,0,0,0,0,1,0
O=C(NCCc1c(C)cccc1)[C@H]1C2(CN(C(=O)c3cccc4C(=O)c5ccccc5-c34)C1)CC[NH2+]CC2,,C39691088,99.845085,1,0,0,1,0,1,0,0,1,0
O=C([C@@H](Oc1ccccc1)C(C)C)N1C[C@@H](C(=O)NCCc2c(C)cccc2)C2(C1)CC[NH2+]CC2,,C39691268,99.842598,1,0,0,1,0,1,0,0,1,0
S(CCNC(=O)[C@@H]1C2(CN(C(=O)[C@@H](Oc3ccccc3)C(C)C)C1)CC[NH2+]CC2)C(C)(C)C,,C39696554,99.842636,1,0,0,1,0,0,0,0,1,0
O=C(NC[C@@H]1[NH+]2C[C@H](c3n(C)nc(-c4ccc5ccccc5c4)c3)[C@@H](C1)CC2)Nc1cc(C#N)ccc1,,C43526614,99.321388,1,0,0,1,0,1,0,0,0,0
Brc1cc(NNC(=O)[C@@H]2[C@H](C(=O)N3CCN(c4[nH+]cccc4)CC3)CC=CC2)ccc1,,C38740465,85.354309,1,0,0,0,0,0,0,0,0,0
Brc1ccc2NC(=O)[C@@]3([NH2+][C@H](CC(C)C)[C@H]4C(=O)N(CCc5ccccc5)C(=O)[C@@H]34)c2c1,,C09429136,99.1063,1,0,0,0,0,0,0,0,0,0
O=C(Nc1ccc(CC[NH+]2CCSCC2)cc1)CN1C(=O)[C@]2(NC1=O)C[C@@H](C)CC(C)(C)C2,,C60221065,99.904587,1,0,0,0,0,0,0,0,0,0
Clc1cccc2[C@]3(C(=O)Nc12)N[C@@H](CC=1C[NH+]=C2C=CC=CC=12)[C@H]1C(=O)N(CCCC)C(=O)[C@@H]31,,C63383531,83.285149,1,0,0,1,0,0,0,0,1,0
Clc1c(C(=O)N/C(=C\[C@@H]2CN(C)c3ccccc23)/C(=O)NCCC=2C[NH+]=C3C=CC=CC=23)cccc1,,C63540949,84.282158,1,0,0,0,0,0,0,0,0,0
Cl[C@@H]1[C@@H](C(=O)NCCC=2C[NH+]=C3C=CC=CC=23)NN2C(C(F)(F)F)=CC(c3sccc3)=N[C@@H]12,,C63541085,74.044952,1,0,0,0,0,0,0,0,1,0
Ic1ccc(NC(=O)CN2C(=O)[C@@H](CC=3C[NH+]=C4C=CC=CC=34)NC2=O)cc1,,C63806688,85.923355,1,0,0,0,0,0,0,0,1,0
Fc1c(C[NH+]2CCC(CNC(=O)CC3CCN(C(=O)NC4CCCCC4)CC3)CC2)cccc1,,C35399200,99.267471,1,0,0,1,0,1,0,0,0,0
O(CC)C(=O)c1c(NC(=O)/C=C/c2ccccc2)sc2C(C)(C)[NH2+]C(C)(C)Cc12,,C04281228,99.963394,1,0,0,1,0,0,0,1,1,0
O=C(NC[NH+]1[C@H](CC)CCC1)c1ccc2S/C(=C\c3ccccc3)/C(=O)Nc2c1,,C04687593,88.529427,1,0,0,0,0,0,0,0,0,0
O=C(NCCCNc1c(C#N)cc2ccc(C)cc2[nH+]1)C12CC3CC(C1)CC(C2)C3,,C04964500,74.90078,1,0,0,1,0,0,0,0,1,0
S(C)c1c(NC(=O)C[NH+](C)[C@H](C)C(=O)c2c(C)[nH]c3ccccc23)cccc1,,C07977464,97.722839,1,0,0,1,0,1,0,1,1,0
O(C)C(=O)c1c(NC(=O)C(c2ccccc2)c2ccccc2)sc2C(C)(C)[NH2+]C(C)(C)Cc12,,C09639693,99.962509,1,0,0,0,0,0,0,0,1,0
Fc1c(NC(=O)C(=O)NC[C@H]([NH+]2CCCC2)c2cccc3ccccc23)cc(F)cc1,,C10086681,99.083054,1,0,0,1,0,0,0,0,0,0
O=C(NCC1([NH+](C)Cc2ccccc2)Cc2ccccc2C1)C[C@@H]1NC(=O)CC1,,C12386553,99.007011,1,0,0,1,0,1,0,0,1,0
Fc1c(F)ccc(N[C@H]2C[NH+](Cc3nc4ccc(NC(=O)C)cc4cc3)CCC2)c1,,C12308288,92.17289,1,0,0,1,0,1,0,0,1,0
Clc1cc(Cl)cc(N2C(=O)[C@H]([NH2+]CCc3c[nH]c4ccc(C)cc34)CC2=O)c1,,C18088241,97.27858,1,0,0,0,0,0,0,0,0,0
O=C(N[C@@H](CC)c1c(-n2cccc2)sc2C[NH+](CC)CCc12)Nc1c(C)c(C)ccc1,,C20532212,99.626961,1,0,0,0,0,0,0,0,0,0
FC(F)(F)c1c(NC(=O)N[C@@H](C)c2c(-n3cccc3)sc3C[NH+](CC)CCc23)cccc1,,C20532242,99.627068,1,0,0,0,0,0,0,0,0,0
O=C(NC[C@@H]([NH+]1CCc2ccccc2C1)c1ccc(N(C)C)cc1)Nc1sccc1,,C22419138,98.232315,1,0,0,1,0,1,0,0,1,0
S(=O)(=O)(N)c1ccc(OCC[NH+]2[C@@H](c3ccccc3)c3ccsc3CC2)cc1,,C24945976,96.389923,1,0,0,1,0,1,0,1,1,0
O=C(Nc1c(C(=O)NCCC)cccc1)[C@H]1C[NH+](Cc2ccc(C)cc2)CCC1,,C30939454,98.607574,1,0,0,0,0,0,0,0,1,0
OC(C)(C)C[NH+](CC=1NC(=O)c2c(-c3c(C)cc(C)cc3)csc2N=1)C1CC1,,C35746414,48.278782,1,0,0,1,0,1,0,0,1,0
O=C(/N=C\1/N(c2ccc(C)cc2)C=C(c2ccc(C)cc2)N/1)C[NH2+]Cc1ccccc1,,C36039451,51.364929,1,0,0,1,0,0,0,0,0,0
O[C@@]12CC[NH+](CC(=O)Nc3ccccc3)[C@H](c3c(OC)cccc3)[C@H]1CCCC2,,C04302145,82.380241,1,0,0,0,0,0,0,0,0,0
O=C(NC[C@H]([NH+]1CCCC1)c1ccc2N(C)CCCc2c1)Nc1sccc1,,C36705360,99.702263,1,0,0,0,0,0,0,0,1,0
Fc1ccc([C@H](Nc2[nH+]c(C)ccc2)c2c(NC(=O)c3occc3)sc(C)c2)cc1,,C38546969,53.158463,1,0,0,0,0,0,0,0,0,0
Fc1ccc([C@H](Nc2[nH+]ccc(C)c2)c2c(C)c(C)sc2NC(=O)c2occc2)cc1,,C38547576,78.591759,1,0,0,1,0,0,0,0,0,0
Fc1ccc(Nc2c(C[NH+]3C[C@@H](C(=O)N[C@@H]4CCCc5ccccc45)CCC3)cccn2)cc1,,C39198274,93.422508,1,0,0,0,0,0,0,0,0,0
Clc1c([C@@H]2[C@H](C[NH2+]CC=3[C@@H](C)N=NC=3C)CN(c3ccc(F)cc3)N2)cccc1,,C39543389,95.446732,1,0,0,0,0,0,0,0,0,0
O=C([C@H](CC)c1ccccc1)N1C[C@H](C(=O)N[C@@H](C)c2ccccc2)C2(C1)CC[NH2+]CC2,,C39596887,99.845207,1,0,0,1,0,1,0,0,1,0
Clc1c(C(=O)N2C[C@@H](C(=O)NCCc3c(C)cccc3)C3(C2)CC[NH2+]CC3)ccc(Cl)c1,,C39691050,99.845108,1,0,0,1,0,1,0,0,1,0
Clc1cc(Cl)cc(C(=O)N2C[C@H](C(=O)NCCc3c(C)cccc3)C3(C2)CC[NH2+]CC3)c1,,C39691109,99.84523,1,0,0,1,0,1,0,0,1,0
Fc1c(C[NH+]2CCC(NC(=O)Nc3c(C)cc(N(C)C)cc3)CC2)cccc1,,C47520629,97.930336,1,0,0,0,0,0,0,0,1,0
S=C(NC(C)C)N1CCC2(N([C@@H](C)c3ccccc3)C(=O)[C@H](C(C)C)[NH2+]2)CC1,,C50834629,97.598419,1,0,0,0,0,0,0,0,1,0
O=C(NC12CC3CC(C1)CC(C2)C3)[C@H](C)[NH+]1C[C@H](C(=O)NCCCC)CCC1,,C51062706,69.196625,1,0,0,0,0,0,0,0,1,0
Clc1c(C[NH2+]CC=2C(=O)Nc3n(-c4ccccc4)nc(-c4ccc(F)cc4)c3C=2)cccc1,,C13564711,88.693764,1,0,0,1,0,0,1,0,0,0
O=C(NC[C@@H](C)[NH+]1CCc2ccccc2C1)NC[C@@H]1CN(c2ccccc2)CC1,,C41329714,99.265564,1,0,0,1,0,1,0,0,1,0
BrC=1C(C)=CC2=C(NNC(=O)[C@H]3C(c4ccccc4)(c4ccccc4)C3)C(=O)[NH+]=C2C=1,,C13477641,99.999809,1,0,0,0,0,0,0,0,0,0
O=C(Nc1c(C(=O)NC2CC2)cccc1)C[NH+](C1CC1)[C@H]1CCCc2ccccc12,,C60061527,66.530167,1,0,0,1,0,1,0,0,1,0
O=C(NCC1CC[NH+](Cc2sccc2)CC1)N[C@@H](C)c1oc2ccccc2c1,,C60219788,99.785378,1,0,0,1,0,1,0,0,1,0
Fc1ccc([C@@H]2C(C(=O)COc3c(C(=O)N)cccc3)=C3C=CC=CC3=[NH+]2)cc1,,C39934257,94.002106,1,0,0,0,0,0,0,0,0,0
Brc1c(NCC(=O)N/N=C\C=2C[NH+]=C3C=CC=CC=23)ccc(Br)c1,,C63428570,99.052216,1,0,0,1,0,1,0,1,1,0
Fc1c(CNC(=O)[C@@H]2C(NC(=O)c3ccc(C)cc3)=C3C=CC=CC3=[NH+]2)cccc1,,C63752443,99.865639,1,0,0,0,0,0,0,0,0,0
Fc1cc(F)cc(CNC(=O)[C@@H]2C(NC(=O)c3ccc(C)cc3)=C3C=CC=CC3=[NH+]2)c1,,C63752505,99.866226,1,0,0,0,0,0,0,0,0,0
Clc1ccc(C(=O)NC=2[C@H](C(=O)NCCC=3CCCCC=3)[NH+]=C3C=CC(C)=CC=23)cc1,,C63752523,99.871864,1,0,0,0,0,0,0,0,0,0
N(C)(Cc1[nH+]cc(C)[nH]1)CC=1[C@@H](c2cc(C)ccc2)NN(c2ccc(C)cc2)C=1,,C64031544,48.556698,1,0,0,1,0,1,0,0,0,0
FC=1C=CC2=[NH+][C@H](C(=O)NCCc3ccccc3)C(NC(=O)c3ccccc3)=C2C=1,,C64491152,99.805199,1,0,0,0,0,0,0,0,0,0
Clc1ccc(C=2NN(C)[C@H]3SC(C(=O)NCCC=4C[NH+]=C5C=CC(C)=CC=45)=CC=23)cc1,,C64540077,45.888584,1,0,0,0,0,0,0,0,0,0
ClC=1C=C(CNC(=O)C[C@@H]2NC(=O)CC2)C2=[NH+][C@@H](c3ccccc3)C(C)=C2C=1,,C64609947,89.962502,1,0,0,1,0,0,0,0,0,0
Clc1ccc2N(CC(=O)NCCc3[nH+]c[nH]c3)[C@@H](c3sccc3)Cc2c1,,C64622776,53.922497,1,0,0,1,0,1,0,1,1,0
O=C(NC[C@H]1C[NH+](Cc2sccc2)CCC1)Nc1cc(N2CCCC2)ccc1,,C64754315,99.690987,1,0,0,1,0,0,0,1,0,0
O=C(NCCC=1CCCCC=1)c1c(N2C[C@@H](c3ccccc3)[NH2+]CC2)nccc1,,C65255756,87.600578,1,0,0,1,0,0,0,0,1,0
FC(F)(F)c1cc(C2(CNC(=O)NCCc3n(C)cc[nH+]3)CCCC2)ccc1,,C66233681,58.045551,1,0,0,0,0,1,0,0,1,0
Fc1ccc(N2C[C@@H](CNC(=O)NC[C@@H]([NH+](C)C)c3ccccc3)CC2)cc1,,C66343054,98.678467,1,0,0,1,0,1,0,0,0,0
Fc1cc(NC(=O)C2CC[NH+](CCC(=O)NCC3CCCCC3)CC2)ccc1,,C66873466,98.986969,1,0,0,0,0,0,0,0,1,0
O=C(NC1CC[NH+]([C@H](C)C(=O)Nc2c(C)cccc2)CC1)CC1CCCCC1,,C66886526,73.267403,1,0,0,0,0,1,0,0,0,0
Clc1ccc([C@H](NC(=O)C(=O)Nc2cccc3C[NH+](CCCC)Cc23)C)cc1,,C67491741,98.700066,1,0,0,0,0,0,0,0,1,0
Clc1ccc([C@@]2(C)C(=O)N(CC(=O)Nc3c(C(OCC)=O)c4CCCc4s3)C(=O)N2)cc1,,C08622718,99.99958,1,0,0,0,0,0,0,0,0,0
O(CC)C(=O)c1c(C)c(C(=O)Nc2ccccc2)sc1NC(=O)[C@H]1Oc2ccccc2OC1,,C01464697,100,1,0,0,0,0,0,0,0,0,0
O(CC)C(=O)c1c(C)c(C(=O)Nc2ccccc2)sc1NC(=O)[C@@H]1Oc2ccccc2OC1,,C01464696,100,1,0,0,0,0,0,0,0,0,0
O(CC)C(=O)c1c(C)c(-c2ccccc2)sc1NC(=O)CN1C(=O)[C@]2([C@H](C)CCCC2)NC1=O,,C08940282,99.999763,1,0,0,0,0,0,0,0,0,0
O=C(Nc1ccc(C)cc1)CN(C)C(=O)CN1C(=O)[C@](C)(c2ccc(C(C)(C)C)cc2)NC1=O,,C08946824,99.999611,1,0,0,0,0,0,0,0,0,0
Fc1ccc(NC(=O)CN(C)C(=O)CN2C(=O)[C@@](C)(c3ccc(C(C)(C)C)cc3)NC2=O)cc1,,C08947841,99.999611,1,0,0,0,0,0,0,0,0,0
S(=O)(=O)(Nc1c(C(=O)Nc2oc(-c3ccc(SC)cc3)nn2)cccc1)c1ccc(F)cc1,,C09293193,58.785011,1,0,0,0,0,0,0,0,0,0
O(CC)C(=O)c1ccc(NC(=O)C[C@@H]2C(=O)N/C(=N\N=C\3/[C@@]4(C)C(C)(C)[C@@H](C/3)CC4)/S2)cc1,,C09973080,70.868782,1,0,0,0,0,0,0,0,1,0
S(CC(=O)Nc1sc(C(C)C)nn1)c1sc(NC(=O)C23CC4CC(C2)CC(C3)C4)nn1,,C11667668,99.840958,1,0,0,0,0,0,0,0,1,0
S(CC(=O)Nc1c(F)cccc1)c1n-2c(N(CC(=O)NC3CCCCC3)c3ccccc-23)nn1,,C01325816,94.071388,1,0,0,1,0,0,0,0,0,0
S(C(F)F)c1ccc(NC2=C(/C=N/Nc3nc(C)cc(C)n3)C(=O)N3C=CC=C(C)C3=N2)cc1,,C12524507,83.874855,1,0,0,0,0,0,0,0,0,0
S(CC(=O)NC(=O)N[C@@H]1[C@@H](C)CCCC1)c1n(C[C@H]2OCCC2)c(-c2ccc(F)cc2)nn1,,C14124361,99.908653,1,0,0,0,0,0,0,0,0,0
S(=O)(=O)(Nc1c(NCc2cn(-c3ccccc3)nc2)nc2ccccc2n1)c1ccccc1,,C14315031,84.376297,1,0,0,0,0,0,0,0,0,0
FC(F)(F)c1c(NC(=O)CCN2C(=O)[C@H](C)Oc3ccccc23)ccc(NC(=O)c2occc2)c1,,C14809767,100,1,0,0,0,0,0,0,0,0,0
S(CC(=O)NC(=O)NC1CCCCC1)c1n(c(-c2cnccc2)nn1)-c1c(C(C)C)cccc1,,C15183933,99.659073,1,0,0,1,0,0,0,0,0,0
O=C(Nc1c(OC)cc(NC(=O)c2ccccc2)c(OC)c1)[C@@H]1CN(c2c(C)cc(C)cc2)C(=O)C1,,C15466038,100,1,0,0,0,0,0,0,0,0,0
O=C(Nc1cc(C(=O)NC=2C(=O)N(N(C)C=2C)c2ccccc2)ccc1)COc1cc(C)cc(C)c1,,C16021180,99.995811,1,0,0,0,0,0,0,0,0,0
S(CC(=O)NC(=O)Nc1cc(C)c(C)cc1)c1n(C[C@@H]2OCCC2)c(-c2sccc2)nn1,,C16626977,99.903488,1,0,0,1,0,0,0,0,1,0
O=C(NC[C@@H](C)CC)CN1C(=O)C2(N(c3ccccc3)C1)CCN(C(=O)Nc1ccc(C)cc1)CC2,,C16647743,100,1,0,0,1,0,0,0,0,0,0
FC(F)(F)c1ccc(C(=O)NNC(=O)c2ccc(Cn3nc(-c4ccccc4)nn3)cc2)cc1,,C17632793,100,1,0,0,0,0,0,0,0,0,0
Clc1ccc(C(=O)N[C@@H](C(C)C)C(OCC(=O)N2C(C)(C)C(=O)Nc3ccccc23)=O)cc1,,C18354783,99.998772,1,0,0,0,0,0,0,0,0,0
S(CC(=O)NN1C(=O)[C@](CC)(c2ccccc2)NC1=O)c1n(-c2c(C)c(C)ccc2)ccn1,,C19356225,81.437805,1,0,0,0,0,0,0,0,0,0
Brc1ccc(/C=N/Nc2[nH]nc(SCc3oc(-c4ccc(F)cc4)nn3)n2)cc1,,C20833725,95.409866,1,0,0,1,0,0,0,1,0,0
S(CC(=O)NC12CC3CC(C1)CC(C2)C3)c1c(C(=O)Nc2cc(-n3nnnc3)ccc2)cccc1,,C21352512,100,1,0,0,0,0,0,0,0,0,0
S=C(NC(=O)/C=C/c1oc(-c2ccccc2)cc1)Nc1ccc(C=2Sc3n(c(C)nn3)N=2)cc1,,C21595305,99.867905,1,0,0,0,0,0,0,0,0,0
Clc1cccc2cccc(SCC(OCC(=O)NN3C(=O)C4(NC3=O)CCC(C)CC4)=O)c12,,C21734696,99.676773,1,0,0,0,0,0,0,0,0,0
O=C(N[C@@H](C)C12CC3CC(C1)CC(C2)C3)CN1C(=O)[C@@](C)(c2cc(OC)c(OC)cc2)NC1=O,,C21742661,99.999596,1,0,0,0,0,0,0,0,1,0
Clc1c(C)c(NC(=O)Nc2c(SCC=3N=C4N(N(CCC)C=N4)C(=O)C=3)cccc2)ccc1,,C21800963,99.80854,1,0,0,1,0,1,0,0,0,0
S(CC=1N=C2N(N(CC(C)C)C=N2)C(=O)C=1)c1c(NC(=O)Nc2c(F)cc(F)cc2)cccc1,,C21801007,99.80835,1,0,0,1,0,1,0,0,0,0
S(=O)(=O)([N-]c1c(N2C[C@H](C[NH+]3CCCC3)CCC2)[nH+]cc(C(=O)[O-])c1)c1c(C)cc(C)c(C)c1,,C21883454,75.709145,1,0,0,1,0,1,0,0,1,0
O([C@@H](C)C(=O)Nc1cccc2C(=O)c3ccccc3C(=O)c12)C(=O)/C(/NC(=O)C)=C/c1ccccc1,,C21998111,100,1,0,0,0,0,0,0,0,0,0
S([C@@H](C)C(=O)C(C#N)=C1Nc2ccccc2N1)c1n(Cc2ccccc2)c(-c2ccncc2)nn1,,C24225574,96.888802,1,0,0,1,0,0,0,0,0,0
Clc1ccc([C@H]2C(C(OCC)=O)=C(CSC=3N(C)C(=O)c4sccc4N=3)NC(=O)N2)cc1,,C29906855,97.918251,1,0,0,0,0,0,0,0,0,0
S(=O)(=O)(NC1CCCC1)c1c(OC)ccc(C(=O)Nc2c(-n3c(C)cc(C)n3)cccc2)c1,,C31600418,97.040588,1,0,0,0,0,0,0,0,0,0
O=C(Nc1ccc2[nH+]c(N3CCN(Cc4c(OC)cccc4)CC3)cc(C(=O)[O-])c2c1)C1CCC1,,C33010425,40.183708,1,0,0,0,0,0,0,0,0,0
O=[N+]([O-])c1cc(C(=O)Nc2cc(C(=O)N[C@@H](C)c3ccccc3)c(N3CCCCC3)cc2)ccc1,,C35146110,100,1,0,0,1,0,0,0,0,0,0
O=C(Nc1c(OC)cccc1)N1C[C@@H](C(=O)Nc2cc(OC)c(OC)cc2)C[C@@H](c2ccccc2)C1,,C35915029,100,1,0,0,1,0,0,0,0,0,0
O=C(Nc1c(CC)cccc1)CN(C)C(=O)CN1C(=O)C2(NC1=O)CCC(C(C)(C)C)CC2,,C36727411,99.999779,1,0,0,0,0,0,0,0,1,0
Fc1ccc(-c2c(C(OCC)=O)c(NC(=O)CN3C(=O)[C@@]4([C@@H](C)CCCC4)NC3=O)sc2)cc1,,C02652415,99.999763,1,0,0,0,0,0,0,0,0,0
O=C(Oc1ccc2[C@H](c3cc(OC)c(OC)c(OC)c3)C(C#N)=C(N)Oc2c1)c1sccc1,,C38660514,100,1,0,0,0,0,0,0,0,0,0
Fc1cc(-c2nn3C(CCNC(=O)Nc4c(OC)c(OC)ccc4)=CSc3n2)ccc1,,C38669600,99.316231,1,0,0,1,0,1,0,1,0,0
S(S(=O)(=O)Nc1c(N2C[C@H](F)NCC2)cc(-c2ccccc2)cc1)(=O)(=O)Oc1ccccc1,,C39482091,97.074173,1,0,0,1,0,0,0,1,0,0
S(CC(=O)N[C@H]1[C@@H](C#N)[C@@H]([C@@H](c2ccccc2)O1)c1ccccc1)c1[nH]nc(-c2ccncc2)n1,,C39963484,96.431938,1,0,0,0,0,0,0,0,0,0
O=C(Nc1ccccc1)C=1[C@H](c2cc(OC)c(OCc3c(C)cccc3)cc2)n2ncnc2NC=1C,,C40914404,78.655266,1,0,0,0,0,0,0,0,0,0
O(C)C(=O)c1c(C)c(C(=O)Nc2c(C)cccc2)sc1N/C=C\1/C(=O)N(c2ccccc2)N=C/1C,,C44827100,99.960609,1,0,0,0,0,0,0,0,0,0
O=C(NCCN1C(=O)C=CC(c2c(C)nc(-c3sccc3)s2)=N1)Nc1c(OC)ccc(C)c1,,C49469272,100,1,0,0,0,0,0,0,0,0,0
S=C(NC1CC1)/N=C(/Nc1nc(C)cc(C)n1)\N1CCN(c2nsc3ccccc23)CC1,,C14161419,51.442135,1,0,0,0,0,0,0,0,0,0
S(=O)(=O)(N(CC(=O)N/N=C/1\C(=O)Nc2ccccc\12)c1c(CC)cccc1)c1ccc(C)cc1,,C16162397,99.999832,1,0,0,0,0,0,0,1,1,0
S(=O)(=O)(N1C[C@H](C)CCC1)c1ccc(NC(=O)CSc2[nH]nc(-c3ccccc3)n2)cc1,,C59775221,99.613831,1,0,0,1,0,0,0,1,0,0
S(=O)(=O)(Nc1ccc(C)cc1)c1cc(OC)c(N/C=C/2\C(=O)N(c3ccc(C)cc3)N=C\2C)cc1,,C18083288,86.194916,1,0,0,0,0,0,0,0,0,0
S(C)c1cc(NC(=O)N[C@@H]2CN(C(=O)CC(C)(C)C)[C@H](C(=O)N[C@@H](CC(C)C)C(=O)N)C2)ccc1,,C03839084,100,1,0,0,0,0,0,0,0,0,0
Oc1ccc(/C=C\2/C(=O)N3C(N)=C(C(OCC)=O)[C@@H](c4ccc(O)cc4)C(C(OCC)=O)=C3S/2)cc1,,C01820105,76.425255,1,0,0,0,0,0,0,0,0,0
OC[C@]1(C)[C@H](O)CC[C@@]2(C)[C@H](CC(=O)NCc3sccc3)c3nc(NC(=O)c4ccc(OC)cc4)sc3C[C@H]12,,C04222147,100,1,0,0,1,0,0,0,0,0,0
OC[C@]1(C)[C@H](O)CC[C@@]2(C)[C@H](CC(=O)NCCOC)c3nc(NC(=O)C4CCCCC4)sc3C[C@H]12,,C04222305,100,1,0,0,0,0,0,0,0,1,0
Fc1cc(C(=O)Nc2sc3C[C@@H]4[C@](C)(CO)[C@H](O)CC[C@@]4(C)[C@H](CC(=O)N[C@@H](CO)CC(C)C)c3n2)ccc1,,C04222490,100,1,0,0,0,0,0,0,0,0,0
OC[C@]1(C)[C@H](OC(=O)Nc2ccc(Oc3ccccc3)cc2)CC[C@@]2(C)[C@H](CC(=O)N3C[C@@H](NC(=O)C)CC3)[C@H](O)CC[C@@H]12,,C04236757,100,1,0,0,0,0,0,0,0,0,0
BrC(Br)(Br)CCc1nc(N(CO)CO)nc(N(CO)CO)n1,,C01871634,99.999863,1,0,0,0,0,0,0,0,0,0
O[C@@H]1[C@H](C)O[C@H]([C@@H](O)[C@@]1(O)C)c1ccc(O)c2c(OC)cc-3c(OC(=O)c4cc(C=C)cc(OC)c-34)c12,,C05497014,77.088539,1,0,0,0,0,0,0,0,0,0
S(=O)(=O)(N[C@H](C)C(OCC(=O)Nc1c(C(=O)N)c2CCCc2s1)=O)c1c(C)c(C)cc(C)c1C,,C03302136,85.910332,1,0,0,0,0,0,0,0,0,0
S(=O)(=O)(Nc1nc(C)nc(C)c1)c1ccc(NC(=O)CSc2n(N)c(C3CCCCC3)nn2)cc1,,C02865615,93.785973,1,0,0,0,0,0,0,0,1,0
S(=O)(=O)(N1[C@H](C(=O)N[C@@H](CC2CCCCC2)C(=O)N)CN(C(=O)Nc2ccccc2)CC1)c1ccccc1,,C04277877,100,1,0,0,0,0,0,0,0,0,0
S(=O)(=O)(N1[C@@H](C(=O)N[C@@H](CC2CCCCC2)C(=O)N)CN(C(=O)NC(C)C)CC1)c1ccccc1,,C04277914,100,1,0,0,0,0,0,0,0,1,0
O[C@H]1[C@H](O)[C@@H]2N(Cc3ccc(-c4ncccc4)cc3)/C(=N/c3ccc(N(C)C)cc3)/S[C@@H]2[C@@H](C(=O)N)C1,,C08253780,88.394997,1,0,0,1,0,1,0,0,0,0
O=C(NNC(=O)c1c(C)cccc1)[C@H](NC(=O)c1c(NC(=O)c2ccccc2)cccc1)Cc1ccccc1,,C09299705,100,1,0,0,0,0,0,0,0,1,0
Fc1ccc([C@H](N(Cc2ccccc2)C(=O)c2c(N)c(C(=O)N)ns2)C(=O)NC[C@H]2OCCC2)cc1,,C12715992,99.999817,1,0,0,0,0,0,0,1,0,0
Fc1ccc([C@H](N(Cc2sccc2)C(=O)c2c(N)c(C(=O)N)ns2)C(=O)NC[C@H]2OCCC2)cc1,,C12716020,99.999817,1,0,0,1,0,0,0,1,1,0
Clc1ccc(OCc2n(N)c(SCC3=C(C(OCC)=O)[C@@H](c4oc(C)cc4)NC(=O)N3)nn2)cc1,,C12741566,99.640915,1,0,0,1,0,0,0,0,0,0
O(CC(=O)Nc1cc(C(=O)N)cc(C(=O)N)c1)C(=O)c1ccc2C(=O)N(c3c(C)ccc(C)c3)C(=O)c2c1,,C13128908,100,1,0,0,0,0,0,0,0,0,0
S(=O)(=O)(Nc1c(C)cccc1)c1cc(NCc2c(F)cc(F)cc2)cc(C(=O)NCCNC(=O)C)c1,,C14533863,96.636093,1,0,0,0,0,0,0,0,0,0
Oc1ccc(/C=C/2\C(N)=C(C(OCC)=O)N3C(=O)[C@H](c4ccc(O)cc4)SC(C(OCC)=O)=C\23)cc1,,C20167913,55.67667,1,0,0,0,0,0,0,0,0,0
S=C(NNC(=O)c1nn2[C@@H](C(F)(F)F)C[C@H](c3ccc(C(C)C)cc3)Nc2c1)NC[C@H]1OCCC1,,C20613868,99.643105,1,0,0,0,0,0,0,0,0,0
S(=O)(=O)(Nc1c(C)cccc1)c1ccc(NC(=O)CCSc2n(N)c(-c3ccccc3)nn2)cc1,,C20831687,96.767799,1,0,0,1,0,0,0,0,0,0
S(CC(=O)NNC(=O)C(F)(F)F)c1nc(N/N=C/c2ccc3ccc4cccc5ccc2c3c45)[nH]n1,,C20837136,78.149719,1,0,0,1,0,0,0,1,0,0
S(=O)(=O)(Nc1ccccc1)c1ccc(NC(=O)CSc2nc(NN=C3CCCCCC3)[nH]n2)cc1,,C20837802,93.674843,1,0,0,0,0,0,0,0,0,0
S(CC(=O)Nc1sc(S[C@H](C)CC)nn1)c1n(N)c(N/N=C/c2cccc3ccccc23)nn1,,C20912613,87.576172,1,0,0,0,0,1,0,0,0,0
Brc1cc(NC(=O)CSc2n(N)c(N/N=C(\C)/c3ccc4ccccc4c3)nn2)ccc1,,C21323545,98.781906,1,0,0,1,0,1,0,0,0,0
Clc1ccc(COc2c(/C=N/Nc3n(N)c(SCC(=O)Nc4ncccc4)nn3)cccc2)cc1,,C21327918,86.508087,1,0,0,1,0,1,0,0,0,0
Oc1c(C)c2OC(=O)C(NC(=O)c3nc(C(=O)NC=4C(=O)Oc5c(C)c(O)ccc5C=4)ccc3)=Cc2cc1,,C28708408,70.917114,1,0,0,0,0,0,0,0,0,0
S(CC(=O)N(CC)C1=C(N)N(Cc2ccccc2)C(=O)NC1=O)c1n(N)c(-c2cc(F)ccc2)nn1,,C32667857,99.856934,1,0,0,0,0,0,0,1,0,0
S(=O)(=O)(N[C@@H](C)c1ccccc1)c1c(N2CCC(C(=O)N)CC2)ccc(NC(=O)Cc2sccc2)c1,,C34919929,95.885841,1,0,0,1,0,0,0,0,0,0
Oc1c([C@@H](N(Cc2occc2)C(=O)c2c(O)cccc2O)C(=O)NC(C)(C)CC(C)(C)C)c(O)cc(O)c1,,C36500502,49.729267,1,0,0,0,0,0,0,0,1,0
O=C(Nc1c(C)c(NC(=O)C2CC2)ccc1)C1CCC(C(=O)Nc2c(C)c(NC(=O)C3CC3)ccc2)CC1,,C36568563,100,1,0,0,0,0,0,0,0,0,0
Oc1c(C(=O)N(Cc2oc(C)cc2)[C@@H](C(=O)NC(C)(C)CC(C)(C)C)c2cc(O)ccc2)c(O)ccc1,,C36597435,55.050461,1,0,0,0,0,0,0,0,1,0
Fc1ccc(C(=O)N(Cc2oc(C)cc2)[C@H](C(=O)NC(C)(C)CC(C)(C)C)c2c(O)cc(O)cc2O)cc1,,C36602765,87.320908,1,0,0,1,0,0,0,0,1,0
S(CC(=O)N(CC(C)C)C1=C(N)N(Cc2ccccc2)C(=O)NC1=O)c1n(N)cc(-c2ccccc2)n1,,C12525272,50.829445,1,0,0,1,0,0,0,1,0,0
Brc1cc(F)c(NC(=O)CS[C@@H]2N(N)[C@@H]([C@H]3N=NC(c4ccc(F)cc4)=C3)NN2)cc1,,C39016701,46.253624,1,0,0,1,0,1,0,0,0,0
S(CC(=O)Nc1ccc(CC)cc1)C=1N([C@H](CC=2NC(=O)NC(=O)C=2)NN=1)c1ccc(OCC)cc1,,C39362543,99.872665,1,0,0,1,0,0,0,1,0,0
Fc1cc(N2C(=O)C[C@@H](C(=O)N[C@@H]3SC[C@H](CC(=O)NCCc4c[nH]c5ccccc45)N3)C2)ccc1,,C39707796,95.925774,1,0,0,1,0,0,0,1,0,0
S(CCc1ccccc1)c1n([C@H](CC)C(=O)Nc2c(C(=O)N)c(-c3ccc(C)cc3)cs2)c(N)nn1,,C40172745,86.538193,1,0,0,1,0,0,0,1,0,0
S(Cc1ccccc1)c1n([C@H](CC)C(=O)Nc2c(C(=O)N)c(-c3ccc(C)cc3)cs2)c(N)nn1,,C40173004,86.999184,1,0,0,1,0,0,0,0,0,0
FC(F)(F)c1cc(NC=2NC(=O)C=3[C@H](C(=O)Nc4ccc(C(OCC)=O)cc4)CC(=O)NC=3N=2)ccc1,,C40400239,54.221561,1,0,0,1,0,0,0,0,0,0
Clc1cc(C(=O)NNc2c([N+](=O)[O-])c(NNC(=O)C(c3ccccc3)c3ccccc3)ncn2)ccc1,,C40658580,42.07365,1,0,0,0,0,0,0,0,0,0
O=[N+]([O-])c1c(N)nc(N2CCN(c3ccc(OC)cc3)CC2)nc1Nc1c(C(=O)N)c2CCCCc2s1,,C41026379,51.951744,1,0,0,1,0,0,0,0,0,0
Clc1cc(C)cc2[C@@]3(C(=O)Nc12)N[C@@H](CC(=O)N)[C@H]1C(=O)N(c2ccc(C(OCC)=O)cc2)C(=O)[C@@H]31,,C20610662,99.910461,1,0,0,0,0,0,0,0,0,0
Clc1c(C)c2NC(=O)[C@@]3(N[C@H](CCC(=O)N)[C@H]4C(=O)N(c5ccc(OC(=O)C)cc5)C(=O)[C@@H]34)c2cc1,,C20611581,99.566643,1,0,0,1,0,0,0,0,0,0
Fc1ccc(CN2C(=O)[C@@H]3[C@@H](Cc4cc(O)c(O)cc4)N[C@]4(C(=O)Nc5ccc(F)cc45)[C@@H]3C2=O)cc1,,C16020682,92.934464,1,0,0,1,0,1,0,1,0,0
S(CC(=O)N1[C@](O)(c2ccccc2)CC(=C)N1)c1sc(SCC(=O)N2[C@@](O)(c3ccccc3)C=C(C)N2)nn1,,C01655009,99.954697,1,0,0,0,0,0,0,0,0,0
S(CC(=O)N1[C@](O)(c2ccccc2)CC(=C)N1)c1sc(SCC(=O)N2[C@](O)(c3ccccc3)C=C(C)N2)nn1,,C01655010,99.954697,1,0,0,1,0,0,0,0,0,0
O=C(N/N=C/1\C(=O)Nc2ccc(CC)cc\12)C=1[C@@H](C)C(C(=O)N/N=C/2\C(=O)Nc3ccc(CC)cc\23)=NC=1C,,C63129352,99.999046,1,0,0,0,0,0,0,0,0,0
S(CC(=O)/N=C(/Nc1nc(C)cc(C)n1)\[N-]CCC=1C[NH+]=C2C=CC(OC)=CC=12)[C@@H]1S[C@H](C)NN1,,C63493866,22.161476,1,0,0,1,0,1,0,0,0,0
S(CC(=O)N1[C@H](c2sccc2)C=2CCC/C(=C\c3sccc3)/C=2N1)C=1N(N)C(=O)C(C)=NN=1,,C02637812,99.910301,1,0,0,1,0,0,0,0,0,0
S=C1N(CCC(=O)Nc2c(C(=O)N)c3CCCCc3s2)C(=O)/C(=C/c2ccc(F)cc2)/S1,,C02915749,100,1,0,0,0,0,0,0,0,0,0
O=C(N)C1CCN(C(=O)c2c(NC(=O)c3occc3)sc3C[C@@H](C(C)(C)C)CCc23)CC1,,C08387244,100,1,0,0,1,0,0,0,0,0,0
Fc1ccc([C@@H]2C(C#N)=C(N)N3C(=O)/C(=C/C(OC)=O)/SC3=C2C(=O)Nc2ccc(C)cc2)cc1,,C03769892,93.645622,1,0,0,0,0,0,0,0,0,0
Brc1ccc(N2C(=O)/C(=C(/NCc3cc(F)ccc3)\Nc3ccccc3)/C(=O)NC2=O)cc1,,C08757678,99.993843,1,0,0,0,0,0,0,0,0,0
S(=O)(=O)(N1C[C@H](C)C[C@@H](C)C1)c1ccc(C(=O)Nc2c(C(=O)N)oc3ccccc23)cc1,,C09404867,100,1,0,0,0,0,0,0,1,0,0
O=C(NC[C@@H](c1ccc(N(C)C)cc1)c1c[nH]c2ccccc12)c1ccc2SCC(=O)Nc2c1,,C09157266,99.999298,1,0,0,0,0,0,0,1,0,0
Clc1sc(S(=O)(=O)N2C[C@@H](C(=O)Nc3c(C(=O)N)c4CCCCc4s3)CCC2)cc1,,C10768353,100,1,0,0,0,0,0,0,0,1,0
Brc1ccc2oc(C(OCC(=O)Nc3c(C(=O)N)c4CCCCc4s3)=O)c(C)c2c1,,C03352934,100,1,0,0,1,0,0,0,0,0,0
S=C1N(c2ccccc2)C(=O)c2ccc(C(=O)NNC(=O)c3sc(CC)c(C)c3)cc2N1,,C12675647,99.970818,1,0,0,0,0,0,0,0,0,0
Ic1c(O)c(OC)ccc1[C@H]1C(C(OC(C)(C)C)=O)=C(C)NC(=O)N1,,C13913949,56.10223,1,0,0,0,0,0,0,0,1,0
S=C1N(CCC(=O)Nc2c(C(F)(F)F)cccc2)C(=O)/C(=C/c2c(O)cc(O)cc2)/S1,,C15037758,63.580338,1,0,0,0,0,0,0,1,1,0
Brc1cc(C(OCC(=O)N2CCN(C(=O)Nc3ccccc3)CC2)=O)c(N)cc1,,C16655351,100,1,0,0,0,0,0,0,0,0,0
S(=O)(=O)(Nc1c(F)cccc1)c1ccc(C(=O)NNC(=O)c2sc3CCCc3c2)cc1,,C17445976,88.43515,1,0,0,0,0,0,0,0,0,0
FC(F)(F)Oc1ccc([C@@H]2C=3C(=O)NC(=O)NC=3NC=3C[C@@H](c4sccc4)CC(=O)C2=3)cc1,,C18200283,99.993172,1,0,0,0,0,1,0,0,0,0
O[C@@H]1C[C@]2(O)[C@](/C=N/Cc3ccccc3)(CC1)[C@H]1CC[C@]3(C)[C@@H](C=4COC(=O)C=4)CC[C@]3(O)[C@@H]1CC2,,C19702999,99.96357,1,0,0,0,0,1,0,0,0,0
S(CC(=O)Nc1c(C(F)(F)F)cccc1)c1c(C#N)c(c(C#N)c(N)n1)-c1sccc1,,C19852362,99.858589,1,0,0,1,0,0,0,1,0,0
FC(F)(F)[C@]1(NC(=O)CCc2ccccc2)C(=O)NC=2N(c3ccccc3)C(=O)NC(=O)C1=2,,C20101620,99.989807,1,0,0,0,0,0,0,0,0,0
Oc1c(O)cccc1[C@@H]1Nc2ccccc2-n2c(-c3ccccc3)c3C(=O)N(C)C(=O)N(C)c3c12,,C21658949,90.076187,1,0,0,1,0,0,0,0,0,0
Brc1oc(C(=O)NCC(=O)NNC(=O)c2sc3CC[C@@H](C(C)(C)C)Cc3c2)cc1,,C21969365,100,1,0,0,1,0,0,0,0,0,0
Brc1cc([C@H]([NH+]2CCC(C(=O)N)CC2)C2=C([O-])n3nc(-c4occc4)nc3S2)ccc1,,C22852030,80.077927,1,1,0,1,0,0,0,0,0,0
S(CC(=O)Nc1cccc2ccccc12)C=1N(c2ccccc2)C(=O)C(NC(=O)C)=C([O-])[NH+]=1,,C09730525,88.268867,1,0,0,1,0,0,0,1,0,0
O[C@@H]1[C@H](O)[C@H](C)O[C@H](O[C@]2(C)CC[C@H](O)[C@@]3(C)CC=C(C(C)C)C[C@H]23)[C@H]1OC(=O)/C(/C)=C\C,,C35271263,100,1,0,0,0,0,0,0,0,0,0
S(=O)(=O)(N)c1ccc([C@H](N(C)CC=2NC(=O)c3c(c(C)sc3N=2)-c2ccc(C)cc2)C)cc1,,C23259760,56.369057,1,0,0,1,0,1,0,1,0,0
Fc1ccc(CC/N=C/[C@@]23[C@](O)(C[C@@H](O)CC2)CC[C@H]2[C@@]4(O)[C@@](C)([C@H](C=5COC(=O)C=5)CC4)CC[C@H]32)cc1,,C35946845,99.940613,1,0,0,1,0,1,0,0,0,0
Fc1ccc(CC/N=C/[C@@]23[C@](O)(C[C@@H](O)CC2)CC[C@@H]2[C@@]4(O)[C@](C)([C@H](C=5COC(=O)C=5)CC4)CC[C@H]32)cc1,,C36602829,99.940613,1,0,0,1,0,1,0,0,0,0
O(CC)c1cc2[C@@H](C)CC(C)(C)N3C(=O)[C@@]4(C(C#N)=C(N)N5c6ccccc6NC5=C4C#N)c(c1)c23,,C01461517,100,1,0,0,0,0,0,0,0,0,0
Clc1ccc(-c2nn(c(N)c2)-c2ccc(C(=O)N3CCc4[nH]c5ccc(F)cc5c4C3)cc2)cc1,,C38736658,98.898438,1,0,0,0,0,0,0,1,0,0
Fc1c(F)c(NC(=O)CNC(=O)CN2C(=O)[C@]3(NC2=O)C[C@H](C)CC(C)(C)C3)ccc1F,,C15613955,99.999779,1,0,0,0,0,0,0,0,1,0
S(=O)(=O)(c1ccccc1)C=1C[C@@H](C(=O)N(c2c(O)cccc2)c2ccccc2)[NH+]2Cc3ccccc3NC=12,,C39545127,96.139526,1,0,0,0,0,0,0,0,0,0
O=C([O-])C1CCC(CNC(=O)[C@@H]2C3(CN(C(=O)c4ccc(CC)cc4)C2)CC[NH2+]CC3)CC1,,C39662698,98.776268,1,0,0,1,0,0,0,0,1,0
Brc1ccc(-c2oc([C@H]3C=4C(=O)NC(=O)NC=4NC=4CCCC(=O)C3=4)cc2)cc1,,C39795002,99.977196,1,0,0,0,0,0,0,0,0,0
Clc1c(-c2oc([C@H]3C=4C(=O)NC(=O)NC=4NC=4CCCC(=O)C3=4)cc2)cc(C(F)(F)F)cc1,,C39795032,99.986725,1,0,0,0,0,0,0,0,0,0
S(CC(=O)Nc1c(C(=O)N)c(C)c(C)s1)c1n(C)c(-c2csc3CCCCCc23)nn1,,C39966345,99.814537,1,0,0,1,0,0,0,1,0,0
Oc1c(OC)cccc1[C@H]1[NH2+][C@](C(=O)[O-])(c2ccccc2)[C@@H]2C(=O)N(c3c(C)cccc3)C(=O)[C@@H]12,,C43221515,79.428047,1,0,0,0,0,0,0,0,0,0
O[C@]1(C#C)[C@]2(C)CC[C@H]3[C@]4(C)CC/C(=N/OCC(=O)N[C@H]5C(=O)NCCCC5)/C=C4CC[C@H]3[C@H]2CC1,,C43736912,99.999771,1,0,0,0,0,0,0,0,0,0
S(=O)(=O)(N1CCCC1)c1ccc(C(=O)NNC(=O)c2cccc3c2[nH]c2CC[C@H](C)Cc32)cc1,,C46670519,100,1,0,0,0,0,0,0,0,0,0
FC(F)(F)c1ccc2S[C@@H](CC(=O)Nc3c(C)ccc(NC(=O)C4CC4)c3)C(=O)Nc2c1,,C46793137,99.998932,1,0,0,0,0,0,0,0,1,0
O=C1[C@@]2(N[C@H](Cc3c[nH]c4ccccc34)[C@H]3C(=O)N([C@@H](C)CC)C(=O)[C@@H]23)c2cccc(C)c2N1,,C35365908,99.206505,1,0,0,1,0,0,0,0,1,0
O=C1[C@@]2(N[C@H](Cc3c[nH]c4ccccc34)[C@H]3C(=O)N(C(C)(C)C)C(=O)[C@@H]23)c2cc(C)ccc2N1,,C16025059,99.206856,1,0,0,1,0,0,0,0,0,0
Brc1c(N/N=C/2\C(=O)N(C(=S)N)N=C\2C)c(Br)cc(Br)c1,,C12275865,71.967812,1,0,0,0,0,0,0,0,0,0
Fc1ccc(C(N2CCN(CC(=O)Nc3ccc4NC(=O)Nc4c3)CC2)c2ccc(F)cc2)cc1,,C22786823,96.531837,1,0,0,0,0,0,0,0,0,0
Brc1ccc(-c2nc(N3C(=O)C([C@H]([C@H](C(=O)N)C#N)c4ccccc4)=C(C)N3)sc2)cc1,,C59461825,85.149055,1,0,0,0,0,0,0,1,0,0
Brc1ccc([C@@H]([C@H](C(=O)N)C#N)C=2C(=O)N(c3scc(-c4ccccc4)n3)NC=2C)cc1,,C59461855,85.130478,1,0,0,0,0,0,0,0,0,0
Clc1c(C)ccc(N2C(=O)C([C@H]3NCCC=4[C@H]3[NH+]=C3C=CC(OC)=CC=43)=C([O-])NC2=O)c1,,C63375002,90.448822,1,0,0,0,0,0,0,0,0,0
Brc1ccc(N2C(=O)C([C@@H]3NCCC=4[C@@H]3[NH+]=C3C=CC=CC=43)=C([O-])NC2=O)cc1,,C63351463,89.040039,1,0,0,0,0,0,0,0,0,0
Clc1c(C=2N(N)[C@H](S[C@H](C)C3=NC(=O)C4=C(C)[C@H](C)SC4=N3)NN=2)ccc(Cl)c1,,C38654211,65.191696,1,0,0,0,0,0,0,0,1,0
FC(F)(F)Oc1ccc(NC(=O)[C@@H]2NS(=O)(=O)c3ccc(C(F)(F)F)cc3N2)cc1,,C64959974,75.309647,1,0,0,0,0,0,0,1,0,0
Clc1ccc(N2C(=O)[C@@H]3[C@H](Cc4ccc(O)cc4)N[C@@]4(C(=O)Nc5ccccc45)[C@@H]3C2=O)cc1,,C16011953,98.009399,1,0,0,1,0,0,0,0,0,0
FC(F)(F)c1cc(N2C(=O)C([C@@H]3[NH+](CC)CCc4c5ccccc5[nH]c34)=C([O-])NC2=O)ccc1,,C20567651,98.539764,1,0,0,0,0,0,0,1,1,0
O=C(N)[C@@H](NC(=O)[C@H]1N(C(=O)C2CCCCC2)CCN(C(=O)Nc2ccccc2)C1)CC1CCCCC1,,C04277855,100,1,0,0,0,0,0,0,0,1,0
O=C(N)[C@H](NC(=O)[C@H]1N(C(=O)NC2CCCCC2)CCN(C(=O)c2cnccc2)C1)Cc1c[nH]c2ccccc12,,C04277958,99.883842,1,0,0,1,0,0,0,1,0,0
Fc1cc(C(=O)N2C[C@H](C(=O)N[C@H](Cc3c[nH]c4ccccc34)C(=O)N)N(C(=O)c3sccc3)CC2)ccc1,,C04277974,100,1,0,0,0,0,0,0,1,0,0
FC(F)(C(=O)Nc1c(C(=O)N)c(C)c(C)s1)C(F)(F)C(=O)Nc1c(C(=O)N)c(C)c(C)s1,,C02098446,100,1,0,0,0,0,0,0,0,0,0
S(=O)(=O)(N)c1ccc(N2C(N)=C(C(OCC)=O)[C@H](c3ccc(F)cc3)C=3C(=O)CC(C)(C)CC2=3)cc1,,C01065093,99.997345,1,0,0,0,0,0,0,0,0,0
S(=O)(=O)(N[C@H](Cc1c[nH]c2ccccc12)C(=O)NC1CCCCCC1)c1ccc2NC(=O)CCc2c1,,C02929150,87.175232,1,0,0,1,0,0,0,1,1,0
S(=O)(=O)(N)c1ccc(N2C(N)=C(C(OC)=O)[C@H](c3cc([N+](=O)[O-])ccc3)C=3C(=O)CCCC2=3)cc1,,C03664565,99.997375,1,0,0,0,0,0,0,0,0,0
OCC(=O)[C@]1(O)[C@@]2(C)C[C@@H](O)[C@H]3[C@@]4(C)CC/C(=N/OCC(=O)NCc5ccncc5)/C=C4CC[C@@H]3[C@H]2CC1,,C08917984,99.497604,1,0,0,0,0,0,0,0,0,0
S(CC(=O)Nc1c(F)c(F)c(F)cc1)c1n(CC(=O)Nc2c(F)c(F)c(F)cc2)c(N)nn1,,C09154270,89.342453,1,0,0,1,0,0,0,1,0,0
O=C(Nc1c(C)cc(C)cc1)c1c(C)nc2sc(C(=O)NCc3occc3)c(N)c2c1-c1occc1,,C09937241,99.251602,1,0,0,0,0,0,0,0,0,0
Brc1c(Br)cc(C(OCC(=O)Nc2cc(C(=O)N)cc(C(=O)N)c2)=O)s1,,C13146139,100,1,0,0,1,0,0,0,1,1,0
S(CC(=O)Nc1c(C(=O)N)c2CC[C@H](C)Cc2s1)C=1NC(=O)c2c(sc3CCCCc23)N=1,,C13147954,95.539848,1,0,0,1,0,0,1,0,1,0
Oc1ccc([C@@H]2[C@@H](C(=O)Nc3c(OC)cccc3)C(=O)C[C@@](O)(C)[C@@H]2C(=O)Nc2c(OC)cccc2)cc1,,C15081122,98.444588,1,0,0,0,0,0,0,0,0,0
Brc1ccc2NC(=O)[C@]3(C(C#N)=C(N)OC=4NC(=O)N(Cc5ccccc5)C(=O)C3=4)c2c1,,C02402703,99.984711,1,0,0,0,0,0,0,0,0,0
O=C(N/C(=C/C=C/c1occc1)/c1[nH]c2ccc3C(=O)c4ccccc4C(=O)c3c2n1)c1ccc(N)cc1,,C08652853,60.461327,1,0,0,0,0,0,0,0,0,0
S=C1N([C@H]2[C@@H](O)[C@H](O)[C@H](O)[C@H](CO)O2)C(c2ccccc2)=C(/N=N/c2ccc(C)cc2)C(C)=C1C#N,,C17252531,99.91465,1,0,0,0,0,0,0,0,0,0
Oc1ccc(/C=C/2\C(N)=C(C(OCC)=O)N3C(=O)[C@H](c4ccc(O)cc4)SC(C(OC)=O)=C\23)cc1,,C20167908,55.650635,1,0,0,0,0,0,0,0,0,0
S(=O)(=O)(N=C(N)N)c1ccc(N/C=C(/C#N)\c2scc(C=3C(=O)Oc4ccccc4C=3)n2)cc1,,C02371931,99.991043,1,0,0,1,0,0,0,0,0,0
O=C(NN1C(=O)[C@H](Cc2c[nH]c3ccccc23)NC1=O)Cc1nc(NC(=O)c2ccccc2)sc1,,C21521660,99.465805,1,0,0,0,0,0,0,0,0,0
Oc1c(OC)cccc1[C@H]1[NH2+][C@@](Cc2ccc(O)cc2)(C(=O)[O-])[C@@H]2C(=O)N(c3ccc(CC)cc3)C(=O)[C@@H]12,,C33613433,79.919167,1,0,0,0,0,0,0,0,0,0
O[C@H]1C[C@@]2(O)[C@](/C=N/NC(=O)c3c(C)cccc3)(CC1)[C@H]1CC[C@@]3(C)[C@@H](C=4COC(=O)C=4)CC[C@]3(O)[C@@H]1CC2,,C36185415,100,1,0,0,0,0,0,0,0,0,0
OC(C)(C)/C=C/C(=O)[C@](O)(C)[C@H]1[C@H](O)C[C@@]2(C)[C@]1(C)CC(=O)[C@@]1(C)[C@H]2CC=C2C(C)(C)C(=O)C(O)=C[C@@H]12,,C36532566,92.889702,1,0,0,0,0,0,0,0,0,0
Oc1ccc([C@H]2[C@@H](C(=O)Nc3c(OC)cccc3)C(=O)C[C@](O)(C)[C@H]2C(=O)Nc2c(OC)cccc2)cc1,,C36556601,98.444588,1,0,0,1,0,0,0,1,1,0
S(=O)(=O)(N)c1ccc(NC=2C(=O)N([C@H](c3ccc(F)cc3)C=2)c2ccc(S(=O)(=O)N)cc2)cc1,,C02214882,99.995377,1,0,0,0,0,0,0,0,0,0
S(=O)(=O)(N)c1ccc(NC=2C(=O)N([C@@H](c3ccc(F)cc3)C=2)c2ccc(S(=O)(=O)N)cc2)cc1,,C02214881,99.995377,1,0,0,1,0,0,0,0,0,0
S(CC(=O)N1c2ccccc2Sc2ccccc12)[C@@H]1N(N)[C@@H]([C@H]2N=NC(c3ccc(F)cc3)=C2)NN1,,C38556328,45.230862,1,0,0,1,0,0,0,0,0,0
S(CC(=O)N1c2ccccc2Sc2ccccc12)[C@@H]1N(N)[C@H]([C@H]2N=NC(c3ccccc3)=C2)NN1,,C38748341,45.154766,1,0,0,0,0,0,0,0,1,0
S(CC(=O)Nc1ccc(-c2sc3cc(C)ccc3n2)cc1)C=1N(N)[C@H]([C@H]2N=NC=3CCCC2=3)NN=1,,C38752269,65.433823,1,0,0,0,0,0,0,0,0,0
S(CC(=O)Nc1ccc(-c2sc3cc(C)ccc3n2)cc1)C=1N(N)[C@H]([C@@H]2N=NC=3CCCC2=3)NN=1,,C38752277,65.433823,1,0,0,0,0,0,0,0,0,0
Clc1ccc(C=2N=N[C@H]([C@H]3N(N)[C@H](SCC(=O)Nc4cc(C(F)(F)F)ccc4)NN3)C=2)cc1,,C38989409,46.039513,1,0,0,1,0,1,0,0,1,0
S(CC(=O)Nc1c(-c2ccccc2)cccc1)[C@H]1N(N)[C@H]([C@H]2N=NC(c3ccc(F)cc3)=C2)NN1,,C39001061,46.101429,1,0,0,1,0,1,0,0,0,0
S(CC(=O)Nc1cc(C(F)(F)F)cc(C(F)(F)F)c1)C=1N(N)[C@H]([C@@H]2N=NC=3CCCC2=3)NN=1,,C39012175,65.497971,1,0,0,0,0,0,0,0,0,0
O=C(N[C@H]1[C@@H](C(=O)NCCc2c[nH]c3ccccc23)NNS1)N1CCC(Cc2ccccc2)CC1,,C39326481,99.896507,1,0,0,0,0,0,0,0,0,0
Clc1cc(NC(=O)CSC=2N([C@@H](CC=3NC(=O)NC(=O)C=3)NN=2)c2ccc(F)cc2)ccc1,,C39362776,99.819962,1,0,0,1,0,0,0,1,0,0
Clc1ccc(N2[C@@H](CC=3NC(=O)NC(=O)C=3)NN=C2SCC(=O)Nc2c(C)ccc(C)c2)cc1,,C39363058,99.840515,1,0,0,0,0,0,0,1,0,0
Clc1ccc(N2[C@@H](CC=3NC(=O)NC(=O)C=3)NN=C2SCC(=O)Nc2cc(C)cc(C)c2)cc1,,C39363066,99.840462,1,0,0,0,0,0,0,1,0,0
Clc1ccc(N2[C@H](CC=3NC(=O)NC(=O)C=3)NN=C2SCC(=O)Nc2c(F)cccc2)cc1,,C39363072,99.833069,1,0,0,1,0,0,0,1,1,0
Clc1ccc(N2[C@@H](CC=3NC(=O)NC(=O)C=3)NN=C2SCC(=O)Nc2cc(F)ccc2)cc1,,C39363074,99.837471,1,0,0,1,0,0,0,1,1,0
Clc1ccc(N2[C@H](CC=3NC(=O)NC(=O)C=3)NN=C2SCC(=O)Nc2ccc(F)cc2)cc1,,C39363080,99.839417,1,0,0,1,0,0,0,1,0,0
Brc1ccc(NC(=O)CS[C@@H]2N(N)[C@H]([C@@H]3N=NC(c4ccc(CC)cc4)=C3)NN2)cc1,,C39591001,45.903145,1,0,0,1,0,0,0,0,0,0
S(CC=1NC(=O)c2ccc(C(=O)[O-])cc2N=1)[C@@H]1N([C@H](C[NH+]2CCCCC2)NN1)c1ccc(F)cc1,,C39722789,74.064705,1,0,0,0,0,0,0,0,0,0
Clc1ccc(NC=2NC(=O)C=3[C@@H](C(=O)Nc4ccc(Oc5ccccc5)cc4)CC(=O)NC=3N=2)cc1,,C40399282,52.980225,1,0,0,1,0,0,1,0,0,0
Clc1cc(NC=2NC(=O)C=3[C@H](C(=O)Nc4c(Sc5ccccc5)cccc4)CC(=O)NC=3N=2)ccc1,,C40399371,53.484955,1,0,0,1,0,0,0,1,0,0
Clc1c(Cl)cccc1NC(=O)[C@H]1CC(=O)NC=2N=C(Nc3cc(C(F)(F)F)ccc3)NC(=O)C1=2,,C40400274,54.186691,1,0,0,1,0,0,0,0,0,0
Clc1c(NC(=O)[C@@H]2CC(=O)NC=3N=C(Nc4cc(C(F)(F)F)ccc4)NC(=O)C2=3)ccc(C)c1,,C40400335,54.168385,1,0,0,1,0,1,0,1,0,0
O=C(N)N/N=C(\C)/[C@@]12[C@@]3(C)CC[C@H]4[C@@]5(C)CC/C(=N/NC(=O)N)/C=C5CC[C@@H]4[C@@H]3C[C@H]1OC(C)(C)O2,,C43760900,99.999847,1,0,0,0,0,0,0,0,0,0
N/C(=N\c1c(C)c(C)c(-c2oc(-c3c(C)c(C)c(/N=C(\N)/c4ncccc4)cc3)cc2)cc1)/c1ncccc1,,C26173300,53.31295,1,0,0,1,0,0,0,1,0,0
O(CC)C(=O)c1ccc(N2C(=O)[C@@H]3[C@@H](CC(=O)N)N[C@@]4(C(=O)Nc5c(C)c(C)ccc45)[C@@H]3C2=O)cc1,,C35363854,99.881859,1,0,0,1,0,0,0,0,0,0
O[C@@H]1[C@H](O)[C@H](O)O[C@H](O[C@H]2CC[C@]3(C)[C@@H]4CC[C@]5(C)[C@@H](C6=COC(=O)C=C6)CC[C@]5(O)[C@@H]4CCC3=C2)[C@@H]1O,,C61389337,99.999901,1,0,0,0,0,0,0,0,0,0
S(CC(=O)Nc1cc(C(F)(F)F)cc(C(F)(F)F)c1)c1n(N)c(-c2n[nH]c3CCCc23)nn1,,C09187628,83.551216,1,1,0,0,0,1,0,1,0,0
O=C(N)[C@@H](NC(=O)[C@@H]1N(C(=O)c2sccc2)CCN(C(=O)NC(C)C)C1)CC1CCCCC1,,C04277901,100,1,0,0,0,0,0,0,0,1,0
S(=O)(=O)(N)c1ccc(N2C(N)=C(C#N)[C@H](c3sccc3)C=3C(=O)CC(C)(C)CC2=3)cc1,,C02226130,99.997681,1,0,0,0,0,0,0,0,0,0
S(=O)(=O)(C)N1[C@H](C(=O)N[C@@H](CC2CCCCC2)C(=O)N)CN(C(=O)Nc2ccccc2)CC1,,C04277873,100,1,0,0,0,0,0,0,0,1,0
Brc1c(O)c(Br)cc(/C=N/NC(=O)CCC=2C(=O)NC(=O)NN=2)c1,,C00943099,55.650166,1,0,0,1,0,0,0,1,1,0
O=C1N(Cc2nc(N)nc(Nc3c(C)cccc3)n2)C(=O)NC1(c1ccccc1)c1ccccc1,,C08745933,99.99929,1,0,0,0,0,0,0,1,0,0
Brc1cc(Cl)c(S(=O)(=O)NCC(OCC(=O)NC(=O)N)=O)c(Cl)c1,,C11307041,80.413597,1,0,0,1,0,1,0,0,1,0
S([C@H](C)C(=O)NCC(=O)Nc1c(F)c(F)c(F)cc1)c1n(N)c(-c2sccc2)nn1,,C11592336,99.806053,1,0,0,1,0,1,0,0,0,0
O=C(NC[C@]1(C)C[C@@H](NC(=O)Nc2sc(C)nn2)CC(C)(C)C1)Nc1sc(C)nn1,,C09684677,99.732559,1,0,0,0,0,0,0,0,0,0
O(CC(=O)NN1C(=O)C2(NC1=O)CCC(C)CC2)C(=O)c1c(N)c2c(C)cc(C)nc2s1,,C14151925,98.546555,1,0,0,0,0,0,0,0,0,0
Oc1ccc([C@@H]2[C@H](C(=O)Nc3c(C)cccc3)C(=O)C[C@@](O)(C)[C@@H]2C(=O)Nc2c(C)cccc2)cc1,,C15081116,98.445816,1,0,0,1,0,0,0,1,1,0
O[C@]1(CC(=O)c2ccc(C(=O)C[C@@]3(O)C(=O)Nc4ccccc34)cc2)C(=O)Nc2ccccc12,,C16524431,99.997551,1,0,0,0,0,0,0,0,0,0
S=C1N([C@H]2[C@@H](O)[C@H](O)[C@H](O)[C@H](CO)O2)C(C)=C(/N=N/c2ccc(OC)cc2)C(C)=C1C#N,,C17252506,99.959175,1,0,0,0,0,1,0,0,0,0
Brc1cc(S(=O)(=O)NCCC(=O)N[C@H]2CCCc3ccccc23)c(N)nc1,,C20487568,96.226097,1,0,0,1,0,0,0,1,1,0
Brc1ccc(/C=N/Nc2n(N)c(SCC(=O)Nc3scc(C)n3)nn2)cc1,,C21316042,85.045448,1,0,0,1,0,0,0,0,0,0
S(=O)(=O)(Nc1c(C(=O)N[C@H]2CCCc3ccccc23)cccc1)c1ccc2NC(=O)Nc2c1,,C22618386,70.411201,1,0,0,1,0,0,0,1,0,0
Clc1ccc([C@@H](C(=O)N)N2CCN(C(=O)CCC3=C(C)n4nc(N)nc4N=C3C)CC2)cc1,,C14200160,58.204674,1,0,0,0,0,0,0,1,0,0
O=C(NC[C@@H]1OCCC1)Nc1ccc(NC(=O)c2sc(NC(=O)c3occc3)cc2)cc1,,C27981351,100,1,0,0,1,0,0,0,0,0,0
Brc1cc(Nc2sc(S[C@H](C)C(=O)Nc3c(C(=O)N)ccs3)nn2)ccc1,,C31693301,98.733963,1,0,0,1,0,1,0,1,1,0
Oc1c(C)cc([C@@H]2[NH2+][C@@](Cc3ccc(O)cc3)(C(=O)[O-])[C@@H]3C(=O)N(CCCC)C(=O)[C@@H]23)cc1C,,C33771986,60.188644,1,0,0,0,0,0,0,0,1,0
OC[C@H]1[C@@H](O)[C@@H](O)[C@H](O)[C@@H](Oc2ccc3C(C#N)=C(c4oc5ccccc5n4)C(=O)Oc3c2)O1,,C35395277,100,1,0,0,1,0,0,0,0,0,0
S=C(NNC(=O)[C@@H]1N=NC(c2ccc(F)cc2)=C1)NC(=O)C=1[C@H](c2ccccc2)NOC=1C,,C38626806,96.681602,1,0,0,0,0,0,0,0,0,0
S(Cc1cc(F)ccc1)C1=NC(=O)[C@@H]2[C@]3(C(C#N)=C([NH3+])[N-]C2=N1)C(=O)Nc1ccc(C)cc31,,C39217863,53.560917,1,0,0,0,0,0,0,0,0,0
S(CC(=O)Nc1c(C)c(C)ccc1)C=1N([C@H](CC=2NC(=O)NC(=O)C=2)NN=1)c1ccccc1,,C39361526,99.845848,1,0,0,1,0,0,0,1,1,0
Clc1cc(NC(=O)CSC=2N([C@@H](CC=3NC(=O)NC(=O)C=3)NN=2)c2ccccc2)ccc1,,C39361540,99.844749,1,0,0,1,0,0,0,1,1,0
Clc1ccc(NC(=O)CSC=2N([C@H](CC=3NC(=O)NC(=O)C=3)NN=2)c2ccccc2)cc1,,C39361541,99.845604,1,0,0,1,0,0,0,1,0,0
S(CC(=O)Nc1c(C)cccc1)C=1N([C@@H](CC=2NC(=O)NC(=O)C=2)NN=1)c1cc(C)ccc1,,C39361696,99.844963,1,0,0,1,0,0,0,1,1,0
Clc1cc(NC(=O)CSC=2N([C@@H](CC=3NC(=O)NC(=O)C=3)NN=2)c2cc(C)ccc2)ccc1,,C39361716,99.843826,1,0,0,1,0,0,0,1,1,0
S(CC(=O)Nc1ccccc1)C=1N([C@@H](CC=2NC(=O)NC(=O)C=2)NN=1)c1c(C)ccc(C)c1,,C39361846,99.843925,1,0,0,1,0,0,0,0,0,0
S(CC(=O)Nc1cc(C)cc(C)c1)C=1N([C@@H](CC=2NC(=O)NC(=O)C=2)NN=1)c1ccc(F)cc1,,C39362759,99.82119,1,0,0,1,0,0,0,1,0,0
Clc1ccc(N2[C@@H](CC=3NC(=O)NC(=O)C=3)NN=C2SCC(=O)Nc2noc(C)c2)cc1,,C39363137,99.832237,1,0,0,1,0,0,0,1,1,0
Brc1ccc(N2C(=O)C[C@H](C(=O)NCC(=O)Nc3ccc4NC(=O)Nc4c3)C2)cc1,,C39559095,99.998344,1,1,0,1,0,1,0,1,1,0
O=C1NC(=O)C=2[C@H](C3=C(c4sccc4)NN(c4ccccc4)C3)C=3C(=O)CCCC=3NC=2N1,,C39957530,37.424114,1,0,0,0,0,1,0,0,0,0
Clc1ccc(NC=2NC(=O)C=3[C@@H](C(=O)Nc4c([N+](=O)[O-])cccc4)CC(=O)NC=3N=2)cc1,,C40399300,53.211369,1,0,0,1,0,0,0,0,0,0
Clc1c(NC=2NC(=O)C=3[C@@H](C(=O)Nc4c(C)cc(C)cc4)CC(=O)NC=3N=2)ccc(Cl)c1,,C40399524,53.268654,1,0,0,1,0,0,0,0,1,0
Brc1c(C(=O)NNc2c([N+](=O)[O-])c(NNC(=O)c3ccccc3)ncn2)cccc1,,C40657250,41.410206,1,0,0,0,0,0,0,0,0,0
Oc1cc([C@H]2[C@@H](C(=O)Nc3c(C)cccc3)C(=O)C[C@@](O)(C)[C@H]2C(=O)Nc2c(C)cccc2)ccc1,,C41006396,98.356232,1,0,0,0,0,0,0,0,0,0
S(=O)(=O)(N)c1cc(NC(=O)[C@@H](OC(=O)c2c(NC(=O)C)sc3CCCCc23)C)ccc1,,C45481012,99.997574,1,0,0,0,0,0,0,0,0,0
O=C(N)[C@H]1N(c2ccccc2)N=C(C(=O)N[C@@H](Cc2ccccc2)c2[nH]c3ccccc3n2)C1,,C46567263,92.035324,1,0,0,0,0,0,0,0,0,0
Fc1cc([C@H]2CC(C(=O)[O-])=C(NC(=O)[C@H]([NH3+])Cc3onc(-c4ncc(F)cc4)n3)CC2)ccc1,,C49111654,94.064316,1,0,0,0,0,0,0,0,0,0
Clc1ccc2NC(=O)[C@]3(N[C@H](Cc4cc(O)c(O)cc4)[C@H]4C(=O)N([C@@H](C)CC)C(=O)[C@@H]34)c2c1,,C16022224,92.796509,1,0,0,1,0,0,0,1,1,0
FC(F)(F)[C@H]1n2nc(C(=O)Nc3c(C(=O)N)c4CCCc4s3)cc2N[C@@H](c2occc2)C1,,C00919716,99.68187,1,0,0,0,0,0,0,0,0,0
O=C(Nc1c(C(=O)N)c2CCCCc2s1)CN1C(=O)[C@@](C)(c2ccc(C(C)C)cc2)NC1=O,,C31749176,99.999596,1,0,0,0,0,0,0,0,0,0
Clc1c(S(=O)(=O)N)cc2S(=O)(=O)N[C@@H](c3ccc(OC(F)(F)F)cc3)Nc2c1,,C59590114,89.759644,1,0,0,0,0,0,0,0,1,0
O=C(NCC(=O)NNC(=O)c1nn(c(-c2ccccc2)n1)-c1ccccc1)NC1CCCCC1,,C59829599,99.962349,1,0,0,0,0,0,0,0,0,0
Fc1ccc(C(=O)Nc2cccc3N(C(=O)C[C@H](NC(=O)N)c4sccc4)CCCc23)cc1,,C59921706,100,1,0,0,1,0,1,0,1,0,0
O=C(NC[C@@H]1CN(C(=O)[C@@H](NC(=O)C)Cc2c[nH]c3ccccc23)CCC1)Nc1ccc(C)cc1,,C60369330,100,1,0,0,0,0,1,0,1,1,0
Fc1cc(NC(=O)NC[C@H]2CN(C(=O)[C@@H](NC(=O)C)Cc3c[nH]c4ccccc34)CCC2)ccc1,,C60369483,100,1,0,0,1,0,1,0,1,1,0
O=C(NC[C@@H](NC(=O)c1ccc2N(C)CC(=O)Nc2c1)CCC)c1ccc2N(C)CC(=O)Nc2c1,,C60378632,99.99939,1,0,0,0,0,0,0,0,1,0
Clc1cccc2[C@@]3(C(=O)Nc12)N[C@@H](CC(=O)N)[C@H]1C(=O)N(CCc2ccccc2)C(=O)[C@@H]31,,C15968246,99.872093,1,0,0,1,0,0,0,0,1,0
O=C(Nc1scc(-c2cc(C(=O)N)[nH]c2)n1)[C@H](CC(C)C)N1C(=O)[C@@H]2CC=CC[C@@H]2C1=O,,C39554916,100,1,0,0,0,0,0,0,0,1,0
S(C)c1cc(NC(=O)N[C@H]2CCN3C(=O)[C@@H](Cc4c[nH]c5ccccc45)NC(=O)[C@@H]3C2)ccc1,,C03841159,100,1,0,0,0,0,1,0,0,0,0
Clc1c(N2C(=O)NC(=O)c3c(N)c(C(=O)c4ccc5OCC(=O)Nc5c4)sc23)ccc(Cl)c1,,C02659303,99.972366,1,0,0,0,0,0,1,1,0,0
Clc1ccc(C2=C(C#N)C(=S)N([C@@H]3[C@@H](O)[C@H](O)[C@H](O)[C@H](CO)O3)C=3CC(C)(C)CC(=O)C2=3)cc1,,C05536861,100,1,0,0,0,0,0,0,0,0,0
Clc1ccc([C@H]2C(C#N)=C(N)N(c3ccc(S(=O)(=O)N)cc3)C=3CC(C)(C)CC(=O)C2=3)cc1,,C02229120,99.997681,1,0,0,0,0,0,0,0,0,0
O=C(Nc1c(NC(=O)C[C@H]2C(=O)Nc3ccccc3S2)cccc1)C[C@H]1C(=O)Nc2ccccc2S1,,C06142205,99.999519,1,0,0,1,0,1,0,0,1,0
Brc1c([C@H]2NS(=O)(=O)c3cc(S(=O)(=O)N)c(C(F)(F)F)cc3N2)cccc1,,C03225241,89.522026,1,0,0,0,0,0,0,0,0,0
Ic1cc([C@H]2[C@@H](C(=O)N)N3C=C(C(=O)N)C=C[C@@H]3[C@]2(C(OCC)=O)C#N)ccc1,,C08442320,100,1,0,0,0,0,0,0,0,1,0
Oc1ccc(/C=C/2\C(=O)N3C(N)=C(C(OC)=O)[C@H](c4ccc(O)cc4)C(C(OC)=O)=C3S\2)cc1,,C04469751,76.449303,1,0,0,0,0,0,0,0,0,0
Brc1sc([C@@H]2C(C#N)=C(N)N(c3ccc(S(=O)(=O)N)cc3)C=3CCCC(=O)C2=3)cc1,,C03669889,99.997681,1,0,0,0,0,0,0,0,1,0
O=C(Nc1cc(NC(=O)C2CCCCC2)cc(C(=O)NC=2C(=O)NC(=O)NC=2)c1)C1CCCCC1,,C08908960,99.973923,1,0,0,1,0,0,0,0,0,0
S(=O)(=O)(N)c1ccc(N2C(N)=C(C#N)[C@H](c3ccc([N+](=O)[O-])cc3)C=3C(=O)CC(C)(C)CC2=3)cc1,,C02213107,88.248886,1,0,0,0,0,0,0,0,0,0
S(CC(=O)Nc1sc2cc(C)ccc2n1)C=1NC(=O)C(NC(=O)c2ccc(F)cc2)=C(N)N=1,,C09518067,74.221733,1,0,0,1,0,1,0,1,0,0
Brc1c(Cl)c2c(O[C@@]3(C)[C@](O)(C)[C@@](O)(C)[C@@](O)(C)[C@](C)(CO)O3)c[nH]c2cc1,,C09970382,100,1,0,0,0,0,0,0,0,1,0
Brc1oc(C(=O)NC=2C(=O)NC(SCC(=O)Nc3c(C)cccc3)=NC=2N)cc1,,C12033636,74.421005,1,0,0,1,0,1,0,0,0,0
S(Cc1c(F)cccc1)C=1NC(=O)C=2[C@@]3(C(=O)N(CC)c4ccccc34)C(C#N)=C(N)NC=2N=1,,C12412027,57.333721,1,0,0,0,0,0,0,0,0,0
O(C)c1ccc([C@@H]2C(C#N)=C(N)N(NC=3C(c4ccccc4)=NNC(=O)C=3)C=3CCCC(=O)C2=3)cc1,,C12420516,65.663383,1,0,0,0,0,0,0,0,0,0
S=C1N(c2ccc(OC(F)(F)F)cc2)[C@@H]2[C@H](C(=O)NCc3ccccc3)C[C@@H](O)[C@H](O)[C@@H]2N1,,C08636477,99.999901,1,0,0,0,0,0,0,0,0,0
Fc1ccc(N2C(=O)[C@@H]3[C@H](c4c(O)cccc4)[NH2+][C@](Cc4c[nH]c5ccccc45)(C(=O)[O-])[C@@H]3C2=O)cc1,,C09447654,63.945225,1,0,0,0,0,0,0,0,0,0
Clc1ccc(N2C(N)=C(C#N)[C@@H](c3ccc(S(=O)(=O)N)cc3)C=3C(=O)CC(C)(C)CC2=3)cc1,,C20568335,99.997665,1,0,0,0,0,0,0,0,0,0
S(=O)(=O)(Nc1c(C(=O)Nc2sc3cccc(C)c3n2)cccc1)c1ccc2NC(=O)Nc2c1,,C28715060,60.785152,1,1,0,1,0,1,0,1,1,0
Oc1c(C)cc([C@H]2[NH2+][C@@](Cc3ccc(O)cc3)(C(=O)[O-])[C@@H]3C(=O)N(c4c(C)cccc4)C(=O)[C@@H]23)cc1C,,C33596999,68.24247,1,0,0,0,0,0,0,0,0,0
Brc1ccc(NC(=O)N[C@H](Cc2ccccc2)C(=O)N[C@H]2C(=O)NCCCC2)cc1,,C35686636,100,1,0,0,0,0,1,0,0,0,0
S(CC(=O)NN1C(=O)C2(NC1=O)CCC(C)CC2)c1nc(N)c2c(sc3CCCCc23)n1,,C36818918,94.238396,1,0,0,0,0,0,0,0,0,0
Clc1c(F)ccc(NC(=O)CS[C@@H]2N(N)[C@H]([C@@H]3N=NC(c4ccc(Cl)cc4)=C3)NN2)c1,,C39007652,45.999035,1,0,0,1,0,0,0,0,1,0
O=C(NC=1C(=O)N(CC)C(=O)N(c2cccc3ccccc23)C=1N)COc1c(C)c(C)c(N)c(C)c1,,C39125173,99.999886,1,0,0,0,0,0,0,0,0,0
O=C(N[C@H]1[C@@H](C(=O)NCCc2c[nH]c3ccccc23)NNS1)N1CCN(c2ccccc2)CC1,,C39326494,99.89859,1,0,0,0,0,0,0,0,0,0
O=C(N[C@@H]1C(C(=O)NCCc2c[nH]c3ccc(C)cc23)=NNS1)N1[C@H](c2cnccc2)CCCC1,,C39337595,99.518402,1,0,0,0,0,0,0,0,0,0
Clc1c(N)c(Cl)c(C(OCC(=O)NN2C(=O)C3(NC2=O)CCC(C)CC3)=O)nc1Cl,,C39561129,99.675026,1,0,0,0,0,0,0,0,0,0
Clc1c(NC=2NC(=O)C=3[C@@H](C(=O)Nc4cc([N+](=O)[O-])ccc4)CC(=O)NC=3N=2)ccc(Cl)c1,,C40399560,53.347675,1,0,0,1,0,0,0,0,1,0
FC(F)(F)c1cc(NC=2NC(=O)C=3[C@@H](C(=O)Nc4ccc([N+](=O)[O-])cc4)CC(=O)NC=3N=2)ccc1,,C40400290,54.21685,1,0,0,0,0,0,0,0,1,0
O=C(N)C1CCN(c2nc(Nc3c(C(=O)N)c4CCCc4s3)c3cnn(-c4ccccc4)c3n2)CC1,,C41026290,51.2341,1,0,0,0,0,0,0,0,0,0
OC[C@]1(C)[C@H](O)CC[C@]2(C)[C@H](CC(=O)NC(C)C)c3nc(NC(=O)C4CCCCC4)sc3C[C@H]12,,C43553418,100,1,0,0,1,0,0,0,0,0,0
O=C(N)N/N=C(\C)/[C@@]12[C@@]3(C)CC[C@H]4[C@@]5(C)CC/C(=N/NC(=O)N)/C=C5CC[C@@H]4[C@H]3C[C@H]1OC(C)(C)O2,,C43760901,99.999847,1,0,0,0,0,0,0,0,0,0
S(=O)(=O)(N1[C@H](C)CCCC1)c1ccc(C(=O)Nc2c(C(=O)NC(=O)N)c3CCCc3s2)cc1,,C44452639,100,1,0,0,0,0,0,0,0,1,0
O=C(N)[C@@H](NC(=O)[C@H]1[C@@H](C(=O)N2CCc3ccccc3C2)CC=CC1)Cc1c[nH]c2ccccc12,,C44940610,100,1,0,0,1,0,1,0,1,1,0
O=C(Nc1c(NC(=O)C[C@@H]2C(=O)Nc3ccccc3S2)cccc1)C[C@@H]1C(=O)Nc2ccccc2S1,,C01744422,99.999519,1,0,0,1,0,1,0,0,1,0
Clc1c(CN2C(=O)[C@@H]3[C@H](CC(=O)N)N[C@@]4(C(=O)Nc5ccc(Cl)cc45)[C@@H]3C2=O)cccc1,,C16011871,99.864899,1,0,0,1,0,0,0,0,1,0
FC(F)(F)[C@H]1n2ncc(C(=O)Nc3c(C(=O)N)c4CCCCc4s3)c2N[C@@H](c2occc2)C1,,C09130322,98.535019,1,0,0,1,0,0,0,0,0,0
Fc1ccc2NC(=O)[C@@]3(N[C@@H](Cc4c[nH]c5ccc(O)cc45)[C@@H]4C(=O)N(C5CCCC5)C(=O)[C@H]34)c2c1,,C13593515,99.389915,1,0,0,0,0,0,0,0,1,0
FC(F)(F)[C@H]1n2nc(C(=O)Nc3c(C(=O)N)c4CCCCc4s3)cc2N[C@@H](c2occc2)C1,,C00919722,99.681801,1,0,0,0,0,0,0,0,0,0
FC(F)(F)Oc1ccc(NC(=O)[C@@H]2CC(=O)NC=3N=C(Nc4ccc(F)cc4)NC(=O)C2=3)cc1,,C54202220,53.026287,1,0,0,1,0,0,0,1,0,0
Clc1ccc(NC=2NC(=O)C=3[C@H](C(=O)Nc4ccc(OC(F)(F)F)cc4)CC(=O)NC=3N=2)cc1,,C54202256,52.988995,1,0,0,1,0,0,0,1,0,0
Clc1ccc(NC=2NC(=O)C=3[C@@H](C(=O)Nc4cc(C(F)(F)F)ccc4)CC(=O)NC=3N=2)cc1,,C54202265,53.047626,1,0,0,1,0,0,0,0,0,0
O=C(N)Cn1nc(c([C@@H]2C(C#N)=C(N)Oc3[nH]nc(-c4ccc5ccccc5c4)c23)c1)-c1ccccc1,,C01113147,75.223793,1,0,0,1,0,1,0,0,0,0
O=[N+]([O-])c1cc([C@]2(C)C(=O)N(CC(=O)Nc3c(C(=O)N)c4CCCCc4s3)C(=O)N2)ccc1,,C31658847,99.999489,1,0,0,0,0,0,0,0,0,0
Brc1ccc(C(=O)NNC(=O)CSC=2N(c3ccc(Cl)cc3)C(N)=CC(=O)N=2)cc1,,C59060655,99.53775,1,0,0,0,0,0,0,0,0,0
Fc1ccc(N2C(=O)[C@@H]3[C@@H](c4c(O)cccc4)[NH2+][C@](Cc4c[nH]c5ccccc45)(C(=O)[O-])[C@H]3C2=O)cc1,,C13554555,63.945225,1,0,0,0,0,0,0,0,0,0
Brc1c(NC(=O)CSc2nc(N)cc(N)n2)c(Br)cc([N+](=O)[O-])c1,,C31818373,63.792576,1,0,0,1,0,1,0,1,1,0
S(CC(=O)N[C@H]1O[C@H](C)C=2[C@H](C)NNC(=O)C1=2)[C@H]1SC(=S)N(c2ccc(F)cc2)N1,,C39790095,99.942993,1,0,0,0,0,0,0,0,0,0
Clc1ccc(N2[C@H](SCC(=O)N[C@H]3O[C@H](C)C=4[C@H](C)NNC(=O)C3=4)NN=C2c2ccccc2)cc1,,C39943959,99.97506,1,0,0,0,0,0,0,0,0,0
O[C@@H]1[C@@H](O)[C@H](Oc2c(O)c(O)c3C(=O)C=C(c4ccccc4)Oc3c2)O[C@H](C(=O)[O-])[C@H]1O,,C03943903,75.501968,1,0,0,0,0,0,0,1,1,0
O(CC1=C(C(=O)[O-])N2C(=O)[C@@H](NC(=O)/C(=C\CC)/c3nc(N)sc3)[C@H]2SC1)C(=O)N,,C04215231,99.872589,1,0,0,0,0,0,0,0,0,0
O=C(N)[C@@H](NC(=O)[C@H]1N(C(=O)NC(C)C)CCN(C(=O)Nc2ccccc2)C1)CC1CCCCC1,,C04277881,100,1,0,0,0,0,0,0,0,1,0
O[C@H]1[C@@H](O)[C@H](Oc2c(O)c(O)c3C(=O)C=C(c4ccccc4)Oc3c2)O[C@H](C(=O)[O-])[C@H]1O,,C04349042,75.501968,1,0,0,0,0,0,0,1,1,0
OC[C@]12[C@H](O)CC(=O)C[C@]1(O)CC[C@@H]1[C@]3(O)[C@@](C)([C@H](C(OCC)=O)CC3)C[C@H](O)[C@@H]21,,C05247515,100,1,0,0,0,0,0,0,0,1,0
S(CC(=O)Nc1c(C(=O)N)c2CCCCc2s1)c1n(N)c(-c2sccc2)nn1,,C10864507,99.819878,1,0,0,1,0,1,0,1,0,0
S(CC(=O)Nc1c(C(=O)N)c2CCCCc2s1)c1n(N)c(-c2ccc(C)cc2)nn1,,C11308541,99.830566,1,0,0,1,0,1,0,1,0,0
S(CC(=O)Nc1sccn1)C=1NC(=O)C(NC(=O)c2cc(F)c(F)cc2)=C(N)N=1,,C12033490,74.33889,1,0,0,1,0,1,0,1,0,0
IC=1C(=O)N(C)C(OC)=NC=1N[C@H]1[C@H](O)[C@@H](O)[C@H](O)[C@@H](CO)O1,,C16952383,98.740799,1,0,0,1,0,0,0,0,1,0
O=C(N)[C@H](NC(=O)[C@@H]1N(C(=O)c2sccc2)CCNC1)Cc1c[nH]c2ccccc12,,C20504977,52.923519,1,0,0,1,0,1,0,1,1,0
S(CC(=O)Nc1ccc(C)cc1)c1n(N)c(N/N=C/c2c(O)c(CC=C)ccc2)nn1,,C20527507,62.976906,1,0,0,1,0,0,0,0,0,0
O[C@H]1[C@H](O)[C@@H](O[C@@H](COc2cccc3ccccc23)C[NH2+]C(C)C)O[C@@H](C(=O)[O-])[C@@H]1O,,C21981337,99.300095,1,0,0,0,0,0,0,0,1,0
Brc1cc([C@@H](NC(=O)N)CC(=O)NNC(=O)CSc2ccc(C)cc2)ccc1,,C25395490,100,1,0,0,1,0,1,0,0,1,0
Clc1c(N2C(=O)C[C@@H](C(=O)N[C@@H](CC(=O)[O-])c3cnccc3)C2)cc(N=C(N)N)cc1,,C26733686,98.716484,1,0,0,0,0,1,0,0,1,0
S(=O)(=O)(N)c1ccc(N2C(N)=C(C#N)[C@@H](c3ccc4[nH]ccc4c3)C=3C(=O)CCCC2=3)cc1,,C31820827,99.997681,1,0,0,0,0,0,0,0,0,0
OC[C@H]1[C@@H](O)[C@@H](O)[C@@H](O)[C@@H](Oc2ccc([C@H]3[C@@H](C(=O)[O-])/C(=C/c4ccc(O)cc4)/C(=O)O3)cc2)O1,,C35458004,82.570793,1,0,0,1,0,0,0,0,0,0
OC[C@@H]1[C@@H](O)[C@H](O)[C@@H](O)[C@H](OC[C@@]2(C)[C@@](O)(/C=C/C(/C)=C/C(=O)[O-])C(C)=CC(=O)C2)O1,,C35465978,98.796432,1,0,0,0,0,0,0,0,1,0
S(=O)(=O)(/N=C(\[O-])/NC1CCCCC1)c1ccc(CCNC(=O)[C@H]2[NH2+]C[C@H](C)NC2)cc1,,C21983753,62.768364,1,0,0,1,0,0,0,0,1,0
Brc1c(S(=O)(=O)NCCS(=O)(=O)N)c(N)cc(Br)c1,,C36744553,98.626404,1,0,0,1,0,1,0,0,1,0
S(CC(=O)Nc1c(C)cccc1C(C)C)[C@@H]1N(N)[C@@H]([C@H]2N=NC(c3ccc(C)cc3)=C2)NN1,,C38984730,45.912823,1,0,0,1,0,1,0,0,0,0
Clc1ccc(NC(=O)CS[C@@H]2N(N)[C@H]([C@@H]3N=NC(c4ccccc4)=C3)NN2)cc1,,C38989697,45.918583,1,0,0,1,0,0,0,0,0,0
Clc1cc(NC(=O)CS[C@H]2N(N)[C@@H]([C@H]3N=NC(c4ccc(Cl)cc4)=C3)NN2)ccc1,,C38994903,45.956959,1,0,0,1,0,1,0,0,1,0
S(CC(=O)Nc1ccc(C)cc1)[C@H]1N(N)[C@@H]([C@H]2N=NC(c3ccc(F)cc3)=C2)NN1,,C38995114,45.988941,1,0,0,1,0,1,0,0,1,0
S(CC(=O)Nc1cc(F)ccc1)[C@@H]1N(N)[C@@H]([C@@H]2N=NC(c3ccc(C)cc3)=C2)NN1,,C38999579,46.024746,1,0,0,1,0,1,0,0,1,0
S(CC(=O)Nc1c(C)c(C)ccc1)[C@@H]1N(N)[C@H]([C@@H]2N=NC(c3ccc(C)cc3)=C2)NN1,,C38999829,45.910408,1,0,0,1,0,1,0,0,1,0
S(CC(=O)Nc1cccc2ccccc12)[C@@H]1N(N)[C@H]([C@@H]2N=NC(c3ccccc3)=C2)NN1,,C39007568,46.056873,1,0,0,1,0,1,0,0,0,0
OC[C@H](NC(=O)[C@@H](Cc1c[nH]c2ccccc12)N1[C@@H](O)Nc2ccccc2C1=O)C(=O)[O-],,C39021465,99.824738,1,0,0,1,0,0,0,0,0,0
O[C@H]1N([C@H](Cc2c[nH]c3ccccc23)C(=O)N[C@@H](CC(=O)N)C(=O)[O-])C(=O)c2ccccc2N1,,C39021894,99.81633,1,0,0,1,0,1,0,0,0,0
S(=O)(=O)(N)Nc1cc(NC(=O)CCNS(=O)(=O)/C=C/c2ccccc2)ccc1,,C39558485,95.226189,1,0,0,1,0,0,0,0,0,0
S(CC(=O)Nc1ccc(C)cc1)[C@@H](C)C(=O)NCC(=O)Nc1ccc2NC(=O)Nc2c1,,C39558644,99.998344,1,1,0,1,0,1,0,1,0,0
Fc1c(C(=O)NCCCC(=O)NCC(=O)Nc2ccc3NC(=O)Nc3c2)ccc(F)c1,,C39559024,99.998344,1,0,0,1,0,1,0,0,0,0
OCC1(CO)[C@@H](O)[C@H](O)C[C@@]2(C)[C@H]1CC[C@@]1(C)[C@]3(C)CC[C@@]4(C(=O)[O-])CCC(C)(C)[C@@H](O)[C@@H]4C3=CC[C@H]21,,C39560160,99.12262,1,0,0,0,0,0,0,0,1,0
S(CC(=O)Nc1c(C)cccc1)[C@@H]1N(N)[C@@H]([C@H]2N=NC(c3ccc(C)cc3)=C2)NN1,,C39007760,45.909824,1,0,0,1,0,1,0,0,1,0
S(CC(=O)N[C@@H](Cc1c[nH]c2ccccc12)C(=O)[O-])[C@H]1S[C@H](Nc2c(C)c(C)ccc2)NN1,,C39690450,73.959496,1,0,0,1,0,1,0,1,1,0
O=C(N[C@H]1SC/C(=C/C(=O)NCCc2c[nH]c3ccccc23)/N1)Nc1ccc(C)cc1,,C39709731,97.796219,1,0,0,1,0,0,0,0,1,0
O=C(NCc1sccc1)N[C@@H]1SC[C@@H](CC(=O)NCCc2c[nH]c3ccccc23)N1,,C39709751,94.003448,1,0,0,1,0,1,0,1,1,0
OC[C@H]1[C@@H](O)[C@@H](O)[C@H](N2[C@@H](N/N=C/c3ccc(N(CC)CC)cc3)N=C3C(=O)N=C([NH-])N=C23)O1,,C39774362,97.253792,1,0,0,0,0,0,0,0,0,0
O=C([O-])CC[C@@H](Nc1ccc(N2CN3[C@H](C2)CNC=2N=C(N)NC(=O)C3=2)cc1)C(=O)[O-],,C39960334,42.907875,1,0,0,0,0,0,0,1,0,0
Brc1c(C(=O)NNc2c(N)c(Nc3c(C(F)(F)F)cccc3)ncn2)cccc1,,C40701825,48.47636,1,0,0,0,0,0,0,0,0,0
O=C(NNc1c(N)c(Nc2ccc(C)cc2)ncn1)C(c1ccccc1)c1ccccc1,,C40782060,47.009258,1,0,0,0,0,0,0,0,0,0
FC(F)(F)Oc1ccc(Nc2c(N)c(NNC(=O)COc3ccccc3)ncn2)cc1,,C40795354,45.626087,1,0,0,0,0,0,0,0,0,0
O=[N+]([O-])c1c(N)nc(N2C[C@H](C)C[C@H](C)C2)nc1Nc1c(C(=O)N)c2CCCc2s1,,C41301891,48.483578,1,0,0,1,0,0,0,0,0,0
O=C(N)NCCC[C@]1(C(=O)[O-])[NH2+][C@H](c2c(C)cccc2)[C@@H]2C(=O)N(C(C)(C)C)C(=O)[C@@H]12,,C33476168,59.245453,1,0,0,1,0,1,0,0,1,0
O[C@@H]1[C@@H](C2=C[C@H]3[C@@H](c4cc(OC)c(O)cc4)[C@@H]4CO[C@](O)(C3=O)[C@H]24)Oc2cc(O)cc(O)c2C1=O,,C43510527,48.433445,1,0,0,0,0,0,0,1,1,0
Brc1c(CC)cc2N(C[C@H](O)[C@H](O)[C@H](O)CO)C3=NC(=O)NC(=O)C3=Nc2c1,,C43763775,98.529091,1,0,0,1,0,1,1,1,1,0
O[C@@H]1[C@@H](O)[C@H](Oc2cc([C@]3(O)[C@@H](C[NH+](C)C)CCCC3)ccc2)O[C@@H](C(=O)[O-])[C@H]1O,,C44136182,99.704681,1,0,0,0,0,0,0,0,1,0
OC[C@@H](O)[C@@H](O)[C@@H]1[C@H](NC(=O)C)[C@@H](O)C[C@@](Oc2c([N+](=O)[O-])cccc2)(C(=O)[O-])O1,,C44170561,99.965736,1,0,0,1,0,0,0,0,1,0
FC(F)(F)c1cc(NC(=O)c2cc(NC(=O)C[C@H](NC(=O)N)c3cc(C)ccc3)ccc2)ccc1,,C46673668,100,1,0,0,0,0,0,0,0,0,0
Fc1c([C@H](NC(=O)N)CC(=O)Nc2ccc(C(=O)Nc3sccn3)cc2)cccc1,,C46706706,100,1,0,0,0,0,0,0,0,0,0
O=C([O-])CC[C@@H](NC(=O)c1ccc(NCc2ccc3[nH+]c(N)nc(N)c3c2)cc1)C(=O)[O-],,C17174553,83.145607,1,0,0,0,1,0,0,0,0,0
O=C(N[C@@H]1[C@@H](C(=O)N[C@H](Cc2ccccc2)C(=O)N)N(C(=O)c2occc2)CC1)NC1CCCCC1,,C03839164,100,1,0,0,0,0,0,0,0,0,0
O=C(N)[C@@H](NC(=O)[C@H]1N(C(=O)c2n(C)ccc2)CC[C@H](NC(=O)C2CC[NH2+]CC2)C1)Cc1sccc1,,C04221677,99.780106,1,0,0,0,0,0,0,1,0,0
OC[C@]1(C)[C@H](O)CC[C@@]2(C)[C@H](CC(=O)NCC[NH+](C)C)c3nc(NC(OCC=C)=O)sc3C[C@H]12,,C04237016,99.09446,1,0,0,0,0,0,0,0,0,0
OC[C@H]1[C@H](O)[C@H](O)[C@@H](O)[C@H](OC2=C(c3cc(OC)c(O)c(OC)c3)Oc3cc(O)cc(O)c3C2=O)O1,,C04349695,28.638968,1,1,0,1,0,0,0,1,0,0
O[C@@H]1[C@H](C)O[C@@H](O[C@@H]2C[C@@](C)(C(=O)C)Cc3c(O)c4C(=O)c5ccccc5C(=O)c4c(O)c23)C[C@H]1[NH3+],,C05492718,30.819454,1,0,0,0,0,0,0,0,0,0
O[C@@H]1[C@]2(O)[C@@](O)(C)[C@H]3[NH+](C[C@@H](C)CC3)C[C@H]2[C@@]2(O)[C@@](O)(C1)[C@@H]1CC[C@@H]3[C@@]4(O)[C@@H](OC(=O)/C(/C)=C\C)CC[C@]3(C)[C@@]1(O4)C2,,C08214734,98.774567,1,0,0,0,0,0,0,0,0,0
S(=O)(=O)(N[C@@H]1[C@@H](O)[C@H](O)C[C@](O)(C(=O)N[C@H](Cc2c[nH]c3ccccc23)C(=O)N)C1)c1cc(C(F)(F)F)ccc1,,C04221856,94.989273,1,0,0,0,0,0,0,0,0,0
O[C@H]1[C@@H](O)[C@H](CC(=O)NC(C)C)O[C@@H]1CN(C[C@@H]1[C@@H](O)[C@@H](O)[C@H](CC(=O)NC(C)C)O1)C(=O)C,,C08643765,100,1,0,0,0,0,0,0,0,1,0
OC1=C([C@@H]2[NH2+][C@H](CC)Cc3c4ccccc4[nH]c23)C(=O)N(CCc2cc(OC)c(OC)cc2)C(=O)N1,,C08764322,98.167473,1,0,0,0,0,0,0,1,0,0
OC1=C([C@H]2[NH2+][C@@H](CC)Cc3c4ccccc4[nH]c23)C(=O)N(CCc2cc(OC)c(OC)cc2)C(=O)N1,,C08764325,98.167473,1,0,0,0,0,0,0,1,0,0
O=C(N(C1CCCC1)C1=C(N)N(CCCC)C(=O)NC1=O)Cn1nc(-c2ccc(C(=O)N)cc2)nn1,,C09723797,98.178085,1,0,0,0,0,0,0,0,1,0
Clc1c(C(OC[C@@H]2[C@@H](O)[C@@H](O)[C@H](O)[C@H](O[C@@]3(CO)[C@@H](O)[C@H](O)[C@H](CO)O3)O2)=O)ccc(Cl)c1,,C12661064,100,1,0,0,0,0,0,0,0,1,0
O=C(NC1CCCC1)[C@@H](N(C(=O)c1c(N)c(C(=O)N)ns1)c1cccc2ccccc12)c1occc1,,C12703777,99.319427,1,0,0,0,0,0,0,0,0,0
Fc1ccc(CN([C@H](C(=O)NC[C@H]2OCCC2)c2ccncc2)C(=O)c2c(N)c(C(=O)N)ns2)cc1,,C06444813,99.616043,1,0,0,0,0,0,0,0,0,0
S(Cc1n(-c2c(N)non2)nnc1C(=O)N/N=C(\C)/c1ccc(OCC(=O)N)cc1)c1ccccc1,,C13751674,99.999237,1,1,0,1,0,0,1,1,0,0
S(=O)(=O)(N[C@@H]1C(=O)N2[C@H](C(=O)NCCCNC(=[NH2+])N)CS[C@H]2CC1)c1cccc2ccccc12,,C13781163,88.644524,1,0,0,0,0,0,0,0,0,0
O=C(N[C@@H](CNC(=O)c1ccc2n(CCCNc3[nH+]cccc3)ncc2c1)C(=O)[O-])Nc1ccccc1,,C13803655,80.062744,1,0,0,1,0,1,0,1,0,0
Fc1c(NC(=O)N[C@@H]2C[NH+]3[C@H](CCC(=O)NCc4ccc(F)cc4)CNC(=O)[C@@H]3C2)ccc(F)c1,,C15707686,94.398941,1,0,0,1,0,0,0,0,0,0
O=[N+]([O-])c1cc(N)cc(C(=O)N/N=C/c2ccc(C=NNC(=O)c3cc([N+](=O)[O-])cc(N)c3)cc2)c1,,C15774568,99.999817,1,0,0,0,0,0,0,0,0,0
Brc1ccc2N=C(C)N(c3ccc(N[C@@H]4[C@@H](O)[C@H](O)[C@@H](O)[C@H](CO)O4)cc3)C(=O)c2c1,,C16958546,97.351784,1,0,0,1,0,0,0,0,0,0
O[C@@H]1C[C@]2(C)[C@@](O)(C(=O)COC(=O)[C@H]([NH3+])CCC(=O)[O-])CC[C@H]2[C@@H]2CCC=3[C@](C)(CCC(=O)C=3)[C@@H]12,,C17161954,95.633087,1,0,0,0,0,0,0,0,1,0
S(CC(=O)N)c1sc(NC(=O)CSc2nc(N/N=C/c3ccc([N+](=O)[O-])cc3)[nH]n2)nn1,,C20831969,93.038979,1,0,0,1,0,1,0,1,0,0
Brc1ccc(/C=N/Nc2[nH]nc(SCC(=O)NC3CC(C)(C)[NH2+]C(C)(C)C3)n2)cc1,,C20833714,89.169579,1,0,0,0,0,1,0,0,0,0
Clc1ccc2C(=C3CC[NH2+]CC3)c3ncc(O[C@@H]4[C@H](O)[C@H](O)[C@@H](O)[C@@H](C(=O)[O-])O4)cc3CCc2c1,,C22060571,99.444084,1,0,0,1,0,1,0,0,0,0
O[C@@H]1[C@H](O)[C@H](Oc2ccc(O[C@@H](CC[NH2+]C)c3sccc3)c3ccccc23)O[C@@H](C(=O)[O-])[C@H]1O,,C22060630,99.555756,1,0,0,1,0,1,0,1,1,0
FC(F)(F)Oc1cc(NC(=O)[C@@H]2CC(=O)NC=3N=C(N4CCC(C(=O)N)CC4)NC(=O)C2=3)ccc1,,C22610443,53.541798,1,0,0,0,0,0,0,0,0,0
Clc1ccc(/C=C/C(=N\NC(=S)N)/C2=C(C)N/C(=N\C(=S)NC(=O)c3occc3)/S2)cc1,,C25585424,87.690895,1,0,0,1,0,0,0,0,0,0
O[C@H]1[C@H](O)[C@H](Oc2ccc(O[C@@H](CC[NH2+]C)c3sccc3)c3ccccc23)O[C@@H](C(=O)[O-])[C@H]1O,,C27103614,99.555756,1,0,0,1,0,1,0,1,0,0
OC[C@H]1[C@@H](O)[C@H](O)[C@H](O)[C@H](Oc2c(Oc3ccc4C=CC(=O)Oc4c3)cc(CCC(=O)[O-])c(O)c2)O1,,C31168226,97.382378,1,0,0,0,0,1,0,0,1,0
S(C)C=1C(=O)C=C2[C@@H](NC(=O)C)CCc3cc(O[C@H]4[C@H](O)[C@@H](O)[C@H](O)[C@@H](CO)O4)c(OC)c(OC)c3C2=CC=1,,C04245665,99.999855,1,0,0,0,0,0,0,0,0,0
OC[C@@]1(C(=O)[O-])[NH2+][C@H](c2ccc(Oc3ccccc3)cc2)[C@@H]2C(=O)N(CC[NH2+]Cc3ccccc3)C(=O)[C@@H]12,,C33657467,75.371811,1,0,0,1,0,0,0,0,0,0
Brc1ccc(NC(=O)CN2C(=O)N(CC(=O)N)c3sc(C(=O)NN)c(C)c3C2=O)cc1,,C34783335,100,1,0,0,1,0,1,0,1,0,0
S(=O)(=O)(NC=1C(=O)N(CC(=O)N[C@@H]2[C@H](O)N(C(=[NH2+])N)CCC2)C=CC=1CCC1CCCCC1)C,,C28000503,86.323235,1,0,0,0,0,0,0,0,0,0
O=C(N/N=C/C=1C[NH+]=C2C=CC=CC=12)[C@@H]1[C@H](CNc2c(C(=O)N)cccc2)N(c2c(N)non2)N=N1,,C38688942,76.602516,1,0,0,1,0,1,0,0,1,0
O=C(N)[C@@H](NC(=O)[C@@H]1[C@H](C(=O)N2CCN(c3[nH+]cccc3)CC2)CCCC1)Cc1c[nH]c2ccccc12,,C38732384,85.45311,1,0,0,0,0,0,0,1,0,0
OC[C@H]1[C@@H](O)[C@@H](O)[C@@H](O)[C@@H](O[C@@H]2[C@H](C=C)[C@@H]3C[C@@H]4NCCc5c6cc(OC)ccc6n(C(=O)C3=CO2)c45)O1,,C39560092,95.176201,1,0,0,0,0,0,0,0,0,0
O=C(NCc1[nH]c2ccccc2c1)[C@H]1C2(CN(C(=O)C=3[C@H](c4ccccc4)NOC=3C)C1)CC[NH2+]CC2,,C39671588,99.83799,1,0,0,1,0,1,0,0,1,0
Clc1cc(N[C@@H]2S[C@@H](SCC(=O)N[C@@H](Cc3c[nH]c4ccccc34)C(=O)[O-])NN2)ccc1,,C39692738,74.895767,1,0,0,1,0,0,0,0,1,0
O[C@@H]1[C@H](O)[C@H](OC2=C(c3cc(O)c(O)cc3)Oc3cc(O)cc(O)c3C2=O)O[C@H](COC(=O)C)[C@@H]1O,,C43080071,38.404964,1,0,0,1,0,0,0,1,0,0
S(C[C@H](NC(=O)c1nc([C@@H]([NH3+])C(C)C)oc1)C(=O)Nc1ccc([N+](=O)[O-])cc1)Cc1ccccc1,,C43213889,64.012253,1,0,0,1,0,0,0,0,0,0
FC(F)(F)Oc1cc([C@H]2[NH2+][C@@](CO)(C(=O)[O-])[C@@H]3C(=O)N(CC[NH2+]Cc4ccccc4)C(=O)[C@@H]23)ccc1,,C33918639,80.819679,1,0,0,1,0,1,0,0,1,0
P(=O)(OCCCCc1ccc2ccc3cccc4ccc1c2c34)(OC1[C@H](O)[C@H](O)C(O)[C@H](O)[C@@H]1O)[O-],,C35375784,99.9953,1,0,1,1,0,1,0,0,1,0
OC[C@H]1[C@@H](O)[C@@H](O)[C@@H](O)[C@@H](Oc2c(O)cc3C=CC(=O)Oc3c2-c2c(O)ccc3C=CC(=O)Oc23)O1,,C49181861,60.41143,1,0,0,0,0,0,0,0,0,0
OC[C@H]1[C@@H](O)[C@@H](O)[C@H](O)[C@H](Oc2c(O)cc3C=CC(=O)Oc3c2-c2c(O)ccc3C=CC(=O)Oc23)O1,,C49181869,60.41143,1,0,0,0,0,0,0,0,0,0
S(=O)(=O)(N([C@@H](CCCNC(=[NH2+])N)C(=O)[O-])C(=O)OC(C)(C)C)c1c(C)c(C)c2OC(C)(C)Cc2c1C,,C49588252,99.899254,1,0,0,0,0,0,0,0,1,0
S=C(NCc1occc1)N/C(=N\c1nc(C)cc(C)n1)/N1CCC(C(=O)N)([NH+]2CCCCC2)CC1,,C14161190,59.16214,1,0,0,0,0,0,0,0,0,0
O=C(N)N[C@@H](CC(=O)NC[C@@H](c1cc(OC)c(OCC)cc1)C=1C[NH+]=C2C=CC=CC=12)c1c(C)cccc1,,C63117432,85.554359,1,0,0,0,0,1,0,0,0,0
S(CC(=O)N[C@@H]1O[C@H](C)C=2[C@@H](C)NNC(=O)C1=2)[C@H]1N(c2cc(F)ccc2)C(N2CCOCC2)=[NH+]N1,,C39938528,75.983322,1,0,0,0,0,0,0,0,0,0
FC(F)(F)c1nc2OC(N)=C(C#N)[C@H](c3cc(OC)c(OCC(=O)[C@@H]([NH2+]CC)NCC)cc3)c2[n-]1,,C19330025,56.964996,1,0,0,0,0,0,0,0,0,0
S(CC(=O)N[C@@H](CC=1C[NH+]=C2C=CC=CC=12)C(=O)[O-])[C@H]1S[C@H](Nc2c(OCC)cccc2)NN1,,C64684215,64.385567,1,0,0,0,0,0,0,0,0,0
S=C1N(c2cc(O)ccc2)C(=O)/C(=C\2/C(=O)Nc3ccccc/23)/S1,,C02451220,97.812813,1,0,0,0,0,0,0,0,0,0
Brc1ccc([C@H]2C(C#N)=C(N)OC=3OC(C)=CC(=O)C2=3)cc1,,C01073588,99.999786,1,0,0,0,0,0,0,0,0,0
O=C1N(CC#C)c2ccccc2[C@]21C(C#N)=C(N)OC=1CC(C)(C)CC(=O)C2=1,,C04166286,100,1,0,0,0,0,0,0,0,0,0
O=C1N(C)c2ccccc2[C@]21C(C#N)=C(N)OC=1CC(C)(C)CC(=O)C2=1,,C04181575,100,1,0,0,0,0,0,0,0,0,0
O[C@H]1[C@]2(C)[C@H](C(C)(C)CC1)C[C@H]1OC(C)(C)O[C@@H]3[C@H]4[C@@H](C)C(=O)[C@@]13[C@@H]2[C@@H](O)C4,,C04268165,100,1,0,0,0,0,0,0,0,1,0
Clc1n(-c2ccccc2)nc(C)c1[C@H]1NC(=O)c2c(C)c(C)sc2N1,,C04501928,95.031723,1,0,0,0,0,0,0,0,0,0
O=C1CCCC=2N(N(C)C)C(N)=C(C#N)[C@@H](c3ccc4ccccc4c3)C1=2,,C01080049,98.564598,1,0,0,0,0,0,0,0,0,0
O=C1C[C@H](c2occc2)CC=2Nc3ccccc3N[C@H](c3occc3)C1=2,,C00182863,99.998116,1,0,0,0,0,0,0,0,0,0
O=C1Nc2ccccc2C(=O)N2[C@H]3[C@@](C(C)(C)C=C)(C[C@H]12)c1ccccc1N3,,C05487696,99.996162,1,0,0,0,0,0,0,0,0,0
O=C(n1nc(C)c2[C@H](c3ccc(C)cc3)SC(N)=Nc12)c1ccncc1,,C06487845,90.784187,1,0,0,0,0,0,0,1,0,0
O[C@H]1[C@H](CC=2COc3ccccc3C=2)NS(=O)(=O)c2ccccc12,,C09575247,93.941513,1,0,0,0,0,0,0,0,1,0
Brc1oc(C(=O)N2[C@@H](C(=O)N)Cc3ccccc23)cc1,,C10255788,100,1,0,0,1,0,0,0,0,1,0
SC=1N=C(O)/C(=C/Nc2c(C#N)c3CCCCc3s2)/C(=O)N=1,,C17027311,99.709419,1,0,0,0,0,0,0,1,0,0
NC=1C(C#N)(C#N)[C@H](c2sccc2)[C@@H]2CN(CC)CC=C2C=1C#N,,C05817596,99.662201,1,0,0,0,0,0,0,0,0,0
Fc1c([C@H]2C(C#N)(C#N)C(N)=C(C#N)C=3[C@H]2CN(C)CC=3)ccc(F)c1,,C15162281,99.040924,1,0,0,0,0,0,0,0,0,0
O=C1N(C)c2ccccc2C=2OC(N)=C(C#N)[C@H](c3oc(C)cc3)C1=2,,C20086103,100,1,0,0,0,0,0,0,1,0,0
Brc1c([C@H]2C(C#N)(C#N)C(N)=C(C#N)C=3[C@@H]2CN(C)CC=3)cccc1,,C13513005,99.153831,1,0,0,0,0,0,0,0,0,0
Clc1n(-c2ccc(F)cc2)nc(C)c1[C@H]1NC(=O)c2ccccc2N1,,C20915756,99.974762,1,0,0,0,0,1,0,0,0,0
Clc1ccc([C@@H]2[C@H](C(=O)N)N3C=Cc4ccccc4[C@@H]3C2(C#N)C#N)cc1,,C16034257,96.369057,1,0,0,0,0,0,0,0,0,0
Fc1c(C(=O)N2CCC3(NC(=O)c4ccccc4N3)CC2)cccc1,,C34811712,99.994461,1,0,0,0,0,0,0,0,0,0
Clc1ccc(C(=O)N2CCC3(NC(=O)c4c(C)cccc4N3)CC2)cc1,,C34811942,99.99453,1,0,0,0,0,0,0,0,0,0
O=C(N1CCC2(NC(=O)c3c(C)cccc3N2)CC1)c1ccccc1,,C35937620,99.99453,1,0,0,0,0,0,0,0,0,0
O=C1CC(C)(C)CC=2N(c3cnccc3)C(N)=C(C#N)[C@@H](c3sccc3)C1=2,,C00667823,99.395432,1,0,0,0,0,0,0,0,0,0
O=C1CCCC=2N(c3cnccc3)C(N)=C(C#N)[C@@H](c3c(C)cc(C)cc3)C1=2,,C01109549,99.393898,1,0,0,0,0,0,0,0,0,0
O=C1CCCC=2N(c3ccc(C)cc3)C(N)=C(C#N)[C@@H](c3cnccc3)C1=2,,C01057135,99.547623,1,0,0,0,0,0,0,0,0,0
O=C1CC(C)(C)CC=2N(c3ccccc3)C(N)=C(C#N)[C@@H](c3cnccc3)C1=2,,C01435777,99.547806,1,0,0,0,0,0,0,0,0,0
O=C1N(C)c2ccccc2[C@@]21C(C#N)=C(N)C(C#N)(C#N)C=1[C@@H]2CCCC=1,,C04102761,100,1,0,0,0,0,0,0,0,0,0
O=C([O-])c1c(/[NH+]=C\2/C[C@H]3Nc4ccccc4C(=O)N3C=C/2)cccc1,,C38200433,92.408119,1,0,0,0,0,0,0,0,0,0
Brc1ccc([C@H]2C(C#N)=C(N)OC=3[C@H]2C(=O)N=C(C)C=3)cc1,,C39352048,99.816467,1,0,0,0,0,0,0,0,0,0
Clc1c(Cl)cccc1[C@@H]1C2=C(O)N=N[C@@H]2NC=2CCCC(=O)C1=2,,C39358650,73.843323,1,0,0,0,0,0,0,0,0,0
O=C(N1CCc2[nH]c3ccc(C)cc3c2C1)C=1C(=O)N2[C@@H](NC=1)C=C(C)C=C2,,C39447414,61.712803,1,0,0,0,0,0,0,0,1,0
N[C@@H]1[C@H](C#N)[C@H](c2sccc2)c2c(C)nn(-c3ccccc3)c2O1,,C39793545,99.628265,1,0,0,1,0,0,0,0,0,0
O=C(N1CCc2[nH]nc(C3CCC3)c2C1)[C@@H]1Nc2ccccc2[C@H]2[C@@H]1CC=C2,,C42987485,50.87648,1,0,0,0,0,0,0,0,1,0
Fc1c(NC(=O)N2CCC(c3c[nH]c4ncccc34)=CC2)c(F)ccc1,,C43265557,98.679855,1,0,0,1,0,0,0,0,0,0
Fc1ccc2c(C=3CCN(C(=O)Nc4scnn4)CC=3)c[nH]c2c1,,C47497963,99.903976,1,0,0,1,0,0,0,0,0,0
Brc1c(NC(=O)N[C@@H]2CS(=O)(=O)CC2)ccc(C)c1,,C48473400,100,1,0,0,0,0,0,0,0,1,0
Clc1ccc(C=2NC=3NN(c4ccc(F)cc4)C(=O)C=3C(=O)C=2)cc1,,C08021137,68.432022,1,0,0,0,0,0,0,0,0,0
O=C1Nc2ccc(C=3NC(=O)c4c(sc5CSCCc45)N=3)cc2C1,,C54753489,89.167633,1,0,0,0,0,0,0,0,0,0
S(=O)(=O)(N)c1c(F)ccc(C(=O)N2CCCc3cc(F)ccc23)c1,,C58457534,99.997513,1,0,0,1,0,0,0,1,0,0
Clc1ccc2NC(=O)[C@]3(CC(=O)Nc4n(-c5ccc(F)cc5)ncc34)c2c1,,C20717489,99.615685,1,0,0,0,0,0,0,0,0,0
Clc1ccc2NC(=O)[C@]3(CC(=O)Nc4n(-c5c(C)cc(C)cc5)ncc34)c2c1,,C20738772,99.589081,1,0,0,0,0,0,0,0,0,0
Fc1ccc2NC(=O)[C@]3(CC(=O)Nc4n(-c5cc(C)cc(C)c5)ncc34)c2c1,,C32073910,99.596642,1,0,0,0,0,0,0,0,0,0
Fc1c(F)ccc([C@H]2C(C#N)=C(N)OC3=NN=C(c4ccncc4)[C@H]23)c1,,C00759062,57.133186,1,0,0,0,0,0,0,0,0,0
Fc1ccc([C@H]2C(C#N)=C(N)OC3=NN=C(c4sccc4)[C@H]23)cc1,,C00090722,76.832809,1,0,0,0,0,0,0,0,0,0
Clc1c([C@@H]2[C@H]3C(=O)NC(=O)N=C3NC=3c4ccccc4C(=O)C2=3)cccc1,,C63637838,99.878609,1,0,0,1,0,0,0,1,0,0
OC(C)(C)C#Cc1sc([C@H]2CC(=O)NC3=NN=C(c4ccccc4)[C@H]23)cc1,,C65403962,73.740829,1,0,0,0,0,0,0,1,0,0
OC(C)(C)C#Cc1ccc([C@@H]2CC(=O)NCc3nc(N(C)C)sc23)cc1,,C65435646,100,1,0,0,1,0,1,0,0,0,0
Brc1ccc2NC(=O)[C@@]3(N(C)C(=O)c4ccccc4N3)c2c1,,C66403146,99.953186,1,0,0,0,0,0,0,0,0,0
Brc1cc(F)cc2[C@@]3(N(C)C(=O)c4c(C)cccc4N3)C(=O)Nc12,,C66739724,99.952583,1,0,0,0,0,0,0,0,0,0
Clc1ccc2N[C@@]3(N(CC)C(=O)c2c1)C(=O)Nc1c(F)c(F)ccc31,,C67454401,99.92025,1,0,0,0,0,0,0,0,0,0
O=C1[C@@H](CC(C)C)NC(=O)[C@@H](C(C)C)NC(=O)[C@H]2NC(=O)[C@H](NC(=O)[C@H]([C@@H](C)CC)N1)CSSC2,,C03874160,99.999901,1,0,0,0,0,0,0,0,0,0
O[C@@H]1[C@H](O[C@H]2[C@H]3COC(=O)[C@@H]3[C@H](c3cc(OC)c(O)c(OC)c3)c3cc4OCOc4cc23)O[C@@H]2CO[C@@H](C)O[C@H]2[C@@H]1O,,C03925951,92.405518,1,0,0,0,0,0,0,0,0,0
S(C)c1cc(NC(=O)N[C@@H]2CN(C(=O)c3nccnc3)[C@H](C(=O)N[C@H](Cc3ccccc3)C(=O)N)C2)ccc1,,C04200898,99.99929,1,0,0,0,0,0,0,0,0,0
OC[C@]1(C)[C@H](O)CC[C@@]2(C)[C@H](CC(=O)N3CCN(C(=O)C)CC3)c3nc(NC(=O)C4CCC4)sc3C[C@H]12,,C04222466,100,1,0,0,0,0,0,0,0,1,0
O=C(Nc1ccc(OC)c2NC=3C(=O)C=4C(=O)c5c(NC(=O)C)ccc(OC)c5NC=4C(=O)C=3C(=O)c12)C,,C05386037,91.214973,1,0,0,0,0,0,0,0,0,0
S(=O)(=O)(Nc1c(C(OCC(=O)C=2C(=O)N(C)C(=O)N(C)C=2N)=O)cccc1)c1c(C)cc(C)cc1C,,C03221476,52.303875,1,0,0,0,0,0,0,0,0,0
S(=O)(=O)(C)N1[C@H](C(=O)N[C@H](Cc2c[nH]c3ccccc23)C(=O)N)CN(C(=O)Nc2ccccc2)CC1,,C04277949,100,1,0,0,1,0,0,0,0,0,0
O[C@@H]1[C@@H](C)O[C@@H](O[C@H]2C[C@]3(O)[C@](C=O)(CC2)[C@H]2CC[C@]4(C)[C@@H](C=5COC(=O)C=5)CC[C@@]4(O)[C@@H]2CC3)C[C@@H]1O,,C08143853,100,1,0,0,0,0,0,0,0,0,0
O[C@@H]1[C@@H](C)O[C@@H](O[C@@H]2C[C@]3(O)[C@](C=O)(CC2)[C@H]2CC[C@]4(C)[C@@H](C=5COC(=O)C=5)CC[C@@]4(O)[C@@H]2CC3)C[C@@H]1O,,C08143857,100,1,0,0,0,0,0,0,0,0,0
O[C@H]1[C@@H](O)[C@H](O[C@@H]2C[C@]3(O)[C@](C=O)(CC2)[C@H]2CC[C@]4(C)[C@@H](C=5COC(=O)C=5)CC[C@]4(O)[C@@H]2CC3)O[C@@H](C)[C@@H]1O,,C08214530,100,1,0,0,0,0,0,0,0,0,0
O(C)C(=O)C[C@@H]1C(=O)N2C(N)=C(C#N)[C@@H](c3ccc(OC)cc3)C(C(=O)Nc3c(C)cc(C)cc3)=C2S1,,C03770029,100,1,0,0,0,0,0,0,0,1,0
Fc1c([C@@H]2C(C#N)=C(N)N3C(=O)[C@@H](CC(OC)=O)SC3=C2C(=O)Nc2c(C)cc(C)cc2)c(F)ccc1,,C03764246,100,1,0,0,0,0,0,0,0,0,0
O[C@H]1C[C@]2(C)[C@@](O)(C(=O)COC(=O)CCC(=O)N[C@H](C)CC)CC[C@H]2[C@H]2CCC=3[C@](C)(CCC(=O)C=3)[C@H]12,,C08791829,100,1,0,0,0,0,0,0,0,1,0
O=[N+]([O-])c1c(OC(=O)N2CCOCC2)c(OCC)cc([C@@H]2C(C#N)=C(N)OC(COC)=C2C(OC)=O)c1,,C08856061,100,1,0,0,0,0,0,0,0,0,0
S(=O)(=O)(N1[C@H](C(=O)Nc2c(C(=O)N)c3CCN(C(OCC)=O)Cc3s2)CCC1)c1ccc(F)cc1,,C08897127,100,1,0,0,0,0,0,0,0,0,0
S(=O)(=O)(N1[C@@H](C(=O)Nc2c(C(=O)N)c3CCN(C(OCC)=O)Cc3s2)CCC1)c1ccc(F)cc1,,C08897133,100,1,0,0,0,0,0,0,0,0,0
O(C)C(=O)NC(=O)c1c(NC(=O)c2ccc(N3C(=O)CCC3=O)cc2)sc2CN(C(OC)=O)CCc12,,C09325475,100,1,0,0,0,0,0,0,0,1,0
S(=O)(=O)(N(C)CCCC)c1ccc(C(=O)Nc2c(C(=O)N)c3CCN(C(OCC)=O)Cc3s2)cc1,,C04177791,100,1,0,0,0,0,0,0,0,0,0
S(CC(=O)NCc1occc1)C=1N(C[C@H]2OCCC2)C(=O)c2ccc(C(=O)NC[C@H]3OCCC3)cc2N=1,,C09473310,98.190254,1,0,0,1,0,0,0,0,0,0
S(CC(=O)Nc1ccc(NC(=O)C)cc1)Cc1nc(NC(=O)[C@H]2CN(c3ccccc3)C(=O)C2)sc1,,C09590363,100,1,0,0,0,0,0,0,0,0,0
O=C(Nc1ccc(C(=O)N(Cc2cc(OC)c(OCCc3ncccc3)cc2)[C@@H]2C(=O)NCCCC2)cc1)C,,C11786149,97.253456,1,0,0,0,0,1,0,1,0,0
S(CC1=C(C(OCC)=O)[C@@H](c2c(F)cccc2)C(C#N)=C(N)O1)C=1N[C@@H]2C(=O)N(C)C(=O)N(C)[C@@H]2N=1,,C12172483,56.371529,1,0,0,0,0,0,0,0,0,0
O(CC)C(=O)c1ccc(NC(=O)C[C@H]2C(=O)N(Cc3occc3)/C(=N/NC=3SCC(=O)N=3)/S2)cc1,,C12580190,92.823746,1,0,0,0,0,0,0,0,0,0
OC[C@@H]1[C@H](O)[C@H](O)[C@H](NC(=O)C)[C@@H](O/N=C\2/C(=O)N(CCOc3c(C)cccc3)c3ccc(C)cc/23)O1,,C12636371,100,1,0,0,1,0,0,0,0,0,0
S(=O)(=O)(Nc1ccc(F)cc1)c1cc(C(OCC(=O)Nc2oc(C)c3C(C)=NNC(=O)c23)=O)ccc1,,C12684243,96.346901,1,0,0,1,0,0,0,0,0,0
O=C(NNC(=O)c1cc(NC(=O)C[C@H]2C(=O)N=C(N3CCCCC3)S2)ccc1)COc1cc(C)ccc1,,C12690187,97.947914,1,0,0,0,0,0,0,0,0,0
OCC(NC(=O)CCC(OCC(=O)[C@]1(O)[C@@]2(C)C[C@H](O)[C@H]3[C@@]4(C)CCC(=O)C=C4CC[C@H]3[C@@H]2CC1)=O)(C)C,,C12889286,100,1,0,0,0,0,0,0,0,1,0
ClC=1N(CC(=O)NCc2c(OC(F)F)cccc2)C(=O)C(NCC(F)(F)c2[n+]([O-])cccc2)=NC=1,,C13489018,71.683868,1,0,0,0,0,0,0,0,0,0
O(CC)C(=O)c1ccc(NC(=O)C[C@H]2C(=O)N(Cc3occc3)/C(=N\NC=3SCC(=O)N=3)/S2)cc1,,C16779518,92.823746,1,0,0,0,0,0,0,0,0,0
S(CC(=O)N)c1sc(NC(=O)CSc2nc(N/N=C(\C)/C34CC5CC(C3)CC(C4)C5)[nH]n2)nn1,,C20837469,92.275246,1,0,0,1,0,1,0,1,1,0
S(CCC(=O)Nc1cc(N2C(=O)CCC2)ccc1)c1n(N)c(N/N=C/c2c(C)n(C(C)C)nc2C)nn1,,C20911931,42.426151,1,0,0,0,0,0,0,0,0,0
O[C@@H](C(OC)=O)[C@@](O)(CCC(C)C)C(=O)O[C@H]1C(OC)=C[C@]23N(CCC2)CCc2cc4OCOc4cc2[C@@H]13,,C13815721,99.557953,1,0,0,0,0,0,0,0,1,0
O[C@@]1(C(=O)C)[C@@]2(C)CC[C@@H]3[C@@]4(C)CC/C(=N/OCC(=O)N[C@H]5C(=O)NCCCC5)/C=C4CC[C@@H]3[C@@H]2CC1,,C35361457,99.999771,1,0,0,0,0,0,0,0,0,0
S(=O)(=O)(N1CCN(CC(=O)N(CCCC)C2=C(N)N(CC(C)C)C(=O)NC2=O)CC1)c1sccc1,,C12568376,98.351898,1,0,0,0,0,0,0,0,1,0
O[C@@H]1C[C@@]2(O)[C@](/C=N/CCN3CCOCC3)(CC1)[C@H]1CC[C@@]3(C)[C@@H](C=4COC(=O)C=4)CC[C@@]3(O)[C@@H]1CC2,,C22801837,87.908714,1,0,0,0,0,0,0,0,1,0
S(=O)(=O)(N1CCN(C)CC1)c1cc(C(=O)N(CC(C)C)C2=C(N)N(CCCC)C(=O)NC2=O)ccc1,,C24765673,89.630234,1,0,0,0,0,1,0,0,1,0
O=C([O-])C1CCC(CNC(=O)[C@@H]2C3(CN(C(=O)c4c(Oc5ccc(C)cc5)nccc4)C2)CC[NH2+]CC3)CC1,,C39662804,98.769936,1,0,0,1,0,0,0,0,0,0
FC(F)(F)Oc1ccc(C(=O)N2C[C@H](C(=O)N[C@@H](CC(=O)[O-])c3ccccc3)C3(C2)CC[NH2+]CC3)cc1,,C39682352,99.270866,1,0,0,1,0,0,0,0,1,0
O=C([O-])C[C@@H](NC(=O)[C@H]1C2(CN(C(=O)c3cnc(Oc4ccccc4)cc3)C1)CC[NH2+]CC2)c1ccccc1,,C39682549,99.266594,1,0,0,1,0,0,0,0,0,0
S([C@@H](C)C(=O)/N=C/1\SCCN\1)c1n(c([C@@H](NC(=O)c2c(F)cccc2)CO)nn1)-c1ccccc1,,C39749902,91.854767,1,0,0,0,0,0,0,0,0,0
O[C@H]1C[C@]2(O)[C@@](/C=N/NC(=O)c3c(C)occ3)(CC1)[C@H]1CC[C@@]3(C)[C@@H](C=4COC(=O)C=4)CC[C@]3(O)[C@@H]1CC2,,C39775389,100,1,0,0,0,0,0,0,0,1,0
O=[N+]([O-])c1oc(CN2C(=O)[C@@H]3[C@H](C(=O)[O-])[NH2+][C@@H](c4c(OCc5ccccc5)c(OC)ccc4)[C@@H]3C2=O)cc1,,C33934988,86.703781,1,0,0,0,0,0,0,0,0,0
Oc1ccc(C[C@]2(C(=O)[O-])[NH2+][C@@H](c3ccc(OCCC)cc3)[C@@H]3C(=O)N(c4c(C)cccc4)C(=O)[C@@H]23)cc1,,C33869131,53.068439,1,0,0,0,0,0,0,1,0,0
O=[N+]([O-])c1cc(N2C(=O)[C@H]3[C@@H](c4oc5ccccc5c4)[NH2+][C@](CCCNC(=O)N)(C(=O)[O-])[C@@H]3C2=O)ccc1,,C33910438,96.113823,1,0,0,1,0,0,0,0,1,0
O[C@H](C)[C@@]1(C(=O)[O-])[NH2+][C@@H](c2ccc(OC)c3ccccc23)[C@@H]2C(=O)N(c3c(CC)cccc3CC)C(=O)[C@@H]12,,C43221872,84.633759,1,0,0,0,0,0,0,0,0,0
Fc1ccc(NC(=O)N2CCC(CNC(=O)C(=O)Nc3ccc(N4S(=O)(=O)CCC4)cc3)CC2)cc1,,C49523821,100,1,0,0,0,0,0,0,0,0,0
O[C@H]1C[C@]2(C)[C@@](O)(C(=O)COC(=O)CCC(=O)NCC(C)C)CC[C@@H]2[C@H]2CCC=3[C@](C)(CCC(=O)C=3)[C@H]12,,C51347650,100,1,0,0,0,0,0,0,0,0,0
S=C1N(CC=C)C(=O)/C(=C\Nc2ccc3N4CCN(C)C[C@H]4C4(C(=O)NC(=O)NC4=O)Cc3c2)/C(=O)N1,,C17014239,93.638458,1,0,0,0,0,0,0,0,0,0
O=C(NCC1CCN(C(=O)Nc2c(OC)cccc2)CC1)C(=O)Nc1cc2[C@H](C)C(=O)N3CCCc(c1)c23,,C49523792,100,1,0,0,0,0,0,0,0,0,0
Fc1ccc(NC(=O)CN2C(=O)SC=3[C@@H](c4ccccc4)[C@H]4C(=O)N(C(=O)N)C(=O)[C@H]4SC2=3)cc1,,C39884082,100,1,0,0,0,0,0,0,0,0,0
O[C@@H]1[C@]2([C@H](O)c3c(O)c4C(=O)C=C(OC)C(=O)c4c(O)c3O2)Oc2c(O)c3C(=O)OC(C)=Cc3cc2C1,,C05432443,44.393021,1,0,0,0,0,0,0,0,0,0
O=C(NC1CCCCC1)N1C[C@@H](C(=O)N[C@@H]2C(=O)NCCC2)N(C(=O)c2ccc(N(C)C)cc2)CC1,,C05397622,100,1,0,0,0,0,0,0,0,1,0
S=C1N([C@H]2[C@@H](O)[C@H](O)[C@H](O)[C@H](CO)O2)C(c2ccccc2)=C(C(=O)C)C(c2occc2)=C1C#N,,C05956251,100,1,0,0,0,0,0,0,0,1,0
O=C(Nc1c(C(=O)N)c2CCCCc2s1)CN1C(=O)/C(=C\c2cc(OC)c(OC)cc2)/SC1=O,,C01746960,100,1,0,0,0,0,0,0,0,0,0
S(=O)(=O)(N[C@H]1CS(=O)(=O)CC1)c1ccc(NC(=O)CN2C(=O)C3(NC2=O)CCCC3)cc1,,C09949286,98.939285,1,0,0,0,0,0,0,0,0,0
S(=O)(=O)(N1[C@H](CC(=O)N2CCN(c3ccccc3)CC2)C(=O)NCC1)C=1C(=O)NC(=O)NC=1C,,C10339269,99.986885,1,0,0,1,0,0,0,0,0,0
O=C(NC(C)(C)C)CN1C(=O)[C@]2(C(C#N)=C(N)N(N(C)C)C=3CC(C)(C)CC(=O)C2=3)c2ccccc12,,C12402257,99.992195,1,0,0,0,0,0,0,0,0,0
FC(F)(F)c1ccc2S[C@@H](CC(OCC(=O)C=3C(=O)N(C)C(=O)N(C)C=3N)=O)C(=O)Nc2c1,,C12426955,99.998856,1,0,0,1,0,0,0,0,1,0
S(=O)(=O)(Cc1ccccc1)N1CC(=O)N2[C@@H](C(=O)NCC3CCN(/C(/N)=N/O)CC3)CC[C@@H]2C1,,C12502533,98.610077,1,0,0,1,0,0,0,0,1,0
Fc1c(/C=C\2/C(=O)N(CCNC(=O)CN3C[C@@H](C(=O)N)Oc4ccccc34)C(=O)S/2)cccc1,,C13095258,100,1,0,0,1,0,0,0,0,1,0
S=C1N([C@H]2[C@H](O)[C@@H](O)[C@H](O)[C@@H](CO)O2)C=2CC(C)(C)CC(=O)C=2C(c2ccc(OC)cc2)=C1C#N,,C01645939,100,1,0,0,0,0,0,0,0,0,0
S(=O)(=O)(N1CCC(C)CC1)c1ccc(NC(=O)CSc2n(N)c(-c3ccncc3)nn2)cc1,,C20830610,94.533081,1,1,0,0,0,0,0,0,0,0
O=C(N1CCN(c2c(C#N)c3c(c(N)n2)c(N)nc2N(C[C@H]4OCCC4)C(=O)Cc32)CC1)c1occc1,,C13134692,37.535217,1,0,0,0,0,0,0,1,0,0
Fc1c(N2C(=O)C[C@@H](C(=O)N(CC(C)C)C3=C(N)N(Cc4ccccc4)C(=O)NC3=O)C2)cccc1,,C24833729,99.996269,1,0,0,0,0,0,0,1,1,0
O=C1N(C)[C@H](Cc2ccccc2)C(=O)N[C@@H](C)C(=O)NCC(=O)NCC(=O)N(C)[C@@H]1Cc1ccccc1,,C31168310,100,1,0,0,0,0,0,0,0,0,0
O=C([O-])[C@@]1(Cc2c[nH]c3ccccc23)[NH2+][C@@H](c2c(C#N)cccc2)[C@@H]2C(=O)N(Cc3ncccc3)C(=O)[C@@H]12,,C34254329,80.362762,1,0,0,0,0,0,0,0,0,0
O=C([O-])[C@@]1(Cc2c[nH]c3ccccc23)[NH2+][C@H](c2c(OC)cccc2)[C@@H]2C(=O)N(Cc3occc3)C(=O)[C@@H]12,,C34261841,63.471733,1,0,0,0,0,0,0,0,0,0
O(C)C(=O)c1ccc([C@H]2[NH2+][C@](Cc3c[nH]c4ccccc34)(C(=O)[O-])[C@@H]3C(=O)N(CC#C)C(=O)[C@@H]23)cc1,,C34377943,60.513836,1,0,0,0,0,0,0,0,0,0
O[C@@H]([C@H]1[C@H](C(=O)N[C@@H](Cc2[nH]c[nH+]c2)C(=O)[O-])OC2(O1)CCCCC2)[C@H]1OC2(OC1)CCCCC2,,C34704158,53.063633,1,0,0,0,0,0,0,0,1,0
O[C@@H]([C@H]1[C@H](C(=O)N[C@H](Cc2[nH]c[nH+]c2)C(=O)[O-])OC2(O1)CCCCC2)[C@H]1OC2(OC1)CCCCC2,,C34704159,53.063633,1,0,0,0,0,0,0,0,1,0
O=C(Nc1ccc(C)cc1)CN1C(=O)N(CC(=O)N2CCCC2)C(=O)c2c(C)c(C(=O)NN)sc12,,C34783079,100,1,0,0,1,0,1,0,1,0,0
O=[N+]([O-])c1c(NC(=O)[C@@H]2CC(=O)NC=3N=C(N4CCC(C(OCC)=O)CC4)NC(=O)C2=3)cccc1,,C38828265,53.507374,1,0,0,0,0,0,0,0,0,0
O=C(Oc1c(C)c(C(=O)N2C[C@H](C(=O)NC3CCC(C(=O)[O-])CC3)C3(C2)CC[NH2+]CC3)ccc1)C,,C39658060,98.834267,1,0,0,1,0,0,0,0,0,0
O=C([O-])C[C@H](NC(=O)[C@H]1C2(CN(C(=O)c3n(C(C)(C)C)nc(C)c3)C1)CC[NH2+]CC2)c1ccccc1,,C39682526,99.267647,1,0,0,1,0,1,0,0,1,0
O=C([O-])C[C@H](NC(=O)[C@@H]1C2(CN(C(=O)[C@H]3Oc4ccccc4OC3)C1)CC[NH2+]CC2)c1ccccc1,,C39682536,99.266312,1,0,0,1,0,0,0,0,1,0
S(=O)(=O)(N/N=C/1\CCCc2oc(C(=O)NNC(=O)c3c(C)occ3)c(C)c\12)c1ccc(F)cc1,,C40826177,85.488197,1,0,0,0,0,0,0,0,0,0
FC(F)(F)Oc1cc([C@H]2[NH2+][C@](CO)(C(=O)[O-])[C@@H]3C(=O)N(c4cc([N+](=O)[O-])ccc4)C(=O)[C@@H]23)ccc1,,C33905642,92.277939,1,0,0,0,0,0,0,0,0,0
Brc1cc([C@H]2[NH2+][C@@](CO)(C(=O)[O-])[C@@H]3C(=O)N(c4cc([N+](=O)[O-])ccc4)C(=O)[C@@H]23)c(O)cc1,,C33919104,90.036064,1,0,0,1,0,0,0,0,1,0
FC(F)(F)c1cc([C@@H]2[NH2+][C@]([C@@H](O)C)(C(=O)[O-])[C@H]3C(=O)N(c4cc([N+](=O)[O-])ccc4)C(=O)[C@H]23)ccc1,,C33933475,91.553741,1,0,0,0,0,0,0,0,0,0
O=C(N)NCCC[C@]1(C(=O)[O-])[NH2+][C@H](c2cccc3ccccc23)[C@@H]2C(=O)N(C3CCCCC3)C(=O)[C@@H]12,,C33880638,53.34137,1,0,0,0,0,1,0,0,1,0
Oc1c(C)cc([C@@H]2[NH2+][C@]([C@@H](C)CC)(C(=O)[O-])[C@H]3C(=O)N(c4cc([N+](=O)[O-])ccc4)C(=O)[C@H]23)cc1C,,C43221761,59.745682,1,0,0,0,0,0,0,0,0,0
O(/N=C(\C(=O)N[C@@H]1C(=O)N2C(C(=O)[O-])=C(C[C@H]3[NH+](C)CCC3)CS[C@@H]12)/c1nc(N)sc1)C,,C44830397,99.795433,1,0,0,0,0,0,0,0,0,0
O[C@@H](C)[C@]1(O)[C@@]2(C(OC)=O)[C@@]3(C)[C@H](O)C=C4C(C)(C)OC(=O)C=C4[C@]4(OC4)[C@@H]3C[C@@]3(C)C(=O)O[C@H](O1)[C@@H]23,,C49181652,99.999802,1,0,0,0,0,0,0,0,0,0
O(CC)C(=O)c1c(N2C(=O)[C@@H]3[C@H](CCC(=O)N)N[C@@]4(C(=O)Nc5ccccc45)[C@@H]3C2=O)sc2CCCc12,,C13555666,99.633598,1,0,0,0,0,0,0,0,0,0
Fc1ccc2NC(=O)[C@]3(N[C@@H]([C@@H](O)C)[C@H]4C(=O)N(CCc5cc(OC)c(OC)cc5)C(=O)[C@@H]34)c2c1,,C20548499,99.8386,1,0,0,1,0,0,0,0,1,0
OCC(Nc1ccc2C(=O)N(N/C=C/3\C(=O)N(C)C(=O)C(C#N)=C\3C)C(=O)c3cccc1c23)(CO)CO,,C16693826,93.486832,1,0,0,0,0,1,0,0,0,0
O=[N+]([O-])c1cc(NC(=O)C(=O)N/N=C\2/C(=O)N(CC(=O)Nc3ccccc3)c3ccccc/23)ccc1,,C13550286,100,1,0,0,0,0,0,0,0,0,0
S(=O)(=O)(N1C[C@H](C)C[C@H](C)C1)c1ccc(C(=O)Nc2c(C(=O)N)c3CCN(C(=O)C)Cc3s2)cc1,,C17244517,100,1,0,0,0,0,0,0,0,0,0
O=C/1N(C(C)C)C(=O)NC(=O)\C\1=C\Nc1ccc2N3CCN(C)C[C@H]3C3(C(=O)NC(=O)NC3=O)Cc2c1,,C35435264,93.754692,1,0,0,0,0,0,0,0,0,0
O(C)C(=O)C=1[C@H](c2occc2)C(C(=O)NCc2ccccc2)=C2S/C(=C/c3occc3)/C(=O)N2C=1N,,C59294003,99.999878,1,0,0,0,0,0,0,0,0,0
S(=O)(=O)(N1CCc2ccccc2C1)c1ccc(NC(=O)CSc2n(N)c(C3CC3)nn2)cc1,,C59912757,99.295883,1,0,0,1,0,1,0,0,1,0
S(=O)(=O)(Nc1c(OC)cccc1)c1cc(C(=O)NNC(=O)[C@@H]2Oc3ccccc3OC2)ccc1,,C15795290,94.264519,1,0,0,1,0,1,0,0,0,0
Brc1c(NC(=O)COC(=O)C=2[C@@H](N)C(=O)NC(=O)N=2)c(Br)cc([N+](=O)[O-])c1,,C39949026,99.941338,1,0,0,0,0,0,0,0,1,0
O=C([O-])[C@H](NC(=O)[C@@H](NC(=O)[C@H]1N2C(=O)c3ccccc3[C@@H]2[C@H]2[NH+]=C3C=CC=CC3=C2C1)C(C)C)C,,C63375855,91.510628,1,0,0,0,0,0,0,0,0,0
O=C([O-])[C@@H](NC(=O)[C@@H](NC(=O)[C@H]1N2C(=O)c3ccccc3[C@@H]2[C@H]2[NH+]=C3C=CC=CC3=C2C1)C(C)C)C,,C63375926,91.510628,1,0,0,0,0,0,0,0,0,0
O=C([O-])[C@@H](NC(=O)[C@@H](NC(=O)[C@H]1N2C(=O)c3ccccc3[C@H]2[C@H]2[NH+]=C3C=CC=CC3=C2C1)C(C)C)C,,C63375928,91.510628,1,0,0,0,0,0,0,0,0,0
FC(F)(F)c1[nH]c2ccc([C@H](NC(=O)CN3C(=O)C=4CNN(C)C=4N=C3)c3ccccc3)cc2n1,,C64202043,50.568523,1,0,0,1,0,0,0,0,0,0
S(=O)(=O)(N1C[C@H](C(=O)Nc2ccc(NC(=O)C)cc2)CCC1)c1c(C)cc2NC(=O)[C@@H](C)Oc2c1,,C35379191,99.998192,1,0,0,0,0,0,0,0,0,0
O=C(Nc1ccc(C)cc1)CN1C(=O)SC=2[C@@H](c3ccccc3)[C@H]3C(=O)N(C(=O)N)C(=O)[C@@H]3SC1=2,,C39884079,100,1,0,0,0,0,0,0,0,0,0
O[C@H]1[C@@H](O)[C@H](Oc2ccc3C[C@H]4[NH+](CC=C)CC[C@@]56[C@@]4(O)CCC(=O)[C@@H]5Oc2c36)O[C@@H](C(=O)[O-])[C@H]1O,,C65747944,98.506516,1,0,0,0,0,0,0,0,0,0
S(C)CC[C@H](NC(=O)COc1cc2OC(C)(C)CCc2c2OC(=O)C=3CCCCC=3c12)C(=O)[O-],,C08764558,99.772133,1,0,0,0,0,0,0,0,1,0
O[C@@]1(C(=O)C)[C@@]2(C)CC[C@H]3[C@]4(C)CC/C(=N/OCC(=O)N[C@H](C(=O)[O-])c5ccccc5)/C=C4CC[C@@H]3[C@@H]2CC1,,C08919137,99.844933,1,0,0,0,0,0,0,0,0,0
S(CC(=O)NCC(=O)Nc1c(F)c(F)c(F)cc1)c1n(c(C(=O)[O-])cn1)-c1ccc(F)cc1,,C09955512,89.441292,1,0,0,0,0,0,0,1,0,0
Clc1c(NC(=O)CN2C(=O)/C(=C\c3n(-c4cc(C(=O)[O-])ccc4)ccc3)/SC2=O)cccc1,,C10059757,99.331833,1,0,0,0,0,0,0,0,0,0
S(=O)(=O)(Nc1c(N(C)C)ccc(S(=O)(=O)N2CCCCC2)c1)c1cc(C(=O)[O-])c(F)cc1,,C13247345,96.194168,1,0,0,0,0,0,0,0,1,0
Clc1cc(C(=O)[O-])c(NC(=O)[C@H]2CN(c3ccc(S(=O)(=O)N(CC)CC)cc3)C(=O)C2)cc1,,C13260185,99.270699,1,0,0,0,0,0,0,0,0,0
S(=O)(=O)(N1[C@@H](C(=O)[O-])CCCC1)c1ccc(/C(=N/Nc2c([N+](=O)[O-])cc([N+](=O)[O-])cc2)/C)cc1,,C13263921,99.781059,1,0,0,0,0,0,0,0,1,0
S(=O)(=O)(N1[C@@H](C(=O)[O-])CCCC1)c1ccc(/C(=N/NC(=O)c2c(C)nc3n2C=CC=C3)/C)cc1,,C13264234,99.622406,1,0,0,0,0,0,0,0,0,0
S(=O)(=O)(N1[C@@H](C(=O)[O-])CCCC1)c1ccc(/C(=N/NC(=O)COc2c(C#N)cccc2)/C)cc1,,C13264396,99.78389,1,0,0,0,0,0,0,0,1,0
S(=O)(=O)(N1[C@@H](C(=O)[O-])CCCC1)c1ccc(/C(=N/NC(=O)c2sc3CCCCc3c2)/C)cc1,,C13264437,99.783745,1,0,0,0,0,0,0,0,1,0
S(=O)(=O)(N1C[C@H](C(=O)[O-])CCC1)c1ccc(NC(=O)c2c(C)c3cc(OCC)ccc3o2)cc1,,C13396043,99.370773,1,0,0,0,0,0,0,0,0,0
S(=O)(=O)(N1C[C@@H](C(=O)[O-])CCC1)c1ccc(NC(=O)Cc2ccc(N3C(=O)CCC3)cc2)cc1,,C13398421,99.370766,1,0,0,0,0,0,0,0,0,0
S(CC(=O)N[C@H](c1n(C)ccn1)c1ccc(F)cc1)C=1N(CC(=O)[O-])C(=O)c2ccccc2N=1,,C13404821,75.137688,1,0,0,0,0,0,0,0,0,0
S(CC(=O)N[C@H](Cc1ccccc1)C(=O)[O-])c1n-2c(N(c3ccccc3)C(=O)c3ccccc-23)nn1,,C13417113,99.449669,1,0,0,0,0,0,0,0,0,0
Clc1c(C)n([C@@H](C)C(=O)N[C@H]2C(=O)N3C(C(=O)[O-])=C(COC(=O)C)CS[C@@H]23)nc1C(F)(F)F,,C13640310,99.860962,1,0,0,0,0,0,0,0,0,0
Clc1c(C)n([C@H](C)C(=O)N[C@H]2C(=O)N3C(C(=O)[O-])=C(COC(=O)C)CS[C@@H]23)nc1C(F)(F)F,,C13640314,99.860962,1,0,0,0,0,0,0,0,0,0
[SH+]=C1N(CCCC)C([O-])=C(C([O-])=N1)C1=[NH+]c2ccccc2S[C@H](c2cc([N+](=O)[O-])ccc2)[CH-]1,,C20899306,99.684219,1,0,0,0,0,0,0,1,0,0
S(=O)(=O)(/N=C(\[O-])/C)c1ccc(NC(=O)C2CCN(C(=O)[C@H]3CN(c4ccc(C)cc4)C(=O)C3)CC2)cc1,,C21449457,94.557716,1,0,0,0,0,0,0,0,0,0
S(=O)(=O)([N-]c1ncccn1)c1ccc(NC(=O)[C@@H]2CN(c3nnc(-c4occc4)cc3)CCC2)cc1,,C22487237,99.594444,1,0,0,1,0,0,0,0,0,0
S(=O)(=O)(N1[C@H](C)CCC[C@H]1C)c1ccc(NC(=O)CCN2C(=O)c3ccccc3C([O-])=N2)cc1,,C22980628,91.603775,1,0,0,0,0,0,0,0,1,0
S(=O)(=O)([N-]c1nc(C)cc(C)n1)c1ccc(NC(=S)NC(=O)C2(c3ccccc3)CCCC2)cc1,,C30827709,99.578094,1,0,0,0,0,0,0,0,0,0
Oc1c(OCC)cc([C@H]2N(Cc3occc3)C(=O)C([O-])=C2C(=O)c2oc3c(OC)cccc3c2)cc1,,C33522353,95.976784,1,0,0,0,0,0,0,1,0,0
Clc1c(O[C@H]2[C@@H](NC(=O)C)[C@@H](O[C@@H](C)C(=O)[O-])[C@H]3O[C@H](c4ccccc4)OC[C@@H]3O2)cccc1,,C35057080,99.75956,1,0,0,0,0,0,0,0,0,0
O=C(N[C@@H]1[C@H](Oc2ccc(C(C)(C)C)cc2)O[C@H]2CO[C@@H](c3occc3)O[C@@H]2[C@H]1O[C@@H](C)C(=O)[O-])C,,C35057283,99.760086,1,0,0,0,0,0,0,0,0,0
O[C@]1(C[C@@H]2C(=O)N[C@@H](C(C)C)C=3N2C(=O)c2ccccc2N=3)[C@H]2N(C(=O)C(C)(C)[N-]2)c2ccccc12,,C15216255,96.650604,1,0,0,0,0,0,0,0,0,0
O[C@H]1N(c2ccccc2)C(=O)N=C([O-])[C@@H]1[C@H]1[C@@H]2C(=O)N(c3ccccc3)C(=O)N=C2Oc2ccccc12,,C38701883,99.984039,1,0,0,0,0,0,0,0,0,0
S(=O)(=O)(Oc1ccccc1)c1c(Cc2ccccc2)cc2CCN3NP(=O)([O-])OC[C@H]3c2c1,,C39465201,92.67984,1,0,0,1,0,0,0,0,0,0
O=C([O-])[C@@H]1[C@@H](C(=O)Nc2cc(C(=O)NC=3C(=O)N(N(C)C=3C)c3ccccc3)ccc2)[C@H]2C[C@@H]1C=C2,,C39679191,99.395065,1,0,0,0,0,0,0,0,0,0
S(CC=1NC(=O)c2c(C(=O)[O-])c(C)oc2N=1)[C@H]1N(CC=C)C(=O)C2=C(c3occc3)CSC2=N1,,C39680110,49.474586,1,0,0,0,0,0,0,0,0,0
Clc1c(-c2n(CC=C)c(SCC=3NC(=O)C=4[C@H](C(=O)[O-])[C@H](C)OC=4N=3)nn2)ccc(Cl)c1,,C39690084,94.235756,1,0,0,0,0,0,0,0,0,0
S(CC=1NC(=O)C=2[C@@H](C(=O)[O-])[C@@H](C)OC=2N=1)c1n(Cc2ccccc2)c(-c2ccc(F)cc2)nn1,,C39692000,94.245842,1,0,0,0,0,0,0,0,0,0
S(CC=1NC(=O)C=2[C@H](C(=O)[O-])[C@@H](C)OC=2N=1)c1n(Cc2ccccc2)c(-c2ccc(F)cc2)nn1,,C39692002,94.245842,1,0,0,0,0,0,0,0,0,0
S=C1N(CCCC(=O)[O-])C(=O)/C(=C\C2=C(NCc3ccc(F)cc3)N(C)C(=O)C(C#N)=C2C)/S1,,C39851588,99.124763,1,0,0,0,0,0,0,0,0,0
S(CC(=O)Nc1c(C(OCC)=O)c(C)c(C)s1)C1=NC(=O)C2=C(C)[C@@H](C(=O)[O-])SC2=N1,,C39927254,99.780296,1,0,0,0,0,0,0,0,0,0
S=C1N(CCCC(=O)[O-])C(=O)/C(=C/C2=C(NCc3ccc(F)cc3)N(C)C(=O)C(C#N)=C2C)/S1,,C40066672,99.124763,1,0,0,0,0,0,0,0,0,0
S(=O)(=O)(N1CCCCC1)c1ccc(C(=O)C=2[C@H](N(CCO)C(=O)C=2[O-])c2cccc3ccccc23)cc1,,C40111160,99.02211,1,0,0,1,0,0,0,0,1,0
Clc1cc(c([O-])cc1)-c1[nH]nc2C(=O)N([C@H]3CS(=O)(=O)CC3)[C@@H](c3cc([N+](=O)[O-])ccc3)c12,,C38702000,89.900375,1,0,0,0,0,0,0,0,1,0
S(=O)(=O)(N)c1ccc(-c2oc(/C=C\3/C(=O)N([C@@H](CCSC)C(=O)[O-])C(=S)S/3)cc2)cc1,,C40567617,99.867424,1,0,0,1,0,0,0,1,0,0
O=[N+]([O-])c1ccc(C[C@]2(C(=O)[O-])N[C@@H](c3ccc(C(OC)=O)cc3)[C@@H]3C(=O)N(CC#C)C(=O)[C@@H]23)cc1,,C43218331,71.196053,1,0,0,0,0,0,0,0,0,0
O=[N+]([O-])c1ccc(C[C@@]2(C(=O)[O-])N[C@@H](c3cccc4ccccc34)[C@@H]3C(=O)N(CCCC)C(=O)[C@@H]23)cc1,,C33858599,60.106831,1,0,0,0,0,0,0,0,0,0
O=[N+]([O-])c1ccc(C[C@]2(C(=O)[O-])N[C@@H](c3c(C)ccc(C)c3)[C@@H]3C(=O)N(C4CCCCC4)C(=O)[C@@H]23)cc1,,C33860910,53.2575,1,0,0,0,0,0,0,0,0,0
O=C(C)c1ccc(N2C(=O)[C@H]3[C@@H](c4oc5ccccc5c4)N[C@@](Cc4ccccc4)(C(=O)[O-])[C@@H]3C2=O)cc1,,C43221277,97.193382,1,0,0,0,0,0,0,0,1,0
O=C([O-])[C@]1(Cc2c[nH]c3ccccc23)N[C@H](c2oc3ccccc3c2)[C@@H]2C(=O)N(CCCC)C(=O)[C@@H]12,,C43221493,94.820114,1,0,0,1,0,0,0,0,1,0
O[C@H]1CN(C(=O)CO/N=C/2\CC[C@@]3(C)[C@@H]4CC[C@@]5(C)[C@H](C(=O)C)CC[C@H]5[C@H]4CCC3=C\2)[C@@H](C(=O)[O-])C1,,C43736716,99.805557,1,0,0,0,0,0,0,0,0,0
S(CC=1NC(=O)c2c(C(=O)[O-])c(C)oc2N=1)C=1N(CC)C(=O)c2c(sc3C[C@@H](C)CCc23)N=1,,C13417325,49.658348,1,1,0,0,0,0,0,1,1,0
S(=O)(=O)(N(CC)CC)c1cc(C(=O)[O-])c(SCC=2NC(=O)c3c(C)c(C)sc3N=2)cc1,,C13091213,95.484261,1,0,0,0,0,0,0,0,1,0
S(=O)(=O)([N-]c1sccn1)c1ccc(NC(=O)CCCN2C(=O)[C@@]3(C)C(C)(C)[C@@H](C2=O)CC3)cc1,,C54646940,57.753025,1,0,0,1,0,0,0,0,0,0
Fc1ccc(NC(=O)Cn2cc(/C=C/3\C(=O)N(c4ccc(F)cc4)C(=O)N=C\3[O-])c3ccccc23)cc1,,C59336673,99.991371,1,0,0,0,0,0,0,0,0,0
FC(F)(F)[C@@]1(C=2C(=O)N(c3ccccc3)NC=2C)C(=O)N[C@H]2N(Cc3ccc(F)cc3)C([O-])=NC(=O)[C@@H]12,,C39409796,90.156654,1,0,0,0,0,0,0,0,0,0
FC(F)(F)[C@@]1(c2c(O)n(-c3ccccc3)nc2C)C(=O)N[C@H]2N(c3cc(C)c(C)cc3)C(=O)N=C([O-])[C@@H]12,,C39964655,90.145584,1,0,0,0,0,0,0,0,0,0
NC1=C(C#N)[C@@H](c2ccc(CC)cc2)c2c(C)nn(-c3ccccc3)c2O1,,C00705817,99.960335,1,0,0,1,0,0,0,0,0,0
O=C1NC(C)(C)C[C@@]2(OC=3CC(C)(C)CC(=O)C=3[C@@H](c3sccc3)C2)N1,,C04888869,99.646736,1,0,0,1,0,0,0,0,1,0
O=C(N[C@H]1CN(c2cc(C)c(C)cc2)C(=O)C1)Nc1c(C)ccc(C)c1,,C05188424,100,1,0,0,0,0,0,0,0,1,0
O=C1NC(N/N=C/c2ccccc2)=Nc2sc3CSC(C)(C)Cc3c12,,C05295775,69.27877,1,0,0,0,0,0,0,0,0,0
O=C(Nc1c(C)cccc1)[C@H]1C(=O)N[C@@]23Oc4ccccc4[C@@H]1[C@@H]2CCCC3,,C05752862,99.999832,1,0,0,0,0,0,0,0,0,0
Clc1ccc(C(=O)n2nc(C)c3[C@H](c4ccccc4)SC(N)=Nc23)cc1,,C06483932,90.613525,1,0,0,0,0,0,0,1,1,0
O[C@H]1CC(C)(C)Oc2ccc3oc(C(=O)NC4CCCCC4)c(C)c3c12,,C06751364,100,1,0,0,0,0,0,0,0,0,0
O=C(N)[C@@H]1N(C(=O)C2c3ccccc3Oc3ccccc23)c2ccccc2C1,,C09820334,100,1,0,0,0,0,0,0,0,0,0
O=C(Nc1c(C)cccc1)[C@H]1C(=O)N[C@]23Oc4ccccc4[C@H]1[C@@H]2CCCC3,,C12378385,99.999832,1,0,0,0,0,0,0,0,1,0
O=C1Nc2ccc(C3=NN=C(Nc4c(C)c(C)ccc4)SC3)cc2CC1,,C12645456,70.015709,1,0,0,0,0,0,0,0,0,0
O=C(Nc1ccc(C)cc1)N1C[C@H](C(=O)Nc2ccccc2)CCC1,,C14242821,100,1,0,0,1,0,0,0,0,0,0
Fc1c(NC(=O)Nc2n(C)nc(C)c2C=2CCCCC=2)cccc1,,C15830752,99.312508,1,0,0,0,0,0,0,0,0,0
O=C(Nc1cc(C)ccc1)[C@@H]1C(=O)N[C@]23Oc4ccccc4[C@H]1[C@@H]2CCCC3,,C16040926,99.999832,1,0,0,0,0,0,0,0,0,0
FC(F)Oc1c([C@H]2C(C#N)(C#N)C(N)=C(C#N)C=3[C@@H]2CCCC=3)cccc1,,C19852435,100,1,0,0,0,0,0,0,0,0,0
FC(F)(F)C1=C(Oc2ccccc2)C(=O)c2ccc(O)c(O)c2O1,,C05731468,48.442787,1,0,0,0,0,0,1,0,0,0
Oc1c([C@H]2Nc3cc(C)cc(C)c3[C@@H]3[C@@H]2CC=C3)cc([N+](=O)[O-])cc1,,C14475759,71.526619,1,0,0,0,0,1,0,0,1,0
O=[N+]([O-])c1ccc(C)c2N[C@H](c3c[nH]c4ccccc34)[C@H]3CC=C[C@H]3c12,,C20719890,99.999046,1,0,0,0,0,0,0,0,0,0
Fc1ccc([C@H]2N(C(=O)NC)c3ccccc3NC=3CC(C)(C)CC(=O)C2=3)cc1,,C21722176,99.999893,1,0,0,0,0,0,0,0,0,0
O=C(NNC(=O)c1ccc2CCc3cccc1c23)c1c(C)c2ccccc2o1,,C22279151,100,1,0,0,0,0,0,0,0,0,0
O=C(Nc1sc2cc(C)cc(C)c2n1)c1ccc2SCCC(=O)Nc2c1,,C23053342,99.999512,1,0,0,0,0,0,0,0,0,0
Fc1c(NC(=O)c2cc([C@H]3CN(C(=O)NC)CCC3)ccc2)cccc1,,C33264495,100,1,0,0,1,0,1,0,0,0,0
O=C(NC1CCCCC1)N1[C@H]2CC(NC(=O)C3CC3)C[C@@H]1CCC2,,C20150845,100,1,0,0,0,0,0,0,0,0,0
NC1=C(C#N)[C@H](c2ccc(C(C)C)cc2)[C@@H]2CN(C)CC=C2C1(C#N)C#N,,C04453377,97.304024,1,0,0,0,0,0,0,0,1,0
Fc1cc(C)c(NC(=O)C2CCN(C(=O)Nc3ccccc3)CC2)cc1,,C06460424,100,1,0,0,0,0,0,0,0,0,0
O=C(Nc1c(C)cccc1)Nc1ccc2CCN(C(=O)C3CC3)c2c1,,C38709379,100,1,0,0,0,0,0,0,0,1,0
O=C(Nc1c(C)cccc1)Nc1ccc2CCN(C(=O)C(C)C)Cc2c1,,C38710350,100,1,0,0,0,0,0,0,0,1,0
S(C)c1ccc([C@H]2C(C#N)=C(N)OC3=NN=C(c4ccccc4)[C@H]23)cc1,,C06720031,76.058174,1,0,0,0,0,0,0,0,0,0
Brc1ccc([C@@H]2C=C(c3ccccc3)NC3=NC(=O)NC(=O)[C@H]23)cc1,,C39141014,66.046379,1,0,0,0,0,0,0,0,0,0
O=C(NNC(C)(C)C)[C@]12C(C)(C)[C@](C)(CC1)c1nc3ccccc3nc21,,C33752296,99.924606,1,0,0,0,0,0,0,0,0,0
O=C(Nc1ccccc1)N1[C@@H](C(=O)Nc2cccc3CCCCc23)CCC1,,C40011552,100,1,0,0,0,0,0,0,0,0,0
O=C(Nc1sc2CCCCc2n1)c1c(C)c2C(=O)CC(C)(C)Cc2[nH]1,,C30767170,100,1,0,0,0,0,0,0,0,1,0
Clc1c(N[C@@H]2CCC=3C(=O)N(C4CCCCC4)C(=O)NC2=3)cccc1,,C41104813,99.998787,1,0,0,0,0,0,0,0,0,0
Clc1c(Cl)cccc1NC(=O)[C@@H]1CN(C(=O)NC2CC2)CCC1,,C44458463,100,1,0,0,1,0,0,0,0,1,0
Clc1c(NC(=O)[C@H]2CN(C(=O)NC3CC3)CCC2)ccc(Cl)c1,,C44458464,100,1,0,0,1,0,1,0,0,1,0
O=C(Nc1sc2cc(C)cc(C)c2n1)c1ccc2NC(=O)CCc2c1,,C45629876,99.999321,1,0,0,0,0,0,0,0,0,0
FC(F)(F)C1(C(F)(F)F)NC(=O)n2nc(C)c(-c3ccccc3)c2N1,,C01050133,86.003418,1,0,0,0,0,0,0,0,0,0
Clc1ccc(/N=C\2/SCC(c3ccc4NC(=O)CCc4c3)=NN/2)cc1,,C54359305,91.896568,1,0,0,0,0,0,0,0,0,0
O=C(NC1CCN(C(=O)C=C2CCCCC2)CC1)NC1CCCCC1,,C56247827,100,1,0,0,0,0,0,0,0,0,0
Clc1ccc2[nH]c3CCN(C(=O)C=4NC(=O)c5ccccc5C=4)Cc3c2c1,,C58491039,99.753876,1,0,0,1,0,0,0,1,1,0
Clc1ccc(-n2nc(C)c3[C@H](c4ccc(Cl)cc4)C(C#N)=C(N)Oc23)cc1,,C59416594,99.961174,1,0,0,0,0,0,0,0,0,0
S(C1CCCC1)c1c(C(=O)N=C2Nc3ccccc3N2)cccn1,,C54799581,54.351925,1,0,0,0,0,0,0,1,0,0
Fc1c(F)c(NC(=O)N2[C@@H](c3[nH]c4cc(C)ccc4n3)CCC2)ccc1F,,C61734342,45.930641,1,0,0,0,0,0,0,0,0,0
Fc1cc(F)cc(NC(=O)N2[C@H](c3[nH]c4cc(C)ccc4n3)CCC2)c1,,C61748555,45.913414,1,0,0,0,0,0,0,0,0,0
O=C1/C(=C\2/C(=O)Nc3ccccc/23)/S/C(=N\c2c(C)c(C)ccc2)/N1,,C00968836,95.082069,1,0,0,1,0,0,0,0,1,0
Clc1ccc(C2=NN=C3OC(N)=C(C#N)[C@@H](c4ccc(F)cc4)[C@@H]23)cc1,,C01068827,76.502953,1,0,0,1,0,0,0,0,1,0
OC1=NC=2N(C3CCCCCC3)NC(=O)C=2[C@@H](c2ccc(C)cc2)SC1,,C06923596,69.553123,1,0,0,1,0,0,0,1,0,0
O=C1/C(=C\2/C(=O)Nc3ccccc/23)/S/C(=N/c2c(C)c(C)ccc2)/N1,,C00968836,95.082069,1,0,0,1,0,0,0,0,1,0
Clc1c(Cl)cccc1[C@H](NC(=O)C=1NC(=O)c2ccccc2C=1)C#N,,C66393018,99.693787,1,0,0,0,0,0,0,0,0,0
Fc1c(NC(=O)C)cc(NC(=O)N2[C@@H](C3CCCCC3)CCC2)c(F)c1,,C66982142,100,1,0,0,0,0,0,0,0,0,0
O=C(Nc1ccc2SCC(=O)Nc2c1)N1CC[C@H](c2ccccc2)CCC1,,C67255754,99.999557,1,0,0,1,0,0,0,0,0,0
O=[N+]([O-])c1ccc(-c2sc(/C=C(/C(=O)Nc3c(C(=O)N)c4CCCCc4s3)\C#N)cc2)cc1,,C06142262,100,1,0,0,0,0,0,0,0,0,0
S(CC(=O)Nc1ccc2NC(=O)Nc2c1)C=1N(CCC=2CCCCC=2)C(=O)c2ccccc2N=1,,C09670553,97.071701,1,1,0,1,0,0,1,1,0,0
O=C(N[C@H]1C[C@H](C)CC(C)(C)C1)C(=O)Nc1c(C(=O)Nc2c(OC)cccc2)oc2ccccc12,,C09706106,100,1,0,0,0,0,0,0,0,0,0
S=C(NC(=O)/C=C/c1cc([N+](=O)[O-])ccc1)Nc1c(C(=O)NC2CCCCC2)cccc1,,C10012178,100,1,0,0,0,0,0,0,0,0,0
S(=O)(=O)(N)c1c(OC)ccc(C(O[C@H](C(=O)Nc2c(C)ccc(C)c2)c2ccccc2)=O)c1,,C11041282,99.99762,1,0,0,0,0,0,0,0,1,0
Clc1c(Cl)cccc1/C=C/C(=O)N(Cc1occc1)C1=C(N)N(CCCC)C(=O)NC1=O,,C14652774,99.996368,1,0,0,0,0,0,0,0,1,0
Clc1c(/C=C/C(=O)N(Cc2occc2)C2=C(N)N(CCCC)C(=O)NC2=O)c(Cl)ccc1,,C14652953,99.996368,1,0,0,0,0,0,0,0,1,0
O=C(Oc1c(OC)cc([C@H]2c3c4ccccc4ccc3NC=3NC(=O)NC(=O)C2=3)cc1)CCC,,C15320116,99.999039,1,0,0,0,0,0,0,1,0,0
O=C(Oc1c(OC)cc([C@@H]2c3c4ccccc4ccc3NC=3NC(=O)NC(=O)C2=3)cc1)CCC,,C15320119,99.999039,1,0,0,0,0,0,0,0,0,0
O=C(N(CC(C)C)C1=C(N)N(CCCC)C(=O)NC1=O)Cc1coc2ccc3ccccc3c12,,C15323891,99.996574,1,0,0,0,0,0,0,1,1,0
S=C1N(CC)C(C)=C(C(OC)=O)[C@@H](c2cc(NC(=O)Nc3ccc(C#N)cc3)ccc2)N1,,C16611202,99.999863,1,0,0,0,0,0,0,0,0,0
S=C1N(C)C(C)=C(C(OCCOC)=O)[C@@H](c2cc(NC(=O)Nc3c(C)cc(C)cc3)ccc2)N1,,C16612380,99.999855,1,0,0,0,0,0,0,0,0,0
S([C@@H](C)C(=O)Nc1ccc2NC(=O)Nc2c1)c1n(Cc2ccccc2)c(-c2sccc2)nn1,,C16716195,99.891548,1,1,0,1,0,0,1,1,1,0
S(Cc1ccccc1)c1nc(N)nc2NCC(CN(C)c3ccc(C(OC)=O)cc3)=Nc12,,C16979205,59.574501,1,0,0,1,0,1,0,1,0,0
O=C(N/N=C(\C)/C=C/c1ccccc1)[C@@H](NC(=O)c1ccccc1)C1=NNC(=O)c2ccccc12,,C17139146,77.931099,1,0,0,0,0,0,0,0,0,0
S(=O)(=O)(Nc1ccc(F)cc1)c1cc(C(=O)NNC(=O)[C@H](Oc2c(C)c(C)ccc2)C)ccc1,,C18103487,96.439873,1,0,0,0,0,0,0,0,0,0
S(=O)(=O)(NC)c1c(C)ccc(NC(=O)CSc2sc(Nc3c(C)c(C)ccc3)nn2)c1,,C19313121,94.849129,1,0,0,0,0,0,0,0,1,0
Brc1cc(/C=N/Nc2[nH]nc(SCc3[nH]c4cc(C)ccc4n3)n2)c(OC)cc1,,C21080648,47.158558,1,0,0,1,0,0,0,1,0,0
S([C@H](C)C(=O)C(C#N)=C1Nc2ccccc2N1)c1n(C2CC2)c(-c2c[nH]c3ccccc23)nn1,,C24270782,98.063148,1,0,0,0,0,0,0,0,0,0
O=C(N(Cc1ccccc1)C1=C(N)N(CCCC)C(=O)NC1=O)c1cccc2[C@H](C)[C@H](C)Oc12,,C24351272,99.996445,1,0,0,0,0,1,0,0,1,0
O=C(N)c1cc(NC(=O)c2ccc(OCc3nc4n(c3)C=C(C)C=C4)cc2)c(N2CCCCC2)cc1,,C25612187,99.914474,1,0,0,0,0,0,0,1,0,0
O(CC(=O)Nc1cc(CC)ccc1)C(=O)c1ccc([C@H]2NS(=O)(=O)c3ccccc3N2)cc1,,C32986897,90.158501,1,0,0,0,0,0,0,0,1,0
FC(F)c1nc2sc(C(=O)N)c(NC(=O)c3cc([N+](=O)[O-])ccc3)c2c(-c2ccccc2)c1,,C33523068,99.996613,1,0,0,1,0,0,0,1,1,0
S(CC=1NC(=O)c2c(-c3ccccc3)csc2N=1)c1n(N)c(COc2c(F)cccc2)nn1,,C22435878,96.817337,1,0,0,1,0,0,0,0,0,0
Clc1cccc2c(C)c(C(=O)N(CC(C)C)C3=C(N)N(CC(C)C)C(=O)NC3=O)oc12,,C36799715,99.996407,1,0,0,1,0,1,0,1,1,0
S(Cc1nc(N)nc(Nc2c(CC)cccc2)n1)C=1N(CC=C)C(=O)c2ccsc2N=1,,C36806251,99.51889,1,0,1,1,0,0,0,1,0,0
Fc1ccc([C@@]2(CCCC)C(=O)N(CC(=O)NC(=O)N[C@H]3[C@@H](C)CCCC3)C(=O)N2)cc1,,C36828080,99.999535,1,0,0,0,0,0,0,0,0,0
S(CC(=O)Nc1c(C(=O)Nc2ccccc2)c2CCCCc2s1)c1[nH]nc(-c2occc2)n1,,C04210508,98.889732,1,0,0,0,0,0,0,1,0,0
O=C(NC[C@@H]1OCCC1)c1cc(Nc2nc(Nc3ccc4ncsc4c3)ccn2)ccc1,,C39300645,81.585579,1,0,0,1,0,0,0,0,0,0
O(C)C(=O)c1ccc(/C=C/2\CNCC=3[C@@H](c4ccc(C(OC)=O)cc4)C(C#N)=C(N)OC\2=3)cc1,,C39326858,94.167473,1,0,0,0,0,0,0,0,0,0
S(Cc1c(C)cccc1)C=1N([C@H](CC=2NC(=O)NC(=O)C=2)NN=1)c1ccc(OCC)cc1,,C39362600,99.990616,1,0,0,1,0,0,0,1,1,0
Clc1c([C@H](C#N)c2ccc(Cl)cc2)cc(C)c(Nc2c(N)c(N(CC#N)CC#N)ncn2)c1,,C40688670,88.327362,1,0,0,0,0,0,0,0,0,0
S(CCC)c1nn2[C@H](c3cc(O)ccc3)C(C(=O)Nc3c(OCC)cccc3)=C(C)Nc2n1,,C41019584,85.47139,1,0,0,0,0,0,0,0,0,0
Fc1c(c(F)ccc1)-c1oc(CCC(=O)Nc2ccc(NC(=O)NCc3occc3)cc2)nc1,,C45873207,100,1,0,0,1,0,0,0,0,0,0
O=C(N[C@@H](C)c1cc(NC(=O)c2ccccc2)ccc1)CN1C(=O)[C@@]2([C@@H](C)CCCC2)NC1=O,,C46777095,99.999779,1,0,0,0,0,0,0,0,1,0
S(C)c1c(c(N)n(CC(=O)Nc2c(C)cc(C)cc2)n1)-c1onc(-c2cc(C)ccc2)n1,,C46914632,92.685394,1,0,0,0,0,0,0,0,0,0
Clc1cc(F)c(NC(=O)Cn2c(N)c(c(SC)n2)-c2onc(-c3cc(C)ccc3)n2)cc1,,C46915242,92.970512,1,0,0,0,0,0,0,0,0,0
Fc1c(F)ccc(-n2nc(C(=O)Nc3ccc(NC(=O)NCc4occc4)cc3)c3CCCc23)c1,,C46918236,100,1,0,0,0,0,0,0,1,0,0
S([C@H](C)C=1NC(=O)c2ccccc2N=1)c1n(N)c(COc2c(C(C)C)ccc(C)c2)nn1,,C23328428,79.663063,1,0,0,0,0,0,0,0,1,0
Fc1ccc(OCc2oc(C(=O)Nc3ccc(NC(=O)NCc4occc4)cc3)cc2)cc1,,C21209358,100,1,0,0,0,0,0,0,0,0,0
O=C(N[C@@H](C)c1cc(NC(=O)c2ccccc2)ccc1)CN1C(=O)C2(NC1=O)CCC(CC)CC2,,C58821099,99.999779,1,0,0,0,0,0,0,0,1,0
Clc1cc(C)c(NC(=O)C(=O)N/N=C/c2ccc(OCC(=O)Nc3ccc(F)cc3)cc2)cc1,,C58881320,100,1,0,0,0,0,0,0,0,0,0
Fc1ccc(NC(=O)COc2ccc(/C=N/NC(=O)C(=O)Nc3cccc4ccccc34)cc2)cc1,,C58882000,100,1,0,0,0,0,0,0,0,0,0
S=C(NC(=O)c1c(OC)cccc1OC)NC1=CC(=O)/C(=C\2/Oc3cc(C)ccc3N/2)/C=C1,,C22572231,57.119759,1,0,0,0,0,0,0,0,0,0
S(=O)(=O)(N)c1ccc(/N=C\2/S/C(=C/c3cc(OCC)c(OCC=C)cc3)/C(=O)N/2)cc1,,C04470949,89.666145,1,0,0,1,0,0,0,1,0,0
O(CC)c1cc([C@H]2N[C@@H](c3ccc4C(=O)N(CCCc5ccccc5)C(=O)Nc4c3)ON2)ccc1,,C64870856,97.898872,1,0,0,0,0,1,0,0,0,0
Clc1cc(CN2C(=O)Nc3cc([C@H]4ON[C@H](c5c(OCC)cccc5)N4)ccc3C2=O)ccc1,,C64871076,98.81102,1,0,0,0,0,0,0,0,0,0
Clc1cc(CN2C(=O)Nc3cc([C@@H]4ON[C@H](c5cc(OCC)ccc5)N4)ccc3C2=O)ccc1,,C64871126,97.907631,1,0,0,0,0,0,0,0,0,0
Clc1ccc(CN2C(=O)Nc3cc([C@H]4ON[C@H](c5c(OCC)cccc5)N4)ccc3C2=O)cc1,,C64871180,98.810745,1,0,0,0,0,0,0,0,0,0
S=C(NC(=O)/C=C/c1ccc([N+](=O)[O-])cc1)Nc1cc(C)c(NC(=O)c2ccccc2)cc1,,C66198529,100,1,0,0,0,0,0,0,0,0,0
Clc1ccc([C@H]2C(C(OCc3ccccc3)=O)=C(C)NC(=O)N2)cc1,,C00634870,99.997269,1,0,0,0,0,1,0,0,1,0
O=C(Nc1cc(C)cc(C)c1)N1CCC(NC(=O)C2CCCCC2)CC1,,C04888455,100,1,0,0,0,0,0,0,0,0,0
O=C(Nc1sc2cc(C(=O)N[C@H](C)CC)ccc2n1)C1CCCCC1,,C00911906,100,1,0,0,0,0,0,0,1,0,0
Fc1ccc(Nc2sc(c(O)n2)C=2C(=O)N=C3C=CC=CC=23)cc1,,C05731574,99.987961,1,0,0,1,0,0,1,1,0,0
Fc1ccc(C(=O)NNC(=O)c2c(Oc3ccccc3)cccc2)cc1,,C06338240,100,1,0,0,1,0,0,0,0,0,0
Clc1cc(NC(ONC(=O)C23CC4CC(C2)CC(C3)C4)=O)ccc1,,C06550656,100,1,0,0,0,0,0,0,0,0,0
O=C(Nc1cc(C#N)ccc1)[C@@H](Nc1ccc(N2CCCCC2)cc1)C,,C07003043,99.999084,1,0,0,0,0,0,0,0,0,0
S(Cc1cc(F)ccc1)c1sc(NC(=O)Nc2ccccc2)nn1,,C09324233,99.909004,1,0,0,1,0,0,0,0,1,0
O=C(Nc1scc(-c2c(C)cc(C)c(C)c2)n1)CNC(=O)C(C)(C)C,,C08939349,100,1,0,0,1,0,1,0,1,1,0
O=C(C)C=1C(=O)C(Nc2ccccc2)=CC2=Nc3ccccc3NC=12,,C05498779,77.676964,1,0,0,1,0,0,1,0,0,0
Fc1ccc(-c2c(/C=N/NC(=O)c3ccc4ccccc4c3)c[nH]n2)cc1,,C17073917,59.534882,1,0,0,0,0,0,0,1,0,0
O=C(Nc1c(C)n(Cc2cc(C)ccc2)nc1C)Nc1c(C)cccc1,,C20540346,99.911728,1,0,0,1,0,0,0,0,1,0
O=C(Nc1ccc(Nc2ccccc2)cc1)Cc1nc2SC=Cn2c1,,C21007036,79.321609,1,0,0,1,0,1,0,1,0,0
O=[N+]([O-])c1ccc2[nH]c3[C@H](NC4Cc5ccccc5C4)CCCc3c2c1,,C22077808,99.244713,1,0,0,0,0,0,0,0,0,0
Fc1cc(NC(=O)[C@@H](Nc2ccc3oc(C4CC4)nc3c2)C)c(C)cc1,,C27042740,99.998863,1,1,0,1,0,1,0,1,1,0
O([C@@H](C)C(=O)NC1CCCCC1)C(=O)c1ccc2[nH]c(C)c(C)c2c1,,C09552016,100,1,0,0,0,0,0,0,0,0,0
O=C(Nc1sc2cc(NC(=O)CC3CCCCC3)ccc2n1)CC,,C32961185,100,1,0,0,0,1,0,0,1,1,0
Fc1ccc(-c2c(NC(=O)Nc3cc(C)ccc3)n3C=CC=Cc3n2)cc1,,C33312707,84.764038,1,0,0,0,0,0,0,0,0,0
Oc1c(C)cccc1/C=C/1\C(=O)C(C(OC)=O)=C(Nc2ccccc2)S\1,,C36257375,79.768761,1,0,0,0,0,0,0,0,0,0
Brc1cc([N+](=O)[O-])c(N[C@@H](CC)c2ccc(O)cc2)cc1,,C37140015,98.47271,1,0,0,0,0,0,0,0,0,0
O=C1C(Cc2ccccc2)=C(C)N=C(Nc2cccc3ncccc23)N1,,C25497410,79.686516,1,1,0,1,0,1,0,0,0,0
O=C(NC[C@H]1OCCC1)c1cc(Nc2c(C)cccc2)nc2ccccc12,,C04910812,86.512634,1,1,0,0,0,0,0,0,1,0
[O-]c1c(CC=C)cccc1/C=[NH+]/Nc1ncnc2sc3CCCCc3c12,,C04737888,96.965942,1,0,0,0,0,0,0,0,0,0
O=C(NC(CC)CC)Nc1ccc2CCCN(C(=O)c3ccccc3)c2c1,,C38699914,100,1,0,0,0,0,0,0,0,0,0
ClCC1=C(C(OC)=O)[C@H](c2ccc(C(C)C)cc2)C(C#N)=C(N)O1,,C39327982,100,1,0,0,0,0,0,0,0,1,0
S=C(/[NH+]=C/1\C=CC2=N[C@H](C)[N-]C2=C\1)NC(=O)c1cccc2ccccc12,,C39434212,85.691856,1,0,0,0,0,0,0,0,0,0
O([C@@H](C)C(=O)NC1CCCCC1)C(=O)c1[nH]c2cc(C)cc(C)c2c1,,C39536121,100,1,0,0,0,0,1,0,0,1,0
FC(F)(F)C=1[C@@H](Oc2ccccc2)C(c2c(O)c(C)c(O)cc2)=NN=1,,C39578003,88.056732,1,0,0,0,0,0,0,1,1,0
O=C(Nc1ccc(CCCC)cc1)[C@]1(C)C(=O)Nc2cc(C)ccc2O1,,C41548330,99.995628,1,0,0,1,0,0,0,1,1,0
Clc1c(C)ccc(NC=2NC(=O)N(C3CCCCC3)C(=O)C=2)c1,,C44023434,99.996414,1,0,0,0,0,0,0,0,1,0
O=C(Nc1cc(C)ccc1)N1C[C@H](C(=O)Nc2c(C)c(C)ccc2)CCC1,,C47409786,100,1,0,0,1,0,0,0,0,1,0
O=C1NC(N/N=C(/C)\c2ccc(CC)cc2)=NC(c2ccccc2)=C1,,C33906372,73.581161,1,0,0,1,0,1,0,1,1,0
Fc1ccc([C@@H](NC(=O)Nc2cc(C(C)C)ccc2)c2n(C)ccn2)cc1,,C54006368,77.440147,1,0,0,0,0,0,0,0,0,0
O=C(NCCCc1ccccc1)N1C[C@H](c2[nH]c3ccccc3n2)CCC1,,C09679768,85.377388,1,0,0,1,0,1,0,1,0,0
Fc1c(OCC)ccc(NC(=O)N2[C@@H](C)c3[nH]c4ccccc4c3CC2)c1,,C56702081,100,1,0,0,0,0,0,0,1,0,0
O=C(CN[C@@H](C(C)C)c1ccccc1)N1[C@H](C)CC(=O)Nc2ccccc12,,C29197785,62.73782,1,0,0,0,0,0,0,0,1,0
O=C(Nc1ccccc1)N1C[C@H](C(=O)NC(C)(C)CC(C)(C)C)CCC1,,C52818665,100,1,0,0,0,0,0,0,0,1,0
Clc1c(/C=N/NC(=O)C(=O)Nc2c(C)c(C)ccc2)ccc(Cl)c1,,C05419249,100,1,0,0,1,0,0,0,0,0,0
O=[N+]([O-])c1cccc2[C@@H]3[C@H]([C@H](c4ccc([NH+](CC)CC)cc4)Nc12)CC=C3,,C14461574,99.994614,1,0,0,0,0,0,0,0,0,0
Clc1ccc(-c2scc(C(=O)N3[C@@H](CC(=O)N)CCCC3)n2)cc1,,C60292119,100,1,0,0,1,0,1,0,0,1,0
FC(F)(F)c1cc([C@H](NC(=O)Nc2noc(C)c2)C(C)(C)C)ccc1,,C60374489,99.999458,1,0,0,0,0,0,0,0,1,0
FC(F)(F)c1cc([C@@H](NC(=O)Nc2noc(C)c2)C(C)(C)C)ccc1,,C60374490,99.999458,1,0,0,0,0,1,0,0,1,0
O=C(Nc1cc(C(=O)NC(C)(C)C)ccc1)N1[C@@H](CC(C)(C)C)CCC1,,C61772296,100,1,0,0,0,0,0,0,0,0,0
Brc1cc(/C=N/O)c(OCC(=O)Nc2cc(C)ccc2)cc1,,C15988021,100,1,0,0,1,0,0,0,1,1,0
S(CC=1N=N[C@@H]2OC(N)=C(C#N)[C@H](C(C)C)C=12)c1ccc(C)cc1,,C39977295,100,1,0,0,0,0,0,0,0,0,0
Fc1ccc(Nc2nc(C(=O)N[C@@H](C)CC)nc3ccccc23)cc1,,C35430105,98.209625,1,0,0,0,0,0,0,1,0,0
O=C(Nc1c(-c2ccccc2)nc2n1C=CC=C2)Nc1c(C)cccc1,,C64611146,85.565704,1,0,0,0,0,0,0,0,0,0
O=C(NC1CCCCC1)N1C[C@@](C)(C(=O)NCc2ccccc2)CCC1,,C65059200,100,1,0,0,0,0,0,0,0,0,0
S(CC1=NN=C2OC(N)=C(C#N)[C@@H](C(C)C)[C@H]12)c1ccc(C)cc1,,C04167677,83.479408,1,0,0,1,0,1,0,0,1,0
Fc1ccc(N2C[C@H](CNC(=O)Nc3c(OC)cc(C)cc3)CC2)cc1,,C66345212,100,1,0,0,0,0,0,0,0,0,0
O(C)C(=O)c1ccc(COc2c(/C=N/NC(=O)C(=O)Nc3ccc(C)cc3)cccc2)cc1,,C04302782,100,1,0,0,1,0,1,0,0,1,0
S(=O)(=O)(Nc1ccc(C)cc1)c1ccc(C(OCCCN2C(=O)Nc3ccccc23)=O)cc1,,C03372815,96.637054,1,0,0,1,0,0,0,1,0,0
S(=O)(=O)(NCC(=O)N/N=C/c1ccc(OC(=O)c2c(C)cccc2)cc1)c1ccc(C)cc1,,C04282966,86.394089,1,0,0,0,0,0,0,0,0,0
O=[N+]([O-])c1c(NC(=O)[C@@H](OC(=O)CCc2c[nH]c3ccccc23)c2ccccc2)ccc(C)c1,,C08649499,100,1,0,0,1,0,0,0,1,1,0
O=C(NC[C@@H]1OC(=O)N(c2cc(OCC)c(OCC)cc2)C1)Nc1ccc(C(C)(C)C)cc1,,C08868608,100,1,0,0,0,0,0,0,0,0,0
S(=O)(=O)(Nc1c(C)cc(C)cc1)c1cc([N+](=O)[O-])c(N[C@@H](C)c2oc(C)cc2)cc1,,C08746731,96.774895,1,0,0,1,0,0,0,0,1,0
O=[N+]([O-])c1ccc(NC(=O)c2c(NC(=O)CCCc3ccccc3)c3ccccc3o2)cc1,,C09414286,100,1,0,0,0,0,1,0,0,0,0
S(CC1=C(C(OCC)=O)[C@H](c2ccccc2)NC(=O)N1)c1n(-c2c(C)cc(C)cc2)cnn1,,C10558151,99.743927,1,0,0,1,0,0,0,0,0,0
S([C@@H](C(=O)Nc1c([N+](=O)[O-])cc(C)cc1)c1ccccc1)c1sc(NCC=C)nn1,,C11392881,92.384682,1,0,0,1,0,0,0,1,1,0
O=C(Nc1n(C=2NC(=O)C(C)=C(C)N=2)nc(-c2sccc2)c1)COc1ccc(C(C)C)cc1,,C11854960,98.634491,1,0,0,0,0,0,0,0,0,0
O=C(Nc1n(C=2NC(=O)C(CC)=C(C)N=2)nc(-c2sccc2)c1)c1ccc(OC(C)C)cc1,,C11855074,98.647751,1,0,0,1,0,0,0,0,0,0
O=C(Nc1n(C=2NC(=O)C=3CCCCC=3N=2)nc(C2CC2)c1)COc1ccc(C(C)C)cc1,,C12130553,98.611572,1,0,0,0,0,0,0,0,0,0
FC(F)(F)c1cc([N+](=O)[O-])c(N[C@@H](C)C(OCC(=O)N[C@@H]2[C@H](C)CCCC2)=O)cc1,,C12653891,99.980469,1,0,0,0,0,0,0,0,1,0
O(CCC)C(=O)c1ccc(NC(=O)CN2C(=O)C3(NC2=O)CCC(C(C)(C)CC)CC3)cc1,,C12796194,99.999771,1,0,0,0,0,0,0,0,0,0
O=[N+]([O-])c1c(O[C@@H](C)C(=O)Nc2ccc(NC(=O)CCc3ccccc3)cc2)cccc1,,C13631154,100,1,0,0,0,0,0,0,0,0,0
Clc1c(NC(=O)[C@H](OC(=O)c2c[nH]c3ccccc23)c2ccccc2)ccc([N+](=O)[O-])c1,,C17117699,100,1,0,0,0,0,0,0,1,0,0
S(CC(=O)Nc1n(-c2ccccc2)nc(C(C)(C)C)c1)c1sc(NCc2occc2)nn1,,C17983177,89.739716,1,0,0,0,0,0,0,0,0,0
S(Cc1ccc(C(=O)N/N=C/c2c(C)c(C(OCC)=O)c(C)[nH]2)cc1)c1nc(C)cc(C)n1,,C19321224,99.810692,1,0,0,0,0,0,0,0,0,0
O=[N+]([O-])c1ccc(COc2c(OC)cc([C@H]3NCCc4c5cc(OC)ccc5[nH]c34)cc2)cc1,,C12371481,96.408089,1,0,0,0,0,0,0,0,0,0
S(CC1=C(C(OCC)=O)CNC(=O)N1)C=1N(c2cc(C)c(C)cc2)C(=O)c2ccccc2N=1,,C21197436,98.6269,1,0,0,0,0,0,0,0,0,0
Clc1ccc2C(=O)N(CCC(C)C)C(SCC3=C(C(OCC)=O)CNC(=O)N3)=Nc2c1,,C21313917,97.331482,1,0,0,0,0,1,0,0,1,0
O(CCCC)C(=O)c1ccc(NC(=O)CN2C(=O)[C@@](C)(c3ccc4CCCc4c3)NC2=O)cc1,,C21471551,99.999596,1,0,0,0,0,0,0,0,0,0
S(CN1C(=O)c2ccccc2C1=O)c1n(N)c(COc2ccc(C(C)(C)C)cc2)nn1,,C22435874,99.860207,1,0,0,1,0,0,0,1,0,0
S([C@H](C)c1nc(N)nc(N(C)C)n1)c1n(CC=C)c(-c2ccc(C(C)(C)C)cc2)nn1,,C24985290,99.888184,1,0,0,1,0,0,0,0,0,0
S(=O)(=O)(N(CCCCC)C(=O)NC(=O)Nc1c(OCC)cccc1)c1ccc(C)cc1,,C27496097,100,1,0,0,0,0,0,0,0,1,0
S(=O)(=O)(NC[C@H](c1ccc(N(C)C)cc1)c1c[nH]c2ccccc12)c1c([N+](=O)[O-])cccc1,,C28914465,95.502533,1,0,0,0,0,1,0,1,1,0
ONc1ccnc2n([C@@H]3O[C@H](COc4ccc(C)cc4)[C@H](Oc4ccc(C)cc4)C3)cnc12,,C34633652,95.133369,1,1,0,0,0,0,0,1,0,0
S(CC=1N=C2N(C(=O)C=1)OC(C)=C2)c1c(NC(=O)Nc2ccc(OCC)cc2)cccc1,,C35429634,93.967979,1,1,0,1,0,1,0,0,0,0
OC12CC3(C(O[C@@H](C(=O)Nc4c([N+](=O)[O-])cc(C)cc4)c4ccccc4)=O)C[C@H](C1)C[C@H](C2)C3,,C18323868,100,1,0,0,1,0,0,0,0,1,0
O=C(NC1CCCCC1)N1CCN(C=2NC(=O)C=C(CN(CC)Cc3ccccc3)N=2)CC1,,C35564549,61.312351,1,0,0,1,0,1,0,1,0,0
Fc1ccc(-n2c(NC(=O)CN(CCOC)C(=O)NC(C)(C)C)nc(-c3ccccc3)c2)cc1,,C36045080,64.957741,1,0,0,0,0,0,0,0,0,0
S(CC1=C(C(OCC)=O)[C@H](c2ccccc2)NC(=O)N1)c1n(C)c(-c2c(C)cccc2)nn1,,C36627277,99.882576,1,0,0,0,0,0,0,0,0,0
S(=O)(=O)(N)c1ccc2N(CC(OCC)=O)/C(=N/C(=O)CCC3CCCCC3)/Sc2c1,,C38930475,98.357162,1,0,0,0,0,0,0,1,1,0
O([C@@H](C)C(=O)Nc1ccc(C(C)C)cc1)C(=O)CN1C(=O)[C@@]2(NC1=O)C[C@H](C)CC(C)(C)C2,,C21868863,99.999748,1,0,0,0,0,0,0,0,0,0
S(CC(=O)NCC1CCCCC1)c1c(C(=O)Nc2c(OC)ccc([N+](=O)[O-])c2)cccc1,,C39484432,100,1,0,0,1,0,0,0,0,1,0
O(CC(=O)Nc1ccc2OC3(Oc2c1)CCCC3)C(=O)[C@@H](NC(=O)c1ccc(C)cc1)C(C)C,,C39640940,100,1,0,0,0,0,0,0,0,1,0
Clc1c(Nc2c([N+](=O)[O-])c(NCc3c(Cl)cccc3)ncn2)ncc(C(F)(F)F)c1,,C40661421,95.661621,1,0,0,0,0,0,0,0,0,0
O(C)C(=O)c1c(NC(=O)N/N=C\c2cc(OC)c(OCCC)cc2)sc2CCCCc12,,C40844755,100,1,0,0,0,0,0,0,0,1,0
Clc1ccc(/C=N\NC(=O)Nc2c(C(OCC)=O)c(C)c(C(OCC)=O)s2)cc1,,C40846170,100,1,0,0,1,0,0,0,0,0,0
O=C(Nc1c(C)cccc1)C=1[C@@H](c2ccc(OCCc3ccccc3)cc2)n2nnnc2NC=1C,,C40922152,99.971626,1,0,0,0,0,0,0,0,0,0
O=C(Nc1c(C)cc(C)cc1)C=1[C@H](c2cc(OCCCC)ccc2)n2nnnc2NC=1C,,C40922564,99.97187,1,0,0,0,0,0,0,1,1,0
S(C)c1c(c(N)n(CC(=O)N(CC)c2cc(C)ccc2)n1)-c1onc(-c2ccc(C)cc2)n1,,C46915135,93.068001,1,1,0,0,0,0,0,0,0,0
Oc1c(OCC)cc(/C=N\N=C\2/N(Cc3occc3)C(=O)/C(=C/c3c(O)cccc3)/S/2)cc1,,C47137657,57.534515,1,0,0,0,0,1,0,0,0,0
O=[N+]([O-])c1ccc(C(NNC(=O)c2ccc(COc3cccc4cccnc34)cc2)=C)cc1,,C03338600,99.925774,1,0,0,0,0,0,0,0,0,0
O=C(N/N=C\1/C(=O)Nc2ccc(C(C)C)cc/12)c1cc(OCC)c(OCC)c(OCC)c1,,C03274956,99.999847,1,0,0,0,0,0,0,0,0,0
S(=O)(=O)(C)CC[C@H](NC(OCc1ccccc1)=O)C(=O)Nc1sc2cc(C)ccc2n1,,C58916293,100,1,0,0,0,0,0,0,0,1,0
O=[N+]([O-])c1cc(/C=C(\NC(=O)c2ccc(C(C)(C)C)cc2)/C(=O)Nc2sccn2)ccc1,,C59167988,100,1,0,0,0,0,0,0,0,1,0
S([C@H](C)C(=O)Nc1cc(OCC(=O)Nc2ccccc2)ccc1)c1ccc([N+](=O)[O-])cc1,,C59777931,100,1,0,0,0,0,0,0,0,0,0
S(CCC(=O)NC(c1ccccc1)c1ccccc1)c1[nH]nc(-c2ccc([N+](=O)[O-])cc2)n1,,C59793058,99.146172,1,0,0,1,0,0,0,0,0,0
O=C(Nc1c(C)cc([NH+](CC)CC)cc1)[C@H]1CN(c2nnc(-n3c(C)cc(C)n3)cc2)CCC1,,C62164263,99.967278,1,0,0,0,0,0,0,0,0,0
O=[N+]([O-])c1cc(-c2oc(/C=C(/NC(=O)c3ccccc3)\C(=O)NCC=C)cc2)ccc1,,C05005411,100,1,0,0,0,0,0,0,0,0,0
O(CC)C(=O)C=1[C@@H](c2cc(OCC)c(OCC)cc2)N2C(N)=C(C#N)SC2=NC=1C,,C06601894,99.999878,1,0,0,0,0,0,0,0,0,0
FC(F)(F)c1cc([N+](=O)[O-])c(Oc2ccc(C(=O)NC(=O)NC(C)(C)C)cc2)cc1,,C01040673,100,1,0,0,0,0,0,0,0,0,0
O(CC)C(=O)c1ccc(NC(=O)CN2C(=O)[C@](C)(c3cccc4ccccc34)NC2=O)cc1,,C08645422,99.99958,1,0,0,0,0,0,0,0,0,0
O=[N+]([O-])c1ccc(C(=O)Nc2c(C(=O)Nc3c(OC)cccc3)c3CCCc3s2)cc1,,C01188820,100,1,0,0,1,0,0,0,0,0,0
O=[N+]([O-])c1c(-c2oc(/C=C(\NC(=O)c3ccc(C)cc3)/C(=O)NC(C)C)cc2)cccc1,,C08927644,100,1,0,0,0,0,0,0,0,0,0
O(CC)C(=O)c1ccc(NC(=O)CN2C(=O)[C@](C)(c3ccc(C(C)(C)C)cc3)NC2=O)cc1,,C08948341,99.999603,1,0,0,0,0,0,0,0,0,0
O=C(NNC(=O)c1cc(OCc2nc3C(C)=CC=Cn3c2)ccc1)c1c(C)c2ccccc2o1,,C10372734,99.916862,1,0,0,1,0,0,0,0,0,0
O=C1N(C)C(=O)c2n(Cc3ccc(C)cc3)c(NCCc3c[nH]c4ccccc34)nc2N1C,,C08774918,99.633728,1,1,0,1,0,1,0,1,1,0
O([C@@H](C)C(=O)Nc1ccc(C(C)(C)C)cc1)C(=O)CN1C(=O)[C@@]2([C@@H](C)CCCC2)NC1=O,,C10747579,99.999748,1,0,0,0,0,0,0,0,1,0
S(CC(=O)NC(=O)N[C@@H]1[C@H](C)CCCC1)c1n(C2CCCCC2)c(-c2occc2)nn1,,C11152358,99.948479,1,0,0,0,0,0,0,0,0,0
S(CC1=C(C(OCC)=O)[C@H](c2occc2)NC(=O)N1)c1n(-c2c(C)c(C)ccc2)ccn1,,C10271448,79.808434,1,0,0,0,0,0,0,0,1,0
O=C(Nc1n(C=2NC(=O)C=C(CCC)N=2)nc(-c2occc2)c1)C12CC3CC(C1)CC(C2)C3,,C12007135,98.583519,1,0,0,0,0,0,0,0,0,0
Clc1c(/C=N/NC(=O)[C@H](NC(=O)c2ccc([N+](=O)[O-])cc2)Cc2ccccc2)cccc1,,C03203157,100,1,0,0,0,0,0,0,0,0,0
S(C)c1nn2[C@@H](c3c(OCC)cccc3)C(C(=O)Nc3c(OC)cccc3)=C(C)Nc2n1,,C09409668,87.122017,1,0,0,0,0,0,0,0,0,0
Brc1cc(C(=O)NNC(=O)c2c([N+](=O)[O-])cccc2)c(OCCC(C)C)cc1,,C14650669,100,1,0,0,0,0,0,0,0,1,0
S(Cc1onc(-c2cscc2)n1)c1n(N)c(COc2ccc(C(C)C)cc2)nn1,,C21736903,99.83728,1,0,0,1,0,0,0,1,0,0
O=[N+]([O-])c1c(N2CCC(C(=O)Nc3cc(NC(=O)c4sccc4)ccc3)CC2)cccc1,,C24028722,100,1,0,0,1,0,0,0,0,0,0
O=C(Nc1c(Oc2ccc(C)cc2)cccc1)CN1C(=O)[C@@](C)(c2ccc(C#N)cc2)NC1=O,,C24768121,99.99955,1,0,0,0,0,0,0,0,0,0
S([C@@H](C)c1oc(-c2ccccc2)nn1)c1n(N)c(COc2ccc(C(C)(C)C)cc2)nn1,,C26043282,99.827972,1,0,0,0,0,0,0,0,0,0
O=[N+]([O-])c1ccc([C@H]2C(C(OCC)=O)=C(N)OC=3C[C@@H](c4ccccc4)CC(=O)C2=3)cc1,,C27533149,99.998894,1,0,0,0,0,0,0,0,0,0
O=[N+]([O-])c1oc(/C=C(/NC(=O)c2c(C)cccc2)\C(=O)Nc2c(C)cc(C)cc2)cc1,,C28310133,100,1,0,0,0,0,0,0,0,0,0
O(CC(=O)NC1CCCCCCC1)C(=O)CN1C(=O)C2(NC1=O)CCC(C(C)(C)C)CC2,,C32828588,99.999756,1,0,0,0,0,0,0,0,1,0
O=[N+]([O-])c1c(C)ccc(C(=O)NCC(=O)Nc2c(Oc3cc(C)ccc3)cccc2)c1,,C32850713,100,1,0,0,0,0,0,0,0,1,0
FC(F)(F)[C@]1(O)N(CC)C(=O)N[C@@H]([C@H]1C(=O)c1sccc1)c1cc([N+](=O)[O-])ccc1,,C33773421,99.945015,1,0,0,0,0,0,0,0,0,0
O=[N+]([O-])c1cc(C(=O)NCCCN(C(=O)Nc2c(C)cccc2)c2ccccc2)ccc1,,C34972008,100,1,0,0,1,0,0,0,0,0,0
Fc1ccc(N(CCNC(=O)c2ccc([N+](=O)[O-])cc2)C(=O)Nc2cc(C)ccc2)cc1,,C34976380,100,1,0,0,0,0,0,0,0,0,0
FC(F)(F)c1ccc(-c2nc(N3C[C@@H](C(OCC)=O)CCC3)nc3nn(C)c(N)c23)cc1,,C35577459,66.754799,1,0,0,0,0,0,0,0,0,0
O=C(Nc1n(C2CCCC2)ncc1)CN1C(=O)[C@](C)(c2ccc(C(C)(C)C)cc2)NC1=O,,C36740770,99.543495,1,0,0,0,0,0,0,0,1,0
O(CC(=O)N1[C@H](C)CC(=O)Nc2ccccc12)C(=O)CNC(=O)C12CC3CC(C1)CC(C2)C3,,C36772002,99.999786,1,0,0,0,0,0,0,0,1,0
S([C@H](C)C(=O)NC(=O)NC1CCCCC1)c1n(C2CCCCC2)c(-c2occc2)nn1,,C24478499,99.945831,1,0,0,0,0,0,0,0,0,0
O=[N+]([O-])c1ccc([C@H]2C(C#N)=C(N)Oc3cc(OC(=O)/C=C/c4ccc(C)cc4)ccc23)cc1,,C38654557,100,1,0,0,0,0,0,0,0,0,0
O(Cc1ccccc1)c1ccc(OCC=2S[C@@H]3NN[C@H]([C@@H]4N=NC(C(C)C)=C4)N3N=2)cc1,,C38742687,99.755043,1,0,0,1,0,1,0,0,1,0
O=C(N/N=C/c1ccc(N(C)C)cc1)C1=NN=C(C=2[C@H](C)N(c3ccccc3)NC=2C)C1,,C38814891,89.196136,1,0,0,0,0,0,0,0,0,0
Clc1ccc(N2C(C)=CC(=O)C(C(=O)Nc3c(NC(=O)OC(C)(C)C)cccc3)=N2)cc1,,C40119333,99.999695,1,0,0,1,0,0,0,0,0,0
Brc1cnc(Nc2c([N+](=O)[O-])c(N[C@H](C)c3ccccc3)ncn2)cc1,,C40629160,94.339569,1,0,0,0,0,0,0,0,1,0
Brc1cnc(Nc2c([N+](=O)[O-])c(NCc3ccc(C)cc3)ncn2)cc1,,C40647290,94.296768,1,0,0,1,0,0,0,0,1,0
O=C(Nc1c(OCC)cccc1)C=1[C@H](c2ccc(C(C)(C)C)cc2)n2nnnc2NC=1C,,C41023116,99.97155,1,0,0,0,0,0,0,1,0,0
S(CCCC)C=1NC=2NC=3CCCC(=O)C=3[C@H](c3ccc([N+](=O)[O-])cc3)C=2C(=O)N=1,,C09494378,58.802849,1,0,0,0,0,0,0,0,0,0
FC(F)(F)c1cc([N+](=O)[O-])c(N2[C@H](C(=O)N/N=C/c3c(O)cccc3)CCC2)cc1,,C59202404,94.843102,1,0,0,0,0,0,0,0,1,0
O=[N+]([O-])c1cc(C(=O)NCC(=O)Nc2c(C)cccc2C)c(Oc2ccccc2)cc1,,C42342089,100,1,0,0,0,0,0,0,0,1,0
O(C)C(=O)c1c(C)c(C(=O)C)[nH]c1CC(=O)Nc1n(-c2cc(C)ccc2)nc(C(C)(C)C)c1,,C59251791,99.662247,1,0,0,0,0,0,0,0,0,0
Fc1c(Cc2[nH]c3ccc(NC(=O)COc4cc([N+](=O)[O-])ccc4)cc3n2)cccc1,,C59335115,43.894905,1,0,0,1,0,0,0,1,0,0
S(CC(=O)NC(c1ccccc1)c1ccccc1)c1[nH]nc(-c2ccc([N+](=O)[O-])cc2)n1,,C13300890,99.179688,1,0,0,0,0,0,0,0,0,0
O=[N+]([O-])c1ccc(OCC(=O)Nc2ccc(C(=O)Nc3cccc4ccccc34)cc2)cc1,,C59476552,100,1,0,0,0,0,0,0,0,0,0
O(C)C(=O)c1c(NC(=O)CN2C[C@H](C)N(c3ccc(OC)cc3)CC2)c2ccc(C)cc2[nH]1,,C13758889,89.365906,1,0,0,0,0,0,0,0,1,0
O=C([O-])c1ccc(/[NH+]=C/2\C(C(=O)NCc3occc3)=Cc3cccc(OC)c3O\2)cc1,,C13139700,92.851196,1,0,0,0,0,0,0,0,0,0
S(CC(=O)Nc1c(O)ccc([N+](=O)[O-])c1)c1ncnc2scc(-c3ccccc3)c12,,C62038998,62.538788,1,0,0,0,0,1,0,1,0,0
S(CC(=O)N/N=C/1\C(=O)Nc2ccccc\12)c1n(c(-c2ccccc2)nn1)-c1ccccc1,,C01207791,99.963776,1,0,0,1,0,0,0,1,0,0
FC(F)Oc1c(OCC)cc(/C=C/C(=O)/N=C\2/NC(c3c(OC)cccc3)=NN/2)cc1,,C48373852,97.607231,1,0,0,1,0,0,0,1,0,0
Clc1ccc([C@@]2(CC)C(=O)N(CC(=O)Nc3c(C)c([N+](=O)[O-])ccc3)C(=O)N2)cc1,,C03595243,99.99958,1,0,0,0,0,0,0,0,1,0
O=[N+]([O-])c1cc(C(=O)Nc2c(C(=O)NC(OCC)=O)c3CCCCc3s2)ccc1,,C05145799,100,1,0,0,0,0,1,0,0,0,0
O(CC(=O)NC(=O)N[C@@H]1[C@@H](C)CCCC1)C(=O)c1cc(OCc2c(C)onc2C)ccc1,,C08712416,100,1,0,0,1,0,0,0,0,1,0
Fc1cc(OCC2=C(C(OCC)=O)[C@H](c3sccc3)NC(=O)N2)c([N+](=O)[O-])cc1,,C08723715,99.98938,1,0,0,0,0,0,0,0,0,0
S([C@H](C)c1nc(N)nc(N(C)C)n1)c1n(c(-c2ccncc2)nn1)-c1c(C)cccc1,,C08726020,97.576828,1,0,0,0,0,0,0,0,0,0
Fc1c(F)c(NC(=O)CNC(=O)COC(=O)c2c([N+](=O)[O-])c(C)ccc2)ccc1F,,C09022483,100,1,0,0,1,0,1,0,0,1,0
O=[N+]([O-])c1c(C(=O)n2c(NCc3sccc3)nc(NCc3sccc3)n2)cccc1,,C09129621,77.029778,1,0,0,1,0,1,0,1,0,0
S=C(NC(=O)c1oc(-c2cc([N+](=O)[O-])ccc2)cc1)Nc1ccc2OC(=O)C=Cc2c1,,C02198502,100,1,1,0,0,0,0,0,0,0,0
O=[N+]([O-])c1cc(C(=O)Nc2c(C(=O)NC(OCC)=O)c3CCCCCc3s2)ccc1,,C09298458,100,1,0,0,0,0,1,0,0,0,0
S(CC=1NC(=O)c2ccc(C(OC)=O)cc2N=1)c1oc(-c2c[nH]c3ccccc23)nn1,,C09964004,75.671951,1,0,0,1,0,0,1,1,0,0
Brc1c(NC(=S)NC(=O)/C=C/c2cc([N+](=O)[O-])ccc2)ccc([N+](=O)[O-])c1,,C10012226,100,1,0,0,0,0,0,0,0,0,0
S(CC(=O)NC(=O)NC(C)(C)C)c1n-2c(N(CCC(C)C)C(=O)c3ccccc-23)nn1,,C10058312,99.293945,1,0,0,1,0,0,0,0,0,0
O=C(Nc1n(C=2NC(=O)C=C(c3ccccc3)N=2)nc(-c2occc2)c1)COc1ccccc1,,C12009231,97.141853,1,0,0,0,0,0,0,0,0,0
O=C(Nc1n(C=2NC(=O)C=3CCCCC=3N=2)nc(-c2occc2)c1)COc1cc(C)ccc1,,C12010419,98.533081,1,1,0,0,0,0,0,0,0,0
O(CC(=O)NC(=O)NC1CCCCC1)C(=O)C1=NN(c2ccccc2)C(=O)c2ccccc12,,C09634217,100,1,0,0,1,0,0,0,0,0,0
S(=O)(=O)(N(CC(=O)N[C@@H]1[C@@H](O)CCCC1)c1ccc([N+](=O)[O-])cc1)c1ccccc1,,C13575016,100,1,0,0,0,0,1,0,0,1,0
S(=O)(=O)(N(CC(=O)N[C@H]1[C@@H](O)CCCC1)c1ccc([N+](=O)[O-])cc1)c1ccccc1,,C13575024,100,1,0,0,0,0,1,0,0,1,0
S(=O)(=O)(NC(C)(C)C)c1cc([N+](=O)[O-])c(Oc2ccc3NC(=O)CCc3c2)cc1,,C14200455,97.808456,1,0,0,0,0,0,0,0,0,0
O=[N+]([O-])c1c(/C=C/C(=O)NNC(=O)c2c(-c3ccccc3)nn(-c3ccccc3)c2)cccc1,,C15540709,99.994881,1,0,0,1,0,0,0,0,0,0
O=[N+]([O-])c1ccc(/C=N/NC(=O)c2ccc(OCC(=O)Nc3ccccc3)cc2)cc1,,C15778089,100,1,0,0,0,0,0,0,0,0,0
S=C(NC(=O)c1cc([N+](=O)[O-])c(N2CCCCC2)cc1)Nc1ccc2OC(=O)C=Cc2c1,,C16383660,100,1,0,0,0,0,0,0,0,0,0
O=[N+]([O-])c1ccc([C@]2(C)C(=O)N(CC(=O)N[C@@H](C)c3cccc4ccccc34)C(=O)N2)cc1,,C18416332,99.999542,1,0,0,0,0,0,0,0,0,0
Oc1c(C(=O)C=2[C@H](N(CCC[NH+](C)C)C(=O)C=2[O-])c2ccc([N+](=O)[O-])cc2)cc(C)c(C)c1,,C20310059,86.061234,1,0,0,0,0,0,0,0,1,0
S(Cc1ccc(C(=O)NNC(=O)c2ccc([N+](=O)[O-])cc2)cc1)c1nc(C)cc(C)n1,,C22061073,99.810608,1,0,0,0,0,0,0,0,0,0
S(=O)(=O)(Nc1ccc(C)cc1)c1cc(C(O[C@@H](C)C(=O)Nc2noc(C)c2)=O)ccc1,,C22196082,96.613091,1,0,0,1,0,0,0,0,1,0
O(CC(=O)NC(=O)Nc1c(C)cc(C)cc1)C(=O)[C@H](C)N1C(=O)c2cc(C)ccc2C1=O,,C22522852,100,1,0,0,1,0,0,0,0,1,0
O=[N+]([O-])c1ccc(/C(=N/N=C\2/S[C@H](CC(=O)Nc3ccc(CC)cc3)C(=O)N/2)/C)cc1,,C28049693,91.899773,1,0,0,0,0,0,0,0,0,0
S(=O)(=O)(Nc1ncccc1)c1ccc(NC(=O)/C=C/c2ccc([N+](=O)[O-])cc2)cc1,,C30870478,99.91922,1,0,0,0,0,0,0,0,0,0
Fc1ccc([C@@]2(C)C(=O)N(CC(=O)N3CCC(NC(=O)OC(C)(C)C)CC3)C(=O)N2)cc1,,C32937092,99.999588,1,0,0,0,0,0,0,0,0,0
Clc1ccc(NC(=O)CCc2onc(CSc3[nH]nc(-c4occc4)n3)n2)cc1,,C33087451,98.97908,1,0,1,1,0,0,0,1,1,0
O=[N+]([O-])c1ccc(/C=N\NC(=O)[C@@H](C)CC=2C(=O)NC(c3ccccc3)=NC=2C)cc1,,C35993631,98.450111,1,0,0,1,0,0,0,0,0,0
S(CC1=C(C(OCC)=O)[C@@H](c2ccccc2)NC(=O)N1)c1oc(-c2c(C)occ2)nn1,,C36627246,99.988892,1,0,0,1,0,0,0,0,1,0
FC(F)Oc1ccc([C@@]2(C)C(=O)N(CC(=O)Nc3ccc(C(OC)=O)cc3)C(=O)N2)cc1,,C36848613,99.999596,1,0,0,0,0,0,0,0,1,0
O=C1N(C)C(=O)c2n(CCc3ccccc3)c(NNC(C)=C3C=CC(=O)C=C3)nc2N1C,,C05916570,74.754135,1,0,0,1,0,0,0,0,0,0
O([C@@H](C)C(=O)NC(=O)NC1CCCC1)C(=O)c1cc(C(C)C)nc2n(C(C)C)ncc12,,C07473072,99.805031,1,0,0,0,0,0,0,0,1,0
O(CC1c2ccccc2-c2ccccc12)C(=O)NCC(=O)NCC(=O)n1nnc2ccccc12,,C38529393,99.998161,1,0,0,1,0,1,0,0,1,0
O=[N+]([O-])c1ccc2nc(NC(=O)Cc3nc(NC(=O)c4cscc4)sc3)sc2c1,,C38739639,100,1,0,0,1,0,1,0,1,1,0
O(Cc1n(CC)c2C(=O)NC(=O)N(CCCC)c2n1)C(=O)c1[nH]c2cc(C)cc(C)c2c1,,C39536186,79.138313,1,1,0,1,0,0,1,0,0,0
O=[N+]([O-])c1c(NNC(=O)C(c2ccccc2)c2ccccc2)ncnc1N1CCC(C)CC1,,C40612965,52.598572,1,0,0,0,0,0,0,0,0,0
Brc1c(C(=O)NNc2c([N+](=O)[O-])c(OC3CCCCC3)ncn2)cccc1,,C40658404,76.642624,1,0,0,0,0,0,0,0,0,0
S(c1c([N+](=O)[O-])c(NNC(=O)Cc2ccccc2)ncn1)c1cccc2cccnc12,,C40659470,47.708637,1,0,0,1,0,0,0,0,0,0
S(=O)(=O)(NCC1CCN(C(=O)Nc2ccc(F)cc2)CC1)c1c(C)ccc([N+](=O)[O-])c1,,C43962338,96.499466,1,0,0,0,0,0,0,0,0,0
O=[N+]([O-])c1cc(OC)c(NC(=O)[C@@H]2CN(C(=O)NCc3sccc3)CCC2)cc1,,C49425867,100,1,0,0,1,0,1,0,0,1,0
O=[N+]([O-])c1ccc([C@]2(C)C(=O)N(CC(=O)N[C@@H](C3CC3)c3ccccc3)C(=O)N2)cc1,,C21626804,99.999542,1,0,0,0,0,0,0,0,1,0
O=C(Nc1n(-c2ccccc2)nc(C(C)(C)C)c1)CN1C(=O)[C@@](C)(c2occc2)NC1=O,,C31768163,99.678802,1,0,0,0,0,0,0,0,1,0
S(=O)(=O)(N1[C@@H](CNC(=O)Nc2ccccc2)CCCC1)c1c(C)c([N+](=O)[O-])ccc1,,C26819627,100,1,0,0,0,0,0,0,0,1,0
O=[N+]([O-])c1ccc([C@@]2(C)C(=O)N(Cc3cc(C(=O)Nc4ccccc4)ccc3)C(=O)N2)cc1,,C59421068,99.999634,1,0,0,0,0,0,0,0,0,0
S(=O)(=O)(N1CCCC1)c1c(NCCNc2nc3ccccc3cc2)ccc([N+](=O)[O-])c1,,C60061440,78.433884,1,0,0,0,0,0,0,0,1,0
S(=O)(=O)(NC1CCC(C)CC1)c1cc([N+](=O)[O-])c(N[C@H]2CN(C(C)C)C(=O)C2)cc1,,C60362934,97.057838,1,0,0,0,0,0,0,0,0,0
O(CC(C)C)C(=O)Nc1cc(NC(=O)COc2nn(C)c3nc(C)cc(C)c23)ccc1,,C60376058,98.822708,1,1,0,1,0,1,0,0,1,0
Clc1c(Cl)cccc1NC(=O)C(=O)N/N=C/c1cc([N+](=O)[O-])c(Cl)cc1,,C02553737,100,1,0,0,0,0,0,0,0,0,0
FC(F)(F)c1n(-c2ccc([N+](=O)[O-])cc2)ncc1NC(=O)Nc1ccc(F)cc1,,C01027121,99.999084,1,0,0,1,0,0,0,0,0,0
O=[N+]([O-])c1c(N(CC)CC)ccc([C@H]2C(C#N)=C(N)OC=3CC(C)(C)CC(=O)C2=3)c1,,C05795019,100,1,0,0,0,0,0,0,0,0,0
S(=O)(=O)(NNC(=O)c1ccc([N+](=O)[O-])cc1)c1ccc(C2CCCCC2)cc1,,C07385996,64.289658,1,0,0,0,0,0,0,0,0,0
O(C)C(=O)c1ccc2C(=O)NC(COC(=O)c3ccc4[nH]c(C)c(C)c4c3)=Nc2c1,,C08134490,79.502914,1,0,0,0,0,0,0,0,0,0
Fc1cc(NC(=O)c2c(NC(=O)c3cc([N+](=O)[O-])ccc3)c3ccccc3o2)ccc1,,C09344195,100,1,0,0,1,0,0,0,0,0,0
S(CCC(=O)NC(=O)NC12CC3CC(C1)CC(C2)C3)c1n(-c2ccc(C)cc2)nnn1,,C11617503,100,1,0,0,0,0,0,0,0,1,0
Fc1ccc(NC(=O)NCCOC2=Nn3c(-c4ccc(F)cc4)nnc3C=C2)cc1,,C11694589,99.967453,1,0,0,0,0,0,0,0,0,0
O=C(Nc1n(C=2NC(=O)C=C(CC)N=2)nc(-c2sccc2)c1)c1c(OCC)cccc1,,C11854547,98.610359,1,1,0,1,0,1,0,1,1,0
O(CC)C(=O)Nc1n(C=2NC(=O)C(Cc3ccccc3)=C(C)N=2)nc(-c2sccc2)c1,,C11855518,98.619064,1,0,0,0,0,0,0,1,0,0
O=C(Nc1n(C=2NC(=O)C=C(C(C)C)N=2)nc(-c2occc2)c1)c1ccc2ccccc2c1,,C12007789,98.531166,1,0,0,1,0,1,0,0,0,0
O[C@@]1(C)N(N2[C@@](O)(C)[C@](C)(Cc3ccccc3)OC2=O)C(=O)O[C@@]1(C)Cc1ccccc1,,C12402037,99.999107,1,0,0,0,0,0,0,0,0,0
Brc1c(OCC(=O)NNC(=O)c2ccc([N+](=O)[O-])cc2)ccc(C(C)C)c1,,C12580320,100,1,0,0,0,0,0,0,0,0,0
Brc1cc(C(=O)NNC(=O)c2c([N+](=O)[O-])cccc2)c(OCC(C)C)cc1,,C14666904,100,1,0,0,0,0,0,0,0,0,0
Brc1cc(C(=O)NNC(=O)c2cc([N+](=O)[O-])ccc2)c(OCC(C)C)cc1,,C14666997,100,1,0,0,0,0,0,0,0,0,0
O=[N+]([O-])c1cc(-c2oc(/C=C(\NC(=O)c3ccc(C)cc3)/C(=O)NC)cc2)ccc1,,C16711567,100,1,0,0,1,0,0,0,0,0,0
O=[N+]([O-])c1c(C)cccc1C(=O)NNC(=O)COc1c(-c2ccccc2)cccc1,,C17201819,100,1,0,0,0,0,0,0,0,0,0
O=C(N/N=C/c1ccc(C#N)cc1)C(C(=O)NN=Cc1ccc(C#N)cc1)[C@H]1CCCC=C1,,C19808654,99.998184,1,0,0,0,0,0,0,0,0,0
O=[N+]([O-])c1cc([C@@H]2C(C(=O)Nc3c(OC)cccc3)=C(C)NC=3CCCC(=O)C2=3)ccc1,,C06137221,100,1,0,0,0,0,0,0,0,0,0
S([C@@H](C)C(=O)NC(=O)Nc1c(C)cc(C)cc1)c1n(C2CCCCC2)nnn1,,C23200348,100,1,0,0,0,0,0,0,0,1,0
S(CC(=O)Nc1c(F)ccc([N+](=O)[O-])c1)c1sc(NC2CCCCC2)nn1,,C29356077,89.980621,1,0,0,0,0,0,0,0,1,0
S(CC(=O)Nc1c(C#N)c(c(-c2occc2)o1)-c1occc1)c1[nH]c2ccccc2n1,,C32697413,89.845711,1,0,0,1,0,0,0,0,0,0
O=[N+]([O-])c1ccc([C@@H]2C(C#N)=C(N)Oc3cc(OC(=O)c4sccc4)ccc23)cc1,,C38654625,100,1,0,0,0,0,0,0,0,0,0
N(/N=C/[C@]1(C)OC=CCC1)c1nnc(N/N=C/[C@@]2(C)OC=CCC2)c2ccccc12,,C17418206,99.995155,1,0,0,0,0,0,0,0,0,0
O=C(N/N=C/C=1[C@@H](C)N(c2ccccc2)NC=1C)[C@H]1N=NC(c2c(OCC)cccc2)=C1,,C38826457,79.067673,1,0,0,1,0,0,0,0,0,0
O=C(Oc1ccc([C@H]2C(C#N)=C(N)OC3=NN=C(C(C)(C)C)[C@H]23)cc1)c1occc1,,C04004494,84.167839,1,0,0,0,0,0,0,0,0,0
O(C)c1c(NC=2NC(=O)C=C(c3c(C)nc(N4CCC(C)CC4)nc3)N=2)cccc1,,C39383680,74.56617,1,1,0,0,0,0,0,1,0,0
Brc1cc(F)c(Nc2c([N+](=O)[O-])c(Nc3nc(C)ccc3)ncn2)cc1,,C40584811,89.693054,1,0,0,0,0,0,0,0,1,0
O(CC)C(=O)N/N=C/1\CCCc2oc(C(=O)Nc3sc4ccccc4n3)c(C)c\12,,C40825552,99.999771,1,0,0,0,0,0,0,0,0,0
S(CC=1N=C2N(C(=O)C=1)C=CC=C2)c1sc(NC(=O)Nc2c(C)ccc(C)c2)nn1,,C41086085,98.785286,1,0,0,1,0,0,0,1,0,0
O=[N+]([O-])c1ccc(C(=O)Nc2c(C(=O)NN=C(C)C)c3CCCCCc3s2)cc1,,C44452972,100,1,0,0,1,0,0,0,0,0,0
O(CC)C(=O)c1c(NC(=O)CN2C(=O)C3(NC2=O)CCCCCCC3)sc(CC)c1,,C08885491,99.999771,1,0,0,0,0,0,0,0,1,0
Clc1ccc2N=C(S[C@H](C)c3nc(N)nc(N(C)C)n3)N(CC(C)C)C(=O)c2c1,,C24900376,96.927635,1,0,0,1,0,0,0,0,0,0
O=[N+]([O-])c1ccc2NC(=O)/C(=N/NC(=O)[C@@H]3[C@@H](c4ccc(C(C)(C)C)cc4)C3)/c2c1,,C04505164,99.999329,1,0,0,0,0,0,0,0,0,0
O=[N+]([O-])c1ccc2NC(=O)/C(=N/NC(=O)[C@H]3[C@H](c4ccc(C(C)(C)C)cc4)C3)/c2c1,,C04505173,99.999329,1,0,0,0,0,0,0,0,0,0
CCC[C@H]1N(Cc2ccc(-c3c(-c4nnn[n-]4)ccnc3)cc2)c2[nH+]ccc(C)c2N1,,C52595487,62.221237,1,0,0,0,0,0,0,0,0,0
CCC[C@@H]1N(Cc2ccc(-c3c(-c4nnn[n-]4)ccnc3)cc2)c2[nH+]ccc(C)c2N1,,C52595490,62.221237,1,0,0,1,0,0,0,0,0,0
O(C)c1c(OC)ccc(CCN2CNC(Nc3nc(C)c4cc(C)cc(C)c4n3)=NC2)c1,,C20634451,87.920105,1,0,0,1,0,0,0,0,0,0
FC(F)(F)c1c(NC(=O)C=2[C@H](c3ccc([N+](=O)[O-])cc3)NC(=O)N(C)C=2C)cccc1,,C57458219,99.962929,1,0,0,1,0,0,0,0,0,0
Fc1ccc(-c2sc(C(=O)NNC(=O)COc3ccc([N+](=O)[O-])cc3)cc2)cc1,,C19616971,100,1,0,0,0,0,0,0,0,0,0
FC(F)(F)c1c(NC(=O)[C@@H](OC(=O)c2c[nH]c3ccccc23)C)ccc([N+](=O)[O-])c1,,C17118162,100,1,0,0,0,0,0,0,0,0,0
S([C@@H](C)c1nc(N)nc(N(C)C)n1)C=1N(CCCC)C(=O)c2c(C)c(C)sc2N=1,,C24884593,99.434044,1,0,0,0,0,0,0,0,1,0
S(=O)(=O)(NC(C)(C)C)c1oc(C(=O)/N=C\2/N(c3ccccc3)c3ccccc3N/2)cc1,,C59310174,56.694622,1,0,0,0,0,0,0,0,0,0
O=[N+]([O-])c1ccc(N2C(=O)/C(=C(\NCCc3c[nH]c4ccc(C)cc34)/C)/C(C)=N2)cc1,,C17091050,99.600945,1,0,0,0,0,0,0,1,0,0
Brc1ccc(C(=O)CSc2n(N)c(-c3ccc([N+](=O)[O-])cc3)nn2)cc1,,C59790251,99.878113,1,0,0,0,0,0,0,0,0,0
S(CC(=O)C1C2CC3CC1CC(C2)C3)c1n(N)c(-c2ccc([N+](=O)[O-])cc2)nn1,,C59790277,99.876167,1,0,0,0,0,0,0,0,0,0
Fc1ccc([C@H]2N3NC(/N=C(\[O-])/c4occc4)=NC3=[NH+][C@H](c3ccc(OC)cc3)C2)cc1,,C13122740,90.11718,1,0,0,0,0,0,0,0,0,0
O(C)C(=O)c1ccc([C@@H]2C(C(=O)Nc3c(C)cc(C)cc3)=C(C)Nc3n2ncn3)cc1,,C13131769,68.76799,1,0,0,0,0,0,0,0,0,0
O=C(N/N=C/1\C(=O)Nc2ccccc\12)[C@@H]1N=NC(c2cc(OCc3ccccc3)ccc2)=C1,,C38985352,96.24192,1,0,0,0,0,0,0,1,0,0
S(CC=1N=C2N(C(=O)C=1)C=C(C)C=C2)c1sc(NC(=O)Nc2ccc(C)cc2)nn1,,C46031615,98.840057,1,0,0,1,0,0,0,0,0,0
S(=O)(=O)(Nc1c(C)c(C)no1)c1ccc(NC(=O)/C=C/c2cc(OC)c(OCCC)cc2)cc1,,C06025841,98.537338,1,0,0,0,0,0,0,0,0,0
S(=O)(=O)(n1c(NCc2ccc(OC)cc2)nc(NCc2ccc(OC)cc2)n1)c1ccc(C)cc1,,C01067436,79.518486,1,0,0,0,0,0,0,0,0,0
S(=O)(=O)(Nc1ccc(C(=O)N/N=C/c2ccc(OC(=O)c3cnccc3)cc2)cc1)c1sccc1,,C06144657,63.821602,1,0,0,0,0,0,0,0,0,0
S(CC(=O)Nc1c(C)ccc([N+](=O)[O-])c1)c1n(c(CNc2c(C)cccc2C)nn1)-c1ccccc1,,C00869034,99.683754,1,0,0,0,0,0,0,0,0,0
O(CC(=O)NC(=O)NC12CC3CC(C1)CC(C2)C3)C(=O)c1cc(OCc2c(C)onc2C)ccc1,,C08712060,100,1,0,0,1,0,0,0,0,0,0
O(CC)C(=O)c1c(NC(=O)CN2C(=O)[C@](C)(c3ccc(OC)cc3)NC2=O)sc2C[C@H](C)CCc12,,C08889195,99.999603,1,0,0,0,0,0,0,0,0,0
Fc1ccc([C@]2(CC)C(=O)N(CC(=O)Nc3c(C(OCC)=O)c(-c4occc4)cs3)C(=O)N2)cc1,,C08891847,99.99955,1,0,0,0,0,0,0,0,0,0
S(=O)(=O)(N)c1ccc2N(CC=C)/C(=N/C(=O)c3cc(OCC)c(OCC)c(OCC)c3)/Sc2c1,,C09000030,98.60968,1,0,0,0,0,0,0,0,0,0
S([C@@H](C)C(=O)Nc1c(C(OCC)=O)c2CCCCCc2s1)c1n2C(CC)=CC(=O)Nc2nn1,,C09018289,97.746582,1,1,0,0,0,0,0,1,0,0
S(CC(=O)Nc1cc([N+](=O)[O-])c(C)cc1)c1n(c(CNc2c(C)cccc2C)nn1)-c1ccccc1,,C06443456,99.683769,1,0,0,0,0,0,0,0,0,0
Clc1ccc([C@@H]2C(C(OCC)=O)=C(COC(=O)[C@@H]3CN(C4CCCC4)C(=O)C3)NC(=O)N2)cc1,,C09218991,99.987991,1,0,0,0,0,0,0,0,1,0
S(CC(=O)Nc1c(C(OC)=O)c(C)c(C(OC)=O)s1)c1sc(Nc2c(F)cccc2)nn1,,C09349166,96.353279,1,0,0,1,0,0,0,0,0,0
S([C@H](C)C(=O)Nc1c(C(OCC)=O)c2CCCc2s1)c1nc(O)c2cnn(C(C)(C)C)c2n1,,C09521066,83.33271,1,1,0,0,0,0,0,1,0,0
S(=O)(=O)(N(C)c1ccc(C(OCC(=O)NC(=O)NC2CCCCC2)=O)cc1)c1ccc(C)cc1,,C10148358,100,1,0,0,0,0,0,0,0,0,0
Clc1ccc(COc2c(C(OCC(=O)NN3C(=O)C4(NC3=O)CCC(C)CC4)=O)cccc2)cc1,,C10364311,99.676796,1,0,0,0,0,0,0,0,0,0
O(CC)C(=O)c1c(NC(=O)[C@@H](OC(=O)CC2=NNC(=O)c3ccccc23)C)sc2C[C@H](C)CCc12,,C10913237,86.336411,1,1,0,0,0,0,0,1,0,0
O(CC)C(=O)c1c(NC(=O)[C@@H](OC(=O)CC2=NNC(=O)c3ccccc23)C)sc2C[C@@H](C)CCc12,,C10913242,86.336411,1,1,0,0,0,0,0,1,1,0
S(=O)(=O)(N(C)c1ccccc1)c1cc(C(OCC(=O)NC(=O)N[C@H]2[C@H](C)CCCC2)=O)ccc1,,C11503040,100,1,0,0,0,0,0,0,0,0,0
S(CC(=O)Nc1ccc(C)cc1)c1c(C(OCC(=O)Nc2c(C)c([N+](=O)[O-])ccc2)=O)cccc1,,C11682620,100,1,0,0,1,0,0,0,0,0,0
S(CC(=O)NCCc1ccccc1)C=1N(c2ccc([N+](=O)[O-])cc2)C(=O)c2[nH]c3ccccc3c2N=1,,C08923757,98.697845,1,0,0,1,0,0,0,0,0,0
S(CC(=O)Nc1c(C(OCC)=O)c(CC)c(C)s1)C=1NC(=O)c2cnn(-c3ccccc3)c2N=1,,C12586583,72.350632,1,1,0,1,0,0,0,1,0,0
S(=O)(=O)(N)c1ccc2N(CC(OCC)=O)/C(=N/C(=O)c3ccc(N(CC)CC)cc3)/Sc2c1,,C09809640,98.316116,1,0,0,0,0,0,0,0,0,0
S(=O)(=O)(N(C)c1ccccc1)c1cc(C(OCC(=O)NC(=O)Nc2c(C)c(C)ccc2)=O)ccc1,,C16214113,100,1,0,0,1,0,0,0,0,0,0
O=C(N[C@@H](C)CC)CN1C(=O)C2(N(c3ccccc3)C1)CCN(C(=O)Nc1ccc(OCC)cc1)CC2,,C16613115,100,1,0,0,0,0,0,0,0,0,0
S(c1c(C(OCC2=C(C(OCC)=O)[C@H](c3occc3)NC(=O)N2)=O)cccn1)c1ccccc1,,C19012286,99.63736,1,0,0,0,0,0,0,0,1,0
Fc1c(NC(=O)COc2c(C(OCC(=O)Nc3cccc4nsnc34)=O)cccc2)cccc1,,C19107031,99.990631,1,0,0,0,0,1,0,0,0,0
Brc1c(NC(=O)COC(=O)[C@@H](NC(=O)c2ccc(C)cc2)C(C)C)ccc([N+](=O)[O-])c1,,C19351030,100,1,0,0,0,0,0,0,0,1,0
S(CCC(=O)N(c1ccccc1)c1ccccc1)c1nc(N/N=C/c2c(C)n(C(C)C)nc2C)[nH]n1,,C20905160,90.7957,1,0,0,0,0,0,0,0,0,0
O=C(NNC=1N(CC)C(=O)c2ccccc2N=1)[C@@H]1[C@@H](N(CCCC)C(=O)CC1)c1c(OC)cccc1,,C22699892,99.633095,1,0,0,0,0,0,0,0,0,0
S(=O)(=O)(Nc1c(OC)cccc1)c1cc(NC(=O)CCc2onc(-c3sccc3)n2)ccc1,,C22705601,94.441864,1,0,0,1,0,0,0,0,0,0
O(CC)C(=O)N1CCC(C(=O)Nc2c(OCC)cc(NC(=O)c3ccccc3)c(OCC)c2)CC1,,C24007262,100,1,0,0,0,0,0,0,0,0,0
O(C(C)(C)C)C(=O)N1C[C@H]2[C@@H](c3cc(OCC)c(OCCC)cc3)C(C#N)(C#N)C(N)=C(C#N)C2=CC1,,C01825880,100,1,0,0,0,0,0,0,0,0,0
O=C(Nc1scc(-c2ccc(NC(=O)C(C)(C)C)cc2)n1)CCN1C(=O)OC(c2sccc2)=N1,,C32808734,100,1,0,0,0,0,0,0,0,0,0
S(=O)(=O)(c1c(C)ccc(C)c1)C1(C(OCC2=C(C(OCC)=O)[C@@H](CC)NC(=O)N2)=O)CCCC1,,C32858473,99.989464,1,0,0,0,0,0,0,0,1,0
O=[N+]([O-])c1cc(C(=O)N[C@@H]2[C@H](NC(=O)c3nc(COc4ccc(C)cc4)sc3)CCCC2)ccc1,,C34905277,100,1,0,0,0,0,0,0,0,1,0
O=[N+]([O-])c1cc(C(=O)N[C@@H]2[C@@H](NC(=O)c3nc(COc4ccc(C)cc4)sc3)CCCC2)ccc1,,C34905278,100,1,0,0,0,0,0,0,0,0,0
O=[N+]([O-])c1ccc(/C=C/C(=O)Nc2cc(C(=O)NCCCOC)c(N3CCc4ccccc4C3)cc2)cc1,,C33855666,100,1,0,0,0,0,1,0,0,0,0
Oc1ccc(C(=O)N(Cc2occc2)[C@@H](C(=O)NC(C)(C)CC(C)(C)C)c2ccc([N+](=O)[O-])cc2)cc1,,C36500368,82.879929,1,0,0,0,0,0,0,0,0,0
O(CC)C(=O)C=1[C@H](c2ccccc2)N2C(=O)/C(=C/c3cc(OC)c(OCC(=O)N)cc3)/SC2=NC=1C,,C02697390,98.083282,1,0,0,0,0,0,0,0,0,0
O=C(Oc1ccc2[C@@H](c3cc(OC)c(OC)c(OC)c3)C(C#N)=C(N)Oc2c1)COc1ccc(C)cc1,,C38660478,100,1,0,0,0,0,0,0,0,0,0
O=C(Oc1ccc2[C@H](c3cc(OC)c(OC)c(OC)c3)C(C#N)=C(N)Oc2c1)COc1c(C)cccc1,,C38660489,100,1,0,0,0,0,0,0,0,0,0
S(CC(=O)N[C@@H]1[C@H](C(OCC)=O)C=2CCCCC=2S1)[C@@H]1N=C(N/N=C/c2sccc2)N=N1,,C39404359,88.636826,1,0,0,0,0,0,0,0,0,0
O(CC(=O)Nc1ccc(Oc2ccccc2)cc1)C(=O)CN1C(=O)[C@]2(NC1=O)C[C@H](C)CC(C)(C)C2,,C21138866,99.999748,1,0,0,0,0,0,0,0,1,0
O(CC)C(=O)c1ccc(N2[C@@H](c3ccc(OCC(=O)N)cc3)C=3C(=O)c4cc(C)ccc4OC=3C2=O)cc1,,C39880226,100,1,0,0,0,0,0,0,1,0,0
O=[N+]([O-])c1cc(/C=C(\NC(=O)/C=C/c2ccccc2)/C(=O)NCCC2=NC3=CC=CCC3=N2)ccc1,,C39949604,85.783501,1,0,0,0,0,0,0,0,0,0
S(=O)(=O)(N1C[C@@H](C)CCC1)c1cc([N+](=O)[O-])c(N[C@@H](C)c2ccc(NC(=O)C3CC3)cc2)cc1,,C40067617,99.995743,1,0,0,0,0,0,0,0,0,0
S(Cc1ccc(C(=O)NNC(=O)[C@@H](Sc2ccc([N+](=O)[O-])cc2)C)cc1)c1nc(C)cc(C)n1,,C45915849,99.8106,1,0,0,0,0,0,0,0,0,0
S(CC(=O)N(c1ccccc1)c1ccccc1)c1nc(N/N=C/c2c(C)n(CC=C)nc2C)[nH]n1,,C59831324,84.900604,1,0,0,0,0,0,0,0,0,0
O=C(/N=C(/Nc1nc(C)cc(C)n1)\[N-]CCC=1C[NH+]=C2C=C(OC)C=CC=12)/C=C/c1ccc(OC)cc1,,C63744070,33.913052,1,0,0,1,0,0,0,0,0,0
O(C)CCNC(=O)CN1CCN(C=2Sc3n(c(NC4CCCC4)c(-c4ccc(C)cc4)n3)N=2)CC1,,C64451961,71.893517,1,0,0,0,0,0,0,0,0,0
O=C(NCc1ccccc1)CN1C(=O)C2(N(c3ccccc3)C1)CCN(C(=O)Nc1c(OC)cccc1)CC2,,C04185308,100,1,0,0,1,0,0,0,0,0,0
O=C([O-])CC1(CC(=O)NC[C@@H]2[NH+]3C[C@H](c4n(C)nc(-c5cc(OC)c(OC)cc5)c4)[C@H](C2)CC3)CCCC1,,C08635490,98.372444,1,0,0,0,0,0,0,0,1,0
S(CC(=O)Nc1sc(SCC)nn1)c1n(c(CNC(=O)c2occc2)nn1)-c1cc(C)ccc1,,C08792791,99.674492,1,1,0,0,0,0,0,0,0,0
Clc1c(N2CCN(C(=O)c3occc3)CC2)ccc(NC(=S)NC(=O)c2cc([N+](=O)[O-])ccc2)c1,,C08897876,100,1,0,0,0,0,0,0,0,0,0
S(CC(=O)Nc1c(OCC)cccc1)c1sc(NC(=O)[C@H]2CN(c3cc(C)c(C)cc3)C(=O)C2)nn1,,C08909082,99.938164,1,0,0,1,0,0,0,1,0,0
S(=O)(=O)(N1CCCCC1)c1ccc(C(=O)Nc2c(C(=O)NC(OCC)=O)c3CCCCc3s2)cc1,,C09297979,100,1,0,0,0,0,0,0,0,0,0
S(=O)(=O)(N1CCCC1)c1ccc(C(=O)Nc2c(C(=O)NC(OCC)=O)c3CCCCCc3s2)cc1,,C09298469,100,1,0,0,0,0,0,0,0,0,0
S(=O)(=O)(N[C@H](Cc1ccccc1)C(=O)N[C@H](C)c1ccccc1)c1ccc2N(C)C(=O)N(C)C(=O)c2c1,,C09636356,88.095917,1,0,0,0,0,0,0,0,0,0
O(CC(=O)Nc1ccc(C(OCC)=O)cc1)C(=O)CC1(CC=2NS(=O)(=O)c3ccccc3N=2)CCCC1,,C09529619,100,1,0,0,0,0,0,0,0,0,0
S(=O)(=O)(N(C)C(C)C)c1ccc(C(=O)Nc2c(C(=O)NC(OCC)=O)c3CC[C@@H](C)Cc3s2)cc1,,C10098866,100,1,0,0,0,0,0,0,0,0,0
O=C(Nc1n(C=2NC(=O)C=C(CCC)N=2)nc(-c2sccc2)c1)C[C@H]1N2C(=O)C=C(C)N=C2SC1,,C11854844,96.29142,1,0,0,1,0,0,0,0,1,0
O=C(Nc1n(C=2NC(=O)C(CC)=C(C)N=2)nc(-c2sccc2)c1)[C@@H]1CN(c2ccc(OC)cc2)C(=O)C1,,C11855176,98.644081,1,0,0,0,0,0,0,0,0,0
S(CC(=O)Nc1c(C(OC)=O)cccc1)C1=C(C#N)[C@H]([C@H](C(OC)=O)C(=O)N1)c1ccc(OCC)cc1,,C12250486,99.916153,1,0,0,0,0,0,0,0,0,0
S(=O)(=O)(N)c1ccc2N(CC(OCC)=O)/C(=N/C(=O)c3c(S(=O)(=O)CC)cccc3)/Sc2c1,,C12312465,99.473427,1,0,0,0,0,0,0,0,1,0
S(=O)(=O)(NCC(O[C@@H](C(=O)Nc1c([N+](=O)[O-])cc(C)cc1)c1ccccc1)=O)/C=C/c1ccccc1,,C12643937,82.93734,1,0,0,0,0,0,0,0,0,0
Clc1c(C)n(-c2ccc(C(OCC3=C(C(OCC)=O)[C@@H](c4oc(C)cc4)NC(=O)N3)=O)cc2)nc1C,,C12744891,99.678505,1,0,0,0,0,0,0,0,0,0
S(=O)(=O)(N1CCC(C)CC1)c1ccc(N[C@H](C(=O)NC(C)(C)C)c2cc(OC)c(OC)c(OC)c2)cc1,,C13028296,99.996399,1,0,0,0,0,0,0,0,0,0
S(=O)(=O)(Nc1c(C(=O)N[C@H](C)c2ccccc2)cccc1)c1c(C(OC)=O)c(C)c(C(OC)=O)s1,,C13129233,55.155731,1,0,0,0,0,0,0,0,0,0
O(C)C(=O)c1ccc(-n2c(C)c(C(=O)COC(=O)[C@H](NC(=O)C)Cc3c[nH]c4ccccc34)cc2C)cc1,,C02645040,100,1,0,0,0,0,1,0,1,0,0
S(=O)(=O)(N(CC(=O)N/N=C(\C)/c1cc(NC(=O)C)ccc1)c1ccc(C)cc1)c1ccc(OCC)cc1,,C13575032,99.999901,1,0,0,0,0,0,0,0,0,0
S(=O)(=O)(N1CCCCC1)c1cc(C(=O)NNC(=O)COc2ccc(C(=O)c3ccccc3)cc2)ccc1,,C13778434,100,1,0,0,0,0,0,0,0,0,0
O(C)C(=O)C=1/C(=C/c2oc(CNC(=O)C(=O)Nc3ccccc3)cc2)/C(=O)N(c2ccc(C(C)C)cc2)C=1C,,C02079937,100,1,0,0,0,0,0,0,0,0,0
O(C)C(=O)c1n(CCCc2ccccc2)c2ncc(NCc3ncccc3)cc2c1NC(=O)[C@@H]1COCC1,,C14732118,96.550385,1,0,0,0,0,0,0,0,0,0
O(CC)C(=O)CN1C(=O)[C@]2(C(C(OCCCC)=O)=C(N)OC=3c4ccccc4OC(=O)C2=3)c2ccccc12,,C16007200,100,1,0,0,0,0,0,0,0,0,0
O=[N+]([O-])c1sc([C@H]2C(C(OC)=O)=C(C)NC(C)=C2C(OCCOc2ccc(NC(=O)C)cc2)=O)cc1,,C19923950,99.961029,1,0,0,0,0,0,0,0,0,0
O=C(Nc1ccc(OCC)cc1)[C@H]1[C@@H]2O[C@@]3([C@@H](C(=O)NC4CCCCC4)N(C[C@H]4OCCC4)C(=O)[C@H]13)C=C2,,C20106522,100,1,0,0,0,0,0,0,0,0,0
S(=O)(=O)(N1CCC(C)CC1)c1ccc2N(CC=C)C(=O)/C(=N\NC(=S)Nc3ccc(OC)cc3)/c2c1,,C20679250,100,1,0,0,0,0,0,0,0,0,0
O(C)C(=O)c1n(CCc2ccccc2)c2ncc(NCc3c(C)nn(C)c3)cc2c1NC(=O)[C@H]1COCC1,,C20999060,97.815033,1,0,0,1,0,1,0,0,0,0
O(C)C(=O)c1n(CCc2ccccc2)c2ncc(NCc3c(C)nn(C)c3)cc2c1NC(=O)[C@@H]1COCC1,,C20999062,97.815033,1,1,0,1,0,1,0,0,0,0
O=[N+]([O-])c1cc(NC(=O)c2c(C)c(C(OCC)=O)c(NC(=O)c3cc(OC)c(OC)cc3)s2)ccc1,,C21225257,100,1,0,0,0,0,0,0,0,0,0
Fc1ccc(OCc2scc(C(OCC3=C(C(OCC)=O)[C@H](c4oc(C)cc4)NC(=O)N3)=O)n2)cc1,,C24839399,99.738144,1,0,0,0,0,0,0,0,1,0
O(CC)C(=O)c1c(C)c2C(=O)N(CC(=O)Nc3ccccc3)C(=O)N(CC(=O)NC3CCCCC3)c2s1,,C34776989,100,1,0,0,1,0,0,0,0,0,0
O(C)C(=O)[C@H]1[C@]2(C)Oc3ccccc3[C@H]1N1C(=O)/C(=C/c3cc(OC)c(OCC(=O)N)cc3)/SC1=N2,,C35718093,93.450356,1,0,0,0,0,0,0,0,0,0
O(C)C(=O)[C@@H]1[C@]2(C)Oc3ccccc3[C@H]1N1C(=O)/C(=C/c3cc(OC)c(OCC(=O)N)cc3)/SC1=N2,,C35718096,93.450356,1,0,0,0,0,0,0,0,0,0
S(=O)(=O)(N1CCC(C(=O)N[C@H]2[C@H](NC(=O)c3c(C)cccc3)CCCC2)CC1)c1ccc([N+](=O)[O-])cc1,,C35955578,100,1,0,0,0,0,0,0,0,0,0
O(CC)C(=O)C=1[C@H](c2c(OC)c(OC)ccc2)NC(=O)N(C)C=1CN1C[C@@H](C)N(C(=O)NC(C)C)CC1,,C36013918,82.772118,1,0,0,0,0,0,0,0,0,0
O=C(NCc1cnccc1)[C@H]1N(Cc2cc(C)ccc2)C(=O)O[C@H]1c1ccc(NC(=O)c2occc2)cc1,,C36217160,99.572021,1,0,0,0,0,1,0,0,0,0
Fc1ccc(CN2[C@H](C(=O)NCCOC)[C@H](c3ccc(NC(=O)c4c(OC)cccc4)cc3)OC2=O)cc1,,C36219554,100,1,0,0,0,0,0,0,0,0,0
O=C(NCc1ncccc1)[C@H]1N(Cc2c(C)cccc2)C(=O)O[C@@H]1c1ccc(NC(=O)c2occc2)cc1,,C36220429,98.958031,1,0,0,0,0,1,0,0,0,0
O(C)CCNC(=O)[C@@H]1N(Cc2cc(OC)ccc2)C(=O)O[C@@H]1c1ccc(NC(=O)c2ccc(C)cc2)cc1,,C36221127,100,1,0,0,0,0,0,0,0,0,0
O=[N+]([O-])c1cc(Cn2cc(/C=C/3\C(=O)N(CC(=O)Nc4cc(C)ccc4)C(=O)N\3)c3ccccc23)ccc1,,C39556236,99.989685,1,0,0,0,0,0,0,0,0,0
S(CC(=O)c1cc([N+](=O)[O-])ccc1)c1n(c([C@@H](NC(=O)c2cc(C)ccc2)CO)nn1)-c1ccccc1,,C39757272,99.764465,1,0,0,0,0,0,0,0,0,0
Clc1ccc(C(=O)N[C@H](CO)c2n(c(SCc3ccc([N+](=O)[O-])cc3)nn2)-c2ccccc2)cc1,,C39758328,99.717194,1,0,0,0,0,0,0,1,0,0
S(CC(=O)Nc1c(C#N)c2CC[C@H](C(C)(C)C)Cc2s1)c1n(C)c([C@H](NC(=O)c2occc2)C)nn1,,C39773016,99.851181,1,0,0,0,0,0,0,0,0,0
O=C(N[C@@H](C(C)C)C(=O)N1C[C@@H](C)N(C(=O)c2cc(OC)c(OC)c(OC)c2)CC1)Nc1c(C)cccc1,,C40356461,100,1,0,0,0,0,0,0,0,1,0
O=C(N(CC)CC)COc1c(OC)cc([C@@H]2C(C(=O)Nc3c(C)c(C)ccc3)=C(C)Nc3n2ncn3)cc1,,C41023671,78.626549,1,0,0,0,0,0,0,0,1,0
Oc1c(OC)cc(/C=C\2/C(=O)N(Cc3occc3)/C(=N\N=C/c3cc(OC)c(O)cc3)/S/2)cc1OC,,C47137440,37.048935,1,0,0,0,0,0,0,0,0,0
O=C(N([C@@H](C(=O)NC[C@@H]1OCCC1)c1c[nH]c2ccccc12)c1cc(C)ccc1)Cn1nc(-c2sccc2)nn1,,C00887720,90.594231,1,0,0,0,0,1,0,1,0,0
O=C(N/N=C/1\C(=O)N(C(C)C)c2ccc(C)cc\12)CCC(=O)N/N=C\1/C(=O)N(C(C)C)c2ccc(C)cc/12,,C38180204,100,1,0,0,0,0,0,0,0,0,0
S=C(NC(=O)c1cc([N+](=O)[O-])c(N2CCCC2)cc1)Nc1c(N2CCOCC2)ccc(C(OC)=O)c1,,C57328300,100,1,0,0,0,0,0,0,0,0,0
S=C1N(CCC(=O)NNC(=O)c2c([N+](=O)[O-])cccc2)C(=O)/C(=C/C=C/c2ccccc2)/S1,,C08820466,100,1,0,0,0,0,0,0,0,0,0
FC(F)(F)c1cc(-c2nn(CC3=C(C(OCC)=O)[C@@H](c4ccccc4)NC(=O)N3)nn2)ccc1,,C08825088,99.989113,1,0,0,0,0,0,0,0,0,0
O(CC)C(=O)c1c(NC(=O)CN2C(=O)[C@@]3(NC2=O)CCc2ccccc32)scc1-c1occc1,,C08890557,99.999535,1,0,0,0,0,0,0,0,0,0
S([C@@H](C)C(=O)Nc1c(C(OCC)=O)c2CCCCc2s1)c1n2C(CC)=CC(=O)Nc2nn1,,C09018285,97.746574,1,0,0,0,0,0,0,1,0,0
S(=O)(=O)(N)c1ccc2N(CCOC)/C(=N/C(=O)c3oc4c(OCC)cccc4c3)/Sc2c1,,C08962727,99.636436,1,0,0,0,0,0,0,0,0,0
O(CC)C(=O)NC(=O)c1c(NC(=O)c2cc(OC)c(OC)c(OC)c2)sc2C[C@H](C)CCc12,,C09298226,100,1,0,0,0,0,0,0,0,0,0
O(C)C(=O)[C@@H](/N=C(\CC)/C1C(=O)N(c2ccc(C)cc2)C(=O)NC1=O)Cc1c[nH]c2ccccc12,,C09424389,99.994644,1,0,0,0,0,1,0,0,0,0
FC(F)(F)c1c(NC(=O)COC(=O)C[C@@H]2C(=O)Nc3ccccc3S2)ccc([N+](=O)[O-])c1,,C09544333,99.999374,1,0,0,0,0,1,0,0,1,0
S(CC(=O)NN1C(=O)[C@](C)(c2ccccc2)NC1=O)c1n(C2CC2)c(-c2c(F)cccc2)nn1,,C09780690,99.400192,1,0,0,0,0,0,0,0,0,0
O(CC)C(=O)c1ccc(NC(=O)/C=C\2/C(=O)N(CC(=O)Nc3cc(C)ccc3)C(=O)S/2)cc1,,C09833247,100,1,0,0,0,0,0,0,0,0,0
S(=O)(=O)(N(C)C1CCCC1)c1ccc(C(=O)Nc2c(C(=O)NC(OCC)=O)ccs2)cc1,,C10130701,100,1,0,0,0,0,0,0,0,0,0
O(CC(=O)Nc1c(Oc2ccccc2)cccc1)C(=O)CN1C(=O)[C@@]2([C@@H](C)CCCC2)NC1=O,,C10753828,99.999748,1,0,0,0,0,0,0,0,1,0
O(CC(=O)NC(=O)Nc1c(C)c(C)ccc1)C(=O)CCC1=C(C)n2nc3ccccc3c2N=C1C,,C10817764,99.930557,1,1,0,1,0,1,0,0,1,0
O(CC(=O)NN1C(=O)C2(NC1=O)CCC(C)CC2)C(=O)c1c(OCc2ccccc2)cccc1,,C10863995,99.676796,1,0,0,0,0,0,0,0,0,0
S(=O)(=O)(/N=C\1/NCCCCC/1)c1cc(NC(=O)COC(=O)c2ccc(N(C)C)cc2)ccc1,,C11030745,99.998062,1,0,0,1,0,0,0,0,0,0
Fc1ccc(OCC(=O)Nc2n(C=3NC(=O)C=C(c4ccccc4)N=3)nc(-c3occc3)c2)cc1,,C12009278,97.141533,1,0,0,0,0,0,0,0,0,0
S(=O)(=O)(N(C)Cc1ccccc1)c1ccc(NC(=O)CN2C(=O)C3(NC2=O)CCCC3)cc1,,C12687117,99.999771,1,0,0,0,0,0,0,0,0,0
S(=O)(=O)(N[C@H](C(C)C)C(O[C@H](C)C(=O)N1CC(=O)Nc2ccccc12)=O)c1ccc(C)cc1,,C12779935,84.035774,1,0,0,0,0,0,0,0,0,0
O([C@H](C)C(=O)NC(=O)NCC)C(=O)c1cc(-c2sccc2)nc2n(-c3ccccc3)nc(C)c12,,C13098552,99.950775,1,0,0,0,0,1,0,0,0,0
S(CC(=O)Nc1sccn1)c1n(c(CNC(=O)c2occc2)nn1)-c1c(C)c(C)ccc1,,C09611618,99.748756,1,1,0,1,0,0,0,0,1,0
S(=O)(=O)(N[C@H](C)C(O[C@H](C)C(=O)N1C(C)(C)C(=O)Nc2ccccc12)=O)c1ccc(F)cc1,,C14242119,85.669403,1,0,0,0,0,0,0,0,0,0
S(=O)(=O)(N(CC(=O)NNC(=O)c1c(C)c2ccccc2o1)Cc1occc1)c1ccc(C)cc1,,C15942128,100,1,0,0,1,0,0,0,0,0,0
O=C(Nc1ccc(OCCCC)cc1)/C=N/N1C(=O)[C@@H]2N(C(=O)C1)Cc1[nH]c3ccccc3c1C2,,C15955429,100,1,0,0,0,0,0,0,0,0,0
S(=O)(=O)(N1CCCC1)c1c(OC)ccc(C(=O)NNC(=O)[C@H](Oc2c(C)c(C)ccc2)C)c1,,C16070478,100,1,0,0,0,0,0,0,0,0,0
FC(F)(F)c1ccc2N(C(=O)[C@H](OC(=O)c3c(C)c(C(OCC)=O)c(C)[nH]3)C)CC(=O)Nc2c1,,C16713773,99.99836,1,0,0,1,0,0,0,0,0,0
S(=O)(=O)(N1CCC(C(=O)NNC(=O)c2ccc(F)cc2)CC1)c1ccc(C(OCC)=O)cc1,,C17359386,100,1,0,0,0,0,0,0,0,0,0
O(CC)C(=O)Nc1ccc2C(COC(=O)C34CC5(NC(=O)C)C[C@@H](C3)C[C@H](C5)C4)=CC(=O)Oc2c1,,C18272456,100,1,0,0,0,0,0,0,0,1,0
S(=O)(=O)(NC1CC1)c1ccc(C(O[C@H](C)C(=O)N2C(C)(C)C(=O)Nc3ccccc23)=O)cc1,,C18523678,96.891037,1,0,0,0,0,0,0,0,0,0
O(C)C(=O)CN1C(N)=C(C(OCCCC)=O)[C@]2(C(=O)OC=3CC(C)(C)CC(=O)C2=3)c2ccccc12,,C20583271,99.999489,1,0,0,0,0,0,0,0,1,0
Clc1cc(C)c(OCCCC(=O)NNC(=O)CN2C(=O)N(C)C3(C2=O)CCCCC3)cc1,,C21899482,100,1,0,0,1,0,0,0,0,1,0
Clc1cc(-n2ncc3C(=O)NC(SCC(=O)c4c(C)c(C(OC)=O)c(C)[nH]4)=Nc23)ccc1,,C22614064,72.790199,1,1,0,0,0,0,0,0,0,0
S=C1N(CC=C)C(Cc2nc(NC(=O)c3cc(C4CC4)nc4n(C(C)C)ncc34)sc2)=NN1,,C23041848,99.152473,1,0,0,0,0,0,0,1,0,0
O(C)C(=O)c1c(NC(=O)CN2C(=O)[C@](C)(c3ccc(OC)cc3)NC2=O)sc2C[C@@H](C)CCc12,,C23656684,99.999603,1,0,0,0,0,0,0,0,0,0
S(=O)(=O)(C)c1cc([N+](=O)[O-])c(NCCNC(=O)Cc2coc3ccc4ccccc4c23)cc1,,C24189153,99.995895,1,0,0,1,0,0,0,0,1,0
O=C(Nc1ccc(NC(=O)[C@H](C)n2ncnc2)cc1)/C=C/c1c(C)n(Cc2ccc(C)cc2)nc1C,,C25295996,94.925949,1,0,0,0,0,0,0,0,0,0
Fc1ccc([C@@]2(CCCC)C(=O)N(CC(=O)N3C[C@H](C(=O)NC)Oc4ccccc34)C(=O)N2)cc1,,C29379585,99.999557,1,0,0,1,0,0,0,0,1,0
FC(F)(F)c1cc([N+](=O)[O-])c(N2CCC(C(=O)Nc3cc(OCC(=O)NC)ccc3)CC2)cc1,,C31522796,100,1,0,0,0,0,0,0,0,0,0
O=C(Nc1ccc(CCCC)cc1)CN1C(=O)c2sc(N3C[C@H](C(=O)NC)CCC3)nc2N=C1,,C33141167,99.745522,1,0,0,0,0,0,0,0,0,0
O=C(Nc1ccc2CCCc2c1)CN1C(=O)c2sc(N3C[C@H](C(=O)NCCC)CCC3)nc2N=C1,,C33141377,99.745552,1,0,0,0,0,0,0,0,0,0
S(CC(=O)NC1CCCC1)c1n-2c(N(CCC(=O)NC3CCCC3)C(=O)c3ccccc-23)nn1,,C33292087,99.317307,1,0,0,1,0,0,0,0,0,0
O(CC)C(=O)c1c(C)c(C(=O)NC)sc1NC(=O)C1CCN(c2oc3ccccc3n2)CC1,,C39539237,100,1,0,0,0,0,0,0,0,0,0
S(CC(=O)NC(=O)NC12CC3CC(C1)CC(C2)C3)c1n(CCOC)c(-c2ccncc2)nn1,,C36640511,97.373169,1,0,0,0,0,0,0,0,1,0
FC(F)(F)c1cc(NC(=O)CCN2C(=O)c3ccccc3N=N2)c(NC(=O)OC(C)(C)C)cc1,,C40139122,99.998413,1,0,0,1,0,0,0,0,0,0
O=C(NN1C(=O)[C@](C)(CCc2ccccc2)NC1=O)CCC1=C(C)n2nc3ccccc3c2N=C1C,,C45652595,99.641594,1,0,0,0,0,0,0,0,0,0
O=C(N[C@@H](C)c1ccc(NC(=O)C2CC2)cc1)C1CCN(c2c(C#N)nc(-c3occc3)o2)CC1,,C46818618,100,1,0,0,0,0,0,0,0,0,0
O=C(NCCC=1n2nc(-c3sccc3)nc2SC=1)C(=O)Nc1cc(N2C(=O)CCC2)c(C)cc1,,C49505121,99.187737,1,1,0,1,0,0,0,0,0,0
FC(F)(F)[C@@]1(NC(=O)c2c(OC)c(OC)c(OC)cc2)C(=O)N(CC2CCCCC2)C(=O)N1,,C13776925,86.700394,1,0,0,0,0,0,0,0,0,0
O([C@H](C)C(=O)NC(=O)NC1CCCC1)C(=O)c1cc(-c2sccc2)nc2n(C(C)C)ncc12,,C11052322,99.891998,1,0,0,0,0,0,0,0,1,0
S=C(N/C(=N\c1nc(C)cc(C)n1)/N1CCN(c2ncccn2)CC1)Nc1cc(C)c(C)cc1,,C14160447,60.602161,1,0,0,0,0,0,0,0,0,0
S(=O)(=O)(/N=C\1/NCCCCC/1)c1ccc(NC(=O)CCCN2C(=O)c3ccccc3C2=O)cc1,,C13070298,99.997894,1,0,0,0,0,0,0,0,0,0
Oc1c([C@H](Nc2[nH+]c(C)ccc2)c2ncccc2)ccc2ccc(C)nc12,,C00684054,36.185509,1,1,0,1,0,0,0,1,1,0
Oc1c([C@@H](Nc2[nH+]ccc(C)c2)c2cnccc2)ccc2ccc(C)nc12,,C02470579,53.877483,1,1,0,1,0,0,0,1,0,0
O=C(Nc1ccccc1)N1C(Nc2nc(C)cc(C)n2)=[NH+][C@@H]2CCCC[C@H]12,,C01107407,62.85173,1,0,0,0,0,0,0,0,0,0
O=C(NC1C[C@@H]2[NH+](Cc3occc3)[C@H](C1)CCC2)Nc1c(C)cccc1,,C04883374,98.608391,1,0,0,1,0,1,0,0,1,0
Clc1ccc(N2C(=O)[C@H]3[C@@H](C(=O)N)[NH+]4C=Cc5ccccc5[C@@H]4[C@H]3C2=O)cc1,,C04899107,99.993736,1,0,0,0,0,0,0,0,0,0
Clc1cc(N2C(=O)NC(=O)C=3C[NH+]([C@H](C)c4ccccc4)CNC2=3)ccc1,,C05352886,71.104103,1,0,0,1,0,1,0,1,0,0
S(=O)(=O)(NC1CC(C)(C)[NH2+]C(C)(C)C1)c1ccc([N+](=O)[O-])cc1,,C06634171,96.660271,1,0,0,1,0,0,0,0,1,0
Fc1c(NC(=O)NC(=O)C[NH+](C)[C@@H]2CCCc3ccccc23)cccc1,,C07987023,77.783669,1,0,0,1,0,1,0,0,1,0
O=C(NC1CC(C)(C)[NH2+]C(C)(C)C1)COc1cccc2CC(C)(C)Oc12,,C08236486,99.993217,1,0,0,0,0,0,0,0,1,0
O=C(N[C@H]1C[NH+](C)[C@@H]2Cc3c[nH]c4cccc([C@@H]2C1)c34)N(CC)CC,,C04245704,99.413345,1,0,0,0,0,0,0,0,0,0
Fc1ccc(-n2nc(C(=O)NC3CC(C)(C)[NH2+]C(C)(C)C3)c3CCCc23)cc1,,C10404924,99.993637,1,0,0,0,0,0,0,0,0,0
FC(F)(F)[C@@H]1C[NH+](CC(=O)NC(=O)Nc2ccccc2)CCC1,,C15443960,98.788719,1,0,0,0,0,0,0,0,1,0
O(CC)c1c([C@@H]2NC(=O)c3c(sc4C[NH+](C)CCc34)N2)c2ccccc2cc1,,C20080726,89.160629,1,0,0,0,0,0,0,1,1,0
Fc1c(NC(=O)NCc2c(-n3cccc3)sc3C[NH+](C)CCc23)cccc1,,C20927360,99.078102,1,0,0,1,0,1,0,1,0,0
O=C(NC1CC(C)(C)[NH2+]C(C)(C)C1)c1cc(C)nc2n3CCCCCc3nc12,,C29600698,93.901375,1,0,0,0,0,0,0,0,0,0
O=[N+]([O-])c1cc(/C=C/[C@H]2NC(=O)c3c(sc4C[NH+](C)CCc34)N2)ccc1,,C33403563,86.483742,1,0,0,0,0,0,0,0,0,0
O=C(NCc1ccccc1)[C@H]1[C@@]2(C(=O)Nc3ccccc23)[NH+]2CCC[C@H]2C1,,C35310556,68.739151,1,0,0,0,0,0,0,0,1,0
O=C(NCc1ccccc1)[C@@H]1[C@@]2(C(=O)Nc3ccccc23)[NH+]2CCC[C@H]2C1,,C35310557,68.739151,1,0,0,0,0,0,0,0,1,0
O=C(NCC(C)C)[C@@H]1[NH2+]C2(SC1)CCN(C(=O)C1CCCCC1)CC2,,C35380972,60.482162,1,0,0,0,0,0,0,0,1,0
Oc1c([C@H](Nc2[nH+]ccc(C)c2)c2cnccc2)ccc2cccnc12,,C00086350,51.449848,1,0,0,1,0,0,1,1,0,0
O=[N+]([O-])c1ccc(-c2c(C[NH+]3CCCCCC3)n3C=C(N)C=Cc3n2)cc1,,C36274009,94.551804,1,0,0,1,0,0,0,1,0,0
O[C@@H]1[C@H](C(OC)=O)[C@H]2C[C@@H]3[NH+](CCc4c5ccccc5[nH]c34)C[C@@H]2CC1,,C03860825,99.356194,1,0,0,0,0,0,0,0,0,0
N(C1CCCCC1)c1scc(C=2[C@H](C)N([C@H](C)C=2)c2[nH]ncn2)[nH+]1,,C39438968,52.617725,1,0,0,1,0,1,0,0,1,0
O(CC)C(=O)C=1[C@@H]([C@@H]2C(=O)[NH+]=C3C(C)=C(C)C=CC3=C2)NC(=O)NC=1C,,C39724550,99.920357,1,0,0,0,0,0,0,0,0,0
O=C(N[C@H]1Sc2ccccc2N1)/C(=C/C=1C[NH+]=C2C=CC=CC=12)/C#N,,C39978344,66.26416,1,0,0,0,0,0,0,0,1,0
Oc1cc(/N=C/2\S/C(=C/C=3C[NH+]=C4C=CC=CC=34)/C(=O)N\2)ccc1,,C39984778,93.997612,1,0,0,1,0,0,0,1,0,0
Brc1oc(-c2onc(C3([NH3+])CCC(CC)CC3)n2)cc1,,C41155713,88.853134,1,0,0,0,0,0,0,0,0,0
Clc1c(NC(=O)C[C@H]2[NH2+]CCC2)c2nsnc2c(Cl)c1,,C42167455,99.446503,1,0,0,1,0,1,0,0,0,0
O=C(NC1CC(C)(C)[NH2+]C(C)(C)C1)N(C)Cc1ccc(C#N)cc1,,C46890257,99.993782,1,0,0,0,0,0,0,0,0,0
Fc1c(C[NH+]2CCC(NC(=O)Nc3cccc4cnccc34)CC2)cccc1,,C47325294,96.840469,1,0,0,0,0,0,0,0,1,0
Brc1cc([N+](=O)[O-])c(N[C@H](C)[C@H]2C[NH2+]CCC2)cc1,,C50163926,99.891808,1,0,0,0,0,1,0,0,0,0
O=C1N/C(=C/2\N=[NH+]C=N\2)/Nc2c1sc1C[C@@H](C(C)(C)C)CCc21,,C53851329,95.086395,1,0,0,0,0,0,0,1,0,0
O=C1N(CC[C@@H]2[NH2+]CCCC2)C(=O)N[C@@]1(C)c1cc(C)c(C)cc1,,C57848548,99.92984,1,0,0,1,0,1,0,0,1,0
O=C([O-])C=1[NH+]=C2[NH+]=C(C)NN2[C@@H](c2cc(Oc3ccccc3)ccc2)C=1,,C19962487,97.304245,1,0,0,0,0,0,0,0,0,0
O=C(NC1CC[NH+](C)CC1)N1C[C@H](C(=O)NC2CCCCC2)CCC1,,C62474637,99.814735,1,0,0,0,0,0,0,0,0,0
Brc1ccc2ncc([N+](=O)[O-])c([C@H](CC)[C@H]([NH3+])C)c2c1,,C63035102,99.409454,1,0,0,0,0,0,0,0,0,0
O=C1N([C@@H]2Sc3ccccc3N2)NC(C)=C1/C=[NH+]/C1CCCCC1,,C39252968,99.818542,1,0,0,0,0,0,0,1,0,0
Clc1cc(C(=O)NNC(=O)CC=2C[NH+]=C3C=CC=CC=23)ccc1,,C63786869,87.671852,1,0,0,0,0,0,0,0,0,0
O=C(Nc1scc(C=2[C@@H](C)[NH+]=C3C=CC=CC=23)n1)C=1[C@H](C)ONC=1C,,C63855193,90.177299,1,0,0,0,0,0,0,0,0,0
O=C(Nc1scc(C=2C[NH+]=C3C=CC=CC=23)n1)C=1[C@@H](C)ONC=1C,,C64705405,84.200172,1,0,0,0,0,0,0,0,0,0
O=C(NC1CCCC1)c1nc(N2C[C@H](c3ccccc3)[NH2+]CC2)ccc1,,C65256250,92.978226,1,0,0,0,0,0,0,0,0,0
O=C(N1C[C@@]2(/C(=[NH+]/C3CCCC3)/Nc3ccccc3N2)CCC1)c1nccnc1,,C65259970,73.386551,1,0,0,0,0,0,0,0,0,0
S(=O)(=O)(CCC)N1C[C@]2(/C(=[NH+]/C(C)(C)C)/Nc3ccccc3CN2)CC1,,C65266036,64.307228,1,0,0,0,0,0,0,0,1,0
O=C(N[C@@H]1C[C@H](C2CCCCC2)O[C@H](c2c(C)[nH+]c(CC)[nH]2)C1)C,,C65394079,49.257111,1,0,0,0,0,0,0,0,0,0
OC1(C[NH+]2CCC(C(=O)Nc3ncc(C)cc3)CC2)CCCCC1,,C65511353,98.131447,1,0,0,0,0,1,0,0,1,0
Brc1cc(OC)c(NC(=O)NC2CC[NH+](C3CC3)CC2)c(C)c1,,C65786237,99.924171,1,0,0,0,0,0,0,0,1,0
Clc1c(NC(=O)NC[C@]2([NH+](C)C)C[C@@H](C)CCC2)cccn1,,C65818832,99.81192,1,0,0,0,0,1,0,0,1,0
N(C1CC(C)(C)[NH2+]C(C)(C)C1)c1nc(-c2ccncc2)nc2CCCc12,,C66797610,71.187599,1,0,0,1,0,1,0,0,0,0
O=C(NC1CC(C)(C)[NH2+]C(C)(C)C1)c1c(C)n(-c2cccc3cccnc23)nn1,,C67134656,99.913437,1,0,0,0,0,1,0,0,0,0
Fc1ccc(NC(=O)Nc2cccc3C[NH+](Cc4cnccc4)CCc23)cc1,,C67401472,96.298958,1,0,0,1,0,1,0,0,1,0
Brc1cc(C)c(O)c(/C=N/NC(=O)OC(C)(C)C)c1,,C00507563,95.350334,1,0,0,0,0,0,0,0,0,0
FC(F)(F)C1=NN(C(=O)c2c(O)c(C)ccc2)[C@](O)(C(C)(C)C)C1,,C00279577,57.259109,1,0,0,0,0,0,0,0,1,0
FC(F)(F)c1c(NC(=O)Nc2noc(C(C)(C)C)c2)cccc1,,C00621249,99.999519,1,0,0,0,0,0,0,0,0,0
S(CC(=O)NC(=O)NC(C)(C)C)c1nc2c(C)cccc2c(C)c1,,C03381766,99.367867,1,0,0,1,0,1,0,0,0,0
S(CC)c1sc(NC(=O)NC23CC4CC(C2)CC(C3)C4)nn1,,C05673890,99.884445,1,0,0,0,0,0,0,0,1,0
FC(F)(F)[C@@]1(O)N(C(=O)c2c(O)cccc2)N=C2[C@@H](C)CCC[C@H]12,,C06525616,55.053085,1,0,0,0,0,0,0,0,0,0
Fc1ccc(C2=C(N[C@@H]3[C@H](C)[C@H](C)CCC3)n3ncc(C#N)c3N2)cc1,,C06768752,98.58757,1,0,0,0,0,0,0,0,0,0
S=C1N(CC(C)C)[C@@H](N(O)C(=O)Nc2ccccc2)C(C)(C)S1,,C00850727,66.739555,1,0,0,0,0,0,0,0,1,0
Clc1ccc(CNc2nc(SC)nc3[nH]c(C)nc23)cc1,,C01845563,38.56554,1,0,0,1,0,0,0,1,0,0
Fc1c(NC(=O)N[C@H](C)c2c(C)n(-c3c(C)cccc3)nc2)cccc1,,C12373661,99.979881,1,0,0,0,0,0,0,0,0,0
Fc1c(NC(=O)N[C@@H](C)c2c(C)n(-c3c(C)cccc3)nc2)cccc1,,C12373662,99.979881,1,0,0,0,0,0,0,0,1,0
O=C(N1CCCC1)c1[nH]cc(-c2nc(Nc3cc(C)ccc3)sc2)c1,,C12563314,100,1,0,0,0,0,0,0,0,1,0
Fc1ccc([C@@H]2Nc3c(O)cc([N+](=O)[O-])cc3[C@@H]3[C@@H]2CC=C3)cc1,,C14549633,97.596619,1,0,0,1,0,0,0,0,0,0
O=C(Nc1ccccc1)N1CCC(C(=O)Nc2c(CC)cccc2)CC1,,C14709990,100,1,0,0,0,0,0,0,0,0,0
Oc1ccc(-c2c(NC3CCCCCC3)n3C=CN=Cc3n2)cc1,,C15414470,88.379089,1,1,0,1,0,0,0,1,0,0
O=C(Nc1cc(C)ccc1)N1C[C@H](c2[nH]c3ccc(C)cc3n2)CCC1,,C06628551,42.768764,1,0,0,0,0,1,0,0,1,0
Fc1c(NC(=O)Nc2sc(-c3c(C)cccc3)nn2)cccc1,,C13550365,99.939056,1,0,0,0,0,0,0,0,0,0
Oc1ccc([N+](=O)[O-])c2[C@H]3[C@H]([C@H](c4c(C)ccs4)Nc12)CC=C3,,C20687723,89.304466,1,0,0,0,0,0,0,0,0,0
Oc1cc([N+](=O)[O-])cc2[C@H]3[C@H]([C@@H](c4sc(C)cc4)Nc12)CC=C3,,C20689062,97.591042,1,0,0,0,0,0,0,0,0,0
Oc1c([C@H]2Nc3ccc(C)cc3[C@@H]3[C@H]2CC=C3)cc([N+](=O)[O-])cc1,,C20709168,71.531631,1,0,0,0,0,0,0,0,0,0
S=C1N[C@H](c2oc(-c3ccc(F)cc3)cc2)C(C(OC)=O)=C(C)N1,,C28422580,99.999557,1,0,0,0,0,0,0,0,0,0
O=C1N(C2CCCCC2)C(=O)C=2CC[C@@H](Nc3c(C)c(C)ccc3)C=2N1,,C32603985,99.999077,1,0,0,0,0,0,0,0,0,0
Oc1c(C(C)(C)C)cc([C@]2(O)N3CCOCC3=NC2)cc1C(C)(C)C,,C33621743,59.505581,1,0,0,0,0,0,0,0,1,0
Clc1ccc(-n2c(N)c(N=O)c(-c3ccc(Cl)cc3)n2)cc1,,C35932538,99.95298,1,0,0,1,0,0,0,1,0,0
S=C1N(/N=C/c2c(O)cccc2)C(c2ccc(C(C)(C)C)cc2)=NN1,,C02351125,83.57415,1,0,0,0,0,0,0,1,0,0
Oc1c([C@@H]2Nc3c(C(C)C)cccc3[C@@H]3[C@@H]2CC=C3)cc([N+](=O)[O-])cc1,,C14476087,71.520538,1,0,0,0,0,0,0,0,0,0
Oc1ccc([N+](=O)[O-])c2[C@@H]3[C@@H]([C@@H](c4cc(C)ccc4)Nc12)CC=C3,,C14479913,89.406731,1,0,0,1,0,0,0,0,0,0
Fc1c(NC(=O)Nc2sc(CC=3CCCCC=3)nn2)cccc1,,C00552399,99.898956,1,0,0,0,0,0,0,0,0,0
O=C(Nc1ccc(C)cc1)N1[C@@H](C(=O)NCC2CCCCC2)CCC1,,C01359131,100,1,0,0,1,0,0,0,0,0,0
Fc1c(NC(=O)Nc2sc(-c3c(F)cccc3)nn2)cccc1,,C09300610,99.954102,1,0,0,0,0,0,0,0,0,0
O=C(Nc1c(C)cc(C)cc1)Cc1[nH+]c2ccccc2c(C(=O)[O-])c1,,C19973430,82.444275,1,0,0,1,0,1,0,0,1,0
Fc1c(NC(=O)Nc2ccc3N(C(=O)C4CC4)CCCc3c2)cccc1,,C38694135,100,1,0,0,0,0,0,0,0,0,0
NC1=C(C#N)[C@@H](/C=C/c2ccccc2)[C@H]2C(C(C)(C)C)=NN=C2O1,,C05839009,84.079414,1,0,0,1,0,1,0,0,1,0
OC=1N=N[C@@H]2NC=3CC(C)(C)CC(=O)C=3[C@H](c3ccc(C(C)C)cc3)C=12,,C39358750,74.473892,1,0,0,0,0,0,0,0,0,0
S(=O)(=O)(C(F)(F)F)c1c(-n2c(C)c(N)c(C)n2)cccc1,,C40516510,99.958946,1,0,0,0,0,0,0,0,0,0
O=C(NC[C@H]1COc2ccccc2C1)Nc1c(N2CCCC2)cccc1,,C43485656,100,1,0,0,0,0,0,0,0,0,0
O=C(Nc1cc(NC(=O)N2CCCCCC2)ccc1)C(C)(C)C,,C44013093,100,1,0,0,0,0,0,0,0,0,0
Clc1cc(F)c(NC=2NC(=O)N(C3CCCCC3)C(=O)C=2)cc1,,C44023306,99.995483,1,0,0,0,0,0,0,0,1,0
O=C/1N(c2cc(C)c(C)cc2)N=C(C)\C\1=C\NNc1cc(C)ccc1,,C04413326,99.934807,1,0,0,0,0,0,0,0,0,0
O=C(NC[C@@H]1Oc2ccccc2C1)Nc1cc(N2CCCCC2)ccc1,,C56645988,100,1,0,0,1,0,0,0,0,0,0
O=C(NC[C@H]1Oc2ccccc2C1)Nc1cc(N2CCCCC2)ccc1,,C56645989,100,1,0,0,0,0,0,0,0,0,0
N(c1sc2ccccc2n1)C=1NCN([C@@H]2[C@H](C)CCCC2)CN=1,,C09011902,90.482445,1,0,0,0,0,0,0,0,1,0
O=C(N[C@@H](C(C)C)C(=O)N1CCCc2ccccc12)Nc1ccccc1,,C58029086,100,1,0,0,0,0,0,0,0,0,0
O=C(NC[C@H]1Oc2ccccc2C1)Nc1ccc(N2CCCCC2)cc1,,C58844322,100,1,0,0,1,0,0,0,0,0,0
O=C(N/N=C\c1n(-c2ccccc2)ccc1)Nc1ccc(C)cc1,,C59249767,99.999596,1,0,0,0,0,0,0,0,0,0
O=C(N/N=C/c1c(C)n(C)c2ccccc12)Nc1ccc(C)cc1,,C59678703,99.996887,1,0,0,0,0,0,0,0,0,0
O=C(Nc1c(C)ccc(C(=O)NC)c1)N1CC[C@H](CCC)CCC1,,C61749991,100,1,0,0,0,0,0,0,0,1,0
O=C(NC[C@H]1CCC=CC1)N1CCC(NC(=O)C2CCCCC2)CC1,,C62502740,100,1,0,0,0,0,0,0,0,0,0
O=C(N[C@@H](C)c1c(C)n(C)nc1C)Nc1ccc(C(C)(C)C)cc1,,C65302754,99.84964,1,0,0,0,0,0,0,0,1,0
S(=O)(=O)(C(F)(F)F)c1c(N2C[C@H](C(=O)N)CC2)cccc1,,C52393919,100,1,0,0,1,0,1,0,0,0,0
O=C(N[C@H]1[C@H](C)[C@H](C)CCC1)CN1C(=O)[C@]2(NC1=O)CCCc1ccccc21,,C04285168,99.999588,1,0,0,0,0,0,0,0,0,0
O=C(Nc1c(C)cc(C)cc1)CN1C(=O)[C@@](C)(c2ccc(C)cc2)NC1=O,,C04304880,99.999603,1,0,0,0,0,0,0,0,1,0
Clc1cc(NC(=O)CN2C(=O)C3(NC2=O)CCCCCC3)ccc1,,C03392890,99.999779,1,0,0,0,0,0,0,0,1,0
S(CC(C)=C)c1n2C(N)=Nc3sc4COC(C)(C)Cc4c3-c2nn1,,C02386600,95.795341,1,0,0,0,0,0,0,0,0,0
O=C(Nc1ccc(NC(=O)C2CC2)c2C(=O)c3ccccc3C(=O)c12)C1CC1,,C06005524,100,1,0,0,1,0,0,0,0,0,0
S(=O)(=O)(Nc1c(C)cccc1C(C)C)c1c(C)cc2NC(=O)COc2c1,,C06778815,96.698189,1,0,0,0,0,0,0,0,1,0
S(=O)(=O)(Oc1c(N)cccc1)c1ccc2N(CC)C(=O)c3cccc1c23,,C11616107,100,1,0,0,1,0,0,0,0,0,0
O=C(Nc1c(OCC)cccc1)N1C[C@@H](c2[nH]c3ccccc3n2)CCC1,,C04861790,85.497505,1,0,0,0,0,0,0,1,0,0
O=C(Nc1c(Oc2ccccc2)cccc1)c1ccc2OCC(=O)Nc2c1,,C14137385,99.998093,1,0,0,1,0,0,0,0,0,0
O=C(NCCc1ccccc1)N1CCC(N2C(=O)Nc3ccccc23)CC1,,C14228873,99.999458,1,0,0,1,0,0,0,0,1,0
Brc1cc(C)c(NC(=O)Nc2cc([N+](=O)[O-])ccc2)cc1,,C18180815,100,1,0,0,0,0,0,0,0,0,0
S(=O)(=O)(NC1CCCCCCC1)c1sc(C2=NNC(=O)C=C2)cc1,,C20574709,51.794136,1,0,0,0,0,1,0,1,0,0
Brc1cc([C@H](NC(=O)Nc2c([N+](=O)[O-])cccc2)C)ccc1,,C24688614,100,1,0,0,0,0,0,0,0,1,0
Brc1sc(CNC(=O)Nc2cc([N+](=O)[O-])ccc2)cc1,,C24744686,100,1,0,0,0,0,0,0,1,1,0
S([C@@H](C)C(=O)NC(=O)Nc1c(C)cc(C)cc1)c1c(C#N)c(C)cc(C)n1,,C29402624,99.608955,1,0,0,0,0,1,0,0,1,0
O=[N+]([O-])c1cc(-c2sc([C@@H]3NC(=O)c4ccccc4N3)cc2)ccc1,,C28510814,99.990341,1,0,0,1,0,0,0,0,0,0
O=C(NN=C1CCCCCCCCCCC1)C(=O)NCc1ncccc1,,C04797583,99.028992,1,0,0,0,0,1,0,0,1,0
Clc1c(NC(=O)CN2C(=O)C3(NC2=O)CCCCC3)c(C)cc(C)c1,,C03505349,99.999779,1,0,0,0,0,0,0,0,1,0
O=C(NCC=C)Nc1ccc2N(CC(C)C)C(=O)C(C)(C)COc2c1,,C38942776,100,1,0,0,0,0,0,0,0,1,0
O(Cc1ccc(C)cc1)c1c([C@H]2C(C#N)=C(N)O[C@H]3N=NC(C)=C23)cccc1,,C38984320,100,1,0,0,0,0,0,0,0,0,0
O=C(N/N=C\1/C[C@H](C)CCC/1)c1ccc(C(=O)N/N=C\2/C[C@@H](C)CCC/2)cc1,,C17078146,99.999901,1,0,0,0,0,0,0,0,0,0
O[C@@H]1CC(C)(C)Cc2oc(C(=O)Nc3c(C(OC)=O)cccc3)c(C)c12,,C39855498,100,1,0,0,0,0,0,0,0,1,0
O=C(Nc1cc(NC(=O)C2CC2)ccc1)N1CCN(c2cc(C)ccc2)CC1,,C44102337,100,1,0,0,0,0,0,0,0,1,0
S([C@@H](C)c1onc(-c2cc(F)c(C)cc2)n1)c1nc(N)cc(C)n1,,C45103401,68.314705,1,0,0,1,0,1,1,1,1,0
O=C(Nc1c(CC)cccc1)N1C[C@@H](C(=O)Nc2ncc(C)cc2)CCC1,,C47351938,98.70665,1,0,0,1,0,0,0,0,1,0
Fc1ccc([C@H]2N(C(=O)Nc3ccc(NC(OC)=O)cc3)CCC2)cc1,,C47584323,100,1,0,0,0,0,0,0,0,0,0
Clc1ccc(NC(=O)[C@H]2NC(N3CCc4ccccc34)=NC(=O)C2)cc1,,C02347531,51.363567,1,0,0,0,0,0,0,0,0,0
O=C(NCCc1sccn1)Nc1ccc2OC3(Oc2c1)CCCCC3,,C51587285,100,1,0,0,0,0,0,0,0,1,0
O=C(NC[C@H]1COc2ccccc2C1)Nc1sc(-c2cscc2)nn1,,C52496663,99.901237,1,0,0,1,0,1,0,0,1,0
O=C(Nc1c(C(C)(C)C)cccc1)CN1C(=O)[C@@](C)(C(C)C)NC1=O,,C54227198,99.999786,1,0,0,0,0,1,0,0,1,0
S(=O)(=O)(NC1CCN(C(=O)N[C@H]2[C@H](C)CCCC2)CC1)c1ccccc1,,C10370818,97.168823,1,0,0,0,0,0,0,0,1,0
S(=O)(=O)(NC)c1cc(NC(=O)c2c(C)c3cccc(C)c3o2)c(C)cc1,,C55997838,95.958817,1,0,0,1,0,0,0,1,1,0
O=C(NC1CCCCCCC1)N1C[C@@H](C(=O)Nc2sccn2)CCC1,,C56781532,100,1,0,0,1,0,0,0,0,0,0
Fc1c(NC2=NC(c3cc(C)ccc3)=CC=3N2C(=O)NN=3)c(F)ccc1,,C57343853,68.670189,1,1,0,1,0,0,0,1,0,0
O=C(N[C@H]1[C@@H](C)[C@@H](C)CCC1)N1C[C@H](C(=O)Nc2c(C)cccn2)CCC1,,C57467348,98.634743,1,0,0,0,0,0,0,0,1,0
S(Cc1[nH]c2ccccc2n1)c1oc(-c2c[nH]c3ccccc23)nn1,,C58179268,89.952957,1,1,0,1,0,0,0,1,0,0
Fc1c(CCNC(=O)c2[nH]c3ccc([N+](=O)[O-])cc3c2)c(F)ccc1,,C58489552,100,1,0,0,0,0,0,0,0,0,0
O=C(N/N=C\1/C(=O)Nc2c(C)cc(C)cc/12)COc1cc(C)cc(C)c1,,C59147148,99.999832,1,0,0,0,0,0,0,1,0,0
S(=O)(=O)(NNC(=O)c1c(C)c2cc(C)ccc2o1)c1ccc(C)cc1,,C59400035,72.806,1,0,0,0,0,0,0,0,1,0
O=C(Nc1c(N2CCc3ccccc23)cccc1)C1=NNC(=O)c2ccccc12,,C59849903,61.834412,1,0,0,0,0,0,0,1,1,0
Fc1c(NC(=O)N2CCN(CC(=O)Nc3c(C)c(C)ccc3)CC2)cccc1,,C28802050,97.937782,1,0,0,1,0,0,0,0,1,0
O=C(Nc1cccc2ncccc12)c1nc(Nc2nc(C)ccc2)sc1,,C62162757,88.353119,1,0,0,0,0,1,0,0,0,0
O=C1/C(=C/c2c(-c3oc4ccccc4c3)[nH]nc2)/SC(NC2CCCC2)=N1,,C63277049,63.754021,1,0,0,1,0,0,0,1,1,0
O(CC)c1c([C@H]2C(C#N)=C(N)OC3=NN=C(c4ccc(C)cc4)[C@@H]23)cccc1,,C00985599,76.098747,1,0,0,0,0,0,0,0,0,0
FC(F)(F)c1c(NC(=O)Nc2ccc3N(CC)C(=O)Oc3c2)cccc1,,C46010062,100,1,0,0,0,0,0,0,0,0,0
O=C(Nc1ccc2N(CC=C)C(=O)Oc2c1)Nc1ccc2CCCc2c1,,C46010724,100,1,0,0,1,0,1,0,0,0,0
O=C(N[C@@H](C)c1c(C)c2ccccc2o1)N1CCC(NC(=O)C2CCC2)CC1,,C66121035,100,1,0,0,0,0,0,0,0,0,0
FC(F)c1nc(Nc2cc(N3C(=O)NCC3)ccc2)c2ccccc2n1,,C66453731,98.619438,1,1,0,1,0,0,0,1,0,0
O=C(NC1CCN(C(=O)Nc2ccc(C#N)cc2)CC1)CC1CCCCC1,,C66907621,100,1,0,0,0,0,0,0,0,0,0
O=C(Nc1cc(NC(=O)C2CC2)ccc1)N1C[C@H](C)O[C@H](c2ccccc2)C1,,C67563982,100,1,0,0,1,0,1,0,1,1,0
O(CCC)C(=O)c1ccc(NC(=O)CN2C(=O)C3(NC2=O)CCC(CC)CC3)cc1,,C04308062,99.999771,1,0,0,0,0,0,0,0,1,0
O=[N+]([O-])c1c(OCC(=O)Nc2c(C(=O)N[C@H](C)c3ccccc3)cccc2)cccc1,,C05216481,100,1,0,0,0,0,0,0,0,1,0
O(CC1=C(C(OCC)=O)[C@H](c2ccccc2)NC(=O)N1)C(=O)c1cc(N(C)C)ccc1,,C05402854,99.988235,1,0,0,0,0,0,0,0,0,0
S(=O)(=O)(Nc1noc(C)c1)c1ccc(NC(=O)CCCOc2c(C)cc(C)cc2)cc1,,C01904214,94.274094,1,0,0,1,0,0,0,1,1,0
O(C)C(=O)c1ccc(NC(=O)CN2C(=O)[C@@](C)(c3ccc(CCC)cc3)NC2=O)cc1,,C07125703,99.999603,1,0,0,0,0,0,0,0,1,0
O(CC)C(=O)c1c(C)c(C(=O)[C@H](C)N2C(=O)[C@](C)(c3ccc(CCC)cc3)NC2=O)[nH]c1C,,C08965929,99.999634,1,0,0,0,0,0,0,0,0,0
O(CC)C(=O)c1c(C)c(C(=O)[C@@H](C)N2C(=O)[C@](C)(c3ccc(CCC)cc3)NC2=O)[nH]c1C,,C08965931,99.999634,1,0,0,1,0,1,0,0,0,0
FC(F)(F)c1cc([N+](=O)[O-])c(N[C@@H](C)C(=O)N(C)CC(=O)Nc2c(C)cccc2C)cc1,,C09128046,99.986809,1,0,0,1,0,0,0,0,0,0
O([C@H](C(=O)NC(=O)NC)c1ccccc1)C(=O)c1cc(OC)c(OCc2ccccc2)cc1,,C09180701,100,1,0,0,0,0,0,0,0,0,0
O([C@H](C)C(=O)Nc1ccc(C(C)(C)C)cc1)C(=O)CN1C(=O)C(CC)(CC)NC1=O,,C10166695,99.999763,1,0,0,0,0,0,0,0,1,0
S(CC(=O)Nc1sc(CC)nn1)C=1N(CC=C)C(=O)c2[nH]c3ccccc3c2N=1,,C10245364,96.703056,1,1,0,1,0,1,0,1,0,0
O(CC1=C(C(OCC)=O)[C@H](c2sccc2)NC(=O)N1)C(=O)c1ccc(N(C)C)cc1,,C10390741,99.988098,1,0,0,0,0,0,0,0,0,0
O(CC(=O)N[C@H]1[C@H](C)[C@@H](C)CCC1)C(=O)c1c(NC(=O)C(C)(C)C)cc(OC)c(OC)c1,,C11172688,100,1,0,0,0,0,0,0,0,1,0
Fc1c(OCC(=O)Nc2n(C=3NC(=O)C(CC)=C(C)N=3)nc(-c3sccc3)c2)cccc1,,C11855136,98.63987,1,0,0,0,0,0,0,0,1,0
Brc1ccc(C(=O)[C@@H](OC(=O)c2c(NCCO)ccc([N+](=O)[O-])c2)C)cc1,,C12522942,99.987938,1,0,0,1,0,1,0,0,1,0
S(CC(=O)N1C(=O)NCC1)c1sc(Nc2ccc(Oc3ccccc3)cc2)nn1,,C09111804,98.646599,1,0,0,1,0,1,0,1,0,0
O=[N+]([O-])c1c(NCCC[NH+]2CCC(C)CC2)ccc(C(=O)c2c(C(=O)[O-])cccc2)c1,,C13212924,99.528778,1,0,0,0,0,0,0,0,1,0
O(C)Cc1c(OC)ccc([C@H]2C(C(OCC)=O)=C(CN3CCc4ccccc34)NC(=O)N2)c1,,C13960872,99.994751,1,0,0,0,0,0,0,0,1,0
O(C)C(=O)c1n(C[C@H]2OCCC2)c2ncc(N[C@H]3CC(C)(C)CCC3)cc2c1NC(=O)C,,C14538956,97.907822,1,0,0,0,0,0,0,0,0,0
O(CC(=O)Nc1n(-c2ccccc2)nc(C(C)(C)C)c1)C(=O)c1c(NC)snc1C,,C16553892,97.682541,1,0,0,0,0,0,0,0,1,0
O(CC(=O)NC(=O)NC12CC3CC(C1)CC(C2)C3)C(=O)c1c(C)n(Cc2occc2)c(C)c1,,C17601240,100,1,0,0,1,0,0,0,0,1,0
FC(F)(F)c1ccc(C(OCC2=C(C(OCC)=O)[C@H](c3occc3)NC(=O)N2)=O)cc1,,C18187111,99.740555,1,0,0,0,0,0,0,0,0,0
S([C@@H](C)C(=O)Nc1c(C(OCC)=O)c2CCCCc2s1)c1n(CCC)c(O)nn1,,C03533772,99.86927,1,0,0,1,0,0,0,1,0,0
S(CC=1N(C2CC2)C(=O)N[C@H](c2ccccc2)C=1C(OC)=O)c1sc(NC)nn1,,C25460536,91.969017,1,0,0,1,0,0,0,0,1,0
S(C[C@H](O)COc1cc([N+](=O)[O-])ccc1)c1nc2ccccc2c(C(=O)NC2CC2)c1,,C26226757,99.540291,1,0,0,1,0,1,0,1,0,0
O(C)C(=O)c1cc(N/C(/NCc2c(C)n(C)nc2C)=N\C(=O)c2cc(C)cc(C)c2)ccc1,,C32972564,65.150169,1,0,0,0,0,1,0,0,0,0
O=C(NCCCC)N1C[C@@H](C(=O)NCc2occc2)C[C@@H](c2cc(OC)c(OC)cc2)C1,,C34710670,100,1,0,0,1,0,0,0,0,1,0
O(CC)C(=O)[C@@H]1CN(C(=O)[C@@H](NC(=O)Nc2c(OC)cccc2)Cc2ccccc2)CCC1,,C34951024,100,1,0,0,0,0,0,0,0,0,0
S(=O)(=O)(N[C@@H]([C@@H](C)CC)C(=O)N[C@@H](C)c1ccccc1)c1ccc([N+](=O)[O-])cc1,,C34969763,87.782822,1,0,0,0,0,0,0,0,1,0
Oc1cc([C@@H](N(C(=O)c2ccc([N+](=O)[O-])cc2)C2CCCCC2)C(=O)NC(C)(C)C)ccc1,,C36492578,98.004364,1,0,0,0,0,0,0,0,0,0
S([C@@H](C)C(=O)NC(=O)Nc1c(C)cc(C)cc1)c1n(CCC)c(-c2ccncc2)nn1,,C36692969,97.309395,1,1,0,1,0,1,0,0,1,0
O(C)C(=O)c1cc(NC(=O)CN2C(=O)C(c3ccccc3)(c3ccccc3)NC2=O)ccc1,,C36851971,99.999214,1,0,0,0,0,0,0,0,0,0
O(Cc1ccc(C)cc1)C(=O)C=1[C@@H](c2cc(OC)c(OC)c(OC)c2)NC(=O)NC=1C,,C00844561,99.886223,1,0,0,0,0,0,0,0,1,0
Fc1cc(-c2scc(CCNC(=O)C(=O)Nc3c(C)cc([N+](=O)[O-])cc3)n2)ccc1,,C38668167,100,1,0,0,1,0,1,0,0,0,0
O=[N+]([O-])c1cc(C)c(NC(=O)C(=O)NCCc2ccc3N(CCC)CCCc3c2)cc1,,C38745462,100,1,0,0,0,0,0,0,0,0,0
O=C(N/N=C/c1ccc(N(C)C)cc1)[C@@H]1[C@@H](C(=O)N/N=C/c2ccc(N(C)C)cc2)C1,,C00721765,99.999077,1,0,0,0,0,0,0,0,0,0
S(=O)(=O)(N[C@H](C(C)C)C(O[C@H](C)C(=O)NC1(C#N)CCCCC1)=O)c1ccc(C)cc1,,C39211256,84.043541,1,0,0,0,0,0,0,0,1,0
S(CC(=O)N[C@@](C)(C#N)C1CC1)c1nc(NC(=O)c2ccccc2)c2c(C)c(C)oc2n1,,C39553964,99.796143,1,0,0,0,0,0,0,0,0,0
Brc1oc(/C=N/NC(=O)Nc2c(C(OCC)=O)c(C)c(C(=O)C)s2)cc1,,C40847044,100,1,0,0,1,0,0,0,0,0,0
O=C(Nc1c(OCC)cccc1)C=1[C@H](c2ccc(OCC)cc2)n2ncnc2NC=1C,,C41021890,79.002014,1,0,0,0,0,0,0,1,1,0
O(CC)C(=O)C=1[C@@H](c2ccccc2)NC(=O)NC=1COC(=O)C=1COc2ccccc2C=1,,C45631907,99.988312,1,0,0,0,0,0,0,0,1,0
Fc1cc(CCC(=O)NNC(=O)c2ccc(Cn3nc(-c4ccccc4)nn3)cc2)ccc1,,C45874154,100,1,0,0,0,0,0,0,0,0,0
O=C(/N=C(\Nc1nc(C)cc(C)n1)/[N-]CCc1nc[nH]c1)c1ccc(C(C)(C)C)cc1,,C04818560,32.43618,1,0,0,1,0,0,0,1,0,0
O(CC)C(=O)c1c(NC(=O)CN2C(=O)C(CC)(CC)NC2=O)sc2C[C@@H](C)CCc12,,C57497446,99.999779,1,0,0,0,0,0,0,0,1,0
O(CC)C(=O)c1sc2ccc(NC(=O)N3CCN(CC(=O)N[C@H](C)CC)CC3)cc2c1,,C59041424,95.360474,1,0,0,0,0,0,0,0,0,0
S(CC(=O)Nc1cc(OCC(=O)Nc2ccccc2)ccc1)c1ccc([N+](=O)[O-])cc1,,C59777964,100,1,0,0,0,0,0,0,0,0,0
O=C(NNC(=O)[C@H](Oc1c(C)c(C)ccc1)C)CC1CCN(C(OC(C)(C)C)=O)CC1,,C60142612,100,1,0,0,0,0,0,0,0,1,0
O(CC)C(=O)N1CCN(/C(=[NH+]\Cc2ccc(C)cc2)/Nc2ccc(C(=O)[O-])cc2)CC1,,C63668516,98.551018,1,0,0,0,0,0,0,0,0,0
Fc1c(Oc2ccccc2)cc([C@@H]2C(C#N)=C(N)OC3=NN=C(CC(OCC)=O)[C@@H]23)cc1,,C04010294,86.745247,1,0,0,0,0,0,0,0,0,0
S(CC(=O)Nc1ccc(C(OCC)=O)cc1)c1nc([O-])c2C[NH+](CCC)CCc2n1,,C67291717,94.655739,1,0,0,0,0,0,0,0,1,0
O(C)C(=O)c1c(NC(=O)CN2C(=O)[C@@](CC)(c3ccccc3)NC2=O)sc2CCCCCc12,,C08644237,99.99958,1,0,0,0,0,0,0,0,1,0
S(CCC)C=1NC(=O)C=2[C@@H](c3cc(OC)c(OC)cc3)C(C(OCC)=O)=C(C)NC=2N=1,,C08768863,66.576164,1,0,0,0,0,0,0,0,0,0
S(CC(=O)Nc1cc(C)ccc1)C=1N(CCc2c[nH]c3ccccc23)C(=O)c2nccnc2N=1,,C09405281,99.836601,1,1,0,1,0,1,0,1,1,0
S(CC(=O)NC(=O)NC1CCCC1)C=1N(c2c(OCC)cccc2)C(=O)c2ccccc2N=1,,C09583383,98.818047,1,0,0,0,0,0,0,0,0,0
Fc1cc(NC(=O)COC(=O)c2c(NC(=O)C3CCCCC3)cc(OC)c(OC)c2)ccc1,,C10021272,100,1,0,0,1,0,0,0,0,1,0
O(CC(=O)Nc1c(C)cccc1C)C(=O)c1c(NC(=O)C2CCCCC2)cc(OC)c(OC)c1,,C10022166,100,1,0,0,0,0,0,0,0,1,0
Clc1ccc(C(=O)N[C@@H](C(C)C)C(=O)N/N=C\c2cn(CC(OC)=O)c3ccccc23)cc1,,C09886599,99.997284,1,0,0,1,0,0,0,0,1,0
S(=O)(=O)(Nc1c(C(OCC(=O)Nc2ccc(Oc3ccccc3)cc2)=O)cccc1)C,,C10265860,68.228882,1,0,0,1,0,0,0,0,0,0
S(=O)(=O)(N[C@H]1[C@@H](C)CCCC1)c1c(OC)ccc(C(OCC(=O)Nc2ccccc2)=O)c1,,C10897161,96.928307,1,0,0,1,0,0,0,0,1,0
O=C(Nc1n(C=2NC(=O)C=C(c3ccccc3)N=2)nc(-c2sccc2)c1)COc1ccccc1,,C11855293,97.217987,1,0,0,0,0,0,0,0,0,0
O=[N+]([O-])c1c(NC[C@@H]([NH+](C)C)c2ccccc2)ccc(C(=O)c2c(C(=O)[O-])cccc2)c1,,C13180042,98.796455,1,0,0,0,0,0,0,0,1,0
O=C1N(C)c2nc(N/N=C(\C)/C=C/c3ccccc3)n(CCCc3ccccc3)c2C(=O)N1,,C13510100,86.416298,1,0,0,1,0,1,1,1,1,0
Brc1cc(C)c(OC)c(C(=O)NC(=S)Nc2c(OC)ccc([N+](=O)[O-])c2)c1,,C14269679,100,1,0,0,0,0,1,0,0,1,0
O(CC=1NC(=O)c2c(-c3ccccc3)csc2N=1)C(=O)c1c(NC(=O)c2occc2)cccc1,,C02621760,97.450661,1,0,0,0,0,0,0,0,0,0
O(C)C(=O)c1n(CCc2ccccc2)c2ncc(NC(C)C)cc2c1NC(=O)[C@@H]1OCCC1,,C14742431,97.804916,1,0,0,1,0,0,0,1,0,0
S=C1N(C)C(C)=C(C(OCCOC)=O)[C@@H](c2cc(NC(=O)c3c(OC)cccc3)ccc2)N1,,C16609560,99.999855,1,0,0,0,0,0,0,0,0,0
S(Cc1c([N+](=O)[O-])cc(C(=O)N)cc1)C=1N(CC=C)C(=O)c2c(sc3C[C@H](C)CCc23)N=1,,C16758535,99.473129,1,0,0,0,0,0,0,0,0,0
O(C)C(=O)C=1[C@@H](c2c(C)cc(C)c(COc3c(OC)cccc3OC)c2)C(C#N)=C(N)OC=1C,,C00650903,100,1,0,0,0,0,0,0,0,0,0
O(CC(=O)NC(=O)NC1CCCC1)C(=O)c1c(COc2ccccc2)c2ccccc2o1,,C20983430,100,1,0,0,1,0,1,0,0,1,0
O(CC)C(=O)C1CCC(CNC(=O)N[C@@H](c2oc(-c3ccccc3)nn2)c2ccccc2)CC1,,C21037553,99.998375,1,0,0,0,0,0,0,0,0,0
S(CC(=O)N1C(C)(C)C(=O)Nc2ccccc12)c1sc(Nc2c(OCC)cccc2)nn1,,C21459118,97.729668,1,0,0,1,0,0,0,0,0,0
S(CC=1N(C2CC2)C(=O)N[C@@H](c2ccccc2)C=1C(OC)=O)c1sc(NC2CC2)nn1,,C22831349,90.736626,1,0,0,0,0,0,0,0,1,0
S(=O)(=O)(Nc1c(/C=N/NC(=O)CO/N=C(\C)/c2sccc2)cccc1)c1ccc(C)cc1,,C23634260,89.814346,1,0,0,1,0,0,0,0,0,0
O=C(NN1C(=O)[C@](CC)(c2ccccc2)NC1=O)Cc1nc(-c2c(OCC)cccc2)sc1,,C25394194,99.434624,1,0,0,1,0,0,0,0,0,0
O=[N+]([O-])c1cc(CNc2ccc(CCNC=3C(=O)N(N(C)C=3C)c3ccccc3)cc2)ccc1,,C27528638,99.984528,1,0,0,0,0,0,0,0,0,0
O=C(Nc1ccccc1)N1C[C@@H](C(=O)NCCCCCc2onc(-c3sccc3)n2)CCC1,,C30558499,99.995728,1,0,0,1,0,0,0,0,0,0
S(=O)(=O)(Nc1c(C)cc(C)cc1C)c1c(OC)ccc(/C=C\c2c(NC(=O)C)c(C)no2)c1,,C33170666,96.35685,1,0,0,1,0,0,0,0,0,0
S(=O)(=O)(Nc1ccc(C(C)C)cc1)c1c(OC)ccc(/C=C\c2c(NC(=O)C)c(C)no2)c1,,C33170674,96.507401,1,0,0,1,0,0,0,0,1,0
S([C@@H](C)C(=O)NC(=O)NC1CCCCC1)c1n(Cc2ccccc2)c(-c2cnccc2)nn1,,C20896531,99.591568,1,0,0,0,0,1,0,0,1,0
Oc1cc([C@H](N(C(=O)c2ccc([N+](=O)[O-])cc2)C2CCCCC2)C(=O)NC(C)(C)C)ccc1,,C36492579,98.004364,1,0,0,1,0,0,0,0,0,0
S=C(NC(=O)c1oc(-c2cc([N+](=O)[O-])ccc2)cc1)Nc1c(N2CCCCC2)cccc1,,C08690141,100,1,0,0,0,0,0,0,0,0,0
O(CC(=O)Nc1c(C)n(-c2ccc(C)cc2)nc1C)C(=O)c1c(NCc2occc2)cccc1,,C39501595,99.961281,1,0,0,0,0,0,0,0,0,0
O(CC(=O)Nc1c(C(C)(C)C)cccc1)C(=O)CN1C(=O)[C@@]2(NC1=O)C[C@@H](C)CC(C)(C)C2,,C22000900,99.999748,1,0,0,0,0,0,0,0,1,0
Fc1c(C(=O)N[C@H](C(C)C)C(OCC(=O)Nc2ccc3OC4(Oc3c2)CCCC4)=O)cccc1,,C39653562,100,1,0,0,0,0,0,0,0,0,0
O(CC)C(=O)c1ccc(NC(=O)C[C@H]2C(=O)N/C(=N\N=C/C(/C)=C\c3ccccc3)/S2)cc1,,C39843467,90.629379,1,0,0,1,0,0,0,0,0,0
O=C(Nc1c(C)c(C)ccc1)C=1[C@H](c2cc(OCC)c(OCC)cc2)n2ncnc2NC=1C,,C41022420,78.672379,1,0,0,0,0,0,0,0,0,0
S([C@H](CC(=O)c1sccc1)c1ccc([N+](=O)[O-])cc1)c1n(N)c(Cc2sccc2)nn1,,C45067825,99.344818,1,0,0,1,0,0,0,0,1,0
O(C)C(=O)C=1[C@H](c2c(-c3ccc(OCC=C)cc3)nn(-c3ccccc3)c2)NC(=O)NC=1C,,C09971833,99.839211,1,0,0,0,0,0,0,1,0,0
O=C(Nc1ccccc1)C=1[C@@H](c2cc(OC)c(OCc3ccccc3)cc2)n2ncnc2NC=1C,,C00991572,78.655487,1,0,0,0,0,0,0,0,0,0
S(C1CCCCC1)C1=NN2C(=O)N(CC(=O)Nc3c(C)cc([NH+](CC)CC)cc3)N=C2C=C1,,C58061795,91.284225,1,0,0,1,0,1,0,0,0,0
Clc1c(NC(=O)[C@H](NC[C@@H]2Oc3ccccc3OC2)c2ccccc2)ccc([N+](=O)[O-])c1,,C58164496,98.731384,1,0,0,0,0,0,0,0,0,0
O=C(NNC(=O)c1cc(OCc2nc3n(c2)C=CC=C3)ccc1)[C@@H](Oc1c(C)c(C)ccc1)C,,C18103926,99.911049,1,0,0,1,0,0,0,0,0,0
O[C@@H](CCC(=O)N/N=C/c1c(C)n(Cc2ccc([N+](=O)[O-])cc2)c2ccccc12)c1ccccc1,,C58888732,99.99588,1,0,0,1,0,1,0,0,0,0
S(CCC(=O)Nc1cc(C(F)(F)F)ccc1)c1[nH]nc(-c2ccc([N+](=O)[O-])cc2)n1,,C59793208,99.147499,1,0,0,1,0,0,0,0,0,0
O=[N+]([O-])c1c(NCc2cc(NC(=O)[C@@H]3OCCC3)ccc2)ccc(C(=O)c2ccccc2)c1,,C60081549,99.983398,1,0,0,1,0,0,0,0,1,0
O=C(N/N=C/c1c(C(=O)[O-])c(OC)c(OC)cc1)[C@@H]1C(c2ccccc2)=C2C=C(C)C=CC2=[NH+]1,,C63258757,86.723495,1,0,0,0,0,0,0,0,0,0
O=C(NC[C@H]1OCCC1)CN(C)C=1Sc2n(c(NC(C)(C)C)c(-c3cc(C)ccc3)n2)N=1,,C64703661,77.984222,1,0,0,0,0,0,0,0,1,0
O=C(NC[C@@H]1OCCC1)CN(C)C=1Sc2n(c(NC(C)(C)C)c(-c3cc(C)ccc3)n2)N=1,,C64703663,77.984222,1,0,0,0,0,0,0,0,1,0
O=C(NC[C@@H]1OCCC1)CN(C)C=1Sc2n(c(NC(C)(C)C)c(-c3ccc(C)cc3)n2)N=1,,C64704061,77.988365,1,0,0,0,0,0,0,0,1,0
O=C(NCc1c(OCC)cccc1)CN1C(=O)CN(C(=O)Nc2ccccc2)c2ccccc12,,C64971404,100,1,0,0,0,0,0,0,0,0,0
O(CC)C(=O)C=1[C@H](c2c(OCC(=O)N3CCCCC3)ccc3ccccc23)NC(=O)NC=1C,,C00831443,99.893288,1,0,0,0,0,0,0,0,0,0
O(CC)Cc1c(C(OCC(=O)NC(=O)N[C@@H]2[C@H](C)CCCC2)=O)oc2ccccc12,,C06387701,100,1,0,0,1,0,1,0,0,1,0
O(CC)C(=O)C=1[C@@H](CC)NC(=O)NC=1CN1C(=O)c2c(-c3ccccc3)csc2N=C1,,C09256144,99.879211,1,0,0,0,0,0,0,0,0,0
FC(F)(F)c1c(NC(=O)[C@H](OC(=O)CCc2c[nH]c3ccccc23)C)ccc([N+](=O)[O-])c1,,C09284604,100,1,0,0,0,0,1,0,1,1,0
O(C)C(=O)c1ccc(C(=O)Nc2c(C(=O)NC(OCC)=O)c3CCCCc3s2)cc1,,C09297999,100,1,0,0,0,0,0,0,0,0,0
S(=O)(=O)(N1CCCCC1)c1ccc(NCC(=O)Nc2c(C(OC)=O)cccc2)cc1,,C09368272,99.997536,1,0,0,0,0,0,0,0,0,0
Clc1cc(NC(=O)COC(=O)c2cc(NC(=O)c3occc3)c(C)cc2)c(C#N)cc1,,C09632958,100,1,0,0,1,0,1,0,0,1,0
S(CC)c1c(C(=O)Nc2n(C=3NC(=O)C=C(CC)N=3)nc(-c3occc3)c2)cccc1,,C12007008,98.589218,1,1,0,1,0,1,0,1,1,0
O(C)c1ccc(/C=N/Nc2scc(C=3[C@@H](c4ccc(OC)cc4)NC(=O)N(C)C=3)n2)cc1,,C12391188,99.948433,1,0,0,1,0,0,0,0,0,0
S(C)c1nn2[C@H](c3c(OCC)cccc3)C(C(=O)Nc3c(OC)cccc3)=C(C)Nc2n1,,C09409667,87.122017,1,0,0,0,0,0,0,0,0,0
O(C)C(=O)c1n(C[C@@H]2OCCC2)c2ncc(N[C@@H]3CC(C)(C)CCC3)cc2c1NC(=O)C,,C14538959,97.907822,1,0,0,0,0,0,0,0,1,0
O(CC)C(=O)C#CC(=O)Nc1ccc(Cc2ccc(NC(=O)C#CC(OCC)=O)cc2)cc1,,C15778792,100,1,0,0,0,0,0,0,0,0,0
S(=O)(=O)(Nc1c(OC)cccc1)c1cc(NC(=O)/C=C/c2oc(C)cc2)c(OC)cc1,,C15892272,94.529381,1,0,0,1,0,0,0,0,1,0
S=C(Nc1c(C(OC)=O)c2CCCc2s1)Nc1c([N+](=O)[O-])cc(OCC)cc1,,C16361075,100,1,0,0,0,0,0,0,0,1,0
O(CC(=O)NC(=O)Nc1c(C)c(C)ccc1)C(=O)c1cc(OC)c(OC(C)C)cc1,,C16616226,100,1,0,0,1,0,0,0,0,1,0
FC(F)(F)Oc1ccc(NC(=O)CCc2c(C)n(C=3NC(=O)C(C)=C(C)N=3)nc2C)cc1,,C16980818,98.662651,1,1,0,1,0,0,0,0,0,0
O(CC)C(=O)c1c(NC(=O)CN2C(=O)[C@](C)(c3ccc(CCC)cc3)NC2=O)scc1,,C22068688,99.999596,1,0,0,0,0,0,0,0,1,0
O=C(OC(C)(C)C)NC1(CNC(=O)CCN2C(=O)c3ccccc3N=C2)CCCCCC1,,C24495822,99.003265,1,0,0,0,0,0,0,0,1,0
O(CC(=O)Nc1c(C)n(-c2ccc(C)cc2)nc1C)C(=O)c1ccc(NC(=O)C2CC2)cc1,,C25029139,99.969376,1,0,0,1,0,0,0,0,0,0
O=[N+]([O-])c1c(NCCN/C=C/2\C(=O)N(c3ccccc3)N=C\2c2ccccc2)cccc1,,C13149325,99.647964,1,0,0,0,0,0,0,0,1,0
S(=O)(=O)(NCC(=O)N/N=C/c1ccc(OC(=O)c2sccc2)cc1)c1ccccc1,,C02519985,86.389793,1,0,0,0,0,0,0,0,0,0
S(CCCc1onc(-c2cc(C(F)(F)F)ccc2)n1)c1n(N)c(-c2occc2)nn1,,C26009173,99.885521,1,1,0,1,0,1,0,0,0,0
O(CC(=O)NC(=O)c1c(OC)cccc1)C(=O)c1c(C)cc(NC(=O)C(C)(C)C)s1,,C29975936,100,1,0,0,0,0,0,0,0,0,0
O=[N+]([O-])c1c(N2C[C@H](C)C[C@@H](C)C2)ccc(C(=O)NCCNC(=O)c2ccccc2)c1,,C31028561,100,1,0,0,0,0,0,0,0,0,0
S(CC(=O)Nc1c(OC)cc([N+](=O)[O-])cc1)CC(=O)Nc1cccc2ccccc12,,C32691859,100,1,0,0,1,0,0,0,0,1,0
O=C(NCCCC)N1C[C@@H](C(=O)NCc2occc2)C[C@H](c2cc(OC)c(OC)cc2)C1,,C34710671,100,1,0,0,0,0,0,0,0,0,0
O(CC(=O)c1c[nH]c2c(CC)cccc12)C(=O)CN1C(=O)[C@@]2(NC1=O)C[C@@H](C)CC(C)(C)C2,,C35337360,99.99707,1,0,0,0,0,0,0,0,1,0
O=C(NC(C)(C)C)N1C[C@@H](C(=O)NCC2CC2)[C@H](c2cc(OC)c(OC)c(OC)c2)C1,,C36044651,100,1,0,0,0,0,0,0,0,0,0
S(CC(=O)NC(=O)NC(C)(C)C)c1n(c(COc2c(C)cccc2)nn1)-c1ccccc1,,C36812127,99.802849,1,0,0,1,0,0,0,0,0,0
O(CC)C(=O)c1c(CC)c(C)sc1NC(=O)CN1C(=O)[C@@]2([C@H](C)CCCC2)NC1=O,,C08939822,99.999763,1,0,0,0,0,0,0,0,1,0
S(CC(=O)Nc1cc(NC(=O)c2occc2)ccc1)c1n(CC)c(-c2sccc2)nn1,,C04400787,99.879974,1,0,0,1,0,0,0,0,0,0
Clc1ccc([C@@H]2C(C(OCC)=O)=C(CN3CCC(C(OCC)=O)CC3)NC(=O)N2)cc1,,C20213975,73.776024,1,0,0,0,0,0,0,0,0,0
S(CC(=O)Nc1n(-c2ccccc2)nc(C2CC2)c1)c1nc(/C=C/C=2O[C@H](C)CC=2)[nH]n1,,C38793097,98.945808,1,0,0,1,0,0,0,0,0,0
O(C)C(=O)c1ccc(CNC(=O)CN2C(=O)[C@@](C)(c3cccc4ccccc34)NC2=O)cc1,,C39570096,99.999588,1,0,0,0,0,0,0,0,0,0
O(CC1=C(C(OCC)=O)[C@H](c2ccccc2)NC(=O)N1)C(=O)c1ccc(N(C)C)cc1,,C39583545,99.988419,1,0,0,0,0,0,0,0,0,0
Ic1ccc(Nc2c([N+](=O)[O-])c(NCCCOC)ncn2)cc1,,C40624029,93.950272,1,0,0,1,0,0,0,0,1,0
S(CCC)c1nn2[C@H](c3ccncc3)C(C(=O)Nc3c(OCC)cccc3)=C(C)Nc2n1,,C41021619,71.897232,1,0,0,0,0,0,0,0,0,0
FC(F)Oc1c(OC)cc(/C=C/C(O[C@@H](C)C(=O)NC(=O)NC2CCCCC2)=O)cc1,,C49573602,100,1,0,0,0,0,0,0,0,1,0
S(=O)(=O)(Nc1ccccc1)c1cc(OC)c(N/C=C(\C=O)/c2oc3ccccc3n2)cc1,,C16195925,96.990417,1,0,0,0,0,0,0,0,0,0
Fc1c(O[C@H](C)C(=O)NNC(=O)c2cc(OCc3nc4n(c3)C=CC=C4)ccc2)cccc1,,C23567714,99.911049,1,0,0,1,0,0,0,0,0,0
O(C)C(=O)c1c(NC(=O)COC(=O)c2c(NC(=O)c3sccc3)cccc2)ccs1,,C58613916,100,1,0,0,1,0,0,0,0,1,0
O([C@H](C)C(=O)NC(=O)NC1CCCC1)C(=O)C1=NN([C@@H](c2ccccc2)C1)c1ccccc1,,C29287150,100,1,0,0,0,0,0,0,0,0,0
O[C@@H](CCC(=O)N/N=C/c1c(C)n(c(C)c1)-c1cc([N+](=O)[O-])ccc1)c1ccccc1,,C58887845,99.998283,1,0,0,1,0,1,0,0,1,0
S(c1oc(/C=N/NC(=O)CCCO)cc1)C=1N(c2ccccc2)C(=O)c2ccccc2N=1,,C59392347,99.362373,1,0,0,1,0,1,0,1,1,0
S(CC(=O)Nc1c(SCC=C)cccc1)c1[nH]nc(-c2cc([N+](=O)[O-])ccc2)n1,,C59788248,99.602943,1,0,0,0,0,0,0,1,0,0
O=C(Nc1ccc(-n2ncnc2)cc1)CNC(=O)c1nc(-c2ccc(C(C)C)cc2)sc1,,C60362266,97.690269,1,0,0,1,0,0,0,0,0,0
S(=O)(=O)(N1CCCCC1)c1cc([N+](=O)[O-])c(NCCCNc2ccccc2)cc1,,C60362873,99.996346,1,0,0,1,0,0,0,0,1,0
O(CC)C(=O)c1c(NC(=O)CN2C(=O)[C@H](CC(C)C)NC2=O)sc2C[C@H](C)CCc12,,C09537398,99.999634,1,0,0,0,0,0,0,0,1,0
O=C(NC[C@H]1OCCC1)CN(C)C=1Sc2n(c(NC(C)(C)C)c(-c3ccccc3)n2)N=1,,C64704384,77.964371,1,0,0,0,0,0,0,0,1,0
O=C(NC1CCCCC1)CC1CCN(C(=O)Nc2cc(OC)c(OC)c(OC)c2)CC1,,C64846808,100,1,0,0,1,0,0,0,0,0,0
S=C(Nc1sc2C[C@@H](C)CCc2n1)Nc1ccc([N+](=O)[O-])cc1,,C04999039,100,1,0,0,0,0,0,0,0,1,0
O(CC(=O)NC(=O)N[C@H]1[C@H](C)CCCC1)C(=O)c1ccc(C)cc1,,C06432055,100,1,0,0,1,0,0,0,0,1,0
Fc1cc(C(O[C@H](C)C(=O)NC(=O)NC2CCCCC2)=O)ccc1,,C07513885,100,1,0,0,1,0,0,0,0,0,0
S(Cc1onc(-c2sccc2)n1)c1n(N)cc(-c2ccccc2)n1,,C06974968,50.676769,1,0,0,1,0,0,0,1,0,0
Oc1c(/C=N/NC(=O)CO/N=C(/C)\c2sccc2)ccc(C)c1,,C16291067,94.656693,1,0,0,1,0,1,0,0,1,0
O=C(NNC(=O)c1c(Oc2ccccc2)cccc1)c1c(C)occ1,,C16513804,100,1,0,0,1,0,0,0,0,0,0
O=C(N/N=C/c1cn(C(C)C)nc1)CNc1cccc2ccccc12,,C20827385,99.95813,1,1,0,1,0,1,0,1,1,0
S([C@H](C)C#N)c1n(N)c(COc2ccc(C(C)(C)C)cc2)nn1,,C06532954,99.866524,1,0,0,0,0,0,0,1,1,0
O=C(N/N=C/1\[C@H](C)CCCC\1)CCC(=O)N/N=C/1\[C@@H](C)CCCC\1,,C30731297,99.999893,1,0,0,0,0,0,0,0,1,0
O=C(NCC1CCCCC1)CNC=1C(=O)N2C=CC=CC2=C(C#N)C=1,,C35021712,99.961647,1,0,0,0,0,0,0,0,1,0
O=C(Nc1sc(c(C)n1)-c1nc(Nc2ncccc2)sc1)CC,,C06349562,97.466637,1,0,0,1,0,0,0,0,0,0
O=C1N(/[NH+]=C/c2c([O-])ccc([NH+](CC)CC)c2)C(C)=Nc2ccccc12,,C01094669,97.913895,1,0,0,0,0,1,0,0,0,0
O=C(NC[C@@H]1OC2(OC1)CCCCC2)Nc1c(OCC)cccc1,,C38568894,100,1,0,0,0,0,0,0,0,1,0
FC=1C=CC2=[NH+][C@@H](C(OCC)=O)C(/N=N/[NH+]3CC(C)(C)CCC3)=C2C=1,,C38599295,81.616791,1,0,0,0,0,0,0,0,1,0
O([C@H](C)C(=O)NC(=O)NC1CCCCC1)C(=O)C1CCCCC1,,C28845148,100,1,0,0,0,0,0,0,0,0,0
O=C(NN1C(=O)[C@](C)(CCc2ccccc2)NC1=O)C1CCCCC1,,C23946455,99.713234,1,0,0,0,0,0,0,0,0,0
O=C(NC[C@H]1Oc2ccccc2C1)Nc1cc(Cn2nccc2)ccc1,,C44247643,99.946938,1,0,0,1,0,1,0,0,1,0
FC(F)Oc1cc(NC(=O)NC[C@H]2Oc3ccccc3OC2)ccc1,,C47907028,100,1,0,0,1,0,1,0,0,1,0
Fc1c(NCC(=O)Nc2c(F)ccc(F)c2)cc([N+](=O)[O-])cc1,,C48272141,99.993744,1,0,0,0,0,0,0,1,1,0
O=C(NC1CCCCCCC1)C(=O)Nc1c(Cn2nccc2)cccc1,,C48638817,99.950562,1,0,0,0,0,0,0,0,0,0
O=C(Nc1ccc(N2CCCC2)cc1)CCc1ccc2OC(=O)Nc2c1,,C49682313,99.972534,1,1,0,1,0,0,0,1,1,0
O=C(NCCO[C@@H]1[C@@H](C)CCCC1)Nc1c(OC)ccc(C#N)c1,,C50091901,100,1,0,0,0,0,0,0,0,1,0
O=C(Nc1cc(C(C)C)ccc1)CN1C(=O)[C@@](C)(C(C)C)NC1=O,,C54228121,99.999786,1,0,0,1,0,0,0,0,1,0
O=[N+]([O-])c1ccc(CCNC(=O)Nc2c(C)cc(C)cc2C)cc1,,C54349345,100,1,0,0,0,0,0,0,0,1,0
Fc1c(F)c(NC(=O)NCCc2ccc([N+](=O)[O-])cc2)ccc1F,,C54352527,100,1,0,0,0,0,0,0,0,0,0
Clc1cnc(NC(=O)[C@@H]2CN(C(=O)NCCCC)CCC2)cc1,,C55340084,99.712509,1,0,0,1,0,0,0,0,1,0
O/N=C\1/CCCc2c(C(OCC)=O)c(NC(=O)c3ccccc3)sc/12,,C13941944,94.862648,1,0,0,0,0,0,0,0,0,0
O=C(NCCNc1c(C#N)cccn1)N1[C@@H](c2cc(C)ccc2)CCC1,,C56885566,96.347595,1,0,0,0,0,0,0,0,1,0
S([C@H](C)C=1NC(=O)c2ccccc2N=1)C=1NC(=O)C=C(CCC)N=1,,C09313489,73.805222,1,0,0,0,0,0,0,1,1,0
O=C(/N=C\1/N(CCC)c2ccccc2N/1)CNC(=O)c1c(C)cccc1,,C57614162,60.251339,1,0,0,1,0,0,0,0,1,0
O(C)C(=O)c1cc(NC(=O)N[C@H](C)C(C)C)c(N2CCCC2)cc1,,C58885169,100,1,0,0,0,0,0,0,0,1,0
O=C(NN=C1CCCCC1)C(=O)Nc1ccc(Oc2ccccc2)cc1,,C58885780,100,1,0,0,0,0,0,0,0,0,0
O=C(NCCCOC1CCCC1)Nc1ccc2OC(C)(C)Oc2c1,,C61785743,100,1,0,0,0,0,0,0,0,1,0
O=C(Nc1ccc2OC(C)(C)Oc2c1)CCCNC(=O)C(C)(C)C,,C49306902,100,1,0,0,1,0,0,0,0,1,0
ClC1=C(Nc2cc(O)ccc2)[C@@H](OC(=O)c2ccccc2)OC1=O,,C05129778,98.863556,1,0,0,1,0,0,0,0,0,0
O=[N+]([O-])c1c(CNC(=O)NCc2c(C)cc(C)cc2C)cccc1,,C63798344,100,1,0,0,0,0,1,0,0,1,0
O(CC)C(=O)N1CCC(NC(=O)NCc2c(C)cc(C)cc2C)CC1,,C63799122,100,1,0,0,0,0,0,0,0,0,0
O=[N+]([O-])c1sc(NCc2cc(NC(=O)C3CCC3)ccc2)cc1,,C64029433,99.941895,1,0,0,1,0,1,0,1,1,0
Fc1c([N+](=O)[O-])cc(NCC(=O)N[C@H](C)c2sccc2)cc1,,C24216924,99.997589,1,0,0,1,0,0,0,1,1,0
O=C1N[C@H]2N(CCCC)NC=C2[C@H]([C@H]2C(C3CCCCC3)=NN=C2)C1,,C65525626,68.675705,1,0,0,0,0,0,0,0,1,0
O=C(NCCc1occc1)Nc1cc(C)c(Oc2cnccc2)cc1,,C57478241,99.885483,1,0,0,1,0,1,0,1,1,0
O=C(N[C@H](CC)C(C)C)NC1CCN(C(OC(C)(C)C)=O)CC1,,C66382610,100,1,0,0,0,0,0,0,0,0,0
O=C(N[C@H](CC)C(C)C)N1C[C@@H](C(=O)Nc2c(C)cccn2)CCC1,,C66382776,98.634712,1,0,0,1,0,0,0,0,1,0
O=C(NC1(c2cc(C)ccc2)CCCC1)CN1C(=O)[C@@](C)(CC)NC1=O,,C66511758,99.999802,1,0,0,0,0,0,0,0,1,0
O=C(NNC(=O)C1=CC(=O)N(C)c2ccccc12)CCC1CCCCC1,,C66555510,100,1,0,0,1,0,1,0,0,0,0
O=C(NNC(=O)c1c(C)n(-c2cc(C)ccc2)nc1)CC1CCCCC1,,C66571217,99.996605,1,0,0,0,0,0,0,0,0,0
O=C(N[C@@H](C)Cc1c(C)cc(C)cc1)Nc1c(-n2ncnc2)cccc1,,C66667666,98.030083,1,1,0,0,0,0,0,0,1,0
O=C(NCc1c(C)onc1C)Nc1c(N(C)c2ccccc2)cccc1,,C67546482,100,1,0,0,0,0,1,0,0,1,0
S=C(NC(=O)c1sccc1)/N=C\1/SC(C(OC)=O)=C(C)N/1,,C09329492,89.854073,1,0,0,0,0,0,0,0,0,0
O=C(NCCC(=O)N1CCCCC1)N1C[C@@H](Nc2ccccc2)CC1,,C67618530,99.999496,1,0,0,1,0,0,0,0,1,0
Clc1cc([C@H](NC(=O)CN2C(=O)[C@](C)(c3ccc(C)cc3)NC2=O)C)ccc1,,C04477127,99.999611,1,0,0,0,0,1,0,0,1,0
S(CC(=O)NNC(=O)C1CCCCC1)c1nc(C)nc2sc3C[C@@H](C)CCc3c12,,C01326225,99.732872,1,0,0,1,0,0,0,0,0,0
S=C(NC(=O)c1cc(C)ccc1)Nc1c(C)c(-c2oc3cccnc3n2)ccc1,,C02991410,99.962463,1,1,0,1,0,0,0,0,0,0
S=C(NC(=O)c1c(C)cc(C)cc1)Nc1cc(-c2oc3cccnc3n2)ccc1,,C01112548,99.962692,1,1,0,1,0,1,0,0,0,0
O(CC)C(=O)c1c(NC(=O)[C@@H]2[C@@H]3[C@H](Oc4ccccc24)C=CC=C3)c2ccccc2[nH]1,,C04875038,100,1,0,0,0,0,1,0,1,0,0
Clc1sc(C(=O)Nc2c(C(=O)NC(OCC)=O)c3CCCCc3s2)cc1,,C05145847,100,1,0,0,0,0,1,0,0,0,0
O=C(CN1C(=O)[C@](C)(c2ccc(C(C)(C)C)cc2)NC1=O)c1c[nH]c2ccccc12,,C03312781,99.997101,1,0,0,0,0,0,0,0,1,0
O=C(N[C@H](C(C)C)c1[nH]c2ccccc2n1)c1n(-c2ccccc2)nc(C2CC2)c1,,C07987690,91.686096,1,0,0,0,0,0,0,0,0,0
O=C(CN1C(=O)[C@@](c2cc(C)c(C)cc2)(c2ccccc2)NC1=O)c1c[nH]c2ccccc12,,C09415763,99.996735,1,0,0,0,0,0,0,0,0,0
S=C(NC(=O)c1c(F)cccc1)Nc1c(C)cc2nn(-c3ccc(C)cc3)nc2c1,,C02228065,100,1,0,0,0,0,0,0,0,0,0
Clc1c(Cl)cccc1[C@@H]1[C@H](C(OCC)=O)[C@](O)(C(F)(F)F)N(C)C(=O)N1,,C11859212,99.93885,1,0,0,0,0,0,0,0,1,0
S(=O)(=O)(N)c1ccc2N(CC#C)/C(=N\C(=O)c3ccc(SCC)cc3)/Sc2c1,,C09294842,98.823158,1,0,0,0,0,0,0,0,0,0
S=C1N(Cc2cc(OC)c(OC)c(OC)c2)[C@@]2(O)CCCC[C@@H]2C2(N1)CCCCC2,,C12322850,99.999878,1,0,0,0,0,0,0,0,0,0
O=C(N/N=C/1\C(=O)Nc2ccccc\12)Cc1c(C)n(Cc2ccccc2)c2ccccc12,,C12346047,99.99984,1,0,0,0,0,0,0,1,0,0
Clc1c(NC(=O)N(Cc2occc2)CC=2C(=O)Nc3ccc(C)cc3C=2)cccc1,,C01353100,99.998436,1,0,0,1,0,1,0,1,1,0
O=C(NNC(=O)c1c(C(=O)c2ccccc2)cccc1)c1c(C)c2ccccc2o1,,C14200299,100,1,0,0,1,0,0,0,0,0,0
Fc1c(NC(=O)[C@@H]2[C@H](c3ccc(C)cc3)Nn3c(CCC)nnc3S2)cccc1,,C15009713,98.757477,1,0,0,0,0,0,0,0,0,0
Fc1c([C@@]2(C)C(=O)N(CC(=O)N[C@@H](C)c3cccc4ccccc34)C(=O)N2)cc(F)cc1,,C19354001,99.999336,1,0,0,0,0,0,0,0,0,0
Fc1c([C@]2(C)C(=O)N(CC(=O)N[C@H](C)c3cccc4ccccc34)C(=O)N2)cc(F)cc1,,C19354002,99.999336,1,0,0,0,0,0,0,0,0,0
O=C(Nc1c(OC[C@H]2OCCCC2)cccc1)C=1C(=O)NC(c2ccccc2)=CC=1,,C19374105,84.546555,1,0,0,0,0,0,0,0,1,0
O=C(N/N=C\c1c(OCC)ccc2ccccc12)[C@H]1[C@@H](c2ccccc2)CNC1=O,,C19869136,99.999603,1,0,0,0,0,0,0,0,1,0
O[C@@H](Cn1c2ccccc2c2ccccc12)CN1C(=O)C2(NC1=O)CCC(CC)CC2,,C24992238,99.999825,1,0,0,0,0,1,0,0,0,0
S(=O)(=O)(N1CCCCC1)c1cc(NC(=O)Nc2cc(C(F)(F)F)ccc2)ccc1,,C25392960,100,1,0,0,0,0,0,0,0,1,0
S(=O)(=O)(/N=C/1\SC=C(CC(=O)Nc2c(Cc3ccccc3)cccc2)N\1)C,,C29975248,100,1,0,0,1,0,0,0,0,1,0
O=C(/N=C(\NCc1c(C)n(C)nc1C)/Nc1c(C)cc(C)cc1)c1cc(C)ccc1,,C32972466,67.840927,1,0,0,0,0,1,0,0,1,0
Fc1c(Nc2scc(C(=O)N3[C@@H](C(=O)Nc4ccccc4)CCCC3)n2)cccc1,,C35593883,99.999878,1,0,0,0,0,0,0,0,0,0
O=C(NC1CCCCC1)N1[C@H](c2ccccc2)CC[C@@H](C(=O)NCc2cnccc2)C1,,C35813810,99.561699,1,0,0,0,0,0,0,0,1,0
Fc1c(F)c(NC(=O)CNC(=O)c2oc(-c3sc4ccccc4n3)cc2)ccc1F,,C36727029,100,1,0,0,0,0,0,0,0,0,0
O=C(Nc1ccc(-c2ccccc2)cc1)CN1C(=O)[C@](C)(c2ccccc2)NC1=O,,C03459534,99.999603,1,0,0,0,0,0,0,0,0,0
Clc1c(/C=C/C(=O)Oc2ccc3[C@H](c4occc4)C(C#N)=C(N)Oc3c2)cccc1,,C38657355,100,1,0,0,0,0,0,0,0,0,0
S(CC=C)c1sc(N2C(N)=C(C#N)[C@@H](c3ccc(C)cc3)C=3C(=O)CCCC2=3)nn1,,C39425948,99.915314,1,0,0,0,0,0,0,0,0,0
O=C(Nc1sc2ccccc2n1)COc1cc(NC(=O)c2ccccc2)ccc1,,C39891143,100,1,0,0,1,0,1,0,1,1,0
Clc1cc(C)c(OCC(=O)NN2[C@@H](CC)Nc3ccc(Cl)cc3C2=O)cc1,,C39920255,99.990761,1,0,0,0,0,0,0,0,0,0
O=C(Nc1c(C(=O)NCc2occc2)c2CCCCc2s1)c1oc2ccc(C)cc2c1,,C41307979,100,1,0,0,1,0,0,0,0,0,0
O=C(NCC1CC1)[C@@H]1CN(C=2NC(=O)c3scc(-c4ccc(C)cc4)c3N=2)CCC1,,C49421312,72.819366,1,0,0,0,0,0,0,0,0,0
Oc1nn(C2CCCCC2)c2NC(=O)CS[C@@H](c3ccc(OCC=C)cc3)c12,,C05789345,69.527596,1,0,0,0,0,0,0,0,0,0
O=C(Nc1ccccc1)c1c(C)nc(N2C(=O)C(Cc3ccc(C)cc3)=C(C)N2)s1,,C21803181,84.546799,1,0,0,0,0,0,0,0,0,0
Oc1nn(C2CCCCCC2)c2NC(=O)CS[C@@H](c3ccc(OCC=C)cc3)c12,,C05830910,69.552246,1,0,0,0,0,0,0,1,0,0
O=C(NC1CCN(C(=O)/C=C/c2c(OCC)cccc2)CC1)NC1CCCCC1,,C56247596,100,1,0,0,0,0,0,0,0,0,0
Fc1cc(CCNC(=O)Nc2cc(N3CCCCC3)ccc2)c2OCOCc2c1,,C56714219,100,1,0,0,0,0,0,0,0,0,0
Fc1cc(CCNC(=O)Nc2cc(-c3sccn3)ccc2)c2OCOCc2c1,,C56776836,100,1,0,0,1,0,0,0,0,1,0
S(CC=1NC(=O)c2c(C)c(C(=O)Nc3c(C)cc(C)cc3)sc2N=1)c1ncccc1,,C25015126,83.500778,1,0,0,0,0,0,0,1,0,0
Clc1ccc([C@@H](NC(=O)CN2C(=O)[C@@](C)(c3ccc(C)cc3)NC2=O)C)cc1,,C04305245,99.999611,1,0,0,0,0,0,0,0,1,0
O=C(N[C@H](C(C)C)c1ccccc1)CN1C(=O)[C@@]2(NC1=O)C[C@@H](C)CC(C)(C)C2,,C57908256,99.999779,1,0,0,0,0,0,0,0,1,0
Clc1ccc([C@@H](NC(=O)CN2C(=O)[C@@](CC)(c3ccccc3)NC2=O)C)cc1,,C14387762,99.999603,1,0,0,0,0,0,0,0,1,0
Fc1ccc(NC(=O)C(=O)N/N=C/c2c(C)n(-c3c(C)cccc3C)c(C)c2)cc1,,C58912946,99.999359,1,0,0,1,0,0,0,0,0,0
S=C(NC(=O)c1ccccc1)Nc1c(C)cc2nn(-c3ccc(C)cc3)nc2c1,,C59337256,100,1,0,0,0,0,0,0,0,0,0
Clc1ccc(NC(=O)[C@H]2SC(N/N=C/c3ccc(Cl)cc3)=NC(=O)C2)cc1,,C59564102,84.802399,1,0,0,1,0,0,0,0,0,0
S(CC(=O)Nc1c(C)cccc1)C=1N(c2ccc(F)cc2)C(=O)c2[nH]c(C)cc2N=1,,C67237377,96.051521,1,0,0,1,0,1,0,1,0,0
S(CC(=O)Nc1c(C)cc(C)cc1)C=1N(c2ccc(F)cc2)C(=O)c2[nH]c(C)cc2N=1,,C67237395,96.051697,1,0,0,1,0,1,0,1,0,0
Fc1ccc([C@]2(CC)C(=O)N(CC(=O)N[C@H]3[C@@H](C)[C@@H](C)CCC3)C(=O)N2)cc1,,C04514362,99.999573,1,0,0,0,0,0,0,0,1,0
S(=O)(=O)(NC1CCCCC1)c1ccc2nc(NC(=O)C(C)C)sc2c1,,C00937609,97.0467,1,0,0,0,0,0,0,1,0,0
S(=O)(=O)(Nc1c(N[C@H](C)CC)nc2ccccc2n1)c1ccccc1,,C05017261,84.519257,1,0,0,0,0,0,0,1,1,0
O(CC(=O)NC(=O)N[C@@H]1[C@@H](C)CCCC1)C(=O)c1sc2ccccc2c1,,C07413011,100,1,0,0,1,0,1,0,0,1,0
Clc1c([C@@]2(C)C(=O)N(CC(=O)NC(C)(C)CC)C(=O)N2)ccc(Cl)c1,,C07472761,99.999542,1,0,0,0,0,0,0,0,1,0
S=C(NC(=O)c1occc1)Nc1ccc2oc(-c3ccc(C)cc3)nc2c1,,C02218704,100,1,0,0,0,0,0,0,0,0,0
O=C(NN=C(c1ccccc1)c1ccccc1)CC1=NNC(=O)c2ccccc12,,C10129750,65.423546,1,0,0,1,0,0,0,1,0,0
O(CC(=O)NC(=O)N[C@@H]1[C@@H](C)CCCC1)C(=O)/C=C/c1ccc(C)cc1,,C11420366,100,1,0,0,0,0,1,0,0,1,0
O=C(N[C@@H](C(C)C)c1ccccc1)CN1C(=O)C2([C@@H](C)CCC[C@@H]2C)NC1=O,,C12902186,99.999771,1,0,0,0,0,0,0,0,0,0
O=C(Nc1c(C#N)cccc1)[C@@H](Nc1c(OCC)cc2C[C@@H](C)Oc2c1)C,,C12564478,99.997231,1,0,0,0,0,0,0,0,1,0
O=C(Nc1c(C#N)cccc1)[C@@H](Nc1c(OCC)cc2C[C@H](C)Oc2c1)C,,C12564480,99.997231,1,0,0,0,0,0,0,0,1,0
O=C(Nc1c(C(C)(C)C)cccc1)CCN1C(=O)C2(NC1=O)CCCCC2,,C15191021,99.999832,1,0,0,0,0,0,0,0,1,0
O=C(Nc1ccc([C@@H](C)CC)cc1)CN1C(=O)[C@@]2([C@@H](C)CCCC2)NC1=O,,C15316906,99.999771,1,0,0,0,0,0,0,0,1,0
S(=O)(=O)(Nc1ccc(C(C)C)cc1)c1sc(C2=NNC(=O)C=C2)cc1,,C20574746,51.106594,1,1,0,1,0,1,0,1,1,0
N(Cc1occc1)c1nc(NN2CCCCC2)c2c(sc3CCCc23)n1,,C34733990,91.174675,1,0,0,1,0,0,0,1,0,0
S(=O)(=O)(Nc1c(C(OC)=O)[nH]c2ccc(C)cc12)c1cc(C)c(F)cc1,,C05927695,58.207886,1,0,0,0,0,0,0,1,0,0
FC(F)(F)c1cc(N2C(=O)O[C@H](CNC(=O)Nc3ccccc3)C2)ccc1,,C41178762,100,1,0,0,1,0,0,0,0,0,0
O=C(NCC1(c2ccccc2)CC1)CN1C(=O)C2(NC1=O)CCCCCCC2,,C42082708,99.999786,1,0,0,0,0,0,0,0,1,0
S([C@@H](C(C)C)C(=O)N1CCC(C)CC1)c1n(N)c(-c2ccc(C)cc2)nn1,,C42948555,99.813972,1,0,0,0,0,0,0,0,0,0
O=C(NCC(C)(C)c1ccccc1)Nc1ccc(N2S(=O)(=O)CCC2)cc1,,C43947705,100,1,0,0,0,0,0,0,0,0,0
O=C(NCC1CCN(C(=O)NC(C)(C)C)CC1)COc1ccc(C)cc1,,C43978413,100,1,0,0,0,0,0,0,0,1,0
Clc1cc(C(OCC(=O)NC(=O)Nc2c(C)c(C)ccc2)=O)c(F)cc1,,C08541983,100,1,0,0,1,0,0,0,0,1,0
O=C(NCCc1sccc1)C(=O)Nc1ccc2OC3(Oc2c1)CCCCC3,,C48917737,100,1,0,0,0,0,1,0,0,1,0
O=C(NC[C@H]1C(=O)N(C)c2ccccc2O1)NC(C)(C)c1cc(C(C)=C)ccc1,,C49739446,100,1,0,0,0,0,0,0,0,1,0
O(C)C(=O)Nc1ccc(NC(=O)N2C[C@H](Cc3ccc(C)cc3)CCC2)cc1,,C51615893,100,1,0,0,1,0,0,0,0,1,0
O=C(NCC1CCC(CC)CC1)N1CCC(NC(=O)c2c(C)ncs2)CC1,,C51713407,100,1,0,0,0,0,0,0,0,0,0
O=C(N=C1Nc2ccccc2N1)/C=C/c1cc(OCc2nc(C)sc2)ccc1,,C22240035,57.487831,1,0,0,0,0,0,0,1,0,0
O=C(NC[C@H](N1C(=O)c2ccccc2C1=O)c1ccccc1)Nc1ccccc1,,C54200801,100,1,0,0,0,0,0,0,0,0,0
Fc1c(NC(=O)N[C@@H](C(C)C)c2sccc2)cc(N2C(=O)OCC2)cc1,,C54512251,100,1,0,0,0,0,1,0,0,1,0
O=C(Nc1cc(C(C)C)ccc1)CNc1ccc2N=C3N(C(=O)c2c1)CCC3,,C55844201,92.761169,1,1,0,1,0,1,0,1,1,0
O=C(N[C@H]1[C@H](C)CCCC1)CNc1c(Oc2c(C#N)cccn2)cccc1,,C55844592,99.994911,1,0,0,1,0,0,0,0,0,0
O=C(NC[C@H]1CN(c2ccccc2)CC1)Nc1cc(-c2oc(C)c(C)n2)ccc1,,C56731460,100,1,0,0,1,0,0,0,0,0,0
Clc1cnc(NC(=O)[C@H]2CN(C(=O)NC(C3CC3)C3CC3)CCC2)cc1,,C56829808,99.712517,1,0,0,0,0,0,0,0,1,0
S(Cc1[nH]nc(O)c1)C=1N(CC(C)=C)C(=O)c2c(sc3CCCCc23)N=1,,C04911314,66.694885,1,0,0,1,0,1,0,1,1,0
N(c1nc(C)c2cccc(C)c2n1)C=1NCN(CCc2ccccc2)CN=1,,C19320705,87.841331,1,0,0,1,0,0,0,0,1,0
O=C(NC=1C(=O)N(N(C)C=1C)c1ccccc1)[C@@H](Nc1c(C)ccc(C)c1)C,,C28758201,99.994186,1,0,0,0,0,0,0,0,0,0
O=C(NC=1C(=O)N(N(C)C=1C)c1ccccc1)[C@H](Nc1c(C)cc(C)cc1)C,,C58018851,99.994171,1,0,0,0,0,0,0,0,0,0
FC(F)Oc1ccc(NC(=O)[C@@H]2CN(C(=O)Nc3ccccc3)CCC2)cc1,,C07957447,100,1,0,0,1,0,0,0,0,0,0
[O-]/C(=N\C=1NN2[C@@H](c3ccccc3)C[C@H](C)[NH+]=C2N=1)/CCc1ccccc1,,C13127172,92.532372,1,0,0,0,0,0,0,0,1,0
FC=1C=CC2=[NH+]CC(CCNc3nc([O-])c(Cc4ccccc4)nn3)=C2C=1,,C63493528,75.955002,1,0,0,1,0,1,0,1,1,0
O=C(Nc1ncn(-c2ccc(C(=O)NC3CCCCCCC3)cc2)c1)C(C)C,,C65096835,97.304504,1,0,0,1,0,0,0,1,0,0
Fc1c(NC(=O)NCCCC2CCCCC2)cc(N2C(=O)OCC2)cc1,,C54511952,100,1,0,0,0,0,0,0,0,1,0
O=C(N/N=C/1\C(=O)Nc2ccccc\12)COc1c(-c2ccccc2)cccc1,,C06927875,99.999832,1,0,0,0,0,0,0,1,0,0
O=C(Nc1cc(-n2nccc2)ccc1)C[C@H](NC(=O)C1CCCCC1)C,,C66307798,99.979897,1,0,0,1,0,1,0,0,0,0
Fc1ccc(N2C[C@H](CNC(=O)Nc3c(-n4nccc4)cccc3)CC2)cc1,,C66345307,99.978714,1,0,0,1,0,1,0,0,0,0
Fc1ccc(NC(=O)C=2[C@@H](c3ncsc3)NC(=O)N(CC(C)C)C=2C)cc1,,C67028115,99.945068,1,0,0,1,0,0,0,0,0,0
S(CC(=O)NC1CCCC1)C=1N(CC(C)C)C(=O)c2[nH]c(C)cc2N=1,,C67237661,90.491852,1,0,0,1,0,1,0,1,1,0
S(C)[C@@H](C)c1cc(NC(=O)N[C@@H](C)c2cc([N+](=O)[O-])ccc2)ccc1,,C67579376,100,1,0,0,0,0,0,0,0,1,0
O=C(Nc1cc(NC(=O)N2C[C@H](C)O[C@H](c3ccccc3)C2)ccc1)CCC,,C67582409,100,1,0,0,1,0,1,0,1,1,0
O=C(NCCNC(=O)C1CCCCC1)N1C[C@@H](C)O[C@@H](c2ccccc2)C1,,C67604057,100,1,0,0,1,0,0,0,0,1,0
O[C@H]1[C@@H]([C@H](C)C(=O)N(C)CC#C)CC[C@]2(C)Cc3sc(NC(=O)CC(C)(C)C)nc3[C@@H](C)[C@H]12,,C03840737,100,1,0,0,0,0,0,0,0,1,0
Fc1ccc(COc2ccc([C@@H]3C(C#N)=C(N)OC=4C[C@@H](c5occc5)CC(=O)C3=4)cc2)cc1,,C00718364,100,1,0,0,0,0,1,0,0,0,0
O=C(Nc1ccc2CCCc2c1)CN1C(=O)[C@@](c2cc(C)c(C)cc2)(c2ccccc2)NC1=O,,C09056474,99.999214,1,0,0,0,0,0,0,0,0,0
S=C(NC(=O)CC12CC3CC(C1)CC(C2)C3)Nc1ccc2nn(-c3ccccc3)nc2c1,,C09190396,100,1,0,0,0,0,0,0,0,0,0
FC(F)(F)c1c(NC(=O)[C@@H]2[C@H](c3ccc(C)cc3)Nn3c(CC)nnc3S2)cccc1,,C09239296,98.757652,1,0,0,0,0,0,0,0,0,0
S(=O)(=O)(N1[C@@H](C(=O)NCCc2c[nH]c3ccccc23)Cc2ccccc2C1)c1ccc(C)cc1,,C09420196,100,1,0,0,1,0,0,0,1,1,0
O=C(Nc1c(C(=O)NC[C@H]2OCCC2)c2CCCCc2s1)Cc1coc2cc(C)cc(C)c12,,C09430874,100,1,0,0,0,0,1,0,0,1,0
O=C(N[C@@H](c1sccc1)c1ccccc1)CN1C(=O)[C@]2(NC1=O)CCCc1ccccc21,,C09741073,99.999588,1,0,0,0,0,0,0,0,0,0
Clc1c([C@]2(C)C(=O)N(CC(=O)N[C@@H](c3sccc3)c3ccccc3)C(=O)N2)cccc1,,C09949853,99.99955,1,0,0,0,0,0,0,0,1,0
Brc1ccc(NC(=O)[C@@H]2[C@H](C(=O)Nc3c(C(OC)=O)cccc3)CC=CC2)cc1,,C10149559,100,1,0,0,0,0,0,0,0,1,0
Brc1c(NC(=O)CN2C(=O)[C@@](Cc3ccccc3)(c3ccccc3)NC2=O)cccc1,,C11589390,99.999496,1,0,0,0,0,0,0,0,0,0
Clc1c(C[C@@]2(C3CCN(C(=O)c4ccc(C(C)(C)C)cc4)CC3)C(=O)NC(=O)N2)cccc1,,C12038145,99.999359,1,0,0,1,0,1,0,0,1,0
O=C(CC[C@]1(Cc2cccc3ccccc23)NC(=O)CC1)N1[C@H](c2[nH]c3ccccc3n2)CCCC1,,C11789336,91.360359,1,0,0,1,0,0,0,0,1,0
S(CC(=O)NNC(=O)C1CCCCC1)c1nc(C(C)C)nc2sc3CCCCc3c12,,C01377470,99.746948,1,0,0,0,0,0,0,0,0,0
S(=O)(=O)(Nc1c(C(=O)Nc2c(C#N)c3C[C@@H](C)CCc3s2)cccc1)c1ccc(C)cc1,,C09600860,61.763096,1,0,0,0,0,0,0,0,1,0
Brc1cc([C@H]2C(C#N)=C(N)OC(C)=C2C(OC)=O)c(OCc2cc(F)ccc2)cc1,,C02758604,100,1,0,0,0,0,0,0,0,0,0
S=C(NC(=O)c1ccc2ccccc2c1)Nc1c(C)cc2nn(-c3ccc(F)cc3)nc2c1,,C14270975,100,1,0,0,0,0,0,0,0,0,0
Fc1c(c(F)ccc1)-c1oc(CCC(=O)Nc2scc(-c3c[nH]c4ccccc34)n2)nc1,,C10188515,100,1,0,0,1,0,0,0,1,0,0
Brc1ccc(OC[C@@H](O)CN2C(=O)[C@](C)(c3ccc4ccccc4c3)NC2=O)cc1,,C15236736,99.999672,1,0,0,1,0,1,0,0,1,0
Clc1ccc(Sc2c(NC(=O)CN3C[C@@H](C(=O)NC)Oc4ccccc34)cccc2)cc1,,C15546565,100,1,0,0,1,0,0,0,0,1,0
Fc1ccc([C@H](NC(=O)CN2C(=O)[C@@](C)(c3ccc(F)cc3)NC2=O)c2sccc2)cc1,,C16455951,99.99958,1,0,0,0,0,0,0,0,0,0
Fc1c(F)ccc([C@]2(C)C(=O)N(CC(=O)N[C@H](c3sccc3)c3ccccc3)C(=O)N2)c1,,C16464359,99.999512,1,0,0,0,0,0,0,0,0,0
Clc1ccc(N2C(=O)NC(=O)C=3C(C(F)(F)F)(C(F)(F)F)N=C(CC(C)C)NC2=3)cc1,,C12401353,97.21254,1,0,0,0,0,0,0,0,0,0
S(=O)(=O)(Nc1c(C(=O)Nc2c(C#N)c3CCCCc3s2)cccc1)c1ccc(F)cc1,,C20569708,60.331017,1,0,0,0,0,0,0,0,0,0
S(Cc1[nH]c2ccccc2n1)C=1NC(=O)C=2SC(=S)N(c3ccc(CC)cc3)C=2N=1,,C20645091,75.690002,1,0,0,1,0,0,1,1,0,0
Fc1ccc([C@@]2(C)C(=O)N(CC(=O)N[C@@H](c3sccc3)c3ccc(C)cc3)C(=O)N2)cc1,,C21733940,99.99958,1,0,0,0,0,0,0,0,0,0
S(CC(=O)N)c1sc(SCC(=O)N2c3ccccc3Sc3ccccc23)nn1,,C24727890,99.997635,1,0,0,0,0,1,0,0,1,0
Clc1c([C@H](CNC(=O)[C@H]2CN(C(=O)c3occc3)CCC2)c2c[nH]c3ccccc23)cccc1,,C25349796,100,1,0,0,0,0,0,0,1,1,0
S(CC(=O)Nc1cc(C)ccc1)C=1NC(=O)C=2SC(=S)N(c3ccc(C)cc3)C=2N=1,,C32948619,84.57296,1,0,0,1,0,1,0,1,0,0
Clc1cc(S(=O)(=O)N(CC2CCC(C(=O)NO)CC2)Cc2c(C)cccc2)ccc1,,C20665342,64.027382,1,0,0,1,0,0,0,0,1,0
Fc1ccc(C(=O)N[C@H]2[C@H](NC(=O)C3CCN(C(=O)C4CCCCC4)CC3)CCCC2)cc1,,C34899816,100,1,0,0,0,0,0,0,0,0,0
Brc1ccc(-c2oc([C@@H]3C(C(OCC)=O)=C(N)OC=4CCCC(=O)C3=4)cc2)cc1,,C03073471,100,1,0,0,0,0,0,0,0,0,0
S(CC(=O)NCC(F)(F)F)c1n(c(-c2c[nH]c3ccccc23)nn1)-c1cc(C)ccc1,,C36185598,99.345795,1,0,0,1,0,0,0,0,0,0
S(=O)(=O)(N(C)c1ccccc1)c1ccc2N[C@@H](c3cc(OC)c(O)cc3)[C@H]3CC=C[C@@H]3c2c1,,C36551216,96.46125,1,0,0,0,0,0,0,0,0,0
S(=O)(=O)(Nc1ccccc1)c1ccc2N[C@H](c3cc(OC)c(OC)cc3)[C@@H]3CC=C[C@@H]3c2c1,,C14479136,97.225525,1,0,0,0,0,0,0,0,0,0
O=C(NC(C)(C)C)[C@H](N(C(C)(C)C)C(=O)[C@H]1NC(=O)CC1)c1cc2ccccc2c2ccccc12,,C36591376,100,1,0,0,0,0,0,0,0,0,0
S(c1c(NC(=O)CN2C(=O)[C@](C)(c3ccc4CCCc4c3)NC2=O)cccc1)c1ccccc1,,C36852582,99.999603,1,0,0,0,0,1,0,0,1,0
Fc1cc([C@@H]2C(C#N)=C(N)Oc3cc(OC(=O)[C@@H](Oc4ccc(F)cc4)C)ccc23)ccc1,,C38678120,100,1,0,0,0,0,0,0,0,0,0
Clc1ccc2[nH]cc(CCNC(=O)C[C@@H]3[C@H](C)c4cc5c(C)c(C)oc5cc4OC3=O)c2c1,,C38782548,100,1,1,0,1,0,0,0,1,1,0
O=C(Nc1ccccc1)C[C@@H]1C(=O)N/C(=N\N=C\c2c3ccccc3cc3ccccc23)/S1,,C39843418,83.341629,1,0,0,0,0,1,0,0,0,0
Clc1ccc2occ(CC(=O)Nc3c(C(=O)NC[C@@H]4OCCC4)c4CCCCc4s3)c2c1,,C39883176,100,1,0,0,1,0,0,0,1,1,0
O=C(Nc1c(C(=O)NCCC)c2CCCCc2s1)/C(=C/C=1COc2ccccc2C=1)/C#N,,C39992346,100,1,0,0,0,0,0,0,0,0,0
S(=O)(=O)(NCC1CCN(C(=O)Nc2sccc2)CC1)c1c(C)c(C)c(C)c(C)c1C,,C43961936,96.53788,1,0,0,0,0,0,0,0,0,0
O(CC)C(=O)c1c(N/C=C/2\C(=O)N(c3ccc(C)cc3)NC\2=C)scc1-c1ccccc1,,C01867295,99.839371,1,0,0,0,0,0,0,0,0,0
S(=O)(=O)(/N=C/1\NCCC\1)c1cc(NC(=O)/C=C/c2sc(-c3ccc(F)cc3)cc2)ccc1,,C58543909,99.998169,1,0,0,1,0,0,0,0,0,0
Clc1cc([C@@H](NC(=O)CN2C(=O)[C@@](C)(c3ccc(F)cc3)NC2=O)c2ccccc2)ccc1,,C59308891,99.999588,1,0,0,0,0,0,0,0,0,0
Brc1cc(/C=N/NC(=O)Nc2ccc(Br)cc2)c(OCC#N)cc1,,C59598204,100,1,0,0,0,0,0,0,0,0,0
Fc1ccc(C2(CNC(=O)c3cc(N4C(=O)[C@H]5CC=CC[C@H]5C(=O)N4)ccc3)CCCCC2)cc1,,C60155139,96.011475,1,0,0,0,0,0,0,0,0,0
Brc1ccc2NC(=O)/C(=N/NC(=O)CCCOc3c(C)cc(Cl)cc3)/c2c1,,C01949990,99.999832,1,0,0,1,0,0,0,1,1,0
Brc1ccc(N2C(=O)[C@H](Nc3ccc(Cc4[nH]c5ccccc5n4)cc3)CC2=O)cc1,,C01133268,84.950699,1,0,0,0,0,1,0,0,0,0
O(CCCC)c1c(/C=N/NC=2C(C)=NNC(=O)N=2)c2ccccc2cc1,,C04422773,51.070145,1,0,0,1,0,0,0,1,1,0
Clc1cc(COc2cc(/C=N/NC=3C(C)=NNC(=O)N=3)ccc2)ccc1,,C04422793,50.162258,1,0,0,1,0,0,0,1,1,0
S=C(NC(=O)c1cccc2ccccc12)Nc1c(OC)cc([N+](=O)[O-])cc1,,C04706729,100,1,0,0,0,0,0,0,0,0,0
O=Cc1ccc(C(OCC(=O)NC(=O)NC23CC4CC(C2)CC(C3)C4)=O)cc1,,C05405200,100,1,0,0,1,0,0,0,0,1,0
O=[N+]([O-])c1c(NC)ccc(/C=C(/C(=O)N[C@@H](C)c2ccccc2)\C#N)c1,,C05692981,99.989929,1,0,0,0,0,0,0,0,0,0
O(CC)c1ccc(NC(=C)[C@H]2C(=O)N(c3ccc(C)cc3)C(=O)NC2=O)cc1,,C05840564,99.994164,1,0,0,0,0,0,0,0,0,0
O=C(Nc1cc(C#N)ccc1)CN1C(=O)[C@](CCC)(c2ccccc2)NC1=O,,C03425151,99.999588,1,0,0,0,0,1,0,0,1,0
O(CC(=O)NC(=O)N[C@@H]1[C@H](C)CCCC1)C(=O)c1ccc(N(C)C)cc1,,C07438598,100,1,0,0,1,0,0,0,0,1,0
O=[N+]([O-])c1c(NCCNc2ncnc3sc4CCCc4c23)cccc1,,C07365900,91.230301,1,1,0,0,0,0,0,0,0,0
O=C(NC(CC)CC)CN1C(=O)[C@@](C)(c2oc3ccccc3c2)NC1=O,,C09479212,99.998894,1,0,0,0,0,0,0,0,1,0
O=[N+]([O-])c1ccc(/C=C/C(=O)Nc2c(C(=O)NCC=C)cccc2)cc1,,C10513467,100,1,0,0,1,0,0,0,0,1,0
O(C)C(=O)CC1=C(C(OC)=O)[C@@H](c2ccc(C(C)(C)C)cc2)NC(=O)N1,,C12336574,99.993103,1,0,0,0,0,0,0,0,1,0
S(CC(=O)Nc1sc2ccccc2n1)c1nnc(NC(=O)C(C)C)cc1,,C13702123,100,1,0,0,0,0,1,0,1,1,0
Clc1ccc2O[C@@H](C(=O)NCCNc3c([N+](=O)[O-])cccc3)Cc2c1,,C15824164,99.996521,1,0,0,0,0,0,0,0,0,0
Fc1c(F)ccc(C(=O)[C@@H](OC(=O)c2cc([N+](=O)[O-])c(N)cc2)C)c1,,C16207995,100,1,0,0,0,0,0,0,1,1,0
O(CC(=O)NC(=O)N[C@@H]1[C@@H](C)CCCC1)C(=O)COc1c(C)cccc1,,C07601572,100,1,0,0,1,0,1,0,0,1,0
O(CC)C(=O)C=1[C@H](c2oc(C)cc2)NC(=O)NC=1CN(C)c1ccccc1,,C32754845,99.831078,1,0,0,1,0,0,0,0,1,0
Oc1cc(-c2n(CC(C)C)c3C(=O)NC(=O)N(CCCC)c3n2)ccc1,,C32834947,50.018063,1,1,0,1,0,1,1,1,1,0
S(=O)(=O)(Nc1c(C(OC)=O)[nH]c2ccc(C)cc12)c1c(OC)ccc(C)c1,,C18069064,59.718887,1,0,0,0,0,0,0,0,0,0
O=C(NCc1ccccc1)N(CC(=O)Nc1nocc1)C1CCCCC1,,C35338959,99.999779,1,0,0,1,0,1,0,0,1,0
S=C1N(/N=C/c2occc2)[C@H](N(O)C(=O)NCCCC)C(C)(C)S1,,C04354066,69.813316,1,0,0,0,0,0,0,0,1,0
S=C1N(/N=C/c2occc2)[C@@H](N(O)C(=O)NCCCC)C(C)(C)S1,,C04354072,69.813316,1,0,0,0,0,0,0,0,0,0
O=C(Nc1onc(C(C)(C)C)c1)Cc1nc(NC(=O)C2CCCC2)sc1,,C38739346,99.998909,1,0,0,1,0,1,0,1,1,0
Fc1ccc(NC(=O)NCCOc2ncnc(N3CCCCCC3)c2)cc1,,C38908924,98.689377,1,0,0,0,0,0,0,0,1,0
O=C(NC[C@@H]1N=NC=2CCCCCC1=2)CCC=1O[C@H](c2sc(C)cc2)NN=1,,C39412904,99.537476,1,0,0,1,0,1,0,0,1,0
Brc1cc(F)c(Nc2c([N+](=O)[O-])c(NCC=C)ncn2)cc1,,C40598925,94.044701,1,0,0,1,0,0,0,1,1,0
O(CC)C(=O)[C@@H]1CN(c2c(N)c(Oc3cc(C)cc(C)c3)ncn2)CCC1,,C40681364,99.188858,1,0,0,0,0,0,0,0,0,0
O(CC)C(=O)c1c(NC(=O)N(C)CC2=CC(=O)Nc3ccccc23)cccc1,,C41077092,99.998497,1,0,0,0,0,0,0,1,1,0
O=C(Nc1ccc2OC3(Oc2c1)CCCC3)CCCNc1ncccn1,,C45766265,96.635818,1,0,0,1,0,0,0,1,0,0
O=C(N[C@@H](C)c1ccc(NC(=O)N(CC)CC)cc1)N(C)C[C@H](C)C#N,,C47128290,100,1,0,0,0,0,0,0,0,0,0
O=[N+]([O-])c1c(C)c(NC(=O)C(=O)N[C@@H](C(C)C)c2sccc2)ccc1,,C49300293,100,1,0,0,0,0,0,0,0,0,0
O=[N+]([O-])c1ccc(/C(/N)=N/OC(=O)c2c(-c3ccccc3)cccc2)cc1,,C05013661,99.994141,1,0,0,1,0,0,0,1,0,0
Fc1cc(OCCN(C)C(=O)NNC(=O)c2c(C)c3ccccc3o2)ccc1,,C56372810,100,1,0,0,1,0,1,0,0,0,0
O=[N+]([O-])c1c(C)c(NC(=O)[C@@H](NC(=O)c2ccc(C)cc2)C(C)C)ccc1,,C58163233,100,1,0,0,0,0,0,0,0,1,0
O=C(NCCCn1cnc2ccccc12)Nc1sc(C2CCCCC2)nn1,,C58878793,85.45224,1,1,0,1,0,1,0,1,1,0
O=[N+]([O-])c1cc(NC(=O)C(=O)NC[C@@H](CC)c2ccccc2)c(C)cc1,,C49522764,100,1,0,0,0,0,1,0,0,1,0
O(CC)C(=O)c1c(NC(=O)c2nc(Nc3ncccc3)sc2)scc1,,C62162380,97.669098,1,0,0,0,0,0,0,0,1,0
O(C)C(=O)Nc1ccc(NC(=O)N(CC=C)Cc2cc(C#N)ccc2)cc1,,C63392106,100,1,0,0,0,0,0,0,0,1,0
FC(F)(F)c1c(F)ccc(NC(=O)CNC(=O)c2cc([N+](=O)[O-])ccc2)c1,,C63839842,100,1,0,0,1,0,0,0,0,1,0
S(C[C@@H]1OC(c2ccc(C(C)(C)C)cc2)=NN1)C=1N(CC)C(=O)NN=1,,C39995941,99.869324,1,0,0,0,0,0,0,1,1,0
S(=O)(=O)(NC(C)(C)C)c1c(CNc2ccc([N+](=O)[O-])cc2)cccc1,,C64947873,97.813644,1,0,0,0,0,0,0,0,1,0
O=[N+]([O-])c1ccc(CCNC(=O)NC[C@@H]2COc3ccccc3C2)cc1,,C54645309,100,1,0,0,1,0,0,0,0,1,0
Clc1ccc(NC(=O)CNC(=O)N2C[C@H](C(OCC)=O)CCC2)cc1,,C54649259,100,1,0,0,0,0,0,0,0,1,0
O=C(N[C@@H](C)c1n2C=CC=Cc2nn1)C[C@H](NC(=O)C1CCCCC1)C,,C66279311,99.027397,1,0,0,0,0,1,0,0,1,0
O=C(Nc1cnc(-n2nccc2)cc1)C[C@H](NC(=O)C1CCCCC1)C,,C66284988,99.966492,1,0,0,1,0,0,0,0,1,0
O=C(NNC(=O)Cc1c(C)oc(-c2occc2)n1)CCC1CCCCC1,,C66555362,100,1,0,0,1,0,0,0,0,0,0
O=C(NNC(=O)CN1C(=O)c2cc(C)ccc2C1=O)CCC1CCCCC1,,C66556043,100,1,0,0,0,0,0,0,0,0,0
O=C(NC1CCN(c2ncc(C#N)cc2)CC1)C[C@H](NC(=O)C1CCCC1)C,,C66768190,99.139389,1,0,0,0,0,0,0,0,0,0
O=[N+]([O-])c1c(N2C[C@H](Cc3c(OC)cccc3)CCC2)ccc(C(=O)N)c1,,C66817675,100,1,0,0,1,0,0,0,1,1,0
O=[N+]([O-])c1c(NC(=O)[C@@H](N[C@H](c2occc2)c2ccccc2)C)cccc1,,C67133043,97.457832,1,0,0,0,0,0,0,0,0,0