smiles,active_ID,ID,%C,real_activity,U5,U4,U1,U3,U2,autoph4,dbautoph4,elucidator,reversefp
Oc1ccc(C2C(=O)Nc3ccccc3-c3ccnc4[nH]cc2c34)cc1,574076,CHEMBL584052,,1,0,1,0,0,0,1,1,1,0
Fc1ccc([C@H](Nc2ncnc(-c3c(N)nn4C=CC=Nc34)c2)C)cc1,579275,CHEMBL583895,,1,0,1,0,0,0,1,1,1,0
Clc1c(-c2[nH]c3c(n2)c2ccc(F)cc2c2C(=O)NC=Cc32)c(F)ccc1,442171,CHEMBL272424,,1,0,1,0,1,0,1,1,1,0
Fc1c(O)ccc(C2Nc3ccccc3-c3ccnc4[nH]cc2c34)c1,590373,CHEMBL591096,,1,1,1,0,0,1,1,1,1,1
Clc1c(C2=Nc3ccccc3-c3ncnc4[nH]cc2c34)ccc(O)c1,590605,CHEMBL603048,,1,1,1,0,0,1,1,1,1,0
Fc1ccc2c3nc(C(C)(C)C)[nH]c3c3C=CNC(=O)c3c2c1,24580,CHEMBL21156,,1,0,1,0,1,0,1,1,1,0
O=C(NC1CC1)Nc1c(-c2[nH]c3ccc(CN4CCOCC4)cc3n2)n[nH]c1,494066,CHEMBL495727,,1,0,0,0,1,0,0,1,0,0
Fc1c(C2Nc3ccccc3-c3ncnc4[nH]cc2c34)ccc(O)c1,590559,CHEMBL604038,,1,0,1,0,0,1,1,1,1,1
O=C(CC#N)N1C[C@H](N(C)c2ncnc3[nH]ccc23)[C@H](C)CC1,367860,CHEMBL221959,,1,1,1,0,1,0,0,1,0,0
S(=O)(=O)(Nc1ccc(-c2nc(Nc3ccc(CN4CCS(=O)(=O)CC4)cc3)ncc2)cc1)C,617418,CHEMBL1078889,,1,0,0,0,0,0,0,0,0,0
Fc1cnc([C@@H](Nc2c(C#N)ncc(Nc3n[nH]c(C)c3)n2)C)nc1,579280,CHEMBL570002,,1,0,1,0,0,1,1,1,0,0
Fc1cnc(C(Nc2c(C#N)ncc(Nc3n[nH]c(C)c3)n2)C)cc1,579301,CHEMBL568788,,1,0,1,0,0,1,1,1,0,0
Fc1cnc([C@@H](Nc2c(C#N)ncc(Nc3n[nH]c(C4CC4)c3)n2)C)cc1,579244,CHEMBL578194,,1,0,1,0,1,1,1,1,0,0
Fc1c(C(=O)N2CCOCC2)ccc(-c2cccc3nc(Nc4cc(OC)c(OC)c(OC)c4)oc23)c1,613513,CHEMBL1081484,,1,1,1,0,0,1,1,1,0,0
Fc1cnc([C@@H](Nc2nc(OC)cc(Nc3sc(C)cn3)n2)C)nc1,613813,CHEMBL1088029,,1,0,0,0,0,1,1,1,0,0
Fc1cnc([C@@H](Nc2nc(Nc3sc(C)cn3)cc(N3CCOCC3)n2)C)nc1,613814,CHEMBL1088030,,1,0,0,0,0,0,0,0,0,0
Fc1cnc([C@@H](Nc2nc(Nc3sc(C)cn3)cc(N3CCN(C)CC3)n2)C)cc1,613878,CHEMBL1087268,,1,0,0,0,0,0,0,0,0,0
Fc1cnc([C@@H](Nc2nc(Nc3sc(C#N)cn3)cc(N3CCOCC3)n2)C)cc1,613880,CHEMBL1087398,,1,0,0,0,0,0,0,0,0,0
Oc1c(OC)cc(-c2nc(Nc3ccc(N4CCOCC4)cc3)ncc2)cc1,617202,CHEMBL1078274,,1,0,1,1,1,1,0,1,0,0
FC(F)(F)CN(CCC)C(=O)C1CN(c2ncnc(-c3c(N)nn4C=CC=Nc34)c2)CCC1,579306,CHEMBL569957,,1,0,1,0,0,0,1,1,0,0
Fc1c(CN2CCOCC2)c(F)cc(-c2cccc3ncc(-c4cc(C)c(C(=O)N5CCOCC5)cc4)nc23)c1,621964,CHEMBL1093119,,1,1,1,0,0,1,1,1,0,0
Fc1ccc(C2N(c3ncnc(-c4c(N)nn5C=CC=Nc45)c3)CCC2)cc1,579307,CHEMBL582808,,1,0,1,0,0,0,1,1,0,0
Fc1cnc([C@@H](Oc2c(C#N)nc(C)c(Nc3n[nH]c(C)c3)n2)C)cc1,579382,CHEMBL570192,,1,0,1,0,1,1,0,1,0,0
Fc1cnc([C@@H](Nc2nc(Nc3sc(C)cn3)cnc2)C)nc1,613812,CHEMBL1087898,,1,0,1,0,0,1,1,1,0,0
N([C@@H](C)c1ccccc1)c1nc(-n2cnc3ccncc23)ncc1,367884,CHEMBL221029,,1,1,1,0,0,1,1,1,0,0
Fc1c(CN2CCOCC2)c(F)cc(-c2cccc3ncc(-c4ccc(N5CCN(C)CC5)cc4)nc23)c1,621965,CHEMBL1089773,,1,1,1,0,0,1,1,1,0,0
O(C)[C@@H]1[C@H](NC)CC2O[C@]1(C)n1c3ccccc3c3c1c1n2c2ccccc2c1c1C(=O)NCc31,86358,CHEMBL162,,1,0,0,0,0,0,0,1,0,0
Fc1ccc(-c2sc(NC(=O)N)c(C(=O)N)c2)cc1,425081,CHEMBL257167,,1,0,0,0,0,0,0,1,1,0
S(=O)(=O)(Nc1ccc(-c2cccc3nc(Nc4cc(OC)c(OC)c(OC)c4)oc23)cc1)C,613447,CHEMBL1081977,,1,1,1,0,0,1,1,1,0,0
Fc1c(CN2CCOCC2)c(F)cc(-c2cccc3nc(Nc4cc(C)c(C(=O)N(C)C)cc4)oc23)c1,613579,CHEMBL1080159,,1,1,1,0,0,1,1,1,0,0
Fc1cccc2[C@H](N3C(=O)Nc4cnc(-n5cnc6ccc(C#N)cc56)nc34)CCOc12,611732,CHEMBL1079594,,1,1,1,0,0,1,1,1,0,0
O=C(Cc1ccc(-c2cccc3ncc(-c4cc(OC)c(OC)c(OC)c4)nc23)cc1)N1CCS(=O)(=O)CC1,621617,CHEMBL1093468,,1,0,1,0,0,0,1,1,0,0
O(C)c1c(OC)cc(Nc2ncc3ccn(-c4ncccc4)c3n2)cc1OC,345093,CHEMBL205098,,1,0,1,0,0,1,1,0,0,0
O(NC(=O)c1n(C)c2nc(-n3cnc4ccncc34)nc(N[C@@H](C)c3ccccc3)c2c1)C,396940,CHEMBL391492,,1,1,1,0,0,0,1,1,0,0
S(=O)(=O)(Nc1ccc(-c2nc(Nc3cc(CN4CCCC4)ccc3)ncc2)cc1)C,617203,CHEMBL1078275,,1,0,0,0,0,0,0,0,0,0
S(=O)(=O)(Nc1ccc(-c2nc(Nc3ccc(N4CCC(O)CC4)cc3)ncc2)cc1)C,617420,CHEMBL1079078,,1,0,1,1,0,1,0,1,0,0
Fc1c(CN2CCS(=O)(=O)CC2)c(F)cc(-c2cccc3ncc(-c4cnc(N5CCN(C)CC5)cc4)nc23)c1,620819,CHEMBL1092925,,1,1,1,0,0,1,1,1,0,0
O=C(N1CCN(C)CC1)c1c(C)cc(-c2nc3c(-c4ccc(CN5CCS(=O)(=O)CC5)cc4)cccc3nc2)cc1,621886,CHEMBL1092063,,1,1,1,0,0,1,1,1,0,0
Fc1c(CN2CCOCC2)c(F)cc(-c2cccc3ncc(-c4cn(C5CCNCC5)nc4)nc23)c1,620820,CHEMBL1092926,,1,1,1,0,0,1,1,1,0,0
Fc1ccc(COc2ncnc(-c3c(N)nn4C=CC=Nc34)c2)cc1,579384,CHEMBL568815,,1,0,1,0,0,0,1,1,0,0
O(C)c1c(OC)cc(Nc2oc3c(-c4ccc5ncccc5c4)cccc3n2)cc1OC,613445,CHEMBL1081975,,1,1,1,0,0,1,1,1,0,0
O=C(N1CCOCC1)c1c(C)cc(-c2cccc3nc(Nc4ccc(N5CCN(C)CC5)cc4)oc23)cc1,613581,CHEMBL1082023,,1,1,1,0,0,1,1,1,0,0
S(=O)(=O)(Nc1ccc(-c2nc(Nc3cc(CN4CCOCC4)ccc3)ncc2)cc1)C,617205,CHEMBL1078277,,1,0,0,1,0,0,0,0,0,0
S(=O)(=O)(Nc1ccc(-c2nc(Nc3ccc(CN4CCOCC4)cc3)ncc2)cc1)C,617347,CHEMBL1078689,,1,0,0,0,0,0,0,0,0,0
O=C(N1CCN(C)CC1)c1n(C)c2nc(-n3cnc4ccncc34)nc(N[C@@H](C)c3ccccc3)c2c1,396934,CHEMBL233151,,1,1,1,0,0,0,1,1,0,0
Nc1c(-c2ncnc(N[C@@H]3CCc4ccccc34)c2)c2n(n1)C=CC=N2,579282,CHEMBL570229,,1,0,1,0,0,0,1,1,1,0
S(=O)(=O)(Nc1ccc(-c2nc(Nc3ccc(CN4CCCCC4)cc3)ncc2)cc1)C,617204,CHEMBL1078276,,1,0,0,0,0,0,0,0,0,0
S(=O)(=O)(Nc1ccc(-c2nc(Nc3cc(CN4CCC(O)CC4)ccc3)ncc2)cc1)C,617346,CHEMBL1078688,,1,0,1,1,0,1,0,1,0,0
O(C)c1c(OC)ccc(-c2nc(-n3cnc4ccncc34)nc(N[C@@H](C)c3ccccc3)c2)c1,367928,CHEMBL220483,,1,1,1,0,0,0,1,1,0,0
O=C(Cc1ccc(-c2cccc3ncc(-c4cc(OC)c(OC)c(OC)c4)nc23)cc1)N1CCOCC1,621616,CHEMBL1093191,,1,0,1,0,0,0,1,1,0,0
S(=O)(=O)(Nc1ccc(-c2nc(Nc3cc(CN4CCN(C)CC4)ccc3)ncc2)cc1)C,617349,CHEMBL1078866,,1,0,0,0,0,0,0,0,0,0
O=S1(=O)CCN(Cc2ccc(-c3cccc4ncc(-c5cc(OC)c(OC)c(OC)c5)nc34)cc2)CC1,621618,CHEMBL1089833,,1,0,1,0,0,0,1,1,0,0
N([C@@H](C)c1ccccc1)c1nc(-n2cnc3ccncc23)nc(-c2cocc2)c1,367886,CHEMBL222027,,1,1,1,0,0,1,1,1,0,0
Clc1c(Oc2nc(-n3cnc4ccncc34)nc(N3CCN(C)CC3)c2)cccc1,367831,CHEMBL218439,,1,0,1,0,0,0,1,1,0,0
S(=O)(=O)(Nc1ccc(-c2nc(Nc3ccc(CN4CCN(C)CC4)cc3)ncc2)cc1)C,617417,CHEMBL1078971,,1,0,0,0,0,0,0,0,0,0
N([C@@H](C)c1ccccc1)c1nc(-n2cnc3ccncc23)nc(N2CCN(C)CC2)c1,367830,CHEMBL375296,,1,1,1,0,0,0,1,1,0,0
Nc1c(-c2ncnc(NC(C)C)c2)c2n(n1)C=CC=N2,579371,CHEMBL568790,,1,0,1,0,0,0,1,1,1,0
O=C(N1CCOCC1)c1c(C)cc(-c2cccc3ncc(-c4cc(OC)c(OC)c(OC)c4)nc23)cc1,621814,CHEMBL1088856,,1,0,1,0,0,1,1,1,0,0
Fc1c(CN2CCOCC2)ccc(-c2cccc3ncc(-c4cc(OC)c(OC)c(OC)c4)nc23)c1,621815,CHEMBL1088857,,1,0,1,0,0,0,1,1,0,0
O=C(N1CCOCC1)c1n(C)c2nc(-n3cnc4ccncc34)nc(N[C@@H](C)c3ccccc3)c2c1,396951,CHEMBL391096,,1,1,1,0,0,0,1,1,0,0
Nc1c(-c2ncnc(NCc3ncccc3)c2)c2n(n1)C=CC=N2,579317,CHEMBL576475,,1,0,1,1,0,1,1,1,1,0
Fc1c(CN2C(=O)Nc3cnc(-n4cnc5ccc(C#N)cc45)nc23)c(F)ccc1,611503,CHEMBL1079523,,1,0,1,0,1,1,1,1,0,0
N([C@@H](C)c1ccccc1)c1nc(-n2cnc3ccc(C#N)cc23)nc(-c2cocc2)c1,367971,CHEMBL375205,,1,1,1,0,0,1,1,1,0,0
N(c1nc(-c2ccc3[nH]ccc3c2)ccn1)c1ccc(N2CCOCC2)cc1,617119,CHEMBL1081138,,1,0,1,0,0,1,0,1,0,0
Fc1c(C2NC(=O)c3ccccc3-c3ccnc4[nH]cc2c34)ccc(O)c1,590715,CHEMBL589633,,1,1,1,0,0,1,1,0,1,0
Nc1c(-c2ncnc(NCc3cnccc3)c2)c2n(n1)C=CC=N2,579336,CHEMBL583030,,1,0,1,0,0,1,1,1,1,0
Clc1c(-c2ccc3[nH]nc(N)c3c2)ccc(S(=O)(=O)NC(C)(C)C)c1,473387,CHEMBL482189,,1,0,1,0,0,0,1,1,1,0
O=C(NCC#N)c1ccc(-c2nc(Nc3ccc(N4CCN(C)CC4)cc3)ncc2)cc1,617785,CHEMBL1078934,,1,0,1,1,0,1,0,1,0,0
O=C(NCCCN1CCOCC1)c1n(C)c2nc(-n3cnc4ccncc34)nc(N[C@@H](C)c3ccccc3)c2c1,396949,CHEMBL233969,,1,1,1,0,0,0,1,1,0,0
S(=O)(=O)(NC)c1ccc(-c2cccc3ncc(-c4cc(OC)c(OC)c(OC)c4)nc23)cc1,615922,CHEMBL1093749,,1,0,1,0,0,0,1,1,0,0
N([C@H](C)c1ccccc1)c1nc(-n2cnc3ccncc23)ccn1,367935,CHEMBL375076,,1,0,1,0,0,0,1,1,0,0
N([C@@H](C)c1ccccc1)c1nc(-n2cnc3cnccc23)ncc1,367927,CHEMBL220585,,1,1,1,0,0,1,1,1,1,0
O=C(NCCCn1cncc1)c1n(C)c2nc(-n3cnc4ccncc34)nc(N[C@@H](C)c3ccccc3)c2c1,396952,CHEMBL231733,,1,1,1,0,0,0,1,1,0,0
O[C@H]1CN(c2nc(-n3cnc4ccncc34)nc(N[C@@H](C)c3ccccc3)c2)CC1,367867,CHEMBL221037,,1,1,1,0,0,0,1,1,0,0
Oc1c(CN(CC)CC)cc(/C(/CC)=C(\CC)/c2cc(CN(CC)CC)c(O)cc2)cc1,559587,CHEMBL559626,,1,0,0,0,0,0,0,0,0,0
O=C(NCC#N)c1ccc(-c2nc(Nc3ccc(N4CCSCC4)cc3)ncc2)cc1,617782,CHEMBL1077841,,1,0,1,1,0,1,0,1,0,0
N([C@@H](C)c1ccccc1)c1nc(-n2cnc3ccncc23)nc(-c2cn(C)nc2)c1,367938,CHEMBL221376,,1,1,1,0,0,0,1,1,0,0
N(c1nc(-c2ccc(Cn3c(C)ncc3)cc2)ccn1)c1ccc(N2CCOCC2)cc1,617117,CHEMBL1080955,,1,0,1,0,0,1,0,0,0,0
O(C)C(=O)C1CN(c2ncnc(-c3c(N)nn4C=CC=Nc34)c2)CC1,579327,CHEMBL571118,,1,0,1,0,0,0,1,1,1,0
Clc1ccc2c3nc(-c4c(C#N)cccc4C#N)[nH]c3c3ccccc3c2c1,442303,CHEMBL412099,,1,0,0,0,0,0,0,0,0,0
O(C)c1c(OC)cc(Nc2oc3c(-c4ncccc4)cccc3n2)cc1OC,613377,CHEMBL1081443,,1,1,1,0,0,1,1,1,0,0
O=C(NCC#N)c1ccc(-c2nc(Nc3cc(N4CCOCC4)ccc3)ncc2)cc1,617702,CHEMBL1078229,,1,0,0,1,0,1,0,1,0,0
Clc1c(Nc2nc(-n3cnc4ccncc34)nc(N3CCN(C)CC3)c2)cccc1,367848,CHEMBL376885,,1,1,1,0,0,0,1,1,0,0
O(C)C[C@@H](Nc1nc(-n2cnc3ccc(C#N)cc23)ncc1)C,367962,CHEMBL221912,,1,1,1,0,0,1,1,1,0,0
Clc1c(Nc2nc(-n3cnc4ccncc34)nc3n(C)c(C(=O)N4CCN(C)CC4)cc23)cc(OC)cc1,396957,CHEMBL393375,,1,1,1,0,0,0,1,1,1,0
O(C)C[C@@H](Nc1nc(-n2cnc3ccncc23)nc(-c2cocc2)c1)C,553046,CHEMBL557844,,1,1,1,0,0,1,1,1,0,0
O=C(NCC#N)c1ccc(-c2nc(Nc3ccc(OCCCN(CC)CC)cc3)ncc2)cc1,617699,CHEMBL1078720,,1,0,0,0,0,0,0,0,0,0
S(c1nc(Nc2[nH]nc(C)c2)cc(N2CCN(C)CC2)n1)c1ccc(NC(=O)C2CC2)cc1,436277,CHEMBL572878,,1,0,1,0,0,1,0,1,0,0
O=C(NCc1occc1)c1ccc(-c2nc(Nc3ccc(N4CCOCC4)cc3)ncc2)cc1,617036,CHEMBL1079690,,1,0,1,1,0,1,0,1,0,0
OC(C)(C)[C@@H](Nc1nc(-n2cnc3ccncc23)nc2n(C)c(C(=O)N3CCN(C)CC3)cc12)C,396959,CHEMBL232147,,1,1,1,0,0,1,1,1,1,0
Nc1c(-c2ncnc(N3CCOCC3)c2)c2n(n1)C=CC=N2,579281,CHEMBL576486,,1,0,1,0,0,0,1,1,1,0
S(=O)(=O)(N)c1ccc(Nc2nn(C(=O)c3c(F)cccc3F)c(N)n2)cc1,317507,CHEMBL191003,,1,0,0,0,0,1,1,1,0,0
O=C(N1CCCC1)c1ccc(Nc2nc(-c3sc4ccccc4c3)ccn2)cc1,335042,CHEMBL382752,,1,0,1,1,0,1,0,1,1,0
Clc1cnc2[nH]cc(-c3ccccc3)c2c1,574148,CHEMBL583105,,1,1,1,0,0,0,1,1,1,0
Nc1n[nH]c2ccc(-c3c(C)nc(C)s3)cc12,473246,CHEMBL510641,,1,0,1,0,0,0,1,1,1,0
S(=O)(=O)(N1CCOCC1)c1ccc(-c2ccc3[nH]nc(N)c3c2)cc1,473384,CHEMBL520947,,1,0,1,0,0,0,1,1,1,0
S(=O)(=O)(NC(=O)c1n(C)c2nc(-n3cnc4ccncc34)nc(N[C@@H](C)c3ccccc3)c2c1)c1ccccc1,396960,CHEMBL392998,,1,1,1,0,0,0,1,1,0,0
Clc1ccc2ncn(-c3ncc4NC(=O)N(C5CCOCC5)c4n3)c2c1,612672,CHEMBL1080322,,1,1,1,0,1,1,1,1,0,0
OCCCCC1=Nc2ccccc2-c2ncnc3[nH]cc1c23,590606,CHEMBL604578,,1,1,1,0,1,1,1,1,0,0
Fc1ccc2NC(=O)/C(=C\c3c(C)c(C(=O)NCCN(CC)CC)c(C)[nH]3)/c2c1,13048,CHEMBL535,,1,0,0,0,0,0,1,1,0,0
O(C)C(=O)CC1Nc2ccccc2-c2ccnc3[nH]cc1c23,591136,CHEMBL595397,,1,1,1,0,1,1,1,1,1,1
c1(-c2ncnc3[nH]ccc23)ccccc1,574149,CHEMBL578974,,1,1,1,0,0,0,1,1,1,0
O=C(NCCN(C)C)c1ccc(Nc2nc(-c3sc4ccccc4c3)ccn2)cc1,334914,CHEMBL200832,,1,0,1,1,0,1,0,1,0,0
FC(F)(F)c1cc(NC(=O)c2c(F)ccc(C#Cc3cnc(N)nc3)c2)c(N2C[C@@H](N(C)C)CCC2)cc1,366663,CHEMBL386637,,1,0,0,0,1,0,0,1,0,0
Nc1c(-c2ncnc(N(CC)Cc3ccncc3)c2)c2n(n1)C=CC=N2,579316,CHEMBL569739,,1,0,1,1,0,1,1,1,1,0
O=C1/C(=C\c2[nH]ccc2)/c2cc(-c3cnccc3)ccc2N1,172985,CHEMBL323994,,1,0,1,0,0,0,1,1,1,0
FC(F)(F)c1c(CN2CCN(CC)CC2)ccc(NC(=O)Nc2ccc(Oc3ncnc(NC)c3)cc2)c1,568339,CHEMBL574738,,1,0,1,0,0,0,0,1,0,0
O=C(N)COc1c(OC)cc([C@H]2C(C#N)=C(N)OC=3CC(C)(C)CC(=O)C2=3)cc1,,C00658631,,0,0,0,0,0,0,0,0,0,0
S=C=Nc1ccc(O[C@@H]2[C@H](NC(=O)C)[C@H](O)[C@H](O)[C@H](CO)O2)cc1,,C04533936,,0,0,0,0,0,0,0,0,0,0
S(CC(=O)NC(=O)NCc1ccccc1)c1n(N)c(-c2sccc2)nn1,,C04536660,,0,0,1,1,0,0,0,1,0,0
S(CC(=O)NC(=O)NC)C=1N(N)C(=O)c2c(sc3CCCCc23)N=1,,C02181066,,0,0,1,0,0,0,0,1,0,0
S(Cc1cc(CSc2n(N)c(C)nn2)ccc1)c1n(N)c(C)nn1,,C05411336,,0,0,1,0,0,0,1,1,0,0
O=C(N)c1c(NC(=O)C=2C(=O)c3c(C)nn(-c4ccccc4)c3NC=2)cccc1,,C07424113,,0,0,1,0,0,1,1,1,0,0
O=C(NCc1ccc(C(=O)NNC(=O)c2c(C)oc(C)c2)cc1)NC(C)C,,C08143916,,0,0,0,0,0,0,0,1,0,0
S(CC(=O)NC(=O)NC1CCCC1)c1n(N)c(C2CCCCC2)nn1,,C08985328,,0,0,1,0,0,0,0,0,0,0
OC[C@]1(C)[C@](O)(C)[C@](O)(C)[C@](O)(C)[C@@](Oc2ccc3C(C)=CC(=O)Oc3c2)(C)O1,,C09915669,,0,0,1,0,0,0,0,1,0,0
Clc1cc(C(=O)N)c(OCC=2N(CC(=O)N)C(=O)c3ccccc3N=2)cc1,,C11115668,,0,0,1,0,0,0,1,1,0,0
O=C(NCCC(=O)Nc1ccc2O[C@H](C)C(=O)Nc2c1)NCc1ccccc1,,C12975057,,0,0,0,0,0,0,0,1,0,0
S(CC(=O)N([C@H](C)CC)[C@@H]1CS(=O)(=O)CC1)c1nc(N)cc(N)n1,,C05229276,,0,0,0,0,0,0,0,0,0,0
Clc1c(S(=O)(=O)NC2CC[NH+](CC(=O)N)CC2)cc(C(=O)[O-])cc1,,C13252688,,0,0,0,0,0,0,0,0,0,0
O(CC(=O)Nc1ccc(C(=O)N)cc1)C(=O)c1ccc2S[C@H](C)C(=O)Nc2c1,,C14729986,,0,0,0,0,0,0,0,1,0,0
Clc1c(Cl)ccc([C@@]2(C)C(=O)N(CC(=O)NC(=O)N)C(=O)N2)c1,,C16255769,,0,0,0,0,0,0,0,0,0,0
O(C)c1c(C2C(C#N)=C(N)SC(N)=C2C#N)cc(OC)c2OCOc12,,C22173205,,0,0,0,0,0,0,0,0,0,0
S([C@H](C)C(=O)Nc1c(C(OC)=O)c(C)c(C)s1)c1nc(N)[nH]n1,,C22646098,,0,0,0,0,1,0,0,1,0,0
ClC(Cl)(Cl)[C@H](O)Nc1nc(NN2C(=S)SCC2=N)nc(C)n1,,C26949989,,0,0,0,0,0,0,0,0,0,0
O=C(Nc1c(C(=O)N)c2CCCc2s1)CN1C(=O)C2(NC1=O)CCCCCC2,,C31631253,,0,0,0,0,0,0,0,0,0,0
O=C(N)c1nn(-c2cc(NC(=O)C=3C(=O)Nc4ccccc4C=3)ccc2)cc1,,C32932483,,0,0,0,0,0,0,1,1,1,0
Clc1c(C)c(NC(=O)Cn2c(N)c(C(=O)NCc3sccc3)nn2)ccc1,,C04971895,,0,0,0,0,0,0,0,1,0,0
Clc1cc(NC(=O)[C@@H](SC2=[NH+]C([O-])=C(NC(=O)C)C(=O)N2)C)ccc1,,C13838121,,0,0,0,0,1,0,0,1,0,0
S(CC(=O)Nc1c(C(=O)N)c2CCCCc2s1)C=1NN=C(C)C(=O)N=1,,C18240396,,0,0,1,0,0,0,0,1,0,0
OC[C@H](O)[C@@H](O)C=1/C(=N/Nc2ccccc2)/C(=O)N(c2ccccc2)N=1,,C05483238,,0,0,0,0,0,0,0,1,0,0
Clc1ccc(C=2N=N[C@H]([C@@H]3N(N)[C@H](SCC(OC)=O)NN3)C=2)cc1,,C38994445,,0,0,0,0,0,0,0,0,0,0
S([C@@H](C)C(=O)NC[C@H]1[C@@H](O)CCCC1)[C@H]1NC(=N)N=C2N=CN=C12,,C39265503,,0,0,0,0,0,0,0,0,0,0
S(=O)(=O)(N/N=C/1\CCCc2oc(C(=O)NN)c(C)c\12)c1ccc(F)cc1,,C40826270,,0,0,0,0,0,0,0,0,0,0
S=C(NNC(=O)CN1C(=O)C(C)(C)NC1=O)NCc1ccccc1,,C41963301,,0,0,0,0,0,0,0,0,0,0
OC[C@H](NC(=O)NCc1c(C)ccs1)[C@H](O)c1ccc([N+](=O)[O-])cc1,,C42890729,,0,0,0,0,0,0,0,1,0,0
O=C(NNC(=O)Cc1c[nH]c2ccccc12)CCC(=O)Nc1sccn1,,C44956905,,0,0,1,0,0,0,0,1,0,0
O(Cc1n(Cc2nc(N)nc(N)n2)c2ccccc2n1)c1ccccc1,,C50510717,,0,0,0,0,0,1,1,1,0,0
O=C(N)CC[C@H]1N[C@@]2(C(=O)Nc3c(C)c(C)ccc23)[C@@H]2C(=O)N(CCCC)C(=O)[C@H]12,,C20548776,,0,0,0,0,0,0,0,0,0,0
Oc1c(OC)cccc1C(=O)NNC(=O)C(=O)c1c(C)[nH]c2ccccc12,,C54144315,,0,0,0,0,0,0,0,1,0,0
Oc1c(OC)cccc1C(=O)NNC(=O)c1c(C)c2C(=O)CCCc2[nH]1,,C54163524,,0,0,0,0,0,0,0,0,0,0
S(=O)(=O)(Nc1c(C)cc(N[C@H](C)C(=O)NC(=O)NCC)cc1)CC,,C56205047,,0,0,0,0,0,0,0,0,0,0
O=C(NC)NC(C)(C)C(=O)N1CCC(NC(=O)NC2CCCCC2)CC1,,C56247825,,0,0,0,0,0,0,0,0,0,0
S(=O)(=O)(N)c1oc(C(=O)Nc2cc(NC(=O)c3sccc3)ccc2)cc1,,C56327621,,0,0,0,0,1,0,0,1,1,0
FC(F)(F)[C@]1(O)[C@H](C(=O)C)[C@@H](c2cc(OC)c(O)c(OC)c2)NC(=O)N1,,C04278910,,0,0,0,0,0,0,0,0,0,0
O=C(NC1(C(=O)Nc2ccc(-n3c(N)c(C#N)cn3)cc2)CCCCC1)C,,C58294049,,0,0,0,0,0,0,0,1,0,0
S(CCC(=O)Nc1ncccc1)c1n(N)c(-c2c(O)cccc2)nn1,,C59264059,,0,0,1,0,0,1,1,1,0,0
Clc1ccc(-c2n(N)c(SCC(=O)NNC(=O)CC)nn2)cc1,,C59795184,,0,0,1,0,0,0,0,1,0,0
S([C@@H](C)C(=O)NNC(=O)C1CCC1)c1n(N)c(-c2ccccc2)nn1,,C59878275,,0,0,1,0,0,1,0,1,0,0
Clc1ccc(-c2n(N)c(S[C@H](C)C(=O)NNC(=O)C)nn2)cc1,,C59883312,,0,0,0,0,0,0,0,0,0,0
Clc1ncc(C(=O)NNC(=O)c2c(C)cc(C)c(S(=O)(=O)N)c2)cc1,,C63243108,,0,0,1,1,0,0,0,1,0,0
S(=O)(=O)(NC1CC1)c1ccc(/C=C/C(=O)NNC(=O)NC(C)C)cc1,,C63269039,,0,0,0,0,0,0,0,0,0,0
O=C(NNC(=O)c1c(C)cccc1)NCC(=O)NCc1ccc(OC)cc1,,C64412753,,0,0,0,0,0,0,0,1,0,0
O=C1[C@@H](C(C)C)N(Cc2nc(N)nc(Nc3c(C)cccc3)n2)CCN1,,C66498892,,0,0,0,0,1,1,0,1,0,0
Brc1cc(C(=O)NNC(=O)CNC(=O)OC(C)(C)C)[nH]c1,,C67139798,,0,0,0,0,0,0,0,0,0,0
O=C(N)NCc1ccc(NC(=O)CCN2C(=O)[C@@H]3CCCC[C@@H]3C2=O)cc1,,C67263605,,0,0,0,0,0,0,0,0,0,0
O(CC)CCCNC(=O)NNC(=O)c1ccc2SCCC(=O)Nc2c1,,C67313355,,0,0,0,0,0,0,0,0,0,0
Clc1ccc2NC(=O)[C@@]3(C(C#N)=C(N)OC(C)=C3C(OCC=C)=O)c2c1,,C02056374,,0,0,0,0,0,0,0,0,0,0
Oc1c(O)c(/C=N/N2C(=O)c3c(sc4CCCCc34)N=C2)ccc1O,,C03233795,,0,0,1,0,0,0,0,1,0,0
O(C)C(=O)C=1[C@H](C(C#N)=C(N)OC=1C)C=1C(=O)Nc2c(C)ccc(C)c2C=1,,C00876521,,0,0,0,0,0,0,0,0,0,0
S(CC(=O)Nc1c(C)cccc1)c1c(C#N)c2NC(=O)NC(=O)c2s1,,C04993686,,0,0,1,0,0,0,0,1,0,0
S(=O)(=O)(NNC(=O)c1sc2CC[C@@H](C)Cc2c1)c1c(C)[nH]nc1C,,C03566469,,0,0,1,0,0,0,0,1,0,0
S([C@@H](C)C(=O)NC(=O)N)c1oc(-c2sc3CC[C@@H](C)Cc3c2)nn1,,C07130523,,0,0,1,0,0,1,0,1,0,0
S([C@H](C)C(=O)NC(=O)N)c1oc(-c2sc3CC[C@H](C)Cc3c2)nn1,,C07130549,,0,0,1,0,0,1,0,1,0,0
S([C@H](C)C(=O)NC(=O)N)C=1N(C(C)C)C(=O)c2c(C)c(C)sc2N=1,,C07237190,,0,0,1,0,0,0,0,0,0,0
O[C@@H]1[C@@H](Oc2ccccc2)[C@@H]2OC[C@H]([C@H]1NC(=O)NC1CCCCC1)O2,,C12483259,,0,0,0,0,0,0,0,0,0,0
O=C1N(C)C(=O)C(c2nc(Nc3cc(C)cc(C)c3)sc2)=C(N)N1C,,C12548951,,0,0,1,0,0,0,1,1,0,0
O=C(Nc1ccc(C)cc1)Cn1cc(/C=C\2/C(=O)NC(=O)N/2)c2ccccc12,,C13940537,,0,0,0,0,0,0,0,1,0,0
FC(F)(F)c1c(NC(=O)[C@@H]2N3NC(=C(C)C)N=C3NC(=O)C2)cccc1,,C14607179,,0,0,0,0,0,0,0,0,0,0
Oc1cc(C)c(NC(=O)C[C@@H]2C(=O)N(c3cc(O)ccc3)C(=O)S2)cc1,,C16926028,,0,0,0,1,1,0,0,1,0,0
Oc1c([C@H]2Nc3c(C(=O)NC)cccc3[C@H]3[C@@H]2CC=C3)cc([N+](=O)[O-])cc1,,C20709940,,0,0,0,0,0,0,0,0,0,0
Clc1c(NCC(=O)NN2C(=O)C3(NC2=O)CCC(C)CC3)cccc1,,C28658476,,0,0,0,0,0,0,0,0,0,0
O=C(Nc1ccc(C(=O)Nc2ccc3O[C@H](C)C(=O)Nc3c2)cc1)C(C)C,,C31891551,,0,0,0,0,0,0,0,1,0,0
Clc1cc(C(=O)c2ccccc2)c(NC=C2C(=O)NC(=O)NC2=O)cc1,,C17029268,,0,0,0,0,0,0,0,1,0,0
O=C(N[C@@H]1CC(=O)Nc2ccccc12)Nc1snc(-c2ccccc2)n1,,C32517947,,0,0,1,1,0,0,0,1,0,0
S(CC(=O)N1C(=O)NCC1)c1nc(N)c2c(sc3C[C@H](C)CCc23)n1,,C36852742,,0,0,1,0,0,0,0,1,0,0
O=C1CC(C)(C)CC=2N(c3[nH]ncn3)C(N)=C(C#N)[C@H](c3ccc(C)cc3)C1=2,,C05442970,,0,0,0,0,0,0,0,0,0,0
S(=O)(=O)(Nc1ccc([C@]2(C)C(=O)NC(=O)N2)cc1)c1c(C)cc(C)cc1,,C40081887,,0,0,0,0,0,0,0,1,0,0
S(=O)(=O)(C)c1ccc(C(=O)NNC(=O)N[C@H]2[C@H](C)[C@H](C)CCC2)cc1,,C43040780,,0,0,0,0,0,0,0,0,0,0
FC(F)Oc1c([C@@H]2C=3C(=O)NC(=O)NC=3NC=3CCCC(=O)C2=3)cccc1,,C44974028,,0,0,0,0,0,0,0,0,0,0
O=C(NNC(=O)[C@@H]1CS(=O)(=O)CC1)N[C@@H](C)c1cccc2ccccc12,,C54069615,,0,0,0,0,0,0,0,0,0,0
O=C(NNC(=O)[C@@H]1CS(=O)(=O)CC1)N[C@H](C)c1cccc2ccccc12,,C54069617,,0,0,0,0,0,0,0,0,0,0
S=C1NC(=O)C(=C(Nc2n(-c3cc(C)cc(C)c3)nc(C)c2)C)C(=O)N1,,C54500766,,0,0,0,0,0,1,0,1,0,0
Brc1cc([N+](=O)[O-])c(NC(=O)Cc2nc(N)sc2)cc1,,C55272141,,0,0,1,0,0,0,0,1,0,0
S(=O)(=O)(Nc1cc([C@@]2(C)C(=O)NC(=O)N2)ccc1)c1cc(F)c(C)cc1,,C55594193,,0,0,0,0,0,0,0,1,1,0
Clc1cc(NC(=O)c2ccc3N(C)CC(=O)Nc3c2)c(C(=O)NC)cc1,,C56098724,,0,0,0,0,0,0,0,1,0,0
S=C1N(CCC(=O)N=C2Nc3ccccc3N2)C(=O)c2ccccc2N1,,C17304303,,0,0,1,1,0,0,1,1,0,0
Oc1c(NC(=O)c2cc(N3C(=O)[C@@H]4CC=CC[C@H]4C(=O)N3)ccc2)cccc1,,C58186432,,0,0,0,0,1,0,0,1,0,0
S(=O)(=O)(Nc1cc([C@]2(C)C(=O)NC(=O)N2)ccc1)c1c(C)cc(C)cc1,,C47383423,,0,0,0,0,0,0,0,1,0,0
O=C(NC(C)C)c1c(NC(=O)c2ccc3N(C)CC(=O)Nc3c2)cccc1,,C53481929,,0,0,0,0,0,0,0,1,0,0
O=C1N(c2ccccc2)C(=O)NC([O-])=C1[C@@H]1NCCC=2[C@H]1[NH+]=C1C=CC=CC=21,,C63351227,,0,0,0,0,0,0,0,0,0,0
O(Cc1cc(C)ccc1)c1ccc([C@@H]2CC(=O)NC3=NC(N)=NC(=O)[C@@H]23)cc1,,C63428396,,0,0,0,0,0,0,0,0,0,0
O(Cc1cc(C)ccc1)c1ccc([C@H]2CC(=O)NC3=NC(N)=NC(=O)[C@H]23)cc1,,C63428402,,0,0,0,0,0,0,0,0,0,0
O(Cc1ccc(C)cc1)c1ccc([C@@H]2CC(=O)NC3=NC(N)=NC(=O)[C@H]23)cc1,,C63428407,,0,0,0,0,0,0,0,0,0,0
Oc1c(OC)ccc([C@H]2CC(=O)NC3=NN/C(=N\c4ccccc4)/[C@@H]23)c1,,C15085125,,0,0,0,0,0,0,0,0,0,0
S(=O)(=O)(N)c1c(C)c(NC(=O)CN2C(=O)c3ccccc3C2=C)ccc1,,C53545546,,0,0,0,0,0,0,1,1,1,0
O=C1N(c2c(C)cccc2C)C(=O)C[C@H]1Nc1ccc2NC(=O)Nc2c1,,C55120493,,0,0,1,1,0,0,0,1,0,0
O=C(NNC(=O)c1cn(C)c2ccccc12)Nc1cccc2cccnc12,,C65776605,,0,0,0,0,0,0,0,1,0,0
O=C(Nc1cccc2ccc(C)nc12)c1ccc(-n2c(N)c(C#N)cn2)cc1,,C66715561,,0,0,0,0,0,0,1,1,0,0
O[C@]1(CNC(=O)Nc2ccc(-n3nccn3)cc2)CCCc2ccccc12,,C66952283,,0,0,0,0,0,0,1,1,0,0
O=C(Nc1cccc2CN(C(=O)NNC(=O)c3cc(C)ccc3)CCc12)C,,C67102869,,0,0,0,0,0,0,0,1,0,0
FC(F)(F)Oc1c(NC(=O)C2CCC3(C(=O)NC(=O)N3)CC2)cccc1,,C67246344,,0,0,0,0,0,0,0,0,0,0
O=C(NCC)Nc1cc(NC(=O)[C@H]2[C@@H](C)Oc3ccccc3O2)ccc1,,C67301430,,0,0,0,0,0,0,0,1,0,0
Brc1cnc(NCc2ccc([C@@]3(C)C(=O)NC(=O)N3)cc2)nc1,,C67371168,,0,0,0,0,0,0,0,1,0,0
Clc1ccc(C(NC(=O)NNC(=O)[C@@H]2CS(=O)(=O)CC2)(C)C)cc1,,C67470807,,0,0,0,0,0,0,0,0,0,0
O=C(N[C@H](C)c1[nH]c2ccccc2n1)C(=O)Nc1cccc2ccc(C)nc12,,C67556570,,0,0,1,0,0,0,0,1,0,0
O=C(N[C@H](C)C(=O)N1[C@@H](C)CCCC1)Nc1ccc2NC(=O)CCCc2c1,,C67577144,,0,0,0,0,0,0,0,0,0,0
O[C@@H]1CC[C@@]2(C)[C@@H](C1)CC[C@H]1[C@]3(O)[C@@](C)([C@@H]([C@H](OC(=O)C)C3)C3=COC(=O)C=C3)CC[C@@H]21,,C04915333,,0,0,0,0,0,0,0,0,0,0
O=C1CC(C)(C)CC=2N(c3c(C#N)cccc3)C(N)=C(C#N)[C@@H](c3ccc4OCOc4c3)C1=2,,C00716496,,0,0,0,0,0,0,0,0,0,0
Clc1c(Cl)ccc([C@H](NC(=O)CN2C(=O)[C@@]3(NC2=O)CCCc2ccccc32)C)c1,,C08623797,,0,0,0,0,0,0,0,0,0,0
Brc1ccc(NC(=O)CN2C(=O)[C@@](C)(c3cccc4ccccc34)NC2=O)cc1,,C08645233,,0,0,0,0,0,0,0,0,0,0
Brc1c(-c2n(N)c(SCC(=O)N3[C@H](C)Cc4ccccc34)nn2)cccc1,,C09092407,,0,0,0,0,0,0,0,1,0,0
Clc1ccc([C@H]2[C@@H](C(=O)Nc3c(C(F)(F)F)cccc3)Sc3n(c(C)nn3)N2)cc1,,C09237531,,0,0,0,0,0,0,0,0,0,0
Brc1c(O)c(OCC)cc(/C=C/2\C(=O)N(c3ccc(Cl)cc3)C(=S)NC\2=O)c1,,C01198585,,0,0,0,0,0,0,0,0,0,0
Clc1c(C(=O)Nc2c(C(=O)NC(OC)=O)c3CC[C@H](C)Cc3s2)ccc(Cl)c1,,C09298181,,0,0,0,0,0,0,0,0,1,0
Clc1c(C(=O)Nc2c(C(=O)NC(OC)=O)c3CC[C@@H](C)Cc3s2)cc(Cl)s1,,C09298192,,0,0,0,0,0,0,0,1,0,0
Brc1ccc([C@@H]2C(C(=O)Nc3c(C)cc(C)cc3)=C(C)Nc3n2nnn3)cc1,,C09942116,,0,0,0,0,0,0,0,0,0,0
O(C)c1ccc(N2C(N)=C(C#N)[C@@H](c3ccc(N(C)C)cc3)C=3C(=O)CC(C)(C)CC2=3)cc1,,C01022592,,0,0,0,0,0,0,0,0,0,0
O=C1C[C@@H](c2occc2)CC=2N3c4ccccc4C(N)=NC3=C(C#N)[C@@H](c3ccccc3)C1=2,,C09581106,,0,0,0,0,0,0,0,0,0,0
O=C1N(CC#C)c2ccccc2[C@@]21C(C#N)=C(N)N(c1ccc(CC)cc1)C=1CCCC(=O)C2=1,,C13567719,,0,0,0,0,0,0,0,0,0,0
O=C(NC(=O)CN1S(=O)(=O)c2cccc3cccc1c23)NC12CC3CC(C1)CC(C2)C3,,C16047388,,0,0,0,0,0,0,0,0,0,0
Clc1ccc(S(=O)(=O)/N=C\2/N(CC)C(=O)/C(=C/c3c(O)cc(O)cc3)/S/2)cc1,,C16755055,,0,0,0,0,0,0,0,1,0,0
Clc1sc([C@@H]2C(C#N)=C(N)C(C#N)(C#N)C=3[C@H]2CN(C(OC(C)(C)C)=O)CC=3)cc1,,C20026759,,0,0,0,0,0,0,0,0,0,0
Brc1ccc2[nH]cc([C@H](C(=O)[O-])[NH+]3CCC(c4noc5cc(F)ccc45)CC3)c2c1,,C20731086,,0,0,1,0,0,0,0,0,0,0
Clc1ccc([C@@H]2C(C#N)(C#N)C(N)=C(C#N)C=3[C@H]2CN(C(OC(C)(C)C)=O)CC=3)cc1,,C08926310,,0,0,0,0,0,0,0,0,0,0
Clc1c(N2C(N)=C(C#N)[C@@H](c3c(C)sc(C)c3)C=3C(=O)CC(C)(C)CC2=3)ccc([N+](=O)[O-])c1,,C25782571,,0,0,0,0,0,0,0,0,0,0
O[C@]1([C@H]2NC(=O)SC2)O[C@H]2CC[C@@H](CC)/C=C/C=C\CC/C(/CC)=C/C(=O)O[C@H](C1)C2,,C27647154,,0,0,0,0,0,0,0,0,0,0
Brc1cc(/C=N/N2C(=S)NN=C2c2n[nH]c(-c3ccccc3)c2)c(F)cc1,,C09292820,,0,0,1,0,1,1,1,1,0,0
NC1=C(C#N)[C@H](c2oc(-c3sc4ccccc4n3)cc2)c2c(C)nn(-c3ccccc3)c2O1,,C33413165,,0,0,0,0,0,0,1,0,0,0
Fc1c(/C=C\2/C(=O)N3C(N)=C(C#N)[C@@H](c4c(F)cccc4)C(C(OC)=O)=C3S/2)cccc1,,C00988957,,0,0,0,0,0,0,0,0,0,0
Fc1ccc(/C=C\2/C(=O)N3C(N)=C(C#N)[C@@H](c4ccc(F)cc4)C(C(OC)=O)=C3S/2)cc1,,C02240094,,0,0,0,0,0,0,0,0,0,0
O=C(N)N1CCN(C=2S/C(=C/C=3[C@@H](c4ccccc4)Oc4ccccc4C=3)/C(=O)N=2)CC1,,C34981713,,0,0,0,0,0,0,0,0,0,0
O[C@@H]1C(=C)[C@H](C)[C@@H]2[C@H](Cc3ccccc3)NC(=O)[C@]32OC(=O)/C=C\C(=O)CCC[C@@H](C)C/C=C/[C@@H]13,,C35024451,,0,0,0,0,0,0,0,0,0,0
O/N=C\1/[C@@]2(C)[C@@H](CC3(OCCO3)C/1)CC[C@@H]1[C@@H]2[C@H](O)C[C@]2(C)[C@@H](C3(C)OCCO3)CC[C@@H]12,,C35361501,,0,0,0,0,0,0,0,0,0,0
Brc1cc(C(=O)Nc2nn(C)c3NC(=O)C[C@H](c4sccc4)c23)c(Cl)cc1,,C38520178,,0,0,0,0,1,0,0,0,0,0
Ic1c(O)cc(C(=O)N/N=C\c2oc(N(C)C)c(Br)c2)cc1,,C39127263,,0,0,1,0,0,0,0,1,0,0
Clc1ccc(C=2[C@H]([C@H]3NC(=O)[C@H]4Sc5nc(C(F)(F)F)cc(C)c5[C@@H]4N3)C=NN=2)cc1,,C39237570,,0,0,1,0,0,0,0,1,0,0
Brc1ccc(C=2[C@@H](/C=N/N3[C@@H](S)NN[C@H]3C(Cl)(F)F)C=NN=2)cc1,,C39237775,,0,0,0,0,0,0,0,0,0,0
Clc1c(C(=O)Nc2c(C(=O)N[C@@H]3CS(=O)(=O)CC3)c3CC[C@@H](C)Cc3s2)ccc(Cl)c1,,C39836225,,0,0,0,0,0,0,0,0,0,0
O=C1N(Cc2cc(C)ccc2)c2ccccc2[C@]21C(C#N)=C(N)OC=1C=C(C)N(CC)C(=O)C2=1,,C39918977,,0,0,0,0,0,0,0,0,0,0
Clc1c([C@@H]2C(C#N)(C#N)C(N)=C(C#N)C=3[C@@H]2CN(C(OC(C)(C)C)=O)CC=3)cccc1,,C39940567,,0,0,0,0,0,0,0,0,0,0
O=C(NC(C)C)c1c(NC(=O)[C@]2(C)C(=O)N(C)c3ccccc3S2)sc2CCCCc12,,C40795958,,0,0,0,0,0,0,0,0,0,0
O=C(c1c(NC(=O)[C@@]2(C)C(=O)Nc3ccccc3O2)c2ccccc2o1)c1ccc(C)cc1,,C40796672,,0,0,0,0,0,0,0,1,0,0
O=C([O-])[C@@]1(c2ccccc2)[NH2+][C@@H](c2c(C)ccc(C)c2)[C@@H]2C(=O)N(c3c(C)cccc3)C(=O)[C@@H]12,,C33530144,,0,0,0,0,0,0,0,0,0,0
O[C@@]12[C@@H](C)C[C@H]3[C@H]([C@]1(C)CCC1(OCCO1)C2)CC[C@@]1(C)[C@@](O)(C2(C)OCCO2)CC[C@H]31,,C44020079,,0,0,0,0,0,0,0,0,0,0
O[C@@H]1CC[C@@]2(C)[C@H](C1)CC[C@H]1[C@]3(O)[C@@](C)([C@H]([C@@H](C(OC)=O)C3)C3=COC(=O)C=C3)CC[C@H]21,,C44530328,,0,0,0,0,0,0,0,0,0,0
O[C@@H]1[C@@H](C)C(=O)C(C)(C)[C@@H](O)CC(=O)O[C@H](/C(/C)=C/c2nc(C)sc2)C[C@H]2O[C@@H]2CCC[C@@H]1C,,C44963247,,0,0,0,0,0,0,0,0,0,0
O=C(Nc1c(C)cccc1)CN1C(=O)[C@@H]2[C@@H](C1=O)[C@@H]1C[C@H]2[C@H]2C(C)(C)C=3SC(=O)NC=3S[C@H]12,,C47145254,,0,0,0,0,0,0,0,0,0,0
Brc1c(O)c(/C=N/N2C(=S)NN=C2c2ccc(C)cc2)cc(Br)c1OC,,C08384888,,0,0,0,0,1,1,1,1,0,0
Brc1ccc([C@H]2Nc3n([C@@H](C(F)(F)F)C2)nc(C(=O)Nc2cnccc2)c3)cc1,,C00672550,,0,0,1,0,0,0,0,1,0,0
Clc1c(Cl)cccc1N1C(=O)[C@@H]2[C@H](CCSC)N[C@]3(C(=O)Nc4ccccc34)[C@@H]2C1=O,,C16011667,,0,0,0,0,0,0,0,0,0,0
Clc1c(F)ccc(N2C(C)=C(C(=O)Nc3noc(C)c3)[C@H](c3cscc3)NC2=S)c1,,C10359696,,0,0,0,0,0,0,0,0,0,0
Brc1cc(F)cc(C(=O)Nc2cc(S(=O)(=O)/N=C/3\NCCC\3)ccc2)c1,,C58947865,,0,0,0,0,0,0,0,1,0,0
Brc1cc(/C=N/NC(=O)[C@H]2CN(c3ccc(Cl)cc3)C(=O)C2)c(O)cc1,,C59474738,,0,0,1,0,0,0,0,0,0,0
S(=O)(=O)(N1[C@H](C(=O)N=C2Nc3ccccc3N2)Cc2ccccc2C1)c1sccc1,,C59874969,,0,0,0,0,0,0,0,1,0,0
Brc1cc(C)cc2[C@]3(C(=O)N(C)c12)C(C#N)=C(N)OC1=NN=C(c2ccccc2)[C@@H]31,,C01123990,,0,0,0,0,0,0,0,0,0,0
Brc1cc([C@@H]2N(CCO)C(=O)[C@@H]3N=NC(c4c(O)cc(C)cc4C)=C23)ccc1,,C08845132,,0,0,0,0,0,0,0,0,0,0
S(=O)(=O)(N(Cc1ccc(OC)cc1)CC=1C(=O)Nc2c(C)ccc(C)c2C=1)c1ccc2OCCOc2c1,,C00914730,,0,0,0,0,1,0,0,0,0,0
Clc1cc(Cn2nnc3C(=O)N=C(C4CCN(S(=O)(=O)c5cccc6ccccc56)CC4)Nc23)ccc1,,C06161749,,0,1,1,0,0,1,1,1,0,0
Clc1c(-c2csc3N=C(COC(=O)[C@@H]4N(S(=O)(=O)C)Cc5ccccc5C4)NC(=O)c23)cccc1,,C03433767,,0,0,1,0,0,0,0,0,0,0
Clc1c(OC)ccc(NC(=O)CN2C(=O)c3c(S(=O)(=O)N4CCC(C)CC4)c(C)sc3N=C2)c1,,C03650558,,0,0,1,0,0,0,1,1,0,0
S(=O)(=O)(NC=1C(=O)N2C[C@@H]3CN(S(=O)(=O)c4ccc(OC)cc4)C[C@@H](C3)C2=CC=1)c1sccc1,,C04150099,,0,0,0,0,0,0,1,1,0,0
S=C1N(C)C(=O)/C(=C\c2c(C)n(c(C)c2)-c2ccc3ccccc3c2)/C(=O)N1c1ccc(C(OC)=O)cc1,,C02185354,,0,0,0,0,0,0,0,0,0,0
S=C1N(CC=C)C(=O)/C(=C\C=2C(=O)N3C=CC=C(C)C3=NC=2N2CCN(c3ccc(F)cc3)CC2)/S1,,C02253237,,0,0,0,0,0,0,0,0,0,0
S(CC(=O)Nc1c(C)cccc1C)C=1n2nc(CCn3c(C)nc4ccccc34)nc2-c2ccccc2N=1,,C02969479,,0,0,1,0,0,0,1,1,0,0
Clc1cc(N2C(=O)N(CC(=O)Nc3cc(C)ccc3)c3sc4CN(C(=O)C)CCc4c3C2=O)ccc1,,C09475099,,0,0,0,0,0,0,1,0,0,0
O=C(N1CCN(c2ccccc2)CC1)[C@@H]1[C@H]2N(C(=O)c3ccccc13)CCc1cc(OCC)c(OCC)cc21,,C09560454,,0,0,0,0,0,0,0,0,0,0
O=C(CN1C(=O)N(CC2CCC(C(=O)NC3CCCC3)CC2)C(=O)c2ccccc12)N1[C@H](CC)CCCC1,,C09617242,,0,0,0,0,0,0,0,0,0,0
Clc1c(N2CCN(C(=O)C3=CN(Cc4ccccc4)C=C4C(=O)N(c5ccccc5)N=C34)CC2)cccc1,,C10062835,,0,0,0,0,0,0,0,0,0,0
S(=O)(=O)(C)c1ccc2nc(N(C[C@@H]3OCCC3)C(=O)c3cc(S(=O)(=O)C(C)C)ccc3)sc2c1,,C11115305,,0,0,0,0,0,0,0,1,0,0
Brc1cc([C@H]2N([C@H]3CS(=O)(=O)CC3)C(=O)C(O)=C2C(=O)c2ccc(OCC)cc2)ccc1,,C11914360,,0,0,0,0,0,0,0,0,0,0
Clc1c(C)c(NC(=O)c2cc(S(=O)(=O)N(C)C=3C(=O)N(N(C)C=3C)c3ccccc3)ccc2)ccc1,,C12758142,,0,0,0,0,0,0,0,1,0,0
Clc1ccc(-n2c(SCC(=O)NC=3C(=O)N(N(C)C=3C)c3ccccc3)nnc2-c2occc2)cc1,,C14945358,,0,0,1,0,0,0,1,0,0,0
S(CC(=O)Nc1sc(C)c(-c2ccccc2)n1)c1n(C)c([C@@H](C)N2C(=O)COc3ccccc23)nn1,,C15019096,,0,0,1,0,0,0,0,0,0,0
Clc1c(NC(=O)[C@@H]2N(S(=O)(=O)c3ccccc3)CCN(S(=O)(=O)c3ccccc3)C2)cccc1,,C15769164,,0,0,0,0,0,0,0,0,0,0
O=C(NC(C)C)CN1C(=O)C2(N(c3ccccc3)C1)CCN(C(=O)C(c1ccccc1)c1ccccc1)CC2,,C16612578,,0,0,0,0,0,0,0,0,0,0
Clc1c(CCNC(=O)CN2C(=O)C3(N(c4ccccc4)C2)CCN(C(=O)C2CC2)CC3)ccc(Cl)c1,,C16612943,,0,0,0,0,0,0,0,0,0,0
O=C(N(C)Cc1ccccc1)CN1C(=O)C2(N(c3ccccc3)C1)CCN(C(=O)Nc1c(C)cccc1)CC2,,C16647734,,0,0,0,0,0,0,0,0,0,0
Clc1cc(N2CCN([C@H](c3n(CCOC)nnn3)C=3C(=O)Nc4c(C)cc(C)cc4C=3)CC2)c(C)cc1,,C19973147,,0,0,0,0,0,0,0,0,0,0
Clc1cc(N2CCN([C@H](c3n(C(C)(C)CC)nnn3)C=3C(=O)Nc4ccc(OC)cc4C=3)CC2)ccc1,,C20080045,,0,0,0,0,0,0,0,0,0,0
Clc1cc(N2CCN([C@@H](c3n(C(C)(C)CC)nnn3)C=3C(=O)Nc4ccc(OC)cc4C=3)CC2)ccc1,,C20080047,,0,0,0,0,0,0,0,0,0,0
Clc1c(N(S(=O)(=O)c2ccc(C)cc2)CC(=O)NC=2C(=O)N(N(C)C=2C)c2ccccc2)cccc1,,C20235373,,0,0,0,0,0,0,0,1,0,0
Clc1c(Cl)cc(N(S(=O)(=O)C)CC(=O)N[C@@H]2CC(C)(C)Oc3cc(OC)ccc23)c(Cl)c1,,C22365391,,0,0,0,0,0,0,0,0,0,0
O(CCC)C(=O)c1c(NC(=O)c2cc(-c3c(C)n(C)nc3C)nc3n(C)nc(C)c23)sc2CCCCc12,,C22845243,,0,0,1,0,0,1,1,1,0,0
S=C1N(CCCC)C(=O)/C(=C/C=2C(=O)N3C=CC=CC3=NC=2N2CCN(c3ccc(F)cc3)CC2)/S1,,C26779616,,0,0,0,0,0,0,0,0,0,0
Clc1c(N2CCN(C[C@@H](O)Cn3nc(-c4ccc(Cl)cc4)c4CN(C(=O)C)CCc34)CC2)cccc1,,C13583207,,0,0,0,0,0,0,0,0,0,0
S=C1N(CCc2ccccc2)C(=O)/C(=C\C=2C(=O)N3C=C(C)C=CC3=NC=2N2C[C@@H](C)O[C@H](C)C2)/S1,,C33445635,,0,0,0,0,0,0,0,1,0,0
Clc1ccc(C(=O)N(CC(=O)Nc2scc(CC(=O)N3C[C@@]4(C)CC(C)(C)C[C@@H]3C4)n2)C(C)C)cc1,,C34695633,,0,0,0,0,0,0,0,0,0,0
O(CC)C(=O)c1c(NC(=O)c2ccc(N3C(=O)[C@H]4[C@@H](C3=O)[C@@H]3C[C@H]4C=C3)cc2)sc2COC(C)(C)Cc12,,C02307517,,0,0,0,0,0,0,0,0,0,0
Fc1cc([C@@H]2N(CC(=O)N3CCN(C(=O)Nc4ccc([N+](=O)[O-])cc4)CC3)CCc3sccc23)ccc1,,C34788858,,0,0,0,0,0,0,0,0,0,0
Clc1c(S(=O)(=O)N2C[C@@H](C)O[C@@H](C)C2)cc(C(O[C@@H](C)C(=O)Nc2ccc3OCOc3c2)=O)cc1,,C16043603,,0,0,0,0,0,0,0,1,0,0
O=C(N(Cc1ccccc1)C1(C(=O)Nc2ccc3OCOc3c2)CCCC1)CN1C(=O)C(=O)c2ccccc12,,C36057094,,0,0,0,0,0,0,0,0,0,0
Clc1c(C)cc(NC(=O)CN2C(=O)c3c(S(=O)(=O)N4CCCCC4)c(C)sc3N=C2)c(OC)c1,,C03650415,,0,0,1,0,0,0,1,0,0,0
S(=O)(=O)(N1[C@@H](C(=O)Nc2c(C(C)C)cccc2)CN(S(=O)(=O)c2ccccc2)CC1)c1ccccc1,,C08682351,,0,0,0,0,0,0,0,0,0,0
S(=O)(=O)(N1[C@@H](C(=O)Nc2c(C)cccc2CC)CN(S(=O)(=O)c2ccccc2)CC1)c1ccccc1,,C08682348,,0,0,0,0,0,0,0,0,0,0
S(=O)(=O)(C(C)C)C=1C(S(=O)(=O)C(C)C)=C[C@@H]2C[C@H]3N(N[P@@](=O)(Cc4ccccc4)OC3)C[C@@H]2C=1,,C39467025,,0,0,0,0,0,0,0,0,0,0
S(=O)(=O)(C(C)C)c1cc(S(=O)(=O)C(C)C)cc(/C=C/2\CCCN3C(=O)c4cccc(CC)c4N=C\23)c1,,C39483298,,0,1,1,0,0,0,0,1,0,0
S(=O)(=O)(C(C)C)c1cc([C@H]2[C@H](C(=O)CC)[C@@H](c3c(O)cccc3)C(=O)c3cc4OCOc4cc23)ccc1,,C39483998,,0,0,0,0,0,0,0,0,0,0
S(=O)(=O)(Oc1ccccc1)[C@H]1[C@]2(N(c3c(O)cccc3)CCC1)C[C@@H](S(=O)(=O)c1ccccc1)CC2,,C39513633,,0,0,0,0,0,0,0,0,0,0
S(=O)(=O)(N1CCN(C(OCC)=O)CC1)c1ccc(C(=O)/N=C\2/SC=3CN(C(C)C)CCC=3N/2)cc1,,C39734147,,0,0,0,0,0,0,0,0,0,0
F[C@H]1C[C@@H]2[C@](F)([C@H](O)C[C@]3(C)[C@]4(C(=O)COC(=O)C5CC5)OC(C)(C)O[C@@H]4C[C@@H]23)[C@@]2(C)C=CC(=O)C=C12,,C36371105,,0,0,0,0,0,0,0,0,0,0
Oc1c(OCC)cc([C@@H]2N(c3sc(C(OC)=O)c(C)n3)C(=O)C=3Oc4cc(C)cc(C)c4C(=O)C2=3)cc1,,C40058129,,0,0,0,0,0,0,0,0,0,0
O(C)c1cc(OCCn2cc(/C=C/3\C(=O)N=C4SC=C(c5ccccc5)N4C\3=N)c3ccccc23)ccc1,,C13283996,,0,0,1,0,0,0,1,1,0,0
S=C1N(C(=O)/C(=C\2/C(=O)N(CC(=O)Nc3ccc(F)cc3)c3ccccc/23)/S1)C=1C(=O)N(N(C)C=1C)c1ccccc1,,C01903817,,0,0,0,0,0,0,0,1,0,0
Fc1c(/N=C\2/N(Cc3ccc4OCOc4c3)C(=O)C[C@@H](C(=O)Nc3ccc(OCC)cc3)S/2)cccc1,,C12285338,,0,0,0,0,0,0,0,0,0,0
S(=O)(=O)(N1CCc2n(C)nc(CN(C(=O)c3ccccc3)c3ccccc3)c2C1)c1ccc2CCCc2c1,,C64566868,,0,0,0,0,0,0,0,0,0,0
S(CC(=O)Nc1c(C)ccc(C)c1)C=1N(Cc2occc2)C(=O)c2c(sc3CN(C(=O)C)CCc23)N=1,,C35432214,,0,0,0,0,0,0,0,1,0,0
O[C@@]1(C(=O)COC(=O)c2ccc([N+](=O)[O-])cc2)[C@@]2(C)CC[C@@H]3[C@]4(C)C=CC(=O)C=C4CC[C@@H]3[C@@H]2CC1,,C04565789,,0,0,0,0,0,0,0,0,0,0
Brc1c(C(=O)N/N=C/c2ccc(Br)cc2)nn(Cc2ccc([N+](=O)[O-])cc2)c1,,C01086745,,0,0,0,0,0,0,0,0,0,0
O=[N+]([O-])c1ccc(/C=C/2\C(=O)N(c3ccccc3)/C(=C(/C(=O)N[C@H](C)c3ccccc3)\C#N)/S\2)cc1,,C08951692,,0,0,0,0,0,0,0,0,0,0
Brc1ccc(/C=N/Nc2n(Cc3c(Cl)cccc3)c3C(=O)N(C)C(=O)N(C)c3n2)cc1,,C09310500,,0,0,1,0,0,0,0,1,0,0
Clc1c(NC(=O)C=2C(=O)Oc3c(OCC)cccc3C=2)cc(N2C(C)=Nc3ccccc3C2=O)cc1,,C09454646,,0,0,0,0,0,0,1,1,0,0
O(CC(=O)NCC12CC3CC(C1)CC(C2)C3)C(=O)c1ccc2N3CCCCCC3=NS(=O)(=O)c2c1,,C09661765,,0,0,0,0,0,0,0,0,0,0
O(CC(=O)c1ccc2OCC(=O)Nc2c1)C(=O)c1c2ccccc2nc2/C(=C\c3occc3)/CCCc12,,C09704228,,0,0,0,0,0,0,0,0,0,0
O([C@@H](C)C(=O)NC=1C(=O)N(N(C)C=1C)c1ccccc1)C(=O)c1c2ccccc2nc2CCCCCc12,,C12461638,,0,0,1,0,0,0,0,1,0,0
O=C(NC1CCCCC1)[C@H](N(C(=O)[C@@H]1Oc2ccccc2OC1)c1ccc2OCOc2c1)c1sccc1,,C00930986,,0,0,0,0,0,0,0,0,0,0
O=C(NC1CCCCC1)[C@@H](N(C(=O)[C@@H]1Oc2ccccc2OC1)c1cc(C)c(C)cc1)c1c(C)nn(C)c1,,C00931346,,0,0,0,0,0,0,0,0,0,0
O=C(NC1CCCC1)[C@H](N(C(=O)C=1C(=O)Oc2ccccc2C=1)c1ccc2OCOc2c1)c1sccc1,,C00883562,,0,0,0,0,0,0,1,1,0,0
O(C)c1ccc(Cn2c([C@H](N3CCc4ccccc34)C=3C(=O)Nc4cc(C)cc(C)c4C=3)nnn2)cc1,,C00910342,,0,0,0,0,0,1,1,0,0,0
S(CC(=O)NCc1ccc2OCOc2c1)c1n2C(C(C)C)=Nc3sc4CCCCc4c3-c2nn1,,C01376502,,0,0,1,0,0,0,1,1,0,0
S(CC(=O)Nc1ccc2OCOc2c1)c1n2C(C3CC3)=Nc3sc4C[C@H](C)CCc4c3-c2nn1,,C01339647,,0,0,1,0,0,0,1,1,0,0
Clc1ccc(S(=O)(=O)N2C[C@H](C(=O)Nc3c(C)ccc(C(OC)=O)c3)Oc3ccccc23)cc1,,C13678544,,0,0,0,0,0,0,0,0,0,0
O=[N+]([O-])c1ccc(/C=C/2\C(=O)N(c3ccccc3)/C(=C(\C(=O)N[C@H](C)c3ccccc3)/C#N)/S\2)cc1,,C13807208,,0,0,0,0,0,0,0,0,0,0
Clc1c(S(=O)(=O)N2CCC(C(=O)N[C@@H](C)C34CC5CC(C3)CC(C4)C5)CC2)cc([N+](=O)[O-])cc1,,C15981372,,0,0,0,0,0,0,0,0,0,0
Clc1ccc2N3[C@@H](C(=O)C)[C@H](C(=O)c4cc([N+](=O)[O-])ccc4)[C@]4(C(=O)Nc5ccccc45)[C@@H]3C=Cc2c1,,C15999204,,0,0,0,0,0,0,0,0,0,0
O(C)C(=O)[C@@H]1N(C(=O)COc2cc(C)cc3OC(=O)C=4CCCCC=4c23)Cc2[nH]c3ccccc3c2C1,,C02092533,,0,0,0,0,0,0,0,1,0,0
O(C)C(=O)[C@@H]1N(C(=O)COc2c(C)c3OC(=O)C=4CCCCC=4c3cc2)Cc2[nH]c3ccccc3c2C1,,C02095839,,0,0,1,0,0,0,0,1,0,0
S([C@@H](C)C(=O)Nc1c(OC)ccc(C)c1)c1n-2c(N(c3ccc(C)cc3)C(=O)c3ccccc-23)nn1,,C16828013,,0,0,0,0,0,0,1,1,0,0
S([C@H](C)C=1NC(=O)c2c(C)c(C)sc2N=1)c1n(c(N2CCCCC2)nn1)-c1c(OC)cccc1,,C17879358,,0,0,0,0,0,0,1,0,0,0
Clc1cc(c(OCC(=O)N/N=C/C=2C(=O)c3cc(Cl)cc(Cl)c3OC=2)cc1)-c1oncc1,,C19863103,,0,1,1,0,0,0,1,1,0,0
O=C1C([C@H](N2CCN(c3c(C)c(C)ccc3)CC2)c2n(C(C)(C)CC)nnn2)=Cc2cc(C)cc(C)c2N1,,C19941624,,0,0,0,0,0,0,0,0,0,0
O=C1C([C@H](N2CCN(c3c(C)c(C)ccc3)CC2)c2n(C(C)(C)C)nnn2)=Cc2c(C)cc(C)cc2N1,,C20083501,,0,0,0,0,0,0,0,0,0,0
ClC1=CN2C(=O)C=C(CSC=3N(NC(=O)Cc4ccccc4)C(=O)c4ccccc4N=3)N=C2C=C1,,C02971520,,0,0,1,0,0,0,1,1,0,0
Clc1c(C)c(-n2c(SCC(=O)Nc3cccc4nsnc34)nnc2-c2ccncc2)ccc1,,C21245515,,0,0,1,0,0,0,1,1,0,0
S(CC(=O)Nc1n(c(C)c(C)c1C#N)-c1ccc(OC)cc1)c1n-2c(nn1)C=C(C)c1ccccc-21,,C24875698,,0,0,1,0,0,0,1,1,0,0
Clc1c(F)cc([C@H]2Oc3ccc(C)cc3C=3Nc4n([C@@H](c5cc(OC)c(OC)cc5)C2=3)nnn4)cc1,,C28059750,,0,0,0,0,0,1,0,0,0,0
Clc1cc(-n2c(C)cc(C=3C(=O)N4C=CC=C(OCC(=O)NC5CCCCC5)C4=NC=3C)n2)ccc1,,C35911265,,0,0,0,0,0,0,1,1,0,0
O=C([C@@H](N1C(=O)C=2[C@H](c3cc(Oc4ccccc4)ccc3)NC(=O)N(C)C=2C1)c1ccccc1)N1CCCC1,,C35968426,,0,0,0,0,0,0,0,0,0,0
O=C([C@H](N1C(=O)C=2[C@H](c3cc(Oc4ccccc4)ccc3)NC(=O)N(C)C=2C1)c1ccccc1)N1CCCC1,,C35968433,,0,0,0,0,0,0,0,0,0,0
O(C)c1c(OCC)ccc([C@@H]2N3NC=NC3=NC=3c4cc(C)ccc4O[C@H](c4ccc(OC)cc4)C2=3)c1,,C09187228,,0,0,0,0,0,0,0,0,0,0
O=[N+]([O-])c1ccc(NC(=O)[C@@H](CC(C)C)N2C(=O)[C@H]3[C@@H](C2=O)C2c4ccccc4C3c3ccccc23)cc1,,C18166977,,0,0,0,0,0,0,0,0,0,0
Clc1ncnc2N(C)c3c(Cc4ccccc4)cc(S(=O)(=O)Oc4ccccc4)cc3CC(O)=Nc12,,C39480551,,0,0,0,0,0,0,0,0,0,0
BrN1CCC(CN2C(=O)N(O)C[C@@]2(S(=O)(=O)Oc2ccccc2)C)(C2CCCCC2)CC1,,C39490834,,0,0,0,0,0,0,0,0,0,0
BrN1CCC(CN2C(=O)N(O)C[C@]2(S(=O)(=O)Oc2ccccc2)C)(C2CCCCC2)CC1,,C39490835,,0,0,0,0,0,0,0,0,0,0
O(C)c1ccc(N2C(N/N=C\c3ccc(N(C)C)cc3)=Nc3sc4COC(C)(C)Cc4c3C2=O)cc1,,C39949545,,0,0,0,0,0,0,0,1,0,0
Oc1cc([C@H]2N(c3sc(C(OCC=C)=O)c(C)n3)C(=O)C=3Oc4c(C)c(C)ccc4C(=O)C2=3)ccc1,,C40065236,,0,0,0,0,0,0,0,0,0,0
Clc1c(N2C(=O)[C@@H]3[C@@H](C(=O)c4ccccc4)[NH+]4C=Cc5ccccc5[C@H]4[C@@H]3C2=O)cc([N+](=O)[O-])cc1,,C01309440,,0,0,0,0,0,0,0,1,0,0
O[C@@]1(C(=O)COC(=O)c2ccc([N+](=O)[O-])cc2)[C@@]2(C)CC[C@@H]3[C@@]4(C)C=CC(=O)C=C4CC[C@@H]3[C@@H]2CC1,,C43760886,,0,0,0,0,0,0,0,0,0,0
O(CC(=O)NC1(C#N)CCCC1)C(=O)c1c2ccccc2nc2/C(=C/c3ccc4OCOc4c3)/CCc12,,C23464081,,0,0,0,0,0,0,0,0,0,0
S(=O)(=O)(N1C[C@@H](C)Oc2ccccc12)c1ccc(NC(=O)C=2Oc3ccc(CC)cc3C(=O)C=2)cc1,,C46086690,,0,0,1,0,0,0,1,1,0,0
Brc1ccc(C=2NN(c3ccccc3)[C@@H]3C(=O)N(c4c(C)cc([N+](=O)[O-])cc4)C(=O)C=23)cc1,,C17722877,,0,0,0,0,0,0,0,1,0,0
Clc1ccc(C=2NN(C(=O)CSc3n(-c4c(C)cc(C)cc4)nnn3)[C@@H](c3occc3)C=2)cc1,,C03291978,,0,0,0,0,0,0,1,1,0,0
O=C(N/N=C/1\C(=O)N(Cc2ccccc2)c2ccccc\12)CN1C(=O)c2cc(-c3ccccc3)sc2N=C1,,C01784314,,0,0,0,0,0,0,1,0,0,0
Clc1ccc(C2=Nc3[nH+]c([N-]S(=O)(=O)c4ccccc4)nn3[C@H](c3c(OC)cccc3)C2)cc1,,C06229127,,0,0,0,0,0,0,0,1,0,0
Brc1ccc2N(CCc3ccccc3)C(=O)/C(=N\NC(=O)c3ccc([N+](=O)[O-])cc3)/c2c1,,C59148089,,0,0,0,0,0,0,0,1,0,0
O=C(Nc1c(C)cc(C)cc1C)CN1C(=O)c2c(C)c(-c3onc(-c4ccc(C)cc4)n3)sc2N=C1,,C49421743,,0,0,1,0,0,0,1,1,0,0
Clc1c(-c2nc(-c3c(C)c4C(=O)N(CC(=O)Nc5c(C)cccc5)C=Nc4s3)on2)cccc1,,C64439297,,0,0,1,0,0,0,1,1,0,0
O[C@H]1[C@H]([C@H](C)C(=O)N2CCSCC2)CC[C@@]2(C)Cc3sc(NC(=O)C[NH+](C)C)nc3[C@@H](C)[C@H]12,,C03840960,,0,0,0,0,0,0,0,0,0,0
FC(F)(F)C1(C(F)(F)F)[NH+]=C(c2cc(OC)ccc2)NC=2N(c3ccccc3)C(=O)NC(=O)C1=2,,C00719855,,0,0,0,0,0,0,0,0,0,0
FC(F)(F)C1(C(F)(F)F)[NH+]=C(c2sccc2)NC=2N(Cc3occc3)C(=O)NC(=O)C1=2,,C01268539,,0,0,0,0,0,0,0,0,0,0
O(C)C(=O)c1c(NC(=O)CC[NH+]2CCN(c3c(C)c(C)ccc3)CC2)c2cc(C)ccc2[nH]1,,C02283582,,0,0,0,0,0,0,0,0,0,0
Brc1c(NC(=O)C[NH+](C)CC(=O)N2[C@@H](C)CC(=O)Nc3ccccc23)ccc(C)c1,,C11068793,,0,0,0,0,0,0,0,1,0,0
S(Cc1nc(N)c2c(C)c(C)sc2n1)c1n(c(C[NH+]2CCCCC2)nn1)-c1ccc(F)cc1,,C11228821,,0,0,0,0,0,1,1,0,0,0
OC1(c2ccc3oc(C(=O)NCc4ccc5OCOc5c4)cc3c2)CC[NH+](C[C@H]2CCC=CC2)CC1,,C11812977,,0,0,0,0,0,0,0,1,0,0
Clc1ccc(NC(=O)c2c(NC(=O)C[NH+](C)[C@@H]3CS(=O)(=O)CC3)sc3CCCCc23)cc1,,C13163365,,0,0,0,0,0,0,0,0,0,0
Clc1c(NC(=O)C=2/C(=[NH+]/c3c(OCC)cccc3)/Oc3c(C)ncc(CO)c3C=2)cccc1,,C20617432,,0,0,1,0,0,0,1,1,0,0
O=C(Nc1c(C)cccc1C)C[NH+]1CCN([C@@H](C)C=2NC(=O)c3c(sc4C[C@H](C)CCc34)N=2)CC1,,C20810773,,0,0,0,0,0,0,0,0,0,0
O=C(Nc1scc(C[NH+]2C[C@H](C)C[C@H](C)C2)n1)CCC=1NC(=O)c2c(sc3CCCc23)N=1,,C22325326,,0,1,1,0,1,0,1,1,0,0
O=C(NN1C(=O)C2(NC1=O)CCCCC2)CC[NH+]1CCC(CCc2ccc(C)cc2)CC1,,C24881278,,0,0,0,0,0,0,0,0,0,0
Oc1ccc(C=2CC[NH+](CC(=O)Nc3n(C[C@@H]4OCCC4)c(C)c(C)c3C#N)CC=2)cc1,,C25680450,,0,0,0,0,0,0,0,0,0,0
O=C(Nc1c(OC)cccc1)N(C[C@@H]1[NH+](CC)CCC1)CC=1C(=O)Nc2c(C)cccc2C=1,,C26331871,,0,0,0,0,0,0,0,1,0,0
Fc1c(NC(=O)[C@@H]([NH+](C)CC(=O)N2[C@H](C)CC(=O)Nc3ccccc23)C)c(F)ccc1,,C32860153,,0,0,0,0,0,0,0,1,0,0
O=C(N/N=C(/c1ccc(C)cc1)\C12C[NH+]3CN(C1)CN(C2)C3)Cc1c[nH]c2ccccc12,,C32926624,,0,0,0,0,0,0,0,0,0,0
Clc1ccc([C@H]2N(C(=O)N[C@H](Cc3ccccc3)C(OC)=O)CCc3[nH]c[nH+]c23)cc1,,C36579857,,0,0,0,0,0,0,0,0,0,0
Clc1ccc([C@@H]2[NH+]=C3N([C@@H](C(F)(F)F)C2)NC(C(=O)NCc2ccc4OCOc4c2)=C3)cc1,,C03012015,,0,0,0,0,0,0,0,1,0,0
Clc1c(Cl)ccc(NC(=O)NC=2[C@H](C(OCC)=O)[NH+]=C3C=CC(OC)=CC=23)c1,,C38611561,,0,0,0,1,0,0,0,1,0,0
Brc1cc(NNC(=O)[C@@H]2[C@H](C(=O)N3CCN(c4[nH+]cccc4)CC3)CCCC2)ccc1,,C38732085,,0,0,0,0,0,0,0,0,0,0
O(CC)C(=O)c1c(NC(=O)c2c(C)n(-c3ccccc3)nc2)sc2C(C)(C)[NH2+]C(C)(C)Cc12,,C38806392,,0,0,1,0,0,1,0,1,0,0
S(=O)(=O)(C(C)C)C=1C(c2c(O)cccc2)=C[C@H]2C[NH+]3N[P@@](=O)(Cc4ccccc4)OC[C@H]3C[C@@H]2C=1,,C39466974,,0,0,0,0,0,0,0,0,0,0
O=C(CC(C)C)N1CCC(NC(=O)[C@H]2C3(CN(C(=O)C4(C)CCCCC4)C2)CC[NH2+]CC3)CC1,,C39686234,,0,0,0,0,0,0,0,0,0,0
Clc1sc(C(=O)N[C@@H]2C[NH+](CC(=O)Nc3c(F)cc(N4C(=O)C=CC=C4)cc3)CC2)cc1,,C43019460,,0,0,0,0,0,0,0,1,0,0
Clc1cc([C@H]2N(C(=O)N[C@@H](CC(C)C)C(OC)=O)CCc3[nH]c[nH+]c23)c(F)cc1,,C44577183,,0,0,0,0,0,0,0,0,0,0
O=C(Nc1c(C)cccc1)C[NH+](CCC)CC(=O)N1C2(C(=O)Nc3ccccc13)CCCC2,,C46556706,,0,0,0,0,0,0,0,0,0,0
S(=O)(=O)(NC[C@H]([NH+]1CCC(C)CC1)c1sccc1)c1ccc2OCC(=O)Nc2c1,,C46760483,,0,0,0,0,0,0,0,1,0,0
ClC=1C[NH+]=C2C=C(C(=O)N[C@@H]3[C@H](NC(=O)c4ccc(N5C(=O)C=CC=C5)cc4)CCCC3)C=CC=12,,C52635029,,0,0,0,0,0,0,0,0,0,0
S(=O)(=O)(/N=C\1/NCCCCC/1)c1cc(NC(=O)C[NH+]2C[C@@H](C)C[C@H](C)C2)ccc1,,C16474913,,0,0,0,0,0,0,0,0,0,0
O[C@@H](COc1c(C)c(C)ccc1C)CN1C(=O)[C@@]2(NC1=O)C[NH+](Cc1ccccc1)CCC2,,C60330180,,0,0,0,0,0,0,0,0,0,0
FC(F)[C@@H]1[NH+]=C2N([C@H](C(F)F)C1)NC(C(=O)Nc1c(C)n(Cc3c(C)cccc3)nc1C)=C2,,C13124470,,0,0,0,0,0,0,0,0,0,0
OC1=N[C@H](c2ccc(OC(=O)c3ccc(OC)cc3)cc2)Nc2sc3C[NH+](C(C)C)CCc3c12,,C15947091,,0,0,0,0,0,0,0,1,0,0
OC1=N[C@H](/C=C\c2cc([N+](=O)[O-])ccc2)Nc2sc3C[NH+](Cc4ccccc4)CCc3c12,,C15947372,,0,0,0,0,0,0,0,0,0,0
O=C(NC[C@H](c1ccc(OC)cc1)C=1C[NH+]=C2C=CC=CC=12)c1ccc2OCC(=O)Nc2c1,,C63111001,,0,0,0,0,0,0,0,0,0,0
Brc1ccc(NC(=O)C[C@H]2C(=O)N/C(=N\N=C\C=3C[NH+]=C4C=CC=CC=34)/S2)cc1,,C39354218,,0,0,0,0,0,0,0,0,0,0
ClC=1C=CC2=[NH+]CC(CCNC(=O)COc3ccc4N[C@H]5N(C(=O)c4c3)CCCCC5)=C2C=1,,C63280769,,0,0,0,0,0,0,0,0,0,0
O=C(NC1CCCCC1)[C@@H](NC(=O)[C@H]1N2C(=O)c3ccccc3[C@H]2[C@@H]2[NH+]=C3C=CC=CC3=C2C1)C(C)C,,C63375952,,0,0,0,0,0,0,0,0,0,0
O=C(NC1CC1)[C@@H](NC(=O)[C@H]1N2C(=O)c3ccccc3[C@@H]2[C@@H]2[NH+]=C3C=CC=CC3=C2C1)[C@@H](C)CC,,C63376141,,0,0,0,0,0,0,0,0,0,0
O=C(NCCc1ccccc1)[C@@H](NC(=O)[C@H]1N2C(=O)c3ccccc3[C@@H]2[C@H]2[NH+]=C3C=CC=CC3=C2C1)C,,C63376182,,0,0,0,0,0,0,0,0,0,0
O=C(N[C@H](C)CC)[C@@H](NC(=O)[C@H]1N2C(=O)c3ccccc3[C@@H]2[C@H]2[NH+]=C3C=CC=CC3=C2C1)C(C)C,,C63384439,,0,0,0,0,0,0,0,0,0,0
O=C(N[C@@H](C(=O)Nc1ccc2OCOc2c1)c1ccccc1)C[C@H]1[NH+]=C2C=CC=CC2=C1,,C63437139,,0,0,0,0,0,0,0,1,0,0
Clc1c(/N=C\2/S[C@@H]3CS(=O)(=O)C[C@H]3N/2)cc(C(=O)NCCC=2C[NH+]=C3C=CC=CC=23)cc1,,C63705055,,0,0,0,0,0,0,0,1,0,0
Clc1ccc(C(=O)NC=2[C@@H](C(=O)NCc3c(C)n(CC)nc3C)[NH+]=C3C=CC(C)=CC=23)cc1,,C63752559,,0,0,1,0,0,0,0,0,0,0
O=C(NCCC=1C[NH+]=C2C=CC=CC=12)CN1C(=O)[C@@](C)(c2ccc3CCCc3c2)NC1=O,,C63842643,,0,0,0,0,0,0,0,0,0,0
Clc1c([C@@H](CNC(=O)CN2C(=O)[C@](C)(CC)NC2=O)C=2C[NH+]=C3C=CC=CC=23)cccc1,,C63844200,,0,0,0,0,0,0,0,0,0,0
O=C(NC[C@@H]([C@H]1SC=CC1)C=1C[NH+]=C2C=CC=CC=12)CN1C(=O)C2(NC1=O)CCCC2,,C64212899,,0,0,0,0,0,0,0,0,0,0
O=C(NCCC=1C[NH+]=C2C=CC(C)=CC=12)CCCN1[C@H]2C(=O)N(C)NC=C2c2ccccc12,,C64491150,,0,0,0,0,0,0,0,0,0,0
ClC=1C=CC2=[NH+]CC(CCN3C(=O)[C@H](CCC(=O)Nc4cc(C)cc(C)c4)NC3=O)=C2C=1,,C64600201,,0,0,0,0,0,0,0,0,0,0
Brc1ccc2N(CC)C(=O)[C@H](NC(=O)C(=O)N[C@H](C)CC=3C[NH+]=C4C=CC=CC=34)c2c1,,C64600266,,0,0,0,0,0,0,0,0,0,0
Clc1cc(S(=O)(=O)N2C[C@@]3(/C(=[NH+]/CCOC)/Nc4ccccc4CN3)CC2)ccc1,,C65265833,,0,0,0,0,0,0,0,0,0,0
Oc1c(O)ccc(/C=N/NC(=O)[C@@H]2Oc3ccccc3OC2)c1,,C02366616,,0,0,1,1,1,0,0,1,0,0
Oc1ccc2C=C(C(=O)N)/C(=N/c3c(OC)cc(OC)cc3)/Oc2c1,,C00418557,,0,0,0,0,0,0,0,1,1,0
NNc1ncnc2c1oc1nc(CC(C)C)c3COC(C)(C)Cc3c21,,C02199001,,0,0,1,0,0,1,1,1,0,0
S(c1ccccc1)C1=C(/C=N/NC(=O)N)C(=O)N2C=CC=CC2=N1,,C05485880,,0,0,1,0,0,0,1,0,0,0
O=C(N/N=C/c1c(C)[nH]c2ccccc12)c1[nH]nc(-c2occc2)c1,,C00071901,,0,1,1,0,1,0,1,1,1,0
S(=O)(=O)(Nc1cccc2ccccc12)C=1C(=O)NC(=O)NC=1C,,C03147726,,0,0,0,0,0,0,0,0,0,0
Clc1c([N+](=O)[O-])cc(/C(=N/NC(=O)c2ccc(N)cc2)/C)cc1,,C06312399,,0,0,0,0,0,0,0,1,0,0
O=[N+]([O-])c1c([C@H]2[NH2+][C@@H](C(=O)[O-])Cc3c4ccccc4[nH]c23)cccc1,,C00033179,,0,0,0,0,0,0,0,0,0,0
S([C@@H](C)C(=O)N1C(C)(C)C(=O)Nc2ccccc12)c1nc(N)cc(C)n1,,C07177520,,0,0,0,0,0,0,0,1,0,0
S([C@H](C)C(=O)N1C(C)(C)C(=O)Nc2ccccc12)c1nc(N)cc(C)n1,,C07177521,,0,0,0,0,0,0,0,1,0,0
Clc1c(C(O[C@@H](C)C(=O)NC(=O)N)=O)nc(Cl)cc1,,C09646014,,0,0,0,0,0,0,0,0,0,0
S=C1NC(=O)C(=C(Nc2n(C3CCCC3)ncc2)CC)C(=O)N1,,C09950282,,0,0,1,0,0,0,0,1,0,0
Oc1n[nH]c2NC=3CC(C)(C)CC(=O)C=3[C@@H](c3c(OC)cc(OC)cc3)c12,,C12347548,,0,0,0,0,0,0,0,0,0,0
S(=O)(=O)(NC1CCCCCCC1)C=1C(=O)NC(=O)NC=1C,,C13582028,,0,0,1,1,0,0,0,0,0,0
S(=O)(=O)(N)c1c(NC2CCC(C)CC2)ccc([N+](=O)[O-])c1,,C15163932,,0,0,0,0,0,0,0,0,0,0
Oc1c(NC(=O)CN2C(=O)[C@]3([C@H](C)CCCC3)NC2=O)ccc(C)c1,,C15496932,,0,0,0,0,0,0,0,0,0,0
O=C(Nc1ccc2NC(=O)Nc2c1)Cc1nc2SC=Cn2c1,,C15515072,,0,0,1,0,0,0,1,1,0,0
O=C([C@H](Nc1ccc2CCCc2c1)C)C=1C(=O)N(C)C(=O)N(C)C=1N,,C23865855,,0,0,1,0,0,0,0,1,0,0
S([C@H](C)c1nc(N)nc(N(C)C)n1)c1[nH]c2cc(F)c(F)cc2n1,,C28190469,,0,0,1,0,0,0,1,1,0,0
Clc1c(NCC(=O)NC(=O)NC)cc2OCCCOc2c1,,C29943045,,0,0,1,0,0,0,0,0,0,0
O=C(N)C=1[C@@H](c2ccc(C#N)cc2)N2NC(c3ccccc3)=NC2=NC=1C,,C00956665,,0,0,0,0,0,0,0,1,0,0
S([C@H](C)C(=O)NC(=O)NC)c1[nH]nc(-c2ccccc2)n1,,C05209868,,0,0,1,0,0,1,0,1,0,0
Oc1c(/C=N/NC(=O)[C@H]2N=NC(c3ccc(C)cc3)=C2)ccc(O)c1,,C38918035,,0,0,1,1,0,0,0,1,0,0
FC(F)(F)Oc1ccc(N[C@H]2N=C(N)N=C3N=CN=C23)cc1,,C39040695,,0,0,0,0,0,0,0,1,0,0
O=C(Nc1ccc2OCC(=O)Nc2c1)C[C@@H]1C(=O)Nc2ccccc2S1,,C39484947,,0,0,0,0,0,0,0,1,0,0
Oc1c(N(OC)C(=O)[C@@H]2[NH+]3Cc4ccccc4N[C@@H]3C(=O)C2)cccc1,,C39545434,,0,0,0,0,0,0,0,0,0,0
O=C(N/N=C(\C)/c1ccc(N)cc1)C1=NN=C(c2oc(C)cc2)C1,,C39834430,,0,0,0,0,0,0,0,1,0,0
O=C(N)N/N=C/1\CCCc2oc(C(=O)N(CC)c3ccccc3)c(C)c\12,,C40824398,,0,0,0,0,0,0,0,0,0,0
O=C(N)C=1[C@H](c2cc(OC(C)C)ccc2)n2ncnc2NC=1C,,C40916366,,0,0,0,0,0,0,0,0,0,0
O=C(NNC(=O)C[C@H]1CS(=O)(=O)CC1)N[C@H]1[C@H](C)[C@H](C)CCC1,,C43043012,,0,0,0,0,0,0,0,0,0,0
O/N=C(\N)/[C@H](C(C)C)C(=O)N1CCN(c2sccn2)CC1,,C44863640,,0,0,0,0,0,0,0,0,0,0
O=C(N[C@H](C)c1ccc2NC(=O)Nc2c1)/C=C\c1ccc2OCOc2c1,,C47534291,,0,0,0,0,0,0,0,1,1,0
Clc1cc(C(=O)N[C@H](C)c2ccc3NC(=O)Nc3c2)cc2OCOc12,,C47535668,,0,0,0,0,0,0,0,0,0,0
S(=O)(=O)(N[C@@H]1C[NH+](C)CC1)c1c(C)cc(O)c(C(=O)[O-])c1,,C48742632,,0,0,0,0,0,0,0,0,0,0
Brc1ccc(Oc2c(/C(/N)=N\O)cc([N+](=O)[O-])cc2)cc1,,C50440145,,0,0,0,0,0,0,0,1,0,0
Brc1c(Oc2c([N+](=O)[O-])cc(/C(/N)=N\O)cc2)cccc1,,C50441680,,0,0,0,0,0,0,0,0,0,0
S(=O)(=O)(NC1CCCCCC1)c1c(N)ccc([N+](=O)[O-])c1,,C50651107,,0,0,0,0,0,0,0,0,0,0
S(=O)(=O)(N[C@@H](C)c1oc(C)cc1)c1c(N)nc2SC=Cn12,,C50672088,,0,0,1,0,0,0,1,1,0,0
S(=O)(=O)(/N=C/1\SC=C(C(C)C)N\1)c1c(N)nc2SC=Cn12,,C50672140,,0,0,0,0,0,0,1,1,0,0
Clc1c(N)c([N+](=O)[O-])cc(C(=O)Nc2ncc(Cl)cc2)c1,,C50700210,,0,0,0,0,0,0,0,1,1,0
Clc1c(C(=O)Nc2c(C)cc([N+](=O)[O-])cc2)nc(N)cc1,,C50709220,,0,0,0,0,0,0,0,1,0,0
S(Cc1nc(NN)c2c(C)c(C)sc2n1)c1n(C)cnn1,,C51150588,,0,0,1,0,0,1,1,1,0,0
FC(F)(F)C=1C=C(NC(=O)c2ccc3[nH]nnc3c2)C(=O)NC=1,,C53746200,,0,0,1,1,0,0,0,1,0,0
O=C(Nc1cc([C@@]2(C)C(=O)NC(=O)N2)ccc1)c1c(OC)ccc(C)c1,,C58279197,,0,0,0,0,0,0,0,1,1,0
O=C(N[C@H](C)c1ccc2NC(=O)Nc2c1)/C=C/c1c(C)n(C)nc1C,,C58385421,,0,0,1,0,0,0,0,0,0,0
S(=O)(=O)(c1c(N)n(-c2ccc(O)cc2)nn1)c1ccccc1,,C62217570,,0,0,0,0,0,0,0,0,1,0
O=C(NNC(=O)C1(c2ccc3OCOc3c2)CCCCC1)NCC,,C65189158,,0,0,1,0,0,0,0,0,0,0
O=C(Nc1ccc(C(C)C)cc1)C1=NNN2[C@@H]1C(=O)Nc1ccccc21,,C65237626,,0,0,0,0,0,0,0,0,0,0
O=C(N)NC(=O)COc1ccc2C(C(C)C)=CC(=O)Oc2c1,,C66059165,,0,0,1,0,0,0,0,1,1,0
Fc1c(NC(=O)N[C@H](C)c2c(C)n(C)nc2)cc(NC(=O)C)c(F)c1,,C66980528,,0,0,1,0,0,0,0,1,0,0
O=[N+]([O-])c1cc(N)cc(C(=O)N/N=C/c2c(OC)cccc2)c1,,C05330272,,0,0,0,1,0,0,0,1,0,0
O=C(NCC=1C(=O)NC(C)=CC=1C)CN1C(=O)C2(NC1=O)CCCC2,,C10457570,,0,0,0,0,0,0,0,0,0,0
S([C@H](C)C(=O)Nc1onc(C)c1)c1n(N)c(C(F)(F)F)nn1,,C11003109,,0,0,1,0,0,0,0,1,1,0
O(C)c1ccc(/C=C/2\C(=O)N(c3c(N)non3)C(=N)S\2)cc1,,C12420227,,0,0,0,0,0,0,1,1,0,0
O=C(NC(C)(C)C)NC(=O)CN1C(=O)[C@@H](CC(C)C)NC1=O,,C03596935,,0,0,0,0,0,0,0,0,0,0
S(=O)(=O)(/N=C/1\NC(C)=CC=C\1)c1cc([N+](=O)[O-])c(N)cc1,,C36964218,,0,0,0,0,0,0,0,1,0,0
S(=O)(=O)(N)c1c(C)c(NCc2oc([N+](=O)[O-])cc2)ccc1,,C37787853,,0,0,0,0,0,0,0,1,0,0
O=C/1N(c2ccc(C)cc2)C(=O)NC(=O)\C\1=C(\NCCc1[nH]cnc1)/C,,C06908826,,0,0,1,1,0,0,1,1,0,0
S(C)c1n([C@@H](C)C(=O)Nc2c(C#N)c(C)c(C)o2)c(N)nn1,,C40172231,,0,0,1,0,0,0,0,0,0,0
Clc1c(NC(=O)COC(=O)c2c(N)onc2C)nc(C)c(Cl)c1,,C48300712,,0,0,1,0,0,0,0,1,0,0
Clc1nnc(NNC(=O)Nc2sc(C3CC3)nn2)cc1,,C48767950,,0,0,1,0,0,0,0,1,1,0
S(=O)(=O)(N1C[C@H]2CC[C@@H]1C2)c1cc([N+](=O)[O-])c(NN)cc1,,C49717190,,0,0,0,0,0,0,0,0,0,0
S(=O)(=O)(N1C[C@H]2CC[C@@H]1C2)c1c([N+](=O)[O-])ccc(NN)c1,,C49717200,,0,0,0,0,0,0,0,0,0,0
O/N=C(\N)/c1c(N(C)Cc2ncsc2)ccc([N+](=O)[O-])c1,,C50440119,,0,0,0,0,0,0,0,1,0,0
S(c1c(/C(/N)=N/O)cc([N+](=O)[O-])cn1)c1scc(C)n1,,C50442643,,0,0,0,0,0,0,0,1,0,0
S(=O)(=O)(N[C@H](C)[C@@H]1OCCC1)c1c(N)ccc([N+](=O)[O-])c1,,C50655326,,0,0,0,0,0,0,0,0,0,0
S(=O)(=O)(N[C@H]1[C@H](OC)CCC1)c1c([N+](=O)[O-])cc(N)cc1,,C50661414,,0,0,0,0,0,0,0,0,0,0
S(=O)(=O)(NC[C@@H]1COCCC1)c1c(N)cc([N+](=O)[O-])cc1,,C50673103,,0,0,0,0,0,0,0,0,0,0
S(=O)(=O)(N1[C@H](CO)CCCC1)c1c(N)ccc([N+](=O)[O-])c1,,C50674821,,0,0,0,0,0,0,0,0,0,0
Brc1c([N+](=O)[O-])nn(Cc2cnc(NN)cc2)c1,,C51147857,,0,0,1,0,0,0,0,1,0,0
O(C)c1cc([C@@H]2C(C#N)=C(N)Oc3n[nH]c(C(C)C)c23)cc2OCOc12,,C08783262,,0,0,0,0,1,0,0,0,0,0
Oc1c(C(=O)NNC(=O)CN2N=CC(=O)c3ccccc23)cccc1,,C52539186,,0,0,1,0,0,0,0,1,0,0
S(=O)(=O)([N-]c1c[nH+]c(N)cc1)c1c(F)ccc([N+](=O)[O-])c1,,C37519247,,0,0,0,0,0,0,0,1,0,0
S=C1NC(=O)C(=C(Nc2cc([N+](=O)[O-])ccc2)C)C(=O)N1,,C09770580,,0,0,0,0,0,0,0,1,0,0
O=C(NC(=O)CN1C(=O)C(C)(C)NC1=O)Nc1c(C)cc(C)cc1,,C04309167,,0,0,0,0,0,0,0,0,0,0
O=C(NCC)NC(=O)CN1C(=O)[C@@]2(NC1=O)CCCc1sccc21,,C05680056,,0,0,0,0,0,0,0,0,0,0
O=[N+]([O-])c1c(N)ccc(C(=O)NC2CCC3(OCCO3)CC2)c1,,C47672969,,0,0,0,0,0,0,0,0,0,0
O=C(Nc1ccc(-n2c(N)c(C#N)cn2)cc1)/C(=C/c1occc1)/C#N,,C58293756,,0,0,0,0,0,0,0,1,1,0
S([C@@H](C(C)C)C(=O)NC(=O)N)c1n(C2CCCCC2)nnn1,,C16295125,,0,0,1,0,0,0,0,0,0,0
S(=O)(=O)(NC[C@@H]1COCCC1)c1c(N)ccc([N+](=O)[O-])c1,,C50673101,,0,0,0,0,0,0,0,0,0,0
O=C(Nc1nn(C)cc1)c1cc(NC(=O)c2ccc3[nH]cnc3c2)ccc1,,C49974313,,0,0,1,0,0,0,1,1,0,0
S(=O)(=O)(Nc1cn(C(C)C)nc1)c1c(N)nc2SC=Cn12,,C61684585,,0,0,1,0,0,0,1,1,0,0
O=C(NNC(=O)CN1C(=O)[C@H](C)Oc2ccccc12)NC(C)C,,C63269574,,0,0,0,0,0,0,0,0,0,0
S(=O)(=O)(N)c1cc([N+](=O)[O-])c(N[C@H](C)c2c(C)oc(C)c2)cc1,,C64115704,,0,0,0,0,0,0,0,0,1,0
O=C(NCCC)NC(=O)CN1C(=O)[C@@](C)(c2cscc2)NC1=O,,C58295135,,0,0,0,0,0,0,0,0,0,0
O=C1N(C)C(=O)C(C(=O)N1C)=C1NN[C@H](c2ccc([NH+](CC)CC)cc2)C1,,C64788301,,0,0,0,0,0,0,0,0,0,0
O=C/1N(CC=C)C(=O)NC(=O)\C\1=C/1\NN[C@H](c2ccc(N(C)C)cc2)C\1,,C64788332,,0,0,0,0,0,0,0,0,0,0
O=C(NNC(=O)C1CCN(C(=O)N2CCCC2)CC1)NCCC(C)C,,C65133859,,0,0,0,0,0,0,0,0,0,0
O=C(NNC(=O)c1c(C)c2C(=O)N(C)C=Nc2s1)NCC(C)C,,C65181235,,0,0,1,0,0,0,0,1,0,0
O=C(N[C@H](C)c1ccc2OCC(=O)Nc2c1)Nc1noc(C)c1,,C31732111,,0,0,1,0,0,0,0,0,0,0
Clc1n(C)nc(C)c1S(=O)(=O)NNC(=O)NC1CCCC1,,C65832988,,0,0,1,0,0,0,0,0,0,0
O=[N+]([O-])c1c(C)c(C(=O)NNC(=O)NC2CCCC2)ccc1,,C65920994,,0,0,0,0,0,0,0,0,0,0
O=C(Nc1n[nH]cc1)CN1C(=O)[C@]2(NC1=O)CCc1ccccc21,,C66052339,,0,0,0,0,0,0,0,0,0,0
O=C(NCC(=O)NCC(=O)Nc1sc2C(=O)CC(C)(C)Cc2n1)C,,C66319071,,0,0,1,0,0,0,0,0,0,0
O=C(NNC(=O)c1c(C)ccs1)CN1C(=O)C2(NC1=O)CCCC2,,C66558256,,0,0,0,0,0,0,0,0,0,0
O[C@]1(CNC(=O)c2c([N+](=O)[O-])c(C)[nH]n2)CCCc2ccccc12,,C66930359,,0,0,1,0,0,0,0,1,0,0
O=C(Nc1c(NC(=O)CC2=C(C)N3NC(=O)C=C3N=C2C)cc(C)cc1)C,,C67021858,,0,0,1,1,0,0,1,1,0,0
O=C(NN1C(=O)NC(=O)C1)C[C@@H](NC(=O)C1CCCCC1)C,,C67105578,,0,0,0,0,0,0,0,0,0,0
O=C(/N=C/1\NN=C2N\1C=CC=C2)CCCC[C@H]1SC[C@H]2NC(=O)N[C@H]12,,C67205629,,0,1,1,0,0,0,0,1,0,0
Brc1cn(C)c(C(=O)NNC(=O)NCc2noc(C)c2)c1,,C67607888,,0,0,1,0,0,0,0,1,0,0
Clc1c(/C=N/Nc2n(CC(C)=C)c3C(=O)NC(=O)N(C)c3n2)cccc1,,C04517959,,0,0,1,0,1,0,1,1,0,0
O=[N+]([O-])c1cc(NC(=O)COc2c(NC(=O)C)cccc2)c(C)cc1,,C06064037,,0,0,0,0,0,0,0,1,0,0
O=[N+]([O-])c1cc(c(OC)cc1)-c1oc(/C=C\2/C(=O)NC(=N)S/2)cc1,,C04481933,,0,0,0,0,0,0,1,1,0,0
O=C(NC(C)(C)CC)CN1C(=O)[C@](C)(c2ccc3OCOc3c2)NC1=O,,C07289772,,0,0,0,0,0,0,0,0,0,0
S([C@H](C)C(=O)NC(=O)NC12CC3CC(C1)CC(C2)C3)c1n(C)nnn1,,C08212487,,0,0,1,0,0,0,0,0,0,0
S=C1N[C@@H](c2cc([N+](=O)[O-])c(OC)cc2)C(C(OCC)=O)=C(C)N1,,C08227583,,0,0,0,0,0,0,0,0,0,0
O=[N+]([O-])c1cc(/C=C(\NC(=O)C)/C(=O)Nc2ccc(C(=O)C)cc2)ccc1,,C08555548,,0,0,0,0,0,0,0,1,0,0
Oc1c(OCC)cccc1/C=N/NC(=O)Cn1nnc2ccccc12,,C00381547,,0,1,1,0,0,0,1,1,0,0
O=C(NC[C@H]1OC(=O)N(c2ccc3OCOc3c2)C1)NC(C)(C)C,,C08868002,,0,0,0,0,0,0,0,0,0,0
O=[N+]([O-])c1cc(C#N)c(NC(=O)C(=O)Nc2c(C)ccc(C)c2)cc1,,C09913037,,0,0,0,0,0,0,0,1,0,0
Clc1cc([N+](=O)[O-])c(C(=O)Nc2ccc(NS(=O)(=O)C)cc2)cc1,,C11362471,,0,0,0,0,0,0,0,1,1,0
N(Cc1sc(C)c(C)n1)c1c(NC2CCCC2)nc2nonc2n1,,C12715474,,0,1,1,0,0,1,1,1,0,0
O=[N+]([O-])c1c(CC(=O)Nc2ccc3O[C@H](C)C(=O)Nc3c2)cccc1,,C12883972,,0,0,0,0,0,0,0,1,0,0
O=[N+]([O-])c1cc(/C(=N/NC(=O)[C@H]2[C@H](c3ccccc3)CNC2=O)/C)sc1,,C13562101,,0,0,0,0,0,0,0,0,0,0
Clc1c(C(=O)NNC(=O)[C@@H](Oc2c([N+](=O)[O-])cccc2)C)cccc1,,C14033817,,0,0,0,0,0,0,0,1,0,0
O=C(Oc1ccc(/C=N/NC=2C(C)=NNC(=O)N=2)cc1)c1ccccc1,,C16696094,,0,0,1,0,0,0,0,1,0,0
S(CC(=O)N1CCCc2cc([N+](=O)[O-])ccc12)c1sc(N)nn1,,C16746075,,0,0,1,0,0,0,0,0,0,0
S(CC(=O)N/N=C/1\C(=O)Nc2ccccc\12)Cc1ccc([N+](=O)[O-])cc1,,C05528391,,0,0,0,0,0,0,1,1,0,0
O=[N+]([O-])c1cc(c(OC)cc1)-c1oc(/C=C\2/C(=O)NC(=N)S/2)cc1,,C19757464,,0,0,0,0,0,0,1,1,0,0
O=[N+]([O-])c1cc(NC(=O)[C@H]2C(C)=C(OC(=O)CC)C(=N)S2)ccc1,,C19840324,,0,0,0,0,0,0,0,0,0,0
O=C1C([C@@H]([C@@H](C#N)C(N)=C(C#N)C#N)c2ccccc2)C(=O)OC(C)(C)O1,,C20405777,,0,0,0,0,0,0,0,0,0,0
S=C(NC(=O)c1ccc2nsnc2c1)Nc1c([N+](=O)[O-])cccc1,,C21595590,,0,0,1,0,0,0,1,1,0,0
S([C@H](C)C(=O)NC(=O)NCC=C)c1n(-c2cc(C)c(C)cc2)nnn1,,C26538380,,0,1,1,0,0,0,0,1,0,0
Clc1cc([N+](=O)[O-])c(NC(=O)[C@H](Sc2[nH]nc(CC)n2)C)cc1,,C28656549,,0,0,1,0,0,0,0,1,0,0
O=C(NCc1sccc1)NC(=O)[C@H](C)n1nc(-c2ccc(C)cc2)nn1,,C31649911,,0,0,0,0,0,1,0,0,0,0
O=C(N)c1ccc(-n2c(Oc3c(OC)cc(/C=C/C)cc3)nnn2)cc1,,C00624149,,0,0,0,0,0,1,1,1,0,0
S(CC(=O)Nc1sc(CC)nn1)c1nnc2c([nH]c3ccccc23)n1,,C05903639,,0,1,1,0,0,1,1,1,0,0
S(=O)(=O)(NNC(CC)=C1C=CC(=O)C=C1)c1cc([N+](=O)[O-])c(C)cc1,,C04979692,,0,0,0,0,0,0,0,1,1,0
O=[N+]([O-])c1c(C(=O)NNC(=O)Cc2coc3ccc(C)cc23)cccc1,,C39893174,,0,0,0,0,0,0,0,1,0,0
S(CCc1ccc([N+](=O)[O-])cc1)c1n(N)c(-c2c(C)occ2)nn1,,C42151715,,0,0,1,0,0,0,1,1,0,0
O=[N+]([O-])c1c(C)c(NC(=O)NC[C@H]2Oc3ccccc3OC2)ccc1,,C43346826,,0,0,0,0,0,0,0,1,0,0
S([C@@H](C)C(=O)NC(=O)NC(C)(C)C)c1n(C2CCCCC2)nnn1,,C16295770,,0,0,0,0,0,0,0,0,0,0
FC(F)Oc1c(NC(=O)N[C@H](C)[C@H]2OCCC2)cc([N+](=O)[O-])cc1,,C47865753,,0,0,0,0,0,0,0,0,0,0
O=[N+]([O-])c1cc(CO/N=C(/N)\Cc2ccccc2)c2OCOCc2c1,,C47255965,,0,0,0,0,0,0,0,1,0,0
O=[N+]([O-])c1ccc(NC(=O)C[C@H]2C(=O)N/C(=N\c3ccccc3)/S2)cc1,,C18123151,,0,0,0,0,0,0,0,1,0,0
S(CC(=O)Nc1scc(C)n1)c1[nH]c2ccc([N+](=O)[O-])cc2n1,,C45068043,,0,0,1,0,0,0,1,1,0,0
Clc1c(C(=O)NNS(=O)(=O)c2c([N+](=O)[O-])cccc2C)cccc1,,C55546396,,0,0,0,0,0,0,0,1,0,0
S(CC(=O)NC(=O)N[C@@H]1[C@H](C)CCCC1)c1n(C2CCCC2)nnn1,,C16372189,,0,0,1,0,0,0,0,0,0,0
S([C@H](C)C(=O)NC(=O)NC1CCCCC1)c1n(C(C)(C)C)nnn1,,C27809009,,0,0,1,0,0,0,0,0,0,0
Clc1c([N+](=O)[O-])cc([C@H]2C(C(OC)=O)=C(N)OC(C)=C2C(=O)C)cc1,,C58948934,,0,0,0,0,0,0,0,0,0,0
Clc1c([C@H]2C(C(OC)=O)=C(N)OC(C)=C2C(=O)C)cc([N+](=O)[O-])cc1,,C58948937,,0,0,0,0,0,0,0,0,0,0
S(=O)(=O)(O/N=C(\N)/c1cc([N+](=O)[O-])ccc1)c1ccc2ccccc2c1,,C04576900,,0,0,0,0,0,0,0,1,0,0
O=[N+]([O-])c1c(NNC(=O)/C=C/c2ccc(-n3cncc3)cc2)cccc1,,C19171568,,0,0,0,0,0,0,0,1,0,0
O=[N+]([O-])c1c(CNC(=O)NCc2c(-n3nccc3)cccc2)cccc1,,C63358135,,0,0,1,0,0,1,1,1,0,0
Oc1c([N+](=O)[O-])cc([C@H]2[C@H](C(OC)=O)[C@H](C)NC=3[C@H]2C(=O)C=CC=3)cc1,,C49946859,,0,0,0,0,0,0,0,0,0,0
S([C@H](C)C(=O)NC(=O)Nc1c(C)cc(C)cc1)c1n(CC=C)nnn1,,C52910484,,0,0,1,0,0,0,0,1,0,0
S(=O)(=O)(N[C@@H](C)C(=O)Nc1c(C)ccc([N+](=O)[O-])c1)c1sccc1,,C64851347,,0,0,0,0,0,0,0,1,0,0
S(=O)(=O)(NNC(=O)c1cc(C)ccc1)c1c(C)c([N+](=O)[O-])ccc1,,C66589073,,0,0,0,0,0,0,0,1,0,0
O=C(Nc1n(-c2nc(C)cc(C)n2)nc(C)c1)c1[nH]nc(CCC)c1,,C66660403,,0,1,1,0,1,1,1,1,1,0
O=[N+]([O-])c1cc(N2C(=O)[C@H](Oc3c(C(=O)N)cccc3)CC2)ccc1,,C67448498,,0,0,0,0,0,0,0,0,0,0
O(CC)C(=O)c1c(NC(=O)[C@@H](C)[NH+]2CCc3ccccc3C2)c2cc(OC)ccc2[nH]1,,C02308448,,0,0,0,0,0,0,0,1,0,0
O=C(NC(=O)C[NH+](C)Cc1ccc2OCOc2c1)NC12CC3CC(C1)CC(C2)C3,,C07640837,,0,0,1,0,0,0,0,0,0,0
O=C(NC(C)(C)C)C[NH+](C)CN1C(=O)[C@@](C)(c2ccc3ccccc3c2)NC1=O,,C08147955,,0,0,0,0,0,0,0,0,0,0
O=C(NCCC=1CCCCC=1)NC(=O)C[NH+]1[C@H](c2ccc3OCCOc3c2)CCC1,,C08318817,,0,0,0,0,0,0,0,0,0,0
O=C(NN1C(=O)[C@@](C)(CCc2ccccc2)NC1=O)C[NH+](C)[C@@H]1CCCc2ccccc12,,C08746078,,0,0,0,0,0,0,0,0,0,0
S(=O)(=O)(NC1=[NH+]CCC1)c1cc(NC(=O)COc2cccc3ccccc23)ccc1,,C09284421,,0,0,0,0,0,0,1,1,0,0
O=C(C[NH+]1[C@H](C(=O)N)Cc2ccccc2C1)N1[C@@H](c2occc2)CC(c2sccc2)=N1,,C09912620,,0,0,0,0,0,0,0,1,0,0
O=C(Nc1ccccc1)[C@@H]([NH+](C)CC(=O)N1[C@@H](C)CC(=O)Nc2ccccc12)C,,C11071423,,0,0,0,0,0,0,0,1,0,0
O=C(NCc1cn(Cc2ccccc2)nc1)C[C@@H]1[NH+](C2Cc3ccccc3C2)CCNC1=O,,C11817895,,0,0,1,0,0,1,1,1,0,0
O=C(NCc1nc(C)c2CCCCc2n1)C[C@@H]1[NH+](CCc2ccccc2)CCNC1=O,,C11873261,,0,0,0,0,0,0,0,0,0,0
Fc1c(C[NH+]2[C@@H](CC(=O)NCc3cn(-c4c(C)cccc4)nc3)C(=O)NCC2)cccc1,,C12094522,,0,0,1,0,0,1,0,1,0,0
Fc1c(C[NH+]2[C@H](CC(=O)NCc3cn(-c4c(C)cccc4)nc3)C(=O)NCC2)cccc1,,C12094525,,0,0,1,0,0,1,0,1,0,0
O=C(NCC1([NH+]2CCCCC2)CCCC1)c1c(C)c2c(N[C@@H]3COCC3)ncnc2s1,,C12281962,,0,0,1,0,0,0,0,1,0,0
O=C(NCc1ccc2OCOc2c1)C[C@H]1[NH+](Cc2ccc3ccccc3c2)CCNC1=O,,C12744808,,0,0,0,0,0,0,0,1,0,0
O=C(N)CN1C(=O)N(CCc2ccccc2)C2(C1=O)CC[NH+]([C@H]1CCc3ccccc3C1)CC2,,C14754428,,0,0,0,0,0,0,0,0,0,0
O(CC)C(=O)c1ccc(-c2oc([C@H]3NC(=O)c4c(sc5C[NH+](C)CCc45)N3)cc2)cc1,,C18195289,,0,0,0,0,0,0,0,1,0,0
S(C[C@H]1O[C@@H](c2ccc(N(C)C)cc2)[NH2+]C1)c1nnc2c([nH]c3ccccc23)n1,,C20215694,,0,1,1,0,0,0,1,1,0,0
O=C(NCc1nc2SCCn2c1)C[C@H]1[NH+](C/C=C/c2ccccc2)CCNC1=O,,C20536960,,0,0,1,0,0,1,0,0,0,0
S(CC(=O)NC1CC(C)(C)[NH2+]C(C)(C)C1)c1n(c(-c2cnccc2)nn1)-c1ccccc1,,C20829981,,0,0,1,0,0,1,1,1,0,0
Clc1c([C@H]([NH+](C)C)CNC(=O)CN2C(=O)[C@](C)(c3ccc(C)cc3)NC2=O)cccc1,,C27346271,,0,0,0,0,0,0,0,0,0,0
O=C(Nc1n(C2CCCCC2)c(C)c(C)c1C#N)C[NH+]1CCC(C(=O)NC)CC1,,C24782168,,0,0,0,0,0,0,0,0,0,0
O=C(NC[C@H]([NH+]1CCCC1)c1sccc1)CN1C(=O)[C@@](C)(c2ccc(C)cc2)NC1=O,,C32762269,,0,0,0,0,0,0,0,0,0,0
Clc1c([C@H]2C(C(OCC)=O)=C(CN3C[C@@H](C)[NH2+]CC3)N(C)C(=O)N2)ccc(Cl)c1,,C35640741,,0,0,0,0,0,0,0,0,0,0
S([C@@H](C)C(=O)Nc1cc(C(=O)C)ccc1)[C@H]1N(C2CC2)C(C=2C[NH+]=C3C=CC=CC=23)=NN1,,C39990708,,0,0,0,0,0,0,0,0,0,0
Clc1c(NC(=O)N(CCO)C[C@H]2C(=O)[NH+]=C3C=CC(OCC)=CC3=C2)cccc1,,C40011111,,0,0,1,0,0,0,0,1,0,0
O(C)c1cc([C@H]2C(C#N)=C(N)OC=3C=C(CCC)N(CC[NH+](C)C)C(=O)C2=3)ccc1,,C40569509,,0,0,0,1,0,0,0,0,0,0
Clc1ccc([C@@H]([NH+](C)CC(=O)C=2C(=O)N(C)C(=O)N(Cc3ccccc3)C=2N)C)cc1,,C46583320,,0,0,0,0,0,0,0,1,0,0
Clc1c([C@H]([NH+](C)CC(=O)C=2C(=O)N(C)C(=O)N(CCC)C=2N)C)ccc(Cl)c1,,C46583695,,0,0,1,1,0,0,0,0,0,0
Brc1c(OC[C@]([NH3+])(C)C(OCC)=O)c(Br)cc([N+](=O)[O-])c1,,C50441543,,0,0,0,0,0,0,0,0,0,0
Brc1c(OC[C@@]([NH3+])(C)C(OCC)=O)c(Br)cc([N+](=O)[O-])c1,,C50441544,,0,0,0,0,0,0,0,0,0,0
S(CC(=O)Nc1c([N+](=O)[O-])cccc1)[C@H]1NC(CC)=[NH+]c2sc(CC)cc12,,C41090597,,0,0,0,0,0,0,0,1,0,0
Clc1cc(N(CCC#N)C(=O)COC(=O)c2c(N)c3c(C)cc(C)[nH+]c3s2)ccc1,,C57481705,,0,0,0,0,0,0,0,0,0,0
FC(F)(F)[C@@H]1N2NC=C(C(=O)Nc3ccc4OCOc4c3)C2=[NH+][C@H](c2ccc(F)cc2)C1,,C02474693,,0,0,0,0,0,0,0,1,0,0
Brc1ccc(N/[NH+]=C(/N[C@H]2CS(=O)(=O)CC2)\C(OCC)=O)cc1,,C13146646,,0,0,0,0,0,0,0,0,0,0
S(CC(=O)N[C@@](C)(C(C)C)C#N)[C@H]1N(C2CC2)C(C=2C[NH+]=C3C=CC=CC=23)=NN1,,C39774556,,0,0,0,0,0,0,0,0,0,0
S(CC(=O)N[C@](C)(C(C)C)C#N)[C@H]1N(C2CC2)C(C=2C[NH+]=C3C=CC=CC=23)=NN1,,C39774557,,0,0,0,0,0,0,0,0,0,0
O=C(Nc1ccc(C(=O)C)cc1)CCCNC(=O)N1CCC=2[C@H]([NH+]=C3C=CC=CC=23)C1,,C63270937,,0,0,0,0,0,0,0,1,1,0
O=C(Nc1sc(C)cn1)CCCNC(=O)N1CCC=2[C@H]([NH+]=C3C=CC=CC=23)C1,,C63315026,,0,0,0,0,1,0,0,0,0,0
Fc1c([C@@H]2N(C(=O)N[C@@H](CC(C)C)C(OC)=O)CCc3[nH]c[nH+]c23)ccc(F)c1,,C20716634,,0,0,0,0,0,0,0,0,0,0
S(C)CC[C@H](NC(=O)N1[C@@H](c2cc(F)ccc2)c2[nH+]c[nH]c2CC1)C(OC)=O,,C20716048,,0,0,0,0,0,0,0,0,0,0
O=C(NC1CCCC1)[C@@H](NC(=O)[C@H]1N2C(=O)c3ccccc3[C@H]2[C@@H]2[NH+]=C3C=CC=CC3=C2C1)C,,C63383819,,0,0,0,0,0,0,0,0,0,0
O=C(Nc1ccc(C)cc1)CC[C@H]1C(=O)N(CCC=2C[NH+]=C3C=CC=CC=23)C(=O)N1,,C63385745,,0,0,0,0,0,0,0,0,0,0
Clc1ccc(NC(=O)CC[C@H]2C(=O)N(CCC=3C[NH+]=C4C=CC=CC=34)C(=O)N2)cc1,,C63385962,,0,0,0,0,0,0,0,0,0,0
Fc1ccc2NC(=O)[C@]3(N[C@H](CC=4C[NH+]=C5C=CC=CC=45)[C@H]4C(=O)N([C@@H](C)CC)C(=O)[C@@H]34)c2c1,,C63478293,,0,0,0,0,0,0,0,0,0,0
O=C(N[C@@H]1Sc2cc(OC)ccc2N1)[C@@H]1CN(CCC=2C[NH+]=C3C=CC(C)=CC=23)C(=O)C1,,C63557361,,0,0,0,0,0,0,0,0,0,0
S(C)CC[C@H](NC(=O)N1[C@H](c2c(F)c(F)c(F)cc2)c2[nH+]c[nH]c2CC1)C(OC)=O,,C20732844,,0,0,0,0,0,0,0,0,0,0
O=C(N/N=C/c1ncccc1)[C@@H](NC(=O)c1sccc1)CC=1C[NH+]=C2C=CC=CC=12,,C63857822,,0,0,0,1,0,0,0,0,0,0
O(CC(=O)NC=1[C@@H](C)N(c2ccccc2)NC=1C)C(=O)CC=1C[NH+]=C2C=CC=CC=12,,C63906185,,0,0,0,0,0,0,0,0,0,0
O=C1N(Cc2ccc(C)cc2)C(=O)c2ccc([C@H]3ONC(c4cc(C)c(C)cc4)=[NH+]3)cc2N1,,C64392206,,0,0,0,0,0,0,0,0,0,0
FC=1C=CC2=[NH+]CC(CCN3C(=O)[C@H](CCC(=O)NC4CCCCC4)NC3=O)=C2C=1,,C64717648,,0,0,0,0,0,0,0,0,0,0
O[C@H]([C@H]([NH2+]CC(OC)OC)c1ccc2OCOc2c1)c1ccc2OCOc2c1,,C03847461,,0,0,0,0,0,1,0,0,1,0
O(CC)C(=O)C=1[C@H](c2ccc3OCOc3c2)NC(=O)NC=1C[NH+]1CCSCC1,,C01069287,,0,0,0,0,0,0,0,0,0,0
OCC[NH+](CC=1C(=O)Nc2c(C)cc(C)cc2C=1)[C@H](CC)c1n(C(C)(C)C)nnn1,,C04847556,,0,0,1,0,0,0,0,0,0,0
O=[N+]([O-])c1cc(C)c(NC(=O)C(=O)NC[C@H]([NH+](C)C)c2ccc(OC)cc2)cc1,,C10084411,,0,0,0,0,0,0,0,0,0,0
O=C(NCCN1C(=O)C=CC(c2ccccc2)=N1)C[C@@H]1[NH+](Cc2ccccc2)CCNC1=O,,C12074050,,0,0,1,0,0,0,0,0,0,0
O(CC)C(=O)N1CCC(NC(=O)C[C@@H]2[NH+](Cc3sccc3)CCNC2=O)CC1,,C12464288,,0,0,0,0,0,0,0,0,0,0
Clc1ccc(-n2c(SCC(=O)NC(=O)NC(C)C)nnc2[C@@H]([NH+](C)C)C)cc1,,C03376081,,0,0,0,0,0,0,0,0,0,0
O=C(NC(C)(C)C)NC(=O)[C@H](C)[NH+]1CCC(C(=O)c2ccc3OCCOc3c2)CC1,,C14329283,,0,0,1,0,0,0,0,0,0,0
O=[N+]([O-])c1ccc(-n2c(C3CC[NH2+]CC3)c(C(=O)NCc3ccccc3)cn2)cc1,,C20941188,,0,0,0,0,0,0,0,0,0,0
FC(F)(F)Oc1c(C[NH+](C)CC(=O)NN2C(=O)C3(NC2=O)CCC(C)CC3)cccc1,,C22966527,,0,0,0,0,0,0,0,0,0,0
O=C(NC(=O)[C@H](C)N1CC[NH+](CC(=O)N2CCCC2)CC1)NC12CC3CC(C1)CC(C2)C3,,C23259481,,0,0,0,0,0,0,0,0,0,0
O=C(NN1C(=O)[C@@](C)(CC)NC1=O)C[NH+](C)Cc1c(N2CCCCC2)cccc1,,C29155261,,0,0,0,0,0,0,0,0,0,0
FC(F)(F)[C@@H]1C[NH+](CC(=O)Nc2c([N+](=O)[O-])cc3OCC(=O)Nc3c2)CCC1,,C28935747,,0,0,0,0,0,0,0,0,0,0
O=[N+]([O-])c1ccc2N3CC[NH+](CC(=O)NC(C)C)C[C@@H]3[C@H](C(=O)NCC)Cc2c1,,C35543974,,0,0,0,0,0,0,0,0,0,0
O=C(NC=1C(=O)N(N(C)C=1C)c1ccccc1)C[NH2+]Cc1ccc2OCOc2c1,,C03233405,,0,0,1,0,0,0,0,1,0,0
O(CC)c1c(OCC)ccc([C@@H]2C(C#N)=C(N)OC=3C=C(C)N(CC[NH+](C)C)C(=O)C2=3)c1,,C02246445,,0,0,0,0,0,0,0,0,0,0
O=C(NC[C@H]([NH+](C)C)c1cc(OC)ccc1)CN1C(=O)C2(NC1=O)CCC(C)CC2,,C36684790,,0,0,0,1,0,0,0,0,0,0
O=C(NNC(=O)c1nc(-c2ccccc2)sc1)[C@H]1[NH+]=NC(=O)c2ccccc12,,C39443962,,0,0,0,0,0,0,0,0,0,0
S(CC(=O)N[C@@H](C)c1ccc2OCCOc2c1)[C@@H]1OC(C=2C[NH+]=C3C=CC=CC=23)=NN1,,C39698869,,0,0,0,0,0,0,0,0,0,0
O=C(N/N=C/[C@@H]1[C@H]([NH+]2CCCCC2)N(c2ccccc2)N[C@@H]1C)[C@H]1N=NC(C)=C1,,C39774387,,0,0,0,0,0,0,0,0,0,0
S(CC(=O)NNC(=O)c1ccccc1)C=1N=NC=2[C@H]([NH+]=C3C=CC(F)=CC=23)N=1,,C39981270,,0,0,0,0,0,0,0,0,0,0
Brc1cnc(Nc2c([N+](=O)[O-])c(Nc3cc[nH+]cc3)ncn2)cc1,,C40586379,,0,0,1,0,0,1,1,1,1,0
O=[N+]([O-])c1cc(NC(=O)C(=O)NC[C@H](C(C)C)[NH+]2CCCCCC2)c(C)cc1,,C41328309,,0,0,0,0,0,0,0,0,0,0
Clc1c(NC(=O)C(=O)NC[C@H]([NH+](C)C)c2cscc2)ccc([N+](=O)[O-])c1,,C41648564,,0,0,0,0,0,0,0,0,0,0
O=C(NN1C(=O)[C@@](C)(CC)NC1=O)C[NH+](C)Cc1ccc2cc(OC)ccc2c1,,C45470430,,0,0,0,0,0,0,0,1,0,0
O=C(NC(C)C)CN1CCN(C(=O)NC2CCN(c3[nH+]cccc3)CC2)CC1,,C46943788,,0,0,0,0,0,0,0,0,0,0
O=C(NC)NC(=O)[C@H](C)[NH+]1C[C@H](CN(C(C)C)C(=O)OC(C)(C)C)CCC1,,C48273800,,0,0,0,0,0,0,0,0,0,0
Clc1c([C@@H]([NH+](C)C)CNC(=O)C(=O)Nc2cc([N+](=O)[O-])ccc2)cccc1,,C48911182,,0,0,0,0,0,0,0,0,0,0
Clc1c([C@@H]([NH+](C)C)CNC(=O)C(=O)Nc2ccc([N+](=O)[O-])cc2)cccc1,,C49409654,,0,0,0,0,0,0,0,0,0,0
O=[N+]([O-])c1c(C)c(NC(=O)C[NH+]2C[C@@H](C(=O)N[C@@H](C)CCC)CCC2)ccc1,,C51054961,,0,0,0,0,0,0,0,0,0,0
O=[N+]([O-])c1c(NC(=O)[C@H](C)[NH+]2C[C@H](C(=O)N[C@@H](C)CCC)CCC2)cccc1,,C51056077,,0,0,0,0,0,0,0,0,0,0
O=[N+]([O-])c1ccc(NC(=O)[C@H](C)[NH+]2C[C@H](C(=O)N[C@@H](C)CCC)CCC2)cc1,,C51056820,,0,0,0,0,0,0,0,0,0,0
O(C)C(=O)Nc1ccc(CNC(=O)C[NH+](C)C[C@H]2Oc3ccccc3OC2)cc1,,C51506166,,0,0,0,0,0,0,0,0,0,0
Fc1ccc(/[NH+]=C\2/C(C(=O)NC3=C[C@H]4OCO[C@@H]4C=C3)=Cc3c(CO)cnc(C)c3O/2)cc1,,C20617612,,0,0,1,0,0,0,1,1,0,0
O=C(NCCc1n2CCCCCc2nn1)NC[C@H]([NH+]1CCCCC1)c1occc1,,C47778125,,0,0,1,0,0,0,0,0,0,0
S(C(=[NH2+])N/N=C(\C)/c1cc(F)c(OC)cc1)[C@H]1C(=O)N(c2c(OC)cccc2)C(=O)C1,,C16677576,,0,0,0,0,0,0,0,0,0,0
S(C(=[NH2+])N/N=C(\C)/c1ccc(OC)cc1)[C@@H]1C(=O)N(c2c(OC)cccc2)C(=O)C1,,C59489417,,0,0,0,0,0,0,0,0,0,0
O=C(Nc1oc(C)c2C(C)=NNC(=O)c12)C[NH+](CC)[C@H](C)c1ccc(C#N)cc1,,C60477388,,0,0,1,0,1,0,0,1,0,0
O(C)C(=O)C=1[C@H](NC(=O)C(=O)NCCC=2C[NH+]=C3C=CC(OC)=CC=23)S[C@H](C)C=1C,,C63119401,,0,0,0,0,0,0,0,0,0,0
Cl[C@H]1N(Cc2c(Cl)cccc2Cl)NC(C)=C1/C=N/NC=1[NH+]=N[C@H](C)C(=O)N=1,,C39940972,,0,0,0,0,0,0,0,0,0,0
Oc1cc(OCC(=O)NCCC=2C[NH+]=C3C=CC(OC)=CC=23)cc2OC(C)(C)CC(=O)c12,,C63385053,,0,0,1,0,1,0,0,0,0,0
O=C(NCCC=1C[NH+]=C2C=CC=CC=12)C=1C(=O)N2N[C@@H](N3CCC(C)CC3)SC2=NC=1,,C63648757,,0,0,0,0,0,0,0,0,0,0
S(CC=1N(CCCC)NNN=1)c1n(C2CC2)c(C=2C[NH+]=C3C=CC=CC=23)nn1,,C63842606,,0,0,1,0,0,0,0,0,0,0
O=C(N[C@@H](C)c1oc2ccccc2c1)CN1C(=O)[C@@H](CC=2C[NH+]=C3C=CC=CC=23)NC1=O,,C63908648,,0,0,0,0,0,0,0,0,0,0
O=C(NCCC1=NN[C@H]2N1CCN(C[C@H]1[NH+]=C3C=CC=CC3=C1)CC2)COc1ccccc1,,C64610022,,0,0,0,0,0,0,0,0,0,0
O[C@@H](C[NH+]1CCCC1)Cn1ncc(Nc2sc3cc([N+](=O)[O-])ccc3n2)c1,,C66467295,,0,0,1,0,0,1,1,1,0,0
O=[N+]([O-])c1cc(C(=O)N[C@H](C)C(=O)NC[C@@H]([NH+](C)C)c2ccc(C)cc2)ccc1,,C67268909,,0,0,0,0,0,0,0,0,0,0
O=C(NCc1[nH+]c2n(c1)C=C(C)C=C2)N1CCC(NC(=O)c2c(C)occ2)CC1,,C67406478,,0,0,0,0,0,0,0,0,0,0
O=C(NC(=O)[C@@H](C)[NH+]1CCC(c2n3C=CC=Cc3nn2)CC1)NC1CCCCC1,,C67443283,,0,0,1,0,0,0,0,1,0,0
O(C)C(=O)c1oc(CNC(=O)CN2C3(CCCCC3)c3[nH]c[nH+]c3CC2)cc1,,C67490630,,0,0,0,0,0,0,0,0,0,0
S=C1N(c2c(C)cc(C)cc2C)C(N)=CC(=O)N1,,C03881133,,0,0,0,0,0,0,0,0,1,0
OC1=C(C#N)[C@@H](c2ccccc2)c2cc(N)ccc2O1,,C02745125,,0,0,0,0,0,0,0,0,0,0
Oc1ccc2[C@@H](CC(C)C)C(C#N)=C(N)Oc2c1,,C06589205,,0,0,0,0,0,0,0,0,0,0
O=C1Nc2nc(N)sc2[C@@H](c2sccc2)C1,,C12374967,,0,0,1,0,0,0,0,1,0,0
Clc1c(NC(=O)c2occc2)cc(N)cc1,,C00236858,,0,0,0,0,0,0,0,1,0,0
O=C(N)N/N=C/1\[C@H](C)[C@H](CC)S[C@@H](C)C\1,,C04815009,,0,0,0,0,0,0,0,0,0,0
Nc1n[nH]c2nc(C)c3CSC(C)(C)Cc3c12,,C06621890,,0,0,1,0,0,0,0,1,0,0
O=C(Nc1c(C)c(N)ccc1)c1oc(C)cc1,,C20249073,,0,0,0,0,0,0,0,1,1,0
O=C(Nc1sccn1)c1c(N)cccc1C,,C22215045,,0,0,0,0,0,0,0,1,1,0
O=C1Nc2sc3C[C@@H](C)CCc3c2C(N)=N1,,C31862608,,0,0,1,0,0,0,0,1,0,0
OC(C)(C)C#CCN1[C@@H](C)C/C(=N/N)/[C@H](C)C1,,C33332416,,0,0,0,0,0,0,0,0,0,0
O=C1Nc2cc(N(C)C(C)C)c(N)cc2CC1,,C35355698,,0,0,0,0,0,0,0,0,0,0
Clc1c(C)cc2OCC[C@]([NH3+])(C(=O)[O-])c2c1C,,C36142200,,0,0,0,0,0,0,0,0,0,0
Clc1ccc2OC(C)(C)C[C@@]([NH3+])(C(=O)[O-])c2c1,,C36142242,,0,0,0,0,0,0,0,0,0,0
O=C1NC(N)=Nc2sc3C[C@@H](C)CCc3c12,,C36222627,,0,0,1,0,0,0,0,1,0,0
Nc1c(N[C@@H]2[C@@H](C)[C@@H](C)CCC2)n(C)nc1C,,C36749068,,0,0,1,1,0,0,0,0,0,0
O=C(N[C@H]1C[C@H](C)CCC1)c1n(C)cc(N)c1,,C36862908,,0,0,0,0,0,0,0,0,0,0
NNc1nc(C)nc2scc(-c3sccc3)c12,,C37737458,,0,1,1,0,0,0,1,1,0,0
O[C@@H](c1sccc1)c1ccc2NC(=O)Nc2c1,,C40247901,,0,0,1,1,0,0,0,1,1,0
O=C(N1C[C@]2(C)CC(C)(C)C[C@H]1C2)c1[nH]cc(N)c1,,C40329965,,0,0,0,0,0,0,0,0,0,0
O=C(N1[C@@H](C)c2ccsc2CC1)c1[nH]cc(N)c1,,C40337443,,0,0,0,0,0,0,0,1,0,0
O([C@@H]1C(=O)NCCCC1)c1c(N)cc(C)cc1,,C41078776,,0,0,0,0,0,0,0,0,0,0
O=C1Nc2c(-c3nc(N)sc3)cc(C)cc2CC1,,C41629241,,0,0,0,0,0,0,0,1,0,0
O[C@H]1[C@@H](NC(=O)NC(C)(C)C)c2ccccc2C1,,C42191231,,0,0,0,0,0,0,0,0,0,0
Brc1cnc2nc(C([NH3+])(C)C)[n-]c2c1,,C43460968,,0,0,1,0,0,0,0,1,0,0
O=C(N[C@@H]1C(C)(C)C1)c1oc2ccc(N)cc2c1,,C45115155,,0,0,0,0,0,0,0,1,1,0
NC=1[C@@H](N2[C@H](C)c3ccsc3CC2)N=C(C)[NH+]=1,,C49776914,,0,0,0,0,0,0,0,0,0,0
NC=1[C@@H](N(C)c2cc(C)cc(C)c2)N=C(C)[NH+]=1,,C49979479,,0,0,0,0,0,0,0,0,0,0
O/N=C(\N)/c1c(N2[C@H](C)[C@@H](C)CCC2)cccc1,,C50564961,,0,0,0,0,0,0,0,0,0,0
Clc1c(NC(=O)[C@H]2OCCCC2)ccc(N)c1,,C50958592,,0,0,0,0,0,0,0,0,0,0
Clc1c(NC(=O)[C@H]2OCCCC2)c(N)ccc1,,C50958916,,0,0,0,0,0,0,0,0,0,0
O(C)c1c(C)cc([C@H]2C(=[NH2+])N(C)C(C)=[NH+]2)cc1,,C50985974,,0,0,0,0,0,0,0,0,0,0
O=C1Nc2cc(N3[C@H](C)C[C@H](C)CC3)c(N)cc2C1,,C51730350,,0,0,0,0,0,0,0,0,0,0
[NH2+]=C1N(C)C(C(C)(C)C)=[NH+][C@@H]1C1CCOCC1,,C52176839,,0,0,0,0,0,0,0,0,0,0
OCc1n([C@@H]2C[C@@H](C)CCC2)c2ccc(N)cc2n1,,C53736290,,0,0,1,0,0,0,0,0,0,0
O=C(N[C@H]1[C@H](C)CCCC1)c1c(C)nc(N)s1,,C55170801,,0,0,1,0,0,0,0,0,0,0
O=C(N[C@H]1C[C@@H](C)CCC1)c1c(C)nc(N)s1,,C55171307,,0,0,1,0,0,0,0,0,0,0
O=C1NC(C23CC4CC(C2)CC(C3)C4)=NC(N)=C1,,C39188829,,0,0,1,0,0,0,0,0,0,0
Oc1c([C@@H]2SC=C3SC(N)=NN23)cccc1,,C59464815,,0,0,0,0,0,0,0,0,0,0
NNc1c(C#N)cc2CCc3sccc3-c2n1,,C61327845,,0,0,1,0,0,0,0,1,0,0
Clc1sc(C(=O)Nc2cnc(N)cc2)cc1,,C61680224,,0,0,1,0,0,0,0,1,0,0
O=C(Nc1c(C)c(C)ccc1N)c1ncsc1,,C62353452,,0,0,1,0,0,0,0,1,0,0
O=C1[C@@H](C)Oc2c(C(C)(C)C)cc(N)cc2N1,,C62531513,,0,0,0,0,0,0,0,0,0,0
O=C1Nc2c(C)c(C)c(N)c(C)c2O[C@@H](C)C1,,C62531711,,0,0,0,0,0,0,0,0,0,0
Clc1c(C)c(N)c2O[C@H](C)C(=O)Nc2c1C,,C62533114,,0,0,0,0,0,0,0,0,0,0
Clc1c(N)c2O[C@@H](C)C(=O)Nc2c(Cl)c1,,C62535021,,0,0,0,0,0,0,0,0,0,0
O=C1C(C)(C)COc2c(C(C)C)cc(N)cc2N1,,C62535799,,0,0,0,0,0,0,0,0,0,0
O=S1(=O)C[C@@H](Nc2c(C)c(N)ccc2)CC1,,C62724170,,0,0,0,0,0,0,0,0,0,0
O=C1NC(C(C)(C)c2ccccc2)=NC(N)=C1,,C62772783,,0,0,1,0,0,0,0,1,1,0
[S-]/C(=[NH+]/N=C/c1cn(C)c2ccccc12)/N,,C13687287,,0,0,0,0,0,0,0,1,0,0
O[C@H]1[C@H]([NH3+])C2(Oc3cc(C)ccc13)CCCCC2,,C20222112,,0,0,0,0,0,0,0,0,0,0
Nc1ccc(NCC2CCC2)c2[nH+]cccc12,,C35342127,,0,0,0,0,0,0,0,0,0,0
O=C(Nc1cccc2CCCCc12)[C@H]([NH3+])CC,,C36871147,,0,0,0,0,0,0,0,0,0,0
O=C(NC1CCCCC1)[C@@]([NH3+])(C)C1CC1,,C37478680,,0,0,0,0,0,0,0,0,0,0
O=C(N[C@H]1[C@H](C)[C@H](C)CCC1)C1([NH3+])CCCC1,,C37616041,,0,0,0,0,0,0,0,0,0,0
O=C(N)[C@]1([NH2+]C2CCCC2)[C@H](C)CCCC1,,C37968716,,0,0,0,0,0,0,0,0,0,0
O=C(N)C1([NH2+]C2CCCC2)CCCCCC1,,C37968828,,0,0,0,0,0,0,0,0,0,0
O=C(N[C@@H]1[C@@H]([NH3+])C1)C12CC3CC(C1)CC(C2)C3,,C36233785,,0,0,0,0,0,0,0,0,0,0
O=C(N[C@H]1[C@H](C(C)(C)C)CCCC1)[C@@H]([NH3+])C,,C40456538,,0,0,0,0,0,0,0,0,0,0
S(C(C)(C)C)c1c(C(=[NH2+])N)c(C)cc(C)n1,,C40515349,,0,0,0,0,0,0,0,0,0,0
O=C(N)C([NH2+][C@H]1CC[C@@H]2CCCC[C@@H]2C1)(C)C,,C40674634,,0,0,0,0,0,0,0,0,0,0
FC(F)(F)[C@@H]1[C@H](NC(=O)C([NH3+])(C)C)CCCC1,,C40922443,,0,0,0,0,0,0,0,0,0,0
O[C@]1(C[NH3+])CC(C)(C)Oc2c(C)cc(C)cc12,,C41267060,,0,0,0,0,0,0,0,0,0,0
OC[C@H]1[NH+](Cc2c(N)cccc2)CCCC1,,C42432068,,0,0,0,0,0,0,0,0,0,0
Oc1ccc2OC=C(C[C@@H]([NH3+])CC)Cc2c1,,C44405230,,0,0,0,1,0,0,0,0,0,0
Nc1c(N[C@@H]2[C@@H](c3ccccc3)C2)cc[nH+]c1,,C44676241,,0,0,0,0,0,0,0,0,0,0
O=C(N[C@H]1C(C)(C)C1)C1(C[NH3+])CCCCCC1,,C45135475,,0,0,0,0,0,0,0,0,0,0
Fc1cc(N)cc(N[C@@H]2CC[NH+]3CCC[C@H]23)c1,,C49564666,,0,0,0,0,0,0,0,0,0,0
Brc1c(O)c(OCC)cc(C[NH3+])c1,,C50273167,,0,0,1,0,0,0,0,0,0,0
O[C@@H]([C@H]([NH3+])CC)c1ccc2N(C)CCCc2c1,,C50285934,,0,0,0,0,0,0,0,0,0,0
O=C(N[C@H]1[C@]2(C)C(C)(C)[C@H](C1)CC2)[C@H]1[C@@H]([NH3+])C1,,C50460570,,0,0,0,0,0,0,0,0,0,0
O[C@@H]1[C@H]([NH2+]CC2(O)CCCCCC2)CCCC1,,C52014518,,0,0,0,0,0,0,0,0,0,0
O=C(N[C@H]1[C@H](C)C1)C1(C[NH3+])CCCCCC1,,C52277206,,0,0,0,0,0,0,0,0,0,0
O=C(N[C@H](C)C1CCCCC1)[C@H]1[C@@H]([NH3+])C1,,C52331935,,0,0,0,0,0,0,0,0,0,0
OCC1([NH2+][C@@H]2[C@H](O)CCC2)CCC(C)CC1,,C53118547,,0,0,0,0,0,0,0,0,0,0
Fc1c(NC[C@H]2[NH+](C)CCCC2)c(N)ccc1F,,C53167276,,0,0,0,0,0,0,0,0,0,0
Oc1ccc(N(C)C[C@@H]2[C@@H]([NH3+])CCCCC2)cc1,,C53862793,,0,0,0,1,0,0,0,0,0,0
Brc1cc(F)c(OCC(=[NH2+])N)cc1,,C54009843,,0,0,0,0,0,0,0,0,0,0
O=C1C(C[NH3+])=CC=2C[C@@H](C(C)C)CCC=2N1,,C54558112,,0,0,1,0,0,0,0,0,0,0
O=C(NC1CCCCC1)[C@H]1[C@@H]([NH3+])CCCC1,,C55085819,,0,0,0,0,0,0,0,0,0,0
O=C(NC1CCCCC1)C[C@@H]1[C@@H]([NH3+])CCCC1,,C55091712,,0,0,0,0,0,0,0,0,0,0
O=C(NC1CCCCC1)[C@@H]1[C@H]([NH3+])[C@H](C)CCC1,,C55091729,,0,0,0,0,0,0,0,0,0,0
O=C(NCC(C)C)[C@@H]1[C@H]([NH3+])[C@@H](C)CCC1,,C55122265,,0,0,0,0,0,0,0,0,0,0
O=C(N[C@H]1[C@H](C)CCCC1)[C@H]1C[C@@H](C)[C@@H]([NH3+])CC1,,C55123485,,0,0,0,0,0,0,0,0,0,0
O=C(N[C@@H]1[C@H](C)CCCC1)C[C@H]1[C@@H]([NH3+])CCCC1,,C55123487,,0,0,0,0,0,0,0,0,0,0
O=C(NC1CCCCCC1)[C@H]1C[C@H]([NH3+])[C@H](C)CC1,,C55126001,,0,0,0,0,0,0,0,0,0,0
O=C(NC1CCCCCC1)[C@H]1C[C@H](C)[C@@H]([NH3+])CC1,,C55126004,,0,0,0,0,0,0,0,0,0,0
O=C(N[C@@H]1C[C@H](C)CCC1)[C@H]1C[C@@H]([NH3+])[C@@H](C)CC1,,C55126914,,0,0,0,0,0,0,0,0,0,0
O=C(NCC(C)(C)C)[C@H]1[C@H]([NH3+])CCC[C@H]1C,,C55136815,,0,0,0,0,0,0,0,0,0,0
[NH2+]=C(N)[C@@H](C)N1[C@@H](C2CCCC2)CCC1,,C59471880,,0,0,0,0,0,0,0,0,0,0
[NH2+]=C(N)c1c(N2CCC(C)(C)CC2)cccc1,,C61820289,,0,0,0,0,0,0,0,0,0,0
O=C1C(C)(C)c2cc(CC[NH3+])cc(CC)c2N1,,C62200758,,0,0,0,0,0,0,0,0,0,0
O=C1C(C)(C)c2cc(C)cc(C[C@@H]([NH3+])C)c2N1,,C62200786,,0,0,0,0,0,0,0,0,0,0
Fc1cc(C[C@@H]([NH3+])C)c2NC(=O)C(C)(C)c2c1,,C62200903,,0,0,0,0,0,0,0,0,0,0
O=C1C(C)(C)c2cc(C)c(C)c(C[C@H]([NH3+])C)c2N1,,C62200997,,0,0,0,0,0,0,0,0,0,0
Clc1c(C[C@@H]([NH3+])C)cc2[C@@H](C)C(=O)Nc2c1C,,C62201010,,0,0,0,0,0,0,0,0,0,0
Clc1c([C@@H]([NH3+])c2c[nH]nc2)cc(Cl)s1,,C62776064,,0,0,1,0,0,0,0,1,0,0
[NH3+]Cc1nc(Cc2cc(C)cc(C)c2)[nH]c1,,C62820862,,0,0,0,0,0,0,0,1,0,0
O=C(NC(C)(C)C[NH3+])C12CC3CC(C1)CC(C2)C3,,C63020356,,0,0,0,0,0,0,0,0,0,0
O=C(N[C@@H]1[C@H]([NH3+])CCCCC1)CC(C)C,,C63212052,,0,0,0,0,0,0,0,0,0,0
O=C1C(C[NH+]([C@@H](CC)c2n(C(C)(C)C)nnn2)C2CCCC2)=Cc2ccc(C)cc2N1,,C04847476,,0,0,0,0,0,0,0,0,0,0
O(C)CCCNc1ncnc2c1sc1[nH+]c(N3CCCC3)c3COC(C)(C)Cc3c21,,C02336102,,0,0,1,0,0,0,0,1,0,0
O=C1C([C@@H]([NH+](CC)Cc2ccccc2)c2n(C3CCCC3)nnn2)=Cc2ccc(C)cc2N1,,C06193776,,0,0,0,0,0,1,0,0,0,0
O=C1C([C@@H]([NH+](CC)Cc2ccccc2)c2n(C(C)(C)C)nnn2)=Cc2cccc(C)c2N1,,C06193796,,0,0,0,0,0,0,0,0,0,0
O[C@@]1(CC(=O)c2ccc3OCOc3c2)C(=O)N(C[NH+]2CCCCCC2)c2ccccc12,,C08569933,,0,0,1,0,0,0,0,0,0,0
O(CC)c1c(OCCC)ccc([C@@H]2C(C#N)(C#N)C(=N)[C@H](C#N)C=3[C@@H]2C[NH+](C(C)C)CC=3)c1,,C08816823,,0,0,0,0,0,0,0,0,0,0
O(C)c1c(OC(C)C)ccc([C@H]2C(C#N)(C#N)C(=N)C(C#N)C=3[C@H]2C[NH+](CCC)CC=3)c1,,C09045685,,0,0,0,0,0,0,0,0,0,0
O/C(/c1oc2ccccc2c1)=C/1\[C@H](N(CC[NH+](C)C)C(=O)C\1=O)c1cc(OC)ccc1,,C06812683,,0,0,0,0,0,0,0,0,0,0
O(CC)C(=O)c1c(C)cc(NC(=O)C[NH+]2[C@H](c3ccc4OCCCOc4c3)CCC2)s1,,C10128730,,0,0,1,0,0,0,0,1,0,0
Clc1cc(C(=O)NC[C@@H]([NH+]2CCCC2)c2ccc3N(C)CCc3c2)c([N+](=O)[O-])cc1,,C08963257,,0,0,0,0,0,0,0,0,0,0
O=C(NCC[NH+]1C[C@@H](CC)Oc2ccc(OC)cc2C1)C=1C(=O)Oc2ccccc2C=1,,C11839298,,0,0,1,1,0,0,0,1,0,0
O=C(N[C@@H](C(C)C)c1n2CC[NH+](C/C(/C)=C/c3ccccc3)CCc2nn1)c1ncccc1,,C12055205,,0,0,0,0,0,0,0,0,0,0
S(=O)(=O)(NC1(C[NH+]2CCCC2)CCCCC1)c1ccc2N(C(C)C)C(=O)Oc2c1,,C12239268,,0,0,1,0,0,0,0,0,0,0
O=C(N(C)C1CCOCC1)C[C@@H]1[NH+](Cc2cc(Oc3ccccc3)ccc2)CCNC1=O,,C12716377,,0,0,0,0,0,0,0,0,0,0
N(CCC[NH+]1CCN(c2ncccn2)CC1)c1ncnc2sc3C[C@H](C)CCc3c12,,C12771660,,0,0,1,0,0,0,0,1,0,0
O/C(/c1ccc2O[C@H](C)Cc2c1)=C/1\[C@@H](N(CC[NH+](CC)CC)C(=O)C\1=O)c1oc(C)cc1,,C09353799,,0,0,0,0,0,0,0,0,0,0
O=C1C(C[NH+]([C@@H](CC)c2n(C3CCCC3)nnn2)C2CCCC2)=Cc2cc(C)ccc2N1,,C13501139,,0,0,0,0,0,0,0,1,0,0
Clc1cc(NC(=O)C[NH+]2C[C@H](c3n(C(C)C)c(SC)nn3)CCC2)c(OC)cc1,,C13565138,,0,0,1,0,0,0,0,0,0,0
O(CC)c1ccc2nc(N3CC[C@H]([NH2+]Cc4cn(CC)nc4)CCC3)nc(C)c2c1,,C14953634,,0,0,1,0,0,0,0,1,0,0
O(C)C(=O)c1c(C)c2C(=O)NC(C[NH+]3[C@@H](c4ccc(OCC)cc4)CCC3)=Nc2s1,,C15548533,,0,0,0,0,0,0,1,1,0,0
N(CCc1sccc1)c1nc(N2CCC([NH+]3CCCCC3)CC2)nc2n(C)ncc12,,C21930284,,0,0,1,0,0,0,1,1,0,0
Clc1cc(C(=O)NC[C@H]([NH+](C)C)c2ccc3N(C)CCCc3c2)c([N+](=O)[O-])cc1,,C23858242,,0,0,0,0,0,0,0,0,0,0
Clc1c(CONc2c(C(C)C)c[nH+]c3N(C)C(=O)N(C)C(=O)c23)ccc(Cl)c1,,C12310012,,0,0,1,0,0,0,0,1,0,0
ClC=1C(=O)N(c2ccccc2)N=CC=1N1CC[NH+](CC(=O)N[C@@H]2[C@H](C)CCCC2)CC1,,C24580827,,0,0,1,0,0,0,0,0,0,0
Clc1cc(Cn2c(NC(=O)C[NH+](C)C[C@H]3Oc4ccccc4OC3)ccn2)ccc1,,C32856088,,0,0,1,0,0,1,1,1,0,0
O=CN(C[C@H]1CCC[NH+]2CCCC[C@@H]12)C1(C(=O)Nc2cc(OC)cc(OC)c2)CCCC1,,C33435682,,0,0,0,0,0,0,0,0,0,0
O=C1C(C[NH+](Cc2n(C3CCCC3)nnn2)C2CCCCC2)=Cc2cc(C)ccc2N1,,C19221109,,0,0,1,0,0,1,0,1,1,0
O(C(C)(C)C)C(=O)[C@@H]1[NH2+]C[C@@H](C(=O)Oc2ccc3c(OC(=O)C=4CCCCC3=4)c2)CC1,,C08311875,,0,0,1,0,0,0,0,1,0,0
S([C@@H](CC)C(=O)Nc1sc2CCCCc2n1)C=1N=NC=2[C@@H]([NH+]=C3C=CC=CC=23)N=1,,C39242896,,0,0,0,0,0,0,0,0,0,0
ClC1=CN2[C@@H](NCc3occc3)[C@@H]([C@@H]3C(=O)[NH+]=C4C=C(OC)C=CC4=C3)N=C2C=C1,,C39980729,,0,0,0,0,0,0,0,0,0,0
ClC1=CN2[C@@H](NCc3occc3)[C@@H]([C@H]3C(=O)[NH+]=C4C=C(OC)C=CC4=C3)N=C2C=C1,,C39980730,,0,0,0,0,0,0,0,1,0,0
O=C(/N=C/1\SC=C(C[NH+]2CCC(C)CC2)N\1)[C@@H]1CN(c2ccc(OCC)cc2)C(=O)C1,,C36652273,,0,0,1,0,0,0,0,0,0,0
O=C(N1CCC2(N(C[C@H](C)CC)C(=O)[C@@H](CC(C)C)[NH2+]2)CC1)c1ccc2OCOc2c1,,C36032684,,0,0,0,0,0,0,0,0,0,0
Clc1ccc([C@H]2n3nc(CCCO)[nH+]c3N=C(c3cc(OC)c(OC)cc3)C2)cc1,,C38223336,,0,0,0,0,1,0,0,1,0,0
O=C(N(C1CC[NH+](CC)CC1)c1ccccc1)CN1C(=O)C2(NC1=O)CCC(CC)CC2,,C58008573,,0,0,0,0,0,0,0,0,0,0
Clc1c([C@@H](CNC(=O)Cn2ccc3cc([N+](=O)[O-])ccc23)[NH+]2CCCC2)c(F)ccc1,,C58008756,,0,0,0,0,0,0,0,0,0,0
Clc1c([C@H](CNC(=O)Cn2ccc3cc([N+](=O)[O-])ccc23)[NH+]2CCCC2)c(F)ccc1,,C58008765,,0,0,0,0,0,0,0,0,0,0
O=C(NC[C@H]([NH+](C)C)c1cc(OC)ccc1)N1[C@H](c2ccc3OCCOc3c2)CCC1,,C59264516,,0,0,0,1,0,0,0,0,0,0
O(C)C(=O)c1c(C)c2C(=O)NC(CN3CC[NH+](CC4CCCCC4)CCC3)=Nc2s1,,C59424715,,0,0,1,0,0,0,0,1,0,0
O=C(N[C@@H]1C[NH+](CC)CCC1)c1c(OCC)ccc(CN2C(=O)c3ccccc3C2=O)c1,,C59891985,,0,0,0,0,0,0,0,0,0,0
O=C(NC[C@@H]1C[NH+](Cc2sccc2)CCC1)N(C)[C@@H](C)c1ccc(-n2ncnc2)cc1,,C60244778,,0,0,0,0,0,1,1,1,0,0
O=C(NCCCC)c1c(N2C(=O)N3[C@@H](C)[C@H]4[NH+]=C5C=CC=CC5=C4C[C@H]3C2=O)cccc1,,C63375974,,0,0,0,0,0,0,0,0,0,0
O=C(N[C@@H](C)CC=1C[NH+]=C2C=CC=CC=12)C[C@H]1[C@H](C)c2ccc(OC)c(OC)c2OC1=O,,C63385312,,0,0,1,0,0,0,0,0,0,0
O=C(N[C@@H](C)CC=1C[NH+]=C2C=CC=CC=12)C[C@@H]1[C@@H](C)c2c(OC)cc(OC)cc2OC1=O,,C63385566,,0,0,0,0,0,0,0,1,0,0
ClC=1C=CC2=[NH+][C@H](C(OC)=O)C(NC(=O)CN3CCN(c4ccc(F)cc4)CC3)=C2C=1,,C38599318,,0,0,0,0,0,0,0,0,0,0
ClC=1C=CC2=[NH+]CC(CCN3C(=O)C[C@@H](C(=O)N[C@H]4S[C@H](CCC)N=N4)C3)=C2C=1,,C63557169,,0,0,0,0,0,0,0,0,0,0
S(CC(=O)N(C)C1(C#N)CCCCC1)[C@H]1N(C2CC2)C(C=2C[NH+]=C3C=CC=CC=23)=NN1,,C39995210,,0,0,0,0,0,0,0,0,0,0
FC=1C=CC2=[NH+]CC(CCNC(=O)C[C@H]3[C@H](C)c4c(OC)cc(OC)cc4OC3=O)=C2C=1,,C64480190,,0,0,1,0,0,0,0,0,0,0
S(=O)(=O)(NC[C@@H](c1ccc(OC)cc1)C=1C[NH+]=C2C=CC=CC=12)c1c(C)onc1C,,C64711221,,0,0,1,0,0,1,0,1,0,0
O=C(N(C)CCC=1N[C@H]([C@@H]2[NH+]=C3C=C(OC)C=CC3=C2)ON=1)c1ccc(C(C)C)cc1,,C65181752,,0,0,0,0,0,0,0,1,0,0
NC1=C(C#N)[C@H](c2ccc(C)cc2)c2ccc3cccnc3c2O1,,C00208782,,0,0,0,0,0,0,0,0,0,0
Clc1c(F)ccc(-c2oc(/C=C/3\C(=O)NC(=N)S\3)cc2)c1,,C05007504,,0,0,0,0,0,0,0,1,0,0
O[C@@H]1[C@H](Nc2ccc-3c(Cc4ccccc-34)c2)CS(=O)(=O)C1,,C01423421,,0,0,0,0,0,0,0,0,0,0
Clc1sc([C@@H]2C(C#N)=C(N)OC=3CCCC(=O)C2=3)cc1,,C12375009,,0,0,0,0,0,0,0,0,0,0
Brc1c(NC(=O)Nc2cnccc2)cccc1,,C13745961,,0,0,1,0,0,0,0,1,0,0
O=C1CC(C)(C)CC=2OC(N)=C(C#N)[C@H]([C@@H]3CCCC=C3)C1=2,,C00549856,,0,0,0,0,0,0,0,0,0,0
O=C(c1c(C)c(C)sc1N)c1ccc2OCCOc2c1,,C19776145,,0,0,0,0,0,0,0,1,1,0
S(=O)(=O)(N1[C@@H](C)CCC[C@@H]1C)c1c(C)c(C)cc(N)c1,,C20000144,,0,0,0,0,0,0,0,0,0,0
O=C/1N(C)c2cc(N)ccc2O\C\1=C\c1ccc(CC)cc1,,C20340031,,0,0,0,0,0,0,1,1,0,0
Clc1ccc(-c2oc(/C=C\3/C(=O)NC(=N)S/3)cc2)cc1,,C20479005,,0,0,0,0,0,0,0,1,0,0
S(=O)(=O)(N1C[C@H](C)C[C@H](C)C1)c1c(C)c(C)cc(N)c1,,C20545004,,0,0,0,0,0,0,0,0,0,0
S(=O)(=O)(N1C[C@@H](C)C[C@H](C)C1)c1c(N)cc(C)c(C)c1,,C20547319,,0,0,0,0,0,0,0,0,0,0
O=C(NC)NC1=C(C#N)C2(CCCCC2)Cc2ccccc12,,C20738461,,0,0,0,0,0,0,0,0,0,0
O=C(Nc1ccc2CCCc2c1)[C@H]1Oc2ccccc2NC1,,C22241760,,0,0,0,0,0,0,0,1,0,0
O=C(N[C@@H]1CCc2[nH]c3cc(C)cc(C)c3c2C1)[C@H]1OCCC1,,C22330104,,0,0,0,0,0,0,0,0,0,0
NC=1C(C#N)(C#N)[C@H](c2ccccc2)[C@@H]2CSCC=C2C=1C#N,,C23410397,,0,0,0,0,0,0,0,0,0,0
O=C1N(N)C=NC=2c3ccccc3C[C@H](C3CCCCC3)C1=2,,C25493809,,0,0,1,0,0,1,0,0,0,0
BrC=1C=C(N)c2n(c(Cc3sccc3)nn2)C=1,,C31863216,,0,1,1,0,0,1,1,1,0,0
Brc1ccc(-c2c(N)onc2-c2occc2)cc1,,C34975973,,0,0,1,1,0,1,1,1,0,0
O(C)c1cc([C@@H]2NN/C(=C/3\C(=O)C(C)=CC(C)=C\3)/C2)ccc1,,C05236679,,0,0,0,0,0,0,0,1,0,0
Nc1c(-c2sccc2)nc2SC(C)=C(c3occc3)n12,,C36290175,,0,1,1,0,0,0,1,1,0,0
Clc1c(F)c(S(=O)(=O)N2C[C@@H](C)C[C@H](C)C2)cc(N)c1,,C37063180,,0,0,0,0,0,0,0,0,0,0
O=C(C)C=1[C@H](c2cccc3ccccc23)C(C#N)=C(N)OC=1C,,C00492981,,0,0,0,0,0,0,0,0,0,0
O=C1NC2(N=C3[C@H]4C[NH+](CC)C[C@@]13CCC4)CCCCC2,,C26690381,,0,0,0,0,0,0,0,0,0,0
Brc1ccc(-c2coc3ncnc(N)c23)cc1,,C40177698,,0,1,1,0,0,0,1,1,0,0
Clc1c(Cl)cc(C(=O)N2[C@@H](CC)CO[C@@H](C)C2)cc1N,,C40304527,,0,0,0,0,0,0,0,0,0,0
O=C(N1C[C@@]2(C)CC(C)(C)C[C@@H]1C2)c1n(CC)cc(N)c1,,C40329974,,0,0,0,0,0,0,0,0,0,0
S(=O)(=O)(N1CCC[C@H]2CCCC[C@H]12)c1scc(N)c1,,C41068004,,0,0,0,0,0,0,0,0,0,0
Brc1ccc(CN2C(=O)Oc3cc(N)ccc23)cc1,,C41084851,,0,0,1,0,0,0,1,1,0,0
Clc1cc([C@H](N)c2sc3CCCc3n2)cc2OCOc12,,C41183674,,0,0,1,0,0,0,0,1,1,0
Brc1c(Oc2ccc3OCOc3c2)ccc(N)c1,,C43597690,,0,0,0,0,0,0,0,0,1,0
Brc1cc(O)c(C(=O)Nc2sccn2)cc1,,C44490197,,0,0,1,0,0,0,0,1,1,0
Brc1ccc2n([C@H]3[C@@H](OC)CCC3)c(N)nc2c1,,C50375809,,0,0,1,0,0,0,0,0,0,0
Nc1nc(CN2[C@H](C)Cc3ccccc23)nc2sccc12,,C50793121,,0,0,0,0,0,0,1,1,0,0
Brc1c([C@@H](Cl)c2occc2)cc2NC(=O)Nc2c1,,C52095069,,0,0,1,1,0,0,0,1,1,0
S(c1c(F)c(F)ccc1N)c1n2CCCCCc2nn1,,C53168439,,0,0,1,0,0,0,0,1,0,0
O=C([O-])c1ccc2N[C@@H](c3cc[nH+]cc3)[C@@H]3CC=C[C@H]3c2c1,,C33930918,,0,0,0,0,0,0,0,0,0,0
N(\c1ccc(/N=C\2/S[C@@H](C)CN/2)cc1)=C/1\S[C@@H](C)CN\1,,C16609637,,0,0,0,0,0,0,0,0,0,0
O=C(N(C)C1C2CC3CC1CC(C2)C3)c1c(C)nc(N)s1,,C55173674,,0,0,1,0,0,0,0,0,0,0
O=C1CC(C)(C)CC=2Nc3[nH]nc(C)c3[C@@H](c3cscc3)C1=2,,C13685828,,0,0,1,0,0,1,0,0,0,0
Clc1cc([C@@H](O)c2occc2)c2NC(=O)C(C)(C)c2c1,,C58105618,,0,0,0,0,0,0,0,1,0,0
Clc1cc([C@H](O)c2occc2)cc2C(C)(C)C(=O)Nc12,,C58110410,,0,0,0,0,0,0,0,0,0,0
Brc1c(-c2c(N)onc2-c2occc2)cccc1,,C55334292,,0,0,1,0,0,1,1,1,0,0
O=C1Nc2[nH]nc(C)c2[C@@H](c2cccc3ccccc23)SC1,,C44889671,,0,0,0,0,0,0,0,0,0,0
Brc1ccc(-c2c(N)onc2[C@H]2COCCC2)cc1,,C62238101,,0,0,1,0,0,0,0,0,0,0
O=C1N(C)c2cc(N)ccc2O[C@H]1Cc1c(C)cc(C)cc1,,C62496961,,0,0,0,0,0,0,0,1,0,0
O=C1N(C)c2ccc(N)cc2O[C@H]1Cc1c(C)cc(C)cc1,,C62497013,,0,0,0,0,0,0,0,1,0,0
Brc1ccc2c(C(=O)c3c[nH]nc3)c[nH]c2c1,,C62775714,,0,0,0,0,0,0,0,1,0,0
O(C)c1c([C@H]2NC(=O)c3c(sc4CCCCc34)N2)cccc1,,C00565715,,0,0,0,0,0,0,0,0,0,0
S=C(N)c1c(C)c(C)nnc1N1CCC2(CC1)CCCC2,,C62959543,,0,0,1,0,0,0,0,0,0,0
O=C(NN)/C(/NC(=O)c1ccc(C(C)(C)C)cc1)=C\c1ccc(C(C)(C)C)cc1,,C04226128,,0,0,0,0,0,0,0,0,0,0
S(C/C=C/c1ccccc1)C=1NC(=O)C(NC(=O)c2ccccc2)=C(N)N=1,,C05078190,,0,0,0,0,0,0,0,1,0,0
Oc1c(/C=N/NC(=O)c2ccc(NC(=O)c3cc(C)ccc3)cc2)ccc(O)c1,,C05942912,,0,0,1,1,1,0,0,1,0,0
Clc1c(Cl)ccc(NC(=O)NNC(=O)C(=O)Nc2cc(C)c(C)cc2)c1,,C05951059,,0,0,0,0,0,0,0,1,0,0
Clc1c(/C=C/C(=O)NC(=S)NNC(=O)c2c(O)cccc2)cccc1,,C06884363,,0,0,1,0,0,0,0,0,0,0
Ic1ccc(NCC(=O)N/N=C/c2c(O)cc(O)cc2)cc1,,C01051635,,0,0,1,1,0,0,0,1,0,0
O(CCC(C)C)c1cc([C@H]2C(C#N)=C(N)Oc3cc(N)ccc23)ccc1,,C08846159,,0,0,0,0,0,0,0,0,0,0
S(Cc1nc(N)c2c(sc3CCCCCc23)n1)c1nc(N)c(C#N)cn1,,C10536042,,0,0,1,0,0,0,1,1,0,0
O=C(N)N[C@H](CC(=O)N[C@@H](C)C12CC3CC(C1)CC(C2)C3)c1sccc1,,C14280007,,0,0,0,0,0,0,0,0,0,0
S=C1N(C2CCCCC2)C(=O)C([C@@H]2[NH2+]CCc3c4ccccc4[nH]c23)=C([O-])N1,,C17180926,,0,0,0,0,0,0,0,0,0,0
Clc1c(O)c([C@H]2Nc3ccc(S(=O)(=O)N)cc3[C@@H]3[C@@H]2CC=C3)cc(Cl)c1,,C20701162,,0,0,0,0,0,0,0,0,0,0
S(CC(=O)NC(=O)NC(C)(C)C)c1nc(N)c2c(sc3C[C@@H](C)CCc23)n1,,C23590774,,0,0,1,0,0,0,0,0,0,0
S(=O)(=O)(N=C(N)N)c1ccc(/N=C/c2c3ccccc3nc3ccccc23)cc1,,C17130861,,0,0,1,0,0,0,1,1,0,0
Brc1ccc([C@H](NC(=O)N)CC(=O)Nc2ccc(C(C)C)cc2)cc1,,C36396931,,0,0,0,0,0,0,0,0,0,0
Clc1cc(N(C=O)[C@@H](C(=O)NC(C)(C)C)c2c(O)cc(O)cc2O)ccc1,,C36484044,,0,0,0,0,0,0,0,0,0,0
Clc1c(N(C=O)[C@@H](C(=O)NC(C)(C)C)c2c(O)cc(O)cc2O)cccc1,,C36544372,,0,0,0,0,0,0,0,0,0,0
Oc1c(C(=O)NNC(=O)Nc2c(CC)cccc2)ccc2ccccc12,,C15933752,,0,0,1,0,0,0,0,1,0,0
Oc1c(C(NNC(=O)c2[nH]nc(-c3ccc4CCc5cccc3c45)c2)=C)cccc1,,C05297075,,0,0,0,0,0,0,1,1,0,0
O[C@@H]1N(c2cc(C)c(C)cc2)C(=O)NC(=O)[C@@H]1[C@H]1NCCc2c3ccccc3[nH]c12,,C38555951,,0,0,0,0,0,0,0,0,0,0
O=C(N[C@H](C(C)C)c1[nH]c2cc(C)ccc2n1)C=1NNN(C2CCCCC2)C=1,,C39466153,,0,0,1,0,0,0,0,0,0,0
S=C1NC=2NC=3CC(C)(C)CC(=O)C=3[C@@H](c3ccc(C(C)C)cc3)C=2C(N)=N1,,C08236216,,0,0,0,0,0,1,0,0,0,0
Brc1c(NC(=O)[C@@H](CCC)/C(/N)=N/O)cc(Br)cc1,,C44875075,,0,0,0,0,0,0,0,0,0,0
Fc1c(F)c(F)c(NNC(=O)N[C@H](C)CCc2ccc(O)cc2)c(F)c1F,,C45382955,,0,0,0,0,0,0,0,1,0,0
O=C(N[C@H](C)c1cccc2ccccc12)Nc1c(CC(=O)N)cccc1,,C45725296,,0,0,0,0,0,0,0,1,0,0
O=C(N)Nc1ccc([C@@H](NC(=O)Cc2coc3c(C)c(C)ccc23)C)cc1,,C45834626,,0,0,0,0,0,0,0,0,0,0
S(CC(=O)N)c1c(NC(=O)N[C@@H](C)c2c(C)c3ccccc3o2)cccc1,,C47516550,,0,0,0,0,0,0,0,1,0,0
Brc1c(OC)ccc(COC(=O)c2c(N)cc(N)cc2)c1,,C49600262,,0,0,0,0,0,0,0,1,0,0
Clc1c([C@@H](NC(=O)NNC(=S)NC2CCCC2)C)ccc(Cl)c1,,C49779757,,0,0,0,0,0,0,0,0,0,0
Clc1c(O[C@@H](C)C(=O)Nc2cc(NC(=O)N)ccc2)cc(C)cc1,,C51033194,,0,0,0,0,0,0,0,1,0,0
Nc1c(NNC(C)(C)C)ncnc1N1CCN(c2c(C)c(C)ccc2)CC1,,C54550920,,0,0,0,0,0,0,0,0,0,0
O=C(N)N[C@@H](CC(=O)Nc1ccc2n(CC)c3ccccc3c2c1)c1sccc1,,C11331678,,0,0,0,0,0,0,0,1,0,0
O=C(N)N[C@H](CC(=O)Nc1ccc2n(CC)c3ccccc3c2c1)c1sccc1,,C11331680,,0,0,0,0,0,0,0,1,0,0
Clc1ccc(C2(CNC(=O)Nc3c(CC(=O)N)cccc3)CCCC2)cc1,,C56645071,,0,0,0,0,0,0,0,0,0,0
Oc1ccc(C[C@H](NC(=O)Nc2cc(C(=O)NC(C)(C)C)ccc2)C)cc1,,C56663082,,0,0,0,0,0,0,0,1,0,0
Clc1ccc(C(=O)NNC(=O)NC2[C@H]3C[NH+](C4CC4)C[C@@H]2CCC3)cc1,,C56806571,,0,0,0,0,0,0,0,0,0,0
Clc1c(N)c(Cl)cc(NC(=O)CNC(=O)C23CC4CC(C2)CC(C3)C4)c1,,C57674762,,0,0,0,0,0,0,0,0,0,0
Brc1ccc([C@@H](NC(=O)N)CC(=O)Nc2cccc3ccccc23)cc1,,C58105859,,0,0,0,0,0,0,0,1,0,0
S=C(NNC(=O)c1ccc2[nH]c3CCCCc3c2c1)NCc1ccccc1,,C15873464,,0,0,0,0,0,0,0,0,0,0
Clc1ccc(NC(=O)CSc2n(N)c(-c3c(O)cccc3)nn2)cc1,,C59045389,,0,0,1,0,0,0,0,1,0,0
Clc1c(Cl)cccc1NC(=O)CSc1n(N)c(-c2c(O)cccc2)nn1,,C59045577,,0,0,1,0,0,0,0,1,0,0
Clc1c([C@H]2C(C(=O)N/N=C/c3c(O)cccc3)=C(C)NC(=O)N2)cccc1,,C59385695,,0,0,0,1,0,0,0,0,0,0
S(Cc1ccccc1)c1n(N)c(N/N=C(\C)/c2c(O)cccc2)nn1,,C59829685,,0,0,1,0,0,0,1,1,0,0
O=C(NCc1cc(C(=O)N)ccc1)N[C@H](C1CCCC1)c1sccc1,,C61965755,,0,0,0,0,0,0,0,0,0,0
Brc1c(NC(=O)C2([NH3+])CCCC2)c(C(=O)[O-])cc(Br)c1,,C62825396,,0,0,0,0,0,0,0,0,0,0
Clc1c([C@H](NC(=O)CNc2c(C)ccc(C(=O)N)c2)C)cccc1,,C63888286,,0,0,0,0,0,0,0,1,0,0
O(CC1CCCCC1)c1cc(/C=C(/C#N)\c2nc(N)nc(N)n2)ccc1,,C65999566,,0,0,0,1,0,0,0,1,0,0
Brc1cc(-c2c(C(=O)N)c(C)nc(N)n2)c(OCCC(C)C)cc1,,C66135796,,0,0,1,0,0,1,0,0,0,0
S(=O)(=O)(N)c1cc([C@H](NC(=O)N[C@@H](C)Cc2c(C)cc(C)cc2)C)ccc1,,C66595647,,0,0,0,0,0,0,0,1,0,0
O[C@@]1(CNC(=O)N[C@H](C)c2ccc(NC(=O)CC)cc2)CCCc2ccccc12,,C66924985,,0,0,0,0,0,0,0,0,0,0
O[C@@]1(CNC(=O)Nc2c(C)c(NC(=O)CCC)ccc2)CCCc2ccccc12,,C66952656,,0,0,0,0,0,0,0,1,0,0
O=C1N(c2ccc(N3C(=O)[C@@H]([NH+]4C[C@@H](C)CCC4)CC3=O)cc2)C(=O)C[C@H]1[NH+]1C[C@H](C)CCC1,,C08412134,,0,0,0,0,0,0,0,0,0,0
O=[N+]([O-])c1cccc2C(=O)N(C[NH+]3CC[NH+](C(c4ccccc4)c4ccccc4)CC3)C(=O)c12,,C03345420,,0,0,0,0,0,0,0,0,0,0
BrC=1C=CC2=[NH+][C@@H](C(OC)=O)C(NC(=O)C[NH+]3C[C@@H]4CN5C(=O)C=CC=C5[C@H](C3)C4)=C2C=1,,C38550256,,0,0,0,0,0,0,0,0,0,0
O(CC)C(=O)[C@H]1C(NC(=O)C[NH+]2CCN(c3c(C)c(C)ccc3)CC2)=C2C=C(OC)C=CC2=[NH+]1,,C38591519,,0,0,0,0,0,0,0,0,0,0
O(C)C(=O)[C@H]1C(NC(=O)CC[NH+]2CCN(c3c(OC)cccc3)CC2)=C2C=C(C)C=CC2=[NH+]1,,C38596971,,0,0,0,0,0,0,0,0,0,0
ClC=1C=CC2=[NH+][C@H](C(OC)=O)C(NC(=O)C[NH+]3C[C@@H](C)N(c4cc(OC)ccc4)CC3)=C2C=1,,C38597070,,0,0,0,0,0,0,0,0,0,0
ClC=1C=CC2=[NH+][C@H](C(OC)=O)C(NC(=O)[C@H](C)[NH+]3C[C@@H](C)N(c4cc(OC)ccc4)CC3)=C2C=1,,C38609981,,0,0,0,0,0,0,0,0,0,0
O(CC)C(=O)[C@H]1C(NC(=O)C[NH+]2CCC3(OCCO3)CC2)=C2C=C3OCOC3=CC2=[NH+]1,,C38617839,,0,0,1,0,0,0,0,0,0,0
Fc1c(N2CC[NH+](CC(=O)NC=3[C@H](C(OC)=O)[NH+]=C4C=C(OC)C=CC=34)CC2)cccc1,,C38627170,,0,0,0,0,0,0,0,0,0,0
O(C)C(=O)[C@@H]1C(NC(=O)[C@H](C)[NH+]2CCN(c3c(OC)cccc3)CC2)=C2C=CC(OC)=CC2=[NH+]1,,C38627208,,0,0,0,0,0,0,0,0,0,0
BrC=1C=CC2=[NH+][C@H](C(OC)=O)C(NC(=O)C[NH+]3C[C@@H](C)N(c4cc(OC)ccc4)CC3)=C2C=1,,C38664529,,0,0,0,0,0,0,0,0,0,0
S(=O)(=O)(N(C(=O)c1ccc(C)cc1)c1ccc(OC)cc1)C=1C=CC2=[NH+]C(=O)[NH+]=C2C=1,,C38797281,,0,0,0,0,0,0,1,1,0,0
S(=O)(=O)(/N=C\1/[C@H](NCc2sccc2)[NH+]=C2C=CC=CC2=[NH+]/1)c1cccc2nsnc12,,C38984093,,0,0,1,0,0,0,0,1,0,0
S(=O)(=O)(/N=C\1/[C@@H](NCc2ccc3OCOc3c2)[NH+]=C2C=CC=CC2=[NH+]/1)c1sccc1,,C38984537,,0,0,0,0,0,0,0,1,0,0
S(=O)(=O)(/N=C\1/[C@@H](Nc2ccc3nc(C)sc3c2)[NH+]=C2C=CC=CC2=[NH+]/1)c1ccc2OCCOc2c1,,C38998995,,0,0,1,0,0,0,1,1,0,0
S(=O)(=O)(N(C)C)c1cc([C@@H]2C(/C=C(/C#N)\C3[NH+]=C4C=CC=CC4=[NH+]3)=CN(c3ccccc3)N2)ccc1,,C39143181,,0,0,0,0,0,0,0,0,0,0
S(=O)(=O)(Nc1cc2c(C(=O)C)c(C)oc2c2ccccc12)C=1C=CC2=[NH+]C(=O)[NH+]=C2C=1,,C39143948,,0,0,0,0,0,0,0,1,0,0
O(Cc1ncccc1)[C@H]1C[NH+](C[C@@H]2C(=O)[NH+]=C3C=CC=CC3=C2)CC(=O)N(CC2CCOCC2)C1,,C39344888,,0,0,0,0,0,0,0,0,0,0
S([C@H]1C(=O)[NH+]=C2C=CC=CC2=C1[NH2+]CCc1ccc(OC)cc1)c1oc(-c2occc2)nn1,,C39462390,,0,0,1,0,0,1,0,1,0,0
O(C)C(=O)[C@@H]1C(NC(=O)C[NH+]2C[C@@H](C)N(c3cc(OC)ccc3)CC2)=C2C=C(C)C=CC2=[NH+]1,,C39582250,,0,0,0,0,0,0,0,0,0,0
O=C(NCCC[NH+]1[C@@H](C)CCCC1)[C@H]1C2(CN(C(=O)c3c(-c4noc(C)c4)onc3C)C1)CC[NH2+]CC2,,C39628558,,0,1,1,0,0,1,0,1,0,0
O=C(NCCC=1[C@@H](C)[NH+]=C2C=CC(C#N)=CC=12)[C@H]1C2(CN(C(=O)c3n(C(C)(C)C)nc(C)c3)C1)CC[NH2+]CC2,,C39674805,,0,0,1,0,0,0,0,0,0,0
O=C(NCC1CC[NH+](C2CCCC2)CC1)[C@@H]1C2(CN(C(=O)[C@@H]3Oc4ccccc4OC3)C1)CC[NH2+]CC2,,C39689216,,0,0,0,0,0,0,0,0,0,0
O=C1[C@H]([C@H]([NH+](Cc2occc2)Cc2cnccc2)[C@H]2N(C3CCCCC3)NN=N2)C=C2C=CC(C)=CC2=[NH+]1,,C39699247,,0,0,0,0,0,0,0,0,0,0
O(C)c1c(OC=2N(C)[C@@H]3C(=O)N(C)C(=O)N(C)[C@H]3N=2)ccc(/C=C(\C#N)/C2[NH+]=C3C=CC=CC3=[NH+]2)c1,,C39708626,,0,0,0,0,0,0,0,0,0,0
O(C)CCn1c([C@H](N2CC[NH+]([C@H]3Sc4ccccc4N3)CC2)[C@H]2C(=O)[NH+]=C3C=CC(C)=CC3=C2)nnn1,,C39710198,,0,0,0,0,0,0,0,0,0,0
O=C1[C@H]([C@@H]([NH+](Cc2occc2)Cc2cnccc2)[C@H]2N(C3CCCCC3)NN=N2)C=C2C=C(C)C=CC2=[NH+]1,,C39710244,,0,0,0,0,0,0,0,0,0,0
O(c1cc(/C=C(\C#N)/C2[NH+]=C3C=CC=CC3=[NH+]2)ccc1)C=1N(C)[C@@H]2C(=O)N(C)C(=O)N(C)[C@H]2N=1,,C39770425,,0,0,0,0,0,0,0,0,0,0
BrC=1C=NC2=[NH+][C@@H](/C(=C/c3oc(-c4ccc5C(=O)NC(=O)c5c4)cc3)/C#N)[NH+]=C2C=1,,C39770431,,0,0,0,0,0,0,1,1,0,0
O(c1ccc(/C=C(/C#N)\C2[NH+]=C3C=CC=CC3=[NH+]2)cc1)C=1N(C)[C@H]2C(=O)N(C)C(=O)N(C)[C@H]2N=1,,C39939064,,0,0,0,0,0,0,0,0,0,0
O=C1N(c2ccc(N3C(=O)[C@H]([NH+]4CCCCCC4)CC3=O)cc2)C(=O)C[C@H]1[NH+]1CCCCCC1,,C17155335,,0,0,0,0,0,0,0,0,0,0
O(CC)C(=O)c1c(N2CCN(CC=3[NH+]=C4SC=CN4C(=O)C=3)CC2)c2ccccc2[nH+]c1,,C60268848,,0,0,1,0,0,0,0,1,0,0
O=C(CC[C@H]1C(=O)[NH+]=C2C=CC=CC2=[NH+]1)N1CCN(C(=O)[C@@H]2Oc3ccccc3OC2)CC1,,C39779645,,0,0,0,0,0,0,0,0,0,0
S(CCN1C(N2CCC(C)CC2)=[NH+][C@H]2N(C)C([O-])=NC(=O)[C@@H]12)C1[NH+]=C2C=CC=CC2=[NH+]1,,C63205833,,0,0,0,0,0,0,0,0,0,0
O=C(N[C@@H](C)C(=O)NCCC=1C[NH+]=C2C=CC(OC)=CC=12)C[C@H]1[NH+]=NC(=O)c2ccccc12,,C63279766,,0,0,0,0,0,0,0,0,0,0
O=C(NC1[NH+]=C2C=CC=CC2=[NH+]1)[C@@H]1C(C)(C)S[C@H]2N1C(=O)c1c(OC)c(OC)ccc21,,C63279970,,0,0,0,0,0,0,0,1,0,0
O=C(NC1[NH+]=C2C=CC=CC2=[NH+]1)[C@@H]1CN(C(=O)[C@H]2N3C(=O)c4ccccc4[C@H]3SC2)CCC1,,C63280104,,0,0,0,0,0,0,0,0,0,0
Oc1cc([C@@H]2N(CCC=3C[NH+]=C4C=CC(OC)=CC=34)C(=O)[C@@H]3N=[NH+][C@H](c4ccc(OC)cc4)[C@@H]23)ccc1,,C63296121,,0,0,1,0,0,0,0,0,0,0
O=C(NC1CC(C)(C)[NH2+]C(C)(C)C1)c1c(N2C(=O)[C@@]3(C)N(C2=O)CCC=2[C@@H]3[NH+]=C3C=CC=CC=23)cccc1,,C63362529,,0,0,0,0,0,0,0,0,0,0
O=C(Nc1c([C@@H]2C(=O)[NH+]=C3C=C(C(=O)N4C[C@H](C)N(c5cc(C)ccc5)CC4)C=CC3=[NH+]2)cccc1)C,,C63502517,,0,0,0,0,0,0,0,0,0,0
S(CC1=C(C(OCC)=O)[C@@H](c2c(C)ccc(C)c2)NC(=O)N1)[C@H]1[NH+]=C2N=CC=CC2=[NH+]1,,C63515321,,0,0,1,0,0,0,0,0,0,0
O=C(NCC1[NH+]=C2C=CC=CC2=[NH+]1)[C@H]1NN([C@@H](c2ccccc2)C1)[C@H]1CS(=O)(=O)CC1,,C63694333,,0,0,0,0,0,0,0,0,0,0
S(C[C@H]1C(=O)[NH+]=C2C=CC=CC2=[NH+]1)c1sc(NC(=O)c2c(OCC)cccc2)nn1,,C63751936,,0,0,0,0,0,0,0,1,0,0
FC=1C=CC2=[NH+][C@@H](CN(C)C(=O)COc3nnc(N4CCN(c5[nH+]cccc5)CC4)cc3)C=C2C=1,,C64066881,,0,0,0,0,0,0,0,0,0,0
S(CC(=O)N[C@@H]1ONC(C)=[NH+]1)c1n(c(C=2C[NH+]=C3C=CC=CC=23)nn1)-c1cc(C)ccc1,,C64117587,,0,0,1,0,0,0,0,0,0,0
O=[N+]([O-])c1ccc(C(=O)N[C@H]2N(CCCOC)[C@@H](C)[C@H](C)[C@H]2C2[NH+]=C3C=CC=CC3=[NH+]2)cc1,,C64277711,,0,0,0,0,0,0,0,0,0,0
O=C(NC1[NH+]=C2C=CC=CC2=[NH+]1)C1CCN(C2=NN3[C@H](c4ccccc4)NN=C3C=C2)CC1,,C64435715,,0,0,0,0,0,0,0,1,0,0
S(Cc1nc(CCC(=O)N[C@@H]2SCC(c3ccc(C)cc3)=N2)on1)[C@H]1[NH+]=C2C=C(C)C=CC2=[NH+]1,,C64604228,,0,0,1,0,0,0,0,1,0,0
S(Cc1nc(CCC(=O)N[C@@H]2SCC(c3ccc(C)cc3)=N2)on1)[C@@H]1[NH+]=C2C=C(C)C=CC2=[NH+]1,,C64604233,,0,0,1,0,0,0,0,1,0,0
ClC=1C=CC2=[NH+][C@H](SCc3nc(CCC(=O)Nc4c(OC)ccc(C)c4)on3)[NH+]=C2C=1,,C64604345,,0,0,1,0,0,0,0,1,0,0
O(C)C(=O)[C@@H]1S(=O)(=O)[C@H](C(OC)=O)[C@H](c2cc(OC)c(OC)cc2)[NH2+][C@H]1c1cc(OC)c(OC)cc1,,C04425820,,0,0,0,1,0,0,0,0,0,0
O(C)c1cc(C[NH+](Cc2occc2)[C@H](c2n(C(C)(C)C)nnn2)C=2C(=O)Nc3ccc(OC)cc3C=2)ccc1,,C06015018,,0,0,0,0,0,0,0,0,0,0
Clc1c(N2CCN(C3=C(C(OCC)=O)C=C(C(OCC)=O)C(=O)N3)CC2)[nH+]cc(C(F)(F)F)c1,,C08781916,,0,0,1,0,0,0,0,0,0,0
O(C)CCn1c([C@@H]([NH+](Cc2occc2)Cc2ccccc2)C=2C(=O)Nc3ccc(C)cc3C=2)nnn1,,C06408716,,0,0,0,0,0,0,0,0,0,0
Fc1c(/C=C\2/C(=O)N(CCNC(=O)C[NH+]3CCN(C(OC(C)(C)C)=O)CC3)C(=O)S/2)cccc1,,C09389874,,0,0,0,0,0,0,0,0,0,0
O=[N+]([O-])c1ccc(/C=C/C(=O)N2CC[NH+](CCNC(=O)[C@H]3CN(c4ccccc4)C(=O)C3)CC2)cc1,,C09586375,,0,0,0,0,0,0,0,0,0,0
O(C)C(=O)c1nnn([C@@H]2C[NH+](C/C=C/c3c(OC)cccc3)[C@H](C(=O)NCCc3ccccc3)C2)c1,,C12039220,,0,0,0,0,0,0,0,0,0,0
O(CC)C(=O)[C@@]1(CC)[NH2+][C@H](c2cc(OC)c(OC)cc2)[C@H]2C(=O)N(c3cc(C(=O)C)ccc3)C(=O)[C@H]12,,C12498109,,0,0,0,1,0,0,0,0,0,0
O(C)c1ccc(Cn2c(C[NH+](Cc3occc3)CC=3C(=O)Nc4c(C)cc(C)cc4C=3)nnn2)cc1,,C12833056,,0,0,1,0,0,1,1,1,0,0
O(C)c1ccc2C=C(C[NH+](Cc3n(C4CCCC4)nnn3)Cc3ccc4OCOc4c3)C(=O)Nc2c1,,C12833328,,0,0,1,0,1,1,1,1,0,0
O(C)c1ccc(Cn2c(C[NH+](Cc3occc3)CC=3C(=O)Nc4ccc(OC)cc4C=3)nnn2)cc1,,C12833456,,0,0,1,0,0,1,1,1,0,0
O(C)c1c(C[NH+](Cc2n(C3CCCC3)nnn2)CC=2C(=O)Nc3ccc(OCC)cc3C=2)cccc1,,C12833510,,0,0,1,0,1,1,0,1,0,0
O=C1C(C[NH+](Cc2n(CCc3ccccc3)nnn2)Cc2ccc3OCOc3c2)=Cc2ccc(C)cc2N1,,C13033081,,0,0,1,0,0,1,1,1,0,0
O(CC)C(=O)Cn1c(C[NH+](Cc2ccc(C)cc2)CC=2C(=O)Nc3c(C)ccc(C)c3C=2)nnn1,,C13033455,,0,0,0,0,0,1,0,1,0,0
O=C1C(C[NH+](Cc2n(C(C)(C)CC)nnn2)Cc2sccc2)=Cc2cc3OCCOc3cc2N1,,C13033684,,0,0,1,0,0,0,0,1,0,0
O(C)c1ccc(Cn2c([C@@H]([NH+](Cc3occc3)CC=3C(=O)Nc4cc(C)ccc4C=3)CC)nnn2)cc1,,C13063883,,0,0,0,0,0,1,0,0,0,0
O(C)c1ccc2NC(=O)C(C[NH+](C[C@H]3OCCC3)[C@H](CC)c3n(Cc4occc4)nnn3)=Cc2c1,,C13064176,,0,0,1,0,0,1,0,1,0,0
O(C)c1ccc2NC(=O)C(C[NH+](Cc3sccc3)[C@@H](CC)c3n(Cc4occc4)nnn3)=Cc2c1,,C13064182,,0,0,0,0,0,1,0,1,0,0
Fc1ccc(C[NH+](CC=2C(=O)Nc3cc(OC)ccc3C=2)[C@@H](CC)c2n(CCOC)nnn2)cc1,,C13064360,,0,0,0,0,0,0,0,1,0,0
O(C)c1ccc(C[NH+](Cc2n(Cc3ccccc3)nnn2)CC=2C(=O)Nc3cc4OCOc4cc3C=2)cc1,,C13065375,,0,0,1,0,0,1,1,1,0,0
O=C1C(C[NH+](Cc2n(Cc3ccccc3)nnn2)Cc2sccc2)=Cc2cc3OCOc3cc2N1,,C13065399,,0,0,1,0,0,1,1,1,1,0
O=C1C(C[NH+](Cc2n(C[C@H]3OCCC3)nnn2)Cc2ccc3OCOc3c2)=Cc2cccc(C)c2N1,,C06443520,,0,0,1,0,1,1,1,1,0,0
O=C1C([C@H]([NH+](C[C@H]2OCCC2)Cc2occc2)c2n(C3CCCCC3)nnn2)=Cc2cccc(C)c2N1,,C06443665,,0,0,0,0,0,0,0,0,0,0
O=C1C([C@H]([NH+](Cc2occc2)Cc2ccccc2)c2n(C3CCCC3)nnn2)=Cc2cc3OCOc3cc2N1,,C06446533,,0,0,0,0,0,0,0,0,0,0
O/C(/c1c(C)nc2n1C=CC=C2)=C/1\[C@@H](N(CC[NH+](CC)CC)C(=O)C\1=O)c1cc([N+](=O)[O-])ccc1,,C08837866,,0,0,1,0,0,0,1,0,0,0
O=C1C(C[NH+]([C@@H](CC)c2n(C[C@H]3OCCC3)nnn2)C2CCCCC2)=Cc2cc3OCOc3cc2N1,,C13501213,,0,0,1,0,0,0,0,1,0,0
O(C)C(=O)c1c(C)c(C(OCC)=O)c(NC(=O)C[NH+](C)[C@@H](C)c2ccc(-n3ncnc3)cc2)s1,,C17306264,,0,0,0,0,0,1,0,1,0,0
O/C(/c1oc(C)cc1)=C\1/C(=O)C(=O)N(CCC[NH+]2CCOCC2)[C@]2/1C(=O)N(CCC)c1ccccc21,,C09329283,,0,0,0,0,0,0,0,0,0,0
O[C@@H](COc1ccc2OCOc2c1)CN1CC[NH+](CCN2C(=O)c3cccc4cccc(C2=O)c34)CC1,,C19790803,,0,0,0,0,0,0,0,0,0,0
O(C)CCn1nc(C(=O)NC[C@@H]2[NH+](CC)CCC2)c2CN(Cc3c(C)nc4SC=Cn34)CCc12,,C14539257,,0,1,1,0,0,0,1,1,0,0
S(=O)(=O)(NC[C@@H](N1CC[NH+](C)CC1)c1ccc2N(C)CCCc2c1)c1ccc([N+](=O)[O-])cc1,,C21775308,,0,0,0,0,0,0,0,1,0,0
S(=O)(=O)(NC[C@@H](N1CC[NH+](C)CC1)c1ccc2N(C)CCCc2c1)c1c(C)ccc([N+](=O)[O-])c1,,C21775394,,0,0,0,0,0,0,0,1,0,0
S(=O)(=O)(N1C[C@@H](C)CCC1)c1cc([N+](=O)[O-])c(N2CC[NH+]([C@@H](C)C(=O)NC3CC3)CC2)cc1,,C22196010,,0,0,0,0,0,0,0,0,0,0
O=[N+]([O-])c1ccc2N(CCCC(=O)Nc3scc(C[NH+]4C[C@@H](C)C[C@H](C)C4)n3)C(=O)Oc2c1,,C22325213,,0,0,1,0,0,0,0,1,0,0
S(=O)(=O)(N1C(=O)N(CC(=O)NCCC[NH+]2[C@H](C)CCCC2)c2ccccc12)c1ccc(OC)cc1,,C35492667,,0,0,0,0,0,0,0,1,0,0
O(C)CC(=O)N1CC[NH+](CC=2N(CC=C)C(=O)N[C@H](c3c(C)cccc3)C=2C(OCC)=O)CCC1,,C35665427,,0,0,0,0,0,0,0,0,0,0
O=[N+]([O-])c1ccc(C(=O)N2CCN([C@@H](C(=O)NCCC[NH+]3[C@@H](C)CCCC3)C3CCCC3)CC2)cc1,,C36256999,,0,0,0,0,0,0,0,0,0,0
O=C(NCC[NH+]1CCCC1)[C@@H](C)N1C(=O)COc2ccc(C(=O)COc3cc(OC)ccc3)cc12,,C37511313,,0,0,0,0,0,0,0,1,0,0
S(=O)(=O)(N1CCC(C(=O)NCCC[NH+]2C[C@@H](C)CCC2)CC1)N1CCC2(OCCO2)CC1,,C08812536,,0,0,0,0,0,0,0,0,0,0
O(CC)C(=O)Cn1c([C@H]([NH+](Cc2sccc2)CC=2C(=O)Nc3ccc(C)cc3C=2)C(C)C)nnn1,,C13151173,,0,0,0,0,0,0,0,0,0,0
S(=O)(=O)(N1CCN(C)CC1)c1cc([N+](=O)[O-])c(NC[C@@H]([NH+](C)C)c2ccc(OC)cc2)cc1,,C12696593,,0,0,0,0,0,0,0,1,0,0
BrC=1C=CC2=[NH+][C@@H](C(OCC)=O)C(NC(=O)CCN3CCN(C(OCC)=O)CC3)=C2C=1,,C38625916,,0,0,0,0,0,0,0,0,0,0
S(=O)(=O)(N(CCCO)C[C@H]1C(=O)[NH+]=C2C=C3OCCOC3=CC2=C1)c1c(C(OC)=O)cccc1,,C39325070,,0,0,0,0,0,0,0,0,0,0
Clc1c(S(=O)(=O)N(OC)C)cc(C(=O)NCc2c[nH+]c(N3C[C@@H](C)O[C@H](C)C3)cc2)cc1,,C46792136,,0,0,0,0,0,0,0,0,0,0
S(CC)C1=NSC=2N1C(=[NH2+])/C(=C/c1cc(OC)c(OCCOc3c(OC)cccc3)cc1)/C(=O)N=2,,C20114657,,0,0,0,1,0,0,1,1,0,0
Clc1ccc(N(S(=O)(=O)c2ccc(OCC)cc2)CC(=O)/N=N/C=2[C@@H](O)[NH+]=C3C=CN=CC=23)cc1,,C52627261,,0,0,1,0,0,0,0,1,0,0
S(=O)(=O)(N(C)C)c1cc(NC(=O)[C@@H](C)[NH+]2C[C@@H](CN(C)C(=O)OC(C)(C)C)CCC2)ccc1,,C60343188,,0,0,0,0,0,0,0,0,0,0
S(=O)(=O)(N(CC)CC)c1ccc(NC(=O)CSc2oc(C=3C[NH+]=C4C=CC=CC=34)nn2)cc1,,C63873781,,0,0,1,0,0,0,0,1,0,0
S(=O)(=O)(NC[C@H](c1ccc(OC)cc1)C=1C[NH+]=C2C=CC=CC=12)c1cc(-n2nnnc2)ccc1,,C63974562,,0,0,0,0,0,1,1,1,0,0
O=C(NCCC=1C[NH+]=C2C=CC(OC)=CC=12)[C@@H](CC)N1C(=O)c2c(C)n(-c3ccccc3)nc2C(C)=N1,,C64507229,,0,0,0,0,0,0,1,0,0,0
O=C1N(c2ccc(N3C(=O)[C@@H]([NH2+]CC4CCCCC4)CC3=O)cc2)C(=O)C[C@H]1[NH2+]CC1CCCCC1,,C08412412,,0,0,0,0,0,0,0,0,0,0
O(C)C(=O)C=1C(OC[C@H]2C[NH+](C)CCC2)=CC(=O)N2CC[NH+](Cc3c(OCC=C)cccc3)CCC=12,,C12099811,,0,0,1,0,0,0,0,0,0,0
O=C(C[C@@H]1[NH+](C)CCc2cc3OCOc3c(OC)c12)C[C@H]1[NH+](C)CCc2cc3OCOc3c(OC)c12,,C12660551,,0,0,0,0,0,0,0,0,0,0
Oc1c(C[NH+]2CCN(C=3NC(=O)C=C(CN4CC[NH+](C5CCCCC5)CC4)N=3)CCC2)cccc1,,C35564780,,0,0,1,0,0,0,0,1,0,0
O(CC)C(=O)[C@H]1C(NC(=O)C[NH+]2CCN(C3c4ccccc4-c4ccccc34)CC2)=C2C=C(OC)C=CC2=[NH+]1,,C38573971,,0,0,0,0,0,0,0,0,0,0
FC(F)(F)c1cc(C2(O)CC[NH+](CC(=O)NC=3[C@H](C(OCC)=O)[NH+]=C4C=CC(OC)=CC=34)CC2)ccc1,,C38591542,,0,0,0,0,0,0,0,0,0,0
BrC=1C=CC2=[NH+][C@H](C(OC)=O)C(NC(=O)[C@@H](C)[NH+]3CCN(c4c(OC)cccc4)CC3)=C2C=1,,C38609930,,0,0,0,0,0,0,0,0,0,0
BrC=1C=CC2=[NH+][C@@H](C(OC)=O)C(NC(=O)[C@H](C)[NH+]3CCN(c4c(OC)cccc4)CC3)=C2C=1,,C38609933,,0,0,0,0,0,0,0,0,0,0
Fc1c(N2CC[NH+](CC(=O)NC=3[C@H](C(OCC)=O)[NH+]=C4C=CC(OCC)=CC=34)CC2)cccc1,,C38685617,,0,0,0,0,0,0,0,0,0,0
O(C)C(=O)[C@@H]1C(NC(=O)[C@H](C)[NH+]2CCN(c3c(OC)cccc3)CC2)=C2C(OC)=CC=CC2=[NH+]1,,C38696187,,0,0,0,0,0,0,0,0,0,0
S(=O)(=O)(Nc1c(C(=O)N(C)Cc2ccc(C(=O)NC)cc2)cccc1)C=1C=CC2=[NH+]C(=O)[NH+]=C2C=1,,C38778990,,0,0,0,0,0,0,1,1,0,0
S(=O)(=O)(/N=C\1/[NH+]=C2C=CC=CC2=[NH+]C/1)c1ccc(N/C=C/C(=O)c2ccc3OCOc3c2)cc1,,C38903559,,0,0,0,0,0,0,0,1,0,0
S(=O)(=O)(/N=C\1/[C@@H](Nc2cc(OC)c(OC)cc2)[NH+]=C2C=CC=CC2=[NH+]/1)c1c(C)cc(C)cc1,,C38965689,,0,0,0,1,0,0,0,0,0,0
Clc1c([N+](=O)[O-])cc(N[C@@H]2/C(=N/S(=O)(=O)c3ccc(OC)cc3)/[NH+]=C3C=CC=CC3=[NH+]2)cc1,,C38979525,,0,0,0,0,0,0,0,0,0,0
Brc1c(C(=O)N2C[C@@H](C(=O)NCC(C)(C)C[NH+](C)C)C3(C2)CC[NH2+]CC3)n(CC)nc1C,,C39630936,,0,0,1,0,0,0,0,0,0,0
O=C(C)N1CCC(C(=O)N2C[C@@H](C(=O)NCC[NH+](C(C)C)C(C)C)C3(C2)CC[NH2+]CC3)CC1,,C39634791,,0,0,0,0,0,0,0,0,0,0
O(C)C=1C=CC2=C[C@H](C[NH+](Cc3n(Cc4ccccc4)nnn3)Cc3ccccc3)C(=O)[NH+]=C2C=1,,C39697418,,0,0,1,0,0,1,1,1,0,0
O=C1[C@@H]([C@H](N2CC[NH+](C3CCCCC3)CC2)[C@H]2N(C(C)(C)C)NN=N2)C=C2C=C(CC)C=CC2=[NH+]1,,C39699211,,0,0,0,0,0,0,0,0,0,0
O=C1[C@H]([C@@H]([NH+](C[C@H]2OCCC2)Cc2occc2)[C@@H]2N(C(C)(C)CC)NN=N2)C=C2C=CC=C(C)C2=[NH+]1,,C39699298,,0,0,0,0,0,0,0,0,0,0
O=C1[C@@H]([C@H]([NH+](Cc2sccc2)Cc2occc2)[C@H]2N(C(C)(C)C)NN=N2)C=C2C=C(CC)C=CC2=[NH+]1,,C39710559,,0,0,0,0,0,0,0,0,0,0
Fc1ccc(C[NH+](Cc2occc2)[C@@H]([C@H]2N(C(C)(C)C)NN=N2)[C@@H]2C(=O)[NH+]=C3C=C(C)C=CC3=C2)cc1,,C39710714,,0,0,0,0,0,0,0,0,0,0
FC(F)(F)c1cc(N2CC[NH+]([C@@H]([C@H]3N(C(C)(C)C)NN=N3)[C@@H]3C(=O)[NH+]=C4C(C)=CC=CC4=C3)CC2)ccc1,,C39710798,,0,0,0,0,0,0,0,0,0,0
O=C1[C@H]([C@H]([NH+](C[C@H]2OCCC2)Cc2sccc2)[C@H]2N(C3CCCCC3)NN=N2)C=C2C=CC=C(C)C2=[NH+]1,,C39710964,,0,0,0,0,0,0,0,0,0,0
O=C1[C@H]([C@@H]([NH+](Cc2sccc2)Cc2occc2)[C@H]2N(C(C)(C)C)N=NN2)C=C2C=C(C)C=C(C)C2=[NH+]1,,C39711077,,0,0,0,0,0,0,0,0,0,0
O=C1[C@H]([C@H]([NH+](Cc2occc2)Cc2cnccc2)[C@H]2N(C3CCCCC3)N=NN2)C=C2C(C)=CC(C)=CC2=[NH+]1,,C39711130,,0,0,0,0,0,0,0,0,0,0
Clc1cc(N2CC[NH+]([C@@H]([C@H]3N(C(C)(C)C)NN=N3)[C@H]3C(=O)[NH+]=C4C=C(OC)C=CC4=C3)CC2)c(C)cc1,,C39711372,,0,0,0,0,0,0,0,0,0,0
O(CC)C=1C=CC2=[NH+]C(=O)[C@@H]([C@@H]([NH+]3CCN(c4c(C)c(C)ccc4)CC3)[C@H]3N(C(C)(C)C)NN=N3)C=C2C=1,,C39711424,,0,0,0,0,0,0,0,0,0,0
S(CC(=O)N1CCN(c2[nH+]cccc2)CC1)[C@H]1N(C2CC2)C(C=2C[NH+]=C3C=CC=CC=23)=NN1,,C39777015,,0,0,0,0,0,0,0,0,0,0
ClC=1C=CC2=[NH+]C(=O)[C@@H](/C(=N\NC(=O)c3ccc([N+](=O)[O-])cc3)/[C@@H](O)[C@H](O)CO)[NH+]=C2C=1,,C40151337,,0,0,0,0,0,0,0,0,0,0
O=C(N(Cc1ccc(-c2ncc(C[NH2+]CCC)cc2)cc1)[C@H](C)C[NH+](C)C)c1c(C)nn(-c2ccccc2)n1,,C45201781,,0,0,0,0,0,0,0,0,0,0
S(=O)(=O)(C)c1ccc(C[NH+]2CC[C@H]3[NH+](C)[C@@H](CCC(=O)NCc4sccc4)CNC(=O)[C@@H]23)cc1,,C22923121,,0,0,0,0,0,0,0,0,0,0
S(=O)(=O)(N1[C@@H](C)CN(C(=O)c2ccccc2)CC1)C=1C[NH+]=C2C(n3nnc(C[NH+](C)C)c3)=NC=CC=12,,C52636760,,0,0,1,0,0,0,0,1,0,0
O[C@H](COc1ccc(OC[C@@H](O)CN2CCN(c3[nH+]cccc3)CC2)cc1)CN1CCN(c2[nH+]cccc2)CC1,,C00820863,,0,0,0,0,0,0,0,0,0,0
O(C)c1cc([C@@H]2[NH+]=N[C@@H]3C(=O)N(CCC=4C[NH+]=C5C=CC(OC)=CC=45)[C@@H](c4ccc(OC)cc4)[C@@H]23)ccc1,,C63303037,,0,0,0,0,0,0,0,0,0,0
Brc1ccc(N2[C@H](SCC(=O)NCCC=3C[NH+]=C4C=C(OC)C=CC=34)N[NH2+]N2)cc1,,C63478458,,0,0,0,0,0,0,0,1,0,0
Clc1ccc(OCCN2CCN(S(=O)(=O)C=3C(C)=CC4=[NH+]C(=O)C(=O)[NH+]=C4C=3)CC2)cc1,,C20557954,,0,0,0,0,0,0,0,1,0,0
O=C(NCCCC1[NH+]=C2C=CC=CC2=[NH+]1)C1CCN([C@H]2S[C@@H](N3C(=O)CCCC3)N=N2)CC1,,C63666903,,0,0,0,0,0,0,0,0,0,0
Clc1cc(NC(=O)CS[C@@H]2[NH+]=C3C=CC=CC3=C3[NH+]=C(CCC=4[C@H](C)N=NC=4C)NN23)c(OC)cc1,,C63708282,,0,0,0,0,0,0,0,0,0,0
O(C)C(=O)[C@@H]1N(CCC=2C[NH+]=C3C=CC=CC=23)c2[nH+]cc(NCC(C)(C)C)cc2[C@H]1NC(=O)[C@H]1COCC1,,C63985792,,0,0,0,0,0,0,0,0,0,0
O(C)CCC(=O)N[C@@H]1[C@@H](C(OC)=O)N(CCC=2C[NH+]=C3C=CC=CC=23)c2[nH+]cc(NC3CCC3)cc12,,C63985848,,0,0,0,0,0,0,0,0,0,0
O(C)CCC(=O)N[C@H]1[C@H](C(OC)=O)N(CCC=2C[NH+]=C3C=CC=CC=23)c2[nH+]cc(NCCC)cc12,,C63993815,,0,0,0,0,0,0,0,0,0,0
O(C)C(=O)CN1C(=O)N(CCc2ccccc2)C2(C1=O)CC[NH+](CC=1C[NH+]=C3C=CC=CC=13)CC2,,C63994157,,0,0,0,0,0,0,0,0,0,0
O(C)C(=O)[C@H]1N(CCC=2C[NH+]=C3C=CC=CC=23)c2[nH+]cc(NC3CCOCC3)cc2[C@H]1NC(=O)C,,C63994207,,0,0,0,0,0,0,0,0,0,0
FC=1C=CC2=[NH+][C@@H](CNC(=O)C[C@]3(c4ccc(OC)cc4)C(=O)N(C4CCCC4)C(=O)C3)[NH+]=C2C=1,,C64040666,,0,0,0,0,0,0,0,0,0,0
Fc1c([C@]2(CC(=O)N(C)CC3[NH+]=C4C=C(C)C(C)=CC4=[NH+]3)C(=O)N(CCOC)C(=O)C2)cccc1,,C64066791,,0,0,0,0,0,0,0,0,0,0
O=[N+]([O-])c1c(N[C@@H](C)C=2C=CC3=[NH+]C(=O)[NH+]=C3C=2)ccc(C(=O)Nc2ccc3ccccc3c2)c1,,C64104170,,0,0,0,0,0,0,1,1,0,0
Clc1cc(N2[C@@H](SCC(=O)NCCC=3C[NH+]=C4C=C(OC)C=CC=34)N[NH2+]N2)c(C)cc1,,C64197642,,0,0,0,0,0,0,0,1,0,0
S(=O)(=O)(Nc1ccc(C(O[C@@H](C)C(=O)NC2CCCCC2)=O)cc1)C=1C=CC2=[NH+]C(=O)[NH+]=C2C=1,,C64230989,,0,0,0,0,1,0,1,1,0,0
Oc1c(OC)cc([C@H]2[NH+](CC(=O)N[C@@H](CC=3C[NH+]=C4C=CC=CC=34)C(OC)=O)CC[C@@]3(O)CCCC[C@H]23)cc1,,C64427071,,0,0,0,1,0,0,0,0,0,0
O=C(NCCC1[NH+]=C2C=CC=CC2=[NH+]1)[C@@H]1[C@H](CCC)N(Cc2ccc3OCOc3c2)C(C)=CC1=O,,C64636588,,0,0,0,0,0,0,0,0,0,0
O(CC)C(=O)c1c(NC(=O)C=2Oc3ccccc3C(=O)C=2)sc2C[NH+](C)CCc12,,C04223454,,0,1,1,0,0,0,0,1,0,0
O[C@]1(CC(=O)c2ccc3OCCOc3c2)C(=O)N(C[NH+]2CCCCC2)c2ccccc12,,C02354007,,0,0,0,0,0,0,0,1,0,0
[NH+](C)(C)CCNc1ncnc2c1oc1nc(C(C)C)c3COC(C)(C)Cc3c21,,C02365643,,0,0,1,0,0,1,0,1,0,0
Clc1cc(NC(=O)C[NH+]2CCN(S(=O)(=O)N3CCC(C)CC3)CC2)c(C)cc1,,C04988280,,0,0,0,0,0,0,0,0,0,0
O(C)C(=O)c1c(NC(=O)C=2C(=O)Oc3ccccc3C=2)sc2C[NH+](C(C)C)CCc12,,C08793147,,0,0,1,0,0,0,1,1,0,0
S(C)c1ccc([C@H]2[NH+]=C(N3CCN(c4ccccc4)CC3)NC=3N2C(=O)C=C(C)N=3)cc1,,C09264601,,0,0,0,0,0,0,0,0,0,0
ClC1=Cn2c(C[NH+](C)Cc3[nH]ccn3)c(C(=O)N3CCc4ccccc4C3)nc2C=C1,,C12204027,,0,0,0,0,0,1,1,1,0,0
O=CN1CCN(C(=O)C[C@H]2[NH+](Cc3ccc(-c4ccccc4)cc3)CCNC2=O)CCC1,,C12386918,,0,0,0,0,0,0,0,0,0,0
O=C1C([C@H]([NH+]2CCc3ccccc3C2)c2n(C(C)(C)C)nnn2)=Cc2cccc(C)c2N1,,C06443597,,0,0,0,0,0,0,0,0,0,0
Clc1c(S(=O)(=O)N2CCC([NH+]3CCCCC3)CC2)cc2OCC(=O)Nc2c1,,C15677170,,0,0,0,0,0,0,0,0,0,0
O(CC)c1cc(N2C(=O)[C@H]([NH+]3CCC(c4[nH]c5ccccc5n4)CC3)CC2=O)ccc1,,C20177803,,0,0,1,0,0,0,0,0,0,0
O=C1N(CC(C)C)C2(C(=O)N1C1Cc3ccccc3C1)CCN(Cc1c(C)[nH]c[nH+]1)CC2,,C14749573,,0,0,0,0,0,0,0,0,0,0
O=C(N(C)Cc1c(C)nc2n1C=CC=C2)C[C@@H]1[NH+](C2CCCC2)CCNC1=O,,C20877552,,0,1,1,0,0,0,0,1,0,0
O=C(NC1CCCCCC1)[C@@]1(C)N(CC[NH+]2CCCC2)C(=O)c2n(C1)c1ccoc1c2,,C21811820,,0,0,0,0,0,0,0,0,0,0
O=C(Nc1n(C2CCCCC2)c(C)c(C)c1C#N)C[NH+]1[C@@H](C(=O)N(C)C)CCC1,,C22014738,,0,0,0,0,0,0,0,0,0,0
O=C(Nc1scc(C[NH+]2C[C@H](C)C[C@@H](C)C2)n1)CN1C(=O)Oc2ccccc12,,C22293215,,0,0,1,0,0,0,1,1,0,0
Brc1ccc(CONc2c(CC)c[nH+]c3N(C)C(=O)N(C)C(=O)c23)cc1,,C12309579,,0,0,1,0,0,0,0,1,0,0
Clc1c(CONc2c(C(C)C)c[nH+]c3N(C)C(=O)N(C)C(=O)c23)c(F)ccc1,,C12310008,,0,0,1,0,0,0,0,1,0,0
O(C)c1ccc([C@@H](CN2C(=O)c3sc4SCC(=O)Nc4c3N=C2)[NH+]2CCCC2)cc1,,C32624547,,0,0,0,0,0,1,1,1,1,0
O=C(NC1CCCCC1)CN1C(N2CC[NH+](CC)CC2)=Nc2sc3CCCc3c2C1=O,,C34747679,,0,0,0,0,0,0,0,0,0,0
O=C(NC(C)C)C[NH+]1CCN2[C@@H]([C@H](C(=O)N3C[C@H](C)O[C@@H](C)C3)Cc3ccccc23)C1,,C35554775,,0,0,0,0,0,0,0,0,0,0
O=C(N[C@H]1[C@@H](C)CCCC1)[C@@]1(C)N(CC[NH+]2CCCC2)C(=O)c2n(C1)c1ccoc1c2,,C37443419,,0,0,0,0,0,0,0,0,0,0
BrC=1C=CC2=[NH+][C@H](C(OC)=O)C(NC(=O)CN3C[C@H](C)O[C@@H](C)C3)=C2C=1,,C38604007,,0,0,0,0,0,0,0,0,0,0
O=C(Nc1ccc2OCOc2c1)C[NH+]1CCC2(Oc3ccccc3C(=O)C2)CC1,,C39226905,,0,0,1,0,0,0,0,1,0,0
Clc1c(NC(=O)COC(=O)C=2CC(=O)[NH+]=C3C=CC=CC=23)nc(C)c(Cl)c1,,C39730267,,0,0,0,0,0,0,0,1,0,0
O=C1N2C[C@H]3C[NH+](Cc4nc(NCc5oc(C)cc5)c5ccccc5n4)C[C@H](C3)C2=CC=C1,,C43641774,,0,0,0,0,0,0,0,0,0,0
O=C(NCc1c[nH+]c(N2CCCCCC2)cc1)CN1C(=O)C=Nc2ccccc12,,C48356126,,0,0,1,0,0,0,0,1,0,0
O=C(/N=C\1/SC=2C[NH+](Cc3ccccc3)CCC=2N/1)CN1C(=O)c2ccccc2N=C1,,C49573722,,0,0,1,0,0,0,1,1,0,0
S(CC)C1=NSC=2N1C(=[NH2+])/C(=C/c1c(C)n(c(C)c1)-c1ccc(OC)cc1)/C(=O)N=2,,C20114729,,0,0,0,0,0,0,1,0,0,0
O=C(/N=C\1/S[C@H]2CCCC[C@H]2N/1)CCCC(=O)N1CCN(c2[nH+]cccc2)CC1,,C41127878,,0,0,0,0,0,0,0,0,0,0
FC(F)(F)[C@@H]1N2NC=C(C(=O)N(C)Cc3c(C)n(C)nc3C)C2=[NH+][C@H](c2ccccc2)C1,,C13124024,,0,0,0,0,0,0,0,0,0,0
Fc1c(N2CCN(C(=O)CNC(=O)N3CCC=4[C@H]([NH+]=C5C=CC=CC=45)C3)CC2)cccc1,,C63367776,,0,0,0,0,0,0,0,0,0,0
O=C1N(C)c2ccccc2[C@@]21N[C@H](CC=1C[NH+]=C3C=CC=CC=13)[C@H]1C(=O)N(C(C)C)C(=O)[C@@H]21,,C63514576,,0,0,0,0,0,0,0,0,0,0
FC=1C=CC2=[NH+]CC(CCN3C(=O)C[C@H](C(=O)Nc4ccc5OCCOc5c4)C3)=C2C=1,,C63557317,,0,0,0,0,0,0,0,0,0,0
O=C(N1CCN(C(=O)[C@H]2NSc3ccc(C)cc23)CC1)[C@H]1[NH+]=C2C=C(OC)C=CC2=C1,,C63619955,,0,0,0,0,0,0,0,0,0,0
O=C1N(c2ccc3OCCOc3c2)C=CN=C1NCCC=1C[NH+]=C2C=CC=CC=12,,C63648724,,0,0,1,1,0,1,0,1,0,0
O=C(CN1C(C)(C)C(=O)NC1=O)N1[C@@H](C(C)C)[C@@H]2[NH+]=C3C=CC=CC3=C2CC1,,C63847679,,0,0,0,0,0,0,0,0,0,0
Fc1c([C@@H]2N(C(=O)[C@@H]3NN(C)C(=O)C=C3)CCC=3[C@H]2[NH+]=C2C=CC=CC=32)ccc(OC)c1,,C64006946,,0,0,0,0,0,0,0,0,0,0
Fc1c([C@@H]2N(C(=O)C3=CNN4[C@@H]3N=CC=C4)CCC=3[C@H]2[NH+]=C2C=CC=CC=32)ccc(OC)c1,,C64074246,,0,0,0,0,0,0,0,0,0,0
O=C(N1CCN([C@@H]2NN(c3ccccc3)C(=O)C=C2)CC1)[C@@H]1[NH+]=C2C=CC=CC2=C1,,C64502972,,0,0,0,0,0,0,0,0,0,0
S(=O)(=O)(NC1CCN(C(=O)[C@@H]2[NH+]=C3C=CC=CC3=C2)CC1)c1ccc(OC)cc1,,C64518969,,0,0,0,0,0,0,0,0,0,0
O=C1N(Cc2nc(CC=3C[NH+]=C4C=CC=CC=34)on2)[C@H](CC)Nc2ccccc12,,C64659819,,0,0,0,0,0,0,0,0,0,0
Brc1cc(C(=O)N(C)CCC=2N[C@@H]([C@@H]3[NH+]=C4C=CC(C)=CC4=C3)ON=2)cnc1,,C64678554,,0,0,1,0,0,0,0,0,0,0
O=C(NC1CC[NH+]([C@H](C)c2oc(-c3ccccc3)nn2)CC1)c1c(C)ncs1,,C65262380,,0,0,1,0,0,0,0,1,0,0
S(=O)(=O)(C)N1C[C@@H](NC(=O)N2CC[NH+](CC3CCCCC3)CC2)CCC1,,C65461116,,0,0,0,0,0,0,0,0,0,0
O(C)C(=O)[C@]1(C(C)C)N[C@H](c2cc[nH+]c3ccccc23)[C@@H]2C(=O)N(C)C(=O)[C@H]12,,C65536252,,0,0,0,0,0,0,0,0,0,0
O=C(NCCC(=O)N1C[C@@H](C)CCC1)N(C)C1CC[NH+](C2CCOCC2)CC1,,C66193283,,0,0,0,0,0,0,0,0,0,0
Brc1cc(S(=O)(=O)N[C@H]2C[NH+](C(C)C)CC2)cc([N+](=O)[O-])c1,,C66576562,,0,0,0,0,0,0,0,0,0,0
Clc1ccc(-n2ncc(C(=O)Nc3n(C4CC[NH+](CC)CC4)ncc3)c2)cc1,,C66663119,,0,0,1,0,0,1,1,1,0,0
O=C(N1C[C@H]([NH+](C)C)Cc2ccccc12)c1ccc2C(=O)N(CC)C(=O)Nc2c1,,C67206402,,0,0,1,0,0,0,1,0,0,0
Oc1c(OC)cc([C@@H]2C(C(O[C@H](C)CC)=O)=C(C)NC(=O)N2)cc1OC,,C00781276,,0,0,0,0,0,0,0,0,0,0
OCc1cnc(C)c2O/C(=N\c3ccc(C(OCC)=O)cc3)/C(C(=O)N)=Cc12,,C02952882,,0,0,1,0,0,0,1,1,0,0
O=C(N)c1nc(-c2ccccc2)nc2N(c3c(OCC)cccc3)C(=O)Nc12,,C04940461,,0,0,1,0,1,0,1,1,0,0
O(CC(=O)NC(=O)N)C(=O)c1c(COc2ccccc2)c2ccccc2o1,,C03530418,,0,0,0,0,0,0,0,1,0,0
OCCNc1c(C(O[C@H](C)C(=O)N2CC(=O)Nc3ccccc23)=O)cccc1,,C07131831,,0,0,0,0,0,0,0,0,0,0
O([C@@H](C(=O)NC(=O)NC)c1ccccc1)C(=O)c1n[nH]c(-c2ccccc2)c1,,C07028375,,0,0,0,0,0,0,0,0,0,0
S([C@@H](C)C(=O)Nc1c(OCC)cccc1)c1n(N)c(-c2occc2)nn1,,C07450006,,0,0,1,0,0,0,1,1,0,0
O=[N+]([O-])c1c(O[C@H](C)C(=O)Nc2c(C(=O)N)c(CC)c(C)s2)cccc1,,C10149375,,0,0,0,0,0,0,0,1,0,0
S(Cc1ccc(C(=O)N/N=C/c2cc(O)c(O)cc2)cc1)c1n(C)cnn1,,C03225530,,0,0,1,1,0,0,0,1,0,0
S([C@@H](C(=O)NC(=O)N)c1ccccc1)c1n(-c2c(C)c(C)ccc2)nnn1,,C15513248,,0,0,1,0,0,0,0,1,0,0
S(CC(=O)NC(=O)Nc1c(C)c(C)ccc1)C=1N(CCCC)C(=O)NN=1,,C16668367,,0,0,1,0,1,0,0,1,0,0
S([C@@H](CC)C(=O)Nc1noc(C)c1)c1n(N)c(-c2ccc(C)cc2)nn1,,C16701275,,0,0,0,0,0,0,1,1,0,0
S(Cc1cc(C)ccc1)c1n(N)c(N/N=C/c2cn(C(C)C)nc2)nn1,,C20827632,,0,0,1,0,0,0,0,1,0,0
O(CC)C(=O)c1c(N)n(-c2ncc(C(=O)Nc3c(C)c(C)ccc3)cc2)nc1,,C21775022,,0,0,0,0,0,0,0,1,0,0
S([C@H](C(=O)NC(=O)N)c1ccccc1)c1n(CC=C)c(-c2occc2)nn1,,C25353619,,0,0,0,0,0,0,0,1,0,0
O([C@H](C)C(=O)NC(=O)NC1CCCCC1)C(=O)[C@@H](NC(=O)C(C)(C)C)C,,C29681443,,0,0,0,0,0,0,0,0,0,0
O(CC=C)C(=O)C=1[C@@H](c2c(OCC)cccc2)C=2C(=O)NC(=O)NC=2NC=1C,,C32655090,,0,0,0,0,0,0,0,0,0,0
S=C(NC(=O)/C=C/c1c(OC)cccc1)Nc1c(O)ccc([N+](=O)[O-])c1,,C34721601,,0,0,0,0,0,0,0,0,0,0
O=[N+]([O-])c1ccc(CC(=O)NN/C(/C)=C\C(=O)Nc2ccccc2)cc1,,C03067927,,0,0,0,0,0,0,0,1,0,0
S=C(NC(=O)COc1cc(C)ccc1)Nc1c(O)ccc([N+](=O)[O-])c1,,C35296726,,0,0,1,0,0,0,0,1,0,0
Clc1nc(NNC(=O)[C@H](Oc2ccccc2)C)nc(NC(C)C)n1,,C00857316,,0,0,1,0,0,0,0,1,0,0
O([C@@H](C)C(=O)Nc1n(C(C)C)ncc1)C(=O)c1ccc2nc(N)sc2c1,,C23741649,,0,1,1,1,0,0,1,1,0,0
O=C(N)C=1[C@H](c2c(OCc3c(C)cccc3)cccc2)n2nnnc2NC=1C,,C40923420,,0,0,0,0,0,0,0,0,0,0
O=C(NNC(=O)c1c(C)c2ccccc2o1)NC[C@H](C)Cn1c(C)cc(C)n1,,C47096445,,0,0,1,0,0,0,0,1,0,0
Clc1cc(C)c(O[C@H](C)C(=O)NNC(=O)Nc2cn(CC)nc2)c(C)c1,,C48351770,,0,0,1,0,0,0,0,0,0,0
O=[N+]([O-])c1ccc(CCNC(=O)N(C)Cc2cc(C(=O)N)ccc2)cc1,,C54644244,,0,0,0,0,0,0,0,1,0,0
O=C(NN1C(=O)C2(NC1=O)CCCCC2)CNc1c(OC(C)C)cccc1,,C55843559,,0,0,0,0,0,0,0,0,0,0
FC(F)Oc1c(NC(=O)NCc2cc(O)ccc2)cc([N+](=O)[O-])cc1,,C56636470,,0,0,1,1,0,0,0,1,0,0
O=[N+]([O-])c1cc(C(=O)NNC(=O)N[C@H](CC)c2sccc2)ccc1,,C57245319,,0,0,0,0,0,0,0,1,0,0
Clc1oc(C(=O)N(CC(C)C)C2=C(N)N(CC(C)C)C(=O)NC2=O)cc1,,C32531461,,0,0,1,0,1,0,0,1,0,0
O=[N+]([O-])c1c(CNC(=O)CNC(=O)NCc2ccc(C)cc2)cccc1,,C58387887,,0,0,0,0,0,0,0,0,0,0
S(CCCC(=O)NN=C1CCCCC1)c1n(N)c(-c2cnccc2)nn1,,C06333791,,0,0,1,0,0,0,0,1,1,0
O=C(NC(=O)CN1C(=O)[C@](C)(CCC)NC1=O)Nc1c(C)cc(C)cc1,,C60429560,,0,0,0,0,0,0,0,0,0,0
Clc1cc(NC(=O)CSc2nc(N)cc(C)n2)c([N+](=O)[O-])cc1,,C07048434,,0,0,1,0,0,0,0,1,0,0
Clc1cc([N+](=O)[O-])c([O-])c(/C=[NH+]/[C@H](C)c2cc(S(=O)(=O)N)ccc2)c1,,C61242172,,0,0,0,0,0,0,0,1,0,0
Clc1c(NC(=O)C(=O)NCCNc2c([N+](=O)[O-])cccc2)ccc(C)c1,,C49244503,,0,0,0,0,0,0,0,0,0,0
Clc1c(F)cc(NC(=O)C(=O)NCCNc2c([N+](=O)[O-])cccc2)cc1,,C49244796,,0,0,0,0,0,0,0,0,0,0
Fc1c(F)c(NC(=O)CNC(=O)NCc2cc([N+](=O)[O-])ccc2)ccc1F,,C63069763,,0,0,0,0,0,0,0,1,0,0
S(CC(=O)NNC(=O)NC(C)C)c1c([N+](=O)[O-])cc(C(F)(F)F)cc1,,C63270659,,0,0,0,0,0,0,0,0,0,0
S([C@H](C)c1nc(N)nc(N(C)C)n1)c1nc(/C=C/c2sccc2)[nH]n1,,C12901747,,0,0,1,0,0,1,0,1,0,0
Clc1ccc(NC(=O)CNC(=O)CN2C(=O)C(CC)(CC)NC2=O)cc1,,C54191638,,0,0,0,0,0,0,0,0,0,0
O=C(NNC(=O)/C=C/c1cc(OC)c2OCCOc2c1)NCCC(C)C,,C65136716,,0,0,1,0,0,0,0,0,0,0
O=C(NCCNc1nnc(-n2c(C)cc(C)n2)cc1)Nc1c(C)cccc1,,C65365573,,0,0,1,1,0,0,0,1,0,0
O(CC)c1ccc(CC=2C(=O)NC(NC=3NC(=O)C=C(C)N=3)=NC=2C)cc1,,C16808538,,0,0,1,0,0,0,0,1,0,0
O[C@@]1(CNC(=O)C(=O)Nc2c(C)c([N+](=O)[O-])ccc2)CCCc2ccccc12,,C67000412,,0,0,0,0,0,0,0,1,0,0
O=[N+]([O-])c1c(C)ccc(NC(=O)CCCC[C@H]2SC[C@H]3NC(=O)N[C@H]23)c1,,C67125420,,0,0,0,0,0,0,0,0,0,0
O=[N+]([O-])c1c(C)ccc(NC(=O)CCCC[C@@H]2SC[C@H]3NC(=O)N[C@@H]23)c1,,C67125423,,0,0,0,0,0,0,0,0,0,0
O=C(NC1(C(=O)NCCC)CCCCC1)c1c(C)nc(-c2n[nH]cn2)s1,,C67273500,,0,0,1,0,0,0,0,1,1,0
O(C)C(=O)c1c(C)oc(CNC(=O)NNC(=O)CC2CCCCC2)c1,,C67391573,,0,0,0,0,0,0,0,0,0,0
O=C(NCCNc1nc(C)nc(-n2c(C)cc(C)n2)c1)Nc1ccc(C)cc1,,C67621520,,0,0,1,0,0,0,0,1,0,0
S(=O)(=O)(N=C1NC[NH+](CCOC(=O)c2ccccc2)CN1)c1ccc(C)cc1,,C00780201,,0,0,0,0,0,0,0,0,0,0
O=[N+]([O-])c1c(C)ccc(N2C(=O)[C@H]([NH2+]CCc3c[nH]c4ccccc34)CC2=O)c1,,C08215709,,0,0,0,0,0,0,0,0,0,0
O(CC)C(=O)C=1[C@@H](CC)NC(=O)NC=1C[NH+]1[C@@H](c2ccc3OCCCOc3c2)CCC1,,C08310528,,0,0,0,0,0,0,0,0,0,0
OC1=N[C@H](c2cc(OC)c(OC(=O)c3occc3)cc2)Nc2sc3C[NH+](CC)CCc3c12,,C08928016,,0,0,0,0,0,0,0,0,0,0
Clc1c(NC(=O)[C@@H]([NH+](C)CC(=O)Nc2c(F)c(F)c(F)cc2)C)cc([N+](=O)[O-])cc1,,C03351481,,0,0,0,0,0,0,0,1,0,0
O=[N+]([O-])c1sc(C(=O)Nc2c(C(OC)=O)c3CC(C)(C)[NH2+]C(C)(C)c3s2)cc1,,C09639656,,0,0,0,0,0,0,0,1,0,0
O=C(NC[C@@H]([NH+]1CCCC1)c1occc1)CN1C(=O)[C@](C)(c2ccc3ccccc3c2)NC1=O,,C09823612,,0,0,0,0,0,0,0,0,0,0
O=[N+]([O-])c1cc(NC(=O)[C@@H](C)[NH+]2CCC(c3c[nH]c4ccccc34)CC2)c(OC)cc1,,C10139959,,0,0,0,0,0,0,0,0,0,0
Clc1ccc(-n2c(SCC(=O)NC(=O)NC(C)(C)C)nnc2[C@H]([NH+](C)C)C)cc1,,C03376064,,0,0,1,0,0,0,0,0,0,0
OCC[NH+](CC=1C(=O)Nc2ccc(C)cc2C=1)[C@H](C(C)C)c1n(C2CCCCC2)nnn1,,C13500522,,0,0,1,0,0,0,1,0,0,0
Oc1c(OCC)cccc1C[NH+]1C[C@H](n2nnc(C(=O)NC3CCCC3)c2)CCC1,,C14999311,,0,0,0,0,0,0,0,0,0,0
O(CC)C(=O)C=1[C@@H](CC)NC(=O)NC=1C[NH+]1[C@H](c2ccc3OCCOc3c2)CCC1,,C21473088,,0,0,0,0,0,0,0,0,0,0
OC=1OC2=CC(=[NH+]C(=O)C)C=CC2=C(COC(=O)CCNC(=O)Cc2ccccc2)C=1,,C21861443,,0,0,0,0,0,0,0,1,1,0
OC1=N[C@@H](c2cc([N+](=O)[O-])c(OC)cc2)Nc2sc3C[NH+](C(C)C)CCc3c12,,C22635193,,0,0,0,0,0,0,0,0,0,0
O=C(NC[C@H]([NH+]1CCCC1)c1ccccc1)CN1C(=O)[C@](C)(c2ccc(OC)cc2)NC1=O,,C23737963,,0,0,0,0,0,0,0,0,0,0
Clc1cc(NC(=O)C[NH+]2CCC(C(=O)c3ccc(O)cc3)CC2)c(-n2ncnc2)cc1,,C25449354,,0,0,1,0,0,1,0,1,0,0
Clc1cc([N+](=O)[O-])c(NC(=O)[C@H]([NH+](C)CC(=O)Nc2c(C)cc(C)cc2C)C)cc1,,C26371166,,0,0,0,0,0,0,0,0,0,0
S([C@H](C)C(=O)NC(=O)Nc1ccccc1)c1n(c([C@H]([NH+](C)C)C)nn1)-c1ccc(F)cc1,,C29145134,,0,0,1,0,0,0,0,0,0,0
OC=1/C(=N\CC[NH+]2CCCCCC2)/C(=N/C2CCN(C(OCC)=O)CC2)/C=1O,,C21158254,,0,0,0,0,0,0,0,0,0,0
O(C)C(=O)c1c(-n2c(C3([NH3+])C4CC5CC3CC(C4)C5)nnn2)cc(C(OC)=O)cc1,,C35622365,,0,0,0,0,0,0,0,0,0,0
S(C)CC[C@@H](NC(=O)N1[C@H](c2ccc(OC)cc2)c2[nH+]c[nH]c2CC1)C(OC)=O,,C36593745,,0,0,0,0,0,0,0,0,0,0
O(C)C(=O)[C@H](NC(=O)N1[C@@H](c2cc(OC)cc(OC)c2)c2[nH+]c[nH]c2CC1)C(C)C,,C36594977,,0,0,0,0,0,0,0,0,0,0
O(C)C(=O)[C@@H](NC(=O)N1[C@H](c2cc(OC)cc(OC)c2)c2[nH+]c[nH]c2CC1)C(C)C,,C20762698,,0,0,0,0,0,0,0,0,0,0
O(C)C(=O)[C@H](NC(=O)N1[C@@H](c2ccc3OCOc3c2)c2[nH+]c[nH]c2CC1)[C@@H](C)CC,,C36596624,,0,0,0,0,0,0,0,1,0,0
O(C)C(=O)[C@@H](NC(=O)N1[C@@H](c2ccc(OC)cc2)c2[nH+]c[nH]c2CC1)Cc1ccccc1,,C32123922,,0,0,0,0,0,0,0,1,0,0
Clc1ccc(-c2nc(N3CCN(CC[NH+](C)C)CC3)nc3nn(C)c(N)c23)cc1,,C37358014,,0,1,1,0,0,0,1,0,0,0
Nc1n(C)nc2nc(N3CCN(CC[NH+]4CCCCC4)CC3)nc(-c3sccc3)c12,,C37360176,,0,1,1,0,0,0,1,0,0,0
O(CC)C(=O)C=1[C@@H](c2ccc(OC)cc2)[C@H]2C(=O)[NH+]=C3C=CC(OC)=CC3=C2OC=1N,,C38555411,,0,0,0,0,0,0,0,0,0,0
O=[N+]([O-])c1c(N)ccc(C(OCC(=O)C=2[C@@H](c3ccccc3)[NH+]=C3C=CC=CC=23)=O)c1,,C38747852,,0,0,0,0,0,0,0,0,0,0
O(C)C(=O)c1c(NC(=O)CN2C(=O)c3ccccc3C2=O)sc2C(C)(C)[NH2+]C(C)(C)Cc12,,C38806050,,0,0,0,0,0,0,1,0,0,0
O=C(NC[C@H]([NH+]1CCCCC1)c1occc1)CN1C(=O)[C@]2([C@H](C)CCCC2)NC1=O,,C36684462,,0,0,0,0,0,0,0,0,0,0
OC=1OC2=C/C(=[NH+]\C(=O)C)/C=CC2=C(COC(=O)c2ccc3S[C@H](C)C(=O)Nc3c2)C=1,,C39606930,,0,0,0,0,0,0,0,1,0,0
O=C(N[C@H](C)C=1[C@@H](C)N=NC=1C)[C@H]1C2(CN(C(=O)c3c(OCC)cccc3)C1)CC[NH2+]CC2,,C39674341,,0,0,0,0,0,0,0,0,0,0
Clc1ccc(N2[C@@H](SCC(=O)NCC(OC)=O)NN=C2C=2C[NH+]=C3C=CC=CC=23)cc1,,C39741256,,0,0,0,0,0,0,0,0,0,0
S(CC(=O)NC(OCC)=O)[C@H]1N(c2c(C)cccc2)C(C=2C[NH+]=C3C=CC=CC=23)=NN1,,C44662358,,0,0,0,0,0,0,0,0,0,0
O=C(NC[C@H]1C[NH+](C(C)C)CC1)c1cc(C(C)C)nc2N(CCC)C(=O)NC(=O)c12,,C58049047,,0,0,1,0,1,0,0,0,0,0
Fc1c([N+](=O)[O-])cc(NC(=O)[C@@H]([NH2+][C@@H](C(C)C)c2ccc3OCCOc3c2)C)cc1,,C58083604,,0,0,0,0,0,0,0,0,0,0
O=[N+]([O-])c1c(OCC[NH+]2[C@@H](CNC(=O)Nc3ccccc3)CCCC2)cccc1,,C59402969,,0,0,0,0,0,0,0,0,0,0
S(C(=[NH2+])N/N=C(\C)/c1ccc(C)cc1)[C@@H]1C(=O)N(c2ccc(C(OC)=O)cc2)C(=O)C1,,C59489360,,0,0,0,0,0,0,0,1,0,0
S(=O)(=O)(NC1CCC(C)CC1)c1cc([N+](=O)[O-])c(NC[C@H]2C[NH+](C(C)C)CC2)cc1,,C60160064,,0,0,0,0,0,0,0,0,0,0
Clc1ccc(-c2nc([C@H]3N(Cc4oc(CO)cc4)Cc4[nH]c[nH+]c4C3)on2)cc1,,C15675602,,0,0,0,0,1,0,1,1,0,0
FC(F)(F)Oc1ccc(-c2nc([C@H]3N(C(=O)NC(C)C)Cc4[nH]c[nH+]c4C3)on2)cc1,,C15675837,,0,0,0,0,0,0,0,1,0,0
ClC=1C=CC2=[NH+][C@H]3CN(C(=O)NCC(=O)NCc4ccc5OCOc5c4)CCC3=C2C=1,,C63295972,,0,0,0,0,0,0,0,1,0,0
O=C(/N=C\1/Sc2ccccc2N/1)[C@@H](NC(=O)[C@H]1[NH+]=C2C(OC)=C(OC)C(OC)=CC2=C1)C,,C63302914,,0,0,0,0,0,0,0,0,0,0
O=[N+]([O-])C=1CN(Cc2c(OC)ccc([C@@H]3NCCC=4[C@@H]3[NH+]=C3C=CC=CC=43)c2)NC=1,,C63426640,,0,0,0,0,0,0,0,0,0,0
O=C(NCCC=1C[NH+]=C2C=CC=CC=12)C1CCN(C2=NN3[C@H](C(C)C)NN=C3C=C2)CC1,,C63780795,,0,0,1,0,0,0,0,0,0,0
O=C(NC[C@@H](c1ccc(OC)cc1)C=1C[NH+]=C2C=CC=CC=12)CN1C(=O)[C@@](C)(C2CC2)NC1=O,,C63827926,,0,0,0,0,0,0,0,1,0,0
O=C(NC[C@@H](c1ccc(OC)cc1)C=1C[NH+]=C2C=CC=CC=12)CN1C(=O)[C@@](C)(CC)NC1=O,,C63830700,,0,0,0,0,0,0,0,1,0,0
Oc1ccc2C=C(C(=O)Nc3sccn3)/C(=[NH+]/c3ccc(C(OC)=O)cc3)/Oc2c1,,C67298071,,0,0,0,0,1,0,0,1,0,0
Clc1c(NC(=O)C(=O)N[C@H](C)C[NH+]2C[C@H](C)C[C@@H](C)C2)ccc([N+](=O)[O-])c1,,C67439140,,0,0,0,0,0,0,0,0,0,0
O=[N+]([O-])c1cc(OCCCOc2cc(N3C(=[NH2+])NC(=[NH2+])NC3(C)C)ccc2)ccc1,,C08627564,,0,0,0,0,0,0,0,1,0,0
O(C)C(=O)c1c(N2CCC(COc3ccc4CCN(C(=[NH2+])N)Cc4c3)CC2)cc[nH+]c1,,C13644369,,0,0,0,0,0,0,0,0,0,0
S=C1N(C[NH+]2CCN([C@@H]3CS(=O)(=O)CC3)CC2)N=C(C[NH+]2CCCCC2)O1,,C25045984,,0,0,0,0,0,0,0,0,0,0
O(C)C(=O)[C@H]1C(NC(=O)C[NH+]2CCc3cc(OC)c(OC)cc3C2)=C2C=CC=CC2=[NH+]1,,C38549998,,0,0,0,1,0,0,0,1,0,0
S=C1N(NC(=O)c2ccc([N+](=O)[O-])cc2)C(=O)/C(=C/C2[NH+]=C3C=CC=CC3=[NH+]2)/S1,,C38567879,,0,0,0,0,0,0,0,0,0,0
ClC=1C=CC2=[NH+][C@H](C(OC)=O)C(NC(=O)[C@@H](C)[NH+]3CCC4(OCCO4)CC3)=C2C=1,,C38610104,,0,0,0,0,0,0,0,0,0,0
ClC=1C=CC2=[NH+][C@@H](C(OC)=O)C(NC(=O)[C@H](C)[NH+]3CCC(C(=O)N)CC3)=C2C=1,,C38610142,,0,0,0,0,0,0,0,0,0,0
O[C@@]1(C)N(CCN2[C@@](O)(C)C3(OC2=O)CC(C)(C)[NH2+]C(C)(C)C3)C(=O)OC21CC(C)(C)[NH2+]C(C)(C)C2,,C39210322,,0,0,0,0,0,0,0,0,0,0
O(C)C(=O)C(=O)N[C@H]1[NH+]=C2C=C(C(=O)c3c(C(OC(C)C)=O)cccc3)C=CC2=[NH+]1,,C39359617,,0,0,0,0,0,0,0,0,0,0
S(Cc1c(OC)c(OC)c(OC)c2COC(=O)c12)[C@H]1C(=O)[NH+]=C2C=CC=CC2=[NH+]1,,C39605569,,0,0,0,0,0,0,0,0,0,0
O=C(NCCC=1[C@H](C)[NH+]=C2C=CC(C#N)=CC=12)[C@H]1C2(CN(C(=O)[C@H]3NN(C)C(C)=C3)C1)CC[NH2+]CC2,,C39674877,,0,0,0,0,0,0,0,0,0,0
O=C1[C@H]([C@@H](N2CC[NH+](C)CC2)[C@H]2N(C(C)(C)C)NN=N2)C=C2C=C(CC)C=CC2=[NH+]1,,C39710438,,0,0,0,0,0,0,0,0,0,0
O=C(N/N=C/C1[NH+]=C2C=CC=CC2=[NH+]1)[C@H]1[C@@H](N(c2c(N)non2)N=N1)c1ccccc1,,C39769604,,0,0,0,0,0,0,0,0,0,0
Clc1ccc(C(=O)N/N=C(/[C@H](O)[C@H](O)CO)\[C@@H]2C(=O)[NH+]=C3C=CC=CC3=[NH+]2)cc1,,C40151213,,0,0,0,0,0,0,0,1,0,0
Clc1c(C(=O)N/N=C(/[C@H](O)[C@H](O)CO)\[C@@H]2C(=O)[NH+]=C3C=CC=CC3=[NH+]2)cccc1,,C40151219,,0,0,0,0,0,0,0,0,0,0
OC[C@@H](O)[C@@H](O)/C(=N/NC(=O)c1ccc([N+](=O)[O-])cc1)/[C@H]1C(=O)[NH+]=C2C=CC=CC2=[NH+]1,,C40151235,,0,0,0,0,0,0,0,0,0,0
O=C(NCc1sccc1)CC[C@@H]1[NH+](C)[C@@H]2CC[NH+](Cc3nnsc3)[C@@H]2C(=O)NC1,,C22923134,,0,0,1,0,0,0,0,0,0,0
O(C)C[C@@H]1N(C(=O)CC[C@@H]2[NH+](C)[C@@H]3CC[NH+](Cc4nnsc4)[C@@H]3C(=O)NC2)CCC1,,C35442565,,0,0,1,0,0,0,0,0,0,0
O=C(NCc1[nH+]c2cc[nH]c2cc1)CN1[C@H](C)C[NH+]=C(NCCc2ccccc2)C1=O,,C52618372,,0,0,0,0,0,0,0,0,0,0
O=C(N[C@H](C)C(=O)N1CCN(C(=O)CCn2ccc3cc[nH+]cc23)CC1)[C@H]([NH3+])C(C)C,,C57773762,,0,0,0,0,0,0,0,0,0,0
O=C(NNC=1C(=O)[NH+]=C2C=CC=CC=12)c1c(C[NH+]2CCCC2)n(-c2c(N)non2)nn1,,C13382219,,0,0,0,0,1,1,1,1,0,0
O=C([C@@H](C)[NH+]1CCC(C[NH+](C)Cc2ccccc2)CC1)C=1C(=O)N(C)C(=O)N(C)C=1N,,C60377450,,0,0,1,0,0,0,0,1,0,0
Clc1cc(CNS(=O)(=O)C=2C=CC3=[NH+]C(=O)[NH+]=C3C=2)cc2OCCCOc12,,C39932128,,0,0,1,0,0,0,0,1,0,0
S(=O)(=O)(N)c1ccc(CNC(=O)CS[C@@H]2[NH+]=C3C=C(OCC)C=CC3=[NH+]2)cc1,,C63221388,,0,0,0,0,1,0,0,1,0,0
O=C(NCCC=1C[NH+]=C2C=CC=CC=12)CNC(=O)[C@H]1[NH+]=C2C=C(OC)C(OC)=CC2=C1,,C63270629,,0,0,0,1,0,0,0,0,0,0
O=C(NCCC=1C[NH+]=C2C=CC(OC)=CC=12)[C@@H]1ON[C@H](CC=2C[NH+]=C3C=CC=CC=23)N1,,C63295333,,0,0,0,0,0,0,0,1,0,0
S(CC(=O)Nc1sc(SCC=C)nn1)[C@@H]1[NH+]=C2C=C([N+](=O)[O-])C=CC2=[NH+]1,,C63302091,,0,0,1,0,0,0,0,1,0,0
S(CC(=O)Nc1sc(SCC(=O)N)nn1)[C@@H]1[NH+]=C2C=C(OC)C=CC2=[NH+]1,,C63303376,,0,0,1,0,1,0,0,1,0,0
S(=O)(=O)(N)c1ccc(CNC(=O)CS[C@@H]2[NH+]=C3C=C([N+](=O)[O-])C=CC3=[NH+]2)cc1,,C63520958,,0,0,0,0,1,0,0,1,0,0
O(C)C=1C=CC2=[NH+]CC(CC[NH2+][C@@H]3C(=O)N(c4ccc5OCCOc5c4)C(=O)C3)=C2C=1,,C63526539,,0,0,0,0,0,0,0,1,0,0
S(=O)(=O)(N[C@H]1Sc2cc(NC(=O)CCC3[NH+]=C4C=CC=CC4=[NH+]3)ccc2N1)C,,C63600855,,0,0,0,0,0,0,0,1,0,0
S(=O)(=O)(N[C@@H]1Sc2cc(NC(=O)CCC3[NH+]=C4C=CC=CC4=[NH+]3)ccc2N1)C,,C63600856,,0,0,0,0,0,0,0,1,0,0
S(CC(=O)NCCC1[NH+]=C2C=CC=CC2=[NH+]1)[C@@H]1N[C@H](c2occc2)NC=2N1NC(=O)C=2,,C63648745,,0,0,1,0,0,0,0,0,0,0
S(=O)(=O)(N(C)C)c1ccc2n(C)c(CCC(=O)NC3[NH+]=C4C=CC=CC4=[NH+]3)nc2c1,,C63733014,,0,0,0,0,0,0,1,1,0,0
Clc1ccc(N2C(=O)[C@H]3[N+]([C@H](CCCC(=O)NCCC=4C[NH+]=C5C=CC=CC=45)NN3)=CC2)cc1,,C63755400,,0,0,0,0,0,0,0,0,0,0
O=C(Nc1ccc(-c2n3CCCCCc3nn2)cc1)C=1C=CC2=[NH+]C(=O)C(=O)[NH+]=C2C=1,,C40067945,,0,0,1,0,0,0,0,1,0,0
O=C(NCC1[NH+]=C2C=CC=CC2=[NH+]1)[C@@H]1NN([C@H]2CS(=O)(=O)CC2)C(C(C)C)=C1,,C63904301,,0,0,0,0,0,0,0,0,0,0
S(=O)(=O)(NC1CCN(C(=O)c2cocc2)CC1)C=1C=CC2=[NH+]C(=O)C(=O)[NH+]=C2C=1,,C64021135,,0,0,0,0,0,0,0,1,0,0
S(C[C@H]1ONC(c2cc([N+](=O)[O-])ccc2)=[NH+]1)c1oc(C=2C[NH+]=C3C=CC=CC=23)nn1,,C64031354,,0,0,1,0,0,0,0,1,0,0
O=C(NCC[C@H]1[NH+]=C2C(C)=CC=CC2=[NH+]1)[C@@H]1C([O-])=C(C(=O)NC(C)(C)C)C[N+](C2CCCCC2)=C1,,C64103485,,0,0,0,0,0,0,0,0,0,0
O=C(NC)C=1C(=O)C(C(=O)N[C@@H](C)[C@H]2[NH+]=C3C=C(C)C=CC3=[NH+]2)=CN(CCC(C)C)C=1,,C64110616,,0,0,0,0,0,0,0,0,0,0
S(=O)(=O)(Nc1ccc(C(O[C@H](C)C(=O)N)=O)cc1)C=1C=CC2=[NH+]C(=O)[NH+]=C2C=1,,C64230988,,0,0,0,0,0,0,1,1,0,0
S(=O)(=O)(C)N1CCC(C(=O)N2CCN(CC3[NH+]=C4C=CC=CC4=[NH+]3)CC2)CC1,,C64410699,,0,0,0,0,0,0,0,0,0,0
ClC=1C=CC2=[NH+][C@H](SCc3nc(CCC(=O)Nc4noc(C)c4)on3)[NH+]=C2C=1,,C64518014,,0,0,1,0,0,1,1,1,0,0
S(Cc1nc(CCC(=O)Nc2sc(CC)nn2)on1)[C@@H]1[NH+]=C2C=C(C)C=CC2=[NH+]1,,C64604190,,0,0,1,0,0,1,0,1,0,0
O=C(N(C)Cc1[nH+]cc(C)[nH]1)C[C@@H]1[NH+](Cc2c(C)c(C)c(OC)cc2)CCNC1=O,,C32587041,,0,0,0,0,0,1,0,0,0,0
O=C(NCC=C)[C@H]1C([O-])=C(C(=O)N2CCC(C3[NH+]=C4C=CC=CC4=[NH+]3)CC2)C[N+](C2CCCC2)=C1,,C64640342,,0,0,0,0,0,0,0,0,0,0
O=C(NC1CCCCC1)[C@@H]1C(=O)/C(=C(/[O-])\N2CCC(C3[NH+]=C4C=CC=CC4=[NH+]3)CC2)/C[N+](C2CC2)=C1,,C64640560,,0,0,0,0,0,0,0,0,0,0
S(CC1[NH+]=C2C=CC=CC2=[NH+]1)[C@H]1N(CCOC)C(=O)c2ccc(C(OC)=O)cc2N1,,C64653793,,0,0,0,0,0,0,0,1,0,0
O=C(NC1[NH+]=C2C=CC=CC2=[NH+]1)[C@H](NC(=O)c1cc(OC)cc(OC)c1)[C@@H](C)CC,,C65305966,,0,0,0,0,0,0,0,1,0,0
O=C(Oc1ccc([C@@H]2NC(=O)c3c(sc4C[NH+](Cc5ccccc5)CCc34)N2)cc1)/C=C/c1occc1,,C08722172,,0,0,0,0,0,0,0,1,0,0
S(=O)(=O)(N(CCCC)CCCC)c1ccc(C(=O)Nc2c(C(=O)NC)c3CC[NH+](C)Cc3s2)cc1,,C08920212,,0,0,0,0,0,0,0,0,0,0
S(=O)(=O)(N(C)CCCC)c1ccc(C(=O)Nc2c(C#N)c3CC(C)(C)[NH2+]C(C)(C)c3s2)cc1,,C09391513,,0,0,0,0,0,0,0,0,0,0
S(=O)(=O)(NCC1CCC(C(=O)NCC[NH+]2[C@@H](C)CCCC2)CC1)c1cccc2nsnc12,,C09608281,,0,1,1,1,0,0,0,0,0,0
S(=O)(=O)(NCC1CCC(C(=O)NCC[NH+]2[C@H](CC)CCCC2)CC1)c1cccc2nsnc12,,C09608285,,0,1,1,1,0,0,0,0,0,0
O=C(NC[C@H]([NH+]1CCc2ccccc2C1)c1ccc(N(C)C)cc1)C(=O)NCc1ccc(OC)cc1,,C10129524,,0,0,0,0,0,0,0,0,0,0
O=C(NCCC[NH+](C)C)CN1[C@@H](c2c(OC)cccc2)C=2C(=O)CC(C)(C)CC=2Nc2ccccc12,,C10343862,,0,0,0,0,0,0,0,0,0,0
Fc1c(CC(=O)Nc2c(C(OC)=O)sc3nc(C[NH+](C)Cc4c(C)[nH]nc4C)ccc23)cccc1,,C12219209,,0,0,1,0,0,0,0,1,0,0
O=C(Nc1scc(C[NH+]2C[C@H](C)C[C@@H](C)C2)n1)[C@H](NC(=O)c1cc(OC)cc(OC)c1)C(C)C,,C12871769,,0,0,0,0,0,0,0,0,0,0
Clc1c(NCCN2C(=O)NC(Sc3ccc([N+](=O)[O-])cc3)=CC2=O)[nH+]cc(C(F)(F)F)c1,,C03104260,,0,0,0,0,0,0,0,0,0,0
Clc1c(NC(=O)C[NH+](CCC)CC(=O)N(C)CC(=O)Nc2c(C)cccc2C)ccc(Cl)c1,,C15444942,,0,0,0,0,0,0,0,0,0,0
Brc1c(/C=[NH+]/CCNc2ccc([N+](=O)[O-])cc2)c(O)c(OCC)cc1Br,,C09720939,,0,0,0,0,0,0,0,0,0,0
Clc1ccc(S(=O)(=O)N/[NH+]=C\2/C(C(=O)Nc3ccc(OCC)cc3)=Cc3ccccc3O/2)cc1,,C20323633,,0,0,0,0,0,0,0,1,0,0
Clc1c([N+](=O)[O-])cc([C@@H]2[NH2+][C@H](c3c(O)c(OCC)ccc3)CC(c3cc(OC)ccc3)=N2)cc1,,C20764894,,0,0,0,0,0,0,0,1,0,0
S(=O)(=O)(N[C@H](C(C)C)C(=O)NC[C@@H]([NH+](C)C)c1cc(OC)ccc1)c1ccc2ccccc2c1,,C27595805,,0,0,1,1,0,0,0,0,0,0
O(Cc1nc(N(C(=O)C)c2c(OC)cccc2)sc1)C(=O)c1c(N)c2c(C)cc(C)[nH+]c2s1,,C29033539,,0,0,0,0,0,0,0,1,0,0
O=C(Nc1c(C(=O)c2ccccc2)cccc1)[C@@H](C)[NH+]1CCC(C(=O)Nc2c(OC)cccc2)CC1,,C29905137,,0,0,0,0,0,0,0,1,0,0
O(CC)C(=O)c1c(NC(=O)[C@@H](C)[NH+]2CCC(C(=O)Nc3c(OC)cccc3)CC2)scc1C1CC1,,C29910453,,0,0,0,0,0,0,0,0,0,0
Clc1c([C@@H]2NC(=O)N(CC)C=3CN(CC(=O)NCC[NH+]4CCCCC4)C(=O)C2=3)ccc(Cl)c1,,C34793280,,0,0,0,0,0,0,0,0,0,0
Clc1ccc2[nH]c(C(OC)=O)c(NC(=O)[C@@H](C)N3CC[NH+](C/C=C/c4ccccc4)CC3)c2c1,,C20065223,,0,0,0,0,0,0,0,1,0,0
O[C@H](COc1ccccc1)C[NH+](CC(C)C)CC=1NC(=O)c2c(-c3c(OC)cccc3)csc2N=1,,C36207116,,0,0,1,0,0,0,0,1,0,0
O[C@H](COc1ccc(OC)cc1)C[NH+](CC=1NC(=O)c2c(-c3c(C)cc(C)cc3)csc2N=1)C1CC1,,C36207968,,0,0,1,0,0,0,0,1,0,0
O[C@H](COCc1occc1)C[NH+](Cc1occc1)CC=1NC(=O)c2c(sc3C[C@@H](C)CCc23)N=1,,C36208021,,0,0,1,0,0,0,1,1,0,0
FC(F)(F)c1cc(NC(=O)[C@H]2[C@@H](C(OCC)=O)[C@H]2C(=O)N/N=C\C=2C[NH+]=C3C=CC=CC=23)ccc1,,C39313197,,0,0,0,0,0,0,0,0,0,0
S(CC(=O)N[C@@H]1[C@H](C#N)C=2CCCCC=2S1)[C@@H]1[NH+]=C(N/N=C(/C)\c2cc(OC)ccc2)N=N1,,C39404454,,0,0,1,0,0,0,0,0,0,0
S(=O)(=O)(Oc1ccccc1)[C@@H]1[NH2+]CCN(c2c(-c3c(O)cccc3)cc(S(=O)(=O)C(C)C)cc2)C1,,C39530308,,0,0,0,0,0,0,0,0,0,0
Clc1ccc([C@H]2N(c3ccc(C)cc3)C(SCC(=O)N/N=C/C=3C[NH+]=C4C=CC=CC=34)=NN2)cc1,,C39575889,,0,0,0,0,0,0,0,0,0,0
O=C([C@@H](Oc1ccccc1)C(C)C)N1C[C@@H](C(=O)NC[C@H](Oc2ccccc2)C)C2(C1)CC[NH2+]CC2,,C39665408,,0,0,0,0,0,0,0,0,0,0
O=C([C@H](Oc1ccccc1)C)N1C[C@@H](C(=O)NC[C@H](Oc2ccc(C)cc2)C)C2(C1)CC[NH2+]CC2,,C39666069,,0,0,0,0,0,0,0,0,0,0
O=C([C@H](Oc1ccccc1)C(C)C)N1C[C@@H](C(=O)N[C@@H](C)C=2[C@@H](C)N=NC=2C)C2(C1)CC[NH2+]CC2,,C39674530,,0,0,0,0,0,0,0,0,0,0
O=C(CCCC)N1C[C@H](C(=O)NC(c2ccc(OC)cc2)c2ccc(OC)cc2)C2(C1)CC[NH2+]CC2,,C39676550,,0,0,0,0,0,0,0,1,0,0
Clc1cc(OCC(=O)N2C[C@@H](C(=O)NCc3cc(OC(F)F)ccc3)C3(C2)CC[NH2+]CC3)ccc1,,C39678510,,0,0,0,0,0,0,0,1,0,0
S(CC(=O)N/N=C/C=1C[NH+]=C2C=CC=CC=12)C=1N([C@@H](c2ccccc2)NN=1)c1ccc(OCC)cc1,,C39923314,,0,0,0,0,0,0,0,0,0,0
S(=O)(=O)(Nc1ccc(C(=O)[C@H](S[C@@H]2N(C3CC3)C(C=3C[NH+]=C4C=CC=CC=34)=NN2)C)cc1)C,,C39942414,,0,0,0,0,0,0,0,0,0,0
O=C(Nc1c([C@H](Nc2[nH+]cccc2)c2c(OC)cc(OC)cc2)c2CCCCc2s1)c1occc1,,C38550664,,0,0,0,0,0,0,0,0,0,0
Brc1c(C(=O)NC[C@H]([NH+]2CCCCC2)c2occc2)cc(S(=O)(=O)NC2CC2)cc1,,C45820080,,0,0,0,0,0,0,0,0,0,0
OC1=N[C@H](c2cc(OC(=O)/C=C/c3occc3)ccc2)Nc2sc3C[NH+](Cc4ccccc4)CCc3c12,,C15947360,,0,0,0,0,0,0,0,1,0,0
Clc1c([C@H](CNC(=O)CN2C(=O)O[C@H](c3sccc3)N2)C=2C[NH+]=C3C=CC=CC=23)cccc1,,C63135268,,0,0,0,0,0,0,0,1,0,0
Clc1ccc(CNC(=O)COC(=O)[C@@H](NC(=O)c2ccc(F)cc2)CC=2C[NH+]=C3C=CC=CC=23)cc1,,C63258975,,0,0,0,0,0,0,0,0,0,0
O=C(N[C@H]1CCc2cc(OC)c(OC)c(OC)c2C2=CC=C(NCCC=3C[NH+]=C4C=CC=CC=34)C(=O)C=C12)C,,C63351314,,0,0,0,0,0,0,0,0,0,0
O=C(NCCC(C)C)[C@@H](NC(=O)[C@H]1N2C(=O)c3ccccc3[C@@H]2[C@@H]2[NH+]=C3C=CC=CC3=C2C1)[C@@H](C)CC,,C63383486,,0,0,0,0,0,0,0,0,0,0
O=C(NCCCC)[C@@H](NC(=O)[C@H]1N2C(=O)c3ccccc3[C@H]2[C@@H]2[NH+]=C3C=CC=CC3=C2C1)CC(C)C,,C63383809,,0,0,0,0,0,0,0,0,0,0
O=C(NCCC)[C@@H](NC(=O)[C@H]1N2C(=O)c3ccccc3[C@H]2[C@@H]2[NH+]=C3C=CC=CC3=C2C1)Cc1ccccc1,,C63384365,,0,0,0,0,0,0,0,0,0,0
Clc1cc(N/C(/NCCC=2C[NH+]=C3C=CC=CC=23)=N/C(=O)c2cc(OC)c(OC)cc2)c(C)cc1,,C63588985,,0,0,0,1,0,0,0,1,0,0
O(C)C(=O)[C@@H](NC(=O)[C@@H](NC(=O)C12CC3CC(C1)CC(C2)C3)CC=1C[NH+]=C2C=CC=CC=12)C(C)C,,C63761352,,0,0,0,0,0,0,0,0,0,0
O=C(NC[C@@H](c1ccc(OC)cc1)C=1C[NH+]=C2C=CC=CC=12)CN1C(=O)[C@]2([C@H](C)CCCC2)NC1=O,,C63830752,,0,0,0,0,0,0,0,1,0,0
S(=O)(=O)(NCC1CCCCC1)[C@H]1C(C(OC)=O)=C2CCN(Cc3c(C)[nH+]c(CC)[nH]3)C[C@H]2S1,,C64044149,,0,0,0,0,0,0,0,0,0,0
Clc1cc(NC(=O)[C@H]2S[C@H](CCCC(=O)NCCC=3C[NH+]=C4C=CC(C)=CC=34)N=N2)ccc1,,C64538876,,0,0,0,0,0,0,0,0,0,0
O=C(NCC[C@@H](C)[NH+]1CCCC1)CN(C)C=1Sc2n(c(NC(C)(C)C)c(-c3ccc(CC)cc3)n2)N=1,,C64703812,,0,1,1,0,0,0,1,0,0,0
O=C(NC[C@@H](c1ccc(N(C)C)cc1)C=1C[NH+]=C2C=CC=CC=12)CNC(=O)c1ccc2OCOc2c1,,C64721136,,0,0,0,0,0,0,0,0,0,0
S(Cc1nc(N)nc(Nc2c(CC)cccc2)n1)C=1[N+](=C2NC=C(C)C=C2)C(=O)c2ccccc2[NH+]=1,,C22468849,,0,0,0,0,0,0,1,0,0,0
S(=O)(=O)(N(C)C)c1ccc2N(C(=O)NC3CC[NH+](C=4C(=O)C(=[OH+])C=4NC4CC4)CC3)CCc2c1,,C24972781,,0,0,0,0,0,0,0,0,0,0
O(CC)C(=O)[C@@H]1C(NC(=O)C[NH+]2C[C@H]3CN4C(=O)C=CC=C4[C@@H](C2)C3)=C2C=C(OC)C=CC2=[NH+]1,,C38550048,,0,0,0,1,0,0,0,0,0,0
O=[N+]([O-])C=1C=CC2=[NH+][C@H]3/C(=N/N=C\4/CCCC=5[C@@H]/4[NH+]=C4C=CC([N+](=O)[O-])=CC=54)/CCCC3=C2C=1,,C38596647,,0,0,0,0,0,0,0,0,0,0
S(=O)(=O)(/N=C\1/[C@@H](Nc2cc(C(OCC)=O)ccc2)[NH+]=C2C=CC=CC2=[NH+]/1)c1cc(C)ccc1,,C38966422,,0,0,0,0,0,0,0,1,0,0
S(=O)(=O)(/N=C\1/[C@H](Nc2ccc(OC(F)(F)F)cc2)[NH+]=C2C=CC=CC2=[NH+]/1)c1ccc(OC)cc1,,C38966569,,0,0,0,0,0,0,0,1,0,0
Clc1c([N+](=O)[O-])cc(N[C@@H]2/C(=N/S(=O)(=O)c3c(C)ccc(C)c3)/[NH+]=C3C=CC=CC3=[NH+]2)cc1,,C38966610,,0,0,0,0,0,0,0,0,0,0
S(=O)(=O)(/N=C\1/[C@@H](Nc2cc(C(OCC)=O)ccc2)[NH+]=C2C=CC=CC2=[NH+]/1)c1c(C)ccc(C)c1,,C38971081,,0,0,0,0,0,0,0,0,0,0
Clc1cc(S(=O)(=O)/N=C\2/[C@@H](Nc3cc(C(OCC)=O)ccc3)[NH+]=C3C=CC=CC3=[NH+]/2)ccc1,,C38971370,,0,0,0,0,0,0,0,1,0,0
Clc1cc(S(=O)(=O)/N=C\2/[C@H](Nc3ccc4OCOc4c3)[NH+]=C3C=CC=CC3=[NH+]/2)ccc1,,C38971895,,0,0,1,0,0,0,0,1,0,0
S(=O)(=O)(/N=C\1/[C@H](Nc2cc(C(OCC)=O)ccc2)[NH+]=C2C=CC=CC2=[NH+]/1)c1ccc(C)cc1,,C38979629,,0,0,0,0,0,0,0,1,0,0
Clc1cc(S(=O)(=O)/N=C\2/[C@@H](Nc3ccc(C(OCCC)=O)cc3)[NH+]=C3C=CC=CC3=[NH+]/2)ccc1,,C38979684,,0,0,0,0,0,0,0,1,0,0
Clc1c(OC)cc(OC)c(N[C@H]2/C(=N/S(=O)(=O)c3c(C)ccc(C)c3)/[NH+]=C3C=CC=CC3=[NH+]2)c1,,C38980009,,0,0,0,0,0,0,0,1,0,0
S(=O)(=O)(/N=C\1/[C@H](Nc2c(C)ccc(C)c2)[NH+]=C2C=CC=CC2=[NH+]/1)c1cccc2nsnc12,,C38980780,,0,0,1,0,0,0,0,1,0,0
S(=O)(=O)(/N=C\1/[C@@H](NCc2ccc3OCOc3c2)[NH+]=C2C=CC=CC2=[NH+]/1)c1cc(C)c(C)cc1,,C38984409,,0,0,0,0,0,0,0,0,0,0
Clc1cc(N[C@H]2/C(=N/S(=O)(=O)c3cccc4nsnc34)/[NH+]=C3C=CC=CC3=[NH+]2)c(C)cc1,,C38984421,,0,0,1,0,0,0,0,1,0,0
O=[N+]([O-])c1ccc(C(=O)C2=C(N)[C@H]([C@@H](Nc3ccccc3)S2)C2[NH+]=C3C=CC=CC3=[NH+]2)cc1,,C39336692,,0,0,0,0,0,0,0,0,0,0
O=[N+]([O-])c1ccc(C(=O)C2=C(N)[C@H]([C@H](Nc3ccccc3)S2)C2[NH+]=C3C=CC=CC3=[NH+]2)cc1,,C39336693,,0,0,0,0,0,0,0,0,0,0
O=C([C@@H](Oc1ccccc1)C)N1C[C@H](C(=O)NCc2[nH+]c3n(c2)C=C(C)C=C3)C2(C1)CC[NH2+]CC2,,C39670475,,0,0,0,0,0,0,0,0,0,0
O=C1[C@H]([C@H](N2CC[NH+](C3CCCCC3)CC2)[C@H]2N(C(C)(C)C)N=NN2)C=C2C=C(C)C=C(C)C2=[NH+]1,,C39699299,,0,0,0,0,0,0,0,0,0,0
O=C1[C@@H]([C@H](N2CC[NH+](C3CCCCC3)CC2)[C@H]2N(C(C)(C)C)N=NN2)C=C2C=C(C)C=C(C)C2=[NH+]1,,C39699300,,0,0,0,0,0,0,0,0,0,0
O=C1[C@@H]([C@H]([NH+]2CCN(c3c(C)c(C)ccc3)CC2)[C@H]2N(C(C)(C)C)NN=N2)C=C2C=C(C)C=CC2=[NH+]1,,C39710211,,0,0,0,0,0,0,0,0,0,0
O=C1[C@H]([C@@H]([NH+]2CCN(c3c(C)ccc(C)c3)CC2)[C@H]2N(C(C)(C)C)NN=N2)C=C2C=C(C)C=CC2=[NH+]1,,C39710224,,0,0,0,0,0,0,0,0,0,0
Fc1ccc(C[NH+](Cc2occc2)[C@H]([C@H]2N(C(C)(C)C)NN=N2)[C@H]2C(=O)[NH+]=C3C=CC(C)=CC3=C2)cc1,,C39710372,,0,0,0,0,0,0,0,0,0,0
O=C1[C@@H]([C@H]([NH+]2CCN(c3c(C)c(C)ccc3)CC2)[C@H]2N(C(C)(C)C)NN=N2)C=C2C=C(CC)C=CC2=[NH+]1,,C39710393,,0,0,0,0,0,0,0,0,0,0
O=C1[C@H]([C@H]([NH+]2CCN(c3c(C)ccc(C)c3)CC2)[C@H]2N(C(C)(C)C)NN=N2)C=C2C=C(CC)C=CC2=[NH+]1,,C39710416,,0,0,0,0,0,0,0,0,0,0
Fc1c(N2CC[NH+]([C@H]([C@H]3N(C(C)(C)C)NN=N3)[C@@H]3C(=O)[NH+]=C4C=CC(CC)=CC4=C3)CC2)cccc1,,C39710449,,0,0,0,0,0,0,0,0,0,0
Fc1ccc(C[NH+](Cc2occc2)[C@H]([C@H]2N(C(C)(C)C)NN=N2)[C@H]2C(=O)[NH+]=C3C=C(C)C=CC3=C2)cc1,,C39710712,,0,0,0,0,0,0,0,0,0,0
Clc1c(C[NH+](Cc2occc2)[C@@H]([C@H]2N(C(C)(C)C)N=NN2)[C@@H]2C(=O)[NH+]=C3C(C)=CC(C)=CC3=C2)cccc1,,C39711064,,0,0,0,0,0,0,0,0,0,0
O=C1[C@H]([C@H]([NH+](Cc2occc2)Cc2cnccc2)[C@H]2N(C3CCCCC3)N=NN2)C=C2C(C)=CC=C(C)C2=[NH+]1,,C39711099,,0,0,0,0,0,1,0,0,0,0
O=C1[C@H]([C@H]([NH+](Cc2sccc2)Cc2occc2)[C@H]2N(C3CCCCC3)N=NN2)C=C2C(C)=CC=C(C)C2=[NH+]1,,C39711115,,0,0,0,0,0,0,0,0,0,0
O=C1[C@H]([C@H]([NH+](Cc2sccc2)Cc2occc2)[C@H]2N(C3CCCCC3)N=NN2)C=C2C(C)=CC(C)=CC2=[NH+]1,,C39711154,,0,0,0,0,0,0,0,0,0,0
O=C1[C@H]([C@@H]([NH+]2CCC(Cc3ccccc3)CC2)[C@H]2N(C(C)(C)C)NN=N2)C=C2C=C3OCOC3=CC2=[NH+]1,,C39711570,,0,0,0,0,0,0,0,0,0,0
FC(F)(F)C=1C=CC2=[NH+][C@H](C(NC(=O)c3cc(OC)c(OC)cc3)=Cc3ccc([N+](=O)[O-])cc3)[NH+]=C2C=1,,C39780227,,0,0,0,0,0,0,0,1,0,0
O(c1ccc(/C=C(/C#N)\C2[NH+]=C3C=CC=CC3=[NH+]2)cc1)C=1N(C)[C@H]2C(=O)N(C)C(=O)N(C)[C@@H]2N=1,,C39939062,,0,0,0,0,0,0,0,0,0,0
O=C1N(c2ccc(N3C(=O)[C@H]([NH2+][C@@H]4[C@H](C)CCCC4)CC3=O)cc2)C(=O)C[C@H]1[NH2+][C@H]1[C@@H](C)CCCC1,,C13388260,,0,0,0,0,0,0,0,0,0,0
S(=O)(=O)(N[C@@H]1Sc2cc(C(=O)NC3[NH+]=C4C=CC=CC4=[NH+]3)ccc2N1)c1ccc(OC)cc1,,C63280070,,0,0,0,0,0,0,0,1,0,0
S(=O)(=O)(N[C@@H]1[C@H](C)C(C)=NO1)c1ccc(NC(=O)CSC2[NH+]=C3C=CC=CC3=[NH+]2)cc1,,C63289590,,0,0,0,0,0,0,0,0,0,0
O=[N+]([O-])C=1C=CC2=[NH+][C@H]3[C@H]([NH2+]CC(=O)N[C@H]4[C@@H](C(OCC)=O)C=5CCCCC=5S4)CCCC3=C2C=1,,C63290960,,0,0,0,0,0,0,0,0,0,0
O=[N+]([O-])C=1C=CC2=[NH+][C@H]3[C@H]([NH2+]CC(=O)N[C@H]4[C@H](C(OCC)=O)C=5CCCCC=5S4)CCCC3=C2C=1,,C63290961,,0,0,0,0,0,0,0,0,0,0
O=C(CCCC(=O)N1CC[C@@H]2[NH+]=C3C=CC=CC3=C2C1)N1CCN(C(=O)[C@H]2[NH+]=C3C=CC=CC3=C2)CC1,,C63389757,,0,0,0,0,0,0,0,0,0,0
O(C)C(=O)[C@H]1C(NC(=O)CN2CCC(C(=O)N)([NH+]3CCCCC3)CC2)=C2C(OC)=CC=CC2=[NH+]1,,C38669791,,0,0,0,0,0,0,0,0,0,0
O=C(Nc1c([C@@H]2C(=O)[NH+]=C3C=C(C(=O)N4C[C@@H](C)N(c5cc(C)ccc5)CC4)C=CC3=[NH+]2)cccc1)C,,C63502519,,0,0,0,0,0,0,0,0,0,0
O=C1N(C)C(=O)C2=C(c3ccc(C)cc3)N3[C@@H]([C@@H](C4[NH+]=C5C=CC=CC5=[NH+]4)Oc4ccccc34)[C@H]2N1C,,C63527315,,0,0,0,0,0,0,0,0,0,0
ClC1=CN2C(=O)C=C(CS[C@@H]3[NH+]=C4C=CC=CC4=C4[NH+]=C(CCC=5[C@H](C)N=NC=5C)NN34)N=C2C=C1,,C63708142,,0,0,1,0,0,0,1,1,0,0
S(CC(=O)N[C@H]1N=NC(C)=C1)[C@H]1[NH+]=C2C=CC=CC2=C2[NH+]=C(CCC=3[C@@H](C)N=NC=3C)NN12,,C63708190,,0,0,0,0,0,0,0,0,0,0
Brc1ccc(-c2oc(CNS(=O)(=O)C=3C=CC4=[NH+]C(=O)C(=O)[NH+]=C4C=3)cc2)cc1,,C38677099,,0,0,0,0,0,0,0,1,0,0
O=C(N[C@@H](C)C1[NH+]=C2C=CC=CC2=[NH+]1)[C@@H]1[C@H](CCC)N(Cc2ccc3OCOc3c2)C(C)=CC1=O,,C64031631,,0,0,0,0,0,0,0,0,0,0
O=C(CC=1C[NH+]=C2C=CC=CC=12)N1CCN(C(=O)[C@H]2ON[C@H](c3ccc([NH+]4CCCCC4)cc3)N2)CC1,,C64519984,,0,0,0,0,0,0,0,0,0,0
ClC=1C=CC2=[NH+][C@@H](SCc3nc(CCC(=O)N[C@H]4[C@H](C#N)[C@@H]5CCCC[C@@H]5S4)on3)[NH+]=C2C=1,,C64604329,,0,0,1,1,0,0,0,1,0,0
S=C1N(CC(=O)OC2CCCCC2)C(=O)/C(=C\2/C(=O)N(Cc3ccc(C)cc3)[C@H]3CCCC[C@@H]/23)/S1,,C04291167,,0,0,0,0,0,0,0,0,0,0
Brc1ccc(S(=O)(=O)N(C(=O)C2CCCCC2)c2ccc3OC(=O)Sc3c2)cc1,,C03654026,,0,0,1,0,0,0,0,1,0,0
O=C1N(Cc2cccc3ccccc23)C(=O)S[C@@H]1[C@@H]1C(=O)N(Cc2cccc3ccccc23)C(=O)S1,,C01100727,,0,0,0,0,0,0,0,0,0,0
Brc1ccc(C[C@@H]2C(=O)N3[C@H](c4ccc(OC)cc4)C(C(OC)=O)=C(C)N=C3S2)cc1,,C01220193,,0,0,0,0,0,0,0,0,0,0
Brc1c(OC)cc([C@@H]2C(C(OC)=O)C(C)=NC=3C[C@@H](c4sccc4)CC(=O)C2=3)c(OC)c1,,C04113077,,0,0,0,0,0,0,0,0,0,0
S(Cc1nc(N(C(=O)C)c2c(C)c(C)ccc2)sc1)C=1N(C)C(=O)c2c(sc3CCCc23)N=1,,C09136829,,0,0,1,0,0,1,1,1,0,0
FC(F)(F)C(=O)N1[C@H](c2ccc(N(CC)CC)cc2)[C@@H]2C(=O)C[C@@H](c3occc3)CC2=Nc2ccccc12,,C09271819,,0,0,0,0,0,0,0,0,0,0
Brc1sc(C(=O)CN2C(=O)N(S(=O)(=O)c3ccccc23)c2cc(Cl)ccc2)cc1,,C09663881,,0,0,0,0,0,0,0,0,0,0
BrC1=CN2C(=O)C=C(CSc3n(c(-c4sccc4)nn3)-c3ccccc3)N=C2C=C1,,C03620817,,0,0,1,0,0,1,1,1,0,0
S(CC(=O)N1[C@H](c2sccc2)[C@H]2CCC/C(=C\c3sccc3)/C2=N1)c1n(C2CC2)c(C)nn1,,C14240952,,0,0,0,0,0,0,0,0,0,0
Clc1ccc(C(=O)[C@]2(CC)[C@@]3(C(=O)C=4C(=O)Oc5ccccc5C=4)C(=O)Oc4ccccc4[C@@H]23)cc1,,C14944528,,0,0,0,0,0,0,0,0,0,0
Ic1ccc(-n2c(CC3N(c4ccccc4)CCN3c3ccccc3)nnn2)cc1,,C16489002,,0,0,0,0,0,0,0,0,0,0
S=C1N([C@@H](C)c2ccccc2)C(=O)/C(=C\C=2C(=O)N3C=C(C)C=CC3=NC=2N2C[C@H](C)C[C@H](C)C2)/S1,,C17721307,,0,0,0,0,0,0,0,0,0,0
O(CC)c1ccc(N2C(=O)[C@H](C)S[C@@]32C(=O)N(CN2CCc4ccccc4C2)c2ccccc32)cc1,,C12411816,,0,0,0,0,0,0,0,0,0,0
Clc1c(C)cc(N2C(=S)SC=3C(=O)N(c4ccc(C)cc4)C(SCC4OCCO4)=NC2=3)cc1,,C03034335,,0,1,1,0,0,0,1,1,0,0
S([C@@H](C)C(=O)N1CCc2ccccc12)C=1N(C[C@@H]2OCCC2)C(=O)c2c(sc3CCCCc23)N=1,,C21141798,,0,0,1,0,0,0,1,1,0,0
S(Cc1nc(N(CC)C(=O)C)sc1)C=1N(c2ccccc2)C(=O)c2c(sc3CCCCc23)N=1,,C23562831,,0,0,1,0,0,0,1,0,0,0
S=C1N(CCc2ccccc2)C(=O)/C(=C/C=2C(=O)N3C=CC=CC3=NC=2N2C[C@H](C)C[C@@H](C)C2)/S1,,C26503268,,0,0,0,0,0,0,0,1,0,0
S=C1N([C@@H](C)c2ccccc2)C(=O)/C(=C/C=2C(=O)N3C=CC=C(C)C3=NC=2N2C[C@@H](C)C[C@H](C)C2)/S1,,C26503345,,0,0,0,0,0,0,0,0,0,0
S=C1N(C(=O)/C(=C\c2ccc(OCc3ccccc3)cc2)/S1)C=1C(=O)N(N(C)C=1C)c1ccccc1,,C26687206,,0,0,0,0,0,0,0,1,0,0
Clc1c(CC(=O)/N=C\2/N(c3ccc(Oc4ccccc4)cc3)[C@@H]3CS(=O)(=O)C[C@H]3S/2)cccc1,,C32504332,,0,0,0,0,0,0,0,0,0,0
S=C1N(CC)C(=O)/C(/N1c1ccccc1)=C/1\N(CC=C)C(=O)/C(=C\2/N(CC)c3ccccc3S/2)/S\1,,C33347641,,0,0,0,0,0,0,0,0,0,0
Clc1c(CN2C(=O)/C(=C\C=3C(=O)N4C=CC=CC4=NC=3N3[C@@H](CC)CCCC3)/SC2=S)cccc1,,C33469979,,0,0,0,0,0,0,1,0,0,0
Brc1ccc(S(=O)(=O)N(CCC)[C@H](C)C=2N(C)C(=O)c3cc(Cl)ccc3N=2)cc1,,C35030924,,0,1,1,0,0,0,0,0,0,0
Brc1ccc(N2C([C@@H](CC)N3C[C@@H](C)N(C(=O)C(C)C)CC3)=Nc3ccccc3C2=O)cc1,,C35070421,,0,0,0,0,0,0,0,0,0,0
Clc1c(N2CCN(C(=O)CSc3n(c(-c4sccc4)nn3)-c3ccccc3)CC2)cccc1,,C35172600,,0,0,1,0,0,0,1,0,0,0
S(=O)(=O)(N1[C@@H](C)CN(C(=O)CN2[C@@H](c3c(C)cccc3)c3ccsc3CC2)CC1)c1ccc(C)cc1,,C35938530,,0,0,0,0,0,0,0,0,0,0
Clc1c(COc2ccc(/C=C/3\C(=O)N(C[C@@H]4OCCC4)C(=O)C(C#N)=C\3C)cc2)ccc(Cl)c1,,C38607244,,0,0,0,0,0,0,0,0,0,0
Brc1cc(C(=O)/N=C\2/N(CCOC)c3ccc(S(=O)(=O)C)cc3S/2)c(Cl)cc1,,C38830046,,0,0,0,0,0,0,0,1,0,0
Clc1c(OCc2oc(C3=NC(=O)[C@H]4Sc5nc(C(F)F)cc(C)c5C4=N3)cc2)ccc(Cl)c1,,C39237742,,0,0,1,0,0,0,0,1,0,0
S(=O)(=O)(Oc1c(N2C(=O)[C@H]3[C@@H](C2=O)C2c4ccccc4C3c3ccccc23)cccc1)c1ccccc1,,C18247111,,0,0,0,0,0,0,0,0,0,0
BrN1C(=O)N(CC2(C3CCCCC3)CCN(Cl)CC2)[C@@](S(=O)(=O)C(C)C)(C)C1,,C39490973,,0,0,0,0,0,0,0,0,0,0
S(=O)(=O)(Oc1ccccc1)[C@@H]1N(S(=O)(=O)c2ccccc2)[C@@]2(C[C@H](SC)CCC2)CCC1,,C39526929,,0,0,0,0,0,0,0,0,0,0
S=C1N(CCc2ccccc2)C(=O)/C(=C\C2=C(N(CC)C(=O)C(C#N)=C2C)N2C[C@H](C)C[C@H](C)C2)/S1,,C39769362,,0,0,0,0,0,0,0,1,0,0
S=C1N([C@@H](C)c2ccccc2)C(=O)/C(=C\C2=C(N(CC)C(=O)C(C#N)=C2C)N2C[C@H](C)C[C@H](C)C2)/S1,,C39769366,,0,0,0,0,0,0,0,0,0,0
S=C1N(Cc2ccc(F)cc2)C(=O)/C(=C\C2=C(N(CCC)C(=O)C(C#N)=C2C)N2C[C@@H](C)CCC2)/S1,,C39770064,,0,0,0,0,0,0,0,0,0,0
S=C1N(C2CCCC2)C(=O)/C(=C\C2=C(N(CCCC)C(=O)C(C#N)=C2C)N2CCC(C)CC2)/S1,,C39770594,,0,0,0,0,0,0,0,0,0,0
S=C1N(Cc2ccc(F)cc2)C(=O)/C(=C\C=2C(=O)N3C=CC=CC3=NC=2Oc2c(F)cccc2)/S1,,C39835706,,0,0,0,0,0,0,1,0,0,0
S=C1N([C@@H](C)c2ccccc2)C(=O)/C(=C\C=2C(=O)N3C=CC=CC3=NC=2Oc2c(C)cccc2)/S1,,C39835874,,0,0,0,0,0,0,1,0,0,0
S=C1N([C@H](C)c2ccccc2)C(=O)/C(=C\C=2C(=O)N3C=CC=C(C)C3=NC=2Oc2ccc(F)cc2)/S1,,C39835976,,0,0,0,0,0,0,1,0,0,0
Brc1ccc([C@@H]2N(c3sc(CCC)nn3)C(=O)C=3Oc4ccc(C)cc4C(=O)C2=3)cc1,,C39837928,,0,0,0,0,0,0,0,0,0,0
Fc1ccc(CN2C(=O)C=3Oc4ccccc4C(=O)C=3[C@@]32C(=O)N(Cc2ccccc2)c2ccccc32)cc1,,C39889585,,0,0,0,0,0,0,0,0,0,0
Clc1ccc(CN2C(=O)[C@]3(N(CCCC)C(=O)C=4Oc5ccc(F)cc5C(=O)C3=4)c3ccccc23)cc1,,C39890245,,0,0,0,0,0,0,0,0,0,0
S=C1N(Cc2ccc(C)cc2)C(=O)/C(=C/C2=C(N(CC)C(=O)C(C#N)=C2C)N2C[C@H](C)C[C@@H](C)C2)/S1,,C39989808,,0,0,0,0,0,0,0,0,0,0
S=C1N(C2CCCCC2)C(=O)/C(=C/C2=C(N(CCC)C(=O)C(C#N)=C2C)N2C[C@@H](C)CCC2)/S1,,C39990079,,0,0,0,0,0,0,0,0,0,0
S=C1N(Cc2ccc(F)cc2)C(=O)/C(=C/C2=C(N(CCC)C(=O)C(C#N)=C2C)N2C[C@@H](C)CCC2)/S1,,C39990098,,0,0,0,0,0,0,0,0,0,0
Brc1ccc([C@@H]2N(c3sc(CC)nn3)C(=O)C=3Oc4ccc(CC)cc4C(=O)C2=3)cc1,,C40038667,,0,0,0,0,0,0,0,0,0,0
S=C1N(CC=C)C(=O)/C(=C/2\N(CC=C)C(=O)/C(=C\3/N(CC)c4cc(OC)ccc4S/3)/S\2)/S1,,C28615410,,0,0,0,0,0,0,1,1,0,0
Brc1ccc(N2[C@]3(N(Cc4ccccc4)C(C)=C(C(OC)=O)S3)SC(C(=O)C)=N2)cc1,,C59121948,,0,0,0,0,0,0,0,0,0,0
S(CC1=NC(=O)C=2C(S[C@H]3C[C@H](C)CCC=23)=N1)C=1N(C2CCCCC2)C(=O)c2ccsc2N=1,,C39945784,,0,0,1,0,0,0,1,1,0,0
Brc1c([C@@H]2C(C(OC[C@H]3OCCC3)=O)=C(C)NC(=O)N2)cc2OCOc2c1,,C00706492,,0,0,0,0,0,0,0,0,0,0
Brc1c([C@H]2C(C(OC[C@@H]3OCCC3)=O)=C(C)NC(=O)N2)cc2OCOc2c1,,C00706491,,0,0,0,0,0,0,0,0,0,0
Brc1c([C@@H]2C(C(OC[C@@H]3OCCC3)=O)=C(C)NC(=O)N2)cc2OCOc2c1,,C00706490,,0,0,0,0,0,0,0,0,0,0
FC1(F)Oc2cc(NC(=O)COC(=O)c3ccc4S[C@@H](C)C(=O)Nc4c3)ccc2O1,,C08715938,,0,0,0,0,0,0,0,1,0,0
O(CC)C(=O)NC(=O)c1c(NC(=O)c2ccc3OCCOc3c2)sc2C[C@@H](C)CCc12,,C09298279,,0,0,1,0,0,0,0,1,0,0
O(CC)C(=O)NC(=O)c1c(NC(=O)[C@H]2Oc3ccccc3OC2)sc2C[C@@H](C)CCc12,,C09298316,,0,0,0,0,0,0,0,1,0,0
Clc1c(Cl)cc(NC(=O)[C@@H](OC(=O)CN2C(=O)C(C)(C)NC2=O)C)c(Cl)c1,,C09388135,,0,0,0,0,0,0,0,0,0,0
Clc1c(C(OCC(=O)NC(=O)Nc2ccc3OCCOc3c2)=O)cc(SC)cc1,,C03474367,,0,0,1,0,0,0,0,1,0,0
S(CC(=O)NN1C(=O)C2(NC1=O)CCCCC2)c1n(-c2cc(C)cc(C)c2)ccn1,,C09199848,,0,0,0,0,0,0,0,0,0,0
Fc1c(C2(C(OCC(=O)NC(=O)Nc3ccc4OCCOc4c3)=O)CCCC2)cccc1,,C03348067,,0,0,1,0,0,0,0,0,0,0
O(/N=C/1\C(=O)N(CC(C)C)c2ccccc\12)CC(=O)Nc1cc(NC(=O)C)ccc1,,C09813854,,0,0,0,0,0,0,0,1,0,0
Clc1c(NC(=O)COC(=O)CN2C(=O)[C@]3([C@@H](C)CCCC3)NC2=O)c(Cl)ccc1,,C10757002,,0,0,0,0,0,0,0,0,0,0
Clc1c(NC(=O)COC(=O)CN2C(=O)[C@@]3([C@@H](C)CCCC3)NC2=O)c(Cl)ccc1,,C10757037,,0,0,0,0,0,0,0,0,0,0
S(=O)(=O)(C)c1ccc(NC(=O)CN2C(=O)[C@](C)(c3ccc(C(C)C)cc3)NC2=O)cc1,,C11077184,,0,0,0,0,0,0,0,0,0,0
Clc1ccc([C@H]2C(C(OCC)=O)=C(CSc3n(C)cnn3)NC(=O)N2)cc1,,C11148120,,0,0,0,0,0,0,0,1,0,0
O[C@]12CCN(C(=O)CNC(=O)COc3ccc4C(CC)=CC(=O)Oc4c3)C[C@H]1CCCC2,,C02111767,,0,0,1,0,0,0,0,1,0,0
FC(F)(F)c1c(/C=N/NC(=O)[C@H](NC(=O)c2cc([N+](=O)[O-])ccc2)C)cccc1,,C03201422,,0,0,0,0,0,0,0,0,0,0
S(CC(=O)NN1C(=O)C2(NC1=O)CCC(C)CC2)c1n(-c2c(C)cc(C)cc2)ccn1,,C10393141,,0,0,0,0,0,0,0,0,0,0
S(=O)(=O)(N1[C@@H](C(=O)NNC(=O)c2c(C)c3ccccc3o2)CCC1)c1ccc(F)cc1,,C15819656,,0,0,0,0,0,0,0,0,0,0
S(=O)(=O)(Cc1oc(C(=O)NNC(=O)c2c(C)c3ccccc3o2)cc1)c1ccccc1,,C16500963,,0,0,0,0,0,0,0,1,0,0
S(=O)(=O)(N(C)C)c1cc(C(OCc2nc(N)c3c(sc4CCCCc34)n2)=O)ccc1,,C18264527,,0,0,0,0,0,0,1,1,0,0
Clc1c(NC(=O)CN(C)C(=O)CN2C(=O)[C@@](C)(c3ccc(C)cc3)NC2=O)cccc1,,C18415250,,0,0,0,0,0,0,0,0,0,0
S(=O)(=O)(NCC1CCC(C(=O)Nc2sccn2)CC1)c1cccc2nsnc12,,C20281586,,0,1,1,1,0,0,0,1,0,0
Cl/C(=C\c1cc([N+](=O)[O-])c(NC)cc1)/c1sc(C(=O)Nc2ccccc2)nn1,,C22608397,,0,0,1,0,0,0,0,1,0,0
O=C(N[C@@H](C)c1cc(C)c(C)cc1)CN1C(=O)[C@](C)(c2ccc3OCCOc3c2)NC1=O,,C24195513,,0,0,0,0,0,0,0,0,0,0
O=C(NNC(=O)c1sc2CCCCCCc2c1)CCN1C(=O)c2ccccc2N=N1,,C24290573,,0,0,1,0,0,0,0,1,0,0
S(=O)(=O)(N)c1ccc2N(Cc3onc(-c4c(OCC)cccc4)n3)[C@H](C)Cc2c1,,C24752009,,0,0,0,0,1,1,1,1,0,0
O([C@@H](C)C(=O)Nc1ncnc2nc[nH]c12)C(=O)c1ccc(C2SCCCS2)cc1,,C24876894,,0,1,1,0,0,0,0,1,0,0
S(=O)(=O)(N(OC)C)c1cc(C(=O)NNC(=O)c2sc3CCCCCc3c2)ccc1,,C26753476,,0,0,0,0,0,0,0,1,0,0
Fc1ccc([C@@H](NC(=O)CN2C(=O)[C@](C)(Cc3ccc4OCOc4c3)NC2=O)C)cc1,,C29465839,,0,0,0,0,0,0,0,0,0,0
S(=O)(=O)(C)N1C[C@H](C(=O)Nc2c(C(=O)NC(C)(C)C)cccc2)Oc2ccc(C)cc12,,C30942610,,0,0,0,0,0,0,0,0,0,0
O=C(NCCC(=O)N1[C@@H](c2n3C=CC=Cc3nn2)CCC1)NC12CC3CC(C1)CC(C2)C3,,C31505731,,0,0,1,0,0,0,0,0,0,0
O=C(NNC(=O)c1n(-c2ccccc2)nc(-c2ccccc2)c1)[C@H]1Oc2ccccc2OC1,,C32967484,,0,0,0,0,0,0,0,1,0,0
O=C(NCc1ccc2OCOc2c1)c1c(NC(=O)C=2C(=O)Oc3ccccc3C=2)cccc1,,C32996052,,0,0,0,0,0,0,1,1,0,0
S([C@H](C)C=1NC(=O)c2c(C)c(C(OCC)=O)sc2N=1)c1[nH]nc(C(C)C)n1,,C21178854,,0,0,1,0,0,0,1,1,0,0
Fc1c(NC(=O)[C@@H](OC(=O)CN2C(=O)[C@]3(NC2=O)C[C@H](C)CC(C)(C)C3)C)cccc1,,C23511512,,0,0,0,0,0,0,0,0,0,0
Clc1c(C(=O)NNC(=O)CSc2ncnc3n(-c4ccccc4)ncc23)cccc1,,C39546887,,0,0,1,0,0,0,1,1,0,0
Fc1c(NC(=O)COC(=O)CN2C(=O)[C@]3(NC2=O)C[C@@H](C)CC(C)(C)C3)cc(F)cc1,,C22000760,,0,0,0,0,0,0,0,0,0,0
S([C@H](C)c1nc(N)nc(N(C)C)n1)C=1N(C(C)C)C(=O)c2c(C)c(C)sc2N=1,,C45599372,,0,0,1,0,0,0,1,0,0,0
S(CC(=O)N1C[C@H](C(=O)N)Oc2ccccc12)c1nc(-c2occc2)nc2ccccc12,,C45670000,,0,0,1,0,0,0,1,1,0,0
O=C(NNC(=O)c1cc(-c2sc(C)cc2)nc2n(C(C)C)ncc12)c1c(C)oc(C)c1,,C14304231,,0,0,1,0,0,0,1,1,0,0
S([C@H](C)C(=O)NC12CC3CC(C1)CC(C2)C3)c1n(-c2cc(NC(=O)C)ccc2)nnn1,,C46580874,,0,0,1,0,0,0,0,1,0,0
S([C@@H]([C@@H](O)c1ccccc1)C(=O)c1ccccc1)c1[nH]c2C(=O)N(C)C(=O)N(C)c2n1,,C00639422,,0,0,1,0,0,0,1,1,0,0
O(CC)C(=O)c1c(N/C=C/2\C(=O)N(c3ccccc3)C(=O)NC\2=O)sc2CCCCc12,,C16683079,,0,0,0,0,0,0,0,1,0,0
O=C(Nc1ccc2OC3(Oc2c1)CCCC3)CCCN1C(=O)C2(NC1=O)CCCC2,,C25453295,,0,0,0,0,0,0,0,0,0,0
O[C@H](COc1cc(C)cc(C)c1)CN1C(=O)[C@@](C)(c2ccc3OCOc3c2)NC1=O,,C07206567,,0,0,1,0,0,0,0,1,0,0
Fc1cc(CCNC(=O)CN2C(=O)[C@@]3(NC2=O)C[C@H](C)CC(C)(C)C3)c2OCOCc2c1,,C58394114,,0,0,1,0,0,0,0,0,0,0
S(Cc1n(N)c(CSc2c(C#N)c(C)cc(C)n2)nn1)c1c(C#N)c(C)cc(C)n1,,C58835061,,0,0,0,0,0,0,0,1,0,0
Clc1cc(-n2nc(C(=O)Nc3cc(S(=O)(=O)/N=C/4\NCCC\4)ccc3)cc2)ccc1,,C59850885,,0,0,1,0,1,0,1,1,0,0
Clc1c(C)cc(O)c(C2=NN=C3C(=O)N(CCO)[C@H](c4cc(OC)c(OC)cc4)[C@H]23)c1,,C09243206,,0,0,0,0,0,0,0,0,0,0
ClCC(=O)[C@]1(OC(=O)c2occc2)[C@@H](C)C[C@@H]2[C@]1(C)C[C@@H](O)[C@@]1(Cl)[C@@]3(C)C=CC(=O)C=C3CC[C@@H]21,,C03831149,,0,0,0,0,0,0,0,0,0,0
O=[N+]([O-])c1cc([C@@H]2C3([C@H](c4ccccc4)OC42C(=O)c2ccccc2C4=O)C(=O)c2ccccc2C3=O)ccc1,,C00797198,,0,0,0,0,0,0,0,0,0,0
Clc1c(C(=O)N(CC(=O)c2cc([N+](=O)[O-])ccc2)N2C(=O)[C@@H]3[C@H]4CC[C@H](C4)[C@@H]3C2=O)ccc(Cl)c1,,C02862501,,0,0,0,0,0,0,0,0,0,0
Clc1ccc(S(=O)(=O)Cc2sc3C[C@]4(C)CC[C@H]([C@H](C)C(=O)N(C)CC=C)[C@H](O)[C@H]4[C@H](C)c3n2)cc1,,C04221961,,0,0,0,0,0,0,0,1,0,0
Brc1cc(/C=C/2\C(=O)N(c3ccc(Br)cc3)N=C\2C)c(OCC(OCC)=O)cc1,,C08694353,,0,0,0,0,0,0,1,1,0,0
S=C1N([C@@H](C)CC)C(=O)/C(=C/C=2C(=O)N3C=CC=C(C)C3=NC=2N2CCN(c3ccccc3)CC2)/S1,,C01450043,,0,0,0,0,0,0,0,0,0,0
S(CC(=O)N(C)[C@@H]1CS(=O)(=O)CC1)C=1N(CCc2ccccc2)C(=O)c2c(sc3CCCc23)N=1,,C09003939,,0,0,0,0,0,0,1,1,0,0
S(=O)(=O)(N1C[C@@H](C)CCC1)c1ccc(C(=O)/N=C\2/N(CCOC)c3ccc([N+](=O)[O-])cc3S/2)cc1,,C09279697,,0,0,0,0,0,0,0,1,0,0
Clc1c(C)c2nc(N3CCN(C(=O)C4CCN(S(=O)(=O)c5sccc5)CC4)CC3)sc2cc1,,C09505002,,0,0,0,0,0,0,0,0,0,0
S(=O)(=O)(N1C[C@@H](C)O[C@H](C)C1)c1ccc(C(=O)/N=C\2/N(CC(OC)=O)c3ccc(C)cc3S/2)cc1,,C09726389,,0,0,0,0,0,0,0,1,0,0
S(=O)(=O)(N1C[C@@H](C)O[C@H](C)C1)c1ccc(C(=O)/N=C\2/N(CC=C)c3cc([N+](=O)[O-])ccc3S/2)cc1,,C12288816,,0,0,0,0,0,0,0,1,0,0
Clc1c([N+](=O)[O-])cc(S(=O)(=O)N(CC(=O)N2CCc3ccccc3C2)c2ccc(OC)cc2)cc1,,C12600580,,0,0,0,0,0,0,0,0,0,0
S(CC(=O)N[C@H](C)CC)C=1N(c2c(F)cccc2)C(=O)C=2SC(=S)N(c3c(C)cccc3)C=2N=1,,C03034141,,0,0,1,0,0,0,1,1,0,0
S(=O)(=O)(N1C[C@H](C(=O)/N=C/2\N(CC(OC)=O)c3ccc(OC)cc3S\2)CCC1)c1ccc(F)cc1,,C12664745,,0,0,0,0,0,0,0,1,0,0
Clc1ccc(S(=O)(=O)N2[C@@H](C(=O)n3c(C)c(Sc4ccc([N+](=O)[O-])cc4)c(C)n3)CCC2)cc1,,C15906668,,0,0,0,0,0,0,0,0,0,0
Clc1cc(N2C(=O)c3c(sc4CN(C)CCc34)-n3c(SCC(=O)N4CCCC4)nnc23)ccc1,,C20436753,,0,0,0,0,0,0,1,1,0,0
ClCC(=O)[C@@]1(OC(=O)c2occc2)[C@@H](C)C[C@@H]2[C@]1(C)C[C@H](O)[C@]1(Cl)[C@@]3(C)C=CC(=O)C=C3CC[C@H]21,,C21981267,,0,0,0,0,0,0,0,0,0,0
FC(F)(F)c1nc2ccnc(N3CCN4C(=O)N(c5c(Oc6ccccc6)cccc5)C(=O)[C@H]4C3)c2cc1,,C24907925,,0,0,1,0,0,0,0,1,0,0
S=C1N(C[C@H]2OCCC2)C(=O)/C(=C/C=2C(=O)N3C=CC=C(C)C3=NC=2N2CCc3ccccc3C2)/S1,,C26842094,,0,0,0,0,0,0,1,0,0,0
Brc1ccc2N(CC(C)=C)C[C@@H](C[C@@H](NC(=O)[C@H]3[C@]4(OC(=O)C3)CC(C)(C)OCC4)C)c2c1,,C27691611,,0,0,0,0,0,0,0,0,0,0
Clc1ccc(C(=O)/N=C/2\N(C[C@@H]3OCCC3)C=3N=C4C(C)=CC=CN4C(=O)C=3C=C\2C(OCC)=O)cc1,,C11690724,,0,0,1,0,0,0,0,1,0,0
O=C(N1CCN(C2CCCCC2)CC1)[C@H]1[C@@H]2N(C(=O)c3ccccc13)CCc1cc(OCC)c(OCC)cc21,,C20155558,,0,0,0,0,0,0,0,0,0,0
S=C1N(CCc2ccc(OC)cc2)C(=O)/C(=C/C2=C(N(CC)C(=O)C(C#N)=C2C)N2CCCCC2)/S1,,C33470078,,0,0,0,0,0,0,0,0,0,0
S=C1N(CCc2ccccc2)C(=O)/C(=C\C=2C(=O)N3C=CC=C(C)C3=NC=2NC2CCC(C)CC2)/S1,,C33517483,,0,0,0,0,0,0,1,1,0,0
S=C1N(Cc2ccc(OC)cc2)C(=O)/C(=C\C=2C(=O)N3C=CC=CC3=NC=2N2C[C@@H](C)C[C@H](C)C2)/S1,,C33804029,,0,0,0,0,0,0,0,0,0,0
S=C1N([C@@H](C)CC)C(=O)/C(=C\C=2C(=O)N3C=CC=CC3=NC=2N2CCN(Cc3ccccc3)CC2)/S1,,C34780400,,0,0,0,0,0,0,0,0,0,0
S(CC(=O)N1C[C@@H](C)N(C(=O)Cc2sccc2)CC1)c1n(c(-c2sccc2)nn1)-c1ccccc1,,C35173894,,0,0,1,0,0,0,1,1,0,0
ClCC(C)(C)C(=O)N1[C@@H](C)CN(C(=O)CSc2n(c(-c3sccc3)nn2)-c2ccccc2)CC1,,C35173897,,0,0,1,0,0,0,0,0,0,0
S(=O)(=O)(N(CC(=O)N1[C@H](c2c(C)cccc2)c2ccsc2CC1)C(C)C)c1cccc2cccnc12,,C35405772,,0,0,0,0,0,0,0,0,0,0
S(=O)(=O)(N(CC(=O)N1[C@@H](c2c(C)cccc2)c2ccsc2CC1)C(C)C)c1cccc2cccnc12,,C35405774,,0,0,0,0,0,0,0,0,0,0
Clc1ccc([C@@H]2N(C(=O)CN(S(=O)(=O)c3ccc(OC)cc3)C3CC3)CCc3sccc23)cc1,,C35768201,,0,0,0,0,0,0,0,0,0,0
Clc1c([N+](=O)[O-])cc(S(=O)(=O)N2CCN(c3nc(CC)nc4sc5CCCCc5c34)CC2)cc1,,C35867865,,0,0,1,0,0,0,0,1,0,0
S(=O)(=O)(N1CCC(C(=O)N2CCN(c3c(F)cccc3)CC2)CC1)c1ccc2N(C(=O)C)[C@@H](C)Cc2c1,,C09152174,,0,0,0,0,0,0,0,0,0,0
S(CC)c1ccc(-c2c(/C=C\3/C(=O)N(C[C@H]4OCCC4)C(=O)C(C#N)=C/3C)cn(-c3ccccc3)n2)cc1,,C38607047,,0,0,0,0,0,0,0,0,0,0
Cl[C@@H]1[C@H](C(=O)N(CC2=CC=C[C@H]3N=CC=C23)CC2=CC=C[C@H]3N=CC=C23)S[C@@H]2[C@@H]([N+](=O)[O-])C=CC=C12,,C38777333,,0,0,0,0,0,0,0,0,0,0
S(=O)(=O)(N1C[C@@H](C)O[C@@H](C)C1)c1ccc(C(=O)/N=C/2\N(C)c3ccc(C(OCC)=O)cc3S\2)cc1,,C17967634,,0,0,0,0,0,0,0,1,0,0
Br[C@@H]1[C@@H](C(=O)CCC)[C@H](c2cc(S(=O)(=O)C(C)C)ccc2)c2cc3OCOc3cc2C1=O,,C39484346,,0,0,0,0,0,0,0,1,0,0
Br[C@@H]1C[C@]2(N(S(=O)(=O)Oc3ccccc3)C[C@H](S(=O)(=O)Oc3ccccc3)C2)CC1,,C39508740,,0,0,0,0,0,0,0,0,0,0
S=C1N(Cc2ccc3OCOc3c2)C(=O)/C(=C\C=2C(=O)N3C=CC=CC3=NC=2N2C[C@@H](C)CCC2)/S1,,C39729243,,0,0,0,0,0,0,0,0,0,0
S=C1N([C@H](C)c2ccccc2)C(=O)/C(=C\C2=C(NCc3ccccc3)N(CC)C(=O)C(C#N)=C2C)/S1,,C39851362,,0,0,0,0,0,0,0,1,0,0
Clc1ccc2OC=3C(=O)N(CCOC)[C@@]4(C(=O)N(Cc5cc(C)ccc5)c5ccccc45)C=3C(=O)c2c1,,C39889985,,0,0,0,0,0,0,0,0,0,0
Fc1ccc2OC=3C(=O)N(Cc4ccccc4)[C@@]4(C(=O)N(Cc5ccccc5)c5ccccc45)C=3C(=O)c2c1,,C39890195,,0,0,0,0,0,0,0,0,0,0
S=C1N(C[C@@H]2OCCC2)C(=O)/C(=C/C2=C(N(CCCC)C(=O)C(C#N)=C2C)N2C[C@@H](C)CCC2)/S1,,C39990431,,0,0,0,0,0,0,0,0,0,0
S=C1N(C)C(=O)/C(=C/C2=C(N(CCCC)C(=O)C(C#N)=C2C)N2CCN(c3ccc(F)cc3)CC2)/S1,,C39991276,,0,0,0,0,0,0,0,0,0,0
Brc1c(S(=O)(=O)N2C[C@H]3CN4C(=O)C=CC=C4[C@@H](C2)C3)cc2N(C(=O)C3CC3)CCc2c1,,C40450520,,0,0,0,0,0,0,0,0,0,0
O(CC)C(=O)C=1[C@H](c2cc(OC)c(OC(=O)C)cc2)N2C(=O)/C(=C/3\C(=O)N(C)c4ccccc\34)/SC2=NC=1C,,C00635483,,0,0,0,0,0,0,0,0,0,0
S=C1N(C(=O)/C(=C/c2ccc(OC(=O)c3cc([N+](=O)[O-])ccc3)cc2)/S1)C=1C(=O)N(N(C)C=1C)c1ccccc1,,C01789749,,0,0,0,0,0,0,0,1,0,0
O=C1N(c2cccc3cccnc23)C(=O)C[C@H]1[C@@H]1C[C@@H]2C(=O)N(c3cccc4cccnc34)C(=O)[C@@H]2C(C)=C1,,C59461224,,0,0,0,0,0,0,0,0,0,0
S(C)CC[C@H](C(=O)Nc1cc(C(=O)C)ccc1)N1C(=O)[C@H]2[C@H](C1=O)C1c3ccccc3C2c2ccccc12,,C13857855,,0,0,0,0,0,0,0,0,0,0
S(C)CC[C@H]1N[C@]2(C(=O)N(Cc3ccc(F)cc3)c3ccccc23)[C@H]2C(=O)N(c3ccccc3)C(=O)[C@H]12,,C15320465,,0,0,0,0,0,0,0,0,0,0
O=C1C([C@H]([NH+]2C[C@@H](C)CCC2)c2n(C3CCCCC3)nnn2)=Cc2ccc(C)cc2N1,,C04160585,,0,0,0,0,0,0,0,0,0,0
O=C1C([C@@H]([NH+]2C[C@@H](C)CCC2)c2n(C3CCCCC3)nnn2)=Cc2ccc(C)cc2N1,,C01224894,,0,0,0,0,0,0,0,0,0,0
O=C1C([C@@H]([NH+]2CCCCCC2)c2n(C(C)(C)C)nnn2)=Cc2c(C)ccc(C)c2N1,,C04212406,,0,0,0,0,0,0,0,0,0,0
Fc1ccc([C@@H]2[C@H]([N+](=O)[O-])C(C)(C)[C@@H]([N+](=O)[O-])[C@@H](c3ccc(F)cc3)[NH2+]2)cc1,,C04954334,,0,0,0,0,0,0,0,0,0,0
O=C1C([C@H]([NH+]2CCc3ccccc3C2)c2n(C(C)(C)CC)nnn2)=Cc2ccc(C)cc2N1,,C06149578,,0,0,0,0,0,0,0,0,0,0
O=C1C([C@@H]([NH+](CC)CC)c2n(C3CCCCC3)nnn2)=Cc2c(C)cc(C)cc2N1,,C00894559,,0,0,0,0,0,0,0,0,0,0
O=C1C([C@H]([NH+]2CCC(C)CC2)c2n(C3CCCC3)nnn2)=Cc2ccc(C)c(C)c2N1,,C00889545,,0,0,0,0,0,0,0,0,0,0
O(/N=C/c1ccccc1)Cc1nn2C=Nc3sc4C(C)(C)[NH2+]C(C)(C)Cc4c3-c2n1,,C03208724,,0,0,1,0,0,0,1,1,0,0
O[C@H](C[NH+]1CCN(c2c(C)cccc2)CC1)CN1c2ccccc2N2C(=O)C=C(C)C(C#N)=C12,,C02708662,,0,0,1,0,0,0,1,1,0,0
O=C1N2N=C(NCC[NH+]3CCOCC3)c3ccccc3C2=Nc2sc3C[C@@H](C)CCc3c12,,C09373468,,0,1,1,0,0,0,1,1,0,0
O=C1C([C@@H]([NH+]2CCc3ccccc3C2)c2n(C3CCCC3)nnn2)=Cc2ccc(C)cc2N1,,C06409991,,0,0,0,0,0,0,0,0,0,0
O=C1C([C@H]([NH+]2CCc3ccccc3C2)c2n(C(C)(C)C)nnn2)=Cc2cc(C)c(C)cc2N1,,C06320975,,0,0,0,0,0,0,0,0,0,0
O=C1C([C@H]([NH+]2CCc3ccccc3C2)c2n(C3CCCC3)nnn2)=Cc2cc(C)c(C)cc2N1,,C06321008,,0,0,0,0,0,0,0,0,0,0
O=C1C([C@H]([NH+]2C[C@@H](C)CCC2)c2n(C3CCCCC3)nnn2)=Cc2cc(C)c(C)cc2N1,,C06321027,,0,0,0,0,0,0,0,0,0,0
O=C1C([C@@H]([NH+]2C[C@@H](C)CCC2)c2n(C3CCCCC3)nnn2)=Cc2ccc(C)c(C)c2N1,,C06442461,,0,0,0,0,0,0,0,0,0,0
O=C1C(C[NH+]2CCC=3N=C(N4C[C@H](C)CCC4)NC(=O)C=3C2)=COc2ccccc12,,C19496579,,0,0,1,0,0,0,1,1,0,0
O(Cc1ccccc1)c1ccc(/C=N/N2C(=[NH2+])C=3Sc4n(c5ccccc5n4)C=3N=C2)cc1,,C08426341,,0,0,1,0,0,0,1,1,0,0
[O-]C=1N2[C@H]([C@H]3CCC=CC3)[NH+]=C(N3CCC([NH+]4CCCCC4)CC3)N=C2N=C(C)C=1,,C20556029,,0,0,0,0,0,0,0,0,0,0
O=C(Nc1n(-c2ccc(C)cc2)nc(C)c1)C[NH+](C)Cc1ccc2OCCOc2c1,,C25045676,,0,1,1,0,0,1,1,1,0,0
S(CC=1C=C(O)OC2=CC(=[NH+]C(=O)C)C=CC=12)C=1N(CCC)C(=O)c2ccccc2N=1,,C28933298,,0,1,1,0,0,0,1,1,0,0
O=C(Nc1scc(C[NH+]2C[C@H](C)C[C@@H](C)C2)n1)c1cnc(-n2c(C)cc(C)n2)cc1,,C30564529,,0,0,1,0,0,0,0,1,0,0
OC=1OC2=CC(=[NH+]C(=O)C)C=CC2=C(COC(=O)c2cccc3[C@@H](C)[C@H](C)Oc23)C=1,,C32829347,,0,0,0,0,0,0,0,1,0,0
Clc1ccc2N=C([C@H](C)[NH+]3C[C@H](C)N(C(=O)NC(C)(C)C)CC3)N(C)C(=O)c2c1,,C35032981,,0,1,1,0,0,0,0,0,0,0
O(C)c1c([C@H]2[NH+]=C(N3CCC(Cc4ccccc4)CC3)N=C3NC(C)=CC(=O)N23)cccc1,,C13637307,,0,0,0,0,0,0,0,0,0,0
S(CC=1C=C(O)OC2=C/C(=[NH+]\C(=O)C)/C=CC=12)c1oc(-c2ccccc2)nn1,,C36800486,,0,0,1,0,0,0,1,1,0,0
O=[N+]([O-])c1cc([C@H]2[NH2+]Cc3cc(OCC)c(OCC)cc3-n3cccc23)ccc1,,C04188364,,0,0,0,0,0,0,0,0,0,0
O=C(N[C@@H]1CC(C)(C)Oc2ccccc12)C1CC[NH+](Cc2onc(-c3sccc3)n2)CC1,,C38872960,,0,0,1,0,0,1,0,1,0,0
Clc1c(NC(=O)CSC=2N=NC=3[C@@H]([NH+]=C4C=CC=CC=34)N=2)ncc(C(F)(F)F)c1,,C39206320,,0,0,1,0,0,0,0,0,0,0
O=C(N1CCC(N2[C@@H](CC3CCCC3)Nc3ccc[nH+]c23)CC1)[C@H]1N=NC=2CCCCC1=2,,C39353734,,0,0,0,0,0,0,0,0,0,0
O=C1[C@H]([C@@H](N2CCc3ccccc23)[C@H]2N(C(C)(C)C)NN=N2)C=C2C=CC=C(C)C2=[NH+]1,,C39699288,,0,0,0,0,0,0,0,0,0,0
O=C1[C@H]([C@@H](N2CCc3ccccc3C2)[C@H]2N(C(C)(C)C)N=NN2)C=C2C(C)=CC=C(C)C2=[NH+]1,,C39699313,,0,0,0,0,0,0,0,0,0,0
O=C1[C@H]([C@@H](N2CCc3ccccc3C2)[C@H]2N(C(C)(C)C)N=NN2)C=C2C=C(C)C=C(C)C2=[NH+]1,,C39710983,,0,0,0,0,0,0,0,0,0,0
O=C1[C@@H]([C@@H](N2CCc3ccccc3C2)[C@H]2N(C(C)(C)C)N=NN2)C=C2C=C(C)C=C(C)C2=[NH+]1,,C39710984,,0,0,0,0,0,0,0,0,0,0
O=C(/[NH+]=C/1\C=CC2=NC([O-])=NC2=C\1)[C@@H](C)[NH+]1C[C@@H](c2sc3ccccc3n2)CCC1,,C39736620,,0,0,1,0,0,0,0,1,0,0
S(CC(=O)Nc1c(F)ccc([N+](=O)[O-])c1)c1n(C2CCCCC2)c(C)c(C)[nH+]1,,C06973289,,0,0,0,0,0,0,0,1,0,0
O=C(/N=C/1\SC=C(C[NH+]2C[C@@H](C)C[C@H](C)C2)N\1)c1c(C)nn(-c2ccccc2)n1,,C22293470,,0,1,1,0,0,1,1,1,0,0
Brc1ccc([C@@H]2C(C(OC(C)(C)C)=O)=C(C)N=C3[NH+]=NNN23)cc1,,C35147959,,0,0,0,0,0,0,0,0,0,0
CCc1ccc([C@@H]2Oc3ccccc3C=3N=C4[NH+]=NNN4[C@H](c4cnccc4)C2=3)cc1,,C10336994,,0,0,0,0,0,0,1,0,0,0
O=C(N(CC[NH+](C)C)c1ccccc1)CN1C(=O)[C@@]2(NC1=O)C[C@@H](C)CC(C)(C)C2,,C60208475,,0,0,0,0,0,0,0,0,0,0
FC(F)(F)[C@@H]1N2NC(C(=O)N(C)Cc3c(C)n(C)nc3C)=CC2=[NH+][C@@H](c2sccc2)C1,,C13123475,,0,0,0,0,0,0,0,1,0,0
O=C(C[C@@H]1[C@H](C)c2cc3c(-c4ccccc4)coc3cc2OC1=O)N1CCc2[nH+]c[nH]c2C1,,C63270051,,0,0,0,0,0,0,0,1,0,0
O=C(NC1CCCC1)[C@H](C(C)C)N1C(=O)[C@@]2(C)N(C1=O)CCC=1[C@H]2[NH+]=C2C=CC=CC=12,,C63373132,,0,0,0,0,0,0,0,0,0,0
O=C(NC1CCCC1)c1c(N2C(=O)N3[C@@H](C)[C@H]4[NH+]=C5C=CC=CC5=C4C[C@H]3C2=O)cccc1,,C63375233,,0,0,0,0,0,0,0,0,0,0
O=C(N(C(C)C)C1CCCCC1)CN1C(=O)[C@@H](CC=2C[NH+]=C3C=CC=CC=23)NC1=O,,C63996726,,0,0,0,0,0,0,0,0,0,0
O=[N+]([O-])c1cc(C)c(NC(=O)[C@H](C)N2CC[NH+](CC3CCCCC3)CC2)cc1,,C64129327,,0,0,0,0,0,0,0,0,0,0
O=C(Nc1scc(C=2[C@@H](C)[NH+]=C3C=CC=CC=23)n1)CN1C(=O)[C@@H](C)Oc2ccccc12,,C64175098,,0,0,0,0,0,0,0,0,0,0
O=C(N1CCN([C@H]2NN(c3cc(C)c(C)cc3)C(=O)C=C2)CCC1)[C@H]1[NH+]=C2C=CC=CC2=C1,,C64502858,,0,0,0,0,0,0,0,0,0,0
Brc1oc(C(=O)N(C)CCC=2N[C@@H]([C@@H]3[NH+]=C4C=CC(Cl)=CC4=C3)ON=2)cc1,,C65183039,,0,0,0,0,0,0,0,0,0,0
O=C(OC(C)(C)C)NC(C)(C)c1nc(C[NH+]2CC3C[C@@H]4CC2C[C@H](C3)C4)on1,,C65967118,,0,0,1,0,0,0,0,0,0,0
O=[N+]([O-])c1cc(C)c(NC(=O)[C@@H](C)N2CC[NH+](CC3CCCCC3)CC2)cc1,,C67648720,,0,0,0,0,0,0,0,0,0,0
O=C(C[C@H]1[NH+](C)CCc2cc3OCOc3c(OC)c12)c1ccc2OCCOc2c1,,C02139884,,0,0,0,0,0,0,0,1,0,0
O=C1N(C)C(=O)c2n(Cc3cc(C)ccc3)c(C[NH+](C)Cc3ccccc3)nc2N1C,,C04032975,,0,0,1,0,0,0,1,1,0,0
Clc1cc(-n2c([C@@H]([NH+]3CCCCC3)c3cc([N+](=O)[O-])ccc3)nnn2)ccc1,,C04491355,,0,0,0,0,0,0,0,0,0,0
O(C)c1c(OC)cc([C@H]2[C@H](C)[C@@H]([NH+]3CCCC3)Oc3cc4OCOc4cc23)cc1OC,,C05618798,,0,0,0,0,0,0,0,0,0,0
FC(F)(F)c1c[nH+]c(N2CCN(c3n(-c4ccccc4)nnn3)CCC2)cc1,,C08157275,,0,1,1,0,0,1,1,1,0,0
S(=O)(=O)(/C=C/c1ccccc1)N1CCC(C(=O)N2CCN(c3[nH+]cccc3)CC2)CC1,,C09463434,,0,0,0,0,0,0,0,0,0,0
Fc1ccc(CN2C(=O)N(C)c3nc4N(CC[NH+](C)C)C(C)=C(C)n4c3C2=O)cc1,,C10104056,,0,0,0,0,0,0,1,0,0,0
Clc1cc([C@H]2CN(C(=O)Cn3c(C[NH+]4CCc5ccccc5C4)nnn3)CC2)ccc1,,C12439877,,0,0,0,0,0,0,0,1,0,0
O=[N+]([O-])c1ccc(N2CC[NH+](C[C@@H]3C(=O)O[C@@H]4C[C@@]5(C)CCC[C@@]6(OC6)[C@@H]5C[C@H]34)CC2)cc1,,C12661385,,0,0,0,0,0,0,0,0,0,0
O=C1N(CCC2CC[NH+](C[C@H]3Oc4ccccc4OC3)CC2)CCN1c1ccncc1,,C13813763,,0,0,1,1,0,0,0,1,0,0
S(=O)(=O)(N1CC[NH+](C23CC4CC(C2)CC(C3)C4)CC1)c1cccc2nonc12,,C17082515,,0,0,1,0,0,0,0,0,0,0
O=[N+]([O-])c1cc(/C(=N/N=C/c2ccc(C)cc2)/C23C[NH+]4CN(C2)CN(C3)C4)ccc1,,C19324756,,0,0,0,0,0,0,0,0,0,0
O=[N+]([O-])c1ccc(/C=N/N=C(/c2ccccc2)\C23C[NH+]4CN(C2)CN(C3)C4)cc1,,C19325500,,0,0,0,0,0,0,0,0,0,0
N(\N=C(/c1ccccc1)\C12C[NH+]3CN(C1)CN(C2)C3)=C/c1ccc2OCOc2c1,,C19326191,,0,0,1,0,0,0,0,1,0,0
S(=O)(=O)(c1c(C)ccc(C)c1)c1nnn-2c1N=C(N1CC[NH+](CC)CC1)c1sccc-21,,C20516466,,0,0,0,0,0,0,1,0,0,0
Cc1c(N2CC[NH+](Cc3onc(C4(c5ccc(C)cc5)CCCC4)n3)CC2)nc(C)cn1,,C20653434,,0,0,1,0,0,0,0,1,0,0
Fc1ccc2c(C3CC[NH+](CCC=4C(=O)N5C[C@@H](OC)CCC5=NC=4C)CC3)noc2c1,,C22059377,,0,0,1,0,0,0,0,1,0,0
Clc1ccc([C@@H](C(OC)=O)[NH+]2CCN(S(=O)(=O)c3cc(C#N)ccc3)CC2)cc1,,C32911907,,0,0,0,0,0,0,0,1,0,0
N(C)(C)c1[nH+]cc(-c2nc([C@H]3N(Cc4oc5ccccc5c4)CCC3)on2)cc1,,C35426295,,0,0,0,0,0,1,1,1,0,0
O(CC)c1ccc(-n2c(C)c3C(C)=NN(CC[NH+]4CCCCC4)C(=O)c3n2)cc1,,C00642657,,0,0,0,0,0,0,0,1,0,0
O=C1N(C)C(=O)c2n(Cc3cccc4ccccc34)c(C[NH+]3C[C@H](C)CCC3)nc2N1C,,C06530538,,0,0,0,0,0,0,1,0,0,0
O(Cc1oc(-c2oc(N3CC[NH+](CC)CC3)c(C#N)n2)cc1)c1ccc(C)cc1,,C08654595,,0,1,1,0,0,1,1,1,0,0
O=C(N(C[C@@H]1C(=O)[NH+]=C2C=CC(OC)=CC2=C1)c1ccc(OC)cc1)c1ccncc1,,C38963727,,0,0,1,0,0,1,0,1,0,0
Clc1c([C@@H]2N(/N=C/c3cc(OC)c(OC(=O)C)cc3)C(=S)N=[NH+]2)cccc1,,C38995175,,0,0,0,0,0,0,0,0,0,0
[NH+](C)(C[C@H]1N=NC=2CCCCC1=2)Cc1c(-c2ccc3OCCOc3c2)nn(C)c1,,C39454905,,0,1,1,0,0,1,0,0,0,0
S[C@@H]1N(/N=C/C=2C[NH+]=C3C=CC=CC=23)[C@H]([C@H]2N=NC(c3ccccc3)=C2)N=N1,,C39590602,,0,0,0,0,0,0,0,0,0,0
O=C(N(C[C@H]1C(=O)[NH+]=C2C=C3OCOC3=CC2=C1)C1CCCCC1)c1nccnc1,,C39697707,,0,0,0,0,0,0,0,1,0,0
O=C(N(C[C@H]1C(=O)[NH+]=C2C=C(OC)C=CC2=C1)c1c(OC)cccc1)[C@@H]1OCCC1,,C39928889,,0,0,0,0,0,0,0,1,0,0
Clc1cc(N2CC[NH+]([C@@H](CC)c3n(C[C@@H]4OCCC4)nnn3)CC2)c(C)cc1,,C39980825,,0,0,0,0,0,0,0,0,0,0
S(=O)(=O)(C)N1[C@H]([C@@H]2C(=O)[NH+]=C3C(C)=CC(C)=CC3=C2)c2cc(OC)c(OC)cc2CC1,,C40010795,,0,0,0,1,0,0,0,0,0,0
S(c1c([N+](=O)[O-])c(N2CCN(c3[nH+]cccc3)CC2)ncn1)c1ccccc1,,C40650146,,0,0,0,0,0,0,0,0,0,0
S(c1c([N+](=O)[O-])c(N2CCN(c3[nH+]cccc3)CC2)ncn1)c1ccc(C)cc1,,C40650350,,0,0,0,0,0,0,0,0,0,0
Clc1ccc2sc(C3CC[NH+](Cn4nnc(C(OC)=O)c4)CC3)nc2c1,,C42081612,,0,0,1,0,0,0,0,0,0,0
S=C1N(C[NH+]2CCC3(OCCO3)CC2)N=C(c2ccc(OC(F)F)cc2)O1,,C45715570,,0,0,0,0,0,1,0,1,0,0
FC(F)(F)c1cc([N+](=O)[O-])c2SC(N3CCC4(O[C@@H](C)CO4)CC3)=[NH+]C(=O)c2c1,,C43208590,,0,0,1,0,0,0,0,0,0,0
O=C1N2C=CSC2=[NH+]C(CN2CCN(c3nc(C)nc4sc5CCCc5c34)CC2)=C1,,C15143824,,0,1,1,0,0,0,0,1,0,0
O(C)c1c(OC)ccc([C@@H]2N3C(=O)CN([C@H](C)CC)C(=O)[C@@H]3CC=3[C@H]2[NH+]=C2C=CC=CC=32)c1,,C63137266,,0,0,0,1,0,0,0,0,0,0
O=[N+]([O-])c1cc([C@@H]2N3C(=O)CN(CC(C)C)C(=O)[C@@H]3CC=3[C@H]2[NH+]=C2C=CC=CC=32)ccc1,,C63139025,,0,0,0,0,0,0,0,0,0,0
O(C)c1c(/C=N/N2C(=O)[C@H]3N(C(=O)C2)C[C@H]2[NH+]=C4C=CC=CC4=C2C3)c2ccccc2cc1,,C63350895,,0,0,0,0,0,0,0,0,0,0
O=[N+]([O-])c1cc([C@@H]2N(C(=O)C)[C@H](C(OC)=O)CC=3[C@@H]2[NH+]=C2C=CC=CC=32)ccc1,,C63350987,,0,0,0,0,0,0,0,0,0,0
O(C)c1c(/C=N/N2C(=O)[C@H]3N(C(=O)C2)C(C)(C)[C@@H]2[NH+]=C4C=CC=CC4=C2C3)ccc(OC)c1,,C63351289,,0,0,0,0,0,0,0,0,0,0
Brc1c([C@H]2N(/N=C/c3c(OC)cc(OC)c(OC)c3)C(=S)[NH+]=N2)cccc1,,C39006823,,0,0,0,0,0,0,0,0,0,0
FC(F)(F)c1c(-n2nnc(C(=O)N3CCC(C=4C[NH+]=C5N=CC=CC=45)=CC3)c2)cccc1,,C64079317,,0,0,1,0,0,1,0,0,0,0
ClC=1C=CC2=[NH+][C@@H](C(=O)N3CCN(CC4=N[C@@H]5C(C)=CC=CN5C4)C(=O)CC3)C(C)=C2C=1,,C64131675,,0,0,0,0,0,0,0,0,0,0
Fc1c([C@@H]2N(C(=O)CCCn3ncnc3)CCC=3[C@@H]2[NH+]=C2C=CC=CC=32)ccc(OC)c1,,C64651233,,0,0,1,1,0,0,0,0,0,0
O=[N+]([O-])c1ccc2nc(N3CCN(CC[NH+]4[C@H](C)CC[C@H]4C)CC3)sc2c1,,C66465823,,0,0,1,0,0,0,0,0,0,0
Cc1c(-n2c(C[NH+]3[C@@H](c4cccc5OCCOc45)CCC3)nnn2)c(C)ccc1,,C66898841,,0,1,1,0,0,1,1,1,1,0
Clc1cc(S(=O)(=O)N2C[C@H]([NH+](C)C)Cc3ccccc23)c([N+](=O)[O-])cc1,,C67244492,,0,0,0,0,0,0,0,0,0,0
O(C(C)(C)C)C(=O)N1C[C@H](C[NH+]2CCN(C(=O)c3oc(C)cc3)CC2)CCC1,,C67379098,,0,0,0,0,0,0,0,0,0,0
Clc1c(-c2oc(C[NH+]3CCC(c4n5C=CC=Cc5nn4)CC3)nn2)cccc1,,C67442851,,0,0,1,0,0,1,0,1,0,0
Brc1cc(-c2n(C)c(SCC(=O)Nc3sc(CC)nn3)nn2)c(O)cc1,,C02882945,,0,0,1,0,0,0,1,1,0,0
O=C(Nc1cc(OCC)c(OCC)cc1)CN1C(=O)[C@]2(NC1=O)CCCc1ccccc21,,C08624153,,0,0,0,0,0,0,0,0,0,0
O=C(Nc1cc(OCC)c(OCC)cc1)CN1C(=O)[C@@]2(NC1=O)CCCc1ccccc21,,C08624155,,0,0,1,0,0,0,0,0,0,0
Clc1ccc(NC(=O)CSc2sc(NC3=NS(=O)(=O)c4ccccc34)nn2)cc1,,C02124182,,0,0,0,0,0,0,1,1,0,0
S=C1N(CCC(=O)NNc2ccc([N+](=O)[O-])cc2)C(=O)/C(=C/c2ccc(C)cc2)/S1,,C08766296,,0,0,0,0,0,0,0,1,0,0
Clc1c(C)n(Cc2cc(C(=O)Nc3c(C(=O)NCC(C)C)n(C)nc3)ccc2)nc1C,,C02728840,,0,0,1,0,0,1,0,1,0,0
Clc1c(C(=O)Nc2sc(SCC(=O)Nc3sc(C)nn3)nn2)ccc(Cl)c1,,C08791225,,0,0,1,0,0,1,0,1,1,0
Clc1ccc2N=C(SCC(=O)NNC(=O)c3occc3)N(CC(C)C)C(=O)c2c1,,C09091437,,0,0,1,0,0,0,0,1,0,0
S(=O)(=O)(Nc1ccc2N(CCC)C(=O)C(C)(C)COc2c1)c1cc(F)c(NC(=O)C)cc1,,C09167801,,0,0,0,0,0,0,0,1,0,0
O(CC(=O)C=1C(=O)N(C)C(=O)N(Cc2ccccc2)C=1N)C(=O)c1ccc2ccccc2c1,,C10732899,,0,0,1,0,0,0,0,1,0,0
Brc1cc(C)c(NC(=O)COC(=O)CN2C(=O)[C@]3([C@H](C)CCCC3)NC2=O)cc1,,C10751792,,0,0,0,0,0,0,0,0,0,0
Clc1c(C(OCC(=O)Nc2cc(S(=O)(=O)/N=C\3/NCCC/3)ccc2)=O)ccc(F)c1,,C11455821,,0,0,0,0,0,0,0,1,0,0
O[C@]12CCN(C(=O)CNC(=O)COc3c(C)c4OC(=O)C=C(CC)c4cc3)C[C@@H]1CCCC2,,C11866977,,0,0,1,0,0,0,0,1,0,0
S(CC(=O)Nc1sc(C)c(C)n1)c1n(C[C@H]2OCCC2)c(-c2ccc(O)cc2)nn1,,C12711856,,0,0,1,0,1,0,0,1,0,0
O=C(CN1C[C@@H](C(=O)N)Oc2ccccc12)N1[C@H](c2ccc(OC)cc2)CC(c2ccccc2)=N1,,C12565399,,0,0,0,0,0,0,0,0,0,0
Fc1c(NC(=O)CN(CC)C(=O)CN2C(=O)[C@@]3(NC2=O)C[C@@H](C)CC(C)(C)C3)c(F)ccc1,,C13021274,,0,0,0,0,0,0,0,0,0,0
O=C(N[C@@H](C)c1sccn1)c1c(C)c2c(NCc3ccc4OCOc4c3)ncnc2s1,,C14988715,,0,0,1,0,0,0,1,1,0,0
O([C@H](C)C(=O)Nc1ccc2ccccc2c1)C(=O)[C@@H](NC1=NS(=O)(=O)c2ccccc12)C,,C15752506,,0,0,0,0,0,0,0,0,0,0
FC(F)[C@@H]1n2nc(C(=O)Nc3c(C(OCC)=O)c4CC[C@H](C)Cc4s3)nc2N[C@@H](C)C1,,C17136330,,0,0,1,0,1,0,0,1,0,0
O=C(Nc1c(OC)ccc(C)c1)CCNC(=O)CN1C(=O)c2c(sc3CCCCc23)N=C1,,C20103588,,0,0,1,0,0,0,0,1,0,0
O[C@@H](C)CN(C[C@@H](O)C)c1ncnc2c1sc1nc(N3CCCC3)c3COC(C)(C)Cc3c21,,C20391069,,0,0,0,0,0,1,0,1,0,0
O(CC)C(=O)C1=C(N)OC=2C[C@H](c3occc3)CC(=O)C=2[C@]21C(=O)N(CC=C)c1ccccc21,,C20677015,,0,0,0,0,0,0,0,0,0,0
Clc1ccc(C2=NN(C(=O)CSc3n(N)c(C(F)(F)F)nn3)[C@H](c3occc3)C2)cc1,,C20817739,,0,0,0,0,0,0,0,0,0,0
Clc1n(Cc2c(Cl)cccc2)nc(C)c1/C=C/C(O[C@H](C)C(=O)NC(=O)NC)=O,,C21260462,,0,0,1,0,0,0,0,0,0,0
O[C@@H](COc1ccc(CC)cc1)CN1C(=O)[C@@](C)(c2ccc3OCCCOc3c2)NC1=O,,C21558909,,0,0,0,0,0,0,0,0,0,0
S(CC(=O)NC(=O)NCc1ccccc1)c1n(c(-c2c(C)occ2)nn1)-c1ccccc1,,C22217219,,0,0,0,0,0,0,1,0,0,0
S(=O)(=O)(NC(C)C)c1ccc(C(=O)/N=C/2\SC=C(CN3C[C@H](C)O[C@@H](C)C3)N\2)cc1,,C12734107,,0,0,0,0,0,0,0,0,0,0
Brc1cc(O[C@H](C)C(=O)NNC(=O)C=2C(=O)C=C(C)N(c3ccccc3)N=2)ccc1,,C24312785,,0,0,1,0,0,0,0,0,0,0
S(=O)(=O)(C)c1cc(NC(=O)CN2C(=O)C3(NC2=O)CCC(C(C)(C)CC)CC3)ccc1,,C25887885,,0,0,0,0,0,0,0,0,0,0
ONC(=O)[C@@H]1[C@@H](C(=O)N2CC[C@@H](c3ccccc3)C=C2)N(C(OCC(C)C)=O)CC2(C1)CC2,,C29038010,,0,0,0,0,0,0,0,0,0,0
Fc1c(F)c(NC(=O)CNC(=O)[C@@H](OC(=O)[C@@H]2[C@@H](C)Oc3ccccc3O2)C)ccc1F,,C29563812,,0,0,0,0,0,0,0,1,0,0
Clc1ccc(NC(=O)C(=O)[C@H](CC=2C(=O)Nc3cc(C)c(C)cc3N=2)C(OC)=O)cc1,,C33547769,,0,0,1,0,0,0,0,1,0,0
S(=O)(=O)(N[C@H]([C@H](C)CC)C(=O)N1C[C@@H](C)N(C(=O)NC(C)C)CC1)c1ccccc1,,C35098034,,0,0,0,0,0,0,0,0,0,0
O=C(NC[C@H]1OCCC1)[C@@H](N1C(=O)C=2[C@H](c3ccccc3)NC(=O)N(C)C=2C1)c1ccccc1,,C35635889,,0,0,0,0,0,0,0,0,0,0
O(C)C(=O)c1c(NC(=O)CN(C)CC=2NC(=O)c3ccccc3N=2)sc2CCCCc12,,C12946390,,0,0,1,0,0,0,1,1,0,0
O=C(C=1[C@@H](N([C@H]2NOC(C)=C2)C(=O)C=1[O-])c1ccc(OCC=C)cc1)C=1[C@H](C)[NH+]=CC=1C,,C39232248,,0,0,0,0,0,0,0,0,0,0
S(C)c1cc(NC(=O)COC(=O)CN2C(=O)[C@]3(NC2=O)C[C@H](C)CC(C)(C)C3)ccc1,,C24224530,,0,0,0,0,0,0,0,0,0,0
O(CC(=O)Nc1c(C)n(-c2ccc(C)cc2)nc1C)C(=O)c1ccc2S[C@@H](C)C(=O)Nc2c1,,C39606691,,0,0,0,0,0,0,1,1,0,0
O=C(N)COc1ccc([C@H]2N(C[C@H]3OCCC3)C(=O)C=3Oc4c(C)c(C)ccc4C(=O)C2=3)cc1,,C40066108,,0,0,0,0,1,0,0,0,0,0
Oc1c(-c2n[nH]c3C(=O)N([C@@H]4CS(=O)(=O)CC4)[C@@H](c4ccc(OCCC)cc4)c23)cccc1,,C40547636,,0,0,0,0,0,1,0,0,0,0
O(C)CCNC(=O)c1c(NC(=O)[C@@]2(C)C(=O)N(C)c3cc(C)ccc3O2)sc2CCCCc12,,C40797953,,0,0,0,0,0,0,0,0,0,0
S=C1N(CCCC(=O)Nc2ccc(O)cc2)C(=O)/C(=C/c2cc([N+](=O)[O-])ccc2)/S1,,C47152225,,0,0,0,0,0,0,0,1,0,0
Oc1c(c(C)cc(C)c1)-c1n[nH]c2C(=O)N(CCOC)[C@@H](c3cc(OC)c(OC)cc3)c12,,C21782967,,0,0,0,0,0,0,1,0,0,0
Clc1c(OC[C@H](O)CN2C(=O)[C@](C)(c3ccc4OCCOc4c3)NC2=O)c(Cl)ccc1,,C58012910,,0,0,0,0,0,0,0,0,0,0
Brc1ccc(OC[C@@H](O)CN2C(=O)[C@](C)(c3ccc4OCOc4c3)NC2=O)cc1,,C15245186,,0,0,1,0,0,0,0,0,0,0
FC(F)(F)c1cc(N(C(=O)C)c2scc(COC(=O)c3c(N)onc3C)n2)ccc1,,C58669421,,0,0,1,0,0,0,0,1,0,0
Brc1c(OC)cc(OC)c(/C=N/NC(=O)C(=O)Nc2c(OC)cccc2)c1,,C59483750,,0,0,0,0,0,0,0,1,0,0
O(C)C(=O)c1c(NC(=O)CN2C(=O)[C@](C)(c3cscc3)NC2=O)sc2C[C@H](C)CCc12,,C60346585,,0,0,0,0,0,0,0,1,0,0
S(CC(=O)/N=C/1\SC(C(OCC)=O)=C(C)N\1)[C@@H]1N(C)C(=O)[C@@H]2C(C)=C(C)S[C@@H]2N1,,C38925596,,0,0,0,0,0,0,0,0,0,0
S(=O)(=O)(NCCc1sccc1)c1c(C)ccc(-c2c(C)nn3C(=O)CCC(=O)Nc23)c1,,C65011058,,0,0,1,0,0,0,0,1,0,0
Fc1ccc([C@@]2(CC)C(=O)N(CC(=O)N(C)CC(=O)Nc3ccc(C)cc3)C(=O)N2)cc1,,C08891372,,0,0,0,0,0,0,0,0,0,0
S=C(NC(=O)/C=C/c1ccc([N+](=O)[O-])cc1)Nc1c(C(=O)N2CCC(C)CC2)cccc1,,C09229688,,0,0,0,0,0,0,0,1,0,0
S([C@H](C)C(=O)Nc1scc(C)n1)c1n(C)c(CC(=O)Nc2cc(C)c(C)cc2)nn1,,C09264078,,0,0,0,0,0,0,0,1,0,0
Clc1cc(C(=O)NNC(=O)[C@H]2N(S(=O)(=O)CC)Cc3ccccc3C2)c(OC)cc1,,C09457807,,0,0,0,0,0,0,0,1,0,0
O=C(NNC(=O)c1c(C)nc(-c2ccccc2)s1)CCCN1C(=O)Oc2ccccc12,,C09507284,,0,0,1,0,0,0,0,1,0,0
Clc1cc(C)c(O[C@H](C)C(=O)NNC(=O)c2ccc(S(=O)(=O)N(C)C)cc2)c(C)c1,,C09509247,,0,0,0,0,0,0,0,0,0,0
O=C(N[C@H](Cc1ccccc1)C(=O)C)CN1C(=O)[C@](C)(c2oc3ccccc3c2)NC1=O,,C09741892,,0,0,0,0,0,0,0,0,0,0
S(CC(=O)Nc1ccc(C)cc1)C(Nc1ccc(C)cc1)=C1C(=O)N(C)C(=O)N(C)C1=O,,C09973637,,0,0,0,0,0,0,0,1,0,0
O([C@H](C)C(=O)Nc1c(C)cc(C)cc1C)C(=O)CN1C(=O)C2(NC1=O)CCC(CC)CC2,,C10134840,,0,0,0,0,0,0,0,0,0,0
Fc1ccc(/C(=N\N=C\2/S[C@@H](CC(=O)Nc3c(OC(=O)C)cccc3)C(O)=N/2)/C)cc1,,C10489270,,0,0,0,0,0,0,0,0,0,0
O=C(NNC(=O)c1cn(C)c2ccccc12)CCCN1C(=O)c2cccc3cccc(C1=O)c23,,C10736533,,0,0,0,0,0,0,1,1,0,0
S(=O)(=O)(N[C@@H](C(C)C)C(=O)Nc1sc2cc3OCCOc3cc2n1)c1sccc1,,C11751532,,0,0,1,0,0,0,0,1,0,0
Clc1c(Cl)cccc1-n1c(C)c(/C=C(/C(O[C@@H](C)C(=O)NC(=O)NC)=O)\C#N)cc1C,,C09395386,,0,0,0,0,0,0,0,0,0,0
Brc1c(NC(=O)CNC(=O)CSc2oc(-c3c(C)occ3)nn2)cccc1,,C18401597,,0,0,1,0,0,1,1,1,0,0
Clc1c(/C=N/Nc2[nH]nc(SCc3oc(C(F)(F)F)nn3)n2)ccc(Cl)c1,,C20833116,,0,0,1,0,0,1,1,1,0,0
S([C@H](C)C(=O)NC(=O)NCC)C=1N(c2ccc(OCC)cc2)C(=O)c2ccccc2N=1,,C03493997,,0,0,1,0,0,0,1,1,0,0
Clc1ccc(-c2n(C[C@@H]3OCCC3)c(S[C@H](C)C(=O)NC(=O)NCC)nn2)cc1,,C20894395,,0,0,0,0,0,0,0,0,0,0
FC(F)(F)c1cc(-n2nc(C)c3cc(C(O[C@H](C)C(=O)NC(=O)NC)=O)sc23)ccc1,,C09330588,,0,0,0,0,0,0,1,0,0,0
S(CC(=O)C=1C(=O)N(C)C(=O)N(CCC)C=1N)c1n(-c2ccccc2)c2CCCCc2n1,,C21120413,,0,0,1,1,0,0,0,0,0,0
Clc1ccc(N2C(=O)C[C@H](C(=O)Nc3c(C(=O)Nc4sc(CC)nn4)cccc3)C2)cc1,,C21450316,,0,0,1,0,0,1,0,0,0,0
S(CC(=O)Nc1ccc(C(=O)N[C@@H]2C[C@@H](C(F)(F)F)CCC2)cc1)c1n(C)nnn1,,C25145467,,0,0,1,0,0,0,0,1,0,0
S([C@@H](C)C(=O)NC(=O)Nc1c(C)cc(C)cc1)c1sc(N(C(=O)CC)C2CC2)nn1,,C25455642,,0,0,1,0,0,0,0,0,0,0
O([C@@H](C(=O)NC(=O)NC)c1ccccc1)C(=O)c1c(C(=O)N(C)c2ccccc2)cccc1,,C26864692,,0,0,0,0,0,0,0,0,0,0
O[C@@H]1[C@H](NC(=O)C)[C@@H](Oc2ccc(C(=O)/C=C/c3ccccc3)cc2)O[C@@H]2COC(C)(C)O[C@H]12,,C35056500,,0,0,0,0,0,0,0,1,0,0
S(=O)(=O)(N[C@@H]([C@@H](C)CC)C(=O)N1C[C@@H](C)N(C(=O)NC(C)C)CC1)c1ccccc1,,C35098032,,0,0,0,0,0,0,0,0,0,0
Clc1c(CNC(=O)c2oc(S(=O)(=O)NCc3ccc4OCOc4c3)cc2)cccc1,,C35597539,,0,0,1,0,0,0,0,1,0,0
O=C(NC[C@H]1OCCC1)[C@@H](N1C(=O)C=2[C@@H](c3ccccc3)NC(=O)N(C)C=2C1)c1ccccc1,,C35635892,,0,0,0,0,0,0,0,0,0,0
S(=O)(=O)(N1[C@H](C(=O)Nc2c(CC)cccc2)CCC1)c1sc(C2=NNC(=O)C=C2)cc1,,C09265841,,0,0,1,1,1,1,0,1,1,0
Clc1c(NC(=O)COC(=O)CN2C(=O)C3(NC2=O)CCCC3)c(C(F)(F)F)ccc1,,C21732783,,0,0,0,0,0,0,0,0,0,0
O[C@@H]1[C@H](Oc2ccc(C(=O)/C=C/c3ccccc3)cc2)O[C@H]2CO[C@H](c3occc3)O[C@@H]2[C@H]1O,,C38277242,,0,0,0,0,0,0,0,1,0,0
O[C@@H](C)CN(C[C@@H](O)C)c1ncnc2c1oc1nc(CC(C)C)c3COC(C)(C)Cc3c21,,C02202305,,0,0,1,0,0,1,1,1,0,0
O=C(C=1[C@H](N([C@H]2NOC(C)=C2)C(=O)C=1[O-])c1cc(OCC=C)ccc1)C=1[C@H](C)[NH+]=CC=1C,,C39041031,,0,0,0,0,0,0,0,0,0,0
S(C)c1n(c(C(OCC(=O)NC(=O)NC2CCCCC2)=O)cn1)-c1ccc(F)cc1,,C25192946,,0,0,1,0,0,0,0,0,0,0
O(CC(=O)Nc1c(C)n(-c2ccc(C)cc2)nc1C)C(=O)c1ccc2S[C@H](C)C(=O)Nc2c1,,C39606693,,0,0,0,0,0,0,1,1,0,0
Clc1cc(NC(=O)Cc2n(C)c(S[C@@H](C)C(=O)Nc3scc(C)n3)nn2)ccc1,,C39763012,,0,0,0,0,0,0,1,1,0,0
O=C(N)COc1ccc([C@@H]2N(c3ccc(C(=O)C)cc3)C(=O)C=3Oc4ccccc4C(=O)C2=3)cc1,,C39873243,,0,0,0,0,0,0,0,0,0,0
Brc1ccc(/C=N\Nc2n(CCc3ccccc3)c3C(=O)NC(=O)N(C)c3n2)cc1,,C33888627,,0,1,1,0,1,0,1,1,0,0
S(=O)(=O)(N/N=C/1\CCCc2oc(C(=O)N[C@@H](C)COC)c(C)c\12)c1ccc(C)cc1,,C40815122,,0,0,0,0,0,0,0,0,0,0
S(CC=1NC(=O)c2c(C)c(C)sc2N=1)[C@@H](C)C(=O)Nc1cnc(-n2nccc2)cc1,,C46538363,,0,0,1,0,1,1,1,1,0,0
Clc1c(C(=O)N2[C@@H](C(OCC(=O)NC(=O)NC(C)(C)C)=O)Cc3ccccc3C2)cccc1,,C57527295,,0,0,0,0,0,0,0,0,0,0
O(CC(=O)NC(=O)c1sccc1)C(=O)c1c(CC=2NC(=O)c3ccccc3N=2)cccc1,,C59266662,,0,0,1,0,0,1,1,1,0,0
O=C(Nc1c(CC)cccc1)CN1C(=O)/C(=C/c2c(C)n(c(C)c2)-c2ncccc2)/NC1=O,,C59292782,,0,0,0,0,0,0,1,1,0,0
Clc1ccc(N2C(=O)C[C@H](C(=O)NN3C(=O)[C@@](C)(CCc4ccccc4)NC3=O)C2)cc1,,C59362377,,0,0,0,0,0,0,0,0,0,0
S(=O)(=O)(N(CC(=O)N/N=C/c1cc(OC)c(O)cc1)c1ccc2CCc3cccc1c23)C,,C59463983,,0,0,1,1,0,0,0,1,0,0
Clc1n(Cc2ccc(Cl)cc2)nc(C)c1/C=C/C(O[C@H](C)C(=O)NC(=O)NC)=O,,C60383602,,0,0,1,0,0,0,0,0,0,0
S(Cc1ccc(C(=O)NNC(=O)C=2C(C)=C(C(=O)C)[C@@H](C)N=2)cc1)c1nc(C)cc(C)n1,,C39939425,,0,0,0,0,0,0,0,0,0,0
S(CC(=O)Nc1ccc(C)cc1)[C@H]1N(c2c(OCC)cccc2)C(=N)C2=C(C)N=NC2=N1,,C63731249,,0,0,0,0,0,0,0,1,0,0
S(=O)(=O)([N-]c1cc(C(=O)[O-])c(N2CCC([NH+]3CCCCC3)CC2)[nH+]c1)c1cc(F)ccc1,,C35397553,,0,0,0,0,0,0,0,1,0,0
S(=O)(=O)(N[C@@H](C)C(=O)Nc1c(C)sc(-c2nc(C3CC3)on2)c1)c1ccc(C)cc1,,C35554912,,0,0,1,0,0,0,0,1,0,0
S(C)c1ccc([C@@H]2NC(=O)N(CC(=O)Nc3c(OC)ccc(C)c3)C=3COC(=O)C2=3)cc1,,C67288992,,0,0,0,0,0,0,0,0,0,0
Clc1ccc2OC=3C(=O)N(CC[NH+]4CCOCC4)[C@H](c4cc(OCC)c(OCCC)cc4)C=3C(=O)c2c1,,C02850841,,0,0,0,0,0,0,0,0,0,0
S(CC(=O)N(CC)C[C@@H]1Oc2ccccc2OC1)c1n(c([C@@H]([NH+](C)C)C)nn1)-c1ccc(F)cc1,,C08780224,,0,0,0,0,0,0,0,1,0,0
Clc1ccc(-n2c(SCC(=O)N3CCN(c4ccccc4)CC3)nnc2[C@@H]([NH+](C)C)C)cc1,,C09101495,,0,0,0,0,0,0,0,0,0,0
FC(F)(F)c1c[nH+]c(N2CCN(C(=O)CN3C(=O)c4cc(-c5ccccc5)sc4N=C3)CC2)cc1,,C09535000,,0,0,0,0,0,0,0,0,0,0
Clc1ccc(S(=O)(=O)CC(=O)N(CCC[NH+](C)C)c2sc3c(C)ccc(OC)c3n2)cc1,,C09707994,,0,0,0,0,0,0,0,1,0,0
O(CC)c1ccc(N2C(C)=Cn3c2nc2N(C)C(=O)N(CCC[NH+]4[C@@H](CC)CCCC4)C(=O)c32)cc1,,C10107656,,0,0,1,0,0,0,0,1,0,0
Fc1ccc(N2C(C)=Cn3c2nc2N(C)C(=O)N(C[C@@H](C)C[NH+](C)Cc4ccccc4)C(=O)c32)cc1,,C10108310,,0,0,0,0,0,0,1,1,0,0
O(CC(=O)N1CCN(c2[nH+]cccc2)CC1)C(=O)c1ccc(OCC(=O)N2[C@H](C)CCC[C@H]2C)cc1,,C11607948,,0,0,0,0,0,0,0,0,0,0
O(C)C(=O)C=1C(OCCCc2ccccc2)=CC(=O)N2CCN(C(=O)[C@@H]3C[NH+](CC)CCC3)CCC=12,,C11787541,,0,0,1,0,0,0,0,1,0,0
O(C)c1c(OC)ccc(C[NH+](C[C@@H]2C(=O)O[C@@H]3C[C@@]4(C)CCC[C@]5(OC5)[C@@H]4C[C@H]23)Cc2occc2)c1,,C12864078,,0,0,0,0,0,0,0,1,0,0
S(=O)(=O)(N(CC)CC)c1ccc2OC(=S)N(C[NH+]3CCN(c4c(OCC)cccc4)CC3)c2c1,,C05946977,,0,0,0,0,0,0,0,0,0,0
S(CC(=O)N(CC)Cc1ccc2OCOc2c1)c1n(c([C@@H]([NH+](C)C)C)nn1)-c1ccc(F)cc1,,C12553070,,0,0,1,0,0,0,0,1,0,0
O=C1N(CC)C2(C(=O)N1C1Cc3ccccc3C1)CC[NH+](C[C@H](C)Cc1ccc3OCOc3c1)CC2,,C14540836,,0,0,0,0,0,0,0,0,0,0
S(=O)(=O)(N(C)c1ccccc1)c1ccc(C(OCC(=O)N2CCN(c3[nH+]cccc3)CC2)=O)cc1,,C14674885,,0,0,0,0,0,0,0,0,0,0
S(CC(=O)c1ccc(N2C(=O)CCC2)cc1)c1n(c(C[NH+]2CCCCC2)nn1)-c1ccc(F)cc1,,C15754461,,0,0,0,0,0,0,0,0,0,0
S(Cc1cc([N+](=O)[O-])cc2COCOc12)C=1N(CC[NH+](C(C)C)C(C)C)C(=O)c2ccccc2N=1,,C22203261,,0,0,0,0,0,0,0,0,0,0
S(=O)(=O)(N1CC[NH+](C[C@H](OCc2ccc(C)cc2)c2cc(OC)ccc2)CC1)c1cc(C#N)ccc1,,C23449056,,0,0,0,1,0,0,0,1,0,0
O(CC)C(=O)c1ccc(N2C(=O)[C@]3(C(C)=N2)Cc2ccccc2N2CCN(c4[nH+]cccc4)C[C@H]32)cc1,,C25184947,,0,0,0,0,0,0,0,0,0,0
O=C(Oc1ccc(C(=O)[C@@H]2[NH+]3C=Cc4ccccc4[C@@H]3[C@H]3C(=O)N(c4ccc(C)cc4)C(=O)[C@H]23)cc1)C,,C16039392,,0,0,0,0,0,0,0,0,0,0
S(=O)(=O)(N1CC[NH+](C2CCCCC2)CC1)c1c(C)ccc(CN2C(=O)[C@@H]3CCCC[C@@H]3C2=O)c1,,C33255740,,0,0,0,0,0,0,0,0,0,0
S=C1N(CCCCCC)C(=O)/C(=C/C2=C(N(CC)C(=O)C(C#N)=C2C)N2CC[NH+](CC)CC2)/S1,,C33479002,,0,0,0,0,0,0,0,0,0,0
O=C(C[NH+]1CCN(C=2N(CCCc3ccccc3)C(=O)c3c(sc4CCCCc34)N=2)CC1)N1CC1,,C34747484,,0,0,0,0,0,0,0,0,0,0
S(CC(=O)N(C)C)c1nc(N2CC[NH+](CC(=O)N(CC)CC)CC2)c2c(sc3CCCCc23)n1,,C34756543,,0,0,0,0,0,0,0,0,0,0
O(CC(=O)N1[C@H](C)CN(C(=O)C[NH+]2[C@@H](c3ccc(OC)cc3)c3ccsc3CC2)CC1)Cc1ccccc1,,C34829692,,0,0,0,0,0,0,0,1,0,0
O(C)c1c(OCc2ccccc2)ccc([C@@H]2N(CC[NH+](C)C)C(=O)C=3Oc4ccc(C)cc4C(=O)C2=3)c1,,C35486561,,0,0,0,0,0,0,0,0,0,0
Clc1ccc(C[NH+]2CCN(c3c([N+](=O)[O-])cc(N4C(=O)[C@H]5[C@@H](C4=O)[C@@H]4C[C@H]5C=C4)cc3)CC2)cc1,,C36213670,,0,0,0,0,0,0,0,0,0,0
O=C(C)N1[C@@H](c2ccccc2)c2cc(OCc3oc(C(=O)N4CC[NH+](CC=C)CC4)cc3)ccc2CC1,,C34685737,,0,0,0,0,0,0,0,1,0,0
Fc1ccc([C@@H]2N(c3ccc(OC)cc3)C(=O)CC[C@H]2C(=O)N2CCN(c3[nH+]cccc3)CC2)cc1,,C04757211,,0,0,0,0,0,0,0,0,0,0
S=C1N(C2CCCC2)C(=O)/C(=C\C2=C(N(CCC)C(=O)C(C#N)=C2C)N2CC[NH+](CC)CC2)/S1,,C33812578,,0,0,0,0,0,0,0,0,0,0
S=C1N([C@@H](C)CC)C(=O)/C(=C\C2=C(N(CCCC)C(=O)C(C#N)=C2C)N2CC[NH+](C)CC2)/S1,,C33812734,,0,0,0,0,0,0,0,0,0,0
O(C)c1c(OC)ccc([C@@H]2N(CC[NH+](CC)CC)C(=O)C=3Oc4c5ccccc5ccc4C(=O)C2=3)c1,,C38713063,,0,0,0,0,0,0,0,0,0,0
Clc1cccc2sc(N(CC[NH+](CC)CC)C(=O)[C@H]3N(S(=O)(=O)c4sccc4)CCC3)nc12,,C36704380,,0,0,0,0,0,0,0,0,0,0
Clc1c(S(=O)(=O)N(C[C@H]2C(=O)[NH+]=C3C=C4OCCOC4=CC3=C2)Cc2ccccc2)cccc1,,C39325513,,0,0,0,0,0,0,0,0,0,0
O(C)c1c(OC)cccc1[C@H]1N2C(=O)CN(CCC=3CCCCC=3)C(=O)[C@@H]2CC=2[C@H]1[NH+]=C1C=CC=CC=21,,C63138257,,0,0,0,0,0,0,0,0,0,0
O(C)c1c(OC)cc([C@@H]2N3C(=O)CN(CCCCC)C(=O)[C@@H]3CC=3[C@@H]2[NH+]=C2C=CC=CC=32)cc1OC,,C63138461,,0,0,0,0,0,0,0,0,0,0
O(C)c1c([C@H]2N3C(=O)CN(Cc4sccc4)C(=O)[C@@H]3CC=3[C@H]2[NH+]=C2C=CC=CC=32)cc(OC)cc1,,C63138616,,0,0,0,0,0,0,0,0,0,0
O=[N+]([O-])c1cc([C@H]2N3C(=O)CN(CCCOCCCC)C(=O)[C@@H]3CC=3[C@@H]2[NH+]=C2C=CC=CC=32)ccc1,,C63138910,,0,0,0,0,0,0,0,0,0,0
O(C)C(=O)c1ccc([C@@H]2N3C(=O)CN(Cc4ccc(C)cc4)C(=O)[C@@H]3CC=3[C@H]2[NH+]=C2C=CC=CC=32)cc1,,C63139413,,0,0,0,0,0,0,0,0,0,0
O(C)c1c(OC)cc([C@@H]2N3C(=O)CN(C4CCCC4)C(=O)[C@H]3CC=3[C@H]2[NH+]=C2C=CC=CC=32)cc1OC,,C63140192,,0,0,0,0,0,0,0,0,0,0
O(C)c1c(OC)cc([C@H]2N3C(=O)CN(CCC(C)C)C(=O)[C@@H]3CC=3[C@H]2[NH+]=C2C=CC=CC=32)cc1OC,,C63140230,,0,0,0,0,0,0,0,0,0,0
O(C)c1c(OC)ccc(CCN2C(=O)[C@H]3N([C@@H](c4c(C)cccc4)[C@H]4[NH+]=C5C=CC=CC5=C4C3)C(=O)C2)c1,,C63140522,,0,0,1,0,0,0,0,0,0,0
O(C)c1c(CN2C(=O)[C@H]3N([C@H](c4c(OCC)cccc4)[C@@H]4[NH+]=C5C=CC=CC5=C4C3)C(=O)C2)cccc1,,C63140803,,0,0,0,0,0,0,0,0,0,0
O(C)C(=O)[C@H]1N(C(=O)COc2cc(C)cc3OC(=O)C=4CCCC=4c23)C[C@H]2[NH+]=C3C=CC=CC3=C2C1,,C63350891,,0,0,0,0,0,0,0,0,0,0
O(C)c1c(OC)cccc1/C=N/N1C(=O)[C@H]2N([C@@H](c3ccccc3)[C@@H]3[NH+]=C4C=CC=CC4=C3C2)C(=O)C1,,C63351221,,0,0,0,0,0,0,0,0,0,0
O(C)c1c(CN2C(=O)[C@@]3(C)N(C(=O)C2)C[C@@H](c2c(OC)cccc2)C=2[C@@H]3[NH+]=C3C=CC=CC=23)cccc1,,C63372739,,0,0,0,0,0,0,0,0,0,0
O(C)c1c(OCC)c([C@H]2CN3C(=O)CN(C4CCCC4)C(=O)[C@]3(C)[C@@H]3[NH+]=C4C=CC=CC4=C23)ccc1,,C63372865,,0,0,0,0,0,0,0,0,0,0
O(C)c1c([C@H]2CN3C(=O)CN(Cc4cc(OC)ccc4)C(=O)[C@]3(C)[C@H]3[NH+]=C4C=CC=CC4=C23)cccc1,,C63374323,,0,0,0,0,0,0,0,0,0,0
O(C)c1c(OCC)c([C@@H]2CN3C(=O)CN(Cc4occc4)C(=O)[C@]3(C)[C@@H]3[NH+]=C4C=CC=CC4=C23)ccc1,,C63374721,,0,0,0,0,0,0,0,0,0,0
O(CC)C(=O)C1=C(C)[C@H](C(=O)N2CCC(CC(=O)N3CC[NH+](C4CCCCC4)CC3)CC2)C(C)=N1,,C63625401,,0,0,0,0,0,0,0,0,0,0
S(CC(=O)C1=C(C)N(C[C@H]2Oc3ccccc3OC2)[C@H](C)C1)c1oc(C=2C[NH+]=C3C=CC=CC=23)nn1,,C63908280,,0,0,1,0,0,0,0,1,0,0
O[C@H]1[C@H]([C@H](C)C(=O)N(C)CCC#N)CC[C@]2(C)Cc3sc(NC(=O)c4nccnc4)nc3[C@@H](C)[C@H]12,,C03840899,,0,0,0,0,0,0,0,1,0,0
S(CC(=O)Nc1sc(C)nn1)c1n(c(CNC(=O)c2cc(C)ccc2)nn1)-c1cc(C)ccc1,,C08792508,,0,0,1,0,0,0,0,1,0,0
S(=O)(=O)(NNC(=O)CCCN1C(=O)/C(=C/c2ccc3OCOc3c2)/SC1=S)c1ccccc1,,C08819647,,0,0,1,0,0,0,0,1,0,0
S([C@H](C)C(=O)C=1C(=O)N(C)C(=O)N(C)C=1N)C=1N(Cc2ccc(C)cc2)C(=O)c2ccccc2N=1,,C08954330,,0,0,0,0,0,0,0,0,0,0
S(CC(=O)NN1C(=O)[C@@](C)(c2ccccc2)NC1=O)c1n(C2CC2)c(Cc2sccc2)nn1,,C08965645,,0,0,1,0,0,0,0,0,0,0
Clc1ccc(S(=O)(=O)N2[C@H](C(=O)Nc3c(C(=O)NC(OCC)=O)ccs3)CCC2)cc1,,C08977654,,0,0,0,0,0,0,0,0,0,0
S(CC(=O)C=1C(=O)N(C)C(=O)N(C)C=1N)C=1N(Cc2ccc(F)cc2)C(=O)c2ccccc2N=1,,C03537355,,0,0,1,0,0,0,1,0,0,0
S(=O)(=O)(NCCc1sc(NC(=O)[C@H]2CN(c3cc(C)ccc3)C(=O)C2)nn1)c1ccc(C)cc1,,C09142632,,0,0,0,0,0,0,0,1,0,0
S(CC(=O)C=1C(=O)N(CC)C(=O)N(Cc2ccccc2)C=1N)c1n(C2CCCCC2)c(C)nn1,,C09172365,,0,0,0,0,0,1,0,0,0,0
S(CC(=O)N1C[C@@H](C(=O)N)Oc2ccccc12)c1n(c(-c2cnccc2)nn1)-c1ccccc1,,C09244474,,0,0,1,0,0,0,1,1,0,0
S=C1N([C@H](C)CC)C(=O)/C(=C/Nc2c(OC)ccc3n(C)c(C)c(C(OCC)=O)c23)/C(=O)N1,,C09305764,,0,0,0,0,0,0,0,0,0,0
Clc1ccc(SCC(=O)Nc2c(C(=O)NC(OC)=O)c3CCN(C(OC)=O)Cc3s2)cc1,,C09325537,,0,0,0,0,0,0,0,0,0,0
Fc1ccc(/C=C\2/C(=O)N(CCNC(=O)CN3C(=O)C4(NC3=O)CCCCC4)C(=O)S/2)cc1,,C09466142,,0,0,0,0,0,0,0,0,0,0
S(=O)(=O)(CC)N1CCc2cc(C(=O)CN3C(=O)[C@@H](Cc4c[nH]c5ccccc45)NC3=O)ccc12,,C09481666,,0,0,0,0,0,0,0,0,0,0
S(CC(=O)C=1C(=O)N(C)C(=O)N(CCC)C=1N)C=1N(c2ccc(C)cc2)C(=O)[C@@H](C(C)C)N=1,,C09632521,,0,0,1,0,0,0,0,0,0,0
Clc1ccc(S(=O)(=O)N2[C@@H](C(=O)N/N=C/c3cn(-c4ccccc4)nc3)C[C@H](O)C2)cc1,,C09634237,,0,0,1,0,0,1,0,1,0,0
S(=O)(=O)(NC1CCCC1)c1ccc2N(CC(=O)NCc3ccc(N(C)C)cc3)C(=O)Oc2c1,,C09830660,,0,0,0,0,0,0,0,1,0,0
S(CC(=O)C=1C(=O)N(C)C(=O)N(Cc2ccccc2)C=1N)c1n(C2CCCCC2)c(C)nn1,,C10014684,,0,0,0,0,0,1,0,0,0,0
Clc1c(NC(=O)COC(=O)CN2C(=O)[C@@]3([C@H](C)CCCC3)NC2=O)ncc(C(F)(F)F)c1,,C10760848,,0,0,0,0,0,0,0,0,0,0
S(=O)(=O)(C)c1ccc2nc(NC(=O)CCc3nc(NC(=O)c4occc4)sc3)sc2c1,,C11835003,,0,0,1,0,0,0,1,1,0,0
Clc1sc(S(=O)(=O)N2[C@@H](C(=O)Nc3c(C(=O)NC(OCC)=O)ccs3)CCC2)cc1,,C12466697,,0,0,0,0,0,0,0,0,0,0
O=C(Nc1c(C(=O)NCCc2ccccc2)cccc1)CN1C(=O)N([C@H]2[C@H](C)CCCC2)C(=O)C1=O,,C12809453,,0,0,0,0,0,0,0,0,0,0
O=C(Nc1c(C(=O)NCCc2ccccc2)cccc1)CN1C(=O)N([C@H]2[C@@H](C)CCCC2)C(=O)C1=O,,C12809459,,0,0,0,0,0,0,0,0,0,0
O=C(N[C@@H]1[C@@H](c2ccc(OC)cc2)C=2C(=O)N(C)C(=O)N(CCCC)C=2NC1=O)c1ccccc1,,C13131870,,0,0,1,1,0,0,0,1,0,0
S(=O)(=O)(N(C)C)c1cc(C(=O)NNC(=O)COc2ccc3oc4CCCCc4c3c2)ccc1,,C14382812,,0,0,0,0,0,0,0,1,0,0
Fc1c(/C=C\2/C(=O)N(CCNC(=O)CN3C(=O)C4(NC3=O)CCCCC4)C(=O)S/2)cccc1,,C14556830,,0,0,0,0,0,0,0,0,0,0
S(CC(=O)C=1C(=O)N(C)C(=O)N(Cc2ccccc2)C=1N)c1n(-c2cc(OC)ccc2)ccn1,,C16660977,,0,0,1,0,0,1,1,0,0,0
O=C(N[C@H](C)c1occc1)C=1C(OC)=CC(=O)N2CCN(Cc3c(-c4ccccc4)n[nH]c3)CCC=12,,C20777213,,0,0,1,0,0,0,0,1,0,0
Clc1cc(S(=O)(=O)CC2=C(C(OC)=O)[C@H](c3cc(OC)c(OC)cc3)NC(=O)N2)ccc1,,C20858065,,0,0,0,1,0,0,0,0,0,0
Clc1c(F)ccc(S(=O)(=O)CC2=C(C(OC)=O)[C@@H](c3cc(OC)c(OC)cc3)NC(=O)N2)c1,,C20858078,,0,0,0,1,0,0,0,0,0,0
Fc1ccc(N(CCC(=O)N)C(=O)COC(=O)c2ccc3C(=O)N4CCCCCC4=Nc3c2)cc1,,C21760633,,0,1,1,0,0,0,0,1,0,0
S(=O)(=O)(C)c1cc([N+](=O)[O-])c(NCCNC(=O)c2c(C)n(c(C)c2)-c2cc(C)ccc2)cc1,,C30553619,,0,0,0,0,0,0,0,0,0,0
S(=O)(=O)(N1CCN(CC2=C(C(OCC)=O)[C@H](CC)NC(=O)N2)CC1)c1c(F)c(F)c(F)cc1,,C13069641,,0,0,0,0,0,0,0,0,0,0
Oc1c(OCC)cc([C@H]2N(CC[NH+](C)C)C(=O)C([O-])=C2C(=O)c2c(C)n3C=CC=C(C)c3n2)cc1,,C35484322,,0,0,0,0,0,0,0,0,0,0
O(C)CCN1[C@H](C(=O)N[C@H]2[C@@H](C)CCCC2)[C@@]23O[C@@H]([C@H](C(=O)Nc4cc(OC)ccc4)[C@@H]2C1=O)C=C3,,C36066435,,0,0,0,1,0,0,0,0,0,0
O(CC)C(=O)c1c(NC(=O)COC(=O)c2c(C)c3C(=O)NC(C)=Nc3s2)sc2CCCc12,,C16097449,,0,0,1,0,0,0,0,1,0,0
S(CC(=O)C=1C(=O)N(C)C(=O)N(Cc2ccccc2)C=1N)C=1N(CC)C(=O)c2ccccc2N=1,,C36788217,,0,0,1,0,0,0,0,0,0,0
S(CC(=O)C=1C(=O)N(C)C(=O)N(Cc2ccccc2)C=1N)c1n(C)c(-c2c(C)cccc2)nn1,,C36801449,,0,0,1,0,0,0,0,1,0,0
Clc1c(OC)cc(OC)c(NC(=O)C[C@@H](S(=O)(=O)c2ccc3OCC(=O)Nc3c2)C)c1,,C08590472,,0,0,0,0,1,0,0,1,0,0
O=C(NCCN1C(=O)/C(=C/c2ccccc2)/SC1=O)CN1C(=O)[C@@]2(NC1=O)C[C@@H](C)CC(C)(C)C2,,C28582009,,0,0,0,0,0,0,0,0,0,0
Clc1c(Cl)ccc(C(=O)N[C@H](C)c2n(C)c(S[C@@H](C)C(=O)Nc3sc(C)nn3)nn2)c1,,C39762682,,0,0,1,0,0,0,0,1,0,0
O=C(NCCC=1n2nc(-c3sccc3)nc2SC=1)C(=O)Nc1cc2CCC(=O)N3CCCc(c1)c23,,C49505128,,0,1,1,0,0,0,1,1,0,0
Clc1ccc(/C=C/2\C(=O)N(CCNC(=O)CN3C(=O)C(CC)(CC)NC3=O)C(=O)S\2)cc1,,C49776190,,0,0,0,0,0,0,0,0,0,0
S=C1N(Cc2ccccc2)C(=O)/C(=C\NC[C@H]2N(C)CCc3cc4OCOc4c(OC)c23)/C(=O)N1,,C19363580,,0,0,0,0,0,0,0,1,0,0
FC(F)(F)[C@@H]1n2nc(C(=O)NCc3c(C)nn(C)c3)cc2N[C@@H](c2cc(OC)c(OC)cc2)C1,,C02755666,,0,0,1,1,0,0,0,1,0,0
S(Cc1c(C)cccc1)C1=NC(=O)[C@H]2[C@H](C(=O)Nc3c(OC)cc(OC)cc3)CC(=O)NC2=N1,,C64741228,,0,0,0,0,0,0,0,0,0,0
O=C(C)N1[C@@H](c2ccc([NH+](CC)CC)cc2)C/C(=C\2/C(=O)N(Cc3ccccc3)C([O-])=NC/2=O)/N1,,C64788976,,0,0,0,0,0,0,0,0,0,0
Clc1c(S(=O)(=O)N2[C@@H](C(=O)Nc3c(OCC)cccc3)CCC2)cc2OCC(=O)Nc2c1,,C64921246,,0,0,0,0,0,0,0,0,0,0
Clc1c(NC(=O)CN2C(=O)c3sc(N4CCC(C(=O)NC(C)C)CC4)nc3N=C2)cccc1,,C65101234,,0,0,1,0,0,0,1,0,0,0
O=C(NCCC=1CCCCC=1)CN1C(=O)c2sc(N3CCC(C(=O)NC(C)C)CC3)nc2N=C1,,C65101286,,0,0,1,0,0,0,0,0,0,0
O=C(OC1=C(C)C(=O)N2c3cc(C)c(C)cc3NC2=C1C#N)N(C)C,,C01609061,,0,0,1,0,0,0,1,0,0,0
O=C(CN1C(=O)[C@]2(NC1=O)CCOc1ccccc21)N1CCc2ccccc2C1,,C07987275,,0,0,0,0,0,0,0,0,0,0
O=C(N/C(/C)=C/1\N(C)S(=O)(=O)c2ccccc2C\1=O)c1occc1,,C09184180,,0,0,0,0,0,0,0,1,0,0
O=C(NC=1C(=O)N2C=CC=CC2=NC=1C)C=1C(=O)Oc2ccccc2C=1,,C09616846,,0,0,1,0,0,0,1,1,0,0
O=[N+]([O-])c1c(C)c(C(=O)N2[C@H](C(=O)NC)Cc3ccccc23)ccc1,,C09820851,,0,0,0,0,0,0,0,0,0,0
Clc1c(NC(=O)[C@H]2N3C(C)(C)C(=O)N=C(S)N3C(=O)C2)ccc(C)c1,,C10153669,,0,0,0,0,0,0,0,0,0,0
Oc1cc(OC)cc2C(=O)N3c4ccccc4C(=O)N4CCC[C@H]4C3=Nc12,,C13397518,,0,0,0,0,0,0,0,1,0,0
O=C(Nc1cnc2N(C)C(=O)N(C)C(=O)c2c1)/C=C/c1ccccc1,,C14116362,,0,0,1,0,0,0,1,1,0,0
O=C(N[C@@H]1CS(=O)(=O)CC1)c1c(C)nn(-c2c(C)cc(C)cc2)n1,,C17636743,,0,0,1,0,0,0,0,0,0,0
O=C1N(C(C)C)C(=O)NC(=O)[C@]21Cc1ccccc1N1CCOC[C@H]21,,C08974753,,0,0,0,0,0,0,0,0,0,0
S(C)c1nn2[C@H](c3c(C)n(CC)nc3)C=3C(=O)CCCC=3Nc2n1,,C20607896,,0,0,0,0,0,0,0,0,0,0
O=C(Nc1c(C)cccc1)CN1C(=O)c2n(nc3CCCCc23)C=N1,,C21718332,,0,0,1,1,0,0,1,1,0,0
O=C(Nc1c(C)n(C)nc1C)c1ccc2N(CC)C(=O)C(C)=Nc2c1,,C22838208,,0,0,1,0,0,0,0,1,0,0
O=C(Nc1sc2C[C@H](C)CCc2n1)c1c(-n2ncnc2)nccc1,,C25280224,,0,1,1,0,0,1,1,1,0,0
Clc1c(C)c(NC(=O)CN2C(=O)c3nn(C)c(C)c3N=C2)ccc1,,C32647311,,0,0,1,0,0,0,1,0,0,0
O(C)c1cc([C@@H]2[C@]3(C#N)C(=N)O[C@@]4(O2)CCCC[C@@H]4C3(C#N)C#N)ccc1,,C04860022,,0,0,0,0,0,0,0,0,0,0
O=C(CN1C(=O)[C@]2([C@@H](C)CCCC2)NC1=O)c1ccc2OCOc2c1,,C08131934,,0,0,0,0,0,0,0,0,0,0
[C@@H]1([C@H]2N=NC(c3ccccc3)=C2)Sc2n(c(-c3ccncc3)nn2)N1,,C38745489,,0,0,1,0,0,1,0,1,0,0
O=C1NC2=NC(c3ccccc3)=NC(=O)[C@H]2[C@H](c2ccc3OCOc3c2)C1,,C38768736,,0,0,0,0,0,0,0,0,0,0
O=C(C)N1CCc2c(C#N)c(NC(=O)[C@H]3[C@@H](C)Oc4ccccc4O3)sc2C1,,C38805491,,0,0,0,0,0,0,0,1,0,0
O[C@@H]1Oc2ccc([N+](=O)[O-])cc2[C@@H]2[C@H]1CSC1=NC(=O)S[C@@H]21,,C39145925,,0,0,0,0,0,0,0,0,0,0
O[C@@H]1Oc2ccc([N+](=O)[O-])cc2[C@H]2[C@H]1CSC1=NC(=O)S[C@@H]21,,C39145927,,0,0,0,0,0,0,0,0,0,0
O=C(CN1C(=O)[C@@]2(NC1=O)C[C@@H](C)CC(C)(C)C2)N1C[C@@H](C)O[C@@H](C)C1,,C39544266,,0,0,0,0,0,0,0,0,0,0
O=C1N(Cc2nn(-c3ccccc3)nc2)C(=O)N[C@]21[C@@H](C)CCCC2,,C40116419,,0,0,0,0,0,0,0,0,0,0
O=C(NC1CCCCC1)N1CCN(C(=O)CN2C(=O)CCC2)CC1,,C45145104,,0,0,0,0,0,0,0,0,0,0
O=C([C@@H](C#N)C=1NC(=O)c2c(sc3CCCCc23)N=1)c1onc(C)c1,,C47362270,,0,0,1,0,0,0,1,0,0,0
O=[N+]([O-])c1ccc2[nH]cc(C(=O)C(=O)N3CCc4ccccc4C3)c2c1,,C35973159,,0,0,0,0,0,0,1,1,0,0
O=[N+]([O-])c1ccc2CCN(C(=O)c3c(C)c4C(=O)CCCc4[nH]3)c2c1,,C48276550,,0,0,0,0,0,0,0,1,0,0
Brc1c(C=2Sc3n(c(-c4ncccc4)nn3)N=2)n[nH]c1,,C49549818,,0,1,1,0,0,1,1,1,0,0
Clc1c(F)ccc(N2C(=O)[C@@H]3ONC(c4c(C)n(C)nc4C)=C3C2=O)c1,,C09476602,,0,0,1,0,0,0,0,0,0,0
O=C(NC)CN1[C@@H](N(C)C(=O)c2ccccc12)c1cccc2OCOc12,,C54427550,,0,0,0,0,0,0,0,0,0,0
Fc1c(NC(=O)c2c(C)c3ccccc3o2)cc(-n2nnnc2)cc1,,C58247447,,0,0,0,0,0,1,1,1,1,0
O=C(N1CCO[C@H]2CCCC[C@H]12)C=1NCC(=O)N(c2ccc(C)cc2)N=1,,C58445949,,0,0,0,0,0,0,0,0,0,0
O=C(NN1C(=O)c2ccccc2C1=O)[C@H]1CN(C2CCCC2)C(=O)C1,,C59002131,,0,0,0,0,0,0,0,0,0,0
O(C)c1nnc(-n2nc(C)c3[C@@H](c4sccc4)CC(=O)Nc23)cc1,,C32095521,,0,0,0,0,0,0,1,1,0,0
S(=O)(=O)(N1CC[C@@H](O)c2cc(C)ccc12)c1cc([N+](=O)[O-])ccc1,,C62551018,,0,0,0,0,0,0,0,1,1,0
S(=O)(=O)(N1CC[C@@H](O)c2cccc(C)c12)c1cc([N+](=O)[O-])ccc1,,C62553106,,0,0,0,0,0,0,0,0,0,0
Clc1c(N2C(=O)[C@H]3C(C(OC)=O)=NN[C@H]3C2=O)ccc(Cl)c1,,C18142226,,0,0,0,0,0,0,0,0,0,0
O=C(Nc1ccc2OCOc2c1)[C@H](C)N1C(=O)[C@H]2CC=CC[C@@H]2C1=O,,C05292187,,0,0,0,0,0,0,0,0,0,0
O=C(/N=C\1/N(CC)c2ccccc2N/1)CN1C(=O)[C@@H]2CC=CC[C@@H]2C1=O,,C10651012,,0,0,0,0,0,0,0,0,0,0
S(=O)(=O)(/N=C/1\NC=CC=C\1)c1c(C)sc(-c2nc(C)on2)c1,,C35539197,,0,0,0,0,0,0,0,1,0,0
O=C(NC1CCCCCC1)c1cnn2C(=O)C=3CN(C)CCC=3N(C)c12,,C64836193,,0,0,1,0,0,0,0,1,0,0
O=C(Nc1c(C)sc(-c2oc(C)nn2)c1)[C@@H]1N=NC=2CCCCC1=2,,C65149232,,0,0,1,0,0,0,0,1,0,0
S(=O)(=O)(N(C)c1cc(C(=O)N2CC(=O)Nc3ccccc23)ccc1)C,,C65364440,,0,0,0,0,0,0,0,1,0,0
O=C1NC2=NN=C(c3ccccc3)[C@@H]2[C@H](c2ccc3n(C)nnc3c2)C1,,C65396578,,0,0,0,0,0,0,0,0,1,0
Clc1c([C@H]2CC(=O)Nc3n(C)nc(-c4ncccc4)c23)n2C=CSc2n1,,C65432719,,0,0,0,0,0,0,0,0,0,0
O=C(N[C@@H]1CS(=O)(=O)CC1)N1CCN(C(=O)C2CCCCC2)CC1,,C66982284,,0,0,0,0,0,0,0,0,0,0
FC1(F)Oc2cc3sc(NC(=O)c4snnc4)nc3cc2O1,,C67203601,,0,0,0,0,0,0,1,1,1,0
FC1(F)Oc2cc3sc(NC(=O)c4nnsc4)nc3cc2O1,,C67338642,,0,0,0,0,0,0,1,1,1,0
S(=O)(=O)(N1CC(=O)Nc2ccccc12)c1ccc2N(C(=O)C)CCc2c1,,C15326283,,0,0,0,0,0,0,0,0,0,0
O=[N+]([O-])c1cc(-c2nc3SC(C(=O)Nc4scc(C)n4)=C(C)n3c2)ccc1,,C04032981,,0,0,1,0,0,0,1,1,0,0
Clc1ccc(-n2nnc3C(=O)N(CC(=O)Nc4ccc(C)cc4)C=Nc23)cc1,,C04341812,,0,0,1,0,0,1,1,1,0,0
O=[N+]([O-])c1cc(C(=O)NN2C(=O)[C@H]3[C@H](C2=O)C2c4ccccc4C3c3ccccc23)ccc1,,C00971272,,0,0,0,0,0,0,0,0,0,0
O=[N+]([O-])c1ccc(-c2oc(/C=C\3/C(=O)N(c4sccn4)C(=N)S/3)cc2)cc1,,C04580181,,0,0,0,0,0,0,1,1,0,0
Clc1c(Cl)cccc1NC(=O)CN1C(=O)c2c([N+](=O)[O-])cccc2C1=O,,C03598679,,0,0,0,0,0,0,1,0,0,0
O=C(Nc1c(C(=O)C)cc2OCOc2c1)CN1C(=O)c2c(C)c(C)sc2N=C1,,C05319525,,0,0,1,0,0,0,1,1,0,0
S(=O)(=O)(Nc1ccc2oc3CC(C)(C)CC(=O)c3c2c1)c1ccc2N(C)C(=O)Oc2c1,,C01320753,,0,0,1,0,0,0,0,1,0,0
Clc1c(NC(=O)CN2C(=O)c3ccc([N+](=O)[O-])cc3N=C2)ccc(Cl)c1,,C06560434,,0,0,1,0,0,0,1,1,0,0
O=C([C@H](C#N)C=1NC(=O)c2ccccc2N=1)c1ccc2C(=O)c3ccccc3S(=O)(=O)c2c1,,C09086806,,0,0,1,0,0,0,0,1,0,0
Oc1c([C@H]2OCCn3c(-c4ccc(OC)cc4)c4C(=O)N(C)C(=O)N(C)c4c23)ccc(C)c1,,C09430111,,0,0,0,0,0,0,1,1,0,0
O=C(CN1C(=O)[C@@](C)(c2ccc3OCCCOc3c2)NC1=O)N1[C@H](C)Cc2ccccc12,,C09608493,,0,0,0,0,0,0,0,0,0,0
O(C)c1cc([C@@H]2n3nnnc3NC=3C[C@@H](c4ccc(OC)cc4)CC(=O)C2=3)ccc1,,C09660431,,0,0,0,0,0,1,0,0,0,0
O=[N+]([O-])c1ccc(C(=O)NN2C(=O)c3c(-c4sccc4)csc3N=C2)cc1,,C07968047,,0,1,1,0,0,0,1,1,0,0
Brc1ccc(CN2C(=O)N(C)c3nc4NN=C(C)[C@@H](C)n4c3C2=O)cc1,,C10371401,,0,0,1,0,0,0,0,0,0,0
O=[N+]([O-])c1ccc2nc(NC(=O)[C@H]3CN(c4cc(C)ccc4)C(=O)C3)sc2c1,,C11355197,,0,0,1,0,0,0,0,1,0,0
Clc1cc(CN2C(=O)[C@](C)(c3ccc4OCOc4c3)NC2=O)cc2OCCCOc12,,C12581121,,0,0,0,0,0,0,0,0,0,0
Clc1c([N+](=O)[O-])cc(-n2c(/C=C\3/C(=O)N(c4ccccc4)NC/3=O)ccc2)cc1,,C01154534,,0,0,0,0,0,0,0,0,0,0
Brc1cc(N2C(=O)/C(=C\c3c(OC)cc4OCOc4c3)/C(=O)NC2=O)ccc1,,C14010850,,0,0,0,0,0,0,0,1,0,0
Brc1c(/C=C\2/C(=O)C=3C(=O)N(C)C(=O)N(CCC)C=3N/2)cc2OCOc2c1,,C15349211,,0,0,1,0,0,0,1,1,0,0
S=C1N([C@H](C)CC)C(=O)[C@@]2(C(=O)N1)Cc1cc([N+](=O)[O-])ccc1N1CCCC[C@H]21,,C08742859,,0,0,0,0,0,0,0,0,0,0
Clc1ccc(-n2c(-n3cccc3)c3C(=O)N(CC(=O)NC)N=C(C)c3n2)cc1,,C21089103,,0,0,1,1,0,0,1,0,0,0
O=C(Nc1c(N2C(=O)CCC2)cccc1)CN1C(=O)N(C)C2(C1=O)CCCCC2,,C21600126,,0,0,0,0,0,0,0,0,0,0
FC(F)(F)[C@H]1N(C(=O)CN2S(=O)(=O)c3ccccc3C2=O)c2ccccc2NC(=O)C1,,C22282489,,0,0,0,0,0,0,0,0,0,0
O=C(N1CCN(C(=O)c2c(C)c3C(=O)CC(C)(C)Cc3[nH]2)CC1)[C@H]1Oc2ccccc2OC1,,C24775369,,0,0,0,0,0,0,0,0,0,0
Clc1cc(C(=O)N2[C@H](c3c(C)n(-c4ccccc4)nc3C)C(=O)NCC2)cc2OCOc12,,C31777902,,0,0,0,0,0,0,0,0,0,0
S([C@@H](C)C(=O)N1C(C)(C)C(=O)Nc2ccccc12)C=1n2nc(C)nc2-c2ccccc2N=1,,C32871563,,0,0,1,0,0,1,0,1,0,0
S(=O)(=O)(N1CCC(C(=O)N2[C@@H](C)CCCC2)CC1)c1c(C)cc2NC(=O)COc2c1,,C32958571,,0,0,0,0,0,0,0,0,0,0
S(=O)(=O)(N1CCC(C(=O)N2CCCCCC2)CC1)c1c(C)cc2NC(=O)[C@H](C)Oc2c1,,C32958908,,0,0,0,0,0,0,0,0,0,0
S(=O)(=O)(N1CCC(C(=O)N2CCCCC2)CC1)c1c(C)cc2NC(=O)[C@@H](C)Oc2c1,,C32959047,,0,0,0,0,0,0,0,0,0,0
FC(F)(F)c1ccc([C@H]2CC(=O)Nc3n(C4=Nn5c(C)nnc5C=C4)nc(C)c23)cc1,,C33088157,,0,0,1,0,0,0,1,1,0,0
Brc1cc([C@@H]2CC(=O)Nc3n(C4=Nn5c(C)nnc5C=C4)nc(C)c23)ccc1,,C33271394,,0,0,1,0,0,0,1,1,0,0
O=C(Nc1c(C#N)c2CC(C)(C)OCc2s1)N1CCN(CC(=O)N2CCCCC2)CC1,,C34784949,,0,0,0,0,0,0,0,0,0,0
Clc1ccc(NC(=O)CN2C(=O)/C(=C\3/C(=O)n4ncnc4S/3)/c3ccccc23)cc1,,C34981641,,0,0,0,0,0,0,1,1,0,0
O=[N+]([O-])c1ccc2N3CCN(c4c(C#N)cccc4)C[C@@H]3[C@@H](C(=O)NC(C)C)Cc2c1,,C35894743,,0,0,0,0,0,0,0,0,0,0
O=C(Nc1n(-c2ccc(C)cc2)nc(C)c1)CN1C(=O)N(C)C2(C1=O)CCCCC2,,C36633505,,0,0,0,0,0,0,0,0,0,0
O=C(CN1C(=O)[C@]2(NC1=O)C[C@H](C)CC(C)(C)C2)N1[C@@H](c2ccc3OCCOc3c2)CCC1,,C39543257,,0,0,0,0,0,0,0,0,0,0
O=C(CN1C(=O)[C@@]2(NC1=O)C[C@H](C)CC(C)(C)C2)N1[C@@H](c2ccc3OCCOc3c2)CCC1,,C39543263,,0,0,0,0,0,0,0,0,0,0
O=C(CN1C(=O)[C@@]2(NC1=O)C[C@@H](C)CC(C)(C)C2)N1[C@@H](c2ccc3OCCOc3c2)CCC1,,C39543266,,0,0,0,0,0,0,0,0,0,0
Fc1c(-n2c(C)c(C(=O)Nc3cnc(-n4ncnc4)cc3)c(C)n2)ccc(F)c1,,C40087722,,0,0,1,0,0,0,0,1,0,0
S(CC(=O)/[NH+]=C/1\C=CC2=NC([O-])=NC2=C\1)C=1N(C)C(=O)c2c(sc3CCCc23)N=1,,C44645934,,0,0,1,0,0,0,1,1,0,0
O=C(N/N=C/1\C(=O)N(C)c2ccccc\12)[C@@H](C)N1C(=O)c2c(sc3CCCCc23)N=C1,,C01783787,,0,0,1,0,0,0,1,1,0,0
Clc1c(C)ccc(-c2oc(/C=C/3\C(=O)N=C4SN=C(S(=O)(=O)C)N4C\3=N)cc2)c1,,C20205720,,0,0,0,0,0,0,1,1,0,0
Brc1c(NC(=O)N2CCN(C(OC(C)(C)C)=O)CC2)cc2OCCOc2c1,,C58390672,,0,0,0,0,0,0,0,0,0,0
O=C1[C@@]2(N3CCC[C@H]3[C@H]3C(=O)N(c4ccc5OCOc5c4)C(=O)[C@@H]23)c2cc(C)ccc2N1,,C15955113,,0,0,0,0,0,0,0,0,0,0
OC1=Nc2n(-c3sc4cc(OC)ccc4n3)ncc2[C@]2(C(=O)N(C)c3ccccc23)C1,,C32102884,,0,0,0,0,0,0,0,1,0,0
O=C(N[C@@H]1N=NC(C)=C1)CN1C(=O)N(c2cc(C)cc(C)c2)C(=O)c2ccccc12,,C63448315,,0,0,0,0,0,0,0,0,0,0
S(Cc1cc(F)ccc1)C1=NC(=O)[C@@H]2[C@@]3([C@H](C#N)C([NH-])=NC2=N1)C(=O)N(C)c1ccccc31,,C63526421,,0,0,0,0,0,0,0,0,0,0
S(Cc1cc(F)ccc1)C1=NC(=O)[C@H]2[C@@]3([C@H](C#N)C([NH-])=NC2=N1)C(=O)N(C)c1ccccc31,,C63526423,,0,0,0,0,0,0,0,0,0,0
O=C1N(C(C)C)c2ccc(-c3nc([C@H]4CN(c5ccc(C)cc5)C(=O)C4)on3)cc2N1,,C64891111,,0,0,1,0,0,0,1,1,0,0
S(=O)(=O)(N1[C@@H](C(=O)N2CCCCCC2)CCC1)c1c(C)cc2NC(=O)[C@@H](C)Oc2c1,,C64920986,,0,0,0,0,0,0,0,0,0,0
Clc1c(Cl)ccc(-c2oc(/C=C/3\C(=O)NC(=N)S\3)cc2)c1,,C03899314,,0,0,0,0,0,0,0,1,0,0
NC1=C(C#N)[C@@H](c2ccc(N(C)C)cc2)c2sc3ccccc3c2O1,,C00201744,,0,0,0,0,0,0,0,0,0,0
O=C1CC(C)(C)CC=2OC(N)=C(C#N)C3(c4ccccc4-c4ccccc34)C1=2,,C03671166,,0,0,0,0,0,0,0,0,0,0
O=C(C)c1c(N)c2c(-c3sccc3)c-3c(C(=O)c4ccccc-34)nc2s1,,C04648841,,0,1,1,0,0,0,1,1,1,0
O=C1C[C@@H](c2occc2)CC=2Nc3ccccc3N[C@H](c3sccc3)C1=2,,C00816047,,0,0,0,0,0,0,0,0,0,0
Clc1ccc([C@@H]2NC(=O)c3sc4nc(C(F)F)cc(C)c4c3N2)cc1,,C06613247,,0,0,0,0,0,0,0,1,0,0
Cl/C(/C(=O)Nc1ccc(Cl)cc1)=C\1/C(=O)Nc2ccccc2S/1,,C05545278,,0,0,0,0,0,0,0,1,0,0
O[C@@]1(C)[C@@H](C(=O)C)[C@H](c2ccc(C(C)C)cc2)c2c(C)[nH]nc2C1,,C04817816,,0,0,0,0,0,0,0,0,1,0
Brc1cc(/N=C\2/C(C(=O)N)=Cc3cc(Cl)ccc3O/2)ccc1,,C13896127,,0,0,0,0,0,0,0,1,0,0
Cl/C(/C(=O)Nc1c(C)cc(Cl)cc1)=C/1\C(=O)Nc2ccccc2S\1,,C16952794,,0,0,0,0,0,0,0,1,0,0
O=C(c1ccc2OCCOc2c1)c1c(N)sc2C[C@H](C)CCc12,,C19776292,,0,0,0,0,0,0,0,0,0,0
NC=1C(C#N)(C#N)[C@H](c2sccc2)[C@H]2C[C@@H](CC)CC=C2C=1C#N,,C04631574,,0,0,0,0,0,0,0,0,0,0
O=C/1N(CC(C)C)c2cc(N)ccc2O\C\1=C\c1ccc(C)cc1,,C20338820,,0,0,0,0,0,0,0,0,0,0
Clc1ccc(/C=C/2\C(=O)N(CC=C)c3cc(N)ccc3O\2)cc1,,C20339532,,0,0,0,0,0,0,1,1,0,0
NC=1C(C#N)(C#N)[C@H](c2c(C)cc(C)cc2C)[C@H]2CCCCC=C2C=1C#N,,C01103323,,0,0,0,0,0,0,0,0,0,0
NC1=C(C#N)[C@H](c2ccccc2)C=2CN(C)C/C(=C\c3ccccc3)/C=2O1,,C20528755,,0,0,0,0,0,0,0,0,0,0
O=C1[C@]2(NCCc3c(C)n(-c4ccccc4)c(C)c23)c2cc(C)ccc2N1,,C23882931,,0,0,0,0,0,0,0,0,0,0
O=C(Nc1cccc2ccccc12)NC1=C(C#N)[C@H]2CCCC[C@@H]2S1,,C28579304,,0,0,0,0,0,0,0,0,0,0
O=C(Nc1c(C#N)c2CC[C@H](C)Cc2s1)Nc1ccc(C)cc1,,C28579354,,0,0,0,0,0,0,0,1,0,0
Brc1sc(C(=O)Nc2ccc3NC(=O)CCc3c2)cc1,,C31988817,,0,0,0,0,0,0,0,1,0,0
NC=1C(C#N)(C#N)[C@@H]([C@@H]2CCCC=C2)[C@@H]2C[C@H](C)CC=C2C=1C#N,,C06381893,,0,0,0,0,0,0,0,0,0,0
O=C(NNC(=O)[C@]12C(=C)C(C)(C)[C@H](C1)CC2)c1cc(C)ccc1,,C35548907,,0,0,0,0,0,0,0,0,0,0
O=C(NNC(=O)[C@@]12C(=C)C(C)(C)[C@@H](C1)CC2)c1c(C)cccc1,,C35548916,,0,0,0,0,0,0,0,0,0,0
Clc1nc(NC[C@@H](O)C)c2c(sc3C[C@@H](C)CCc23)n1,,C36278095,,0,0,1,0,0,0,0,1,0,0
Brc1cc(-c2c(N)n(C)nc2-c2c(C)oc(C)c2)ccc1,,C36765912,,0,0,1,0,0,1,1,1,0,0
Clc1cc(Cl)cc(OCc2cc(N)cc3COCOc23)c1,,C36814079,,0,0,0,0,0,0,0,1,0,0
Cl[C@@H](C)C(=O)NC(=O)Nc1c(Cl)cc(Cl)c(Cl)c1,,C37327696,,0,0,0,0,0,0,0,0,0,0
Brc1oc(-c2c(c(N)on2)-c2ccc(F)cc2)cc1,,C37350371,,0,0,1,0,0,1,1,1,0,0
Ic1ccc(C(=O)c2ccc3NC(=O)Nc3c2)cc1,,C37359264,,0,0,0,1,0,0,0,1,0,0
Brc1cn(C)c(C(=O)Nc2cccc3c(O)cccc23)c1,,C37844752,,0,0,1,0,0,0,1,1,0,0
Oc1c(CC=C(C)C)c2O[C@H](c3ccccc3)CC(=O)c2c(O)c1,,C00113294,,0,0,1,0,1,0,0,1,0,0
Clc1c(Cl)cc2nc3[C@@H]4C(C)(C)[C@@](C(=O)N)(CC4)c3nc2c1,,C39854928,,0,0,0,0,0,0,0,0,0,0
Clc1c(NC(=O)[C@@]2(C)C(=O)Nc3ccccc3S2)ccc(Cl)c1,,C40795391,,0,0,0,0,0,0,0,1,0,0
Brc1c(NC(=O)N[C@H](C)c2oc(C)cc2)cccc1,,C43133569,,0,0,0,0,0,0,0,1,0,0
O[C@@H]1CC[C@]2(C)[C@@H]([C@@H](O)C[C@@H]3[C@@H]4[C@](C)([C@@H](OC(=O)C)CC4)CC[C@H]23)C1,,C43742908,,0,0,0,0,0,0,0,0,0,0
O=C(NC(C)(C)C)[C@@H]1[C@]2(C)CC[C@H]3[C@@]4(C)[C@H](NC(=O)C=C4)CC[C@@H]3[C@@H]2CC1,,C44075589,,0,0,0,0,0,0,0,0,0,0
Clc1c(Cl)ccc(/C=C\2/C(=O)c3ccc(O)c(CO)c3O/2)c1,,C45918927,,0,0,0,0,0,0,1,1,0,0
O(C)c1c([C@H]2NC(=O)c3c(sc4C[C@@H](C)CCc34)N2)cccc1,,C04543346,,0,0,0,0,0,0,0,0,0,0
Brc1cc(-c2onc(-c3cc(F)cc(F)c3)n2)c(N)cc1,,C50208636,,0,0,1,0,0,0,1,1,0,0
BrC=1S/C(=N/C(=O)c2ccc(NC)cc2)/NC=1,,C50769727,,0,0,0,0,0,0,0,1,0,0
Brc1c(C(=O)c2sc(Cl)cc2)cc2NC(=O)Nc2c1,,C52094192,,0,0,1,1,0,0,0,1,1,0
O=C(NC1(c2ccccc2)CCC1)C=1NC(=O)c2ccccc2C=1,,C53473222,,0,0,1,0,0,0,0,1,0,0
Brc1ccc2n(C(C)C)c(-c3nc(N)sc3)nc2c1,,C55176809,,0,0,0,0,0,0,1,1,0,0
Brc1c(N)n([C@@H]2CCCc3cc(OC)ccc23)nc1C,,C43668519,,0,0,0,0,0,0,0,0,1,0
Clc1c(-c2oc(/C=C\3/C(=O)NC(=N)S/3)cc2)ccc(Cl)c1,,C05630971,,0,0,0,0,0,0,0,1,0,0
Clc1c(O)c(/C=N/c2cc(C(=O)NC)ccc2)cc(Cl)c1,,C05293601,,0,0,0,0,0,0,0,1,0,0
Clc1c(Cl)ccc(-c2c(N)onc2[C@@H]2COCCC2)c1,,C62238226,,0,0,1,0,0,0,0,0,0,0
O=C1N(C(C)C)c2ccc(N)cc2O[C@H]1Cc1c(C)c(C)ccc1,,C62496595,,0,0,0,0,0,0,0,0,0,0
N(\c1cc(C#C)ccc1)=C\1/SCC(c2c[nH]c3ccccc23)=NN/1,,C66938715,,0,0,0,0,0,0,0,1,0,0
Clc1c(C#N)nc(NC[C@@]2(O)CCCc3ccccc23)cc1,,C67372678,,0,0,0,0,0,0,0,0,0,0
O=C([O-])[C@H]1[NH2+][C@@H](c2c(C)ccc(C)c2)c2[nH]c3ccccc3c2C1,,C04040471,,0,0,0,0,0,0,0,0,0,0
Brc1c(Br)cc(/C=N/NC(=S)N)o1,,C02809853,,0,0,0,0,0,0,0,0,0,0
O=C([O-])[C@H]1[NH2+][C@H](/C=C/c2ccccc2)c2[nH]c3ccccc3c2C1,,C05515244,,0,0,0,0,0,0,0,0,0,0
O[C@@H](C)c1cc(NC(=O)[C@@]23C(C)(C)[C@@](C)([C@H](O)C2)CC3)ccc1,,C02405998,,0,0,0,0,0,0,0,0,0,0
Brc1ccc(NN/C=C/2\C(=O)NC(=S)S\2)cc1,,C06926434,,0,0,0,0,0,0,0,1,1,0
S(=O)(=O)(N)c1ccc2N[C@H](c3sccc3)[C@@H]3CC=C[C@@H]3c2c1,,C14548470,,0,0,0,0,0,0,0,0,0,0
Brc1ccc(NS(=O)(=O)c2c(N)cccc2)cc1,,C19254940,,0,0,0,0,0,0,0,1,1,0
O[C@H]1[C@]2(C)[C@H](C[C@@H](O)C1)CC[C@@H]1[C@H]2[C@H](O)C[C@]2(C)[C@H](C(=O)C)CC[C@H]12,,C19910765,,0,0,0,0,0,0,0,0,0,0
S(c1[nH]c2ccccc2n1)c1c(N)c2ncsc2cc1,,C35345016,,0,0,0,0,0,0,1,1,1,0
Ic1cc(Oc2c(N)cc3CC(=O)Nc3c2)ccc1,,C35345794,,0,0,0,0,0,0,0,1,0,0
Brc1c(F)ccc([C@@H]2[C@H](C#N)C(=N)SC(N)=C2C#N)c1,,C04115162,,0,0,0,0,0,0,0,0,0,0
OCC(=O)[C@@H]1[C@]2(C)C[C@@H](O)[C@@H]3[C@]4(C)CC[C@@H](O)C[C@@H]4CC[C@@H]3[C@H]2CC1,,C36371061,,0,0,0,0,0,0,0,0,0,0
O[C@@H]1CC[C@@]2(C)[C@H](C1)CC[C@H]1[C@H]2[C@@H](O)C[C@@]2(C)[C@@](O)(C(=O)C)CC[C@H]12,,C36371068,,0,0,0,0,0,0,0,0,0,0
Brc1cc(C(=O)Nc2c(C#N)cc(N)cc2)c(Cl)cc1,,C36737708,,0,0,0,0,0,0,0,1,0,0
Ic1ccc(C(=O)Nc2c(C#N)cc(N)cc2)cc1,,C36737723,,0,0,0,0,0,0,0,1,1,0
Brc1sc(C(=O)Nc2c(C#N)cc(N)cc2)cc1,,C36737797,,0,0,0,0,0,0,0,1,0,0
Brc1c(S(=O)(=O)N[C@@H]2C[C@@H](C)CCC2)ccc(N)c1,,C37254478,,0,0,0,0,0,0,0,0,0,0
Brc1c(NC(=O)Cn2ccc3ccccc23)ccc(N)c1,,C37274105,,0,0,0,0,0,0,0,1,0,0
S(=O)(=O)(Nc1c(F)ccc(C)c1)c1c(F)cc(N)cc1F,,C37928376,,0,0,0,0,0,0,0,1,0,0
S(=O)(=O)(Nc1c(F)ccc(C)c1)c1c(N)ccc(F)c1,,C37929280,,0,0,0,0,0,0,0,1,1,0
Clc1c(Nc2ncnc3sc(C)c(C)c23)cc(N)cc1,,C38033830,,0,0,1,0,0,0,1,1,0,0
Brc1ccc(N[C@]2(CO)COc3cc(O)ccc23)cc1,,C38117894,,0,0,0,0,0,1,0,0,1,0
S(Cc1ccccc1)C1=C(C#N)C2(C(C#N)=C(N)N1)CCCC2,,C01505975,,0,0,0,0,0,0,0,0,0,0
Brc1c(N[C@@H](C)C(C)C)cc2NC(=O)Nc2c1,,C37129811,,0,0,1,1,0,0,0,1,0,0
Brc1c(NC(=O)NC[C@@H](O)C)ccc(Br)c1,,C40098248,,0,0,0,0,0,0,0,0,0,0
S(=O)(=O)(Nc1ccc2ccccc2c1)c1c(N)cccc1,,C40316810,,0,0,0,0,0,0,0,1,1,0
Clc1cc(Cl)cc(CN(C)C(=O)c2[nH]cc(N)c2)c1,,C40328581,,0,0,0,0,1,0,0,1,1,0
Clc1sc(CN(C)C(=O)c2c[nH]c3cc(N)ccc23)cc1,,C40333893,,0,0,0,0,0,0,1,0,0,0
Clc1ccc(NC(=O)N[C@@H]2[C@H](O)Cc3ccccc23)cc1,,C41651066,,0,0,0,0,0,0,0,1,0,0
Brc1ccc(C[S@](=O)c2[nH]c3cc(N)ccc3n2)cc1,,C42196051,,0,0,0,0,0,0,1,1,0,0
OC[C@]1(C)O[C@@]2([C@H](C)CC[C@@H]3[C@](C)(CO)[C@@H](O)CC[C@@]23C)CC1,,C43743110,,0,0,0,0,0,0,0,0,0,0
Brc1c(C(=O)N[C@H](C)c2c(C)oc(C)c2)cc(N)cc1,,C45624934,,0,0,0,0,0,0,0,0,0,0
Brc1ccc(CN(C)C(=O)Nc2cc(N)ccc2)cc1,,C48890915,,0,0,0,0,0,0,0,1,0,0
Clc1nc(N)cc(C(=O)Nc2cccc3CCCCc23)c1,,C50694770,,0,0,1,1,0,0,0,1,1,0
Brc1c(NC(=O)c2cc(Cl)nc(N)c2)c(F)cc(F)c1,,C50700901,,0,0,1,0,0,0,0,1,0,0
Brc1cc(-c2nc(NN)c3CCCc3n2)sc1,,C51168255,,0,0,1,0,0,0,0,1,0,0
Clc1c(O)ccc(C(=O)N2CCCc3ccc(N)cc23)c1,,C51296354,,0,0,0,0,0,0,0,1,0,0
Clc1cc(C(=S)N)c(N[C@H]2CS(=O)(=O)CC2)cc1,,C52857628,,0,0,0,0,0,0,0,0,0,0
Clc1cc(/C(/N)=N\O)c(N2CCc3ccccc3C2)cc1,,C52860491,,0,0,0,0,0,0,0,1,0,0
Brc1c(-n2c(CO)nc3cc(N)ccc23)cccc1,,C53735878,,0,0,1,0,0,0,1,0,0,0
Brc1cc(-n2c([C@@H](O)C)nc3cc(N)ccc23)c(F)cc1,,C53736460,,0,0,0,0,0,0,1,1,0,0
Brc1cc(Cn2c([C@@H](O)C)nc3cc(N)ccc23)ccc1,,C53737575,,0,0,1,0,0,0,1,1,0,0
Brc1c(NC(=O)Cc2nc(N)sc2)ccc(C)c1,,C55270918,,0,0,1,0,0,0,0,1,0,0
Brc1cc(C)c2NC(=O)[C@H](Nc3cc(O)ccc3)c2c1,,C42117447,,0,0,0,1,0,0,0,1,1,0
BrC1=C(N)N(c2cc(C(F)(F)F)ccc2)C(=S)NC1=O,,C59255211,,0,0,0,0,0,0,0,0,0,0
S(=O)(=O)(N)c1c(C)c(N[C@H]2CCCc3sccc23)ccc1,,C61328493,,0,0,0,0,0,0,0,0,0,0
S(=O)(=O)(N[C@@H]1CCCc2sccc12)c1c(N)cc(F)cc1,,C61360390,,0,0,0,0,0,0,0,1,0,0
S(=O)(=O)(Nc1c(N)ccc(F)c1)c1c(F)ccc(C)c1,,C63209158,,0,0,0,0,0,0,0,1,0,0
Clc1ccc(-n2c(C)c(/C=N/[NH+]=C(/[S-])\N)cc2C)cc1,,C08684877,,0,0,0,0,0,0,0,0,0,0
Oc1c(C(=O)NC[C@@]2(O)CCCc3ccccc23)cccc1,,C66929902,,0,0,1,0,0,0,0,1,0,0
O[C@@]1(C)N(CCc2c(C)[nH]c3ccccc23)C(=O)OC1(C)C,,C00140318,,0,0,0,0,0,0,0,0,0,0
O=C(NNC(=O)C12CC3CC(C1)CC(C2)C3)c1c(C)occ1,,C05273134,,0,0,0,0,0,0,0,0,0,0
O=C(N[C@H]1CN(c2ccc(C)cc2)C(=O)C1)NC1CCCC1,,C05123433,,0,0,0,0,0,0,0,0,0,0
O=C(NNC(CC)=C(C)C)[C@H]1Oc2ccccc2OC1,,C03275816,,0,0,0,0,0,0,0,0,0,0
O=C(NCC)N[C@H]1CC(C)(C)Cc2nc(C(C)(C)C)ncc12,,C12004627,,0,0,1,0,0,0,0,0,0,0
S(=O)(=O)(Nc1cccc2CCCNc12)N1[C@H](C)CCCC1,,C21037120,,0,0,0,0,0,0,0,0,0,0
O=C(NNC(=O)c1cocc1)c1sc2CCCCCc2c1,,C21971174,,0,0,0,0,0,0,0,1,0,0
S(Cc1nc(N)nc(N(C)C)n1)c1ccc(F)cc1,,C24891557,,0,0,0,0,0,1,0,1,0,0
Clc1cc(C(=O)Nc2sc(C3CCCCC3)nn2)[nH]c1,,C29089392,,0,0,1,0,0,0,0,1,1,0
O=C(N[C@@H](C)c1ccc2OCC(=O)Nc2c1)c1cc(C)ccc1,,C31737524,,0,0,0,0,0,0,0,0,0,0
O=C(NC(C)C)NC(=O)CN1CCCSc2ccccc12,,C32511251,,0,0,0,0,0,0,0,0,0,0
Clc1c(NC(=O)c2nc(NC(=O)C)sc2)ccc(C)c1,,C32648766,,0,0,1,0,0,0,0,1,1,0
Clc1sc(Cn2ccc3cc(C(=O)NO)ncc23)cc1,,C34127027,,0,0,1,0,0,0,0,1,1,0
O(Cc1n2C(C)=CC=C(N)c2nn1)c1c(C)c(C)ccc1,,C36242610,,0,0,1,0,0,0,1,1,0,0
Nc1c(c(CC(C)C)no1)-c1ccc2OCCOc2c1,,C37351138,,0,0,1,0,0,1,0,1,1,0
Oc1c([C@@H](NC2=CN(C)C(=O)C=C2)C)cc(OC)cc1,,C37785365,,0,0,1,1,0,0,0,1,1,0
O(C(C)C)C(=O)C=1[C@H]([C@H]2CCC=CC2)NC(=O)NC=1C,,C00133125,,0,0,0,0,0,0,0,0,0,0
O=C(N/N=C/c1c[nH]c2ccccc12)c1c(C)oc(C)c1,,C00381509,,0,0,0,0,0,0,0,1,0,0
O(C)C(=O)c1c(N)c2ccc(-c3occc3)nc2s1,,C00520985,,0,0,1,0,0,0,1,1,1,0
S=C1N(/N=C/c2ccc(O)cc2)C(c2ccccc2)=NN1,,C01305413,,0,0,1,0,1,1,1,1,1,0
O(Cc1onc(-c2sccc2)n1)c1c(N)cccc1,,C38055935,,0,0,1,0,0,1,1,1,0,0
O(C(C)C)C(=O)c1c(N)c2cc3C(=O)CCCc3nc2s1,,C02224871,,0,0,1,0,0,0,0,1,0,0
Oc1c(NC(=O)[C@H]2CN(c3c(C)cccc3)C(=O)C2)cccc1,,C39918146,,0,0,0,0,0,0,0,1,1,0
Fc1c(-c2n(-c3c(CC)cccc3)nnn2)cc(N)cc1,,C42015639,,0,0,1,0,0,1,1,1,1,0
Clc1c(N)c(Cl)c(C(O[C@@H](C)C#N)=O)nc1Cl,,C42139474,,0,0,0,0,0,0,0,0,0,0
O=C(C[C@@H]1[NH2+]CCC1)N1CCc2cc(C(=O)[O-])ccc12,,C42170837,,0,0,0,0,0,0,0,0,0,0
O=C(NC[C@H]1OCCC1)Nc1sc2C[C@H](C)CCc2n1,,C43577900,,0,0,1,0,0,0,0,0,0,0
O=C(NC[C@@H]1OCCC1)Nc1sc2C[C@H](C)CCc2n1,,C43577904,,0,0,1,0,0,0,0,0,0,0
O=C(NC1CC1)N1C[C@H](C(=O)N[C@@H]2[C@H](C)CCCC2)CCC1,,C44458302,,0,0,0,0,0,0,0,0,0,0
O=C(NC(C)C)N1C[C@H](C(=O)NC2CCCC2)CCC1,,C47986859,,0,0,0,0,0,0,0,0,0,0
S(Cc1conc1)c1nc(N)c2c(C)c(C)sc2n1,,C48834551,,0,0,1,0,0,1,1,1,1,0
Clc1cc(Cl)cc(NC(=O)NCc2cn(C)nc2)c1,,C48920563,,0,0,1,0,0,0,0,1,0,0
Clc1ncc(NC(=O)N[C@H](C)c2c(C)oc(C)c2)cc1,,C49396063,,0,0,1,0,0,0,0,1,0,0
OC[C@@H]1[C@H](C(=O)Nc2ccc3OCOc3c2)CCCC1,,C49870857,,0,0,0,0,0,0,0,0,0,0
Fc1c(F)cc(-c2n(CC3CCCC3)nnn2)c(N)c1,,C50036906,,0,0,1,0,0,1,0,1,1,0
S(Cc1c(N)snn1)c1ncnc2ccccc12,,C50839013,,0,0,1,0,0,0,1,1,0,0
O=C(N[C@H]1[C@H](C)CCCC1)N1C[C@@H](C(=O)NC2CC2)CCC1,,C51241377,,0,0,0,0,0,0,0,0,0,0
O[C@@H]1[C@H](NC(=O)/C=C/c2ccc3OCOc3c2)CCCC1,,C51990530,,0,0,0,0,0,0,0,0,0,0
S(=O)(=O)(N)c1n(-c2c(C)cccc2)nc(CCC)c1,,C52306985,,0,0,1,0,0,0,0,1,1,0
ClC=1C(=O)NN=CC=1N[C@H](C)c1c(C)c2ccccc2o1,,C52432107,,0,0,1,0,0,0,0,1,0,0
S(=O)(=O)(Nc1ccc2NCCCc2c1)N1[C@H](C)CCCC1,,C54107739,,0,0,0,0,0,0,0,0,0,0
O=C([O-])c1[nH+]nc(NC23CC4CC(C2)CC(C3)C4)cc1,,C37527010,,0,0,0,0,0,0,0,0,0,0
Oc1cc(C)c(N2C(=O)[C@@H](Nc3c(C)cccc3)CC2=O)cc1,,C16901716,,0,0,0,0,0,0,0,0,0,0
O(C(C)C)c1c([C@H]2SCC(=O)Nc3n[nH]cc23)cccc1,,C20717315,,0,0,0,0,0,0,0,0,0,0
S(=O)(=O)(N(C)c1ccc(C#N)cc1)c1c(N)ccc(F)c1,,C61979697,,0,0,0,0,0,0,0,1,0,0
O=C1N(CC#N)c2cc(N)ccc2O[C@H]1Cc1ccc(C)cc1,,C62496437,,0,0,0,0,0,0,0,1,0,0
S(c1n(-c2ccccc2)nnn1)c1c(C)c(N)ccc1,,C62725573,,0,0,1,0,0,1,1,1,1,0
O=C(N=C1Nc2ccccc2N1)CN(C)c1ccccc1,,C64363136,,0,0,1,0,0,0,1,1,0,0
Fc1c(N2C(=O)[C@@H](Nc3c(O)cccc3)CC2=O)cccc1,,C40827177,,0,0,0,0,0,0,0,0,1,0
O[C@H]1[C@@H](Nc2nc(-c3ccncc3)nc3CCCc23)CCCC1,,C66811803,,0,0,1,1,0,1,0,1,0,0
Brc1cc(/C=C/[C@]23C(C)(C)c4cc(C)ccc4N2CC(=O)N3)ccc1,,C04000134,,0,0,0,0,0,0,0,0,0,0
Brc1ccc(C=2NN=C(c3sccc3)c3cc(C)ccc3N=2)cc1,,C04168562,,0,0,0,0,0,0,1,0,0,0
Clc1c(/C=N/NC(=O)c2c(Cl)c3ccccc3s2)c(Cl)ccc1,,C02150933,,0,0,0,0,0,0,0,1,0,0
Brc1ccc(/C=C/2\C(=O)N/C(=N\c3ccccc3)/S\2)cc1,,C04531396,,0,0,0,0,0,0,0,1,1,0
Brc1ccc(N[C@]2(c3ccccc3)OC(=O)c3ccccc23)cc1,,C02893092,,0,0,0,0,0,0,0,0,0,0
Clc1c(Cl)ccc(C(=O)N/N=C/c2c(Cl)cccc2Cl)c1,,C02885762,,0,0,0,0,0,0,0,1,0,0
Brc1ccc2N=C(c3sccc3)NN=C(c3ccc(C)cc3)c2c1,,C04957089,,0,0,0,0,0,0,1,0,0,0
Oc1ccc(C=C(c2sc3ccccc3n2)c2sc3ccccc3n2)cc1,,C05258657,,0,0,0,0,1,0,0,1,0,0
Clc1c(/C=C/[C@@]23C(C)(C)c4ccccc4N2CC(=O)N3)c(Cl)ccc1,,C02450918,,0,0,0,0,0,0,0,0,0,0
O=C(Nc1c(C)cccc1)CN1c2ccccc2Sc2ccccc12,,C05390635,,0,0,0,0,0,0,0,0,0,0
Clc1c(/C=C/C(=O)Nc2c(C#N)c3CC[C@@H](C)Cc3s2)ccc(Cl)c1,,C01959688,,0,0,0,0,0,0,0,1,0,0
Clc1c(/C=N/NC(=O)c2sc3CC[C@H](C)Cc3c2)ccc(Cl)c1,,C03390992,,0,0,0,0,0,0,0,1,0,0
Fc1ccc(/C=C\2/C(=O)N/C(=N/c3cccc4ccccc34)/S/2)cc1,,C05377006,,0,0,0,0,0,0,0,1,1,0
Clc1ccc([C@H]2N(C3CC3)C(=O)c3c(sc4C[C@@H](CC)CCc34)N2)cc1,,C06450039,,0,0,0,0,0,0,0,0,0,0
Brc1cc(Cl)c(S(=O)(=O)Nc2c(Cl)cc(C)cc2)cc1,,C07403968,,0,0,0,0,0,0,0,1,0,0
Oc1ccc2[C@H]3CC[C@@]4(C)C(=O)/C(=C/c5ccc(OC)cc5)/C[C@H]4[C@H]3CCc2c1,,C10272246,,0,0,0,0,0,0,0,0,0,0
Brc1ccc(S(=O)(=O)Nc2c(C)cc(C)cc2)c2ccccc12,,C12290818,,0,0,0,0,0,0,0,1,0,0
O=C(Nc1c(C(C)C)cccc1)N1c2ccccc2Sc2ccccc12,,C13717189,,0,0,0,0,0,0,0,1,0,0
Clc1c([C@@H]2Nc3c(OC)ccc(OC)c3[C@@H]3[C@H]2CC=C3)ccc(Cl)c1,,C14477488,,0,0,0,0,0,0,0,0,0,0
O=C(N(C)c1ccccc1)c1ccc2N[C@@H](c3c(C)cccc3)[C@@H]3CC=C[C@@H]3c2c1,,C14479087,,0,0,0,0,0,0,0,0,0,0
Clc1c(Cl)c(Cl)nc(C(=O)N[C@@H]2[C@H](C)CCCC2)c1Cl,,C15317526,,0,0,0,0,0,0,0,0,0,0
Brc1c(C)c(S(=O)(=O)N[C@H]2[C@@H](C)CCCC2)c(C)cc1C,,C16780038,,0,0,0,0,0,0,0,0,0,0
Brc1cc(/C=N/NC(=O)C2[C@H]3CCC=CCC[C@H]23)ccc1,,C18101750,,0,0,0,0,0,0,0,0,0,0
FC(F)(F)c1c(/N=C/2\S/C(=C/c3sccc3)/C(=O)N\2)cccc1,,C20227619,,0,0,0,0,0,0,0,0,0,0
O=C1NC=2C[C@H](c3ccc(CC)cc3)CC(=O)C=2[C@H](c2cc(C)ccc2)C1,,C20883478,,0,0,0,0,0,0,0,0,0,0
ON=C1C[C@H](c2ccccc2)C(C#N)([C@H](c2ccccc2)C1)c1ccccc1,,C25500447,,0,0,0,0,0,0,0,0,0,0
Brc1sc(/C=C\2/C(=O)N/C(=N/C3CCCC3)/S/2)cc1,,C32812213,,0,0,0,0,0,0,0,1,0,0
O=C1/C(=C/c2c(C)cc(C)c(C)c2)/S/C(=N/c2c(C)cccc2C)/N1,,C33039433,,0,0,0,0,0,0,0,0,0,0
Clc1c(C)c(N2C(=S)Nc3sc4CCCCCCc4c3C2=O)ccc1,,C17079864,,0,0,0,0,0,0,1,0,0,0
Brc1cc(C=2NC(=O)c3c(sc4CCCCCc34)N=2)ccc1,,C05728863,,0,0,1,0,0,0,1,1,0,0
Brc1ccc(-c2oc(/C=N/c3c(O)ccc(Cl)c3)cc2)cc1,,C00811432,,0,0,0,0,0,0,1,1,0,0
Brc1c([C@@H]2Nc3cc(C)cc(C)c3[C@@H]3[C@H]2CC=C3)cc2OCOc2c1,,C04959596,,0,0,0,0,0,0,0,0,0,0
O=C1S/C(=C\c2ccc(C(C)(C)C)cc2)/C(=N/c2c(C)cccc2)/N1,,C39886247,,0,0,0,0,0,0,0,0,1,0
O[C@@]1(C)[C@]2(C)CC[C@@H]3[C@@]4(C)Cc5cnoc5C(C)(C)C4=CC[C@H]3[C@H]2CC1,,C05231763,,0,0,0,0,0,0,0,0,0,0
Clc1cc(Cl)cc(NC(=O)c2n(C3CCCC3)c3ccsc3c2)c1,,C40799480,,0,0,0,0,0,0,0,0,0,0
Clc1cc(C)c(NC(=O)c2n(C3CCCC3)c3ccsc3c2)cc1,,C40799507,,0,0,0,0,0,0,0,0,0,0
Brc1ccc(/C=C\2/C(=O)N/C(=N/c3c(C)c(C)ccc3)/S/2)cc1,,C05551186,,0,0,0,0,0,0,0,1,1,0
Brc1c(C(F)(F)F)c2sc(NN=C(C)C)nc2c(Cl)c1,,C57327659,,0,0,1,0,0,0,0,0,0,0
Clc1c(/N=C\2/S/C(=C\c3ccc4ccccc4c3)/C(=O)N/2)cccc1,,C04714177,,0,0,0,0,0,0,0,1,1,0
Oc1c(/C=N/c2ccc(N3Cc4ccccc4C3)cc2)c2ccccc2cc1,,C58871882,,0,0,0,0,0,0,0,1,0,0
S=C1N(c2cc(C)ccc2)C2(C(Nc3c(C)cccc3C)=N1)CCCCC2,,C13302824,,0,0,0,0,0,0,0,0,0,0
Brc1c(NC(=O)N(C)[C@H](C)c2c(Cl)cccc2)ccc(C)c1,,C59337500,,0,0,0,0,0,0,0,0,0,0
Clc1c(Cl)ccc(/C=N/NC(=O)c2c(Cl)cc(Cl)cc2)c1,,C05749371,,0,0,0,0,0,0,0,1,0,0
S=C(NC(=O)c1cc(C)ccc1)N1C(C)(C)C=C(C)c2cc(C)ccc12,,C59461904,,0,0,0,0,0,0,0,0,0,0
Brc1cc(/N=C\2/S/C(=C\c3sccc3)/C(=O)N/2)ccc1,,C13786952,,0,0,0,0,0,0,1,1,1,0
Clc1c(/N=C/2\S/C(=C\c3ccc(C(F)(F)F)cc3)/C(=O)N\2)cccc1,,C17084804,,0,0,0,0,0,0,0,1,1,0
Clc1c(Cl)cccc1/N=C/1\S/C(=C\c2ccc(Cl)cc2)/C(=O)N\1,,C12438653,,0,0,0,0,0,0,0,1,1,0
Clc1c(/N=C/2\S/C(=C/c3cccc4ccccc34)/C(=O)N\2)cccc1,,C15011786,,0,0,0,0,0,0,0,0,1,0
O=C1NC(c2ccc(C(C)(C)C)cc2)=Nc2sc3C[C@@H](C)CCc3c12,,C65002258,,0,0,1,0,0,0,0,1,0,0
Fc1ccc(/C=C/[C@]23C(C)(C)c4cc(F)ccc4N2CCC(O)=N3)cc1,,C01246048,,0,0,0,0,0,0,0,0,0,0
Oc1c(C(C)C)c(O)c2C(=O)C(=O)[C@@H]3C(C)(C)CCC[C@]3(C)c2c1O,,C01576670,,0,0,0,0,0,0,0,0,0,0
Oc1c(O)cc2OC3=CC(=O)C(O)=CC3=C(c3ccc(C)cc3)c2c1,,C04902570,,0,0,0,0,0,0,0,1,1,0
FC(F)(F)C1=NN[C@H]2OC(N)=C(C#N)[C@@H](c3ccc(C)cc3)[C@@H]12,,C05546343,,0,0,0,0,0,0,0,0,0,0
Oc1n[nH]c2NC=3CC(C)(C)CC(=O)C=3[C@@H](c3cscc3)c12,,C12348671,,0,0,0,0,0,1,0,0,0,0
O=C(N)c1cccc2[C@@H]3[C@@H]([C@H](c4c(OC)ccc5ccccc45)Nc12)CC=C3,,C14544033,,0,0,0,0,0,0,0,0,0,0
ClC(Cl)(Cl)C=1c2cc(O)c(O)cc2OC2=CC(=O)C(O)=CC=12,,C16887549,,0,0,0,0,1,0,0,1,1,0
Oc1ccc(/N=C/2\C(=C\c3ccc(O)cc3)\SC(=O)N\2)cc1,,C32594717,,0,0,0,0,0,0,1,1,1,0
Fc1cc(NC(=O)Nc2c(C)c(C)ccc2)cc2C=CC(=O)Nc12,,C33127135,,0,0,1,0,0,0,0,1,0,0
O=[N+]([O-])c1ccc([C@H]2Nc3ccc(N)cc3[C@H]3[C@@H]2CC=C3)cc1,,C00970814,,0,0,0,0,0,0,0,0,0,0
O=[N+]([O-])c1ccc([C@@H]2Nc3ccc(N)cc3[C@@H]3[C@H]2CC=C3)cc1,,C00081158,,0,0,0,0,0,0,0,0,0,0
O=C(c1c(N)c2C(C)=C(C#N)C(=O)Nc2s1)c1ccccc1,,C16249537,,0,0,1,0,0,0,0,1,1,0
Brc1cc(C(=O)Nc2c(N)cc(Br)cc2)cnc1,,C34958577,,0,0,1,0,0,0,0,1,1,0
Brc1cc(Oc2c(N)cc3OCC(=O)Nc3c2)ccc1,,C35453380,,0,0,0,0,0,0,0,1,1,0
Clc1cc(O)c2NC(=O)O[C@](C(F)(F)F)(C#CC3(O)CC3)c2c1,,C35644100,,0,0,0,0,0,0,0,0,0,0
O=C1[C@]2(N[C@H](C)CCc3c4ccccc4[nH]c23)c2ccccc2N1,,C35877797,,0,0,0,0,0,0,0,1,0,0
Clc1c(C(=O)Nc2c(N)cc3OCOc3c2)cc(Cl)cc1,,C36737128,,0,0,0,0,0,0,0,1,1,0
Brc1c(S(=O)(=O)N[C@H]2[C@H](C)[C@@H](C)CCC2)ccc(N)c1,,C37053536,,0,0,0,0,0,0,0,0,0,0
Clc1c(F)c(S(=O)(=O)/N=C/2\SC=C(C)N\2)cc(N)c1,,C37063454,,0,0,0,0,0,0,0,0,0,0
Clc1c(Cl)ccc(C(=O)Nc2ccc3NC(=O)Nc3c2)c1,,C18019501,,0,0,1,0,0,0,1,1,1,0
O=C1N(c2ccccc2)C(NN)=Nc2sc3CCCCc3c12,,C00190104,,0,0,1,0,0,0,1,1,0,0
Clc1ccc(N2C(C(C)C)=Nc3c(O)c(N)ccc3C2=O)cc1,,C39124345,,0,0,1,0,1,0,1,1,0,0
Clc1c(Cl)cc2nc3[C@]4(C(=O)NN)C(C)(C)[C@@](C)(CC4)c3nc2c1,,C05977563,,0,0,0,0,0,0,0,0,0,0
Clc1c(Cl)cc(C(=O)Nc2c(C#N)ccs2)cc1N,,C40310669,,0,0,0,0,0,0,0,1,0,0
Brc1cc(C)cc2N[C@]3(C(C#N)=C(N)OC(C)=C3)Oc12,,C40545188,,0,0,0,0,0,0,0,0,0,0
Brc1cc(CC)cc2N[C@]3(C(C#N)=C(N)OC(C)=C3)Oc12,,C40545192,,0,0,0,0,0,0,0,0,0,0
Clc1c(S(=O)(=O)/N=C/2\NC=C(N)C(C)=C\2)cc(Cl)s1,,C41040734,,0,0,0,0,0,0,0,0,0,0
Brc1cc(C[S@@](=O)c2[nH]c3cc(N)ccc3n2)c(F)cc1,,C42195863,,0,0,0,0,0,0,1,1,0,0
OC[C@@H]1[C@H]2[N+]3([O-])C/C(=C/C)/[C@@H]1C[C@H]3c1[nH]c3ccc(O)cc3c1C2,,C44606620,,0,0,0,1,0,0,0,0,1,0
Brc1c(C(=O)Nc2cc(Cl)c(N(C)C)cc2)cc(N)cc1,,C45623800,,0,0,0,0,0,0,0,0,1,0
S(=O)(=O)(/N=C\1/SC(C)=C(C)N/1)c1c(C)c(C)cc(N)c1,,C49095882,,0,0,0,0,0,0,0,1,0,0
S(=O)(=O)(/N=C\1/SC=2CCCCC=2N/1)c1c(N)cccc1,,C49554676,,0,0,0,0,0,0,0,0,0,0
Clc1cc([C@H]2C(=[NH2+])N(C(C)C)C=[NH+]2)cc2OCCCOc12,,C50122098,,0,0,0,0,0,0,0,0,0,0
Brc1cnc(NC(=O)c2cc(Cl)nc(N)c2)cc1,,C50700239,,0,0,1,0,0,0,0,1,1,0
Brc1cc([C@H]2C(=[NH2+])N(C3CC3)C(C)=[NH+]2)cc2OCOc12,,C50987012,,0,0,1,0,0,0,0,0,0,0
Clc1cc([C@@H]2C(=[NH2+])N(C)C(C(C)C)=[NH+]2)cc2OCCOc12,,C50998310,,0,0,0,0,0,0,0,0,0,0
Brc1c(Br)cc(-c2nc(NN)ccn2)o1,,C51169124,,0,0,1,0,0,0,0,1,0,0
Brc1ccc(Br)c2nc(COC)cc(NN)c12,,C51699980,,0,0,0,0,0,0,0,1,0,0
Brc1c([C@@H](O)c2cc(F)cc(F)c2)cc2NC(=O)Nc2c1,,C52094965,,0,0,1,1,0,0,0,1,0,0
S(=O)(=O)(N)c1ccc(/N=C/2\SCC3(N\2)CCCCC3)cc1,,C53097649,,0,0,0,0,0,0,0,0,0,0
Oc1c(/C=C\2/C(=O)N(c3ccc(C)cc3)C(=N)S/2)ccc(O)c1,,C15053051,,0,0,0,0,0,0,0,1,0,0
Brc1cc(Sc2c(/C(/N)=N\O)cc3CCCc3n2)ccc1,,C55307803,,0,0,0,0,0,0,0,0,0,0
O=C(N[C@H]1C(=O)NCCCC1)c1cccc2c1[nH]c1CC[C@H](C)Cc21,,C56977226,,0,0,0,0,0,0,0,0,0,0
Brc1cnc2nc(Cc3nc(N)sc3)[nH]c2c1,,C43460825,,0,0,1,0,0,0,1,1,0,0
NC=1NC=2N([C@H](c3c(C)cccc3)C[C@@H](c3ccc(C)cc3)N=2)N=1,,C12469288,,0,0,0,0,0,0,0,0,0,0
O=C(NC)C=1C(=O)c2c(N)cccc2N([C@@H]2[C@@H](C)CCCC2)C=1,,C62320319,,0,1,1,0,0,0,0,1,0,0
O=C(NC1CCCCCC1)C=1C(=O)c2c(N)cccc2N(C)C=1,,C62320434,,0,0,0,0,0,0,0,0,0,0
O=C(N[C@@H]1[C@@H](C)CCCC1)C=1C(=O)c2c(N)cccc2N(C)C=1,,C62320482,,0,0,0,0,0,0,0,0,0,0
Brc1c([C@@H](Cl)c2c[nH]nc2)cc2NC(=O)Nc2c1,,C62779625,,0,0,1,0,0,0,0,1,1,0
O=C1NCc2nc(N)sc2[C@@H](c2ccc3OC(C)(C)Cc3c2)C1,,C65385392,,0,0,0,0,0,0,0,0,0,0
Clc1c(F)c(N2[C@@H](C=3NC(=O)C=CC=3)N[C@@H](C)N2)ccc1,,C65393566,,0,0,0,1,0,0,0,0,1,0
Clc1c(NC(=O)c2c(N)c3c(C)cc(C)nc3s2)cc(Cl)cc1,,C01425734,,0,0,1,0,0,0,0,1,0,0
O=C(N)N/N=C(\C)/C[C@H]1C(C)(C)CC=2C(C)(C)CCCC=2C1,,C04991218,,0,0,0,0,0,0,0,0,0,0
O=C(Nc1c(-c2c(N)ccc3ccccc23)c2ccccc2cc1)C,,C01669103,,0,0,0,0,0,0,0,0,0,0
O=C(NN)[C@@H]1[C@]2(C)CC[C@@H]3[C@]4(C)CCCC[C@@H]4CC[C@@H]3[C@H]2CC1,,C05275630,,0,0,0,0,0,0,0,0,0,0
Oc1c([C@@H]2Nc3c(C)cc(C)cc3[C@H]3[C@H]2CC=C3)ccc(O)c1,,C13639610,,0,0,0,0,0,0,0,0,0,0
O=C(N)c1ccc2N[C@@H](c3ccc(C)cc3)[C@@H]3CC=C[C@@H]3c2c1,,C14458303,,0,0,0,0,0,0,0,0,0,0
O=C(N)c1ccc2N[C@@H](c3ccc4ccccc4c3)[C@H]3CC=C[C@@H]3c2c1,,C14475035,,0,0,0,0,0,0,0,0,0,0
Brc1cc(C)c(NC(=O)c2cc(C)c(N)cc2)cc1,,C19263496,,0,0,0,0,0,0,0,1,1,0
Brc1cc(N)c(Sc2[nH]c3ccccc3n2)cc1,,C19845573,,0,0,0,0,0,0,0,1,0,0
Clc1cc(N)c(NC(=O)/C=C/c2ccc(Cl)cc2)cc1,,C20345146,,0,0,0,0,0,0,0,1,0,0
Clc1c(NC(=O)c2cc(C)c(N)cc2)c(Cl)cc(Cl)c1,,C20504894,,0,0,0,0,0,0,0,1,0,0
Brc1cc(Cl)c(NCc2c(O)cc(O)cc2)c(Cl)c1,,C20505709,,0,0,0,1,0,0,0,1,1,0
S=C(N)c1c(Nc2ccc3OC(F)(F)Oc3c2)cccc1,,C20558680,,0,0,0,0,0,0,0,1,1,0
O=C([O-])c1c(N)c2cc3C[C@@H](c4ccccc4)CCc3[nH+]c2s1,,C33766493,,0,0,0,0,0,0,0,1,0,0
FC(F)(F)c1c(Nc2c(N)c3ncsc3cc2)cccc1,,C35344439,,0,0,0,0,0,0,0,0,0,0
Clc1c(Cl)cc(Nc2c(N)cc(C)cn2)c(Cl)c1,,C36242891,,0,0,0,0,0,0,0,1,0,0
Clc1cc(C(F)(F)F)c(Nc2c(N)ccc(C)n2)cc1,,C36242982,,0,0,0,0,0,0,0,0,0,0
Clc1c(NC(=O)c2sc3CCCCCc3c2)cc(N)cc1,,C36737605,,0,0,0,0,0,0,0,0,0,0
Brc1cc(N)c(NC(=O)c2cc(C)ccc2)c(C)c1,,C36739036,,0,0,0,0,0,0,0,1,0,0
S(=O)(=O)(N)c1cc(N[C@@H]2C[C@H](C)CCC2)c(C)c(C)c1,,C36959358,,0,0,0,0,0,0,0,0,0,0
Brc1cc(N[C@@H](C)c2c(O)cc(O)cc2)c(C)cc1,,C37091403,,0,0,0,0,0,0,0,1,1,0
Brc1ccc(C(=O)N[C@@H](C)c2c(N)cccc2)cc1,,C37178211,,0,0,0,0,0,0,0,0,0,0
Ic1c(Nc2c(N)c3cccnc3cc2)cccc1,,C37377743,,0,0,1,0,0,0,1,1,1,0
Brc1cc(Cl)c(NC(=O)c2cc(N)c(C)cc2)cc1,,C37392075,,0,0,0,0,0,0,0,1,1,0
Brc1cc(N)c(-c2[nH]c3cc(F)c(F)cc3n2)cc1,,C37742617,,0,0,0,0,0,0,1,1,0,0
Brc1cc(N)c(NC(=O)CC2CCCC2)c(C)c1,,C37865078,,0,0,0,0,0,0,0,0,0,0
O[C@H]1CC[C@]2(C)[C@@H]3CC[C@]4(C)[C@H](/C(=N\N)/C)CC[C@H]4[C@H]3CC=C2C1,,C38155545,,0,0,0,0,0,0,0,0,0,0
Brc1cc(N[C@@]2(C(=O)N)C[C@@H](C)CC(C)(C)C2)ccc1,,C37944386,,0,0,0,0,0,0,0,0,0,0
S=C1N(c2ccccc2)[C@](C)(c2c(O)cc(O)cc2)CC(C)(C)N1,,C02478985,,0,0,0,0,0,0,0,0,0,0
Clc1c(Cl)cc(NC(=O)c2sc(C)c(N)c2)c(Cl)c1,,C40296837,,0,0,0,0,0,0,0,1,0,0
Clc1c(C(=O)N[C@H]2[C@@]3(C)C(C)(C)[C@@H](C2)CC3)cc(N)cc1,,C40311576,,0,0,0,0,0,0,0,0,0,0
Ic1c(C)c2sc(NN)nc2c(C)c1,,C40542215,,0,0,1,0,0,0,0,1,0,0
Brc1c(Nc2c(N)cc(Br)cn2)cccc1,,C40713648,,0,0,0,0,0,0,0,1,0,0
O=C(N[C@@H](C)c1c(N)cccc1)c1csc2ccccc12,,C42880686,,0,0,0,0,0,0,0,0,0,0
Brc1ccc(CC(=O)Nc2cc(C)c(N)cc2)cc1,,C43569851,,0,0,0,0,0,0,0,1,0,0
O[C@H]1CC[C@]2(C)[C@@H](C1)CC[C@@H]1[C@@H]3[C@](C)(/C(=N/N)/CC3)CC[C@H]21,,C43736951,,0,0,0,0,0,0,0,0,0,0
S=C(N)C1(C(=O)N[C@H]2[C@H](C)[C@@H](C)CCC2)CCCCCC1,,C44772541,,0,0,0,0,0,0,0,0,0,0
S=C(N)C1(C(=O)N[C@@H]2[C@H](C)CCCC2)CCCCCC1,,C44772851,,0,0,0,0,0,0,0,0,0,0
Brc1c(C(=O)Nc2c(Cl)cc(C)cc2)cc(N)cc1,,C45623063,,0,0,0,0,0,0,0,1,0,0
Brc1cc([C@@H]2C(=[NH2+])N(Cc3ccccc3)C=[NH+]2)c(F)cc1,,C50122927,,0,0,0,0,0,0,0,0,0,0
Brc1cc([C@@H]2C(=[NH2+])N(C(C)(C)C)C(CC)=[NH+]2)ccc1,,C50995186,,0,0,0,0,0,0,0,0,0,0
Brc1cc(F)c([C@@H]2C(=[NH2+])N(C)C(CCC)=[NH+]2)cc1,,C50996428,,0,0,0,0,0,0,0,0,0,0
Brc1cc(F)c2nc(C(F)(F)F)cc(NN)c2c1,,C51169830,,0,0,1,0,0,0,0,1,0,0
Oc1c(/C=C\2/CCC[C@H]3[C@H](c4c(O)cccc4)NN=C/23)cccc1,,C51330020,,0,0,0,0,0,0,0,0,0,0
Oc1c(/C=C\2/CCC[C@@H]3[C@H](c4c(O)cccc4)NN=C/23)cccc1,,C51330022,,0,0,0,0,0,0,0,0,0,0
Clc1c(/C(/N)=N\O)c(Sc2ccc(Cl)cc2)ccc1,,C52907767,,0,0,0,0,0,0,0,0,0,0
O[C@H]1CC[C@]2(C)[C@H]3CC[C@]4(C)/C(=N/N)/CC[C@H]4[C@H]3CC=C2C1,,C10272299,,0,0,0,0,0,0,0,0,0,0
S=C(N)C1(NC(=O)C2CCCCCC2)CCCCCC1,,C53714658,,0,0,0,0,0,0,0,0,0,0
Brc1cc(F)c([C@H]2C(=[NH2+])N(C)C(C3CCCC3)=[NH+]2)cc1,,C60280774,,0,0,0,0,0,0,0,0,0,0
Brc1c(O)ccc(CNc2c(C)c(O)c(C)cc2)c1,,C62702650,,0,0,1,0,0,0,0,1,1,0
Clc1ccc(N2C(NN)=Nc3sc4CC[C@H](C)Cc4c3C2=O)cc1,,C02387613,,0,0,1,0,0,0,1,1,0,0
Clc1c([C@@H]2C(C#N)=C(N)O[C@@H]3NN=C(C(F)(F)F)[C@@H]23)cccc1,,C05584268,,0,0,0,0,0,0,0,0,0,0
Brc1cc(C(=O)N/N=C/c2cc(O)c(O)cc2)ccc1,,C00256878,,0,0,0,1,1,0,0,1,0,0
Clc1c(Cl)cccc1/C=N/NC(=O)c1cc(O)c(O)cc1,,C00238900,,0,0,0,1,0,0,0,1,0,0
Brc1cc(C(=O)N2[C@H](C(=O)N)Cc3ccccc3C2)c(O)cc1,,C07990253,,0,0,0,0,0,0,0,0,0,0
O=C(NCc1cccc2ccccc12)N1[C@H](C(=O)N)Cc2ccccc12,,C10256259,,0,0,0,0,0,0,0,1,0,0
O=C1C([C@H]2C(C#N)=C(N)Oc3c4ccccc4ccc23)=Cc2cccc(C)c2N1,,C00876439,,0,0,0,0,0,0,0,0,0,0
Clc1c(Cl)ccc(/C=N/NC(=O)c2cc(O)cc(O)c2)c1,,C13322292,,0,0,0,0,0,0,0,1,0,0
O=C1NC(=O)c2c(c(-c3c(C)sc(C)c3)[nH]c2N1)-c1c(C)sc(C)c1,,C15085161,,0,0,0,0,0,0,0,1,0,0
Brc1c(Oc2ncc(/C(/N)=N/O)cc2)ccc(Cl)c1,,C19433295,,0,0,0,0,0,0,0,1,0,0
S=C1N(c2c(C)cccc2)C(=O)C([C@@H]2[NH2+]CCc3ccccc23)=C([O-])N1,,C20149900,,0,0,0,0,0,0,0,0,0,0
S=C1N(c2cc(C)ccc2)C(=O)C([C@@H]2[NH2+]CCc3ccccc23)=C([O-])N1,,C17194546,,0,0,0,0,0,0,0,0,0,0
Oc1c([C@H]2Nc3c(OC)ccc(OC)c3[C@@H]3[C@H]2CC=C3)ccc(O)c1,,C20681636,,0,0,0,0,0,0,0,0,0,0
Clc1c(N)c(Cl)c(C(=O)N/N=C/c2sccc2)nc1Cl,,C20885138,,0,0,0,0,0,0,0,1,0,0
Clc1c(N)c(Cl)c(C(=O)N/N=C/2\C[C@H]3[C@H]\2CC=C3)nc1Cl,,C20885292,,0,0,0,0,0,0,0,0,0,0
S(=O)(=O)(N)c1c(C)c(C)cc(C(=O)Nc2c(C)ccc(C)c2)c1,,C27672370,,0,0,0,0,0,0,0,1,1,0
O=C(NN/C=C\1/C(=O)C=Cc2ccccc/12)c1cccc2cc[nH]c12,,C04989687,,0,0,0,0,0,0,0,1,0,0
Brc1cc(F)c(Oc2c(N)cc3NC(=O)CCc3c2)cc1,,C35341633,,0,0,0,0,0,0,0,0,0,0
Brc1c(Oc2c(N)cc3OCC(=O)Nc3c2)ccc(C)c1,,C35453484,,0,0,0,0,0,0,0,0,1,0
Brc1c(NS(=O)(=O)N2CCCCCC2)ccc(N)c1,,C36743392,,0,0,0,0,0,0,0,0,0,0
Brc1ccc2ncc(N)c(SC=3NC(=O)C=C(C)N=3)c2c1,,C36813344,,0,1,1,0,0,0,1,0,1,0
Brc1cc(Cl)c(NC(=O)c2n(CC)cc(N)c2)c(Cl)c1,,C36862630,,0,0,0,0,0,0,0,1,0,0
S=C1N[C@@H](c2c(OC)cc3CCCCc3c2)C(C(=O)NC)=C(C)N1,,C02481959,,0,0,0,0,0,0,0,0,0,0
Brc1c(O[C@@H](C)C(=O)NC(=O)N)ccc2ccccc12,,C37974438,,0,0,0,0,0,0,0,0,1,0
O=C(NN)c1ccc([C@H]2[C@@H]3[C@@H]4CC[C@@H](C4)[C@@H]3SC3=NC(=O)S[C@@H]23)cc1,,C39361311,,0,0,0,0,0,0,0,0,0,0
Clc1c(Cl)c2cc(C(=O)N[C@@H]3C(=O)NCCCC3)[nH]c2cc1,,C40120922,,0,0,0,0,0,0,0,0,0,0
Brc1cc(Cl)c([C@H](O)c2ccc3NC(=O)Nc3c2)cc1,,C40247934,,0,0,0,1,0,0,0,1,1,0
Brc1cc(NC(=O)[C@@H]2[NH2+]CCCC2)c(C(=O)[O-])cc1,,C40486471,,0,0,0,0,0,0,0,0,0,0
Brc1cc(Oc2c(/C(/N)=N\O)cc3CCCc3n2)ccc1,,C43407949,,0,0,0,0,0,0,0,1,0,0
O[C@H]1C[C@@H]2[C@@H]3[C@](C)([C@@H](C(=O)NC(C)(C)C)CC3)CC[C@H]2[C@@]2(C)[C@H]1NC(=O)C=C2,,C44020739,,0,0,0,0,0,0,0,0,0,0
O=C(N[C@H](C)c1ccc2NC(=O)Nc2c1)c1csc2CCCCc12,,C47534794,,0,0,0,0,0,0,0,1,0,0
Brc1cc(S(=O)(=O)/N=C\2/SC(C)=C(C)N/2)c(N)cc1,,C49095951,,0,0,0,0,0,0,0,1,0,0
Brc1cc(Cl)c(C(=O)NNC(=O)NC(C)C)cc1,,C49477051,,0,0,0,0,0,0,0,0,0,0
Brc1cc([C@@H]2C(=[NH2+])N(CC)C(C)=[NH+]2)cc2OCCOc12,,C50986395,,0,0,0,0,0,0,0,0,0,0
Brc1cc([C@@H]2C(=[NH2+])N(C(C)C)C(C)=[NH+]2)cc2OCOc12,,C50986809,,0,0,1,0,0,0,0,0,0,0
Brc1cc([C@@H]2C(=[NH2+])N(CC=C)C=[NH+]2)cc2OCCOc12,,C50987589,,0,0,0,0,0,0,0,0,0,0
Brc1c([C@@H](O)c2cc(OC)ccc2)cc2NC(=O)Nc2c1,,C52094945,,0,0,1,1,0,0,0,1,1,0
O[C@@H]1[C@H](NC(=O)N[C@@H](C)c2c(C)c3ccccc3o2)c2ccccc2C1,,C57005432,,0,0,0,0,0,0,0,0,0,0
Brc1cc(C(=O)NNC(=O)c2ccc(Cl)cc2)[nH]c1,,C08122782,,0,0,0,0,0,0,0,1,0,0
Clc1c(Cl)ccc(C(=O)N[C@@H](C)c2ccc3NC(=O)Nc3c2)c1,,C47557786,,0,0,0,0,0,0,0,1,0,0
Brc1c(S(=O)(=O)N[C@@H]2CCCc3sccc23)ccc(N)c1,,C61360412,,0,0,0,0,0,0,0,1,0,0
Brc1cc(NC(=O)c2cc(Cl)nc(N)c2)c(Cl)cc1,,C61693482,,0,0,1,0,0,0,0,1,1,0
Brc1c(S(=O)(=O)/N=C/2\SC=C(C)N\2)cc(Cl)cc1N,,C61881551,,0,0,0,0,0,0,0,1,0,0
Brc1c(S(=O)(=O)/N=C\2/C(C)=CC=CN/2)cc(Cl)cc1N,,C61881614,,0,0,0,0,0,0,0,0,0,0
O=C(N)Cc1c(NC(=O)N2CC3C[C@@H]4CC2C[C@H](C3)C4)cccc1,,C62389399,,0,0,0,0,0,0,0,0,0,0
Br[C@@H](c1c(Br)cc2NC(=O)Nc2c1)c1[nH]ncc1,,C62779631,,0,0,1,1,0,0,0,1,1,0
Brc1cc(C)c(Oc2c(N)cc3C(=O)NC=Nc3c2)cc1,,C63061549,,0,0,0,0,0,0,1,1,1,0
OC1=Nc2nc(N)sc2[C@H](c2c(OC3CCCC3)cccc2)C1,,C36366035,,0,0,0,0,1,0,0,0,0,0
OC(C)(C)C#Cc1ccc([C@H]2CC(=O)Nc3cc(O)c(OC)cc23)cc1,,C65407144,,0,0,0,0,1,0,0,1,0,0
Clc1ccc2cc(C(=O)NNC(=O)c3c(C)ccs3)[nH]c2c1,,C66783326,,0,0,0,0,0,0,0,1,0,0
Clc1c(Cl)ccc(NC(=O)CSC=2N(N)C(=O)C(C)=NN=2)c1,,C00717950,,0,0,1,0,0,0,0,1,0,0
O=C(COc1c(C(=O)N)cccc1)N1C(C)(C)C(=O)Nc2ccccc12,,C04341304,,0,0,0,0,0,0,0,0,0,0
O(CC(=O)NC(=O)N)C(=O)c1sc-2c(COc3ccccc-23)c1,,C04494992,,0,0,1,0,0,0,0,1,1,0
O(C(C)(C)C)C(=O)C1=C(C)NC(=O)[C@@]21C(C#N)=C(N)Oc1ccccc21,,C04517210,,0,0,0,0,0,0,0,0,0,0
O(CC=C)C(=O)C1=C(C)NC(=O)[C@]21C(C#N)=C(N)Oc1ccccc21,,C04517219,,0,0,0,0,0,0,0,0,0,0
Clc1c(Cl)c(Cl)cnc1C(O[C@H](C)C(=O)NC(=O)N)=O,,C05359123,,0,0,0,0,0,0,0,0,0,0
OC1=C(C(=O)C(=O)Nc2c(C)cccc2)C(O)=C2C=CC(=O)C=C2O1,,C06491525,,0,0,0,0,0,0,1,1,1,0
S([C@H](C)C(=O)NC(=O)N)C=1N(C2CCCC2)C(=O)c2ccccc2N=1,,C06531316,,0,0,1,0,0,0,0,1,0,0
FC(F)(F)[C@](O)(C)c1c(N)n(-c2ccc([N+](=O)[O-])cc2)nc1C,,C06882327,,0,0,0,0,0,0,0,0,0,0
Clc1cc(C(=O)NNC(=O)Cc2c(C)n(C)nc2C)c(O)cc1,,C10887480,,0,0,1,0,0,0,0,1,0,0
S(=O)(=O)(Nc1cc(C(=O)C)ccc1)c1c(C)cc2NC(=O)Nc2c1,,C11635255,,0,0,1,1,0,0,1,1,1,0
O([C@H](C)C=1NC(=O)c2ccccc2N=1)C(=O)c1c(N)snc1C,,C12820235,,0,0,1,0,0,0,1,0,0,0
Clc1c(C)c(NCC(=O)NC(=O)N[C@@H]2CS(=O)(=O)CC2)ccc1,,C15290643,,0,0,0,0,0,0,0,0,0,0
O=C(NCCC(=O)N1CC(=O)NCC1)NC12CC3CC(C1)CC(C2)C3,,C15384881,,0,0,0,0,0,0,0,0,0,0
S(C)c1nn2[C@@H](c3ccc(N(C)C)cc3)C(C(=O)N)=C(C)Nc2n1,,C20413599,,0,0,0,0,0,0,0,0,0,0
O=C1NC(N)=Nc2nc3CCCC(=O)c3c(-c3ccc(N(C)C)cc3)c12,,C20673613,,0,1,1,0,1,1,1,1,0,0
S(=O)(=O)(N)c1c(C)ccc(NC(=O)[C@@H]2[C@@H](C)Oc3ccccc3O2)c1,,C27805497,,0,0,0,0,0,0,0,1,0,0
O=C(Nc1ccc2NC(=O)Nc2c1)[C@H]1[C@H](C)Oc2ccccc2O1,,C27807757,,0,0,1,1,0,0,0,1,0,0
O=C(NC)NC(=O)CNc1c(C(=O)N2C[C@H](C)C[C@@H](C)C2)cccc1,,C29650466,,0,0,0,0,0,0,0,0,0,0
Oc1c(/C=N\NC(=O)Cn2c(C)nc3ccccc23)ccc(O)c1,,C34629341,,0,1,1,1,1,0,1,1,0,0
Brc1c(O)c(OC)cc(/C=N/NC=2NC(=O)C=C(C)N=2)c1,,C06982338,,0,0,1,0,0,0,0,1,0,0
S(=O)(=O)(N1CCCCCCC1)c1c(NN)nc2SC=Cn12,,C37555978,,0,0,1,0,1,0,0,1,0,0
O=C(N)c1nc(CC(C)C)nc2N(c3ccc(C)cc3)C(=O)Nc12,,C04175878,,0,0,1,0,1,0,1,1,0,0
O=C1CC(C)(C)CC=2N(c3n[nH]cn3)C(N)=C(C#N)[C@H](c3ccccc3)C1=2,,C08559532,,0,0,0,0,0,0,0,0,0,0
O=C(N)C=1[C@H](c2ccccc2)n2nc(-c3ccncc3)nc2NC=1C,,C13123541,,0,0,0,1,0,0,0,0,0,0
O=C(c1c(NC=C2C(=O)NC(=O)NC2=O)cccc1)c1ccccc1,,C02710352,,0,0,0,0,0,0,0,1,0,0
O[C@H]1N(CC)C(=O)N(CC)C(=O)[C@H]1[C@H]1NCCc2c3ccccc3[nH]c12,,C38564817,,0,0,0,0,0,0,0,0,0,0
O[C@H]1N(CC)C(=O)N(CC)C(=O)[C@@H]1[C@H]1NCCc2c3ccccc3[nH]c12,,C38564819,,0,0,0,0,0,0,0,0,0,0
Oc1c(OC)cccc1[C@H]1C2=C(O)N=N[C@H]2NC=2CC(C)(C)CC(=O)C1=2,,C39358785,,0,0,0,0,0,0,0,0,0,0
Oc1c(-c2c(O)cc3[C@H]4N(N[P@](OC)(=O)OC4)CCc3c2)cccc1,,C39464592,,0,0,0,0,0,0,0,0,0,0
Brc1oc([C@H](C=2[C@@H](O)N=NC=2C)C=2C(=O)NNC=2C)cc1,,C39699173,,0,0,0,0,0,0,0,0,0,0
O=S1(=O)C[C@@H]2N(c3ccc(Oc4ccc(N)cc4)cc3)C(=O)N[C@@H]2C1,,C40166599,,0,0,0,0,0,0,0,0,1,0
O=C(NNC(=O)c1c[nH]c2ccccc12)c1c(-n2nccc2)cccc1,,C40538612,,0,0,0,0,0,0,0,1,0,0
O=C(Nc1nn(C)c2NC(=O)[C@H](C)Cc12)Cc1c[nH]c2ccccc12,,C44388565,,0,0,0,0,0,1,0,1,0,0
S=C1N(c2ccc3OCCOc3c2)C(c2c(O)cc(O)cc2)=NN1,,C18059248,,0,0,1,0,1,0,1,1,0,0
S=C1NC(=O)C(=C(Nc2c(C)ccc(C(OC)=O)c2)C)C(=O)N1,,C09779087,,0,0,0,0,0,0,0,1,0,0
S(CC(=O)NC(=O)N)C=1N(C2CCCCC2)C(=O)c2ccccc2N=1,,C06532255,,0,0,0,0,0,0,0,1,0,0
Oc1c(/C(=N/NC(=O)c2c(C)nc3n2C=CC=C3)/C)ccc(O)c1,,C12475169,,0,1,1,0,1,1,1,1,1,0
S(=O)(=O)(N1CC[C@H](O)c2cc(C)ccc12)c1ccc2NC(=O)Nc2c1,,C62551055,,0,0,1,0,0,0,0,1,0,0
Ic1cc(-c2onc(-c3n[nH]cn3)n2)c(N)cc1,,C62824307,,0,0,1,0,0,0,1,1,0,0
S(CC1=NC(=O)C=2C(S[C@@H]3CCCCC=23)=N1)c1nc(N)[nH]n1,,C39944045,,0,0,0,0,0,0,0,1,1,0
O=C(Nc1c([O-])ccc[nH+]1)CCC=1Nc2sc(C)c(C)c2C(=O)N=1,,C63264613,,0,0,1,1,0,0,1,1,0,0
O=C(Nc1nc(C=2S[C@@H](C)CC=2)[nH]n1)c1c(C)c2C(=O)CCCc2[nH]1,,C64120384,,0,0,1,1,1,1,0,1,0,0
S(=O)(=O)(N(C)C)c1ccc(NC(=O)N[C@H]2[C@H](O)CCCC2)cc1,,C58417186,,0,0,0,0,0,0,0,0,0,0
Clc1c(C)n(-c2ccc(C(=O)NNC(=O)NC3CC3)cc2)nc1C,,C64900905,,0,0,1,0,0,0,0,1,1,0
O=C(NNC(=O)[C@H]1CN(c2ccc(C)cc2)C(=O)C1)NC1CCCC1,,C65918892,,0,0,0,0,0,0,0,0,0,0
O=C(NNC(=O)C[C@H]1C[C@@H](C)CC(C)(C)C1)N[C@H]1CS(=O)(=O)CC1,,C66630638,,0,0,0,0,0,0,0,0,0,0
O=C(NNC(=O)c1cc(C)c(N2C(=O)NCC2)cc1)c1c(C)ccs1,,C66783136,,0,0,0,0,0,0,0,1,0,0
O[C@@]1(CNC(=O)c2nc(-c3n[nH]cn3)sc2)CCCc2ccccc12,,C66929997,,0,0,1,0,0,0,1,1,0,0
O=C(NNC(=O)c1c(C)ccs1)N[C@@H](C)c1c(C)n(C)nc1C,,C67066329,,0,0,1,0,0,0,0,1,0,0
Brc1c(NC(=O)/C=C/c2c(Cl)cccc2)ccc([N+](=O)[O-])c1,,C04040792,,0,0,0,0,0,0,0,0,0,0
FC(F)(F)[C@@]1(O)N(C(=O)COc2c(C)cc(C)cc2C)N=C2CCCC[C@H]12,,C01093106,,0,0,0,0,0,0,0,0,0,0
Fc1ccc(CN2[C@@H](c3ccc(O)cc3)C=3C(=O)c4cc(C)ccc4OC=3C2=O)cc1,,C02704183,,0,0,0,0,0,0,0,0,0,0
Oc1cc([C@H]2N(Cc3ccc(C)cc3)C(=O)C=3Oc4ccc(C)cc4C(=O)C2=3)ccc1,,C02704163,,0,0,0,0,0,0,0,0,0,0
Ic1ccc(C(=O)Nc2c(C)cc([N+](=O)[O-])cc2)cc1,,C04402374,,0,0,0,0,0,0,0,1,1,0
Brc1c(NC(=O)c2cc([N+](=O)[O-])c(Cl)cc2)c(F)cc(F)c1,,C01097784,,0,0,0,0,0,0,0,0,0,0
O(C)C(=O)c1c(NC(=O)c2sc-3c(COc4cccc(C)c-34)c2)ccs1,,C05049952,,0,0,0,0,0,0,0,1,0,0
O=C(Nc1ccc(C)cc1)[C@@H](C)N1C(=O)c2c(sc3C[C@H](C)CCc23)N=C1,,C01980447,,0,0,0,0,0,0,1,1,0,0
Clc1ccc(NC(=O)[C@@H](C)N2C(=O)c3c(sc4C[C@@H](C)CCc34)N=C2)cc1,,C01980961,,0,0,0,0,0,0,1,1,0,0
Clc1c(NC(=O)[C@@H](C)N2C(=O)c3c(sc4C[C@H](C)CCc34)N=C2)cccc1,,C05553319,,0,0,0,0,0,0,1,1,0,0
Brc1ccc2oc(C(=O)N/N=C/c3ccc(N(C)C)cc3)cc2c1,,C05586314,,0,0,0,0,0,0,0,1,0,0
O=C(NC12CC3CC(C1)CC(C2)C3)[C@@H](C)N1S(=O)(=O)c2cccc3cccc1c23,,C04938227,,0,0,0,0,0,0,0,0,0,0
S([C@@H](C)C=1NC(=O)c2c(C)c(C)sc2N=1)c1ncnc2sc(C)c(C)c12,,C05902417,,0,0,1,0,0,0,1,0,0,0
Brc1cc(C)c(NC(=O)Cn2ncc3COc4ccc(C)cc4-c23)cc1,,C06805864,,0,0,0,0,0,1,1,1,0,0
Brc1c(C(=O)N/N=C/c2c3ccccc3cc3ccccc23)nn(C)c1,,C01091843,,0,0,0,0,0,0,0,1,0,0
Clc1ccc(N2C(=O)O[C@H](CNC(=O)c3cccc4ccccc34)C2)cc1,,C09071859,,0,0,0,0,0,0,0,1,0,0
S(=O)(=O)(N1CCC(C)CC1)c1c(CC)cc2c([nH]c3CC(C)(C)CC(=O)c23)c1,,C09685785,,0,0,0,0,0,0,0,0,0,0
Clc1cc(/C=C/C(=O)N2CCC(c3c[nH]c4ccccc34)=CC2)cc2OCOc12,,C11074700,,0,0,1,0,0,0,0,0,0,0
S(CC(=O)N1[C@@H](C)CCC[C@H]1C)C=1NC(=O)c2c(sc3C[C@@H](C)CCc23)N=1,,C12494112,,0,0,1,0,0,0,0,1,0,0
Brc1ccc(NC(=O)CN2S(=O)(=O)c3cccc4cccc2c34)cc1,,C15628983,,0,0,0,0,0,0,0,1,0,0
Clc1cc(NC(=O)c2cc(N3C(=O)[C@H]4CC(C)=CC[C@@H]4C3=O)ccc2)c(C)cc1,,C18155475,,0,0,0,0,0,0,0,1,0,0
O=[N+]([O-])c1ccc(C)c2N[C@@H](c3c(OC)ccc4ccccc34)[C@@H]3CC=C[C@H]3c12,,C20718542,,0,0,0,0,0,0,0,0,0,0
Clc1c(C)ccc(-n2nc(C)c3[C@@H](c4ccc(OC)cc4)SCC(=O)Nc23)c1,,C20898916,,0,0,0,0,0,0,0,0,0,0
O=C(Nc1c(C)c(C)ccc1)C1=C(C)n2nc(C)c(-c3cc(C)ccc3)c2N=C1,,C21914363,,0,0,1,0,0,0,1,1,0,0
S(CC(=O)N1[C@@H](C)CC(=O)Nc2ccccc12)C=1SCc2ccccc2N=1,,C22022327,,0,0,0,0,0,0,0,0,0,0
Clc1ccc([C@H]([NH+]2C[C@H](C)C[C@@H](C)C2)C2=C([O-])n3nc(C)nc3S2)cc1,,C23156945,,0,0,0,0,0,0,0,0,0,0
Clc1c([C@@H]2C(C(OC)=O)=C(C)NC=3CC(C)(C)CC(=O)C2=3)ccc(Cl)n1,,C25695219,,0,0,0,0,0,0,0,0,0,0
Ic1c(C(=O)Nc2c(C)cccc2)cc([N+](=O)[O-])cc1,,C31663204,,0,0,0,0,0,0,0,0,0,0
Ic1c(C(=O)N[C@@H]2[C@@H](C)CCCC2)cc([N+](=O)[O-])cc1,,C31678673,,0,0,0,0,0,0,0,0,0,0
Clc1c(NC(=O)CN2N(C(C)(C)C)C(=O)c3cc(C)ccc23)ccc(C)c1,,C33302031,,0,0,0,0,0,0,1,0,0,0
O=C1N(C)C=2CN(CCc3sccc3)C(=O)C=2[C@H](c2c(C)cc(C)cc2)N1,,C35472065,,0,0,0,0,0,0,0,0,0,0
S(C)[C@@H]1NC=2c3nc4cccc(Cc5ccccc5)c4cc3C(=O)N(F)C=2C(=O)C1,,C39453149,,0,0,1,0,0,0,1,0,0,0
S(=O)(=O)(C(C)C)[C@H]1N(OC)[C@@]2(C[C@@H](c3c(O)cccc3)CCC2)CCC1,,C39522039,,0,0,0,0,0,0,0,0,0,0
Clc1c(Cl)cccc1[C@H]1NC(=O)N(C)C=2CN([C@H](C)C(C)C)C(=O)C1=2,,C05117091,,0,0,0,0,0,0,0,0,0,0
S([C@@H](C)C(=O)Nc1c(F)cc(C)cc1)C=1N(C)C(=O)c2cc(C)ccc2N=1,,C42178281,,0,0,1,0,0,0,0,1,0,0
S([C@H](C)C(=O)Nc1c(F)cc(C)cc1)C=1N(C)C(=O)c2cc(C)ccc2N=1,,C42178282,,0,0,1,0,0,0,1,1,0,0
Brc1cc(S(=O)(=O)/N=C\2/SC=3CCCC=3N/2)c(OC)cc1,,C42306089,,0,0,0,0,0,0,0,0,0,0
Brc1c(C(=O)Nc2c(Cl)cccc2Cl)cc([N+](=O)[O-])cc1,,C45625699,,0,0,0,0,0,0,0,0,0,0
O=C(Nc1sc2c(C)ccc(C)c2n1)Cc1nc(-c2oc(C)cc2)sc1,,C45714693,,0,0,1,0,0,0,1,1,0,0
Clc1cccc2sc3C(=O)N(CC(=O)Nc4cc(C)cc(C)c4)C=Nc3c12,,C45942879,,0,0,0,0,0,0,0,1,0,0
FC(F)(F)c1c([C@H]2NC(=O)N(C)C=3CN([C@H](C)C(C)C)C(=O)C2=3)cccc1,,C04572031,,0,0,0,0,0,0,0,0,0,0
S(CC=C)c1nn2[C@@H](c3ccc(C)cc3)C=3C(=O)CC(C)(C)CC=3Nc2n1,,C17077824,,0,0,0,0,0,0,0,0,0,0
O=C(Nc1ccc2n(CC)c3ccccc3c2c1)C[C@@H]1OC(=O)c2ccccc12,,C57351896,,0,0,0,0,0,0,0,1,0,0
S(=O)(=O)(Nc1ccc2OC3(Oc2c1)CCCCC3)c1cc(F)cc(F)c1,,C28783576,,0,0,0,0,0,0,0,1,0,0
S(CC)c1nn2[C@H](c3ccc(C(C)C)cc3)C=3C(=O)C[C@H](C)CC=3Nc2n1,,C22608448,,0,0,0,0,0,0,0,0,0,0
Clc1c(Cc2sc(NC(=O)c3n(C)nc(C)c3)nc2)ccc(Cl)c1,,C59734831,,0,0,1,0,0,0,1,1,0,0
Brc1cc(-c2oc(S[C@H]3C(O)=Nc4ccccc4CC3)nn2)ccc1,,C20734491,,0,0,1,0,0,1,0,1,0,0
Brc1ccc(C=2[C@H](NC3CCCCC3)n3ncc(C#N)c3N=2)cc1,,C63528864,,0,0,0,0,0,0,0,0,0,0
Clc1ccc2C(=O)N=C3[C@@H](C(=O)Nc4ccc(CC)cc4)SC(=S)N3c2c1,,C64460428,,0,0,1,0,0,0,0,0,0,0
S(C)[C@@H](C)c1cc(NC(=O)N2[C@@H](c3ccc4OCOc4c3)CCC2)ccc1,,C67578307,,0,0,0,0,0,1,0,0,0,0
Brc1c(-c2nc(C)nc([C@H]3C[NH+]4[C@@H](CNS(=O)(=O)CCC)C[C@@H]3CC4)c2)cccc1,,C08623152,,0,0,1,0,0,0,0,0,0,0
Clc1c(NCCN2C(=O)[C@@H]3SC(c4ccc(Cl)cc4)=NC=C3C2=O)[nH+]cc(C(F)(F)F)c1,,C03047122,,0,0,0,0,0,0,0,0,0,0
O[C@@H](COc1cccc2ccccc12)C[NH+](C)C[C@H]1C(=O)O[C@@H]2C[C@@]3(C)CCC[C@@]4(OC4)[C@@H]3C[C@H]12,,C08952323,,0,0,0,0,0,0,0,0,0,0
Clc1ccc(-n2c(SCC(=O)Nc3c(C)cc(C)cc3C)nnc2[C@@H]([NH+](C)C)C)cc1,,C09103378,,0,0,0,0,0,0,0,0,0,0
O=C1N(Cc2ccc3OCOc3c2)C(=O)c2ccccc2C1/C=N/C1CC(C)(C)[NH2+]C(C)(C)C1,,C09402803,,0,0,0,0,0,0,0,0,0,0
O=C(NC[C@@H]([NH+]1CCCCCC1)c1sccc1)c1cc(N2S(=O)(=O)CCC2=O)ccc1,,C11998739,,0,0,0,0,0,0,0,0,0,0
Brc1ccc(S(=O)(=O)N2[C@@H](C(=O)NCc3cc(C[NH+](C)C)ccc3)CCCC2)cc1,,C12751770,,0,0,0,0,0,0,0,0,0,0
Clc1c(C(F)(F)F)cc(N2C(=O)[C@@H]([NH+](C)CC=3NC(=O)c4ccccc4N=3)CC2=O)cc1,,C09607364,,0,0,1,0,0,0,0,1,0,0
Fc1cc(CN2C(=O)C(C[NH+](C)C[C@H](O)c3ccccc3)=Cc3cc4OCOc4cc23)ccc1,,C14999430,,0,0,0,0,0,0,0,1,0,0
S(=O)(=O)(N1CCC(C(=O)NC[C@@H]([NH+](C)C)c2cc(F)ccc2)CC1)c1ccc2CCCc2c1,,C17794691,,0,0,0,0,0,0,0,0,0,0
Brc1ccc(S(=O)(=O)N2CC[NH+](CC(=O)N/N=C(\C)/c3sccc3)CC2)cc1,,C19850551,,0,0,0,0,0,0,0,0,0,0
Brc1c(NC(=O)C[NH+](C[C@H]2OCCC2)Cc2sccc2)cc2OCCOc2c1,,C22063536,,0,0,1,0,0,0,0,1,0,0
O=C(NC[C@H]([NH+]1CCCC1)c1sccc1)CCN1C(=O)c2c(sc3CCCCc23)N=C1,,C23554875,,0,0,1,0,0,0,1,1,0,0
Brc1cc(Cl)c(S(=O)(=O)N2CC[NH+]([C@H](C)C(=O)NC3CC3)CC2)c(Cl)c1,,C24893748,,0,0,0,0,0,0,0,0,0,0
O=C(NC[C@@H]([NH+]1CCC(C)CC1)c1sccc1)CCN1C(=O)c2c(C)c(C)sc2N=C1,,C27575478,,0,0,1,0,0,0,1,1,0,0
Brc1c(NC(=O)[C@H](C)[NH+]2CCN(S(=O)(=O)c3ccccc3)CC2)ccc(C)c1,,C30575417,,0,0,0,0,0,0,0,1,0,0
FC(F)(F)c1ccc2N(C(=O)[C@H](C)[NH+]3CCc4cc(OC)c(OC)cc4C3)CC(=O)Nc2c1,,C30674489,,0,0,1,1,0,0,0,1,0,0
S(=O)(=O)(N1[C@H](C(=O)NCC[C@H]2[NH+](C)CCC2)Cc2ccccc2C1)c1ccc(C(F)(F)F)cc1,,C32643312,,0,0,0,0,0,0,0,0,0,0
Brc1ccc([C@H]2Nc3c(C(=O)N4CC[NH+]5CCC[C@@H]5C4)cnn3[C@H](C(F)(F)F)C2)cc1,,C04374466,,0,0,0,0,0,0,0,0,0,0
Ic1ccc([C@H]2N=C3[NH+]=CNN3[C@@H](c3c(OC)cc(OC)c(OC)c3)C2)cc1,,C02916567,,0,0,0,0,0,0,0,0,0,0
O=C(NC[C@@H]([NH+]1CCCCC1)c1ccc2N(C)CCc2c1)[C@H]1CN(c2ccc(C)cc2)C(=O)C1,,C38671511,,0,0,0,0,0,0,0,0,0,0
O=C(NC[C@@H]([NH+]1CCCCC1)c1ccc2N(C)CCc2c1)C=1C(=O)c2ccc(C)nc2N(CC)C=1,,C38671542,,0,0,1,0,0,0,0,1,0,0
FC(F)(F)c1ccc(CNC(=O)[C@H]2[C@@H](C(=O)N3CCN(c4[nH+]cccc4)CC3)CC=CC2)cc1,,C38733460,,0,0,0,0,0,0,0,0,0,0
Clc1c(C[NH+]2C[C@@H](C(=O)NC=3C(=O)N(N(C)C=3C)c3ccccc3)CCC2)c(F)ccc1,,C38850170,,0,0,0,0,0,0,0,0,0,0
Clc1c([C@H](CNC(=O)[C@H]2CN(c3ccc4OCCOc4c3)C(=O)C2)[NH+]2CCCC2)cccc1,,C36674207,,0,0,0,0,0,0,0,0,0,0
S(=O)(=O)(C(C)C)C=1C(Cc2ccccc2)=C[C@H]2C[NH+]3N[P@](SC)(=O)OC[C@@H]3C[C@@H]2C=1,,C39468695,,0,0,0,0,0,0,0,0,0,0
S(=O)(=O)(Oc1ccccc1)[P@@]1(=O)OC[C@H]2[NH+](N1)C[C@@H]1C=C(SC)C(SC)=C[C@@H]1C2,,C39469681,,0,0,0,0,0,0,0,0,0,0
Clc1ccc(N2[C@@H]([C@@H](C)[NH+]3CCCCC3)NN=C2SCC2=NC(=O)[C@H]3SC=CC3=N2)cc1,,C39738936,,0,0,0,0,0,0,0,0,0,0
S(CC(=O)N1CCc2ccccc2C1)[C@@H]1N(C[C@H]2OCCC2)C(C=2C[NH+]=C3C=CC=CC=23)=NN1,,C40049753,,0,0,0,0,0,0,0,0,0,0
Brc1c(S(=O)(=O)NCCC[NH+]2CCC(C)CC2)cc2N(C(=O)CC)CCc2c1,,C40450353,,0,0,0,0,0,0,0,0,0,0
Clc1ccc([C@@H](CNC(=O)c2nn([C@H]3CS(=O)(=O)CC3)c3CCCCc23)[NH+]2CCCC2)cc1,,C40988436,,0,0,0,0,0,0,0,0,0,0
Clc1ccc([C@@H](CNC(=O)c2nn([C@@H]3CS(=O)(=O)CC3)c3CCCCc23)[NH+]2CCCC2)cc1,,C40988441,,0,0,0,0,0,0,0,0,0,0
O=C(NC[C@H]([NH+]1CCCC1)c1sccc1)c1nn([C@H]2CS(=O)(=O)CC2)c2CCCCc12,,C40988594,,0,0,0,0,0,0,0,0,0,0
Fc1c(N2CC[NH+](C[C@H]3C(=O)O[C@@H]4C[C@@]5(C)[C@@](O)([C@@](OC)(C)CCC5)C[C@H]34)CC2)cccc1,,C43740547,,0,0,0,0,0,0,0,0,0,0
Clc1cc(N2CC[NH+](C[C@H]3C(=O)O[C@@H]4C[C@@]5(C)[C@](O)([C@@](OC)(C)CCC5)C[C@H]34)CC2)ccc1,,C43740570,,0,0,0,0,0,0,0,0,0,0
S(Cc1ccccc1)C1=NSC=2N1C(=[NH2+])/C(=C/c1n(Cc3ccc(F)cc3)ccc1)/C(=O)N=2,,C20330738,,0,0,0,0,0,0,0,0,0,0
Cl[C@H]1C(=O)N=CC(C(=O)NC2CC[NH+](Cc3cn(-c4ccc(C(F)(F)F)cc4)cc3)CC2)=C1,,C52565871,,0,0,0,0,0,0,0,0,0,0
O=C(NCc1ccc(C[NH+]2C[C@H](C)C[C@@H](C)C2)cc1)CCN1C(=O)c2c(C)c(C)sc2N=C1,,C59057537,,0,0,1,0,0,0,1,1,0,0
O=C(NCc1c(C[NH+]2C[C@H](C)C[C@H](C)C2)cccc1)CCN1C(=O)c2c(C)c(C)sc2N=C1,,C59060830,,0,0,1,0,0,0,0,1,0,0
O=C(NCc1c[nH+]c(N2CCCCCC2)cc1)[C@@H]1N(C(=O)c2occc2)Cc2ccccc2C1,,C59118039,,0,0,0,0,0,0,0,0,0,0
Brc1cc([C@@H]2[C@@H](C(=O)NCCC(=O)N3CCN(c4[nH+]cccc4)CC3)C2)ccc1,,C60276077,,0,0,0,0,0,0,0,0,0,0
Clc1cc(CC(=O)N[C@@H](C)c2c(N3CC[NH+](CC)CC3)ccc(F)c2)cc2OCCOc12,,C60331367,,0,0,0,0,0,0,0,0,0,0
S=C1N(CC(=O)NCCC=2C[NH+]=C3C=CC(OC)=CC=23)C(=O)/C(=C\c2sccc2)/S1,,C63136814,,0,0,0,0,0,0,0,1,0,0
O[C@@H](CN1C(=O)[C@H]2N([C@@H](c3cc(OC)ccc3)[C@H]3[NH+]=C4C=CC=CC4=C3C2)C(=O)C1)c1ccccc1,,C63138197,,0,0,0,0,0,0,0,0,0,0
O[C@@H](CN1C(=O)[C@H]2N([C@H](CCc3ccccc3)[C@@H]3[NH+]=C4C=CC=CC4=C3C2)C(=O)C1)c1ccccc1,,C63139759,,0,0,0,0,0,0,0,0,0,0
O=C(N[C@@H]1CCCc2ccccc12)[C@H](C)N1C(=O)[C@@]2(C)N(C1=O)CCC=1[C@@H]2[NH+]=C2C=CC=CC=12,,C63362344,,0,0,0,0,0,0,0,0,0,0
O=C(N[C@H]1CCCc2ccccc12)[C@H](CC(C)C)N1C(=O)[C@@]2(C)N(C1=O)CCC=1[C@H]2[NH+]=C2C=CC=CC=12,,C63374666,,0,0,0,0,0,0,0,0,0,0
FC(F)(F)[C@]1(NC(=O)C)C(=O)N(CCC=2C[NH+]=C3C=C(OC)C=CC=23)C=2CC(C)(C)CC(=O)C1=2,,C63465137,,0,0,0,0,0,0,0,0,0,0
Brc1ccc(NC(=O)[C@H]2CN(CCC=3C[NH+]=C4C=CC(OC)=CC=34)C(=O)C2)cc1,,C63558006,,0,0,0,0,0,0,0,1,0,0
S(=O)(=O)(N1[C@H](C(=O)NCCC=2C[NH+]=C3C=CC=CC=23)Cc2ccccc2C1)c1c(F)cccc1,,C64715668,,0,0,0,0,0,0,0,0,0,0
O=C(N/N=C/1\CC(C)(C)[C@@H]2CC[C@H]\1C2)C,,C05813498,,0,0,0,0,0,0,0,0,0,0
N(C1C[C@H](C)C[C@@H](C)C1)C=1OCCN=1,,C01639132,,0,0,0,0,0,0,0,0,0,0
FC(F)(F)[C@]1(O)ON=C2CCCC[C@@H]12,,C04290207,,0,0,0,0,0,0,0,0,0,0
O[C@@]12OC(=O)C(C)=C1CCCCC2,,C05520185,,0,0,0,0,0,0,0,0,0,0
O(C)c1c(OC)cc2C[C@@H](C)CNc2c1,,C11633189,,0,0,0,1,0,0,0,0,0,0
C[C@@H]1CNc2cc3OCOc3cc2C1,,C11633191,,0,0,0,0,0,0,0,0,0,0
N(C1CCCCC1)C=1O[C@H](C)CN=1,,C15202588,,0,0,0,0,0,0,0,0,0,0
N(C)c1ncnc2sc(C)c(C)c12,,C00039883,,0,0,1,0,0,0,0,1,0,0
O=C([O-])[C@H]1C[NH+](C2CCCCC2)CCC1,,C16941853,,0,0,0,0,0,0,0,0,0,0
O(C)c1ccc(OC)c2CCN[C@H](C)c12,,C19626235,,0,0,0,0,0,0,0,0,0,0
O=C1C(C#N)=C2CCCC2=C(C(C)C)N1,,C16945575,,0,0,0,0,0,0,0,0,0,0
O[C@@H](CC)c1c(C)nc2n1C=CC=C2,,C31913859,,0,0,1,0,0,0,0,1,0,0
O(C)C=1C=CC2=C(C)NC(=O)C=C2C=1,,C09556456,,0,0,1,0,0,0,0,1,1,0
Fc1c(C)cc([C@]2(C)OC(=O)NC2)cc1,,C36158573,,0,0,0,0,0,0,0,0,0,0
O=C(N/N=C/C=1[C@H]2C(C)(C)[C@H](C2)CC=1)C,,C03232432,,0,0,0,0,0,0,0,0,0,0
O=C1OC2(C[C@@H](C)C[C@H](C)C2)CN1,,C39094482,,0,0,0,0,0,0,0,0,0,0
O=C1O[C@]2(C[C@H](CC)CCC2)CN1,,C39094495,,0,0,0,0,0,0,0,0,0,0
ClC1=CC(C)=CC2=C(C(=O)[O-])C[NH+]=C12,,C39133432,,0,0,0,0,0,0,0,0,0,0
O=C([O-])C=1[C@H](C)[NH+]=C2C=CC(C)=CC=12,,C39133511,,0,0,0,0,0,0,0,0,0,0
N(C1CCCC1)c1nnc(C)cc1,,C41045013,,0,0,1,0,0,0,0,0,0,0
N([C@@H]1C[C@@H](C)CCC1)c1nnc(C)cc1,,C41045078,,0,0,1,0,0,0,0,0,0,0
C[C@@H]1[C@H](c2[nH]nc(C3CCCCC3)n2)C1,,C41058454,,0,0,1,0,0,0,0,0,0,0
O=C1NN=C(c2sc(CC)cc2)C=C1,,C41062376,,0,0,1,1,0,0,0,1,1,0
O=C1O[C@H](c2ccc(C)cc2)CN1,,C41199740,,0,0,0,0,0,0,0,0,0,0
O=C1NC(CCC)=NC=2CCCCC1=2,,C42404116,,0,0,1,1,0,0,0,0,0,0
O[C@@]1(c2cn(CC)nc2)C[C@@H](C)CCC1,,C43462938,,0,0,1,0,0,0,0,0,0,0
FC(F)(F)c1c(C)c(C=O)[nH]n1,,C36644421,,0,0,1,0,0,0,0,0,0,0
O=C1[C@@H](C(C)C)S/C(=N\C(C)(C)C)/N1,,C44175428,,0,0,0,0,0,0,0,0,0,0
O=C1NC([C@@H]2C[C@H](C)CCC2)=NC(C)=C1,,C44979136,,0,0,1,0,0,0,0,0,0,0
O=C(NC1(C)CCCCC1)[C@H](C)C#N,,C45047052,,0,0,0,0,0,0,0,0,0,0
O=C(C)/C=C(/[O-])\c1c(C)cc(C)[nH]1,,C39116384,,0,0,0,0,0,0,0,0,0,0
O=C(NC)/C(=C\c1cc(C)cc(C)c1)/C#N,,C49371964,,0,0,0,0,0,0,0,0,0,0
O=C1C(C#N)=CC=2C[C@@H](C)[C@H](C)CC=2N1,,C49812444,,0,0,1,1,0,0,0,0,0,0
O=C1C(C#N)=CC=2C[C@H](C)[C@H](C)CC=2N1,,C49812445,,0,0,1,1,0,0,0,0,0,0
O=C1C(C#N)=CC=2[C@H](C)C[C@H](C)CC=2N1,,C49812446,,0,0,1,1,0,0,0,0,0,0
O=C1C(C#N)=CC=2[C@@H](C)C[C@H](C)CC=2N1,,C49812448,,0,0,1,0,0,0,0,0,0,0
O=CC=1C(=O)NC=2[C@H](C)C[C@@H](C)CC=2C=1,,C49813151,,0,0,1,1,0,0,0,0,0,0
O=C1C(C#N)=CC(c2ccc(C)cc2)=CN1,,C49814761,,0,0,1,0,0,0,0,1,1,0
O/N=C/1\COc2c(C)c(C)cc(C)c\12,,C11549342,,0,0,1,0,0,0,0,0,0,0
O=C1NC(=O)[C@H]2[C@H]1[C@H]1C(=C(C)C)[C@@H]2C=C1,,C12363875,,0,0,0,0,0,0,0,0,0,0
Clc1c(N[C@H]2[C@H](C)C2)nccn1,,C52297987,,0,0,1,0,0,0,0,0,0,0
OCc1nc(C2CCCCC2)nc(C)c1,,C54830302,,0,0,1,0,0,0,0,0,0,0
ClCC=1N=C(SC)NC(=O)C=1,,C03357030,,0,0,1,0,0,0,0,0,0,0
O(C)c1c(C)cc([C@H]2C(=O)NCC2)cc1,,C57493074,,0,0,0,0,0,0,0,0,0,0
O/N=C\1/CCCc2oc3CCCCc3c/12,,C12341467,,0,0,0,0,0,0,0,0,0,0
O[C@H]1COc2cc(OCC#CC)ccc12,,C62806067,,0,0,0,0,0,0,0,0,0,0
O=C(NC1(C#N)CCC1)C1CCCCC1,,C63477206,,0,0,0,0,0,0,0,0,0,0
O=Cc1ccc(C2=CC(=O)NC=C2)cc1,,C65337695,,0,0,0,1,0,0,0,1,1,0
O=Cc1scc(-c2c([O-])ccc[nH+]2)c1,,C65339039,,0,0,1,0,0,0,0,1,1,0
O=Cc1c(-c2[nH+]cc([O-])cc2)cccc1,,C65355624,,0,0,1,1,0,0,0,1,1,0
OC=1N(CC)C(=O)N(CC)C(=O)C=1[C@@H]1[NH2+]CCc2c3ccccc3[nH]c12,,C02130905,,0,0,1,0,0,0,0,0,0,0
Oc1c(OCC)cccc1[C@@H]1NC(=O)c2c(sc3C[NH+](C)CCc23)N1,,C04172278,,0,0,0,0,0,0,0,0,0,0
O=C(N)C=1/C(=[NH+]/CCc2ccccc2)/NC=2N=C3N(C(=O)C=2C=1)C=C(C)C=C3,,C04520291,,0,0,1,0,0,0,1,1,0,0
O[C@H](CN1[C@@](O)(C)C2(OC1=O)CC(C)(C)[NH2+]C(C)(C)C2)c1ccccc1,,C04577747,,0,0,0,0,0,0,0,0,0,0
O(Cc1ccccc1)C(=O)N1[C@@H](Cc2c[nH]c3ccccc23)C(=O)NC1=[NH2+],,C05542321,,0,0,0,0,0,0,0,1,0,0
Clc1cc(OC)c(O)c([C@H]2Nc3sc4C[NH+](C)CCc4c3C(O)=N2)c1,,C06727375,,0,0,0,0,0,0,0,0,0,0
O=C(C[NH+]1CCC[C@@H]2CCCC[C@H]12)C1=C(N)N(CCC)C(=O)NC1=O,,C07587764,,0,0,1,0,1,0,0,0,0,0
Clc1c(Cl)ccc(NC(=O)C[NH+](C)[C@@H](C)C(=O)NC(=O)NC)c1,,C08065503,,0,0,0,0,0,0,0,0,0,0
O=[N+]([O-])c1c(C[NH+]2CCC(c3c[nH]c4ccccc34)CC2)ccc(C(=O)N)c1,,C08752044,,0,0,0,0,0,0,0,0,0,0
O=[N+]([O-])c1c(N)ccc(C(=O)NCC(C)(C)[NH+]2C[C@@H](C)O[C@H](C)C2)c1,,C08747402,,0,0,0,0,0,0,0,0,0,0
O=C(N)C[NH+]1CCC(NC(=O)c2c(C)c3ccc4ccccc4c3o2)CC1,,C14189789,,0,0,0,0,0,0,0,0,0,0
OC=1C(/C(=N/[C@H]2[C@H]([NH3+])CCCC2)/CC)C(=O)N(C2CCCCC2)C(=O)N=1,,C09414012,,0,0,0,0,0,0,0,0,0,0
O=C(N)C[NH+]1CCC(NC(=O)Cc2coc3ccc4ccccc4c23)CC1,,C25602409,,0,0,0,0,0,0,0,0,0,0
S(=O)(=O)(N)c1ccc(CCN/C=C/2\C(=O)[NH+]=C3C=CC=CC3=C\2)cc1,,C27052760,,0,0,0,0,1,0,0,1,0,0
O=C(N/[NH+]=C(/N)\C=1C(=O)Oc2ccc3ccccc3c2C=1)c1sccc1,,C04738245,,0,0,0,0,0,1,1,1,1,0
O=C(NNC=1C(=O)[NH+]=C2C=CC=CC=12)c1n[nH]c(-c2oc(C)cc2)c1,,C06622220,,0,0,0,0,0,0,1,1,0,0
O([C@H](C(C)C)C(=O)NC(=O)N)C(=O)C=1C=CC2=[NH+][C@H]3CCCCC3=C2C=1,,C39443563,,0,0,0,0,0,0,0,0,0,0
FC=1C(O)=C[C@H]2C[NH+]3N[P@@](=O)(c4c(O)cccc4)OC[C@H]3C[C@H]2C=1,,C39467349,,0,0,0,0,0,0,0,0,0,0
O=C1C(c2sccc2)=NNC(NC2CC(C)(C)[NH2+]C(C)(C)C2)=N1,,C41601591,,0,0,1,0,0,0,0,1,0,0
O=[N+]([O-])c1c(NC2CC2)nc(NC2CC(C)(C)[NH2+]C(C)(C)C2)nc1,,C46584272,,0,0,1,0,0,0,0,0,0,0
Fc1ccc2c(C=3CC[NH+]([C@@H](C)C(=O)NC(=O)NC4CC4)CC=3)c[nH]c2c1,,C47274033,,0,0,0,0,0,0,0,0,0,0
O=C(NC(=O)C[NH+]1C[C@H](C(=O)NC2CC2)CCC1)NC1CCCCC1,,C51048702,,0,0,0,0,0,0,0,0,0,0
O=C(NC(=O)CC[NH+]1CCc2c(NC(=O)C)cccc2C1)Nc1ccccc1,,C54391609,,0,0,0,0,0,0,0,1,0,0
O(Cc1ccncc1)c1ccc([C@H]2NC(=[NH2+])Nc3n2c2ccccc2n3)cc1,,C54425995,,0,0,0,0,0,0,1,1,0,0
O=C(N(CC)c1scc([C@H]2NC(N)=Nc3[nH+]c4ccccc4n23)n1)C,,C22815773,,0,0,0,0,0,0,1,1,0,0
O=C(NCc1c[nH+]c(N2CCCCCC2)cc1)C[C@@H]1C(=O)NC(=O)N1,,C48939872,,0,0,0,0,0,0,0,0,0,0
O=C1Nc2ccc([C@H]([NH2+]C[C@H]3CNc4n(ncc4)C3)C)cc2CC1,,C58291757,,0,0,1,0,0,0,0,1,0,0
Clc1cc([N+](=O)[O-])c(NC(=O)C[NH+]2CCC(C(=O)N)CC2)cc1,,C21847072,,0,0,0,0,0,0,0,0,0,0
Clc1ccc(NC(ONC(=[NH2+])c2cnn3C(C)=CC(C)=Nc23)=O)cc1,,C13658411,,0,0,1,0,0,0,0,1,0,0
Brc1ccc2ncc([N+](=O)[O-])c(NC(C)(C)C[NH3+])c2c1,,C63020902,,0,1,1,1,0,0,0,1,0,0
Clc1ccc(CNC(=O)[C@@H]2ON[C@H](CC=3C[NH+]=C4C=CC=CC=34)N2)cc1,,C63295586,,0,0,0,0,0,0,0,0,0,0
Clc1c(CNC(=O)[C@@H]2ON[C@H](CC=3C[NH+]=C4C=CC=CC=34)N2)cccc1,,C63302979,,0,0,0,0,0,0,0,0,0,0
O=C(NNC(=O)c1c(C)oc(C)c1)NC1CC[NH+](CC2CCCC2)CC1,,C63333587,,0,0,0,0,0,0,0,0,0,0
S=C1N([C@@H](C)CC)C(=O)C([C@@H]2[NH2+]CCC=3[C@@H]2[NH+]=C2C=CC=CC=32)=C([O-])N1,,C63351376,,0,0,0,0,0,0,0,0,0,0
O=C(NCC(C)(C)[NH+]1CCc2ccccc2C1)NC1CCC(C(=O)NC)CC1,,C63406256,,0,0,0,0,0,0,0,0,0,0
O=C(NNC(=O)[C@H]1OCCC1)NC1CC[NH+](CC2CCCC2)CC1,,C63407951,,0,0,0,0,0,0,0,0,0,0
OCc1cnc(C)c2O/C(=[NH+]\c3ccc(CC)cc3)/C(C(=O)N)=Cc12,,C12338888,,0,0,1,0,0,0,1,1,0,0
O=C(N[C@@H]1S[C@@H](C)NN1)[C@@H]1CN(CCC=2C[NH+]=C3C=CC(C)=CC=23)C(=O)C1,,C63948120,,0,0,0,0,0,0,0,0,0,0
O=C(N)N1CCC(C(=O)NCC(C)(C)[NH+]2C[C@@H](C)CCC2)CC1,,C53392491,,0,0,0,0,0,0,0,0,0,0
Clc1ccc2cc(C(=O)NC3CC[NH+](CC(=O)NC)CC3)[nH]c2c1,,C25236249,,0,0,0,0,0,0,0,0,0,0
S(=O)(=O)(N)c1oc(C(=O)N[C@H]2C[NH+]([C@@H](C)c3ccccc3)CC2)cc1,,C65827011,,0,0,0,0,0,0,0,1,0,0
O=C(NC1CC[NH+]([C@@H](C)c2nc(N)nc(N(C)C)n2)CC1)C1CCCCC1,,C65963450,,0,0,0,0,0,0,0,0,0,0
Fc1c(CC(=O)NNC(=O)N[C@@H]2CC[NH+]3CCCC[C@H]23)cccc1,,C66926371,,0,0,0,0,0,0,0,0,0,0
Fc1c(CC(=O)NNC(=O)NCc2[nH+]c3n(c2)C=C(C)C=C3)cccc1,,C66977375,,0,0,0,0,0,0,0,1,0,0
S(=O)(=O)(N)c1cc(S(=O)(=O)C)c(NC2CC[NH+](C(C)C)CC2)cc1,,C67095280,,0,0,0,0,1,0,0,0,0,0
O=C(NC[C@]1([NH+](C)C)C[C@H](C)CCC1)C1CCC2(C(=O)NC(=O)N2)CC1,,C67269549,,0,0,0,0,0,0,0,0,0,0
O=C(NC1CC[NH+](CC2CCCCC2)CC1)C1CCC2(C(=O)NC(=O)N2)CC1,,C67271395,,0,0,0,0,0,0,0,0,0,0
O=C(NC[C@H]1[NH+](CC2CCCCC2)CCC1)C1CCC2(C(=O)NC(=O)N2)CC1,,C67332080,,0,0,0,0,0,0,0,0,0,0
O=C1Nc2n[nH]c(-c3sccc3)c2[C@@H](c2c(C)[nH+]c(CC)[nH]2)C1,,C65381032,,0,0,1,0,0,0,0,0,0,0
OCC(CO)[NH+]1CCOc2c(O)cc(-c3sc4ccccc4n3)cc2C1,,C67641505,,0,0,1,0,0,1,1,1,1,0
Oc1c(O)ccc(-c2[nH]c3c(O)ccc(O)c3c2)c1,,C01761101,,0,0,1,0,0,0,1,1,1,0
Clc1ccc(NC(=O)NC[C@H](O)c2ccc(N)cc2)cc1,,C35367258,,0,0,0,0,0,0,0,1,0,0
OC[C@@H](Nc1c(N)cc2NC(=O)CCc2c1)CC,,C35599896,,0,0,0,0,0,0,0,0,0,0
O=C(N)COc1c(N)ccc(C(=O)NC2CCCCCC2)c1,,C36291706,,0,0,0,0,0,0,0,0,0,0
Clc1c(SCCC(=O)NC(=O)N)c(N)ccc1,,C37195397,,0,0,0,0,0,0,0,0,0,0
Clc1ccc2nc(/N=C(\[O-])/[C@@H]([NH3+])CC(=O)N)sc2c1,,C37622828,,0,0,1,0,0,0,0,0,1,0
Oc1c(O)ccc([C@@H](Nc2cc(OC)ccc2)C(=O)N)c1,,C37944603,,0,0,0,1,0,0,0,1,1,0
O=C(Nc1cccc2ccccc12)c1c(N)cc(N)cc1,,C40296225,,0,0,0,0,0,0,0,1,1,0
Clc1cc(C)c(NC(=O)c2c(N)cc(N)cc2)cc1,,C40301624,,0,0,0,0,0,0,0,1,1,0
O=C(N[C@H]1C[C@@H](C)CCC1)c1cc(N)cc(N)c1,,C40302992,,0,0,0,0,0,0,0,0,0,0
O=C(Nc1ccc(C(=O)NC(C)C)cc1)c1[nH]cc(N)c1,,C40307963,,0,0,0,0,0,0,0,1,1,0
Clc1c(N(C)C)ccc(NC(=O)c2cc(N)cc(N)c2)c1,,C40308082,,0,0,0,0,0,0,0,1,1,0
O=C(N[C@H](C1CC1)c1ccccc1)c1cc(N)cc(N)c1,,C40317713,,0,0,0,0,0,0,0,0,0,0
O/N=C(\N)/[C@@H](NC(=O)c1ccc(O)cc1)C1CCCCC1,,C40369769,,0,0,0,0,0,0,0,0,0,0
O/N=C(\N)/C1(NC(=O)Nc2ccccc2)CCC(C)CC1,,C40375719,,0,0,0,0,0,0,0,0,0,0
Oc1c(C(=O)[O-])ccc(NC(=O)[C@H]([NH3+])CCC)c1,,C40472753,,0,0,0,0,0,0,0,0,0,0
Clc1ccc2O[C@]3(C(C(=O)N)=C(N)OC(C)=C3)Nc2c1,,C40546338,,0,0,0,0,0,0,0,0,0,0
S(CC(=O)N)c1c(NC(=O)c2c(N)cccc2)cccc1,,C40638087,,0,0,0,0,0,0,0,1,1,0
O(c1c(N)c(NN)ncn1)c1cc(C)cc(C)c1,,C40681496,,0,0,0,0,0,0,0,1,0,0
Nc1c(N)ncnc1Nc1sc2cccc(C)c2n1,,C40723948,,0,0,1,0,0,0,1,1,0,0
OC[C@H](Nc1c(N)cc2C(=O)NC=Nc2c1)CC(C)C,,C40774377,,0,1,1,0,0,0,0,1,0,0
OC[C@@H](Nc1c(N)cc2OCC(=O)Nc2c1)CC(C)C,,C40774387,,0,0,0,0,0,0,0,0,0,0
O(CC(=O)NC1CCCCC1)C(=O)c1c(N)cc(N)cc1,,C41094049,,0,0,0,0,0,0,0,0,0,0
Oc1c(O)cccc1CNc1c(CC(=O)N)cccc1,,C41117478,,0,0,1,0,0,0,0,1,1,0
S([C@@H](C)C(=O)N[C@H](C)CC)c1c(C#N)c(N)cc(N)n1,,C42380629,,0,0,0,0,0,0,0,0,0,0
O=C(N)[C@@H]1N(c2c(N)cc3NC(=O)CCc3c2)CCCC1,,C42406088,,0,0,0,0,0,0,0,0,0,0
O=C(N)C(NC(=O)[C@@H]1[C@H](C=C(C)C)C1(C)C)C(=O)N,,C42789687,,0,0,0,0,0,0,0,0,0,0
Clc1sc([C@@H](Sc2nc([O-])cc(N)n2)C[NH3+])cc1,,C43258307,,0,0,1,0,0,0,0,1,1,0
O=C(N[C@H]1[C@H](c2ccccc2)C1)c1c(N)cc(N)cc1,,C44660775,,0,0,0,0,0,0,0,0,0,0
O=C(N)C(NC(=O)c1ccc2CCCCc2c1)C(=O)N,,C48430554,,0,0,0,0,0,0,0,0,0,0
Oc1cc(C(=O)[O-])c(NC(=O)[C@@H]([NH3+])CC(C)C)cc1,,C48847248,,0,0,0,0,0,0,0,0,0,0
O=C(NC)[C@@H](Nc1c(N)cc2NC(=O)CCc2c1)C,,C49096171,,0,0,0,0,0,0,0,0,0,0
O=C(N[C@@H]1[C@H](CC)CCCC1)c1c(N)cc(N)cc1,,C49116688,,0,0,0,0,0,0,0,0,0,0
Clc1sc([C@H](NC(=O)c2cc(N)cc(N)c2)C)cc1,,C49126441,,0,0,0,0,0,0,0,1,0,0
S(=O)(=O)(N)c1cc(N)cc(N[C@H](C)Cc2occc2)c1,,C49128400,,0,0,0,0,0,0,0,1,1,0
O=C(N)c1cc(N)c(N[C@@H](C)c2oc(C)cc2)cc1,,C49194057,,0,0,0,0,0,0,0,1,1,0
S(Cc1c(F)cc(C#CCO)cc1)c1nc(N)cc(N)n1,,C49623764,,0,0,0,0,0,0,0,0,0,0
Clc1ccc(NC(=O)N[C@H](C)C/C(/N)=N/O)cc1,,C50389488,,0,0,0,0,0,0,0,0,0,0
Clc1nc(NN)cc(C(=O)N[C@@H]2[C@@H](O)CCCC2)c1,,C52016851,,0,0,1,0,0,0,0,0,0,0
OC[C@]1(NC(=O)[C@H](NC(=O)N)C(C)C)C[C@@H](C)CCC1,,C53106760,,0,0,0,0,0,0,0,0,0,0
OC[C@@]1(NC(=O)c2c(N)c(CCC)[nH]n2)C[C@H](C)CCC1,,C53112389,,0,0,1,0,0,0,0,0,0,0
OC[C@@]1(Nc2c(N)cc3CC(=O)Nc3c2)C[C@@H](C)CCC1,,C53114973,,0,0,0,0,0,0,0,0,0,0
S(c1c(F)c(F)ccc1N)C=1NC(=O)C=C(N)N=1,,C53168554,,0,0,1,0,0,0,0,1,1,0
O/N=C(\N)/[C@H](C)CNC(=O)c1c(O)c(C)ccc1,,C54155145,,0,0,1,0,0,0,0,0,0,0
O/N=C(\N)/C[C@H](NC(=O)c1c(O)cccc1)CC,,C54163330,,0,0,0,0,0,0,0,0,0,0
S(C[C@](O)(C)c1ccccc1)c1nc(N)cc(N)n1,,C52098431,,0,0,1,0,0,0,0,1,0,0
O/N=C(/N)\[C@@H]1[C@@H](NC(=O)c2c(O)cccc2)CCC1,,C61887516,,0,0,1,0,0,0,0,0,0,0
O[C@H]1[C@@H](NC(=O)c2[nH]c3c(N)cccc3c2)CCCC1,,C62834011,,0,0,0,0,0,0,0,0,0,0
O=C(N)NC(=O)[C@@H](N(CCC)c1c(N)cccc1)C,,C63113673,,0,0,0,0,0,0,0,0,0,0
O=C1[C@H](Cc2c(C)cccc2)S/C(=N/C(=[NH2+])N)/N1,,C06072593,,0,0,0,0,0,0,0,0,0,0
FC(F)Oc1ccc(NC(=O)CN2C(=O)[C@]3(NC2=O)CCCc2ccccc32)cc1,,C04284928,,0,0,0,0,0,0,0,0,0,0
S(C)c1cc(Nc2sc(C=3C(=O)Oc4c(C)ncc(CO)c4C=3)nn2)ccc1,,C02955243,,0,1,1,0,0,1,1,1,0,0
O=C(NC1(C(=O)Nc2c(C)cccc2)CCCCC1)CN1C(=O)c2ccccc2C1=O,,C03146414,,0,0,0,0,0,0,0,0,0,0
O([C@H](C)C(=O)N)C(=O)c1c2ccccc2nc2/C(=C/c3ccc4OCOc4c3)/CCc12,,C05020659,,0,0,0,0,0,0,1,1,0,0
S(CC(=O)n1c(N)cc(C)n1)C=1N(Cc2sccc2)C(=O)c2ccccc2N=1,,C06918767,,0,0,1,0,0,0,1,0,0,0
Clc1c(OC(F)F)ccc(NC(=O)CN2C(=O)[C@@]3([C@@H](C)CCCC3)NC2=O)c1,,C08940214,,0,0,0,0,0,0,0,0,0,0
O=C(NC1CCCCC1)CN1C(=O)CN(C(=O)NCc2ccccc2)c2ccccc12,,C09588499,,0,0,0,0,0,0,0,0,0,0
O=C(NNC(=O)c1sc2CCCCCCc2c1)CCN1C(=O)c2ccsc2N=C1,,C10289657,,0,0,1,0,0,0,0,1,0,0
Clc1cccc2c(C)c(C(=O)Nc3scc(-c4oc(CNC(=O)C)cc4)n3)oc12,,C12050743,,0,0,0,0,0,0,1,1,0,0
O=C(N[C@H]1C[C@@H](C)CC(C)(C)C1)C(=O)Nc1n(-c2ccc(OC)cc2)nc2CSCc12,,C12313055,,0,0,1,0,0,0,0,1,0,0
O=C(NC1CCCCC1)[C@H]1[C@@H]2O[C@@]3([C@@H](C(=O)NC(C)(C)C)N(C4CCCC4)C(=O)[C@@H]13)C=C2,,C12642093,,0,0,0,0,0,0,0,0,0,0
Brc1cc(C(=O)N/C(=C\c2cc([N+](=O)[O-])ccc2)/C(=O)NCC)ccc1,,C12659000,,0,0,0,0,0,0,0,0,0,0
S(=O)(=O)(N)c1ccc2N(CCOCC)/C(=N/C(=O)c3c(C)cccc3)/Sc2c1,,C06352701,,0,0,0,0,1,0,0,1,0,0
Clc1c(S(=O)(=O)N[C@@H](C)C(=O)Nc2ccc3OCOc3c2)c(Cl)ccc1,,C13149424,,0,0,0,0,0,0,0,0,0,0
O=C(Nc1scc(-c2c[nH]c3ccccc23)n1)CCN1C(=O)N(C)c2ccccc12,,C14344366,,0,0,1,0,0,0,1,1,0,0
O=[N+]([O-])c1ccc([C@@H]2Nc3ccc(C(=O)NC[C@H]4OCCC4)cc3[C@@H]3[C@H]2CC=C3)cc1,,C14551110,,0,0,0,0,0,0,0,0,0,0
Brc1cc(OCC)c(O)c(/C=N/NC(=O)[C@@H]2Oc3ccccc3OC2)c1,,C16309831,,0,0,1,0,0,0,0,1,0,0
Brc1cc(O[C@@H](C)C(=O)NNC(=O)c2cc(Cl)c3OCOc3c2)ccc1,,C19599114,,0,0,1,0,0,0,0,0,0,0
O=C(Nc1ccc(C)cc1)[C@H]1[C@@H]2O[C@@]3([C@@H](C(=O)NC4CCCCC4)N(C4CC4)C(=O)[C@H]13)C=C2,,C20106873,,0,0,0,0,0,0,0,0,0,0
S([C@H](C)C(=O)NC(=O)NC)C=1N(CC(C)C)C(=O)c2c(sc3C[C@@H](C)CCc23)N=1,,C21185566,,0,0,0,0,0,0,0,0,0,0
Clc1c(C)ccc(NC(=O)CN(S(=O)(=O)c2ccc3NC(=O)CCCc3c2)C)c1,,C21532152,,0,0,0,0,0,0,0,1,0,0
Oc1c(N2CCN(CN3C(=O)C(c4ccccc4)(c4ccccc4)NC3=O)CC2)cccc1,,C23936101,,0,0,0,0,0,0,0,0,0,0
S(C)c1sc(NC(=O)CSC=2NC(=O)c3c(sc4CCCCc34)N=2)nn1,,C32696573,,0,1,1,0,1,0,1,1,0,0
O(C)C(=O)c1c(NC(=O)NCC(=O)N2CCc3ccccc23)sc2CCCCc12,,C33127804,,0,0,0,0,0,0,0,0,0,0
Clc1c([C@@]2(C)C(=O)N(CC(=O)Nc3ccc(N(C)C)cc3)C(=O)N2)ccc(Cl)c1,,C36730452,,0,0,0,0,0,0,0,0,0,0
O(CCCC)C(=O)C1=C(N)OC=2CC(C)(C)CC(=O)C=2[C@@]21C(=O)N(C)c1ccccc21,,C04166199,,0,0,0,0,0,0,0,0,0,0
O=C(Oc1ccc2[C@@H](c3occc3)C(C#N)=C(N)Oc2c1)COc1cc(C)cc(C)c1,,C38657493,,0,0,0,0,0,0,0,1,0,0
O=C(Oc1ccc2[C@H](c3occc3)C(C#N)=C(N)Oc2c1)COc1cc(C)cc(C)c1,,C38657496,,0,0,0,0,0,0,0,0,0,0
Brc1sc(C2=NN=C(C(=O)N/N=C/c3c(O)c(OC)ccc3)C2)cc1,,C38935887,,0,0,1,0,1,0,0,1,0,0
OC=1N=N[C@H]2NC=3CCCC(=O)C=3[C@H](c3cc(OCc4ccccc4)c(OC)cc3)C=12,,C39358548,,0,0,0,0,0,0,0,0,0,0
Brc1ccc2N[C@H](N(NC(=O)COc3ccccc3)C(=O)c2c1)c1occc1,,C39920646,,0,0,0,0,0,0,0,0,0,0
O=C(N)COc1ccc([C@@H]2N(CCC)C(=O)C=3Oc4c(C)cc(C)cc4C(=O)C2=3)cc1,,C40041718,,0,0,0,0,0,0,0,0,0,0
O=C(NN(c1ccccc1)c1ccccc1)CN1C(=O)[C@](C)(c2ccccc2)NC1=O,,C40159309,,0,0,0,0,0,0,0,0,0,0
S(=O)(=O)(c1oc(C(=O)Nc2c(C(=O)NC)c3CCCCc3s2)cc1)c1ccccc1,,C40321253,,0,0,0,0,0,0,0,1,0,0
O=C(N)CN1[C@@H](c2ccc(-c3ccccc3)cc2)[C@@H]2C(=O)N(c3c(C)cccc3)C(=O)[C@H]2O1,,C43210923,,0,0,0,0,0,0,0,0,0,0
O=C(NC=1C(=O)N([C@H](CC)C(=O)Nc2c(C)c(C)ccc2)N=C(c2ccccc2)C=1)C,,C46079190,,0,0,0,0,0,0,0,0,0,0
Brc1c(C(O[C@H](C)C(=O)Nc2n(C(C)C)ncc2)=O)[nH]c2ccccc12,,C46767894,,0,0,1,1,0,0,0,1,0,0
S(CC(=O)Nc1sc(C(C)C)nn1)C=1NC(=O)c2c(sc3CCCCc23)N=1,,C48513867,,0,1,1,0,1,0,1,1,0,0
Clc1ccc([C@H]2Nc3n([C@@H](c4ccc(C)cc4)C2)nc(NC(=O)COC)n3)cc1,,C02420529,,0,0,0,0,1,0,0,1,0,0
FC(F)(F)[C@@H]1n2nc(C(=O)Nc3c(OCC)cccc3)cc2N[C@H](c2occc2)C1,,C00919411,,0,0,0,0,0,1,0,0,0,0
Brc1cc(/C=C\2/C(=O)NC(=N)S/2)c(OCc2ccc([N+](=O)[O-])cc2)cc1,,C16401737,,0,0,0,0,0,0,0,1,0,0
O=C(N[C@H](C1CC1)c1ccccc1)CN1C(=O)[C@@](C)(c2oc3ccccc3c2)NC1=O,,C28124683,,0,0,0,0,0,0,0,0,0,0
S(=O)(=O)(N)c1scc(C(OCC(=O)N2c3ccccc3CCc3ccccc23)=O)c1,,C58605484,,0,0,0,0,0,0,0,0,0,0
FC(F)(F)C=1C=C(NC(=O)CCC2=C(C)n3nc4ccccc4c3N=C2C)C(=O)NC=1,,C59019647,,0,0,1,0,1,0,0,1,0,0
O=C(Nc1ccc(Oc2ccccc2)cc1)[C@H]1CC(=O)NC=2C[C@@H](c3occc3)CC(=O)C1=2,,C19635793,,0,0,0,0,0,0,0,0,0,0
Clc1ccc(S(=O)(=O)Nc2cc(S(=O)(=O)/N=C\3/NCCCCC/3)ccc2)cc1,,C13042045,,0,0,0,0,0,0,0,1,0,0
FC(F)(F)c1c(NC(=O)[C@H]2n3nc(-c4ccc(OC)cc4)c(C)c3N=C(O)C2)cccc1,,C32072569,,0,0,0,0,1,1,0,1,0,0
Clc1c(C)cc(O)c(C2=NN=C3C(=O)N(CCO)[C@H](c4cc(OC)ccc4)[C@H]23)c1,,C05343060,,0,0,0,0,1,0,0,0,0,0
O=C(Nc1c(C)cccc1)CN1C(=O)C(NC(=O)C(C)C)=CC(c2ccc(C)cc2)=N1,,C64605330,,0,0,0,0,0,0,0,1,0,0
S(Cc1cc(C)ccc1)C1=NC(=O)[C@H]2[C@@H](C(=O)Nc3c(C)cc(C)cc3)CC(=O)NC2=N1,,C64742775,,0,0,0,0,0,0,0,0,0,0
OC(C)(C)C#CC#Cc1n(C)c2ccccc2c1,,C05283824,,0,0,0,0,0,0,0,0,0,0
O=C1NC2(CCCCC2)[C@@H]2CCCCC=C12,,C05566791,,0,0,0,0,0,0,0,0,0,0
O=C1NC2(CCCCC2)[C@@H]2CCCCC[C@H]12,,C01619814,,0,0,0,0,0,0,0,0,0,0
O=C(NC12CC3CC(C1)CC(C2)C3)C(C)=C,,C05613175,,0,0,0,0,0,0,0,0,0,0
Oc1cc(/C=N/c2cccc3ccccc23)ccc1,,C00515533,,0,0,0,1,0,0,0,1,1,0
OC[C@]12[C@H](C)[C@H]([C@H](C(C)C)OC1)C(C)=C[C@@H]2C,,C12656943,,0,0,0,0,0,0,0,0,0,0
Clc1c(NC(=O)[C@@H]2[C@@H](C)C2)c(C)cc(C)c1,,C12937346,,0,0,0,0,0,0,0,0,0,0
O=C(Nc1c(C)c(C)ccc1)[C@H]1C[C@H]2C[C@@H]1C=C2,,C16031224,,0,0,0,0,0,0,0,0,0,0
Clc1ccc(Oc2ccc(O)cc2)cc1,,C20391128,,0,0,0,0,0,0,0,1,1,0
O=C1C=C(CCC)Nc2c(C)ccc(C)c12,,C32099920,,0,1,1,0,0,0,0,1,0,0
O=C(c1sccc1)c1ccc2NCCCc2c1,,C32101309,,0,0,0,0,0,0,0,1,0,0
[S-]C=1N(c2ccccc2)[C@@H]2CCCC[C@H]2[NH+]=1,,C32109951,,0,0,0,0,0,0,0,0,0,0
O=C(NC1C2CC3CC1CC(C2)C3)[C@H]1[C@H](C)C1,,C32721500,,0,0,0,0,0,0,0,0,0,0
O[C@H]1CC(C)(C)Oc2cc(C(C)C)ccc12,,C33495047,,0,0,0,0,0,0,0,0,0,0
N(\c1ccc(CC)cc1)=C/1\SCC(C)(C)N\1,,C35082540,,0,0,0,0,0,0,0,0,0,0
Clc1c(C)c(/N=C/2\SC[C@H](C)N\2)ccc1,,C35294508,,0,0,0,0,0,0,0,0,0,0
Clc1cc(/N=C/2\SC[C@H](C)N\2)c(C)cc1,,C35295166,,0,0,0,0,0,0,0,0,0,0
O[C@H]1[C@@H](Oc2c(C)c(C)cc(C)c2)CCCC1,,C37696529,,0,0,0,0,0,0,0,0,0,0
Clc1c(C)cc(O[C@@H]2[C@@H](O)CCC2)cc1C,,C37696575,,0,0,0,0,0,0,0,0,0,0
Clc1cc(Cl)c2nc(NC)sc2c1,,C00077411,,0,0,1,0,0,0,0,0,0,0
Clc1c(Cl)ccc(O[C@H]2[C@@H](O)CCC2)c1,,C37979998,,0,0,0,0,0,0,0,0,0,0
Clc1ccc(C)c2NC(C)=C(CC)C(=O)c12,,C38005081,,0,1,1,0,0,0,0,0,0,0
O[C@@H](C1CC1)c1ccc2oc3ccccc3c2c1,,C40245159,,0,0,0,0,0,0,0,0,1,0
O/N=C/1\C[C@@H](C)c2ccc(C(C)(C)C)cc\12,,C41230446,,0,0,0,0,0,0,0,0,0,0
O[C@H]1CC(C)(C)Cc2n(CC3CCCC3)ccc12,,C41715773,,0,0,0,0,0,0,0,0,0,0
O[C@@H]1CC(C)(C)Cc2n(CC(C)(C)C)ccc12,,C41717783,,0,0,0,0,0,0,0,0,0,0
O[C@H]1CCCc2n(c(C)cc12)C1(C)CCCCC1,,C41719630,,0,0,0,0,0,0,0,0,0,0
O[C@@H]1[C@@H](Oc2ccc(C)cc2)CCCCC1,,C44216867,,0,0,0,0,0,0,0,0,0,0
N(\c1ccc2ccccc2c1)=C/1\SC[C@@H](C)N\1,,C44880357,,0,0,0,0,0,0,0,0,0,0
Clc1scc(N[C@@H]2C[C@@H](C)CCC2)n1,,C48836038,,0,0,1,0,0,0,0,0,0,0
O=C1C(CC)=CC=2C[C@@H](C(C)(C)C)CCC=2N1,,C49826012,,0,0,1,0,0,0,0,0,0,0
O[C@@H]([C@@H]1Oc2ccccc2C1)C=1CCCCC=1,,C50328967,,0,0,0,0,0,0,0,0,0,0
O[C@@H](C)c1oc(-c2cccc3CCCCc23)cc1,,C52924679,,0,0,0,0,0,0,0,1,1,0
O[C@H](C)c1oc(-c2cc(C)cc(C)c2)cc1,,C52924747,,0,0,0,0,0,0,0,1,1,0
N(\c1c(C)cccc1)=C/1\SCC2(N\1)CCCC2,,C53046256,,0,0,0,0,0,0,0,0,0,0
O[C@@H]1[C@@H](CN2CCCc3ccccc23)CCCC1,,C53882202,,0,0,0,0,0,0,0,0,0,0
O[C@@H]1COCCc2c(C(C)C)cc(C(C)C)cc12,,C54742849,,0,0,0,0,0,0,0,0,0,0
Clc1ccc(N[C@H]2[C@H](C#N)CCC2)cc1,,C54823929,,0,0,0,0,0,0,0,0,0,0
Clc1ccc(N[C@@H]2[C@H](C#N)CCC2)cc1,,C54823930,,0,0,0,0,0,0,0,0,0,0
O=C1[C@@H](c2ccc(C(C)(C)C)cc2)CCCN1,,C57519653,,0,0,0,0,0,0,0,0,0,0
O(C)c1c(C(C)C)cc2CCCCNc2c1,,C57939649,,0,0,0,0,0,0,0,0,0,0
O[C@@H]1[C@@H](Oc2ccc3CCCCc3c2)CCC1,,C42304697,,0,0,0,0,0,0,0,0,0,0
Oc1ccc(/C=N/c2c(C)cc(C)cc2C)cc1,,C02143575,,0,0,1,1,0,0,0,1,1,0
Oc1cc(/C=N/c2c(C)cc(C)cc2)ccc1,,C08368840,,0,0,1,1,0,0,0,1,1,0
N(C)c1sc2C[C@@H](C(C)(C)C)CCc2n1,,C61714302,,0,0,1,0,0,0,0,0,0,0
O[C@H]1CC(C)(C)CCc2ccc(OCC)cc12,,C61826052,,0,0,0,0,0,0,0,0,0,0
O[C@@H]1CC(C)(C)CCc2ccc(OC(C)C)cc12,,C61826053,,0,0,0,0,0,0,0,0,0,0
Clc1c(C)cc2NC[C@@H](C)COc2c1,,C62525588,,0,0,0,0,0,0,0,0,0,0
O[C@H](C)c1ccc2Oc3ccccc3Sc2c1,,C03600299,,0,0,0,0,0,0,0,1,1,0
O[C@@]1([C@H](C(C)(C)C)CCCC1)c1cnc(C)cc1,,C62949203,,0,0,0,0,0,0,0,0,0,0
O=C1CC(C)(C)CC=2N(c3cc(C)ccc3)C(N)=C(C#N)[C@H](c3sccc3)C1=2,,C01445406,,0,0,0,0,0,0,0,0,0,0
O[C@@]1(C#Cc2ccccc2)C2(C(=O)N[C@]31CC[C@H](C)C=C3)CCC(C)CC2,,C04983833,,0,0,0,0,0,0,0,0,0,0
S=C(Nc1ccc(C)cc1)N1C[C@@H](O)Cc2ccc3ccccc3c12,,C06507977,,0,0,0,0,0,0,0,0,0,0
Brc1ccc([C@H]2Nc3c(C(=O)NC(C)C)cccc3[C@@H]3[C@@H]2CC=C3)cc1,,C13639071,,0,0,0,0,0,0,0,0,0,0
O=C(NC(C)C)c1cccc2[C@@H]3[C@H]([C@@H](c4c(C)ccs4)Nc12)CC=C3,,C14456001,,0,0,0,0,0,0,0,0,0,0
O=C(NC(C)(C)C)c1cccc2[C@@H]3[C@@H]([C@H](c4sc(C)cc4)Nc12)CC=C3,,C14456617,,0,0,0,0,0,0,0,0,0,0
O=C(NCC)c1cccc2[C@@H]3[C@@H]([C@@H](c4cccc5ccccc45)Nc12)CC=C3,,C14464262,,0,0,0,0,0,0,0,0,0,0
O=C(NCC)c1cccc2[C@@H]3[C@@H]([C@H](c4cccc5ccccc45)Nc12)CC=C3,,C14464263,,0,0,0,0,0,0,0,0,0,0
O=C(NC(C)(C)C)c1cccc2[C@@H]3[C@H]([C@H](c4ccc5ccccc5c4)Nc12)CC=C3,,C14475336,,0,0,0,0,0,0,0,0,0,0
Clc1c(Cl)cccc1[C@@H]1Nc2c(C(=O)NC(C)(C)C)cccc2[C@@H]2[C@@H]1CC=C2,,C14477084,,0,0,0,0,0,0,0,0,0,0
O=C(Nc1ccccc1)c1cccc2[C@@H]3[C@H]([C@@H](c4c(C)cccc4)Nc12)CC=C3,,C14478568,,0,0,0,0,0,0,0,0,0,0
Brc1sc(/C=C/2\C(C)=C(C#N)c3nc(N)c(C#N)c(C)c\23)cc1,,C19824561,,0,0,0,0,0,0,1,1,0,0
Brc1ccc(N[C@H](C)c2ccc3OCC(=O)Nc3c2)cc1,,C20090324,,0,0,0,0,0,0,0,0,0,0
Brc1c(N[C@@H](C)C(=O)NC)c(Br)cc(C)c1,,C20487801,,0,0,0,0,0,0,0,0,0,0
Clc1c([C@H]2Nc3c(C(=O)NC(C)(C)C)cccc3[C@H]3[C@H]2CC=C3)c(Cl)ccc1,,C20750173,,0,0,0,0,0,0,0,0,0,0
O=C(NC(C)(C)C)c1cccc2[C@H]3[C@H]([C@@H](c4sccc4)Nc12)CC=C3,,C20752870,,0,0,0,0,0,0,0,0,0,0
NC=1C(C#N)(C#N)[C@H](c2c(C)sc(C)c2)[C@@H]2CCCCCC=C2C=1C#N,,C02727384,,0,0,0,0,0,0,0,0,0,0
Clc1cc(Cl)cc(-n2c(C)c(/C=C\3/C(=O)NC(=N)S/3)cc2C)c1,,C15227520,,0,0,0,0,0,0,0,1,0,0
O[C@@H]1/C(=C\c2c(C)nn(C)c2)/C[C@@H]2[C@]1(C)CC[C@H]1[C@@]3(C)CC[C@@H](O)CC3=CC[C@H]21,,C36006482,,0,0,1,0,0,0,0,0,0,0
Brc1c(COc2cccc3CC(C)(C)Oc23)c(N)ccc1,,C36964675,,0,0,0,0,0,0,0,0,0,0
Ic1cc(C)c(NCC=2C(=O)Nc3ccccc3C=2)cc1,,C37057065,,0,0,0,0,0,0,1,1,1,0
Ic1cc(Cl)c(NCc2c(C)n[nH]c2)cc1,,C37105509,,0,0,1,0,0,0,0,1,1,0
Ic1oc(CNc2cccc3c(O)cccc23)cc1,,C37316945,,0,0,1,0,0,0,1,1,1,0
Brc1cc(Cl)c(C(=O)c2ccc3NC(=O)Nc3c2)cc1,,C37365572,,0,0,0,1,0,0,0,1,0,0
Clc1ccc([C@@H]2N[C@@H](c3c(O)cccc3)CC(c3sccc3)=N2)cc1,,C19927812,,0,0,0,0,0,0,0,0,0,0
IN1[C@@H](O)CCC[C@@]21C[C@@H](c1c(O)cccc1)CCC2,,C39525992,,0,0,0,0,0,0,0,0,0,0
Ic1cc(CC(C)C)c(N2C[C@@H]([O-])[NH2+]CC2)cc1,,C39529471,,0,0,0,0,0,0,0,0,0,0
Brc1cc(F)cc([C@H](O)c2c(Cl)cc3NC(=O)Cc3c2)c1,,C40262818,,0,0,0,0,0,0,0,0,0,0
Br[C@H](c1c(C)cc(Br)cc1)c1ccc2NC(=O)Nc2c1,,C40282820,,0,0,0,1,0,0,0,1,0,0
Brc1c(N)cc(C(=O)N2C[C@]3(C)CC(C)(C)C[C@H]2C3)cc1,,C40329987,,0,0,0,0,0,0,0,0,0,0
Brc1cc(F)c(CSc2oc3cc(N)ccc3n2)cc1,,C42142896,,0,0,1,0,0,0,1,1,0,0
Ic1c(C(=O)Nc2c([C@H](O)C)cccc2)cccc1,,C42341140,,0,0,0,0,0,0,0,1,0,0
Ic1c(OCc2cscc2)c(N)cc(C#N)c1,,C43415422,,0,0,0,0,0,0,0,1,0,0
Brc1c(N)n([C@@H](C)c2sc(Br)cc2)nc1,,C43666493,,0,0,0,0,0,0,0,0,0,0
Ic1c(N)n(Cc2c(F)ccc(Br)c2)nc1,,C43666527,,0,0,1,0,0,0,0,1,0,0
O[C@@H]1CC[C@]2(C)[C@@H](C1)CC[C@H]1[C@H]2CC[C@@]2(C)[C@H]3CC[C@@]12O[C@@H]1NC(=O)C[C@@H]31,,C43736680,,0,0,0,0,0,0,0,0,0,0
Fc1c(F)ccc([C@H]2C(C#N)(C#N)C(N)=C(C#N)C=3[C@H]2C[C@H](C)CC=3)c1,,C43766786,,0,0,0,0,0,0,0,0,0,0
O=C1N[C@@H](c2sc(-c3sccc3)cc2)C=2C(=O)CC(C)(C)CC=2N1,,C48544744,,0,0,0,0,0,0,0,0,1,0
Brc1c([C@@H](NC(=O)Nc2c(Cl)cccc2)C)cccc1,,C48908575,,0,0,0,0,0,0,0,0,0,0
Brc1c([C@@H](NC(=O)c2c(Cl)cccc2O)C)cccc1,,C49082366,,0,0,0,0,0,0,0,0,0,0
Brc1scc(CNC(=O)c2[nH]c3cc(Cl)ccc3c2)c1,,C49467264,,0,0,0,0,0,0,0,1,0,0
Ic1c(N)n([C@H](C)c2sc(CC)cc2)nc1,,C49853180,,0,0,0,0,0,0,0,1,0,0
Br[C@H](c1c(Br)cc2NC(=O)Nc2c1)c1sc(C)cc1,,C52095163,,0,0,1,1,0,0,0,1,1,0
Ic1cc(-n2c(C3CC3)nc3cc(N)ccc23)ccc1,,C52842860,,0,0,1,0,0,0,1,0,0,0
Brc1cc(/C=C\2/C(=O)N(c3c(C)cccc3)C(=N)S/2)c(O)cc1,,C15053262,,0,0,0,0,0,0,0,0,0,0
Oc1c([C@H]2N[C@H](c3sccc3)N=C(c3ccc(C)cc3)C2)cccc1,,C58083273,,0,0,0,0,0,0,0,0,0,0
Brc1c(N[C@H]2C(=O)Nc3c(C)cccc23)ccc(Br)c1,,C40453631,,0,0,0,0,0,0,0,1,0,0
Brc1cc(Cl)c(N[C@@H]2C(=O)Nc3cc(Br)ccc23)cc1,,C37392171,,0,0,0,0,0,0,0,1,0,0
Brc1cc(C)c2NC(=O)[C@@H](N[C@@H](C)c3cscc3)c2c1,,C61361842,,0,0,0,0,0,0,0,0,0,0
Brc1c(N[C@@H]2C(=O)Nc3cccc(Br)c23)ccc(C)c1,,C21017806,,0,0,0,0,0,0,0,0,0,0
O=[N+]([O-])c1c(C)c(C(=O)Nc2n(-c3ccc(C)cc3)nc3C[S@](=O)Cc23)ccc1,,C04224921,,0,1,0,0,0,0,1,0,0,0
O=[N+]([O-])c1c(C)c(C(=O)Nc2n(-c3c(C)cccc3)nc3C[S@](=O)Cc23)ccc1,,C04224925,,0,1,1,0,0,0,1,0,0,0
O=[N+]([O-])c1c(C)ccc(C(=O)Nc2n(-c3ccc(C)cc3)nc3C[S@](=O)Cc23)c1,,C04224929,,0,0,0,0,0,0,1,0,0,0
S(CC(=O)Nc1cc(C)cc(C)c1)c1n(C)c2N(C)C(=O)N(C)C(=O)c2n1,,C04570966,,0,0,1,0,0,0,0,1,0,0
Brc1c(NC(=O)CN2C(=O)c3ccccc3C2=O)ccc([N+](=O)[O-])c1,,C04577088,,0,0,0,0,0,0,1,1,0,0
Clc1c(OC)ccc(NC(=O)[C@@H]2O[C@H]3OC(C)(C)O[C@@H]3[C@@H]3OC(C)(C)O[C@@H]23)c1,,C04587915,,0,0,0,0,0,0,0,0,0,0
Clc1c(OC)ccc(NC(=O)[C@@H]2O[C@H]3OC(C)(C)O[C@@H]3[C@@H]3OC(C)(C)O[C@H]23)c1,,C04587923,,0,0,0,0,0,0,0,0,0,0
Brc1ccc(-n2nnc3C(=O)N(CC(=O)NC(C)(C)C)C=Nc23)cc1,,C05056809,,0,0,0,0,0,0,1,0,0,0
Fc1cc(CC=2NC(=O)C=3CN(C(=O)c4cc([N+](=O)[O-])ccc4)CCC=3N=2)ccc1,,C04381164,,0,0,1,0,0,0,0,1,0,0
O=C(N/N=C/C=1C(=O)N2C=CC=CC2=NC=1N1C[C@@H](C)O[C@H](C)C1)c1ccccc1,,C05369841,,0,0,0,0,0,0,1,0,0,0
O=C(N(C)C1CCCCC1)CN1C(=O)[C@@](C)(c2ccc3OCOc3c2)NC1=O,,C05450219,,0,0,0,0,0,0,0,0,0,0
Brc1ccc(/C=N/Nc2nc3C(=O)N(C)C(=O)N(C)c3nc2)cc1,,C05602903,,0,0,1,0,0,0,0,1,0,0
OCCCN1C(=O)N(C)c2nc3N(c4ccc(C)cc4)C[C@H](C)Cn3c2C1=O,,C08778499,,0,0,1,0,0,0,0,1,0,0
OCCN1C(C)=Cn2c1nc1N(C)C(=O)N(Cc3cccc4ccccc34)C(=O)c21,,C10233427,,0,0,1,0,0,1,1,1,0,0
Clc1ccc2nc(NC(=O)CN3C(=O)N(c4sccc4)N=N3)sc2c1,,C10669369,,0,0,1,0,0,1,1,1,0,0
ClCC(=O)Nc1n(-c2ncnc3n(-c4c(C)cc(C)cc4)ncc23)nc(C)c1,,C13962749,,0,0,1,0,0,1,1,1,0,0
O=[N+]([O-])c1cc([C@H]2N3C(=O)CN(C)C(=O)[C@H]3Cc3c4ccccc4[nH]c23)ccc1,,C06420364,,0,0,0,0,0,0,0,0,0,0
Clc1c(OC)ccc(NC(=O)[C@H]2O[C@@H]3OC(C)(C)O[C@@H]3[C@@H]3OC(C)(C)O[C@H]23)c1,,C16040556,,0,0,0,0,0,0,0,0,0,0
Fc1cc(F)cc(NC(=O)C=2C(=O)C=C(C)N(c3c([N+](=O)[O-])cccc3)N=2)c1,,C18254795,,0,0,0,0,0,0,0,1,0,0
S=C1N(C2CC2)C(=O)[C@@]2(C(=O)N1)Cc1cc([N+](=O)[O-])ccc1N1CC[C@@H](C)C[C@@H]21,,C17057399,,0,0,0,0,0,0,0,0,0,0
S(Cc1n-2c(N(C)C(=O)c3ccccc-23)nn1)c1[nH]nc(-c2sccc2)n1,,C21997699,,0,1,1,0,1,1,1,1,1,0
FC(F)(F)c1nn2[C@H](c3cc([N+](=O)[O-])ccc3)C=3C(=O)C[C@H](C)CC=3Nc2n1,,C22608224,,0,0,0,0,0,0,0,0,0,0
S([C@H](C(C)C)C(=O)N1CC(=O)Nc2ccccc12)c1ncnc2n(C)ncc12,,C30756474,,0,0,1,0,0,0,0,0,0,0
S([C@H](C)C(=O)N1CC(=O)Nc2ccccc12)C=1n2nc(C)nc2-c2ccccc2N=1,,C32871557,,0,1,1,0,0,0,1,1,0,0
O=C1C(NCc2c(C)nn(C)c2)=C(n2nnc3ccccc23)C(=O)c2ccccc12,,C06314557,,0,1,1,0,0,1,1,1,0,0
FC(F)(F)c1cc(N/C=C\2/C(=O)N(C3=Nn4c(C)nnc4C=C3)N=C/2C)ccc1,,C36358982,,0,0,1,0,0,0,1,1,0,0
O=C(Nc1c(C)cccc1)CN1C(=O)c2oc3nc4CC(C)(C)OCc4cc3c2N=C1,,C13135683,,0,0,1,0,0,0,1,1,0,0
S(CC1=CC(=O)Nc2ccccc12)c1n(C(C)C)c2C(=O)N(C)C(=O)N(C)c2n1,,C08582761,,0,0,1,0,0,0,1,1,0,0
O=C(Nc1scc(C=2C(=O)Oc3ccccc3C=2)n1)CN1C(=O)Oc2ccccc12,,C36646815,,0,0,0,0,0,0,1,1,0,0
S(/C(/C(=O)[O-])=C/1\C(=O)N(C)c2ccccc\12)C=1N=NC=2[C@@H]([NH+]=C3C=CC=CC=23)N=1,,C38627301,,0,0,0,0,0,0,0,0,0,0
Brc1c(O)c(OC)cc(/C=N/N2[C@@H]([C@@H]3N=NC(C)=C3)N=NC2=S)c1,,C38975644,,0,0,1,0,0,0,0,0,0,0
S(=O)(=O)(N1C(=O)c2cc(OCC)cnc2C=2N[C@H](F)CC(=O)C1=2)c1ccccc1,,C39450837,,0,0,0,0,0,0,1,1,0,0
Brc1c(NC(=O)CN2C(=O)C(Cl)=C(Cl)C=N2)ccc([N+](=O)[O-])c1,,C39616232,,0,0,1,0,0,0,0,1,0,0
O=C(Nc1c(OC)cccc1)C1=CN(C)[C@@H]2C(=O)N(c3ccc(C)cc3)C(=O)N=C12,,C39727629,,0,0,0,0,0,0,0,0,0,0
Brc1c(NC(=O)CN2C(=O)Oc3ccccc23)cc([N+](=O)[O-])cc1,,C39919208,,0,0,1,0,0,0,1,1,0,0
OCCN1[C@@H](c2ccc([N+](=O)[O-])cc2)C=2C(=O)c3cc(C)cc(C)c3OC=2C1=O,,C40041488,,0,0,0,0,0,0,0,1,0,0
OCCN1[C@H](c2cc([N+](=O)[O-])ccc2)C=2C(=O)c3ccc(C)c(C)c3OC=2C1=O,,C40063075,,0,0,0,0,0,0,0,0,0,0
S=C1N(c2ccc(OC)cc2)C(=O)/C(=C\2/C(=O)Nc3ccc([N+](=O)[O-])cc/23)/S1,,C40852104,,0,0,0,0,0,0,1,1,0,0
Clc1c(C)cc(N2C(=O)C[C@H](c3nc(-c4[nH]nc(-c5occc5)c4)on3)C2)cc1,,C44424745,,0,0,1,0,0,0,1,1,0,0
Clc1c(NC(=O)CN2C(=O)c3cc([N+](=O)[O-])ccc3N=C2)c(Cl)ccc1,,C04564007,,0,0,1,0,0,0,1,0,0,0
Clc1nnc(-n2nc(C)c3[C@H](c4cc(OC)c(OC)cc4)CC(=O)Nc23)cc1,,C15083379,,0,0,0,0,0,0,0,1,0,0
Clc1c([C@@H]2CC(=O)Nc3n(C4=Nn5cnnc5C=C4)nc(C)c23)ccc(Cl)c1,,C40268870,,0,0,1,0,0,0,1,1,0,0
Clc1c([C@H]2CC(=O)Nc3n(C4=Nn5cnnc5C=C4)nc(C)c23)ccc(F)c1,,C40288106,,0,0,1,0,0,0,1,1,0,0
Brc1c(C)n(Cc2cc(C3=Nc4n([N-]3)cnc-3n[nH+]cc4-3)ccc2)nc1C,,C17093441,,0,0,1,0,0,0,1,1,0,0
Brc1ccc(N2C(=O)[C@@H]3ONC(c4cc([N+](=O)[O-])ccc4)=C3C2=O)cc1,,C18059700,,0,0,0,0,0,0,0,1,0,0
S(CC=1N=C2N(C(=O)C=1)C=CC=C2)[C@H]1N=NC(=O)[C@H]2N1NC(c1ccc(C)cc1)=C2,,C64502470,,0,1,1,0,0,0,1,1,0,0
Clc1ccc(-n2nc(C(=O)NC[C@@H]3OCCC3)c3N=CN(C)C(=O)c23)cc1,,C64991860,,0,0,0,0,0,0,1,1,0,0
O=[N+]([O-])c1c(NC(=O)c2ccc(N3C(=O)[C@@H]4[C@@H](C3=O)[C@@H]3CC[C@H]4C=C3)cc2)cccc1,,C65007299,,0,0,0,0,0,0,0,0,0,0
BrC1=CN2C(=O)C(C(=O)Nc3cc([N+](=O)[O-])ccc3)=CN=C2C=C1,,C55167873,,0,0,1,0,0,0,1,1,0,0
O=[N+]([O-])c1nc(C)n(CC(=O)Nc2c(C#N)c-3c(s2)CCc2ccccc-32)c1,,C65735869,,0,0,1,0,0,0,0,1,0,0
OC[C@H]1[C@@H](O)[C@@H](O)[C@@H](NC(=O)C)[C@@H](Oc2ccc([C@@H](C)CC)cc2)O1,,C04569032,,0,0,0,0,0,0,0,0,0,0
Clc1ccc(N/N=C(/S(=O)(=O)c2ccccc2)\C(=O)NN)cc1,,C03123172,,0,0,0,0,0,0,0,0,0,0
O[C@]1(c2c(-c3ccc4OCCOc4c3)nc(N)s2)C(=O)Nc2c(C)c(C)ccc12,,C07778004,,0,0,0,0,0,0,0,0,0,0
Clc1c(N)cc(C(OCC(=O)NC(=O)NCC(F)(F)F)=O)cc1,,C09337652,,0,0,0,0,0,0,0,0,0,0
S=C1N([C@H](C)C(=O)Nc2ccc(O)cc2)C(=O)/C(=C/c2c(O)cc(O)cc2)/S1,,C15047020,,0,0,0,0,1,0,0,1,0,0
S(CC(=O)Nc1sc2cccc(C)c2n1)C=1NC(=O)C=C(N)N=1,,C17070426,,0,0,1,0,0,0,1,1,0,0
ClC[C@@H]1Oc2nc(N)c3c(N)nc(N(CC)CC)c(C#N)c3c2C1,,C12504776,,0,1,1,0,1,0,0,0,0,0
S=C1N(Cc2ccccc2)C(=O)C([C@H]2[NH2+]CCc3c4cc(OC)ccc4[nH]c23)=C([O-])N1,,C20612263,,0,0,0,0,0,0,0,1,0,0
S([C@H](C)C(=O)NC(=O)NCC)c1nc(N)c2c(sc3CCCCc23)n1,,C21233508,,0,0,1,0,0,0,0,1,0,0
S(Cc1nc(N)nc(N)n1)[C@@H](C)C(=O)N(C)Cc1c(C)cccc1,,C29351934,,0,0,1,1,0,1,0,1,0,0
S([C@H](C)C(=O)NC(=O)NC(C)C)c1nc(N)c2c(C)c(C)sc2n1,,C31822994,,0,0,1,0,1,0,0,1,0,0
S([C@H](C)C(=O)NC(=O)NCC=C)c1nc(N)c2c(C)c(C)sc2n1,,C31823604,,0,0,1,0,1,0,0,1,0,0
S(=O)(=O)(N)c1scc(C(=O)NNC(=O)c2sc3CC[C@@H](C)Cc3c2)c1,,C31940256,,0,0,0,0,0,0,0,0,0,0
O=C(Nc1cc(C(=O)Nc2ccc3NC(=O)Nc3c2)ccc1)[C@H]1[C@H](C)C1,,C32801536,,0,0,1,0,0,0,1,1,0,0
OCC=1C[C@@]2(O)C(=O)C(C)=C[C@H]2[C@]2(O)[C@@H](C)[C@H](O)[C@@]3(OC(=O)C)C(C)(C)[C@H]3[C@H]2C=1,,C35050904,,0,0,0,0,0,0,0,0,0,0
O[C@H]1N(c2ccc(C)cc2)C(=O)NC(=O)[C@H]1[C@H]1NCCc2c3ccccc3[nH]c12,,C38555963,,0,0,0,0,0,0,0,0,0,0
Brc1ccc(C(=O)CS[C@@H]2N(N)[C@H]([C@H]3N=NC(C)=C3)NN2)cc1,,C38556272,,0,0,0,0,0,0,0,0,0,0
O[C@@H]1N(c2c(C)ccc(C)c2)C(=O)[C@H]([C@H]2NCCc3c4ccccc4[nH]c23)C(O)=N1,,C39024688,,0,0,0,0,0,0,0,0,0,0
O=C1N[C@H]2N/C(=N\CC)/S[C@@H]2C=2OC(N)=C(C#N)[C@@H](c3ccc(C)cc3)C1=2,,C39280172,,0,0,0,0,0,0,0,0,0,0
O=C1N[C@H]2N=C(NCC)S[C@@H]2C=2OC(N)=C(C#N)[C@@H](c3sccc3)C1=2,,C39324745,,0,0,0,0,0,0,0,0,0,0
O=C(Nc1ccc(C(C)C)cc1)/C=C\1/N[C@@H](NC(=O)C=2C(=O)NC=CC=2)SC/1,,C39590238,,0,0,0,0,0,0,0,0,0,0
O=C(NCC1CCCCC1)/C=C/1\N[C@@H](NC(=O)C=2C(=O)NC=CC=2)SC\1,,C39590286,,0,0,0,0,0,0,0,0,0,0
S([C@@H]1[C@H](O)[C@H](O)[C@H](O)[C@H](CO)O1)c1n(Cc2ccccc2)c2ccccc2n1,,C39915848,,0,0,0,0,0,0,1,0,0,0
S=C1NC=2NC=3CC(C)(C)CC(=O)C=3[C@@H](c3ccc(C(OC)=O)cc3)C=2C(N)=N1,,C08236370,,0,0,0,0,0,1,0,0,0,0
FC(F)(F)c1c(NC(=O)c2c(C)c3/C(=N/NC(=O)N)/CCCc3o2)cccc1,,C40824334,,0,0,0,0,0,0,0,1,0,0
Brc1ccc(NC(=O)c2c(C)c3/C(=N/NC(=O)N)/CCCc3o2)cc1,,C40824387,,0,0,0,0,0,0,0,1,0,0
O=C(NC)Nc1cc(NC(=O)c2c(NC(=O)c3sccc3)cccc2)ccc1,,C42802200,,0,0,0,0,0,0,0,1,0,0
Clc1ccc(OCC(=O)Nc2c(C(=O)NC(=O)N)c3CCCc3s2)cc1,,C44452612,,0,0,0,0,0,0,0,1,0,0
Clc1ccc(-c2sc(/C=C/C(=O)[C@H](C#N)c3nc(N)nc(N)n3)cc2)cc1,,C49437710,,0,0,0,1,0,0,0,1,0,0
O=C1N(Cc2ccccc2)C(=O)NC([O-])=C1[C@@H]1[NH2+]CCc2c3ccccc3[nH]c12,,C20412436,,0,0,0,0,0,0,0,0,0,0
Brc1cc(NC(=O)c2c([N+](=O)[O-])ccc(NN)c2)ccc1,,C51096423,,0,0,0,0,0,0,0,1,1,0
O=C(NC)NC(C)(C)C(=O)Nc1cc(NC(=O)c2sccc2)ccc1,,C53220379,,0,0,0,0,0,0,0,1,0,0
Oc1c(C(=O)NNC(=O)[C@@H](NC(=O)c2sccc2)C)cc2ccccc2c1,,C54368917,,0,0,0,0,0,0,0,0,0,0
Ic1cc(NC(=O)c2cc(NN)c([N+](=O)[O-])cc2)ccc1,,C54415763,,0,0,0,0,0,0,0,1,1,0
S=C1N(CC(C)C)C(=O)/C(=C(\Nc2c(C(=O)N)cccc2)/C)/C(=O)N1,,C09769062,,0,0,0,0,0,0,0,1,0,0
Brc1c(S(=O)(=O)N[C@@H]2[C@@H]([NH3+])CCCC2)cc(C(=O)[O-])o1,,C55329736,,0,0,0,0,0,0,0,0,0,0
Clc1c(Cl)cccc1O[C@@H](C)C(=O)N[C@H]1CCCC=2NC(=O)C(C(=O)N)=CC1=2,,C58819072,,0,0,0,0,0,0,0,1,1,0
S(=O)(=O)(N)c1scc(C(=O)NNC(=O)Cc2ccc3ccccc3c2)c1,,C58927577,,0,0,0,0,0,0,0,1,0,0
FC(F)(F)C=1N(Cc2nc(N)c3c(sc4C[C@H](C)CCc34)n2)C(=O)C(C(=O)N)=CC=1,,C59124467,,0,0,0,0,0,0,0,0,0,0
Oc1cc(-n2nc(C)c3[C@@H](c4cc(O)ccc4)C(C#N)=C(N)Oc23)ccc1,,C59416588,,0,0,0,1,0,0,0,0,0,0
S(=O)(=O)(N)c1scc(C(=O)Nc2c(C)cc(C(=O)NC(C)C)cc2)c1,,C60417408,,0,0,0,0,0,0,0,1,1,0
Brc1c(S(=O)(=O)NCc2n[nH]cn2)cc(Cl)cc1N,,C61881985,,0,0,1,0,0,0,0,1,0,0
FC(F)(F)C=1C=C(NC(=O)NCC(=O)Nc2ccccc2)C(=O)NC=1,,C63161446,,0,0,0,0,1,0,0,1,0,0
FC(F)(F)C=1C=C(NC(=O)NCc2cc(C(=O)NC)ccc2)C(=O)NC=1,,C63161761,,0,0,0,0,0,0,0,1,0,0
FC(F)(F)C=1C=C(NC(=O)NCC(=O)Nc2c(C)cc(C)cc2C)C(=O)NC=1,,C63161964,,0,0,0,0,1,0,0,1,0,0
Clc1ccc2S[C@H](CC(=O)NNC(=O)NC3CCCC3)C(=O)Nc2c1,,C65920136,,0,0,0,0,0,0,0,0,0,0
S=C(NNC(=O)c1cnc2[nH]nc(C)c2c1)Nc1c(C)c(C)ccc1,,C66410009,,0,0,1,0,0,0,1,1,0,0
O=C(N[C@H](C)c1ccc2NC(=O)Cc2c1)Nc1cc(C(=O)NC(C)C)c(C)cc1,,C66685761,,0,0,0,0,0,0,0,1,0,0
O[C@]1(CNC(=O)c2c(N)c([N+](=O)[O-])cc(C)c2)CCCc2ccccc12,,C66928963,,0,0,0,0,0,0,0,0,0,0
Oc1ccc(C[C@@H](NC(=O)C(=O)N2[C@H](C)C[C@@H](C(=O)N)c3ccccc23)C)cc1,,C67396100,,0,0,0,0,0,0,0,1,0,0
Clc1c(NC(=O)C)ccc(-c2nn(CC(=O)Nc3c(C)cc(C)cc3)nn2)c1,,C01344323,,0,0,0,0,0,1,1,1,0,0
O([C@H](C)C(=O)Nc1c(C)cc(C)cc1C)C(=O)CN1C(=O)[C@@]2([C@@H](C)CCCC2)NC1=O,,C05041087,,0,0,0,0,0,0,0,0,0,0
O(CC(=O)N[C@H]1[C@H](C)[C@@H](C)CCC1)C(=O)CN1C(=O)[C@]2([C@@H](C)CCCC2)NC1=O,,C05067635,,0,0,0,0,0,0,0,0,0,0
O=C(Nc1c(CC)cccc1)CN(C)C(=O)CN1C(=O)C2(NC1=O)CCCCC2,,C03505606,,0,0,0,0,0,0,0,0,0,0
O(CC(=O)Nc1c(C)cc(C)cc1)C(=O)CN1C(=O)[C@]2(NC1=O)C[C@@H](C)CC(C)(C)C2,,C05365273,,0,0,0,0,0,0,0,0,0,0
Oc1c(C(O[C@@H](C)C(=O)NC=2C(=O)N(N(C)C=2C)c2ccccc2)=O)cc(C)cc1,,C05678875,,0,0,1,0,0,0,0,0,0,0
Clc1ccc(-c2c(C(OCC(=O)NC(=O)NC)=O)cn(-c3ccccc3)n2)cc1,,C05989413,,0,0,0,0,0,0,0,0,0,0
Brc1oc(C(=O)NC(=S)Nc2c(OC)ccc([N+](=O)[O-])c2)cc1,,C05986303,,0,0,0,0,0,0,0,1,0,0
O(CC(=O)c1c(C)[nH]c2ccccc12)C(=O)CN1C(=O)[C@@]2([C@H](C)CCCC2)NC1=O,,C06368297,,0,0,0,0,0,0,0,0,0,0
S(=O)(=O)(Nc1sccn1)c1ccc(NC(=O)/C=C/c2ccc3OCOc3c2)cc1,,C02737731,,0,0,1,0,1,1,1,1,0,0
S(CC(=O)NNC(=O)c1ccc(F)cc1)c1n(-c2c(C)cc(C)cc2)nnn1,,C06844326,,0,0,1,0,0,0,0,1,0,0
S(=O)(=O)(N(C)CC(=O)NC1CCCCC1)c1sc(C2=NNC(=O)C=C2)cc1,,C06973945,,0,0,1,1,0,0,0,1,0,0
O=C(Nc1ccc(C)cc1)CN1C(=O)[C@@](C)(Cc2ccc3OCOc3c2)NC1=O,,C07560427,,0,0,0,0,0,0,0,0,0,0
O=C(NNC(=O)[C@@H](Oc1c(C)c(C)ccc1)C)CN1C(=O)c2ccccc2C1=O,,C07765246,,0,0,0,0,0,0,0,0,0,0
Clc1cc(C(O[C@H](C)C(=O)NC(=O)NC(C)(C)C)=O)cc2OCCCOc12,,C07840261,,0,0,0,0,0,0,0,0,0,0
O=C(NCc1c(OCC)cc2C[C@H](C)Oc2c1)CN1C(=O)C2(NC1=O)CCC(C)CC2,,C08273289,,0,0,1,0,0,0,0,0,0,0
Br/C(/C=N/Nc1n(CC=C)c2C(=O)NC(=O)N(C)c2n1)=C\c1ccccc1,,C00823873,,0,0,1,0,1,0,0,1,0,0
S(=O)(=O)(N(C)CC(=O)NC1CCCCCC1)c1sc(C2=NNC(=O)C=C2)cc1,,C09265800,,0,0,1,1,1,1,0,1,1,0
O=C(NC1CCCCC1)[C@@H](NC(=O)[C@H]1CN(c2ccc3OCOc3c2)C(=O)C1)C(C)C,,C09510550,,0,0,0,0,0,0,0,0,0,0
O(C)C(=O)NC(=O)c1c(NC(=O)Cc2ccc3OCOc3c2)sc2CCCCc12,,C09522039,,0,0,0,0,0,0,0,1,1,0
S(CC(=O)Nc1cc(OC)cc(OC)c1)C=1Nc2cc(C)ccc2S(=O)(=O)N=1,,C09530173,,0,0,0,0,0,0,0,0,1,0
Clc1c(S(=O)(=O)N(CC(=O)N)c2ccc(Cl)cc2)cc([N+](=O)[O-])cc1,,C10445871,,0,0,0,0,0,0,0,0,0,0
Clc1cc(NC(=O)COC(=O)CN2C(=O)[C@@]3([C@@H](C)CCCC3)NC2=O)c(F)cc1,,C10693082,,0,0,0,0,0,0,0,0,0,0
Clc1cc(C(=O)Nc2cc(S(=O)(=O)NC3CC3)ccc2)c([N+](=O)[O-])cc1,,C12771157,,0,0,0,0,0,0,0,0,0,0
O=[N+]([O-])c1cc(C[C@@H]2C(=O)N(c3cc(C)ccc3)/C(=C(\C(=O)N)/C#N)/S2)ccc1,,C13810636,,0,0,0,0,0,0,0,0,0,0
S(=O)(=O)(NCC(=O)Nc1c(C)cc(C)cc1C)c1c(C)c(C)cc([N+](=O)[O-])c1,,C15329664,,0,0,0,0,0,0,0,1,0,0
ClC(Cl)(Cl)[C@@H](ON1C(=O)[C@@H](O)Oc2ccccc12)NC(OCC)=O,,C16682957,,0,0,0,0,0,0,0,0,0,0
S(CC(=O)N(C)C[C@H]1Oc2ccccc2OC1)c1n(N)c(-c2ccc(C)cc2)nn1,,C19315063,,0,0,1,0,0,0,0,1,0,0
O(C)C(=O)C1=C(N)N(C)c2ccccc2[C@@]21C(C(OC(C)(C)C)=O)=C(C)OC2=O,,C20569080,,0,0,0,0,0,0,0,0,0,0
O=C(Nc1c(OC)ccc(C)c1)c1c(C(=O)Nc2c(OC)ccc(C)c2)cn(C)n1,,C20617126,,0,0,1,0,0,0,0,1,0,0
O=C(NCc1n2CCCCCc2nn1)Nc1sc(Cc2cc(C)ccc2)nn1,,C23380437,,0,0,1,1,1,1,0,1,0,0
O=C(NN1C(=O)[C@](C)(c2ccc(OC)cc2)NC1=O)CN1CCCc2cc(C)ccc12,,C24773103,,0,0,0,0,0,0,0,0,0,0
Clc1ccc(NC(=O)CN2C(=O)[C@@](C)(Cc3ccc4OCOc4c3)NC2=O)cc1,,C24876846,,0,0,0,0,0,0,0,0,0,0
O=C(Nc1sc(CCCC)nn1)CN1C(=O)[C@]2(NC1=O)C[C@@H](C)CC(C)(C)C2,,C28459016,,0,0,1,0,0,0,0,0,0,0
Brc1ccc(-c2nn([C@@H](C)C(=O)NC(=O)NCCCC)nn2)cc1,,C31732402,,0,0,0,0,0,1,0,0,0,0
Oc1c(OC)cc(/C=N\NC(=O)CN2C(=O)c3c(sc4C[C@@H](C)CCc34)N=C2)cc1,,C31829117,,0,0,1,0,0,0,1,1,0,0
S(=O)(=O)(N1CCN(CC(=O)NC(=O)NC(C)C)CC1)c1c(C)c(C)cc(C)c1C,,C34863269,,0,0,0,0,0,0,0,0,0,0
S(=O)(=O)(N(C)CC(=O)Nc1cc(C)c(C)cc1)c1c(C)cc2NC(=O)[C@@H](C)Oc2c1,,C35452700,,0,0,0,0,0,0,0,1,0,0
O=C(Nc1ccc(C)cc1)CN(C)C(=O)CN1C(=O)[C@]2(NC1=O)C[C@@H](C)CC(C)(C)C2,,C36725587,,0,0,0,0,0,0,0,0,0,0
O([C@@H](C)C(=O)Nc1ccccc1)C(=O)CN1C(=O)[C@@]2(NC1=O)C[C@@H](C)CC(C)(C)C2,,C22302222,,0,0,0,0,0,0,0,0,0,0
OC1=Nc2c(-c3sccc3)cnn2[C@H](C(=O)Nc2ccc(C(OCC)=O)cc2)C1,,C39980014,,0,0,0,0,0,0,0,0,0,0
O=C(Nc1n(-c2ccccc2)nc(C(=O)Nc2c(C)n(C(C)C)nc2C)c1)CC,,C40745611,,0,0,1,0,0,0,1,1,0,0
O=C(Nc1n(Cc2ccc(CC)cc2)ncc1)CN1C(=O)C2(NC1=O)CCC(C)CC2,,C46542324,,0,0,0,0,0,0,0,0,0,0
S=C1N([C@@H](C)C(=O)Nc2ccc([N+](=O)[O-])cc2)C(=O)/C(=C/c2c(O)cccc2)/S1,,C47152372,,0,0,0,0,0,0,0,1,0,0
FC(F)(F)[C@H]1n2nc(C(=O)Nc3c(C)n(CC)nc3C)cc2N[C@@H](c2occc2)C1,,C00919809,,0,0,1,0,0,0,0,1,0,0
O(CC(=O)NNC(=O)[C@H]1Oc2ccccc2OC1)C(=O)c1c(C)c(C)c(C)c(C)c1C,,C57401351,,0,0,0,0,0,0,0,0,0,0
Fc1ccc(-n2c(C)c(/C=C/C(=O)NNc3c([N+](=O)[O-])cccc3)c(C)n2)cc1,,C15502578,,0,0,1,0,0,0,0,0,0,0
OC1=N[C@@H](c2ccc(C(OC)=O)cc2)Nc2sc3CN(C(OCC)=O)CCc3c12,,C06732665,,0,0,0,0,0,0,0,0,0,0
O=C(N[C@@H](C)C(=O)Nc1n(-c2nc(C)cc(C)n2)nc(C)c1)CC1CCCCC1,,C66660275,,0,0,1,0,0,0,0,0,0,0
S(=O)(=O)(C)c1c(F)cc(NC(=O)N[C@@H](C)c2cc([N+](=O)[O-])ccc2)cc1F,,C67353216,,0,0,0,0,0,0,0,0,0,0
Clc1c([C@@H]2C(C#N)=C(N)OC(C)=C2C(OCC)=O)cc2cc(C)ccc2n1,,C00925140,,0,0,0,0,0,0,0,0,0,0
Clc1c(OCC=C)ccc([C@@H]2C(C#N)=C(N)Oc3cc4OCOc4cc23)c1,,C02502503,,0,0,0,0,0,0,0,0,0,0
Clc1c(NC(=O)CN2C(=O)[C@](C)(c3ccccc3)NC2=O)c(C)cc(C)c1,,C04288965,,0,0,0,0,0,0,0,1,0,0
S=C(NC(=O)c1c(C)c([N+](=O)[O-])ccc1)Nc1ccc2ccccc2c1,,C01179676,,0,0,0,0,0,0,0,0,0,0
Brc1cc(C(OCC2=CC(=O)Oc3cc(O)ccc23)=O)c(O)cc1,,C06643691,,0,0,0,0,0,0,1,1,0,0
O=C(N[C@@H](C)c1ccc2CCCCc2c1)CN1C(=O)C2(NC1=O)CCCCC2,,C07829740,,0,0,0,0,0,0,0,0,0,0
S(=O)(=O)(Nc1ccc2O[C@@H](C)CNC(=O)c2c1)c1c(C)cc(C)c(C)c1,,C08961929,,0,0,0,0,0,0,0,1,0,0
S(Cc1onc(-c2c(C)cccc2)n1)c1nc(N)c2ccsc2n1,,C09157830,,0,0,1,0,0,0,1,1,1,0
O=C(Nc1c(Oc2ccc(C)cc2)cccc1)c1ccc2OCC(=O)Nc2c1,,C14141284,,0,0,0,0,0,0,0,1,0,0
O=C(NNC=1N(CC)C(=O)c2ccccc2N=1)[C@H]1[C@@H](C=C(C)C)C1(C)C,,C14246898,,0,0,1,0,0,0,0,1,0,0
Oc1cc([N+](=O)[O-])cc2[C@@H]3[C@@H]([C@@H](c4ccc(OCC)cc4)Nc12)CC=C3,,C14480582,,0,0,0,0,0,0,0,0,0,0
Oc1cc([N+](=O)[O-])cc2[C@@H]3[C@H]([C@H](c4c(OCC)cccc4)Nc12)CC=C3,,C14545383,,0,0,0,0,0,0,0,0,0,0
O=[N+]([O-])c1cc([C@H]2Nc3ccc(NC(=O)C(C)C)cc3[C@@H]3[C@@H]2CC=C3)ccc1,,C20705587,,0,0,0,0,0,0,0,0,0,0
Oc1ccc([N+](=O)[O-])c2[C@@H]3[C@H]([C@H](c4ccc(OCC)cc4)Nc12)CC=C3,,C14480569,,0,0,0,0,0,0,0,0,0,0
Oc1ccc([N+](=O)[O-])c2[C@@H]3[C@H]([C@@H](c4ccc(OCC)cc4)Nc12)CC=C3,,C14480568,,0,0,0,0,0,0,0,0,0,0
Oc1cc([N+](=O)[O-])cc2[C@H]3[C@H]([C@H](c4c(OCC)cccc4)Nc12)CC=C3,,C20748470,,0,0,0,0,0,0,0,0,0,0
S(Sc1nc(-c2ccccc2)[nH]n1)c1[nH]nc(-c2ccccc2)n1,,C08732281,,0,0,1,0,0,1,1,1,0,0
O(Cc1nc(N)c2c(sc3CCCCCc23)n1)C(=O)c1c(C)cco1,,C25854794,,0,0,0,0,0,0,1,1,0,0
Fc1ccc(-n2nc(C(=O)Nc3cccc4cn[nH]c34)c3CCCCc23)cc1,,C26918326,,0,0,0,0,0,0,1,1,0,0
Oc1c(/C=N\NC(=O)COc2ccccc2)c2c(oc3CCCCc23)cc1,,C32939182,,0,0,1,0,0,0,0,1,0,0
O=C(N[C@H](C)c1c(C)ccc(C)c1)CN1C(=O)[C@]2([C@@H](C)CCCC2)NC1=O,,C36728916,,0,0,0,0,0,0,0,0,0,0
O=C(N[C@H](C)c1c(C)ccc(C)c1)CN1C(=O)[C@@]2([C@@H](C)CCCC2)NC1=O,,C36728917,,0,0,0,0,0,0,0,0,0,0
Clc1c(NC(=O)NC=2C(=O)N(N(C)C=2C)c2ccccc2)ccc(Cl)c1,,C04908575,,0,0,1,0,0,0,0,0,0,0
Clc1c(/C=C/C=2S[C@@H]3NN[C@H]([C@@H]4N=NC(C(C)C)=C4)N3N=2)cccc1,,C38742713,,0,0,0,0,0,0,0,0,0,0
Oc1c(/C=N\NC(=O)[C@@H]2N=NC=3c4ccccc4CCC2=3)c2ccccc2cc1,,C38814721,,0,0,1,0,0,0,0,0,0,0
CC=1N=N[C@H]([C@H]2NN[C@H]3SCC(c4ccc(-c5ccccc5)cc4)=NN23)C=1,,C38971454,,0,0,0,0,0,0,0,0,0,0
O(C)c1c([C@H]2C(C#N)=C(N)OC3=NN=C(C(C)(C)C)[C@H]23)c2ccccc2cc1,,C00658921,,0,0,0,0,0,0,0,0,0,0
Fc1c(Oc2ccccc2)cc([C@@H]2C(C#N)=C(N)O[C@@H]3N=NC(C)=C23)cc1,,C39324592,,0,0,0,0,0,0,0,0,0,0
O=C(Nc1c(C(C)C)cccc1)CN1C(=O)[C@]2(NC1=O)C[C@@H](C)CC(C)(C)C2,,C36726132,,0,0,0,0,0,0,0,0,0,0
Oc1c(/C=N/NC(=O)[C@@H]2N=NC(c3cccc4ccccc34)=C2)cccc1,,C39922835,,0,0,1,1,0,0,0,1,0,0
Clc1c(N)c(Oc2n(-c3cc(Cl)c(Cl)cc3)nc(C)c2)nc(C)n1,,C40428561,,0,0,0,0,0,1,0,0,0,0
O=C(N[C@H](C)c1ccc2OCOc2c1)C(=O)Nc1ccc(C(C)(C)C)cc1,,C41236369,,0,0,0,0,0,0,0,0,0,0
O=C(NC1CC1)CN1CCN(C(=O)N[C@H]2[C@@H](C(C)(C)C)CCCC2)CC1,,C46025622,,0,0,0,0,0,0,0,0,0,0
Brc1ccc2cc(C(=O)Nc3cc([N+](=O)[O-])c(C)cc3)[nH]c2c1,,C46567828,,0,0,0,0,0,0,0,1,1,0
O=C(Nc1c(Cn2nccc2)cccc1)N1[C@H](C)c2[nH]c3ccccc3c2CC1,,C48076173,,0,0,1,0,0,1,1,1,0,0
Clc1cc([C@@H]2C(C(=O)Nc3c(C)cccc3)=C(C)Nc3n2ncn3)ccc1,,C00937562,,0,0,0,0,0,1,0,0,0,0
O=C(NNC1=C[C@H](c2ccccc2)Oc2ccccc12)c1ccc2OCOc2c1,,C03275621,,0,0,0,0,0,0,0,1,0,0
Clc1ccc([C@@H]2Nc3n([C@@H](c4ccccc4)C2)nc(NC(=O)CC)n3)cc1,,C01079632,,0,0,0,0,0,1,0,0,0,0
Clc1c(Cl)ccc(C(=O)/C=C/Nc2c(O)ccc([N+](=O)[O-])c2)c1,,C18284110,,0,0,1,0,0,0,0,1,0,0
O=C(CNc1c(OCC)cc(C)cc1)N1[C@@H](C)CC(=O)Nc2ccccc12,,C55878756,,0,0,0,0,0,0,0,1,0,0
O=C(N[C@H](C)[C@@H]1OCCC1)Nc1c(C)cc(Oc2ccc(C#N)cc2)cc1,,C56660534,,0,0,0,0,0,0,0,1,0,0
O=C(NNC=1N(CC)C(=O)c2ccccc2N=1)c1ccc(C(C)(C)C)cc1,,C09857130,,0,0,1,0,0,0,0,1,0,0
S(Cc1nc(N)c2ccccc2n1)c1nc(-c2occc2)nc2ccccc12,,C28619844,,0,0,1,0,0,0,1,1,0,0
Clc1c(C(=O)NCCc2c[nH]c3ccc(C)cc23)ccc([N+](=O)[O-])c1,,C59292204,,0,0,0,0,0,0,0,1,0,0
O=C(NN=C1CCCCCCCCCCC1)C(=O)NC[C@@H]1OCCC1,,C05480345,,0,0,0,0,0,0,0,0,0,0
O=C(Nc1c(C)cc(C)cc1)C=1[C@H](c2c(C)cccc2)N2NC=NC2=NC=1C,,C08609888,,0,0,0,0,0,0,0,0,0,0
Brc1cc(NC(=O)Nc2ccc3N(C(C)C)C(=O)Oc3c2)ccc1,,C46010541,,0,0,1,0,0,0,0,1,0,0
Clc1cc([N+](=O)[O-])c(C(=O)NCc2ccc3[nH]c(C)c(C)c3c2)cc1,,C65119805,,0,0,0,0,0,0,0,0,0,0
Clc1cc([N+](=O)[O-])c([O-])c(/C=[NH+]/C[C@@]2(O)CCCc3ccccc23)c1,,C66746010,,0,0,1,0,0,0,0,1,0,0
O=C(NNC(=O)c1cc(C)ccc1)N(CC)[C@@H](C)c1oc2ccccc2c1,,C67102664,,0,0,0,0,0,0,0,0,0,0
OCC=1OC=2[C@H](c3sccc3)C(C(OC)=O)=C(N)OC=2C(=O)C=1,,C01421787,,0,0,1,0,0,0,0,0,0,0
S([C@H]1[C@@H](O)[C@@H](O)[C@@H](O)[C@H](C)O1)c1c([N+](=O)[O-])cccc1,,C04763115,,0,0,0,0,0,0,0,0,0,0
Brc1cc(C(OCC(=O)NC(=O)N)=O)cnc1,,C03272558,,0,0,1,0,0,0,0,0,0,0
Clc1c(NC(=O)C(=O)NNC(=O)c2ccncc2)ccc(Cl)c1,,C05713557,,0,0,1,1,0,0,0,0,0,0
OCCNC(=O)C(=O)Nc1c(C#N)c2CC(C)(C)OCc2s1,,C06662343,,0,0,0,0,0,0,0,0,0,0
O(C)CCN1C(N)=C(c2c(C)sc(C)n2)C(=O)NC1=O,,C11566884,,0,0,1,0,0,0,0,1,0,0
S(=O)(=O)(N[C@@H](C)CO)c1ccc2OC(C)(C)C(=O)Nc2c1,,C12187660,,0,0,0,0,0,0,0,0,0,0
S(=O)(=O)(C)c1ccc(N[C@H](C)C(=O)NC(=O)NC)cc1,,C20304193,,0,0,0,0,0,0,0,0,0,0
O=C(Nc1sc(C)c(C)n1)CCC=1C(=O)NC(=O)NC=1C,,C23141939,,0,0,1,1,1,0,0,1,1,0
O=C(NNC(=O)[C@H]1CS(=O)(=O)CC1)NC1CCCC1,,C31027370,,0,0,0,0,0,0,0,0,0,0
O=C(NNC(=O)C=1NC(=O)c2ccccc2C=1)[C@@H]1OCCC1,,C32259740,,0,0,1,0,0,0,0,1,0,0
Brc1ccc(N/N=C/2\C(=O)[C@H]([C@H](O)CO)OC\2=O)cc1,,C15775105,,0,0,0,0,0,0,0,0,0,0
O=C(N)CN1CCN(C(=O)Nc2c(C#N)c(CC)c(C)s2)CC1,,C34786101,,0,0,0,0,0,0,0,0,0,0
O=C(NCc1c[nH]nc1)c1c(C)c2C(=O)NC=Nc2s1,,C38006756,,0,0,1,0,0,0,0,1,1,0
Clc1cc(/N=C/2\N/C(=N\CCO)/C3=NC=N[C@H]3N\2)ccc1,,C38585784,,0,0,0,0,0,0,0,0,0,0
O=C(NC=1C(=O)N(CC)C(=O)N(CC2CCCCC2)C=1N)C,,C39125344,,0,0,0,0,0,0,0,0,0,0
S=C(N[C@@H]1NC(=S)N=N1)N[C@@H]1CS(=O)(=O)CC1,,C39287077,,0,0,0,0,0,0,0,0,0,0
O=C(C)N1C[C@H](C(=O)NC2CCC(C(=O)[O-])CC2)C2(C1)CC[NH2+]CC2,,C39657817,,0,0,0,0,0,0,0,0,0,0
S(=O)(=O)(N)c1ccc2N(C(=O)[C@H]3NC(=O)CC3)CCc2c1,,C40217487,,0,0,0,0,0,0,0,0,0,0
Clc1c(F)c(S(=O)(=O)NCc2onc(C)n2)cc(N)c1,,C40347315,,0,0,1,0,0,0,0,1,0,0
S(=O)(=O)(NC[C@H]1CS(=O)(=O)CC1)c1c(C#N)cc(N)cc1,,C40348728,,0,0,0,0,0,0,0,0,0,0
S(=O)(=O)(N)c1c(NC(=O)C=2OCCOC=2)cccc1,,C40381002,,0,0,0,0,0,0,0,0,0,0
Brc1cc([C@@H]([NH3+])c2nnn[n-]2)cc2OCCOc12,,C40397306,,0,0,0,0,0,0,0,0,0,0
O=C(Nc1scc(C(=O)N[C@H]2C(=O)NCCCC2)n1)C,,C42480591,,0,0,0,0,0,0,0,0,0,0
O/N=C(\N)/C1(C(=O)N(C)CC(=O)N2CCCC2)CCCC1,,C44785882,,0,0,0,0,0,0,0,0,0,0
O=C(NC)NC(C)(C)C(=O)NC[C@@H]1CS(=O)(=O)CC1,,C48890884,,0,0,0,0,0,0,0,0,0,0
S(=O)(=O)(N)c1c(C(=O)NC[C@H]2COCC2)c(C)oc1C,,C48978452,,0,0,0,0,0,0,0,0,0,0
O=C(NNC(=O)[C@@H]1N(C(=O)C)CCC1)NCCC(C)C,,C49161001,,0,0,0,0,0,0,0,0,0,0
O=C(NN[C@@H]1CS(=O)(=O)CC1)Nc1sc(C)c(C)n1,,C49206393,,0,0,1,0,0,0,0,0,0,0
O=C(NN[C@]1(C)CS(=O)(=O)CC1)Nc1cnccc1,,C49212383,,0,0,1,0,0,0,0,0,0,0
O=C(NN[C@]1(C)CS(=O)(=O)CC1)Nc1scc(C)n1,,C49212396,,0,0,1,0,0,0,0,0,0,0
O[C@@H](C)CN(C)C=1C(=O)N(C)C(=O)N(CC(C)C)C=1N,,C49776533,,0,0,1,1,0,0,0,0,0,0
O=[N+]([O-])c1c(C(=O)NCc2sc(C)nc2)cc(N)cc1,,C50708494,,0,0,1,0,0,0,0,1,0,0
Brc1cc(C(=O)N(C)Cc2cn(C)nc2)c(NN)nc1,,C51121250,,0,0,1,1,1,0,0,1,0,0
O=C([O-])[C@@H](NC(=O)N1[C@@H](C)C[C@H](C)CC1)Cc1[nH]c[nH+]c1,,C51749332,,0,0,0,0,0,0,0,0,0,0
S(=O)(=O)(N)c1c(C)c(NC(=O)[C@@H]2CN(C(C)C)C(=O)C2)ccc1,,C54343176,,0,0,0,0,0,0,0,0,0,0
O=C(N(C[C@H]1OCCC1)[C@@H]1CSCC1)c1nc(N)[nH]n1,,C55167683,,0,0,0,0,0,0,0,0,0,0
O=C(N(C)CC=1NC(=O)c2sccc2N=1)c1nc(N)sc1,,C55187283,,0,1,1,0,0,0,1,1,0,0
Clc1ccc(N2C(=O)/C(=C(/NCCO)\C)/C(=O)NC2=O)cc1,,C20289206,,0,0,0,0,0,0,0,1,0,0
S([C@H]1C(=O)N(C(CC)CC)C(=O)C1)c1nc(N)[nH]n1,,C36854672,,0,0,0,0,0,0,0,0,0,0
O(C)C(=O)NC(=O)CN1[C@H](C(=O)N)Cc2ccccc2C1,,C60942691,,0,0,0,0,0,0,0,0,0,0
S(=O)(=O)(N(C)CCO)c1c(C)cc2NC(=O)Nc2c1,,C62559167,,0,0,1,1,0,0,0,1,0,0
S(=O)(=O)(N[C@@H](C)CO)c1ccc2O[C@@H](C)C(=O)Nc2c1,,C62562189,,0,0,0,0,0,0,0,0,0,0
O[C@H](C)CNC(=O)[C@H]1ON=C(C2=C[C@@H]3N=CC=C3C=C2)N1,,C39958635,,0,0,0,0,0,0,0,0,0,0
OCC(NC(=O)[C@@H]1ON=C(C2=C[C@H]3N=CC=C3C=C2)N1)(C)C,,C39959169,,0,0,0,0,0,0,0,0,0,0
S(CC(=O)N[C@@H]1SC(C)=NN1)C=1NC(=O)N=C(C)C=1,,C39395720,,0,0,1,1,0,0,0,0,0,0
O=C(N)COc1ccc([C@H]2SCC(=O)N[C@@H]3N=NC(C)=C23)cc1,,C63807939,,0,0,0,0,0,0,0,0,0,0
O=C(NC1(C#N)CCCCCC1)CN1C[C@@H](C(=O)N)OCC1,,C51105342,,0,0,0,0,0,0,0,0,0,0
O=C1NCC2=N[C@@H](N)S[C@H]2[C@H](c2oc([C@H]3N=NC=C3)cc2)C1,,C65396979,,0,0,0,0,0,0,0,0,0,0
O=C(NC1[C@H]2C[NH+](C3CC3)C[C@@H]1CCC2)C(=O)Nc1scnn1,,C67414918,,0,0,1,0,0,0,0,0,0,0
S=C1SC(C(=O)NNC(=O)C)=C2NC(=O)c3ccccc3N12,,C02956470,,0,0,1,0,0,0,1,1,0,0
Brc1ccc(OCC(=O)NC=2C(=O)NC(=O)NC=2)cc1,,C00094238,,0,0,1,1,0,0,0,1,1,0
S(CC(=O)Nc1cccc2ccccc12)C=1N(N)C(=O)C=NN=1,,C04338035,,0,0,0,0,0,1,1,1,0,0
O=C(N)c1c(NC(=O)C2=NN(C)C(=O)C=C2)sc2CCCc12,,C02657080,,0,0,1,0,0,0,0,1,1,0
S(CC(=O)c1c[nH]c2ccccc12)C=1N(N)C(=O)C(C)=NN=1,,C03345978,,0,0,1,0,0,0,0,1,0,0
O[C@H](C)CNC(=O)C(=O)Nc1c(C#N)c2CC(C)(C)OCc2s1,,C06755202,,0,0,0,0,0,0,0,0,0,0
O=C(N)c1c(NC(=O)C2=NN(C)C(=O)C=C2)sc2CCCCc12,,C02641351,,0,0,1,0,0,0,0,1,1,0
Brc1ccc(/C=N/NC(=O)C=2C(=O)NC(=O)NC=2)cc1,,C00028194,,0,0,1,1,0,0,0,1,0,0
Cl[C@@H](C)C(=O)C1=C(N)N(c2cc(OC)ccc2)C(=O)NC1=O,,C11566854,,0,0,1,1,0,0,0,0,0,0
O=C(NC1CC1)[C@@H](C)N1C(=O)C(N)=CC(c2oc(C)cc2)=N1,,C12182870,,0,0,0,0,0,0,0,0,0,0
OCCn1nc(N)c2C(C)=C(C#N)C(=O)N(CC(C)C)c12,,C19945772,,0,0,1,0,0,0,0,1,0,0
Clc1cc(C(=O)NNC(=O)C[C@H]2CS(=O)(=O)CC2)[nH]c1,,C24130569,,0,0,0,0,0,0,0,0,0,0
O=[N+]([O-])c1c([O-])ccc([C@@H](C[NH3+])N2C[C@@H](C)O[C@@H](C)C2)c1,,C32053136,,0,0,0,0,0,0,0,0,0,0
O=C(NNC=1NC(=O)c2c(sc3COC(C)(C)Cc23)N=1)C,,C26954655,,0,0,1,0,0,0,0,1,0,0
Clc1cc([N+](=O)[O-])c(S(=O)(=O)[N-][C@@H]2[C@@H]([NH3+])C2)cc1,,C36263929,,0,0,0,0,0,0,0,0,0,0
S(=O)(=O)(C)N1CCC(Nc2n(C)nc(C)c2N)CC1,,C36828197,,0,0,1,1,0,0,0,0,0,0
OCCC#Cc1nc(NC(=O)C=2N=CC(=O)NC=2)ccc1,,C37550495,,0,0,1,1,0,0,0,1,0,0
O(C)c1cc(OC)cc([C@H]2C(C#N)=C(N)Nc3oc(C)nc23)c1,,C00125629,,0,0,0,0,0,0,0,0,0,0
OCc1cc(O)c2C(=O)C3=C(C(OC)=O)C=C[C@H](O)[C@@H]3Oc2c1,,C14719060,,0,0,1,0,0,0,0,0,0,0
S(=O)(=O)(Nc1c(C)cc(C)cc1)C=1C(=O)NC(=O)NC=1C,,C08588392,,0,0,1,1,0,0,0,1,0,0
O=C(NCC=1[C@@H](C)ONC=1C)C(=O)NC1=C[C@@H]2N=CC=C2C=C1,,C38598928,,0,0,0,0,0,0,0,0,0,0
Clc1c(Cl)cc(C(OCC(=O)NC(=O)N)=O)cn1,,C39587330,,0,0,1,0,0,0,0,0,0,0
Clc1cc(C(=O)N2CCN(S(=O)(=O)N)CC2)[nH]c1,,C40223169,,0,0,0,0,0,0,0,0,0,0
S(=O)(=O)(N)CCNC(=O)C=1Oc2ccccc2C(=O)C=1,,C40223437,,0,0,1,0,0,0,0,1,1,0
O=C([O-])[C@@H](NC(=O)N1CCCCCCC1)Cc1[nH]c[nH+]c1,,C40557961,,0,0,0,0,0,0,0,0,0,0
S(=O)(=O)(Nc1ccc2SCC(=O)Nc2c1)N1CCNCC1,,C40860975,,0,0,0,0,0,0,0,0,0,0
S(=O)(=O)([C@@H](C)C(=O)NCC)c1oc2cc(N)ccc2n1,,C42192635,,0,0,0,0,0,0,0,0,0,0
O=C(NNC(=O)c1sc2CC[C@@H](C)Cc2c1)NCC(=O)N(C)C,,C43715389,,0,0,0,0,0,0,0,0,0,0
O=C(NNC(=O)c1c(NC(=O)c2occc2)scc1)C,,C44453213,,0,0,0,0,0,0,0,1,0,0
Brc1cc(C(=O)NNC(=O)CN2C(=O)CCCC2)[nH]c1,,C44934149,,0,0,0,0,0,0,0,0,0,0
O=C(NC=1C(=O)N(C)C(=O)N(C[C@H]2CCC=CC2)C=1N)C,,C45819967,,0,0,1,1,0,0,0,0,0,0
S(=O)(=O)(N)c1oc(C(=O)Nc2scc(C)n2)cc1,,C47932923,,0,0,0,0,0,0,0,1,1,0
O=C(N)CN(C)C(=O)C(=O)Nc1c(C#N)c2CCCCc2s1,,C48035697,,0,0,0,0,0,0,0,0,0,0
O[C@@H](C)CNC(=O)C(=O)Nc1ccc2OC(C)(C)Oc2c1,,C48664163,,0,0,0,0,0,0,0,0,0,0
O=C(N[C@H](C)c1ccc2NC(=O)Nc2c1)c1snnc1,,C48792133,,0,0,0,1,0,0,0,1,0,0
O=C(N)N[C@@H](C)C(=O)N1CCN(Cc2ncsc2)CC1,,C48945388,,0,0,1,0,0,0,0,0,0,0
S(=O)(=O)([N-]c1sc(C#CC[NH3+])cn1)c1c(C)n(C)nc1C,,C50265003,,0,0,1,0,0,0,0,1,1,0
O=C(N(C)[C@@H]1CS(=O)(=O)CC1)c1c(N)c(CCC)[nH]n1,,C50322420,,0,0,0,0,0,0,0,0,0,0
O=C(N[C@H](C)c1n(C)cnn1)c1c(N(C)C)ccc(N)c1,,C50416729,,0,0,0,0,0,0,0,1,0,0
Clc1c(C(=O)N(C)[C@H]2CS(=O)(=O)CC2)nc(NN)cc1,,C51091017,,0,0,0,0,0,0,0,0,0,0
O=C1N(Cc2c(NN)snn2)C(=O)c2ccccc2C1,,C51147806,,0,0,0,0,0,0,0,1,0,0
O[C@@H]1[C@@H](NC(=O)c2c(C)oc3N=CNC(=O)c23)CCCC1,,C51991707,,0,0,1,0,0,0,0,1,0,0
O=C1CCCC=2N(c3n[nH]cn3)C(N)=C(C#N)[C@H](c3c(C)cccc3)C1=2,,C04503792,,0,0,0,0,0,0,0,0,0,0
S(CC(=O)N(C)c1ccc(N)cc1)C=1N(C)C(=O)NN=1,,C61592387,,0,0,1,0,0,0,0,1,0,0
O=C(N(C)C[C@@H]1Oc2ccccc2OC1)c1c(N)c[nH]n1,,C62811323,,0,0,0,0,0,0,0,1,0,0
O=C(NC1CC(C)(C)[NH2+]C(C)(C)C1)[C@H]1C(C(=O)[O-])=NC=N1,,C63526525,,0,0,0,0,0,0,0,0,0,0
O=C/1N(CC=C)C(=O)NC(=O)\C\1=C/1\NN[C@@H](c2sccc2)C\1,,C64788352,,0,0,0,0,0,0,0,1,0,0
O=C(NNC(=O)C[C@H]1N(C(=O)C)CCc2ccccc12)NCC,,C65190700,,0,0,0,0,0,0,0,0,0,0
O=C(NCc1noc(C)c1)NCC=1C(=O)NC(C)=CC=1C,,C65552977,,0,0,1,0,0,0,0,1,0,0
O[C@]1(CNC(=O)C(=O)Nc2scnn2)CCCc2ccccc12,,C67000334,,0,0,1,0,0,0,0,1,0,0
Ic1cc([N+](=O)[O-])c(C)c(N)c1,,C01688071,,0,0,0,0,0,0,0,0,0,0
O[C@@]1([C@@H]2C(=O)C[C@@H](C(C)(C)C)CC2)C(=O)Nc2ccccc12,,C12381362,,0,0,0,0,0,0,0,0,0,0
O=C(N)C=1/C(=N/C2CCCCC2)/Oc2ccccc2C=1,,C16956308,,0,0,0,0,0,0,0,1,0,0
O[C@@H]1[C@@]2(O)[C@@H]([C@]3(OC(=O)C)CCCCC[C@H]23)CCC1,,C17220190,,0,0,0,0,0,0,0,0,0,0
S(C)C=1N(N)C(=O)c2c(sc3C[C@@H](C)CCc23)N=1,,C19797110,,0,0,1,0,0,0,0,1,0,0
Fc1cc(N2C(=O)c3c(N)cccc3C2=O)c(C)cc1,,C20244310,,0,0,0,0,0,0,1,1,0,0
O=C(NCc1[nH]nc(C)c1)[C@@]12C(=C)C(C)(C)[C@@H](C1)CC2,,C20294854,,0,0,1,0,0,0,0,0,0,0
O=C/1N(C)c2ccc(N)cc2O\C\1=C\c1ccc(C)cc1,,C20338668,,0,0,0,0,0,0,1,1,0,0
O=C(N[C@@H]1[C@@H](C)CCCC1)c1c(C)c2C(=O)CCCc2[nH]1,,C21875459,,0,0,0,0,0,0,0,0,0,0
O=C1N(c2c(C)c(N)ccc2)C(=O)CC21CCCCCC2,,C35280910,,0,0,0,0,0,0,0,0,0,0
Clc1c(C)cc2OC(C)(C)C[C@@](N)(C(OC)=O)c2c1,,C36142405,,0,0,0,0,0,0,0,0,0,0
Fc1c(Oc2ncnc3sc(C)c(C)c23)ccc(N)c1,,C37064951,,0,0,1,0,0,0,1,1,0,0
O=C1N([C@H](C)c2cc(C)ccc2)C(=O)c2cccc(N)c12,,C37278337,,0,0,0,0,0,0,1,0,0,0
Clc1c(C)ccc(-n2c(N)cc(-c3c(C)occ3)n2)c1,,C37291332,,0,0,0,0,0,0,0,1,0,0
Clc1ccc2n(C)c(Cc3nc(N)sc3)nc2c1,,C37440247,,0,0,1,0,0,0,1,1,0,0
Clc1c(Oc2ncnc3sccc23)ccc(N)c1,,C36667389,,0,0,0,0,0,0,1,1,0,0
Nc1n(-c2ccccc2)nc(c1CC)-c1c(C)occ1,,C37507704,,0,0,0,0,0,0,0,0,0,0
Oc1ccc2[C@H](Nc3c(OC)cc(C)cc3)COc2c1,,C37783068,,0,0,0,0,0,0,0,1,1,0
O=C(N/N=C/c1c[nH]c2ccccc12)c1sccc1,,C00246643,,0,0,0,0,0,0,0,1,1,0
Oc1ccc2[C@@](NC3CCCCCC3)(C#N)COc2c1,,C37970092,,0,0,0,0,0,0,0,0,0,0
FC(F)(F)C1=NCCNC([C@@H]2C(=O)NC(=C)C=C2C)=C1,,C38787449,,0,0,0,0,0,0,0,0,0,0
O=C(N1C[C@@H](C)C[C@H](C)C1)c1oc2ccc(N)cc2c1,,C40294741,,0,0,0,0,0,0,0,0,1,0
O=C(N1CCCc2cccc(C)c12)c1n(C)cc(N)c1,,C40312911,,0,0,0,0,0,0,0,1,0,0
S(=O)(=O)(N1CCSc2ccccc12)c1c(N)cccc1,,C40324858,,0,0,0,0,0,0,0,1,0,0
O=C1N(c2ccc(N[C@H]3C[C@H]4CC[C@@H]3C4)cc2)CCN1,,C41092680,,0,0,0,0,0,0,0,0,0,0
O=C1N(Cc2c(C)cc(C)cc2C)c2cc(N)ccc2O1,,C41439220,,0,0,0,0,0,0,1,1,0,0
O=C1NC(=O)c2c(c(C)sc2N1)-c1ccc(C)cc1,,C41583490,,0,0,0,0,0,0,1,1,1,0
N=C1C(c2nc(-c3ccccc3)[nH]n2)=C(C)[C@H](C)S1,,C42013522,,0,0,0,0,0,0,0,0,0,0
Clc1c(N)c(-c2n(C3CC3)c(C)nn2)cc(Cl)c1,,C42031439,,0,0,1,1,0,0,0,1,0,0
O=C(NCCc1sccc1)/N=C/1\SC(C)=CN\1,,C43385650,,0,0,1,0,0,0,0,1,0,0
Nc1c(N2CCO[C@@H]3CCC[C@H]23)ccc2scnc12,,C43424564,,0,0,1,0,0,0,0,0,0,0
O=C(NC=1C(=O)C=CNC=1)c1sc2CCCCCc2c1,,C48597555,,0,0,1,0,0,0,0,1,0,0
O=C(N[C@H]1[C@@H](c2ccccc2)C1)/N=C\1/SC(C)=CN/1,,C49211536,,0,0,0,0,0,0,0,0,0,0
O=C(Nc1c(C)n[nH]c1)c1sc2CC[C@@H](C)Cc2c1,,C49476388,,0,0,1,0,0,0,0,1,0,0
Fc1c(-c2c(N)n(C)nc2-c2c(C)cco2)cccc1,,C49671816,,0,0,0,0,0,0,1,0,0,0
O(C)c1ccc(Cc2nc(N)c3CCCCc3n2)cc1,,C50846893,,0,0,1,0,0,0,0,1,0,0
Oc1cc(-c2nc(NCC)c3CCCCc3n2)ccc1,,C50865411,,0,0,1,1,0,1,0,1,1,0
O[C@@H]1[C@H](NC(=O)c2cccc3[C@H](C)[C@H](C)Oc23)CCCC1,,C51994986,,0,0,0,0,0,0,0,0,0,0
O=C1N(Cc2c(C)c(N)ccc2)c2ccccc2N=C1C,,C52099072,,0,1,0,0,0,0,1,1,0,0
O=C1C([C@@H]2[NH2+]CCc3ccccc23)=C([O-])c2ccccc2O1,,C20218671,,0,0,0,0,0,0,0,0,0,0
Nc1c(c(-c2ccc3OCCc3c2)no1)-c1sccc1,,C52902247,,0,0,0,0,0,1,1,1,1,0
O[C@H](c1occc1)c1cc(C)cc2C(C)(C)C(=O)Nc12,,C58092306,,0,0,0,0,0,0,0,1,0,0
O=C(N)c1sc(C(=O)N2CC[C@H](C)c3ccccc23)cc1,,C58438175,,0,0,0,0,0,0,0,1,0,0
Oc1c(/C=N/c2c(C#N)c3CCCc3s2)ccc(O)c1,,C00244042,,0,0,0,0,0,0,0,1,0,0
Fc1c(C)cc(N2C(=O)c3cc(N)ccc3C2=O)cc1,,C61118856,,0,0,0,0,0,0,1,1,0,0
Clc1c(CN2CCO[C@H]3CCCC[C@H]23)nc(N)cc1,,C61638855,,0,0,0,0,0,0,0,0,0,0
O=C1N(C)c2cc(C)cc(N)c2O[C@@H]1c1ccc(C)cc1,,C62558127,,0,0,0,0,0,0,0,1,0,0
Clc1c(N)c(Cl)c2N(C)C(=O)[C@H](C(C)C)Oc2c1,,C62560020,,0,0,0,0,0,0,0,0,0,0
Nc1c(N2CCC(C)(CC)CC2)cc2OCCOc2c1,,C62953213,,0,0,0,0,0,0,0,0,0,0
OC1=Nc2n[nH]cc2[C@@H](c2ccc(C(C)C)cc2)SC1,,C20745640,,0,0,1,0,0,0,0,0,1,0
O=C(Nc1ccc(C)cc1)CN(C)C(=O)CN1C(=O)[C@@](C)(c2ccc(C(C)(C)C)cc2)NC1=O,,C08946819,,0,0,0,0,0,0,0,0,0,0
S(=O)(=O)(N)c1ccc2N(CCOCC)/C(=N/S(=O)(=O)c3ccc(F)cc3)/Sc2c1,,C08967005,,0,0,0,0,0,0,0,0,0,0
S(CC(=O)N1[C@H](c2occc2)CC(c2ccc(C)cc2)=N1)c1n(N)c(C2CCCCC2)nn1,,C08985827,,0,0,0,0,0,0,0,0,0,0
Clc1ccc([C@@]2(C)C(=O)N(CC(=O)N[C@H](C(C)C)c3ccc4OCCOc4c3)C(=O)N2)cc1,,C08993754,,0,0,0,0,0,0,0,0,0,0
S(=O)(=O)(Nc1ccc2N(CC=C)C(=O)C(C)(C)COc2c1)c1ccc(NC(=O)CC)cc1,,C09167134,,0,0,0,0,0,0,0,0,0,0
Clc1c(NC(=S)NC(=O)c2cc(OC)cc(OC)c2)cc2nn(-c3ccccc3)nc2c1,,C09190420,,0,0,1,0,0,0,1,1,0,0
O(CC(=O)NC(=O)Nc1c(C)cc(C)cc1)C(=O)c1c(C(=O)N(C)c2ccccc2)cccc1,,C09702830,,0,0,0,0,0,0,0,0,0,0
S(=O)(=O)(N)c1ccc2N(CCOCC)/C(=N/C(=O)c3ccc(N(C)C)cc3)/Sc2c1,,C09724487,,0,0,0,0,0,0,0,1,0,0
S(=O)(=O)(Nc1ccc(C)cc1)c1ccc(NC(=O)CCN2C(=O)Oc3ccccc23)cc1,,C09187823,,0,0,1,0,0,0,1,1,0,0
Ic1c(NC(=O)COC(=O)c2cc([N+](=O)[O-])c(NC)cc2)cccc1,,C09924158,,0,0,0,0,0,0,0,1,0,0
Clc1c(Cl)cccc1-c1oc(C(OCC(=O)N2C[C@H](C(=O)N)Oc3ccccc23)=O)cc1,,C10684477,,0,0,0,0,0,0,0,1,0,0
Brc1ccc2N=C(SCc3nc(N)nc(N(C)C)n3)N(CC(C)C)C(=O)c2c1,,C10974002,,0,0,1,1,0,0,1,1,0,0
O=C(Nc1n(C=2NC(=O)C(CC)=C(C)N=2)nc(-c2sccc2)c1)Cc1ccc(OC)cc1,,C11855140,,0,0,1,0,0,0,1,1,0,0
O=C(Nc1n(C=2NC(=O)C=3CCCCC=3N=2)nc(-c2sccc2)c1)COc1c(C)cccc1,,C11855967,,0,0,0,0,0,1,1,0,0,0
O[C@@]12CCN(C(=O)CNC(=O)COc3c(C)c4OC(=O)C=C(CCC)c4cc3)C[C@H]1CCCC2,,C11866999,,0,0,1,0,0,1,0,1,0,0
Brc1c(C(=O)Nc2n(C=3NC(=O)C=C(CCC)N=3)nc(-c3occc3)c2)cccc1,,C12007232,,0,0,1,0,0,1,0,0,0,0
O[C@@]1(C)N(CCN2[C@](O)(C)[C@@](C)(Cc3ccccc3)OC2=O)C(=O)O[C@@]1(C)Cc1ccccc1,,C12402036,,0,0,0,0,0,0,0,0,0,0
S(Cc1nc(N)c2c(C)c(C(OCC)=O)sc2n1)c1n(c(C)nn1)-c1c(C)cccc1,,C12475521,,0,0,1,0,0,0,1,0,0,0
O=C(N[C@H](c1sccc1)c1ccccc1)CN1C(=O)[C@@](C)(c2ccc3OCOc3c2)NC1=O,,C13164760,,0,0,0,0,0,0,0,0,0,0
O=C(N[C@@H](C)c1ccc2OCCOc2c1)CN1C(=O)[C@](C)(c2ccc(CCC)cc2)NC1=O,,C14367940,,0,0,0,0,0,0,0,0,0,0
Ic1ccc(NC(=O)CCC(=O)N/N=C/c2ccc([N+](=O)[O-])cc2)cc1,,C03083725,,0,0,0,0,0,0,0,1,0,0
Brc1cc(C(O[C@@H](C)C(=O)NC=2C(=O)N(N(C)C=2C)c2ccccc2)=O)c(O)cc1,,C15181030,,0,0,1,0,0,0,0,0,0,0
O([C@@H](C)C(=O)Nc1ccc2C(=O)c3ccccc3C(=O)c2c1)C(=O)c1c(NC)snc1C,,C16554064,,0,0,1,0,0,0,1,1,0,0
O=C(N[C@@H](C(C)C)c1ccc2OCCCOc2c1)CN1C(=O)[C@@](CC)(c2ccccc2)NC1=O,,C18415733,,0,0,0,0,0,0,0,0,0,0
O=C(N[C@H](C(C)C)c1ccc2OCCCOc2c1)CN1C(=O)[C@](CC)(c2ccccc2)NC1=O,,C18415735,,0,0,0,0,0,0,0,0,0,0
O([C@@H](C)C(=O)NC=1C(=O)N(N(C)C=1C)c1ccccc1)C(=O)c1ccc2[nH]c3CCCCc3c2c1,,C20853316,,0,0,0,0,0,0,0,0,0,0
O(Cc1nc(N)c2c(sc3CCCCCc23)n1)C(=O)CCC=1N(C)c2ccccc2C(=O)N=1,,C21977610,,0,0,1,0,0,0,1,1,0,0
S(CC(=O)C(C#N)=C1Nc2ccccc2N1)c1n(Cc2ccccc2)c(-c2occc2)nn1,,C06017277,,0,0,1,0,0,0,1,0,0,0
S(CC(=O)NC(=O)Nc1ccc(C)cc1)c1n(C[C@@H]2OCCC2)c(-c2sccc2)nn1,,C25629132,,0,0,1,0,0,0,0,1,0,0
Clc1c(C)c(NC(=O)COC(=O)CN2C(=O)C3(NC2=O)CCC(C(C)(C)C)CC3)ccc1,,C32828376,,0,0,0,0,0,0,0,0,0,0
S(CC(=O)N1[C@H](c2sccc2)CC(c2occc2)=N1)c1n(N)c(-c2ccc(C)cc2)nn1,,C32856234,,0,0,0,0,0,0,0,0,0,0
Fc1ccc(CNC(=O)CN2C(=O)C3(N(c4ccccc4)C2)CCN(C(=O)NCC)CC3)cc1,,C35758701,,0,0,0,0,0,0,0,0,0,0
Oc1ccc([C@H](N(C(=O)c2cc([N+](=O)[O-])ccc2)C2CCCCC2)C(=O)NC(C)(C)C)cc1,,C36490968,,0,0,0,0,0,0,0,0,0,0
Oc1cc([C@H](N(C(=O)c2ccc([N+](=O)[O-])cc2)C2CCCCC2)C(=O)NC(C)(C)C)ccc1,,C36492579,,0,0,0,0,0,0,0,0,0,0
Clc1ccc([C@@]2(CC)C(=O)N(CC(=O)Nc3c(C(OC)=O)c(C)c(C)s3)C(=O)N2)cc1,,C36876028,,0,0,0,0,0,0,0,0,0,0
O=C(NCC(=O)Nc1c(OC)ccc(C)c1)COc1ncnc2sc3C[C@@H](C)CCc3c12,,C39562081,,0,0,1,0,0,0,1,1,0,0
Clc1c(NC(=O)[C@@H](OC(=O)CN2C(=O)C3(NC2=O)CCC(CC)CC3)C)cc(Cl)cc1,,C39575513,,0,0,0,0,0,0,0,0,0,0
Clc1c(NC(=O)COC(=O)CN2C(=O)[C@@]3(NC2=O)C[C@@H](C)CC(C)(C)C3)c(Cl)ccc1,,C22039237,,0,0,0,0,0,0,0,0,0,0
Clc1c(/C=C/C(OCC(=O)NC(=O)NC23CC4CC(C2)CC(C3)C4)=O)n2C=CSc2n1,,C39607626,,0,0,1,0,0,0,0,1,0,0
Clc1c(C)cc(O)c(-c2n[nH]c3C(=O)N(CCOC)[C@H](c4cc(OC)c(OC)cc4)c23)c1,,C39914051,,0,0,0,0,0,0,1,0,0,0
Clc1n(Cc2ccc(C)cc2)nc(C)c1C(O[C@H](C)C(=O)NC(=O)Nc1ccccc1)=O,,C45633126,,0,0,0,0,0,0,1,0,0,0
Oc1c(OC)cc(/C=C\2/C(=O)N(Cc3occc3)/C(=N\N=C/c3ccc(O)cc3)/S/2)cc1,,C47137332,,0,0,0,1,1,0,0,1,0,0
O=C(Nc1n(Cc2cccc3ccccc23)ncc1)CN1C(=O)[C@](C)(c2ccc(C)cc2)NC1=O,,C59282397,,0,0,0,0,0,1,0,1,0,0
O=C(NNC(=O)c1n(Cc2sccc2)ccc1)c1nn(c(-c2ccccc2)n1)-c1ccccc1,,C59853431,,0,0,0,0,0,0,0,0,0,0
S(Cc1oc(C2CCC2)nn1)c1nc(N/N=C/c2c3ccccc3cc3ccccc23)[nH]n1,,C59879681,,0,0,1,1,0,1,1,1,0,0
S(CC(=O)N(C)CC1=CC(=O)Nc2ccccc12)[C@@H]1N(c2ccc(C(C)C)cc2)N=NN1,,C39980066,,0,0,0,0,1,0,0,1,0,0
Clc1c(C)cc(N2[C@H](SCC(=O)Nc3c(OC)cccc3)N=C3N=NC(C)=C3C2=N)cc1,,C63731552,,0,0,0,0,0,0,0,1,0,0
S(CC1=NC(=O)C2=C(C)[C@H](C(=O)Nc3c(C)cc(C)cc3)SC2=N1)c1[nH]nc(CCC)n1,,C64181720,,0,0,1,0,0,0,0,1,0,0
Clc1cc(NC(=O)CN2C(=O)C=C(CC(OC)=O)Nc3cc(C)c(C)cc23)c(OC)cc1,,C64869414,,0,0,0,0,0,0,0,1,0,0
O=C(Nc1cc(C(C)C)ccc1)CN1C(=O)N2C=C(C(=O)NCc3ccc(C)cc3)C=CC2=N1,,C65100381,,0,0,1,0,0,0,1,1,0,0
S([C@H](C)C(=O)N1CCc2ccccc2C1)c1n(N)c(-c2occc2)nn1,,C04538047,,0,0,1,0,0,0,1,0,0,0
O[C@H]1[C@@H](NC(=O)C)[C@@H](Oc2ccc3ccccc3c2)O[C@@H]2COC(C)(C)O[C@H]12,,C04546294,,0,0,0,0,0,0,0,0,0,0
Brc1cc(C(=O)NNC(=O)c2cc([N+](=O)[O-])ccc2)ccc1,,C02755903,,0,0,0,0,0,0,0,1,0,0
Brc1ccc(C(=O)NNC(=O)c2cc([N+](=O)[O-])ccc2)cc1,,C03151240,,0,0,0,0,0,0,0,1,0,0
OC[C@@]1([C@@H]2Oc3cc(OC)c4C(=O)c5cccc(O)c5Oc4c3C2)OC1,,C05767592,,0,0,1,0,0,0,1,1,0,0
O=C(NN1C(=O)C2(NC1=O)CCCCC2)CN1[C@H](C)Cc2ccccc12,,C06832007,,0,0,0,0,0,0,0,0,0,0
O=C(N[C@@H](C)c1occc1)CN1C(=O)[C@@]2(NC1=O)CCCc1ccccc21,,C07185774,,0,0,0,0,0,0,0,0,0,0
O=C(NN1C(=O)C2(NC1=O)CCC(C)CC2)CN1CCCc2ccccc12,,C07115047,,0,0,0,0,0,0,0,0,0,0
Fc1c([N+](=O)[O-])cc(NC(=O)C[C@H]2C(=O)Nc3ccccc3S2)cc1,,C08079882,,0,0,0,0,0,0,0,1,0,0
O[C@@H]1[C@H](Oc2c(C)cc(C)cc2)O[C@H]2CO[C@H](c3occc3)O[C@@H]2[C@H]1O,,C08301920,,0,0,0,0,0,0,0,0,0,0
O[C@H]1[C@H](Oc2c(C)ccc(C)c2)O[C@H]2CO[C@H](c3occc3)O[C@@H]2[C@H]1O,,C08302198,,0,0,0,0,0,0,0,0,0,0
O=C(Nc1cccc2cccnc12)CCN1C(=O)C2(NC1=O)CCCCC2,,C08326737,,0,0,0,0,0,0,0,0,0,0
O=C(Nc1c(C(=O)C)cccc1)CN1C(=O)[C@]2(NC1=O)CCc1ccccc21,,C03594715,,0,0,0,0,0,0,0,0,0,0
S(Cc1nc(N)c2c(sc3CCCCc23)n1)c1ncnc2n(C)ncc12,,C11495084,,0,0,1,0,0,0,1,1,0,0
S([C@@H](C)C(=O)NC(=O)NC)c1nc(-c2occc2)nc2ccccc12,,C12900837,,0,0,1,0,0,0,1,1,0,0
O(C)Cc1c(C(=O)Nc2ccc3O[C@@H](C)C(=O)Nc3c2)oc2ccccc12,,C13004845,,0,0,0,0,0,0,1,1,0,0
O=C(N)CN1C(=O)N(c2c(C)cccc2)C(=O)c2n(C)c3ccc(C)cc3c12,,C21871770,,0,0,0,0,0,0,1,1,0,0
Clc1c([N+](=O)[O-])cc(NC(=O)C=2C(=O)c3cc(Cl)ccc3NC=2)cc1,,C32604986,,0,0,1,0,0,0,1,1,0,0
Fc1cccc2c(C)c(C(=O)NNC(=O)[C@@H]3Oc4ccccc4OC3)oc12,,C32718835,,0,0,0,0,0,0,0,0,0,0
S(=O)(=O)(C)c1nc(-c2ccccc2)c2c(N)n(-c3ccccc3)nc2n1,,C35928329,,0,0,1,0,0,1,1,1,0,0
O=C(NC1(C#N)CCCCC1)CN1C(=O)[C@]2(NC1=O)CCc1ccccc21,,C07019416,,0,0,0,0,0,0,0,0,0,0
O=C/1N(c2ccccc2)C(=O)NC(=O)\C\1=C/Nc1sc2cc(C)ccc2n1,,C06863212,,0,0,0,0,0,0,1,1,0,0
O=C1N(CC)c2ccccc2[C@]21C(C#N)=C(N)OC1=NN=C(c3ccccc3)[C@H]21,,C01272258,,0,0,0,0,0,0,0,0,0,0
O(C)CC=1N=N[C@@H]2OC(N)=C(C#N)[C@@H](c3c(OC)ccc4ccccc34)C=12,,C39940556,,0,0,0,0,0,0,0,0,0,0
O=C(NNC(=O)c1nn(-c2ccccc2)c2CCCCCc12)c1c(C)occ1,,C40140388,,0,0,0,0,0,0,0,0,0,0
Clc1c(NC(=O)C=2C(=O)c3cccc(F)c3NC=2)ccc([N+](=O)[O-])c1,,C41055665,,0,0,1,0,0,0,1,1,0,0
O=C(Nc1c(OC)ccc(OC)c1)[C@]1(C)C(=O)Nc2cc(C)ccc2O1,,C41548146,,0,0,0,0,0,0,0,1,0,0
Brc1cc(N2C(=O)NC(Nc3noc(C)c3)=CC2=O)ccc1,,C44019488,,0,0,1,0,0,0,1,1,1,0
O[C@H]1[C@H](Oc2ccc(OC)cc2)O[C@@H]2CO[C@H](c3ccccc3)O[C@@H]2[C@@H]1O,,C44075558,,0,0,0,0,0,0,0,0,0,0
O[C@H]1[C@H](OC(=O)c2ccccc2)[C@@H](O)[C@H]2O[C@@H](c3ccccc3)OC[C@H]2O1,,C44167303,,0,0,0,0,0,0,0,0,0,0
O[C@H]1[C@H](OC(=O)c2ccccc2)[C@@H](O)[C@H]2O[C@@H](c3ccccc3)OC[C@@H]2O1,,C44167315,,0,0,0,0,0,0,0,0,0,0
O=C(NC(=O)[C@@H](C)N1CCN(C(=O)C(C)C)CC1)Nc1c(C)cc(C)cc1,,C46560684,,0,0,0,0,0,0,0,0,0,0
O=C(N[C@H](C)c1oc2ccccc2c1)C(=O)Nc1ccc2OCCOc2c1,,C49202483,,0,0,1,0,0,0,0,1,0,0
FC(F)(F)[C@@H]1n2nc(C(=O)Nc3cnccc3)cc2N[C@@H](c2occc2)C1,,C00919510,,0,0,1,0,0,0,0,1,1,0
O=C1C[C@H](c2occc2)CC=2Nc3n([C@H](c4c[nH]c5ccccc45)C1=2)nc(C)n3,,C04945118,,0,0,1,0,0,0,0,0,0,0
Clc1ccc(-c2c(COC)nn3C(=O)C=C([C@@H]4CC(=O)NC4)Nc23)cc1,,C23505245,,0,1,1,0,0,0,1,1,0,0
O(CC)C(=O)N1CCN(C(=O)NC2[C@H]3C[NH+](C4CC4)C[C@@H]2CCC3)CC1,,C56806572,,0,0,0,0,0,0,0,0,0,0
S(C)c1ccc([C@@H]2[NH+]=C(N3CCOCC3)N=C3NC(=C)C=C([O-])N23)cc1,,C51068162,,0,0,0,0,0,0,0,0,0,0
S(CC=C)C=1NC(=O)C=2[C@@H](c3ccc4OCOc4c3)CC(=O)NC=2N=1,,C04944456,,0,0,1,0,1,0,0,0,1,0
O=C(NC(=O)CN1C(=O)c2cc(CC)sc2N=C1)N[C@H]1[C@H](C)CCCC1,,C57954167,,0,0,1,0,0,0,0,0,0,0
S(=O)(=O)(N)c1ccc2N(Cc3c([N+](=O)[O-])ccc(F)c3)[C@@H](C)Cc2c1,,C52283687,,0,0,0,0,1,0,0,0,0,0
S(=O)(=O)(NC)c1cn(C)c(C(=O)Nc2sc3cc(C)cc(C)c3n2)c1,,C29769984,,0,0,0,0,0,0,1,1,0,0
Clc1c(N/C=C\2/C(=O)N(c3ccc(OC)cc3)C(=O)NC/2=O)cccc1,,C09324282,,0,0,0,0,0,0,0,1,0,0
O=C1N=C(N2CCCCC2)NC=2NC=3CCCC(=O)C=3[C@@H](c3occc3)C1=2,,C22607092,,0,0,0,0,0,0,0,0,0,0
S(C)c1ccc([C@@H]2[NH+]=C(N3CCN(C)CC3)N=C3NC(=C)C=C([O-])N23)cc1,,C49937799,,0,0,0,0,0,0,0,0,0,0
O=C1N(CC=C)c2ccccc2[C@@]21C(C#N)=C(N)OC1=NN=C(C(C)C)[C@H]21,,C06733523,,0,0,0,0,0,0,0,0,0,0
O=C(NNC(=O)C1=NN=C(c2occc2)C1)[C@@H]1SC=2CCCCCC=2C1,,C64025694,,0,0,0,0,0,0,0,0,0,0
S=C1N(C)C(C)=C(C(=O)Nc2cc(OC)ccc2)[C@H](c2nnsc2)N1,,C67028260,,0,0,0,1,0,0,0,1,0,0
O=C(Nc1scc(C)n1)c1cc(N2C(=O)[C@@H]3CC=CC[C@@H]3C(=O)N2)ccc1,,C67205699,,0,0,1,0,0,0,0,0,0,0
O=C(N[C@@H](C)C(=O)N1[C@@H](C)CCCC1)Nc1ccc2N(C(=O)C)CCCc2c1,,C67551012,,0,0,0,0,0,0,0,0,0,0
Brc1c(C)n(CC(=O)N)nc1[N+](=O)[O-],,C00978161,,0,0,0,0,0,0,0,0,0,0
S(C)c1ncnc2n([C@@H]3[C@@H](O)CO[C@@H](O)C3)cnc12,,C04887506,,0,0,1,0,0,0,0,1,0,0
S(CC(=O)Nc1noc(C)c1)C1=NC(=O)NC(C)=C1,,C04314691,,0,0,1,0,0,0,0,1,1,0
O=C(NNC(=O)c1c(C)oc(C)c1)[C@H]1Oc2ccccc2OC1,,C03429640,,0,0,0,0,0,0,0,1,0,0
O=C(N[C@]1(C)CS(=O)(=O)CC1)N[C@]1(C)CS(=O)(=O)CC1,,C04110814,,0,0,0,0,0,0,0,0,0,0
OC=1/C(=C/NN2CCCCC2)/C(=O)N(CC=C)C(=O)N=1,,C06780766,,0,0,0,0,0,0,0,0,0,0
Clc1ccc2N=CN(CC(=O)NC(=O)NC)C(=O)c2c1,,C07440860,,0,0,1,0,0,0,0,0,0,0
O=C(Nc1sc(C)nn1)C(=O)Nc1sc2CCCCc2n1,,C08275785,,0,0,1,0,0,0,0,1,0,0
O=C(NNC(=O)c1cnccc1)[C@@H]1[C@H](C)Oc2ccccc2O1,,C14287127,,0,0,1,0,0,0,0,1,0,0
O(C(C)(C)C)C(=O)N1CCC2(C(=O)NC(=O)N2)CC1,,C22052895,,0,0,0,0,0,0,0,0,0,0
O=C(N[C@H](C)c1occc1)CN1C(=O)NC(=O)C=C1,,C25260803,,0,0,1,1,0,0,0,1,0,0
ClCc1oc(-c2oc(S(=O)(=O)N)cc2)nn1,,C32500933,,0,0,1,0,0,0,0,1,0,0
S(=O)(=O)(N(CC#N)CC#N)c1c(C#N)cc(N)cc1,,C37053630,,0,0,0,0,0,0,0,0,0,0
O=C([C@H](NC(=O)C1=NNC(=O)CC1)C)N1CCCCC1,,C37791643,,0,0,0,0,0,0,0,0,0,0
Clc1n(C)nc(C)c1/C=C/C(=O)NCc1n[nH]cn1,,C37920802,,0,0,1,0,0,0,0,1,0,0
O=P1([O-])OC[C@@H]2[NH+](N1)C[C@@H]1C=C(OC)C(OCC)=C[C@@H]1C2,,C39469205,,0,0,0,0,0,0,0,0,0,0
O=C(N[C@@H]1C(=O)NCCCC1)c1nn(-c2ccccc2)nc1,,C40522135,,0,0,1,0,0,1,0,1,0,0
S(CC(=O)N)c1n(C)c(-c2n(C)nc(C)c2)nn1,,C41334457,,0,0,1,0,0,0,0,1,1,0
N(Cc1c(C)[nH]nc1C)c1ncnc2n(C)nc(C)c12,,C41471672,,0,1,1,0,0,1,1,1,1,0
Clc1n(C)cnc1S(=O)(=O)N[C@H](C)C(=O)NC,,C42350316,,0,0,0,0,0,0,0,0,0,0
O=C(NC[C@H]1[NH+](C)CCCC1)N1C[C@@H](C(=O)[O-])OCC1,,C44565519,,0,0,0,0,0,0,0,0,0,0
O=C(NN1C(=O)C2(NC1=O)CCC(C)CC2)C[C@H]1OCCC1,,C47055101,,0,0,0,0,0,0,0,0,0,0
O=C(NC=1C(=O)C=CNC=1)C1=NN(CCC)C(=O)C=C1,,C47930090,,0,0,1,0,0,0,0,1,0,0
O=C(NC=1C(=O)C=CNC=1)c1ccc2n(CC)nnc2c1,,C47930094,,0,0,1,1,0,0,0,1,0,0
O=C(N(C)CC=1NC(=O)c2sccc2N=1)c1n[nH]cc1,,C48030562,,0,1,1,0,0,0,1,1,1,0
O=[N+]([O-])c1c(C)cc(C(=O)N[C@H](C)C(=O)NC)cc1,,C48811607,,0,0,0,0,0,0,0,0,0,0
O(C)[C@@H](C)C(=O)NNC(=O)[C@@H]1Oc2ccccc2OC1,,C49104438,,0,0,0,0,0,0,0,0,0,0
O=C(NCc1n(C)cnn1)Nc1scc(C2CC2)n1,,C49209502,,0,0,1,1,0,0,0,1,1,0
FC(F)(F)c1nn2[C@H]3C[C@@](O)(Nc2n1)[C@@H]1OC[C@H]3O1,,C04772841,,0,0,1,0,0,0,0,0,0,0
S(=O)(=O)(N(C)C1CC1)c1c([N+](=O)[O-])cc(N)cc1,,C50651863,,0,0,0,0,0,0,0,0,0,0
O=[N+]([O-])c1cc(CN2S(=O)(=O)CCC2)c(N)cc1,,C50829546,,0,0,0,0,0,0,0,0,0,0
S(=O)(=O)(N)c1n(-c2nc(C)cc(C)n2)nc(C)c1,,C52306756,,0,0,0,0,0,0,0,1,1,0
OC[C@]1(NC=2C(=O)N(C)C(=O)N(C)N=2)C[C@@H](C)CCC1,,C53110025,,0,0,1,0,0,0,0,0,0,0
O=C(Nc1cccc2CN(CC(=O)N3C(=O)NCC3)CCc12)C,,C54390312,,0,0,0,0,0,0,0,0,0,0
O=C(NN1C(=O)[C@@](C)(c2ccccc2)NC1=O)[C@@H]1OCCC1,,C57336976,,0,0,0,0,0,0,0,0,0,0
Oc1ccc(C(O[C@H](C)C(=O)N2C(=O)NCC2)=O)cc1,,C29994518,,0,0,0,0,0,0,0,0,0,0
[NH2+](Cc1cccc2OCCCOc12)[C@@H](C)c1nnn[n-]1,,C44925216,,0,0,1,1,0,0,0,1,0,0
O(CC(C)C)C(=O)N1CCC2(C(=O)NC(=O)N2)CC1,,C60481510,,0,0,0,0,0,0,0,0,0,0
S(=O)(=O)(NCC)Nc1ccc2N(C)C(=O)Oc2c1,,C62220667,,0,0,1,0,0,0,0,1,1,0
S(=O)(=O)(C(C)C)c1c(N)n(-c2sccn2)nn1,,C62425608,,0,0,1,0,0,0,0,1,0,0
O/N=C/1\COc2cc(O[C@H]3[C@H](O)CS(=O)(=O)C3)ccc\12,,C62805600,,0,0,0,0,0,0,0,0,0,0
O=C(Nc1noc(C)c1)C[NH+]1C[C@](C)(C(=O)[O-])CCC1,,C62877046,,0,0,1,0,0,0,0,0,0,0
O=C([O-])[C@]1(Cc2n(-c3ccccc3)nnn2)C[NH2+]CC1,,C62878945,,0,0,1,0,0,1,0,1,1,0
Nc1nc(CN(C)Cc2occc2)nc2n(C)ncc12,,C63078166,,0,0,1,0,0,1,1,1,0,0
Oc1cc([C@H]2CC(O)=NC=3N(C)C(=O)N(C)C(=O)C2=3)ccc1,,C08594208,,0,0,1,1,0,0,0,0,1,0
O=C(NC1CC(C)(C)[NH+](C)C(C)(C)C1)[C@@H]1C(C(=O)[O-])=NC=N1,,C63526731,,0,0,0,0,0,0,0,0,0,0
S(CC=1N[C@H]2N(C(=O)C=1)OC(C)=C2)c1[nH]ncn1,,C63647064,,0,0,0,0,0,0,0,0,0,0
Fc1ccc([C@H]2NNC(=C3C(=O)N(C)C(=O)N(C)C3=O)C2)cc1,,C64788311,,0,0,0,0,0,0,0,0,0,0
O=C(Nc1cnccc1)c1c(C)oc2N=CNC(=O)c12,,C65329788,,0,0,1,0,0,1,1,1,0,0
O=C(NNC(=O)c1cccc2OCCOc12)[C@H]1OCCC1,,C67164091,,0,0,1,0,0,0,0,0,0,0
S(CC(=O)Nc1sccn1)c1nnc2c([nH]c3ccccc23)n1,,C00052385,,0,1,1,0,0,1,1,1,0,0
S(C)c1c(C(=O)NC(=O)Nc2noc(C)c2)c(SC)ns1,,C02147828,,0,0,1,0,0,0,0,1,0,0
O[C@]1(CC(=O)c2cc([N+](=O)[O-])c(C)cc2)C(=O)Nc2ccccc12,,C00085347,,0,0,0,0,0,0,0,1,0,0
O=C1N(Cc2occc2)C(C)=CC=2OC(N)=C(C#N)[C@H](c3occc3)C1=2,,C02350992,,0,0,0,0,0,0,0,0,0,0
O(C(C)C)C(=O)C1=C(C)O[C@@]23OC(N)=C(C#N)[C@@]12C(=O)c1ccccc31,,C00808722,,0,0,0,0,0,0,0,0,0,0
O=C(N)/C(=C/C=1C(=O)N2C=CC=C(C)C2=NC=1N1CCC(C)CC1)/C#N,,C02202714,,0,0,0,0,0,0,0,0,0,0
O=C1N(Nc2ncnc3sc4CCCc4c23)C(=O)N[C@@]1(C)CC,,C05938677,,0,0,0,0,0,0,0,1,0,0
O=C(NC)NC(=O)COc1ncnc2sc3C[C@@H](C)CCc3c12,,C03516498,,0,0,1,0,0,0,0,1,0,0
S=C1N(/N=C/c2occc2)[C@@H](N(O)C(=O)NC)C(C)(C)S1,,C00060622,,0,0,0,0,0,0,0,0,0,0
O=C(Nc1c(C#N)ccs1)CN1C(=O)[C@@]2([C@@H](C)CCCC2)NC1=O,,C08325729,,0,0,0,0,0,0,0,0,0,0
S(CC=1N(C)C(=O)N(C)C(=O)C=1)c1nc(N)c2ccsc2n1,,C09368287,,0,0,1,0,0,0,1,1,0,0
O=C(Nc1c(C(=O)C)cc2OCOc2c1)[C@H](C)c1c(C)[nH]nc1C,,C09721923,,0,0,1,0,0,0,0,0,0,0
O=C(Nc1n(C=2NC(=O)C(C)=C(C)N=2)nc(C2CC2)c1)c1sccc1,,C12127281,,0,0,1,0,0,1,1,1,0,0
O=C([C@@H](C)N1C(=O)C(N)=CC(c2occc2)=N1)N1C[C@H](C)C[C@@H](C)C1,,C12181415,,0,0,0,0,0,0,0,0,0,0
O=[N+]([O-])c1c(C)ccc(NC(=O)[C@H]2CC(=O)Nc3ccccc23)c1,,C12814040,,0,0,0,0,0,0,0,1,0,0
S(=O)(=O)(Nc1cc(C(=O)N2CC(=O)Nc3ccccc23)ccc1)C,,C13677929,,0,0,0,0,0,0,0,1,0,0
O[C@@]1(C)[C@@H](C(=O)C)[C@@H](c2cc([N+](=O)[O-])ccc2)c2c(C)[nH]nc2C1,,C13801970,,0,0,0,0,1,0,0,0,0,0
O=C(NC(C)C)c1ccc(NC=C2C(=O)OC(C)(C)OC2=O)cc1,,C14553998,,0,0,0,0,0,0,0,0,0,0
O=C(COc1c(C)cc(C)cc1C)N1CCC2(C(=O)NC(=O)N2)CC1,,C21473184,,0,0,0,0,0,0,0,0,0,0
Brc1cc(NC2=C([N+](=O)[O-])CS(=O)(=O)C2)c(O)cc1,,C22782307,,0,0,1,0,0,0,0,0,0,0
O=C(NCc1ccncc1)CN1C(=O)c2[nH]c3ccc(C)cc3c2N=C1,,C23126094,,0,0,1,0,0,0,1,1,0,0
S(=O)(=O)(N)c1ccc2N(Cc3cc([N+](=O)[O-])ccc3)[C@@H](C)Cc2c1,,C27555388,,0,0,0,0,1,0,0,0,0,0
S(CC(=O)N)c1ncnc2c1oc1nc3CC(C)(C)OCc3cc21,,C02214614,,0,0,1,0,0,1,1,1,0,0
O=[N+]([O-])c1ccc(NNC(=O)[C@]23C(C)(C)[C@](C)(C(=O)C2)CC3)cc1,,C09012068,,0,0,0,0,0,0,0,0,0,0
Oc1ccc(NC(=O)c2c(-n3nnnc3)sc3CCCCc23)cc1,,C40287771,,0,0,1,1,0,1,1,1,1,0
O=C(Nc1c(C)n(CC)nc1C)[C@]1(C)C(=O)Nc2cc(C)ccc2O1,,C40779002,,0,0,1,0,0,0,0,0,0,0
Clc1ccc2C(=O)C(C(=O)Nc3ccc([N+](=O)[O-])cc3)=CNc2c1,,C41055957,,0,0,1,0,0,0,1,1,0,0
O(CC)C(=O)N1CCC(NC=2NC(=O)C=3CSCC=3N=2)CC1,,C41603350,,0,0,1,0,0,0,0,0,0,0
O=C(NC1CC1)N1C[C@H](C(=O)Nc2onc3CCCCc23)CCC1,,C44458145,,0,0,1,1,0,0,0,0,0,0
O=C(NNC(=O)c1sc2CCCc2c1)Cn1nnc2ccccc12,,C14330370,,0,0,1,0,0,0,0,1,0,0
Clc1c(S(=O)(=O)N[C@@H]2[C@@H](O)CCCC2)ccc([N+](=O)[O-])c1,,C52003560,,0,0,0,0,0,0,0,0,0,0
O=C(Nc1oc(C)c2C(C)=NNC(=O)c12)CN1CCc2ccccc12,,C52872667,,0,0,1,0,1,0,1,1,0,0
O=C(NC(=O)[C@H](C)N1CCN(C(=O)C(C)C)CC1)NC1CCCCC1,,C57456844,,0,0,0,0,0,0,0,0,0,0
O=[N+]([O-])[C@@H]1[C@H](C(=O)NNC(=O)CC23CC4CC(C2)CC(C3)C4)C1,,C47295168,,0,0,0,0,0,0,0,0,0,0
O=C(N[C@H](C)C(=O)/N=C/1\NN=C2N\1C=CC=C2)/C=C/c1ccccc1,,C58513641,,0,0,1,0,0,0,0,1,0,0
O=C(NNC(=O)C1=NN(C(C)C)C(=O)c2ccccc12)C=C(C)C,,C58580001,,0,0,1,0,0,0,0,1,0,0
Fc1c(NC(=O)c2[nH]c3ccccc3c2)cc(-n2nnnc2)cc1,,C47230080,,0,0,0,0,0,1,1,1,1,0
O=C(Nc1c(C)cccc1)[C@H]1[C@@H](C)Nc2n([C@@H]1c1ncccc1)ncn2,,C59669720,,0,0,0,0,0,0,0,0,0,0
Clc1ccc([C@@H]2n3nc(NC(=O)CCC)nc3NC(=O)C2)cc1,,C01276454,,0,0,0,0,1,0,0,0,0,0
O=C1N(CCC)c2ccccc2[C@@]21C(C#N)=C(N)OC1=NN=C(CC)[C@H]21,,C12858543,,0,0,0,0,0,0,0,0,0,0
O=C1N(C)c2nc(NCc3c(C)cc(C)cc3C)n(C)c2C(=O)N1,,C63736272,,0,0,1,0,0,0,1,1,0,0
O=C(/N=C/1\NN=C2N\1C=CC=C2)[C@H](NC(=O)c1sccc1)C(C)C,,C41837009,,0,0,1,0,0,0,0,1,0,0
O=C(N1CCc2ccccc12)C=1[C@H](C)N(C=2NC(=O)C=C(CC)N=2)NC=1,,C64411005,,0,0,1,0,0,0,0,1,0,0
O=C(Nc1n[nH]cc1)c1ccc(N2C(=O)c3ccccc3N=C2)cc1,,C66052281,,0,0,1,0,0,0,1,1,1,0
O=C(N[C@@](C)(C#N)C1CC1)CN1C(=O)C2(NC1=O)CCCCC2,,C05292079,,0,0,0,0,0,0,0,0,0,0
S(=O)(=O)(Nc1n(C)nc(C)c1)c1ccc2NC(=O)c3cccc1c23,,C66247800,,0,0,1,0,0,0,1,1,1,0
O=C(Nc1cccc2ccc(C)nc12)CN1C(=O)[C@@](C)(C2CC2)NC1=O,,C66462766,,0,0,0,0,0,0,0,0,0,0
Clc1cc(C(=O)Nc2n(-c3nc(C)cc(C)n3)nc(C)c2)[nH]c1,,C66660413,,0,1,0,0,0,1,1,1,0,0
O=C(NNC(=O)N1CCC2(OCCO2)CC1)CC1CCCCC1,,C67103556,,0,0,0,0,0,0,0,0,0,0
O=C(NCc1n[nH]c2CCCCCc12)C[C@]1(C)C(=O)N=C2N1C=CC=C2,,C67491270,,0,0,0,0,0,0,0,1,0,0
Oc1c(C[NH+]2C[C@]3(C)CC(C)(C)C[C@H]2C3)c2OC(=O)C(c3scc(C)n3)=Cc2cc1,,C01095647,,0,0,0,0,0,0,0,1,0,0
O=C1N(c2ccc(-c3sc4cc(C)ccc4n3)cc2)C(=O)C[C@H]1[NH2+][C@H]1[C@@H](C)CCCC1,,C08414507,,0,0,0,0,0,0,1,1,0,0
O=C1C([C@H]([NH+]2CCOCC2)c2n(C3CCCCC3)nnn2)=Cc2cc(C)cc(C)c2N1,,C00889994,,0,0,0,0,0,0,0,0,0,0
O=C1C([C@H]([NH+]2CCOCC2)c2n(C3CCCCC3)nnn2)=Cc2cc(C)c(C)cc2N1,,C00893793,,0,0,0,0,0,0,0,0,0,0
Clc1c([C@@H]2[C@H]([N+](=O)[O-])C(C)(C)[C@@H]([N+](=O)[O-])[C@@H](c3c(Cl)cccc3)[NH2+]2)cccc1,,C08766888,,0,0,0,0,0,0,0,0,0,0
O[C@H]1[C@]2(C)[C@@H](C)CCC=C2C[C@H]2OC(=O)[C@H](C[NH+]3C[C@H](C)N(c4cc(C)ccc4)CC3)[C@@H]12,,C08917770,,0,0,0,0,0,0,0,0,0,0
O=C(Nc1c(C(=O)C)cc2OCOc2c1)[C@H]1[C@@]2(C(=O)N(C)c3ccccc23)[NH+]2CCC[C@H]2C1,,C09115045,,0,0,0,0,0,0,0,0,0,0
Clc1c(N2C(=O)[C@H]3[C@]4(C(=O)Nc5c(C)cccc45)[NH+]4CCC[C@H]4[C@H]3C2=O)ccc(Cl)c1,,C09499365,,0,0,0,0,0,0,0,0,0,0
Clc1cc(/C=C\2/C(=O)c3ccc(O)c(C[NH+]4C[C@H](C)C[C@H](C)C4)c3O/2)c2OCOCc2c1,,C09575871,,0,0,1,0,0,0,1,1,0,0
Cc1c(C[NH+]2[C@@H](c3ncccc3)c3[nH]c4ccccc4c3CC2)nc(-c2sccc2)o1,,C11818114,,0,0,0,0,0,0,0,0,0,0
Brc1cc(N2C(=O)[C@H]3[C@]4(C(=O)Nc5c(C)cc(C)cc45)[NH+]4CCC[C@H]4[C@H]3C2=O)ccc1,,C12866512,,0,0,0,0,0,0,0,0,0,0
O=C1C([C@H]([NH+]2CC3(CCC2)CCCCC3)c2n(C3CCCC3)nnn2)=Cc2ccc(C)cc2N1,,C06409827,,0,0,0,0,0,0,0,0,0,0
Brc1c(N2C(=O)[C@H]3[C@@]4(C(=O)Nc5ccc(C)cc45)[NH+]4CCC[C@H]4[C@H]3C2=O)ccc(C)c1,,C02452225,,0,0,0,0,0,0,0,0,0,0
Brc1c(N2C(=O)[C@H]3[C@@]4(C(=O)Nc5ccc(C)cc45)[NH+]4CCC[C@H]4[C@@H]3C2=O)ccc(C)c1,,C16000468,,0,0,0,0,0,0,0,0,0,0
O[C@@H](C[NH+]1C[C@H]2CN3C(=O)C=CC=C3[C@@H](C1)C2)Cn1c2ccccc2c2CCCCc12,,C01323234,,0,0,0,0,0,0,0,0,0,0
O=[N+]([O-])c1ccc2O/C(=[NH+]\c3c(C)ccc(C)c3)/C(C(=O)Nc3sccn3)=Cc2c1,,C20616609,,0,0,0,0,0,0,0,0,0,0
Brc1ccc(N2C([C@H](C)N3C[C@@H](C)[NH2+]CC3)=Nc3ccccc3C2=O)cc1,,C23263600,,0,0,1,0,0,0,1,1,0,0
Ic1ccc2N[C@H](/C=C/C=3C[NH+]=C4C=CC(OC)=CC=34)N(C)C(=O)c2c1,,C38688918,,0,0,0,0,0,0,0,0,0,0
O=C1[C@@H](/C=N/Nc2ncnc3sc4CCCCc4c23)C=C2C=C3OCOC3=CC2=[NH+]1,,C38696253,,0,0,1,0,0,0,1,1,0,0
O=C1N(c2ccccc2)C(=O)C[C@H]1[NH+]1[C@H](c2ccccc2)c2[nH]c3ccccc3c2CC1,,C38783666,,0,0,0,0,0,0,0,0,0,0
BrC=1/C(=[NH+]/C(=O)C[NH+]2[C@@H](c3sccc3)c3ccsc3CC2)/C=C2N=C([O-])N=C2C=1,,C39726534,,0,0,1,0,0,0,1,1,1,0
BrC=1/C(=[NH+]/C(=O)C[NH+]2[C@H](c3ccc4OCCCOc4c3)CCC2)/C=C2N=C([O-])N=C2C=1,,C39727101,,0,0,1,0,0,0,1,1,0,0
BrC=1/C(=[NH+]/C(=O)C[NH+]2[C@@H](c3ccccc3)c3ccsc3CC2)/C=C2N=C([O-])N=C2C=1,,C39729393,,0,0,1,0,0,0,1,1,1,0
Clc1cc(N2C(=O)[C@@H]3[C@]4(C(=O)Nc5c(CC)cccc45)[NH+]4CCC[C@@H]4[C@@H]3C2=O)ccc1,,C35851607,,0,0,0,0,0,0,0,0,0,0
Clc1cc(C)cc2[C@@]3(C(=O)Nc12)[NH+]1CCC[C@@H]1[C@@H]1C(=O)N(c2cc(C)c(C)cc2)C(=O)[C@H]31,,C02432708,,0,0,0,0,0,0,0,0,0,0
Clc1cccc2[C@@]3(C(=O)Nc12)[NH+]1CCC[C@@H]1[C@@H]1C(=O)N(c2cc(C)ccc2)C(=O)[C@H]31,,C02364600,,0,0,0,0,0,0,0,0,0,0
Brc1ccc2NC(=O)[C@@]3([NH+]4CCC[C@@H]4[C@@H]4C(=O)N(c5ccccc5)C(=O)[C@H]34)c2c1,,C02105411,,0,0,0,0,0,0,0,0,0,0
Clc1c(F)ccc(-c2oc(/C=C/3\C(=O)N=C4SC(C(C)C)=NN4C\3=[NH2+])cc2)c1,,C19794914,,0,0,1,0,0,0,0,0,0,0
O=C1/C(=C/c2c(C)n(c(C)c2)-c2cc(C)cc(C)c2)/C(=[NH2+])N2N=C(C(C)C)SC2=N1,,C49686644,,0,0,1,0,0,0,1,0,0,0
Clc1c(F)ccc(-n2c(C)c(/C=C\3/C(=O)N=C4SC(c5cc(C)ccc5)=NN4C/3=[NH2+])cc2C)c1,,C19897229,,0,0,1,0,0,0,1,0,0,0
O=C1[C@@]2([NH+]3CCC[C@@H]3[C@H]3C(=O)N(c4cc(C)c(C)cc4)C(=O)[C@H]23)c2cc(CC)ccc2N1,,C35851723,,0,0,0,0,0,0,0,0,0,0
O=C(/N=C\1/N(CC[NH+]2CCCCC2)c2ccccc2N/1)c1csc2C[C@H](C)CCc12,,C55054000,,0,0,0,0,0,0,0,1,0,0
FC(F)(F)[C@H]1N2NC=C(C(=O)N3[C@@H](c4cnccc4)CCCC3)C2=[NH+][C@@H](c2sccc2)C1,,C13609132,,0,0,0,0,0,0,0,0,0,0
Brc1sc([C@H]2N=C3[NH+]=CNN3[C@@H](c3c(OC(F)F)cccc3)C2)cc1,,C13123486,,0,0,0,0,0,0,0,0,0,0
O[C@@H](CN1C(=O)[C@H]2N([C@H](c3ccccc3)[C@H]3[NH+]=C4C=CC=CC4=C3C2)C(=O)C1)c1ccccc1,,C63138982,,0,0,0,0,0,0,0,0,0,0
Brc1ccc(S(=O)(=O)/N=C\2/[C@H](Nc3cc(F)ccc3)[NH+]=C3C=CC=CC3=N/2)cc1,,C39977208,,0,0,0,0,0,0,0,1,0,0
Brc1ccc(S(=O)(=O)/N=C\2/[C@@H](Nc3cc(F)ccc3)[NH+]=C3C=CC=CC3=N/2)cc1,,C39977209,,0,0,0,0,0,0,0,1,0,0
S(=O)(=O)(/N=C\1/[C@H](Nc2ccccc2)[NH+]=C2C=CC=CC2=N/1)c1cccc2nsnc12,,C39977434,,0,0,1,1,0,0,0,1,0,0
Brc1ccc([C@H]2CN3C(=O)CN(CCCO)C(=O)[C@]3(C)[C@H]3[NH+]=C4C=CC=CC4=C23)cc1,,C63373663,,0,0,0,0,0,0,0,0,0,0
O=C(NC1CCCCC1)c1c(N2C(=O)N3[C@H](C)[C@@H]4[NH+]=C5C=CC=CC5=C4C[C@H]3C2=O)cccc1,,C63375399,,0,0,0,0,0,0,0,0,0,0
Clc1ccc(CCNC(=O)[C@H]2N3C(=O)c4ccccc4[C@H]3[C@@H]3[NH+]=C4C=CC=CC4=C3C2)cc1,,C63375848,,0,0,0,0,0,0,0,0,0,0
Brc1ccc2N(C)C(=O)[C@@]3(N(C(=O)NCC)CCC=4[C@H]3[NH+]=C3C=CC=CC=43)c2c1,,C63384872,,0,0,0,0,0,0,0,0,0,0
Brc1ccc2NC(=O)[C@@]3(N(C(=O)CC)CCC=4[C@H]3[NH+]=C3C=CC=CC=43)c2c1,,C63384974,,0,0,0,0,0,0,0,0,0,0
Brc1ccc2N(CC=C)C(=O)[C@@]3(NCCC=4[C@@H]3[NH+]=C3C=CC(OC)=CC=43)c2c1,,C63385763,,0,0,0,0,0,0,0,0,0,0
Brc1cc(CNC(=O)[C@@H]2SC=3C(C(=O)[NH+]=C4C=CC=CC=34)=C2)c(OC)cc1,,C63479125,,0,0,0,0,0,0,0,0,0,0
BrC=1C=CC2=[NH+][C@H](C)C(CCN3[C@@](O)(C)C4(OC3=O)CCCCC4)=C2C=1,,C63515203,,0,0,0,0,0,0,0,0,0,0
Clc1cc(Cl)c2OC(=O)[C@@H](C(=O)NCCC=3[C@@H](C)[NH+]=C4C=CC(C)=CC=34)Cc2c1,,C63515557,,0,0,0,0,0,0,0,0,0,0
O=C(NC[C@H]1Oc2c(-c3c(C)cccn3)cccc2C1)[C@H]1CCCC=2[C@H]1[NH+]=C1C=CC=CC=21,,C64002233,,0,0,0,0,0,0,0,0,0,0
OC(C)(C)C#Cc1oc(C(=O)N2[C@H](c3c(C)cccc3)[C@H]3[NH+]=C4C=CC=CC4=C3CC2)cc1,,C64002481,,0,0,0,0,0,0,0,0,0,0
ClC=1C=CC2=[NH+][C@@H](C(=O)N3CCc4c(CNC(=O)c5cscc5)c(C)ncc4C3)C(C)=C2C=1,,C64640257,,0,0,1,0,0,0,0,1,0,0
Clc1cc(N2CC[NH+]([C@@H](c3n(C(C)(C)CC)nnn3)C=3C(=O)Nc4ccc(C)cc4C=3)CC2)c(C)cc1,,C06077550,,0,0,0,0,0,1,0,0,0,0
O=C(C[NH+]1CCN(C(=O)c2occc2)CC1)N1CCn2c3ccc(C4CCCCC4)cc3c3CCC[C@H]1c23,,C08453966,,0,0,0,0,0,0,0,1,0,0
Fc1ccc(N2CC[NH+](CC=3OC=C(OCC(=O)N4CCC(Cc5ccccc5)CC4)C(=O)C=3)CC2)cc1,,C09286058,,0,0,1,0,0,0,0,1,0,0
S(=O)(=O)(N1[C@H](CC)CCCC1)c1ccc(C(=O)Nc2c(C(OC)=O)c3CC[NH+](C)Cc3s2)cc1,,C09383458,,0,0,0,0,0,0,0,1,0,0
S(=O)(=O)(N1[C@H](C(=O)N(CC[NH+](C)C)c2sc3cccc(SC)c3n2)CCC1)c1sccc1,,C10812825,,0,0,0,0,0,0,0,0,0,0
Fc1ccc2cc(CN(C[C@@H]3OCCC3)C(=O)c3cccc4ccccc34)c(N3CCC(O)CC3)[nH+]c2c1,,C11996146,,0,0,0,0,0,0,0,0,0,0
O=C(N(CCCN1C(=O)CCC1)Cc1c(N2CCOCC2)[nH+]c2cc3CCCc3cc2c1)[C@@H]1OCCC1,,C11999643,,0,0,0,0,0,0,0,0,0,0
Clc1ccc2cc(CN(CCc3ccc(F)cc3)C(=O)c3occc3)c(N3CCC(O)CC3)[nH+]c2c1,,C12279708,,0,0,0,0,0,0,0,0,0,0
S=C1N(c2ccccc2)C([C@H]2Oc3ccccc3OC2)=NN1C[NH+](C)Cc1ccc(OC(F)F)cc1,,C03387667,,0,0,0,0,0,0,1,0,0,0
Clc1ccc(C(=O)[C@H]2[NH+]3C=Cc4ccccc4[C@H]3[C@@H]3C(=O)N(c4c(C)cc([N+](=O)[O-])cc4)C(=O)[C@@H]23)cc1,,C08969816,,0,0,0,0,0,0,0,0,0,0
S(C)c1nc(SCC[NH+](C)C)c2sc3nc(N4CCOCC4)c4COC(C)(C)Cc4c3c2n1,,C20438816,,0,0,0,0,0,0,0,0,0,0
C(N1CCC([NH+]2CCCCC2)CC1)c1n(-c2sc(N3CCN(Cc4ccccc4)CC3)nn2)ccc1,,C20942722,,0,0,0,0,0,0,0,1,0,0
Clc1c(C)cc(OC[C@@H](O)CN2CC[NH+](CCN3C(=O)c4cccc5cccc(C3=O)c45)CC2)cc1,,C22914746,,0,0,0,0,0,0,0,0,0,0
Clc1ccc(C2=NN(CC[NH+]3CCN(S(=O)(=O)c4c(OC)cc(C)c(C)c4)CC3)C(=O)C=C2)cc1,,C23245016,,0,0,0,1,0,0,0,0,0,0
Clc1ccc([C@@H](OCc2cc(C)ccc2)C[NH+]2CCN(S(=O)(=O)c3cc(C#N)ccc3)CC2)cc1,,C23448584,,0,0,0,0,0,0,0,1,0,0
O=C([C@@H]1[NH+]2C=Cc3ccccc3[C@@H]2[C@H]2C(=O)N(c3c(OC)cccc3)C(=O)[C@H]12)c1cc(OC)c(OC)cc1,,C15999151,,0,0,0,0,0,0,0,0,0,0
Clc1c(Oc2c(/[NH+]=C/C3C(=O)N4CCc5ccccc5[C@@H]4CC3=O)cccc2)ncc(C(F)(F)F)c1,,C08855488,,0,0,0,0,0,0,0,0,0,0
O=C(Nc1cccc2ccccc12)CN1C(N2CC[NH+](CC(C)C)CC2)=Nc2sc3CCCc3c2C1=O,,C34747817,,0,0,0,0,0,0,0,0,0,0
O=C(NC1CCCCC1)CN1C(N2CC[NH+](CCCc3ccccc3)CC2)=Nc2sc3CCCc3c2C1=O,,C34747973,,0,0,0,0,0,0,0,0,0,0
S(=O)(=O)(N1CCN(C(=O)C[NH+]2[C@@H](c3c(C)cccc3)c3ccsc3CC2)CCC1)c1ccccc1,,C34788979,,0,0,0,0,0,0,0,0,0,0
O(CC)C(=O)CCC(=O)N1CCN(C(=O)[C@@H](C)[NH+]2[C@@H](c3c(C)cccc3)c3ccsc3CC2)CCC1,,C34830434,,0,0,0,0,0,0,0,0,0,0
S(=O)(=O)(N1CCN(C(=O)CC[NH+]2[C@@H](c3ccccc3)c3ccsc3CC2)CCC1)c1ccccc1,,C34830600,,0,0,0,0,0,0,0,0,0,0
Fc1cc(-n2c(N3CC[NH+](CC)CC3)c(CN(C(=O)c3cc([N+](=O)[O-])ccc3)C3CC3)c(C)n2)ccc1,,C34835580,,0,0,0,0,0,0,0,0,0,0
Clc1cc(C)c(N2C([C@H](N(CC[NH+](C)C)C(=O)Cc3sccc3)C)=Nc3ccccc3C2=O)cc1,,C35062325,,0,0,1,0,0,0,1,0,0,0
CC/C(=C/c1[n+](CC)c2ccc3nsnc3c2s1)/C=C\1/N(CC)c2ccc3nsnc3c2S/1,,C01803969,,0,0,1,0,0,0,1,1,0,0
Clc1ccc2OC=3C(=O)N(CC[NH+](C)C)[C@H](c4cc(OC)c(OCc5ccccc5)cc4)C=3C(=O)c2c1,,C35486844,,0,0,0,0,0,0,0,0,0,0
Clc1c(N2CC[NH+](CC=3N=C(N4CCN(C(=O)c5ccc(F)cc5)CC4)NC(=O)C=3)CC2)cccc1,,C35926387,,0,0,0,0,0,0,0,0,0,0
O[C@@H]1CC[C@@]2(C)[C@H]3CC[C@@]4(C)C(C(=O)C[C@H]5[NH+](C)CCc6cc7OCOc7c(OC)c56)=CC[C@@H]4[C@@H]3CC=C2C1,,C37238538,,0,0,0,0,0,0,0,0,0,0
Fc1cc([C@H]2N(C(=O)C)CCc3ccc(OCc4scc(C(=O)NCC[NH+]5CCCC5)n4)cc23)ccc1,,C37602858,,0,0,0,0,0,0,0,0,0,0
S=C1N(C[C@H]2OCCC2)C(=O)/C(=C\C2=C(N(CCC)C(=O)C(C#N)=C2C)N2CC[NH+](CC)CC2)/S1,,C33812564,,0,0,0,0,0,0,0,0,0,0
S=C1N(Cc2occc2)C(=O)/C(=C/C2=C(N(CCCC)C(=O)C(C#N)=C2C)N2CC[NH+](C)CC2)/S1,,C33812721,,0,0,0,0,0,0,0,0,0,0
Clc1ccc(OC)c2nc(N(CCC[NH+](C)C)C(=O)[C@@H]3CN(c4ccc(F)cc4)C(=O)C3)sc12,,C36644861,,0,0,0,0,0,0,0,1,0,0
Clc1ccc(C)c2nc(N(CCC[NH+](C)C)C(=O)[C@H]3N(S(=O)(=O)c4sccc4)CCC3)sc12,,C36704408,,0,0,0,0,0,0,0,0,0,0
Clc1ccc(S(=O)(=O)N(C[C@@H]2C(=O)[NH+]=C3C=C(OC)C(OC)=CC3=C2)Cc2sccc2)cc1,,C39325222,,0,0,0,0,0,0,0,1,0,0
S(=O)(=O)(N(C[C@H]1C(=O)[NH+]=C2C=C(C)C(C)=CC2=C1)Cc1ccc2OCOc2c1)c1ccc(OC)cc1,,C39325282,,0,0,0,0,0,0,0,0,0,0
S(=O)(=O)(Oc1ccccc1)[C@@H]1C[C@@]2([NH+](Cc3ccccc3)[C@@H](S(=O)(=O)C(C)C)CCC2)CCC1,,C39521120,,0,0,0,0,0,0,0,0,0,0
S(=O)(=O)(Oc1ccccc1)[C@@H]1[NH2+]CCN(c2c(Cc3ccccc3)cc(S(=O)(=O)C(C)C)cc2)C1,,C39528368,,0,0,0,0,0,0,0,0,0,0
S(=O)(=O)(Oc1ccccc1)[C@@H]1[NH2+]CCN(c2c(S(=O)(=O)C(C)C)cc(Cc3ccccc3)cc2)C1,,C39530664,,0,0,0,0,0,0,0,0,0,0
Brc1ccc(S(=O)(=O)c2oc(C(=O)NC[C@H]([NH+](C)C)c3ccc(N(C)C)cc3)cc2)cc1,,C40323099,,0,0,0,0,0,0,0,1,0,0
Clc1ccc([C@H](CNC(=O)c2nn([C@H]3CS(=O)(=O)CC3)c3CCCCc23)[NH+]2CCCCC2)cc1,,C40988018,,0,0,0,0,0,0,0,0,0,0
Brc1ccc2NC(=O)[C@@]3([NH+]4CCC[C@@H]4[C@@H]4C(=O)N(c5ccc(OC(=O)C)cc5)C(=O)[C@H]34)c2c1,,C02099196,,0,0,0,0,0,0,0,0,0,0
N(C[C@H]1OCCC1)c1[n+]([C@@H]2CCc3[nH]c4ccccc4c3C2)c(-c2c(C)onc2-c2ccccc2)cs1,,C44923815,,0,0,0,0,0,0,0,0,0,0
O=C(N1CCN(C=2N(C)C(=O)C=CC=2)CC1)[C@@H]1C[NH+](C[C@@H](C)Cc2ccc3OCOc3c2)C[C@@H]2CCCC[C@H]12,,C49090041,,0,0,1,1,0,0,0,0,0,0
Brc1ccc2N(C[NH+]3C[C@@]4(C)CC(C)(C)C[C@@H]3C4)C(=O)/C(=N\NC(=O)c3ccncc3)/c2c1,,C20568368,,0,0,1,1,0,0,0,1,0,0
Fc1c(F)cc(/C=C/C(=O)N2CCC([C@H](C(=O)[O-])[NH+]3CCC(C=4C[NH+]=C5N=CC=CC=45)CC3)CC2)cc1F,,C52550569,,0,0,1,0,0,0,0,0,0,0
O(C)c1c(OC)ccc(CCN2C(=O)[C@H]3N([C@H](c4cc(C)ccc4)[C@@H]4[NH+]=C5C=CC=CC5=C4C3)C(=O)C2)c1,,C63137361,,0,0,0,0,0,0,0,0,0,0
O(C)c1c(OC)cccc1[C@H]1N2C(=O)CN(Cc3cc(OC)ccc3)C(=O)[C@@H]2CC=2[C@@H]1[NH+]=C1C=CC=CC=21,,C63138045,,0,0,0,0,0,0,0,0,0,0
O(C)C(=O)c1ccc([C@H]2N3C(=O)CN(Cc4c(OC)cccc4)C(=O)[C@@H]3CC=3[C@@H]2[NH+]=C2C=CC=CC=32)cc1,,C63138903,,0,0,0,0,0,0,0,0,0,0
S(CC(=O)N(CCC#N)c1c(F)cccc1)c1n(c(C=2C[NH+]=C3C=CC=CC=23)nn1)-c1cc(C)ccc1,,C63221881,,0,0,0,0,0,0,0,0,0,0
O(CC)c1c(OCCC)ccc([C@@H]2CN3C(=O)CN(Cc4occc4)C(=O)[C@]3(C)[C@@H]3[NH+]=C4C=CC=CC4=C23)c1,,C63373471,,0,0,0,0,0,0,0,0,0,0
O(CC=1N=C2SC=CN2C(=O)C=1)C(=O)c1ccc(N2C(=O)c3cccc4cccc(C2=O)c34)cc1,,C03533246,,0,0,1,0,0,0,1,1,0,0
O(CCCc1c(C)onc1C)C1COc2ccccc2OCCOCCOc2ccccc2OC1,,C05838863,,0,0,1,0,0,0,0,0,0,0
S(=O)(=O)(N(C(=O)C)c1ccc(N(S(=O)(=O)c2ccc(C)cc2)C(=O)C)cc1)c1ccc(C)cc1,,C00822115,,0,0,0,0,0,0,0,1,0,0
S(=O)(=O)(c1c([N+](=O)[O-])cc(C(=O)N2[C@H](C)CN(c3cc(C)ccc3)CC2)cc1)c1ccc(F)cc1,,C03020370,,0,0,0,0,0,0,0,0,0,0
S(=O)(=O)(N1[C@H](C)CN(S(=O)(=O)c2c(C)c(C)c(OC)cc2)CC1)c1c(C)c(C)c(OC)cc1,,C08714571,,0,0,0,0,0,0,0,0,0,0
O(C)C(=O)C=1[C@H](c2sccc2)N2C(=O)/C(=C\c3cc(OC)c(OC(=O)C)cc3)/SC2=NC=1C,,C08809404,,0,0,0,0,0,0,0,0,0,0
S=C1N(Cc2ccc3OCOc3c2)C(=O)/C(=C/C=2C(=O)N3C=CC=C(C)C3=NC=2N(CC)CC)/S1,,C02196393,,0,0,0,0,0,0,1,0,0,0
S(CC(=O)N1[C@H](c2occc2)CC(c2ccc(OC)cc2)=N1)c1n(c(C)nn1)-c1c(C)cccc1,,C09056281,,0,0,0,0,0,0,0,1,0,0
S(=O)(=O)(N1CCCC1)c1ccc(C(=O)/N=C\2/N(CCC(OC)=O)c3c(F)cccc3S/2)cc1,,C09284737,,0,0,0,0,0,0,0,1,0,0
Clc1ccc(OC)c2N(CCOC)/C(=N/C(=O)c3ccc(S(=O)(=O)N(C)C)cc3)/Sc12,,C09326051,,0,0,0,0,0,0,0,1,0,0
Clc1ccc(N2C(=O)N(CC(=O)N3[C@@H](CC)CCCC3)c3sc(C(=O)N(C)C)c(C)c3C2=O)cc1,,C09475034,,0,0,0,0,0,0,1,0,0,0
Clc1ccc(-c2n(C[C@@H]3OCCC3)c(SCC=3N(CC#N)C(=O)c4ccccc4N=3)nn2)cc1,,C09532253,,0,0,1,0,0,0,1,1,0,0
Clc1c(S(=O)(=O)N2CCC(C(OCN3C(=O)c4ccccc4C3=O)=O)CC2)c(Cl)ccc1,,C09575993,,0,0,0,0,0,0,0,0,0,0
Fc1ccc2OC=3C(=O)N(Cc4ccc5OCOc5c4)[C@@H](c4cc(OCC)c(OCC)cc4)C=3C(=O)c2c1,,C03656185,,0,0,0,0,0,0,0,0,0,0
Clc1c(C)cc(S(=O)(=O)OC=2C(C(OCC)=O)=NN(c3ccc(F)cc3)C(=O)C=2)c(C)c1,,C09761624,,0,0,0,0,0,0,0,0,0,0
S(CC(=O)N1[C@H](c2occc2)CC(c2ccc(C)cc2)=N1)c1n(C2CC2)c(-c2cnccc2)nn1,,C09783639,,0,0,1,1,0,0,0,1,0,0
Brc1ccc2N=C(SCN3C(=O)c4ccccc4N=N3)N(Cc3occc3)C(=O)c2c1,,C09981026,,0,0,1,0,0,0,1,0,0,0
S(=O)(=O)(N(C)C(C)C)c1ccc(C(=O)/N=C\2/N(CC=C)c3ccc(S(=O)(=O)C)cc3S/2)cc1,,C10098724,,0,0,0,0,0,0,0,0,0,0
S(=O)(=O)(N(C)C1CC1)c1ccc(C(=O)/N=C\2/N(CC=C)c3cc4OCCOc4cc3S/2)cc1,,C10099892,,0,0,0,0,0,0,0,1,0,0
S(CC1=CC(=O)Oc2ccc3ccccc3c12)c1nc(C)nc2N(CC(C)C)C(=O)N(C)C(=O)c12,,C10525517,,0,0,1,0,0,0,1,1,0,0
S(=O)(=O)(N1C[C@H](C(=O)/N=C\2/N(C)c3cc(OC)c(OC)cc3S/2)CCC1)c1sccc1,,C10064884,,0,0,0,0,0,0,0,1,0,0
O(CC(=O)N1C(C)(C)CC(=O)CC1(C)C)C(=O)c1ccc(OCC(=O)N2[C@H](C)CCC[C@H]2C)cc1,,C11328423,,0,0,0,0,0,0,0,0,0,0
Clc1c(C(OCC=2N=C3SC=CN3C(=O)C=2)=O)cc(S(=O)(=O)N(C)c2ccccc2)cc1,,C11496919,,0,1,1,0,0,0,0,1,0,0
O=C(C(C)C)N1CCC(C/N=C/C2C(=O)N(C3CCCCC3)C(=O)N(C3CCCCC3)C2=O)CC1,,C12381844,,0,0,0,0,0,0,0,0,0,0
O=C(COc1ccc(OCC)cc1)N1CCN(C=2N(C)C(=O)c3c(sc4CCCCc34)N=2)CC1,,C12390252,,0,0,1,1,0,0,0,1,0,0
O(C)C(=O)C1[C@H](c2ccc3OCOc3c2)C=2C(=O)[C@@H](C(OC)=O)[C@H](c3sccc3)CC=2N=C1C,,C12402772,,0,0,0,0,0,0,0,0,0,0
S(=O)(=O)(N1[C@H](C(=O)/N=C\2/N(CC)c3c(OC)ccc(OC)c3S/2)CCC1)c1sccc1,,C12465060,,0,0,0,0,0,0,0,1,0,0
O(C)c1c(OC)cccc1/C=C\1/C(=O)N(c2ccccc2)/C(=C(\C#N)/c2n3CCCCCc3nn2)/S/1,,C12491994,,0,0,0,0,0,0,1,0,0,0
S(CC(=O)N1[C@@H](C)CCCC1)c1n-2c(N(CC(=O)N3[C@@H](C)CCC[C@@H]3C)c3ccccc-23)nn1,,C13085753,,0,0,0,0,0,0,0,0,0,0
S(=O)(=O)(N(C)C)c1cc(CSc2n-3c(N(c4ccccc4)C(=O)c4ccccc-34)nn2)ccc1,,C08826291,,0,0,0,0,0,0,1,1,0,0
Clc1c(SCC(=O)N2CCN(S(=O)(=O)c3cc([N+](=O)[O-])ccc3)CC2)cc(Cl)cc1,,C15928764,,0,0,0,0,0,0,0,0,0,0
S(=O)(=O)(N1CCN(C(=O)/C=C/c2cc(C(F)(F)F)ccc2)CC1)c1c(C)ccc([N+](=O)[O-])c1,,C15929185,,0,0,0,0,0,0,0,0,0,0
S=C1N(C(C)C)C(=O)/C(=C/c2c(-c3cc([N+](=O)[O-])c(OCC)cc3)nn(-c3ccccc3)c2)/S1,,C02533047,,0,0,0,0,0,0,0,0,0,0
O(C)c1c(OCCC(C)C)ccc([C@@H]2N(c3sc(C)nn3)C(=O)C=3Oc4ccccc4C(=O)C2=3)c1,,C03643688,,0,0,0,1,0,0,0,0,0,0
Clc1cc(COC(=O)c2ccc(S(=O)(=O)N3C[C@H](C)O[C@@H](C)C3)cc2)cc2OCCCOc12,,C17543306,,0,0,0,0,0,0,0,0,0,0
Clc1c([C@@]2(N(C)C(=O)COC(=O)c3cc(C4CC4)nc4onc(C)c34)C(=O)CCCC2)cccc1,,C22988983,,0,0,1,0,0,0,0,1,1,0
Clc1c([C@@]2(N(C)C(=O)COC(=O)c3cnc4onc(C(C)C)c4c3)C(=O)CCCC2)cccc1,,C22989018,,0,1,1,0,0,0,1,1,0,0
Brc1sc(S(=O)(=O)N2CCN(C(=O)/C=C/c3cc([N+](=O)[O-])ccc3)CC2)cc1,,C30775043,,0,0,0,0,0,0,0,0,0,0
S(CC(=O)N1[C@H](c2ccc3OCCCOc3c2)CCC1)c1n(CC(C)C)c(-c2occc2)nn1,,C32569809,,0,0,1,0,0,0,0,1,0,0
Fc1ccc2OC=3C(=O)N([C@@H](c4cc(OCC=C)ccc4)C=3C(=O)c2c1)c1sc(C(OC)=O)c(C)n1,,C35513623,,0,0,0,0,0,0,0,0,0,0
O=[N+]([O-])c1ccc([C@@H]2N(Cc3oc(C(=O)N4CCc5ccccc5C4)cc3)CCn3cccc23)cc1,,C35523466,,0,0,0,0,0,0,0,1,0,0
S([C@@H](C)C1=NC(=O)C2=C(C)[C@H](C(OCC)=O)SC2=N1)C=1N(C(C)C)C(=O)c2ccccc2N=1,,C39431844,,0,0,0,0,0,0,0,0,0,0
O(C)c1c(OCC=C)ccc([C@H]2N(c3sc(C)nn3)C(=O)C=3Oc4cc(C)cc(C)c4C(=O)C2=3)c1,,C40062032,,0,0,0,0,0,0,0,0,0,0
S=C1N(Cc2ccc3OCOc3c2)C(=O)/C(=C/C=2C(=O)N3C=CC=CC3=NC=2Oc2ccccc2)/S1,,C40221223,,0,0,0,0,0,0,1,0,0,0
Clc1sc(S(=O)(=O)N2CCN(CC=3N=C4SC(c5ccccc5)=NN4C(=O)C=3)CC2)cc1,,C41077614,,0,1,1,0,0,0,1,1,0,0
S=C1C(C)(C)N2C(=O)C(=O)c3cc(OC)cc(C1=C1SC(C(OC)=O)=C(C(OC)=O)S1)c23,,C58978491,,0,0,0,0,0,0,1,1,0,0
Brc1ccc(-c2oc(SC/C=C/S(=O)(=O)c3ccc([N+](=O)[O-])cc3)nn2)cc1,,C59175800,,0,0,0,0,0,1,1,1,0,0
Clc1cc(N2CCN(C(=O)CCc3n-4c(N(CCC)C(=O)c5sccc-45)nn3)CC2)ccc1,,C35528699,,0,1,1,0,0,0,1,1,0,0
S(CC(=O)N1CCOc2ccc(C)cc12)C=1N(C[C@H]2OCCC2)C(=O)c2sc3ncccc3c2N=1,,C45922563,,0,0,1,0,0,0,1,1,0,0
O(CC)C(=O)CN1C(=O)SC=2[C@H](c3ccc(OC)cc3)[C@@H]3C(=O)N(c4ccccc4)C(=O)[C@H]3SC1=2,,C15087330,,0,0,0,0,0,0,0,0,0,0
Oc1c(/C=C/C(=O)N2CCCCC2)ccc2OC(C)(C)[C@@H](OC(=O)CC(C)C)[C@@H]([NH+]3CCCCC3)c12,,C04016729,,0,0,0,0,0,0,0,0,0,0
Clc1ccc(S(=O)(=O)Nc2c(N3CCN(c4[nH+]cccc4)CC3)nc3ccccc3n2)cc1,,C01063668,,0,0,0,0,0,0,1,1,0,0
Fc1ccc(C=2CC[NH+]([C@@H](c3n(C4CCCC4)nnn3)C=3C(=O)Nc4ccc(OCC)cc4C=3)CC=2)cc1,,C06196919,,0,0,0,0,0,1,0,0,0,0
Clc1ccc(-n2c(S[C@@H](C)C=3NC(=O)c4c(C)c(C)sc4N=3)nnc2[C@@H]([NH+](C)C)C)cc1,,C09102689,,0,0,1,0,0,0,1,0,0,0
O=C1C([C@@H]([NH+]2CCC(Cc3ccccc3)CC2)c2n(C3CCCC3)nnn2)=Cc2cc(C)cc(C)c2N1,,C06300954,,0,0,0,0,0,0,0,0,0,0
O(C)C(=O)[C@@]1(c2ccccc2)[NH2+][C@@H](c2c(C)cccc2)[C@@H]2C(=O)N(c3ccc(OCC)cc3)C(=O)[C@@H]12,,C12497772,,0,0,0,0,0,0,0,0,0,0
O=C1C([C@H]([NH+]2CCN(c3c(C)ccc(C)c3)CC2)c2n(C(C)(C)C)nnn2)=Cc2cc(C)c(C)cc2N1,,C06195655,,0,0,0,0,0,0,0,0,0,0
O=C1C([C@H]([NH+]2CCN(c3c(C)ccc(C)c3)CC2)c2n(C(C)(C)C)nnn2)=Cc2cc(C)cc(C)c2N1,,C06195677,,0,0,0,0,0,0,0,0,0,0
O=C1C([C@@H]([NH+]2CCN(c3c(C)ccc(C)c3)CC2)c2n(C(C)(C)C)nnn2)=Cc2cc(C)cc(C)c2N1,,C06195841,,0,0,0,0,0,0,0,0,0,0
Fc1ccc(C=2CC[NH+]([C@@H](c3n(C4CCCC4)nnn3)C=3C(=O)Nc4cc(C)c(C)cc4C=3)CC=2)cc1,,C06321230,,0,0,0,0,0,1,0,0,0,0
Fc1ccc(C=2CC[NH+]([C@@H](c3n(C4CCCC4)nnn3)C=3C(=O)Nc4c(C)c(C)ccc4C=3)CC=2)cc1,,C06442436,,0,0,0,0,0,1,0,0,0,0
O=C1C(C[NH+]([C@H](C(C)C)c2n(C3CCCCC3)nnn2)C2CCCC2)=Cc2cc(C)c(C)cc2N1,,C13498894,,0,0,0,0,0,0,0,0,0,0
O=C1C(C[NH+]([C@@H](C(C)C)c2n(C3CCCCC3)nnn2)C2CCCC2)=Cc2cc(C)c(C)cc2N1,,C13498895,,0,0,0,0,0,0,0,0,0,0
O=C1C(C[NH+]([C@H](C(C)C)c2n(C3CCCCC3)nnn2)C2CCCCC2)=Cc2cc(C)ccc2N1,,C13500646,,0,0,0,0,0,0,0,0,0,0
O=C1C(C[NH+]([C@@H](C(C)C)c2n(C3CCCCC3)nnn2)C2CCCCC2)=Cc2cc(C)ccc2N1,,C13500647,,0,0,0,0,0,0,0,0,0,0
O=C1C([C@H](N2CC[NH+](C3CCCCC3)CC2)c2n(C3CCCC3)nnn2)=Cc2cc(C)c(C)cc2N1,,C20079815,,0,0,0,0,0,0,0,0,0,0
Clc1n(-c2ccccc2)nc(C)c1/C=C/C(OCC=1C=C(O)OC2=CC(=[NH+]C(=O)C)C=CC=12)=O,,C21607754,,0,0,1,0,0,0,0,1,0,0
S(CC=1C=C(O)OC2=CC(=[NH+]C(=O)C)C=CC=12)c1n(C[C@H]2OCCC2)c(-c2ccc(F)cc2)nn1,,C22109254,,0,0,0,0,0,0,0,1,0,0
S([C@@H](C)C=1NC(=O)c2ccccc2N=1)C=1N(CCC[NH+](C)C)C(=O)c2c(sc3CCCCc23)N=1,,C23635276,,0,0,1,0,0,0,0,0,0,0
O=C(NC1CCCCC1)CN1C(N2CC[NH+](CC(C)=C)CC2)=Nc2sc3CCCCc3c2C1=O,,C34747205,,0,0,0,0,0,0,0,0,0,0
O=C(NC1CCCCC1)CN1C(N2CC[NH+](CCCC)CC2)=Nc2sc3CCCCc3c2C1=O,,C34747233,,0,0,0,0,0,0,0,0,0,0
O=C(NC1CCCCC1)C[NH+]1CCN(C=2N(CCCC)C(=O)c3c(sc4CCCCc34)N=2)CC1,,C34747615,,0,0,1,0,0,0,0,0,0,0
O=C(Nc1cccc2ccccc12)CN1C(N2CC[NH+](CC=C)CC2)=Nc2sc3CCCc3c2C1=O,,C34747734,,0,0,0,0,0,0,1,0,0,0
O=C(CC(C)(C)C)N1CCN(C=2NC(=O)C=C(C[NH+]3CCN(c4c(C)c(C)ccc4)CC3)N=2)CC1,,C35564716,,0,0,0,0,0,0,0,0,0,0
Oc1c(/C=C/C(=O)N2CCCCC2)ccc2OC(C)(C)[C@H](OC(=O)[C@@H](C)CC)[C@H]([NH+]3CCCCC3)c12,,C36046321,,0,0,0,0,0,0,0,0,0,0
S(=O)(=O)(N1C[C@@H](C)C[C@H](C)C1)c1c(OC)ccc(C(=O)/[NH+]=C\2/C=CC3=C(C)C=C(O)OC3=C/2)c1,,C36430641,,0,0,0,0,0,0,0,1,0,0
Ic1ccc([C@@H]2N=C3[NH+]=CNN3[C@@H](c3c(OC)c(OC)c(OC)cc3)C2)cc1,,C02918740,,0,0,0,0,0,0,0,0,0,0
Clc1c(C(=O)NCC[NH+]2CCN(c3sc4cc(Cl)ccc4n3)CC2)cc([N+](=O)[O-])cc1,,C38773608,,0,0,1,0,0,0,0,0,0,0
Clc1c(-c2nc(C[NH+]3CCC(C(=O)N[C@@H]4CC(C)(C)Oc5cc(C)ccc45)CC3)on2)ccc(Cl)c1,,C38872623,,0,0,0,0,0,1,0,1,0,0
ClC=1C(Cc2ccccc2)=C[C@@H]2C[NH+]3N[P@](S(=O)(=O)Oc4ccccc4)(=O)OC[C@@H]3C[C@@H]2C=1,,C39469734,,0,0,0,0,0,0,0,0,0,0
Ic1c(OCC(=O)[O-])c(OCC)cc(/C=C(/C#N)\[C@@H]2[NH+]=C3C=C(C)C=CC3=[NH+]2)c1,,C39968112,,0,0,0,0,0,0,0,0,0,0
Clc1c(CN2C(=O)CC[C@@H]([NH+](C)[C@H](C)c3n[nH]c(-c4ccccc4)c3)CC2)cc2OCOc2c1,,C42484234,,0,0,0,0,0,0,0,0,0,0
O=C(N[C@H]1[C@H](OCc2ccccc2)CCCC1)[C@H]1[C@@H](C(=O)N2CCN(c3[nH+]cccc3)CC2)CCCC1,,C44942855,,0,0,0,0,0,0,0,0,0,0
O=C(N[C@H]1[C@H](OCc2ccccc2)CCCC1)[C@H]1[C@H](C(=O)N2CCN(c3[nH+]cccc3)CC2)CC=CC1,,C44944173,,0,0,0,0,0,0,0,0,0,0
Brc1cn(Cc2cc(C(=O)/N=C\3/N(CC[NH+]4CCCCC4)c4ccccc4N/3)ccc2)nc1,,C55008626,,0,0,1,0,0,1,0,1,0,0
S(=O)(=O)(NC[C@H](c1ccc(N(C)C)cc1)C=1C[NH+]=C2C=CC=CC=12)c1ccc2OCCCOc2c1,,C63221857,,0,0,0,0,0,0,0,0,0,0
S(CC(=O)Nc1cc([N+](=O)[O-])c(F)cc1)c1n(c(C=2C[NH+]=C3C=CC=CC=23)nn1)-c1c(C)cccc1,,C63240968,,0,0,1,0,0,0,0,0,0,0
Oc1cc([C@H]2N(CCC=3C[NH+]=C4C=CC(OC)=CC=34)C(=O)[C@H]3N=NC(c4cc(OC)ccc4)=C23)ccc1,,C63315636,,0,0,0,1,0,0,0,0,0,0
O=C(N[C@@H](C)c1ccccc1)c1c(N2C(=O)[C@@]3(C)N(C2=O)CCC=2[C@H]3[NH+]=C3C=CC(OC)=CC=23)cccc1,,C63362195,,0,0,0,0,0,0,0,0,0,0
O=C(NCC=C)c1c(N2C(=O)N3[C@H](c4ccc(C)cc4)[C@H]4[NH+]=C5C=CC=CC5=C4C[C@H]3C2=O)cccc1,,C63374175,,0,0,0,0,0,0,0,0,0,0
O=C(NC1CCCC1)c1c(N2C(=O)N3[C@H](c4ccccc4)[C@@H]4[NH+]=C5C=CC=CC5=C4C[C@H]3C2=O)cccc1,,C63375242,,0,0,0,0,0,0,0,0,0,0
O=C(NCC(C)C)c1c(N2C(=O)N3[C@@H](c4c(C)cccc4)[C@@H]4[NH+]=C5C=CC=CC5=C4C[C@H]3C2=O)cccc1,,C63376029,,0,0,0,0,0,0,0,0,0,0
O=C(NCCC=1[C@@H](C)[NH+]=C2C=CC=CC=12)[C@H]1C(=O)N(c2c(OC)cccc2)[C@@H]2CC(C)(C)CC(=O)C2=C1,,C63526563,,0,0,0,0,0,0,0,0,0,0
S(=O)(=O)(Nc1ccc([C@H]2[NH+]=C3C=CC(F)=CC3=C2)cc1)c1ccc2O[C@@H](C(OCC)=O)[C@H](C)c2c1,,C63627529,,0,0,0,0,0,0,0,1,0,0
S(=O)(=O)(Nc1ccc([C@H]2[NH+]=C3C=CC(F)=CC3=C2)cc1)c1ccc2O[C@H](C(OCC)=O)[C@@H](C)c2c1,,C63627531,,0,0,0,0,0,0,0,1,0,0
Clc1cc(S(=O)(=O)/N=C\2/[C@@H](Nc3ccc(C(OCC)=O)cc3)[NH+]=C3C=CC=CC3=N/2)ccc1,,C38970807,,0,0,0,0,0,0,0,1,0,0
Clc1cc(S(=O)(=O)/N=C\2/[C@@H](Nc3cc(C(OCC)=O)ccc3)[NH+]=C3C=CC=CC3=N/2)ccc1,,C38971370,,0,0,0,0,0,0,0,1,0,0
Clc1c(OC)cc(OC)c(N[C@H]2/C(=N/S(=O)(=O)c3c(C)ccc(C)c3)/N=C3C=CC=CC3=[NH+]2)c1,,C38980009,,0,0,0,0,0,0,0,1,0,0
Clc1ccc(-n2c(SCC(=O)Nc3cc([N+](=O)[O-])c(C)cc3)nnc2C=2C[NH+]=C3C=CC=CC=23)cc1,,C63926273,,0,0,1,0,0,0,0,0,0,0
Clc1c(OC)cc(OC)c(N[C@@H]2/C(=N/S(=O)(=O)c3cc(C)c(C)cc3)/N=C3C=CC=CC3=[NH+]2)c1,,C38984489,,0,0,0,0,0,0,0,0,0,0
S(=O)(=O)(C[C@]12C(=O)C[C@H](C1(C)C)CC2)N1CCN(c2c(Cc3ccccc3)c(C)nc(C)n2)CCC1,,C00695051,,0,0,1,0,0,1,0,0,0,0
S(=O)(=O)(C[C@@]12C(=O)C[C@@H](C1(C)C)CC2)N1CCN(c2c(Cc3ccccc3)c(CC)nc(C)n2)CC1,,C00695236,,0,0,1,0,0,1,0,0,0,0
O=C(N(/N=C/c1c(-c2ccccc2)nn(-c2ccccc2)c1)C=1N(c2ccccc2)C(=O)c2ccccc2N=1)C,,C06073642,,0,0,0,0,0,0,1,1,0,0
O=C(CCC=1C(=O)Oc2c(C)c3oc4CCCCc4c3cc2C=1C)N1C[C@@H]2CN3C(=O)C=CC=C3[C@H](C1)C2,,C08877690,,0,0,1,0,0,0,0,0,0,0
S(=O)(=O)(N(C)C)c1cc(-c2c(/C=C(\C#N)/c3sc4ccccc4n3)cn(-c3ccccc3)n2)ccc1,,C09185249,,0,0,1,0,0,0,1,0,0,0
Ic1c(C(=O)/N=C\2/N(CC(OC)=O)c3cc4OCCOc4cc3S/2)cccc1,,C09300496,,0,0,0,0,0,0,0,1,0,0
S(CC(=O)N(CC)CC)C=1N(c2ccccc2)C(=O)C=2SC(=S)N(c3c(C)cc(C)cc3)C=2N=1,,C03026857,,0,0,0,0,0,0,1,1,0,0
S(Cc1scc(C(=O)N2CCc3ccccc3C2)n1)c1n(c(-c2occc2)nn1)-c1ccc(C)cc1,,C16460557,,0,0,1,0,0,0,1,1,0,0
Clc1c([N+](=O)[O-])cc(C(=O)N(CC(=O)N2[C@@H](c3c(C)cccc3)c3ccsc3CC2)C2CC2)cc1,,C16529518,,0,0,0,0,0,0,0,0,0,0
Clc1c([N+](=O)[O-])cc(C(=O)N(CC(=O)N2[C@H](c3c(C)cccc3)c3ccsc3CC2)C2CC2)cc1,,C16529519,,0,0,0,0,0,0,0,0,0,0
S(=O)(=O)(N(CCC)CC(=O)N1[C@@H](c2c(C)cccc2)c2ccsc2CC1)c1cccc2cccnc12,,C16530902,,0,0,0,0,0,0,0,0,0,0
S(=O)(=O)(N(CC(=O)N1[C@H](c2c(C)cccc2)c2ccsc2CC1)C[C@H]1OCCC1)c1ccccc1,,C16531003,,0,0,0,0,0,0,0,0,0,0
Clc1ccc(C(=O)[C@@H]2N3[C@H]([C@H]4C(=O)N(c5ccc(OC(=O)C)cc5)C(=O)[C@@H]24)C=Cc2ccccc32)cc1,,C16038111,,0,0,0,0,0,0,0,0,0,0
Clc1cc(N2CCN(C3=C(/C=C/4\C(=O)N(CC)C(=S)S\4)C(=O)N4C=CC=CC4=N3)CC2)ccc1,,C33248661,,0,0,0,0,0,0,0,0,0,0
Brc1ccc(C(=O)N(CCOC)CC(=O)N2[C@H](c3cc(F)ccc3)c3n(CC2)ccc3)cc1,,C33703147,,0,0,0,0,0,0,0,0,0,0
S=C1N(Cc2ccc(OC)cc2)C(=O)/C(=C/C2=C(N(C)C(=O)C(C#N)=C2C)N2C[C@@H](C)C[C@H](C)C2)/S1,,C33812255,,0,0,1,0,0,0,0,0,0,0
Fc1ccc(CN2C(=O)/C(=C\3/C(=O)n4nc([C@H]5Oc6ccccc6OC5)nc4S/3)/c3ccccc23)cc1,,C34988264,,0,0,1,0,0,0,0,1,0,0
S(=O)(=O)(N(Cc1occc1)[C@H](C)C=1N(c2ccc(C)cc2)C(=O)c2ccccc2N=1)c1ccc(F)cc1,,C35063751,,0,0,0,0,0,0,1,0,0,0
Brc1ccc2OC=3C(=O)N([C@H](c4ccc(OCC=C)cc4)C=3C(=O)c2c1)c1sc(C)nn1,,C35485758,,0,0,0,0,0,0,0,0,0,0
Brc1ccc2OC=3C(=O)N([C@@H](c4ccc(OCC)cc4)C=3C(=O)c2c1)c1sc(CC)nn1,,C35511874,,0,0,0,0,0,0,0,0,0,0
Brc1ccc2OC=3C(=O)N([C@H](c4cc(OCC)ccc4)C=3C(=O)c2c1)c1sc(CC)nn1,,C35511899,,0,0,0,0,0,0,0,0,0,0
S(=O)(=O)(N1CCN(c2nc([C@H](C)CC)nc3sc4CCCCc4c23)CC1)c1cccc2cccnc12,,C35867815,,0,0,0,0,0,0,0,0,0,0
S(=O)(=O)(N1CCN(c2nc([C@@H](C)CC)nc3sc4CCCCc4c23)CC1)c1cccc2cccnc12,,C35867816,,0,0,0,0,0,0,0,0,0,0
FC(F)(F)c1ccc(CN2C(=O)N(c3cc(C)c(C)cc3)N=C(C(=O)N(C)Cc3ccccc3)C2=O)cc1,,C36086308,,0,0,0,0,0,0,0,0,0,0
FC(F)(F)c1ccc(N2C(=O)N(Cc3ccc(F)cc3)C(=O)C(C(=O)N(C)Cc3ccccc3)=N2)cc1,,C36087607,,0,0,0,0,0,0,0,0,0,0
Fc1ccc(-n2nc(C(C)(C)C)c3[C@@H](c4sccc4)SCC(=O)N(CC(=O)N4CCCC4)c23)cc1,,C37425532,,0,0,0,0,0,0,0,0,0,0
O=C([C@H](Oc1ccc2CCN(C(=O)c3sccc3)[C@@H](c3ccccc3)c2c1)C)N1CCN(CC=C)CC1,,C34685570,,0,0,0,0,0,0,0,0,0,0
O=C([C@@H](Oc1ccc2CCN(C(=O)c3occc3)[C@H](c3cc(C)ccc3)c2c1)C)N1CCN(CC=C)CC1,,C34685699,,0,0,0,0,0,0,0,0,0,0
O=C(C)N1[C@H](c2ccccc2)c2cc(OCc3scc(C(=O)N(C)Cc4ccccc4)n3)ccc2CC1,,C37604950,,0,0,0,0,0,0,0,1,0,0
S=C1N(C)C(=O)/C(=C\C2=C(N(CCCC)C(=O)C(C#N)=C2C)N2CCN(Cc3ccccc3)CC2)/S1,,C33812738,,0,0,0,0,0,0,0,0,0,0
S(CC(=O)N1[C@H](c2ccc(C)cc2)CC(c2sccc2)=N1)C1=Nn2c(-c3ncccc3)nnc2C=C1,,C38575609,,0,0,1,0,0,0,1,1,0,0
O=S1(=O)C[C@H](N2[C@H](c3cc(OCC)c(OCC)cc3)C=3C(=O)c4cc(C)c(C)cc4OC=3C2=O)CC1,,C38649104,,0,0,0,0,0,0,0,0,0,0
O(Cc1ccccc1)C(=O)N1[C@]2([C@H](N(CC(=O)N3CCc4ccccc4C3)C2=O)c2ccccc2)CCC1,,C39265772,,0,0,0,0,0,0,0,0,0,0
Brc1c(C)n(F)c-2c1CCC(=O)c1c(S(=O)(=O)Oc3ccccc3)c3ccccc3nc-21,,C39457651,,0,0,0,0,0,0,0,0,0,0
S=C1N(CCc2ccccc2)C(=O)/C(=C\C2=C(N(CCC)C(=O)C(C#N)=C2C)N2CCCCCC2)/S1,,C39770289,,0,0,0,0,0,0,0,0,0,0
S=C1N(Cc2ccc(F)cc2)C(=O)/C(=C\C2=C(N(CCCC)C(=O)C(C#N)=C2C)N2CCCCC2)/S1,,C39770539,,0,0,0,0,0,0,0,0,0,0
Fc1ccc2OC=3C(=O)N(CCc4ccc(OC)cc4)[C@@]4(C(=O)N(CCC)c5ccccc45)C=3C(=O)c2c1,,C39890091,,0,0,0,0,0,0,0,0,0,0
O=C1N(CC)c2ccccc2[C@@]21N(c1sc(CC(C)C)nn1)C(=O)C=1Oc3cc(C)c(C)cc3C(=O)C2=1,,C39890671,,0,0,0,0,0,0,0,0,0,0
S=C1N(Cc2ccc(C)cc2)C(=O)/C(=C/C2=C(N(CCC)C(=O)C(C#N)=C2C)N2C[C@@H](C)CCC2)/S1,,C39990096,,0,0,0,0,0,0,0,0,0,0
S=C1N(Cc2occc2)C(=O)/C(=C/C2=C(N(CCC)C(=O)C(C#N)=C2C)N2C[C@@H](C)C[C@H](C)C2)/S1,,C39990142,,0,0,0,0,0,0,1,0,0,0
Brc1ccc2OC=3C(=O)N([C@H](c4cc(OC)ccc4)C=3C(=O)c2c1)c1sc(C(C)C)nn1,,C40008757,,0,0,0,1,0,0,0,0,0,0
Clc1c(C)cc2OC=3C(=O)N([C@@H](c4cc(OC)c(OC)cc4)C=3C(=O)c2c1)c1sc(C(C)C)nn1,,C40055929,,0,0,0,0,0,0,0,0,0,0
O(N(C[C@H]1C(=O)O[C@H]2C[C@@]3(C)CCCC(=C)[C@H]3C[C@@H]12)C[C@H]1C(=O)O[C@H]2C[C@@]3(C)CCCC(=C)[C@H]3C[C@H]12)C(=O)C,,C36046226,,0,0,0,0,0,0,0,0,0,0
Brc1ccc(-n2c(C=C3C(=O)N(c4ccccc4)C(=O)N(c4ccccc4)C3=O)ccc2)cc1,,C59249746,,0,0,0,0,0,0,0,0,0,0
S=C1C(C)(C)N(C(=O)[C@H]2OCCC2)c2ccc(C)cc2C1=C1SC(C(OC)=O)=C(C(OC)=O)S1,,C59471500,,0,0,0,0,0,0,0,0,0,0
Clc1c(F)ccc(-n2c(C)c(/C=C/3\C(=O)N(C)C(=S)N(c4ccc(OCC)cc4)C\3=O)cc2C)c1,,C59595229,,0,0,0,0,0,0,0,0,0,0
S=C1S[C@@H]2[C@H](c3ccc(OC)cc3)[C@H]3C(=O)N(c4ccc(C(OCC)=O)cc4)C(=O)[C@H]3SC2=N1,,C39361323,,0,0,0,0,0,0,0,0,0,0
O(C)C(=O)c1c(C)c(C)sc1N1C(=O)[C@H]2[C@@H](C(=O)c3sccc3)N3C=Cc4ccccc4[C@H]3[C@@H]2C1=O,,C20477672,,0,0,0,0,0,0,0,0,0,0
Fc1ccc([C@@H]2[C@H]3C(=O)N(c4ccc(C)cc4)C(=O)[C@H]3SC=3N(CC(OCC)=O)C(=O)SC2=3)cc1,,C18188017,,0,0,0,0,0,0,0,0,0,0
Clc1ccc2N(C)C(=O)[C@@]3(N(C)C[C@H](c4occc4)[C@@]43C(=O)N(Cc3occc3)C(=S)S4)c2c1,,C35808795,,0,0,0,0,0,0,0,0,0,0
Clc1cc(Cl)cc(NC(=O)[C@@H](OC(=O)c2ccc3C(=O)c4ccccc4S(=O)(=O)c3c2)C)c1,,C03248584,,0,0,0,0,0,0,0,1,0,0
Clc1sc(S(=O)(=O)Nc2c(C(OCC(=O)N3CCc4ccccc4C3)=O)cccc2)cc1,,C03340123,,0,0,0,0,0,0,0,1,0,0
Brc1cc(/C=N/NC(=O)[C@H](C)N2C(=O)c3c(sc4C[C@H](C)CCc34)N=C2)c(OCC)cc1,,C06166441,,0,0,0,0,0,0,0,0,0,0
O(C)c1c(OCCC)ccc([C@H]2CN3C(=O)CN(CC(C)C)C(=O)[C@]3(C)c3[nH]c4ccccc4c23)c1,,C08789263,,0,0,0,1,0,0,0,0,1,0
O(C)c1c([C@H]2N3C(=O)CN(CCC=4CCCCC=4)C(=O)[C@@H]3Cc3c4ccccc4[nH]c23)ccc(OC)c1,,C02104430,,0,0,0,0,0,0,0,0,0,0
O(C)c1c(OC)cccc1[C@@H]1N2C(=O)CN(CCC=3CCCCC=3)C(=O)[C@@H]2Cc2c3ccccc3[nH]c12,,C02105020,,0,0,0,0,0,0,0,0,0,0
O(C)c1c(N/C=C(\C#N)/c2scc(C=3C(=O)Oc4ccccc4C=3)n2)cc2oc3ccccc3c2c1,,C08818211,,0,0,0,0,0,0,1,1,0,0
Brc1cc(F)c(NC(=O)COC(=O)c2ccc(N3C(=O)c4ccccc4C3=O)cc2)cc1,,C09392918,,0,0,0,0,0,0,1,1,0,0
S(CC=1NC(=O)c2ccccc2N=1)C=1N(C[C@@H]2OCCC2)C(=O)c2c(sc3C[C@@H](C)CCc23)N=1,,C10190430,,0,0,1,0,0,0,1,1,0,0
Fc1ccc(CN2C=C(C(=O)Nc3sc4cccc(C)c4n3)C3=NN(c4ccccc4)C(=O)C3=C2)cc1,,C10698032,,0,0,0,0,0,0,1,0,0,0
S([C@@H](C)C(=O)Nc1c(C)cc(C)cc1C)c1n-2c(N(Cc3ccccc3)C(=O)c3ccccc-23)nn1,,C09947283,,0,0,0,0,0,0,0,0,0,0
O(C)C(=O)c1ccc([C@H]2N3C(=O)CN(CCC=4CCCCC=4)C(=O)[C@@H]3Cc3c4ccccc4[nH]c23)cc1,,C02125341,,0,0,0,0,0,0,0,0,0,0
O(C)c1c(OCCC)ccc([C@@H]2CN3C(=O)CN(C4CCCC4)C(=O)[C@]3(C)c3[nH]c4ccccc4c23)c1,,C12873480,,0,0,0,0,0,0,0,0,0,0
O(C)c1c(OCCC)ccc([C@H]2CN3C(=O)CN(C4CCCC4)C(=O)[C@]3(C)c3[nH]c4ccccc4c23)c1,,C12873488,,0,0,0,1,0,0,0,0,0,0
Clc1ccc(-n2c(SCC(=O)c3ccc4OCC(=O)Nc4c3)nnc2-c2ccc(C)cc2)cc1,,C09768017,,0,0,0,0,0,0,1,0,0,0
Clc1c(Cl)cc(COC(=O)NC[C@]23O[C@H]([C@H]4C(=O)N(c5ccccc5)C(=O)[C@H]24)C=C3)c(Cl)c1,,C13549920,,0,0,0,0,0,0,0,0,0,0
O=C(Nc1c(-c2ccccc2)cccc1)C[C@H]1N2C(=O)c3cnn(-c4ccc(C)cc4)c3N=C2SC1,,C14015297,,0,0,0,0,0,0,1,0,0,0
Clc1ccc(-c2n(C)c(SCC(=O)Nc3n(Cc4ccccc4)c(C)c(C)c3C#N)nn2)cc1,,C16622874,,0,0,0,0,0,0,0,1,0,0
Clc1c(N/N=C\2/C(=O)N(c3ccc(OCC)cc3)C(=S)N(c3ccc(C)cc3)C/2=O)cccc1,,C16978597,,0,0,0,0,0,0,0,0,0,0
O=C(N(C)Cc1ccc2cc(OC)ccc2c1)CN1C(=O)[C@](C)(c2ccc(C(C)(C)C)cc2)NC1=O,,C18350812,,0,0,0,0,0,0,0,1,0,0
Clc1c(C)c(N2C(=O)CN(S(=O)(=O)CCC)C[C@]2(C)C(=O)NC2CCCCCCC2)ccc1,,C20532557,,0,0,0,0,0,0,0,0,0,0
S(Cc1c(C)cccc1)c1nn2[C@H](c3cc(OC)c(OC)cc3)C=3C(=O)CC(C)(C)CC=3Nc2n1,,C20849989,,0,0,0,1,0,0,0,0,0,0
S(CC(=O)Nc1c(C)n(-c2ccc(C)cc2)nc1C)C=1N(C2CCCC2)C(=O)c2ccccc2N=1,,C21331659,,0,0,1,0,0,0,0,1,0,0
O=C1Nc2n(-c3nc(C)cc(C)n3)nc(-c3ccccc3)c2[C@@H](c2ccc(N(CC)CC)cc2)SC1,,C21523644,,0,0,0,0,0,0,0,0,0,0
S(CC(=O)N[C@@H](C)c1sccc1)c1n-2c(N(c3c(C)c(C)ccc3)C(=O)c3ccccc-23)nn1,,C21626863,,0,0,0,0,0,0,0,0,0,0
O=C(Nc1ccccc1)C=1[C@@H](c2sccc2)N2C(=O)/C(=C\c3c(C)nn(CC)c3)/SC2=NC=1C,,C22748013,,0,0,1,0,0,0,0,1,0,0
Clc1cc(N2C(=O)N(CC(=O)Nc3c(OC)cccc3)c3c(C2=O)sc2CCCCc32)ccc1,,C24545666,,0,0,1,0,0,0,1,0,0,0
BrC1=CN2C(=O)C=C(COC(=O)[C@H](NC(=O)c3c(Cl)cccc3)C(C)C)N=C2C=C1,,C03315419,,0,0,1,0,0,0,1,1,0,0
Clc1c(OCC(=O)NC[C@@]23O[C@@H]([C@H]4C(=O)N(c5c(C)cc(C)cc5C)C(=O)[C@@H]24)C=C3)ccc(Cl)c1,,C28050925,,0,0,0,0,0,0,0,0,0,0
Fc1cc(C(=O)C2=CN(C3CCCCC3)C(=O)C(C#N)=C2)c(OCC(=O)Nc2ccc(C)cc2)cc1,,C32957987,,0,0,0,0,0,0,0,1,0,0
O=C(N[C@@H](C)Cc1ccccc1)CN1C(=O)N(c2ccc(C)cc2)C(=O)c2c1sc1COC(C)(C)Cc21,,C34789010,,0,0,0,0,0,0,0,0,0,0
O=C([C@@H](Cc1ccccc1)N1C(=O)C=2[C@H](c3c(C)cc(C)cc3)NC(=O)N(CC)C=2C1)N1CCCCC1,,C34791814,,0,0,0,0,0,0,0,0,0,0
O=C(Oc1c(C(=O)Nc2ccc3O[C@H](CC)C(=O)N([C@@H]4CCCc5ccccc45)Cc3c2)cccc1)C,,C35909037,,0,0,0,0,0,0,0,1,0,0
FC(F)(F)c1c([C@H]2NC(=O)N(C)C=3CN([C@@H](CC(C)C)C(=O)N4CCC(C)CC4)C(=O)C2=3)cccc1,,C35934084,,0,0,0,0,0,0,0,0,0,0
O=C([C@H](Cc1ccccc1)N1C(=O)C=2[C@@H](c3c(C)cc(C)cc3)NC(=O)N(CC)C=2C1)N1CCCC1,,C35967434,,0,0,0,0,0,0,0,0,0,0
Clc1c(NC(=O)[C@@H](SC=2SC(=S)N(c3ccc(Cl)cc3)N=2)C)cc([N+](=O)[O-])cc1,,C36796606,,0,0,0,0,0,0,1,1,0,0
O=C(N[C@@H]1[C@H](C)[C@@H](C)CCC1)[C@@]1(C)N(Cc2c(OC)cccc2)C(=O)c2n(c(-c3occc3)cc2)C1,,C37006638,,0,0,0,0,0,0,0,0,0,0
Clc1sc(S(=O)(=O)N(C)CC(=O)Nc2sc(C34CC5CC(C3)CC(C4)C5)nn2)cc1,,C36693004,,0,0,1,0,0,0,0,1,0,0
S(=O)(=O)(C(C)C)C(=O)[C@@H]1[C@@H](Cc2ccccc2)C(=O)c2cc3OCOc3cc2[C@H]1c1cc(O)ccc1,,C39486377,,0,0,1,1,0,0,0,0,0,0
S(=O)(=O)(Oc1ccccc1)[C@@H]1C[C@]2(N([C@H](S(=O)(=O)C(C)C)CCC2)c2c(O)cccc2)CCC1,,C39521658,,0,0,0,0,0,0,0,0,0,0
S([C@H](C)C(=O)Nc1c(F)c(F)c(F)cc1)c1n-2c(N(CCC(C)C)C(=O)c3ccccc-23)nn1,,C10058512,,0,0,1,0,0,0,0,1,0,0
Clc1ccc(S(=O)(=O)c2oc(C(=O)Nc3sc(SCc4ccccc4)nn3)cc2)cc1,,C40321750,,0,0,0,0,0,0,0,1,0,0
O=C(N[C@H](C)CC)CN1C(=O)C2(N(c3ccccc3)C1)CCN(C(=O)C13CC4CC(C1)CC(C3)C4)CC2,,C40367962,,0,0,0,0,0,0,0,0,0,0
Clc1c(Cl)ccc(-c2oc(/C=C/3\C(=O)N=C4SC(COc5c(C)cccc5)=NN4C\3=N)cc2)c1,,C31932579,,0,0,0,0,0,0,0,0,0,0
Fc1c(NC(=O)[C@@H]2S/C(=N\c3ccc(F)cc3)/N(CCc3ccc4OCOc4c3)C(=O)C2)cccc1,,C58942644,,0,0,0,0,0,0,0,0,0,0
Clc1c(Cl)ccc(NC(=O)[C@H]2S/C(=N\c3ccc(C(OCC)=O)cc3)/N(CC)C(=O)C2)c1,,C33851144,,0,0,0,0,0,0,0,0,0,0
Clc1ccc(NC(=O)[C@H]2S/C(=N/c3ccc(F)cc3)/N(Cc3ccc4OCOc4c3)C(=O)C2)cc1,,C27522554,,0,0,0,0,0,0,0,1,0,0
Clc1cc(N=C2N(Cc3ccc4OCOc4c3)C(=O)C[C@@H](C(=O)Nc3ccc(F)cc3)S2)ccc1,,C33725878,,0,0,0,0,0,0,0,1,0,0
Clc1cc(Cl)cc(-c2oc(/C=C/C(=O)Nc3c(N4CCN(S(=O)(=O)C)CC4)cccc3)cc2)c1,,C59331959,,0,0,0,0,0,0,0,0,0,0
Clc1cc(NC(=O)[C@@H]2S/C(=N\c3ccccc3)/N(Cc3ccc4OCOc4c3)C(=O)C2)ccc1,,C00843570,,0,0,0,0,0,0,0,0,0,0
Clc1c[nH+]c(N2CCN(C(=O)C[C@H]3[NH+](CC(C)C)CCNC3=O)CC2)cc1,,C12386466,,0,0,0,0,0,0,0,0,0,0
O=C1N(CC[C@@H]2[NH+](C)CCC2)C(=O)N[C@]1(CCC)C1CC[NH+](Cc2oc(C)cc2)CC1,,C15068971,,0,0,0,0,0,0,0,0,0,0
O=C(N(CC)CC[NH+]1CCCC1)C[C@@H]1[NH+](CC2CCCCC2)CCNC1=O,,C19339742,,0,0,0,0,0,0,0,0,0,0
O=C(NC1(C[NH+]2CCC(C)CC2)CCCCC1)C[NH+](C)[C@@H]1CS(=O)(=O)CC1,,C19655268,,0,0,0,0,0,0,0,0,0,0
O=C(N(C)Cc1occc1)c1nn(C)c2CC[C@@H]([NH2+]CC(C)(C)C[NH+](C)C)Cc12,,C20234032,,0,0,0,0,0,0,0,0,0,0
O=C1NC(N2CC[NH+](CCC(C)C)CC2)=NC(C[NH+]2CCC(N3CCCCC3)CC2)=C1,,C35926885,,0,0,1,0,0,0,0,0,0,0
O(C)C(=O)[C@@H]1C(NC(=O)CCN2CC[NH+](C3CCCCC3)CC2)=C2C=CC=CC2=[NH+]1,,C38591916,,0,0,0,0,0,0,0,0,0,0
O(CC)C(=O)[C@@H]1C(NC(=O)CC[NH+]2C[C@@H](C)CCC2)=C2C=C(OC)C=CC2=[NH+]1,,C38610700,,0,0,0,1,0,0,0,0,0,0
O(C)C(=O)[C@@H]1C(NC(=O)C[NH+]2CCC(Cc3ccccc3)CC2)=C2C(OC)=CC=CC2=[NH+]1,,C38669034,,0,0,0,0,0,0,0,0,0,0
Clc1ccc(S(=O)(=O)/N=C\2/[C@@H](NCCCOC)[NH+]=C3C=CC=CC3=[NH+]/2)cc1,,C38965284,,0,0,0,0,0,0,0,1,0,0
S(=O)(=O)(/N=C\1/[C@@H](NC[C@H]2OCCC2)[NH+]=C2C=CC=CC2=[NH+]/1)c1ccccc1,,C38979907,,0,0,0,0,0,0,0,1,0,0
S(=O)(=O)(/N=C\1/[C@@H](NCCc2ccccc2)[NH+]=C2C=CC=CC2=[NH+]/1)c1ccc(OC)cc1,,C38980814,,0,0,0,0,0,0,0,0,0,0
O(CC)C(=O)[C@@H]1C(NC(=O)C[NH+]2C[C@H](C)C[C@H](C)C2)=C2C=C(OCC)C=CC2=[NH+]1,,C39015714,,0,0,0,0,0,0,0,0,0,0
O(C)C(=O)[C@@H]1C(NC(=O)[C@@H](C)[NH+]2CCC(Cc3ccccc3)CC2)=C2C=CC(OC)=CC2=[NH+]1,,C39035167,,0,0,0,0,0,0,0,0,0,0
ClC=1C=CC2=[NH+]C(=O)[C@H]([NH+]3C[C@H](C(=O)NCCCOCC)CCC3)C(c3ccccc3)=C2C=1,,C39355682,,0,0,0,0,0,0,0,0,0,0
O(C)C(=O)[C@H]1[NH+]2[C@H](c3ccccc3)C[C@H](NCC[NH+]3CCCC3)C[C@@H]2C2=NC3=CC=CCC3=C2C1,,C39560741,,0,0,0,0,0,0,0,0,0,0
O=C1[C@H]([C@@H]([NH+]2C[C@@H](C)CCC2)[C@H]2N(C(C)(C)C)NN=N2)C=C2C=CC=C(C)C2=[NH+]1,,C39710823,,0,0,0,0,0,0,0,0,0,0
S([C@H]1C(=O)[NH+]=C2C=CC=CC2=C1[NH2+]Cc1ccccc1)c1n(CC)c(-c2c(C)occ2)nn1,,C39731442,,0,0,0,0,0,0,0,0,0,0
OC=1OC2=C/C(=[NH+]\C(=O)C)/C=CC2=C(C[NH+](CC(OC)=O)Cc2ccccc2)C=1,,C47628283,,0,0,0,0,0,0,1,1,1,0
S([C@@H](C)C(=O)C=1C[NH+]=C2C=CC=CC=12)[C@@H]1N(C[C@H]2OCCC2)C(N2CCC(C)CC2)=[NH+]N1,,C39780278,,0,0,0,0,0,0,0,0,0,0
S([C@@H](CC)C(=O)Nc1sc(C(OCC)=O)c(C)n1)C1[NH+]=C2C=CC=CC2=[NH+]1,,C63205506,,0,0,0,0,0,0,0,1,0,0
S(CC(=O)Nc1sc(SCC=C)nn1)[C@@H]1[NH+]=C2C=C(OC)C=CC2=[NH+]1,,C63302104,,0,0,1,0,0,0,0,1,0,0
S(CC(=O)NCCC12CC3CC(C1)CC(C2)C3)[C@@H]1[NH+]=C2C=C([N+](=O)[O-])C=CC2=[NH+]1,,C63513943,,0,0,0,0,0,0,0,0,0,0
S(CC(=O)N/N=C/C=C\c1c([N+](=O)[O-])cccc1)C1[NH+]=C2C=CC=CC2=[NH+]1,,C63540920,,0,0,0,0,0,0,0,0,0,0
S([C@@H](CC)C(=O)Nc1ccc(C(OCC)=O)cc1)[C@H]1[NH+]=C2N=CC=CC2=[NH+]1,,C63558177,,0,0,1,0,0,0,0,1,0,0
O=C(NCc1c(OCC)cccc1)C1CCN([C@H]2[NH+]=C3C=C(C)C=CC3=[NH+]2)CC1,,C63694683,,0,0,0,0,0,0,0,0,0,0
S(CC(OCC)=O)[C@H]1[NH+]=C2C=CC=CC2=C2[NH+]=C(CCC=3[C@@H](C)N=NC=3C)NN12,,C63708185,,0,0,0,0,0,0,0,0,0,0
S(=O)(=O)(CCCC(=O)Nc1ccc(C2[NH+]=C3C=CC=CC3=[NH+]2)cc1)Cc1ccccc1,,C63712159,,0,0,0,0,0,0,0,1,0,0
S(CC(=O)N(C)CC(=O)Nc1c(C(F)(F)F)cccc1)[C@H]1[NH+]=C2C=C(OC)C=CC2=[NH+]1,,C63731141,,0,0,0,0,0,0,0,0,0,0
S(CC(=O)N[C@@H]1[C@@H](C(OCC)=O)C=CS1)[C@H]1[NH+]=C2C=C(OC)C=CC2=[NH+]1,,C63742964,,0,0,0,0,0,0,0,0,0,0
S(CC(=O)N[C@H]1[C@H](C(OCC)=O)C=CS1)[C@H]1[NH+]=C2C=C(OC)C=CC2=[NH+]1,,C63742965,,0,0,0,0,0,0,0,0,0,0
S(C[C@@H]1C(=O)[NH+]=C2C=CC=CC2=[NH+]1)c1ccc(NC(=O)COc2c(C)cccc2)cc1,,C63751761,,0,0,0,0,0,0,0,1,0,0
S=C1N(C[C@@H]2OCCC2)[C@@H](C=2C[NH+]=C3C=CC=CC=23)NN1C[NH+]1CCCC1,,C63775681,,0,0,0,0,0,0,0,0,0,0
S(CC(=O)C=1C[NH+]=C2C=CC=CC=12)[C@H]1SC(SCC(=O)C=2C[NH+]=C3C=CC=CC=23)=NN1,,C40013777,,0,0,0,0,0,0,0,0,0,0
O=C(Nc1scc(C=2C[NH+]=C3C=CC=CC=23)n1)C[NH+](C[C@H]1SC=CC1)C[C@@H]1OCCC1,,C63917275,,0,0,0,0,0,0,0,0,0,0
S(=O)(=O)(N[C@H](C(C)C)c1ccc(CCC)cc1)C=1C=CC2=[NH+]C(=O)C(=O)[NH+]=C2C=1,,C38735942,,0,0,0,0,0,0,0,1,0,0
S(=O)(=O)(N[C@@H](C(C)C)c1ccc(CCC)cc1)C=1C=CC2=[NH+]C(=O)C(=O)[NH+]=C2C=1,,C38735945,,0,0,0,0,0,0,0,1,0,0
S(CC(=O)N/N=C/c1cc(OC)c(OCC)cc1)C1[NH+]=C2C=CC=CC2=[NH+]1,,C63962998,,0,0,0,1,0,0,0,1,0,0
O=C(N(C)C)c1nn(CC=C)c2CC[C@@H]([NH2+]CCC=3C[NH+]=C4C=CC=CC=34)Cc12,,C63985981,,0,0,0,0,0,0,0,0,0,0
O=C(N(C)C[C@@H]1C(C)=C2C=CC=CC2=[NH+]1)C[C@@H]1[NH+](Cc2c(OCC)cccc2)CCNC1=O,,C64006587,,0,0,0,0,0,0,0,0,0,0
OC1(c2nnn(C[C@@H]3C[NH+](CC=4C[NH+]=C5C=CC=CC=45)CCC3)c2)CCCC1,,C64103294,,0,0,1,0,1,0,0,0,0,0
ClC=1C=CC2=[NH+][C@H](C(=O)N3CCC(CC(=O)NCCC[NH+]4[C@H](CC)CCCC4)CC3)C=C2C=1,,C64541001,,0,0,0,0,0,0,0,0,0,0
ClC=1C=CC2=[NH+][C@H](C(=O)N3CCC(CC(=O)NCCC[NH+]4[C@H](C)CCCC4)CC3)C=C2C=1,,C64541006,,0,0,0,0,0,0,0,0,0,0
O(C)CCCN1[C@H](NC(=O)c2sccc2)[C@@H]([C@@H](C)[C@@H]1C)C1[NH+]=C2C=CC=CC2=[NH+]1,,C64600396,,0,0,0,0,0,0,0,0,0,0
S(Cc1nc(CCC(=O)Nc2c(C)cc(C)cc2)on1)[C@H]1[NH+]=C2C=C(C)C=CC2=[NH+]1,,C64604258,,0,0,1,1,0,0,0,1,0,0
S(Cc1nc(CCC(=O)Nc2c(C)cc(C)cc2C)on1)[C@H]1[NH+]=C2C=C(C)C=CC2=[NH+]1,,C64604269,,0,0,1,0,0,0,0,1,0,0
O=[N+]([O-])C=1C=CC2=[NH+][C@H]3[C@H]([NH2+][C@H](C)Cc4cc(OC)c(OC)cc4)CCCC3=C2C=1,,C65357179,,0,0,0,1,0,0,0,0,0,0
Ic1c(NC(=O)CS[C@H]2[NH+]=C3C=C([N+](=O)[O-])C=CC3=[NH+]2)cccc1,,C65548086,,0,0,0,0,0,0,0,1,0,0
O=C(NCC[NH+]1C[C@H](C)C[C@H](C)C1)N(C)C1CC[NH+](C2CCOCC2)CC1,,C66178484,,0,0,0,0,0,0,0,0,0,0
O=C(OC(C)(C)C)N(C)C1(C)CC[NH+](CC(=O)NC2CC[NH+](CC)CC2)CC1,,C66567424,,0,0,0,0,0,0,0,0,0,0
Fc1c(NC(=O)CN2C(=O)[C@@](C)(c3ccc(C)cc3)NC2=O)cc([N+](=O)[O-])cc1,,C03461850,,0,0,0,0,0,0,0,0,0,0
O=[N+]([O-])c1ccc([C@]2(C)C(=O)N(CC(=O)Nc3c(C)cccc3CC)C(=O)N2)cc1,,C04307294,,0,0,0,0,0,0,0,0,0,0
O(CC(=O)NN1C(=O)C2(NC1=O)CCC(C)CC2)C(=O)c1ccc(OC(C)C)cc1,,C04331839,,0,0,0,0,0,0,0,0,0,0
O(CC(=O)NC(=O)Nc1ccc2OCCOc2c1)C(=O)c1c(C)c2ccccc2o1,,C03412253,,0,0,1,0,0,0,0,1,0,0
O=[N+]([O-])c1cc(NC(=O)[C@@H]2S/C(=N\N=C(/C)\c3ccccc3)/NC(=O)C2)ccc1,,C05006777,,0,0,0,0,0,0,0,0,0,0
Clc1cnc(NC(=O)[C@@H](OC(=O)CN2C(=O)[C@@]3([C@@H](C)CCCC3)NC2=O)C)cc1,,C05041060,,0,0,0,0,0,0,0,0,0,0
O=[N+]([O-])c1cc(/C=C/C(=O)Nc2c(C(=O)NC(OC)=O)c(C)c(C)s2)ccc1,,C05145038,,0,0,0,0,0,0,0,1,0,0
O(CC(=O)NC(=O)Nc1c(C)cc(C)cc1)C(=O)CN1C(=O)c2ccccc2C1=O,,C05653655,,0,0,0,0,0,0,1,1,0,0
S(=O)(=O)(Nc1ccc([C@]2(CC)C(=O)NC(=O)CC2)cc1)c1c([N+](=O)[O-])cccc1,,C05260011,,0,0,0,0,0,0,0,0,0,0
S(=O)(=O)(Nc1ccc([C@@]2(CC)C(=O)NC(=O)CC2)cc1)c1c([N+](=O)[O-])cccc1,,C05260023,,0,0,0,0,0,0,0,0,0,0
O([C@@H](C)C(=O)NC1(C#N)CCCCC1)C(=O)CN1C(=O)[C@@]2([C@@H](C)CCCC2)NC1=O,,C06369036,,0,0,0,0,0,0,0,0,0,0
O(CC(=O)NN1C(=O)C2(NC1=O)CCC(C)CC2)C(=O)COc1c(C)ccc(C)c1,,C07800019,,0,0,0,0,0,0,0,0,0,0
S(=O)(=O)(NC[C@H]1OCCC1)c1ccc(C(=O)Nc2c(C)c([N+](=O)[O-])ccc2)cc1,,C08267069,,0,0,0,0,0,0,0,1,0,0
Clc1c(NC(=O)CN2C(=O)[C@@](C)(c3ccccc3)NC2=O)cc([N+](=O)[O-])cc1,,C03460784,,0,0,0,0,0,0,0,0,0,0
O=[N+]([O-])c1cc(NC(=O)[C@H](OC(=O)c2ccc3SCC(=O)Nc3c2)C)ccc1,,C09074164,,0,0,0,0,0,0,0,1,0,0
Oc1c(OCC)cc([C@H]2n3nnnc3NC=3C[C@H](c4ccc(OC)cc4)CC(=O)C2=3)cc1,,C09660459,,0,0,0,0,0,0,0,0,0,0
S(=O)(=O)(N)c1ccc2N(CC(OC)=O)/C(=N/C(=O)c3ccc(C#N)cc3)/Sc2c1,,C09727017,,0,0,0,0,1,0,0,1,0,0
O([C@@H](C)C(=O)NC1(C#N)CCCCC1)C(=O)CN1C(=O)C2(NC1=O)CCC(CC)CC2,,C10134733,,0,0,0,0,0,0,0,0,0,0
Clc1c(NC(=O)[C@H](OC(=O)c2cc(NC(=O)C)ccc2)C)ccc([N+](=O)[O-])c1,,C10584483,,0,0,0,0,0,0,0,1,0,0
Clc1ccc2C(=O)N(CCOC)C(SCc3nc(N)nc(N(C)C)n3)=Nc2c1,,C11322017,,0,0,1,0,0,1,1,1,0,0
Clc1c(NC(=O)COC(=O)C[C@@H]2C(=O)Nc3ccccc3S2)ccc([N+](=O)[O-])c1,,C12424766,,0,0,0,0,0,0,0,1,0,0
O(Cc1ccccc1)c1ccc(/C=N/Nc2n(CC)c3C(=O)NC(=O)N(C)c3n2)cc1,,C05208518,,0,0,1,0,0,0,1,1,0,0
Clc1c(OCc2ccc([N+](=O)[O-])cc2)c(OC)cc(/C=C\2/C(=O)NC(=O)N/2)c1,,C13546539,,0,0,0,0,0,0,0,0,0,0
O[C@H](COc1ccc(C)cc1)Cn1c(N2CCCCCC2)nc2N(C)C(=O)NC(=O)c12,,C13806211,,0,0,1,0,0,0,1,1,0,0
S(CC(=O)NN1C(=O)[C@@](C)(CCc2ccccc2)NC1=O)c1n2C=CC=Cc2nn1,,C14184960,,0,0,1,0,0,0,0,1,0,0
Clc1c([N+](=O)[O-])ccc(C(=O)N/N=C(\C)/CC(=O)Nc2cc(OC)ccc2)c1,,C14923613,,0,0,1,1,0,0,0,1,0,0
S=C(N/N=C\c1ccc([N+](=O)[O-])cc1)NC=1C(=O)N(N(C)C=1C)c1ccccc1,,C15357005,,0,0,0,0,0,0,0,0,0,0
S(=O)(=O)(N)c1ccc2N(C(=O)COc3c([N+](=O)[O-])ccc(C)c3)[C@@H](C)Cc2c1,,C16125040,,0,0,0,0,1,0,0,0,0,0
S(CC(=O)NC(=O)Nc1ccc2OCOc2c1)c1n(c(C)nn1)-c1ccc(C)cc1,,C16617377,,0,0,1,0,0,0,0,1,0,0
Oc1c(NC(=O)C[C@H]2C(=O)N(c3cc(C)ccc3)C(=O)S2)ccc([N+](=O)[O-])c1,,C16923281,,0,0,1,0,0,0,0,1,0,0
S(=O)(=O)(Nc1c(C)cc(C)cc1)c1cc([N+](=O)[O-])c(N(C)CC(=O)NC)cc1,,C18057172,,0,0,0,0,0,0,0,1,0,0
O(CC(=O)NN1C(=O)C2(NC1=O)CCCCC2)C(=O)c1nc(-c2sccc2)sc1,,C19263878,,0,0,1,0,0,0,0,0,0,0
O(CC)C(=O)c1c(NC(=O)CN2C[C@H](C)O[C@@H](C)C2)c2cc3OCOc3cc2[nH]1,,C20171788,,0,0,0,0,0,0,0,1,0,0
O=C(NC[C@H]1Oc2ccccc2OC1)CN1C(=O)[C@@](C)(c2oc3ccccc3c2)NC1=O,,C24971760,,0,0,0,0,0,0,0,0,0,0
S(=O)(=O)(Oc1ccc(/C=C/2\C(=O)NC(=N)S\2)cc1)c1cc([N+](=O)[O-])c(C)cc1,,C33385704,,0,0,0,0,0,0,0,1,0,0
O([C@H](C)C(=O)NC(=O)NC1CCCCC1)C(=O)c1c(C)nn(-c2ccccc2)n1,,C24499533,,0,0,1,0,0,0,0,1,0,0
Oc1c(NC(=O)CN2C(=O)/C(=C/c3cc(C)ccc3)/SC2=O)cc([N+](=O)[O-])cc1,,C16920995,,0,0,0,0,0,0,0,1,1,0
Oc1c(NC(=O)C[C@H]2C(=O)N(c3c(C)cccc3)C(=O)S2)cc([N+](=O)[O-])cc1,,C16923104,,0,0,1,0,0,0,0,1,0,0
S(Cc1nc(N)nc(N2CCCCC2)n1)c1n(CC=C)c(-c2occc2)nn1,,C01080781,,0,1,1,1,0,1,0,1,0,0
O([C@H](C)C(=O)NC(=O)NC(C)C)C(=O)c1nn(c(-c2ccccc2)n1)-c1ccccc1,,C21604084,,0,0,0,0,0,0,0,0,0,0
O([C@@H](C)C(=O)N[C@](C)(C(C)C)C#N)C(=O)CN1C(=O)[C@@]2(NC1=O)C[C@@H](C)CC(C)(C)C2,,C22138951,,0,0,0,0,0,0,0,0,0,0
Clc1c(NC(=O)c2nn(-c3cc([N+](=O)[O-])ccc3)cc2)cc(C(=O)NC)cc1,,C46022462,,0,0,0,0,0,0,1,1,1,0
FC(F)(F)c1cc(NC(=O)CN2C(=O)/C(=C/c3ccc([N+](=O)[O-])cc3)/NC2=O)ccc1,,C15052222,,0,0,0,0,0,0,0,0,0,0
S(CC(=O)NC=1C(=O)N(N(C)C=1C)c1ccccc1)c1n-2c(Nc3ccccc-23)nn1,,C09508962,,0,0,1,0,0,0,1,1,0,0
O(CC)C(=O)c1c(N/C(/C)=C/2\C(=O)N(c3sc4ccccc4n3)N=C\2C)n[nH]c1,,C06160251,,0,0,0,0,1,0,0,1,0,0
O=C(Nc1n(CC2CCCCC2)ncc1)CN1C(=O)[C@@](C)(c2occc2)NC1=O,,C53635343,,0,0,1,0,0,0,0,0,0,0
O=[N+]([O-])c1c(/C=C/C(=O)NCC(=O)Nc2c(C)cccc2C)cc2OCOc2c1,,C30619100,,0,0,0,0,0,0,0,0,0,0
O=[N+]([O-])c1cccc2C(=O)N(CC(=O)Nc3ccc([NH+](CC)CC)cc3)C(=O)c12,,C08760998,,0,0,0,0,0,0,1,1,0,0
O([C@H](C)C(=O)NC(=O)NC(C)C)C(=O)c1cc(-c2sc(C)cc2)nc2onc(C)c12,,C11961197,,0,1,1,0,0,0,1,1,0,0
O(CC)C(=O)C=1[C@@H](C)C(NC(=O)N[C@@H]2[C@H](C)N(C)N(c3ccccc3)C2=O)=NC=1C,,C39964694,,0,0,0,0,0,0,0,0,0,0
S=C(NC(=O)c1ccc([N+](=O)[O-])cc1)Nc1ccc(C(OC)=O)cc1,,C00934322,,0,0,0,0,0,0,0,1,0,0
O=[N+]([O-])c1c(C(=O)N/N=C(\C)/CC(=O)Nc2c(C)c(C)ccc2)cccc1,,C04690517,,0,0,0,0,0,0,0,0,0,0
O=[N+]([O-])c1cc(/C=C/C=N\NC(=O)[C@@H]2[C@H](c3ccccc3)CNC2=O)ccc1,,C04721527,,0,0,0,0,0,0,0,0,0,0
Clc1c([N+](=O)[O-])cc([C@H]2NC(=O)NC=3CN(CCC(C)C)C(=O)C2=3)cc1,,C05007081,,0,0,0,0,0,0,0,0,0,0
Oc1ccc(N[C@@H]([P@@]2(=O)O[C@@H](C)CCO2)c2ccc([N+](=O)[O-])cc2)cc1,,C04063493,,0,0,0,0,1,0,0,0,1,0
S=C(NC(=O)c1cc(C)c([N+](=O)[O-])cc1)Nc1ccc(C(OC)=O)cc1,,C04090482,,0,0,0,0,0,0,0,1,0,0
O=[N+]([O-])c1cc(OCC(=O)NC(=O)Nc2c(C)cc(C)cc2)ccc1,,C06060763,,0,0,0,0,0,0,0,1,0,0
O=[N+]([O-])c1cc(C(OCC(=O)Nc2c(C)cccc2C)=O)c(NC)cc1,,C05620308,,0,0,0,0,0,0,0,1,0,0
S(=O)(=O)(Nc1c(C(=O)N[C@H](C)CC)cccc1)c1ccc([N+](=O)[O-])cc1,,C01128025,,0,0,0,0,0,0,0,1,0,0
O(C)Cc1c(C(O[C@H](C)C(=O)NC(=O)NC(C)(C)C)=O)oc2ccccc12,,C07836345,,0,0,0,0,0,0,0,1,0,0
S([C@H](C)C(=O)NC(=O)NC)c1n(-c2ccc(CCCC)cc2)nnn1,,C08229710,,0,0,1,0,0,0,0,1,0,0
ClCC1=C(C(OCC)=O)[C@@H](c2ccc([N+](=O)[O-])cc2)C(C#N)=C(N)O1,,C01297418,,0,0,0,0,0,0,0,0,0,0
S(CC(=O)Nc1scc(C)n1)c1n2C(C(C)(C)C)=CC(=O)Nc2nn1,,C09018778,,0,1,1,0,1,0,1,1,0,0
S(Cc1onc(-c2ccc(C)cc2)n1)c1n(N)c(-c2occc2)nn1,,C11592392,,0,0,1,0,0,1,1,1,0,0
O=C(Nc1n(C=2NC(=O)C=C(CC)N=2)nc(-c2occc2)c1)CCCC,,C12006607,,0,1,1,0,0,1,0,1,0,0
O=C(Nc1n(C=2NC(=O)C=C(c3ccccc3)N=2)nc(-c2occc2)c1)CC,,C12009032,,0,0,1,0,0,1,0,1,0,0
O=[N+]([O-])c1c(O[C@H](C)C(=O)Nc2ccc(NC(=O)CC)cc2)cccc1,,C13614114,,0,0,0,0,0,0,0,1,0,0
Clc1cc([N+](=O)[O-])c(C(OCC(=O)Nc2ccc(O)cc2)=O)cc1,,C18322114,,0,0,0,1,0,0,0,1,0,0
Oc1c([N+](=O)[O-])cc(C[C@@H](/N=C/c2c(O)cccc2)C(OC)=O)cc1,,C20220424,,0,0,1,0,0,0,0,1,0,0
O=[N+]([O-])c1c(NC2CCC(C)CC2)ccc(C(=O)NCC(OC)=O)c1,,C29068117,,0,0,0,0,0,0,0,0,0,0
S([C@H](C)C(=O)NC(=O)NC)c1n(C2CCCCC2)c(-c2occc2)nn1,,C10015078,,0,0,1,0,0,0,0,0,0,0
O=[N+]([O-])c1ccc(C(O/N=C\2/[C@]3(C)C(C)(C)[C@](C(=O)N)(C/2)CC3)=O)cc1,,C38288355,,0,0,0,0,0,0,0,0,0,0
Oc1c(OCC)cc(/C=N/NC(=O)[C@H]2N=NC(c3cc(OC)ccc3)=C2)cc1,,C38815196,,0,0,1,1,0,0,0,1,0,0
O=[N+]([O-])c1cc([C@@H]2C(C#N)=C(N)OC=3C=C(CCC)N(CC)C(=O)C2=3)ccc1,,C40569448,,0,0,0,0,0,0,0,0,0,0
O=C(Nc1noc(C)c1)CN1C(=O)C2(NC1=O)CCC(C(C)(C)CC)CC2,,C41095274,,0,0,0,0,0,0,0,0,0,0
Clc1c(NC(=O)C(=O)NC[C@H]2Oc3ccccc3C2)ccc([N+](=O)[O-])c1,,C41847561,,0,0,0,0,0,0,0,1,0,0
Clc1c(C(=O)Nc2ccc(NC(OC)=O)cc2)cc([N+](=O)[O-])cc1,,C46521016,,0,0,0,0,0,0,0,0,1,0
Fc1cc(F)cc(N2C(=O)[C@H](C(=O)NNc3c([N+](=O)[O-])cccc3)CC2)c1,,C53061442,,0,0,0,0,0,0,0,0,0,0
O=[N+]([O-])c1cc(NC(=O)C(=O)N[C@@H](C)COc2cc(C)ccc2)c(C)cc1,,C54893716,,0,0,0,0,0,0,0,0,0,0
O=[N+]([O-])c1c(NC(=O)[C@@H](OC(=O)c2c[nH]c3ccccc23)C)cccc1,,C06115109,,0,0,0,0,0,0,0,1,0,0
O=C(NC(C)(C)CC)CN1C(=O)[C@](C)(Cc2ccc3OCOc3c2)NC1=O,,C07080912,,0,0,0,0,0,0,0,0,0,0
O=C(N[C@@H](C)c1ccc(C(C)(C)C)cc1)CCc1onc(-c2n[nH]cn2)n1,,C58246732,,0,0,1,0,0,1,1,1,0,0
Clc1c(-c2oc(C(=O)NCC(=O)NC(C)C)cc2)ccc([N+](=O)[O-])c1,,C17809199,,0,0,0,0,0,0,0,0,0,0
S(=O)(=O)(N)c1c(N(C)CCOc2cc(C)cc(C)c2)ccc([N+](=O)[O-])c1,,C15143121,,0,0,0,0,0,0,0,1,0,0
O=C(NCCN(CC)c1c(C)cccc1)Nc1ccc(-n2nnnc2)cc1,,C58406656,,0,0,0,0,0,0,0,1,1,0
S([C@@H](C)C(=O)NC(=O)Nc1c(C)cc(C)cc1)c1n(CC(C)C)nnn1,,C29615022,,0,0,1,0,0,0,0,1,0,0
O=[N+]([O-])c1cc(C(=O)N[C@@H](C)C(=O)Nc2cc(-n3cccc3)ccc2)ccc1,,C58897785,,0,0,0,0,0,0,0,1,0,0
O=[N+]([O-])c1ccc(O[C@@H](C)C(=O)Nc2cc(C(=O)NC(C)C)ccc2)cc1,,C14835349,,0,0,0,0,0,0,0,1,0,0
Fc1c([N+](=O)[O-])cc(NC(=O)C(=O)NCCOc2cc(C)ccc2)c(F)c1,,C48996409,,0,0,0,0,0,0,0,1,0,0
Clc1ccc(C(=O)N/N=C/c2c([N+](=O)[O-])cc(OC)c(O)c2)cc1,,C41224264,,0,0,0,0,0,0,0,1,0,0
S(CC(=O)NC(=O)NC12CC3CC(C1)CC(C2)C3)c1n(CC=C)nnn1,,C52894629,,0,0,1,0,0,0,0,0,0,0
Fc1c(NC(=O)C(=O)N[C@H](C)COc2ccc(C)cc2)cc([N+](=O)[O-])cc1,,C65618888,,0,0,0,0,0,0,0,0,0,0
O(CC)C(=O)Nc1cc(OC(=O)C=2C(=O)NC(c3occc3)=CC=2)ccc1,,C65841480,,0,0,0,0,0,0,0,0,0,0
O=[N+]([O-])c1cc(C(=O)NNC(=O)Cc2cc(OC(C)C)ccc2)ccc1,,C66012849,,0,0,0,0,0,0,0,1,0,0
S(=O)(=O)(Nc1n(C)nc(CC(C)C)c1)c1cc(C(OC)=O)c(O)cc1,,C66254976,,0,0,1,0,0,0,0,1,1,0
S(Cc1nc(N)nc(N(C)C)n1)c1oc(CCC2CCCCC2)nn1,,C66257392,,0,0,1,0,0,1,0,1,0,0
O=[N+]([O-])c1cc(CO/N=C(\N)/CCc2ccccc2)c2OCOCc2c1,,C66374142,,0,0,0,0,0,0,0,1,0,0
S(=O)(=O)(NNC(=O)CC1CCCCC1)c1c(C)ccc([N+](=O)[O-])c1,,C66589256,,0,0,0,0,0,0,0,0,0,0
Clc1ccc(OCCOc2c([N+](=O)[O-])cc(S(=O)(=O)N)cc2)cc1,,C66779967,,0,0,0,0,1,0,0,1,1,0
O=C(OC(C)(C)C)N[C@H](C)C(=O)N1CCN(CC(=O)NC(C)C)CC1,,C43933562,,0,0,0,0,0,0,0,0,0,0
S(CC(=O)N1[C@H](CC)CCCC1)c1n(N)c(-c2occc2)nn1,,C04538396,,0,0,1,0,0,0,0,1,0,0
S=C(NC(=O)c1c([N+](=O)[O-])cccc1)Nc1nc(C)ccc1,,C00450422,,0,0,1,0,0,0,0,1,0,0
O=[N+]([O-])c1c(C)c(C(=O)Nc2c(NC(=O)C)cccc2)ccc1,,C00447642,,0,0,0,0,0,0,0,1,0,0
Clc1c(C(O[C@@H](C)C(=O)NC(=O)NC)=O)nc(Cl)cc1,,C04767406,,0,0,0,0,0,0,0,0,0,0
O=C(N[C@@H](C)C(=O)Nc1sc(-c2ccccc2)nn1)N(C)C,,C00326364,,0,0,1,0,0,0,0,1,1,0
BrCCC(=O)NC(=O)Nc1c([N+](=O)[O-])cccc1,,C04974496,,0,0,0,0,0,0,0,0,0,0
O([C@H](C)C(=O)NC(=O)NC1CCCCC1)C(=O)c1c(C)oc(C)c1,,C05992256,,0,0,0,0,0,0,0,0,0,0
O=[N+]([O-])c1cc(/C=C/C(=O)NNC(=O)c2sccc2)ccc1,,C06452107,,0,0,0,0,0,0,0,1,0,0
O=[N+]([O-])c1ccc(NNC(=O)[C@@]23C(=O)C(C)(C)[C@@H](C2)CC3)cc1,,C07010430,,0,0,0,0,0,0,0,0,0,0
O=C(NC1(C#N)CCCCC1)CN1C(=O)[C@](C)(C2CC2)NC1=O,,C07044055,,0,0,0,0,0,0,0,0,0,0
S([C@@H](C)C(=O)NC(=O)NC(C)(C)C)c1n2C=CC=Cc2nn1,,C07297343,,0,0,1,0,0,0,0,0,0,0
O=[N+]([O-])c1cc(C(=O)NNC(=O)Cc2c(C)cccc2)ccc1,,C07475597,,0,0,0,0,0,0,0,1,0,0
S(CC(=O)NC(C)(C)C)c1n2C(C(C)C)=CC(=O)Nc2nn1,,C09018676,,0,1,1,0,1,0,0,1,0,0
O=[N+]([O-])c1cc(C)c(NC(=O)C(=O)NCc2ccccc2)cc1,,C10017182,,0,0,0,0,0,0,0,1,0,0
Clc1cccc2c(C)c(C(OCC(=O)NC(=O)NC)=O)oc12,,C11420197,,0,0,0,0,0,0,0,1,0,0
O=C(NNC(=O)c1c(C)n(C)nc1)[C@H](Oc1c(C)c(C)ccc1)C,,C11509989,,0,0,1,0,0,0,0,1,0,0
S(CC(=O)NC(=O)N[C@@H]1[C@@H](C)CCCC1)c1n(C(C)C)cnn1,,C11721121,,0,0,1,0,0,0,0,0,0,0
O[C@@](C)(C(=O)N/N=C(\C)/Cn1nnc2ccccc12)c1ccccc1,,C12362259,,0,1,1,1,0,0,1,1,0,0
S([C@@H](C)c1nc(N)nc(N(C)C)n1)c1nncc2ccccc12,,C13005805,,0,0,1,0,0,0,1,1,0,0
S(CC(=O)Nc1sc(-c2ccccc2)nn1)c1n[nH]nc1,,C07344259,,0,0,1,0,0,1,1,1,1,0
O(Cc1nc(N)c2c(sc3CCCCc23)n1)C(=O)C=1OCCOC=1,,C18264295,,0,0,0,0,0,0,0,0,0,0
S([C@H](C)C(=O)NC(=O)Nc1c(C)cc(C)cc1)c1n(C)cnn1,,C29410308,,0,0,1,0,0,0,0,1,0,0
O=[N+]([O-])c1c(C(=O)NNC(=O)[C@@H]2[C@H](c3ccccc3)C2)cccc1,,C00342717,,0,0,0,0,0,0,0,0,0,0
O=C(Nc1nn(C)c2NC(=O)C[C@@H](c3occc3)c12)CCCC,,C38519884,,0,0,0,0,1,0,0,1,0,0
S[C@@H]1N(/N=C/c2occc2)[C@@H]([C@H]2N=NC(c3ccccc3)=C2)NN1,,C38556158,,0,0,0,0,0,0,0,0,0,0
O(CC)c1c(OCC)cccc1[C@@H]1C(C#N)=C(N)O[C@@H]2N=NC(C)=C12,,C38627286,,0,0,0,0,0,0,0,0,0,0
O=C(Nc1nn(C)c2NC(=O)C[C@@H](C)c12)c1c(OCC)cccc1,,C38905346,,0,0,0,0,0,0,0,0,0,0
S[C@@H]1N(/N=C/c2ccc(OC)cc2)[C@H]([C@@H]2N=NC(C)=C2)NN1,,C38966515,,0,0,0,0,0,0,0,0,0,0
S(C[C@@H]1NOC=C1)c1n(c(-c2[nH]nc(C)c2)nn1)-c1ccccc1,,C39605474,,0,0,1,0,0,0,1,0,0,0
O=C1[C@@H](/C=C/C2=C(Cc3c(C)ccc(C)c3)C(=O)NC=N2)C=NC(=O)N1,,C39949510,,0,0,0,0,1,0,0,1,0,0
O=[N+]([O-])[C@H]1[C@H](C(=O)NNC(=O)c2sc3CCCCCc3c2)C1,,C40144722,,0,0,0,0,0,0,0,0,0,0
O=[N+]([O-])c1cc(NC(=O)C(=O)NCc2sc(C)cc2)c(C)cc1,,C41440458,,0,0,0,0,0,0,0,1,0,0
Clc1c(NC(=O)C(=O)NCc2cscc2)ccc([N+](=O)[O-])c1,,C41554464,,0,0,0,0,0,0,0,1,0,0
O(CCCn1nnc2cc3OCOc3cc12)c1cc(N)ccc1,,C41582612,,0,1,1,1,0,1,1,1,1,0
Fc1cc(NC(=O)C(=O)N/N=C/c2ccc3OCOc3c2)ccc1,,C48523643,,0,0,1,0,0,0,0,1,0,0
S=C1N[C@H](c2cc([N+](=O)[O-])sc2)C(C(OC)=O)=C(C)N1,,C48666170,,0,0,0,0,0,0,0,0,0,0
S(=O)(=O)(C)c1cc([N+](=O)[O-])c(N[C@H]2[C@H](O)CCCC2)cc1,,C52006899,,0,0,0,0,0,0,0,0,0,0
O(C)CCN1CNC(Nc2nc(C)c3cccc(C)c3n2)=NC1,,C20634334,,0,0,1,0,0,0,0,1,0,0
S([C@@H](C)c1nc(N)nc(N(C)C)n1)c1ncnc2ccsc12,,C09415855,,0,0,1,1,0,0,1,0,1,0
O=C(N[C@H](C)CC)[C@@H](NC(=O)N1CCN(C(=O)C(C)(C)C)CC1)C,,C62525696,,0,0,0,0,0,0,0,0,0,0
CC(C)CC=1N=N[C@H]([C@@H]2NN[C@H]3SC(c4ccncc4)=NN23)C=1,,C39983877,,0,0,1,1,0,0,0,0,0,0
Nc1nc(N(C)C)nc(CN2C[C@@H](C)O[C@H](c3ccccc3)C2)n1,,C63581751,,0,0,1,0,0,0,0,0,0,0
O=C(NC1=C[C@H]2N=CC=C2C=C1)CC1(CN2N=NNC2)CCCCC1,,C63818119,,0,0,0,0,0,0,0,0,0,0
O=C(NC=1C=C[C@@H]2N=CC=C2C=1)CC1(CN2N=NNC2)CCCCC1,,C63818194,,0,0,0,0,0,0,0,0,0,0
O(C[C@@H]1ON=C(c2ccccc2)N1)C(=O)c1[nH]nc2ccccc12,,C63820643,,0,0,1,0,0,0,0,1,0,0
O=C(Nc1c(C)c(C(=O)Nc2sccn2)ccc1)[C@@H]1N=NC(C)=C1,,C65460935,,0,0,0,0,0,0,0,1,0,0
S(=O)(=O)(NNC(=O)c1c(C)nc2n1C=CC=C2)C1CCCCC1,,C66577459,,0,1,1,0,0,0,0,1,0,0
Clc1cc(C(=O)NCC)c(NC(=O)[C@@H]2[C@@H]([N+](=O)[O-])C2)cc1,,C67171674,,0,0,0,0,0,0,0,0,0,0
O=C(NCC)Cn1nc(NC(=O)c2c(C)c3cccc(C)c3o2)cc1,,C67243418,,0,0,0,0,0,0,0,1,0,0
O=C(N[C@H](C)c1c(C)n(C)nc1C)N(C)CC(=O)NC(C)(C)C,,C67536036,,0,0,1,0,0,0,0,0,0,0
BrC1=Cn2c(C(=O)N/N=C/c3c(OC)cc(OC)cc3)c(C)nc2C=C1,,C00656870,,0,1,1,0,0,0,1,1,0,0
Clc1c(C)c(Cl)cnc1NC(=O)CSc1n(C)c(-c2c(C)occ2)nn1,,C04947687,,0,0,1,0,0,0,0,1,0,0
O=C(N[C@H]1[C@@H](C)[C@H](C)CCC1)CN1C(=O)c2n(C(C)=N1)nc(-c1ccc(CC)cc1)c2,,C06798631,,0,0,0,0,0,0,1,0,0,0
S(=O)(=O)(N(C)CC(=O)N[C@H]1[C@H](C)CCCC1)c1ccc2N(C)C(=O)C(C)(C)c2c1,,C06818728,,0,0,0,0,0,0,0,0,0,0
S(=O)(=O)(N(C)CC(=O)N[C@H]1[C@@H](C)CCCC1)c1ccc2N(C)C(=O)C(C)(C)c2c1,,C06818729,,0,0,0,0,0,0,0,0,0,0
O=C(CN1C(=O)C(CC)(CC)NC1=O)N1[C@@H](c2ccccc2)COc2ccccc12,,C08273702,,0,0,0,0,0,0,0,0,0,0
Clc1ccc(C2=Nn3c(SCC(=O)Nc4scc(C)n4)nnc3C=C2)cc1,,C09240472,,0,0,1,0,0,0,1,1,0,0
S(=O)(=O)(Nc1cc(C)cc(C)c1)c1sc(CN2C(=O)c3ncccc3C2=O)cc1,,C09153260,,0,0,0,0,0,0,1,1,1,0
Clc1c(-c2sc(NC(=O)[C@@H](Sc3n(C)cnn3)C)nn2)ccc(Cl)c1,,C09347034,,0,0,0,0,0,1,0,1,1,0
O(CC(=O)c1ccc2OCC(=O)Nc2c1)C(=O)c1sc-2c(COc3ccccc-23)c1,,C09817909,,0,0,1,0,0,0,0,1,0,0
S([C@H](C)C=1NC(=O)c2c(-c3sccc3)csc2N=1)c1n(C2CCCC2)nnn1,,C09832143,,0,0,1,0,0,0,0,1,0,0
O=C(N[C@H](C)c1ncccc1)CN1C(=O)c2n(CC(C(C)(C)C)=N1)c1ccsc1c2,,C12145889,,0,0,1,0,0,0,0,0,0,0
Fc1ccc(-n2ncc3C(C(C)C)=NN(CC(=O)NC4CCCCC4)C(=O)c23)cc1,,C12228992,,0,0,0,0,0,0,0,0,0,0
O(CC=1N=C2Sc3ccccc3N2C(=O)C=1)C(=O)c1c(C)c(C)sc1NC(=O)C,,C03429605,,0,0,1,0,0,0,0,1,0,0
S(CC(=O)N1C(=O)NCC1)c1n(c(-c2ccccc2)nn1)-c1cc(C)c(C)cc1,,C03340074,,0,0,1,0,0,0,1,0,0,0
O=C(N[C@@H](C)c1ccc2OCOc2c1)CN1C(=O)c2c(-c3ccccc3)csc2N=C1,,C14094572,,0,0,0,0,0,0,0,0,0,0
S(CC(=O)N1C(C)(C)C(=O)Nc2ccccc12)C=1N(CCC)C(=O)c2ccccc2N=1,,C15226121,,0,0,0,0,0,0,0,0,0,0
Clc1c(OCn2nc(C(=O)N3[C@](O)(C(F)(F)F)CC=N3)cc2)ccc(Cl)c1,,C17093435,,0,0,0,0,0,0,0,0,1,0
S([C@@H](C)C=1NC(=O)c2c(-c3occc3)csc2N=1)c1n(-c2ccccc2)cnn1,,C18264378,,0,0,0,0,0,0,1,0,0,0
Clc1cc(NC(=O)CCN2C(=O)c3nn(-c4ccccc4)c(C)c3C(C)=N2)c(C)cc1,,C20563493,,0,0,0,1,0,0,1,1,0,0
O=C(N/N=C/c1c(-c2ccccc2)nn(-c2ccccc2)c1)[C@@H]1Oc2ccccc2OC1,,C20785008,,0,0,0,0,0,0,1,0,0,0
Clc1n(Cc2ccc(Cl)cc2)nc(C)c1/C=N/N1C(=O)[C@@](C)(CC)NC1=O,,C20935072,,0,0,0,0,0,0,0,0,0,0
S(CC=1NC(=O)c2cccc(C)c2N=1)c1n(c(-c2c(C)occ2)nn1)-c1ccccc1,,C21449101,,0,1,1,0,0,0,1,1,0,0
O=C(NC1CCCCC1)[C@@]1(C)N(Cc2occc2)C(=O)c2n(c(-c3occc3)cc2)C1,,C21862979,,0,0,0,0,0,0,0,0,0,0
O=C(Nc1cc(C)cc(C)c1)[C@H](CC)N1C(=O)c2c(C)n(-c3ccccc3)nc2C(C)=N1,,C21943307,,0,0,1,0,0,0,1,0,0,0
O=C1N(CC=2N=C3SC=4CCCCC=4N3C(=O)C=2)C(=O)N[C@@]1(CCC)c1ccccc1,,C24709915,,0,0,0,0,0,0,0,0,0,0
Brc1c(O[C@@H](C)C(=O)N2CC(=O)Nc3ccccc23)ccc(C(OC)=O)c1,,C25456800,,0,0,0,0,0,0,0,1,0,0
Clc1ccc(-c2oc(CN(S(=O)(=O)c3ccc4OCC(=O)Nc4c3)C)cc2)cc1,,C29335477,,0,0,0,0,0,0,0,1,0,0
S([C@@H](C)C(=O)c1ccc2N(C(=O)C)CCc2c1)c1oc(-c2c[nH]c3ccccc23)nn1,,C31685509,,0,0,0,0,0,1,1,1,0,0
O=C(N/N=C\c1cc(OC)ccc1)[C@H](C)N1C(=O)c2c(sc3C[C@H](C)CCc23)N=C1,,C31783243,,0,0,0,0,0,0,0,1,0,0
Clc1c(Cl)cccc1Cc1sc(NC(=O)c2cnc(-n3ncnc3)cc2)nc1,,C32905589,,0,0,1,0,0,0,0,1,0,0
O=C(NC=1C(=O)N(N(C)C=1C)c1ccccc1)CN1CCN(c2c(C)c(C)ccc2)CC1,,C34886245,,0,0,0,0,0,0,0,0,0,0
S([C@H](C)C(=O)NC1CC1)c1n-2c(N(c3c(C)cc(C)cc3)C(=O)c3ccccc-23)nn1,,C36849652,,0,0,0,0,0,0,1,1,0,0
S(CC(=O)Nc1sc(C(=O)C)c(C)n1)C1=NC(=O)C=2C(S[C@@H]3CCCCC=23)=N1,,C39152769,,0,0,1,0,0,0,0,1,0,0
S([C@@H](C)C1=NC(=O)C2=C(c3ccccc3)CSC2=N1)[C@@H]1N(c2ccccc2)N=NN1,,C39712363,,0,0,0,0,0,0,0,1,0,0
S=C1N([C@H](C)C(=O)Nc2c(C)cccc2)C(=O)/C(=C/c2cc([N+](=O)[O-])ccc2)/S1,,C47152300,,0,0,0,0,0,0,0,1,0,0
S(CC=1NC(=O)c2c(-c3occc3)csc2N=1)c1n(C2CCCCC2)c(C)nn1,,C09586212,,0,0,1,0,0,1,1,1,0,0
Clc1c(CN2/C(=N\C(=O)CN3C(=O)[C@](C)(CC)NC3=O)/SC=C2)cccc1,,C57809857,,0,0,0,0,0,0,0,0,0,0
S([C@@H](C)c1oc(C)nn1)c1n(c(-c2c[nH]c3ccccc23)nn1)-c1cc(C)ccc1,,C48186956,,0,0,1,0,0,0,0,1,0,0
O=[N+]([O-])c1ccc(CNC(=O)[C@@H]2N(C(=O)C34CC5CC(C3)CC(C4)C5)CCC2)cc1,,C55797189,,0,0,0,0,0,0,0,0,0,0
O=C(N[C@H](C(C)C)c1n2C=CC=Cc2nn1)c1nn(-c2c(C)cccc2)c2CCCc12,,C60359984,,0,0,1,0,0,0,1,0,0,0
O=C(Nc1sc2C(=O)CCCc2n1)[C@@H](CC(C)C)N1C(=O)c2ccccc2C1=O,,C60362211,,0,0,0,0,0,0,1,0,0,0
O=C(Nc1scc(-c2sc(C)cc2)n1)COc1nn(C)c2nc(C)cc(C)c12,,C60376012,,0,1,1,0,0,0,1,1,0,0
Oc1c(C=2N=N[C@H]3C(=O)N(Cc4occc4)[C@H](c4cc(OC)ccc4)C=23)cc(C)cc1,,C06753257,,0,0,0,0,0,0,0,0,0,0
Clc1c(NC(=O)CS[C@@H]2N(c3ccc(C)cc3)C3=NC=NC(=O)C3=N2)cccc1,,C63778038,,0,0,0,0,0,0,0,1,0,0
ClC1=CN2C(=O)C=C(CSc3sc(NC(=O)c4ccccc4)nn3)N=C2C=C1,,C46031625,,0,1,1,0,0,0,1,1,0,0
S(Cc1c(C)oc(-c2ccc(C)cc2)n1)[C@H]1N(c2ccccc2)C2=NC=NC(=O)[C@H]2N1,,C64774805,,0,0,0,0,0,0,0,1,0,0
O=C(Nc1cc(C)ccc1)[C@@H](CC)N1C(=O)c2c(C)n(-c3ccccc3)nc2C(C)=N1,,C64971017,,0,0,0,0,0,0,1,0,0,0
S(=O)(=O)(N1CCN([C@]2(CC)CN(C(=O)NC)CC2)CC1)c1c(CC)cccc1,,C65292102,,0,0,0,0,0,0,0,0,0,0
Clc1c(C)c(-n2ncc3[C@H](c4c(OC)cc(OC)c(OC)c4)CC(=O)Nc23)ccc1,,C65331358,,0,0,0,0,0,0,0,0,0,0
[NH+](C)(C)[C@@H](CC[C@H]([NH+](C)C)C[C@@H](C)CC(C)(C)C)C[C@@H](C)CC(C)(C)C,,C04410155,,0,0,0,0,0,0,0,0,0,0
Oc1c(C)cc(C)cc1C[NH2+]CCCCCC[NH2+]Cc1c(O)c(C)cc(C)c1,,C01718687,,0,0,1,0,0,0,0,0,0,0
O(C)c1ccc2[nH+]c3CCCCc3c(NCCC[NH+](CCCC)CCCC)c2c1,,C01683246,,0,0,0,0,0,0,0,1,0,0
OC(C(=O)OC1[C@@H](C[NH+](C)C)CCCC[C@H]1C[NH+](C)C)(c1ccccc1)c1ccccc1,,C01717443,,0,0,0,0,0,0,0,0,0,0
S(S[C@H](C([NH2+]CCCC)(C)C)c1sccc1)[C@@H](C([NH2+]CCCC)(C)C)c1sccc1,,C05120927,,0,0,0,0,0,0,0,0,0,0
[NH+](CCCC[NH+](Cc1ccccc1)Cc1ccccc1)(Cc1ccccc1)Cc1ccccc1,,C05464760,,0,0,0,0,0,0,0,0,0,0
N(CCCCCCNc1cc(C)[nH+]c2cc(N(C)C)ccc12)c1cc(C)[nH+]c2cc(N(C)C)ccc12,,C01570580,,0,0,0,0,0,0,0,0,0,0
O=C1[C@H](C[NH2+]CCC[NH+](CCCC)CCCC)[C@@H]2C[C@@H]3[C@@](C)(CCC[C@@]43OC4)C[C@@H]2O1,,C09356567,,0,0,0,0,0,0,0,0,0,0
O(C)CC[NH+](C[C@@H]1C[NH+](C2Cc3ccccc3C2)CCC1)Cc1c(OCC)cccc1,,C11818245,,0,0,0,0,0,0,0,0,0,0
O[C@@H](COc1ccc(C[NH2+]Cc2cccc3ccccc23)cc1)C[NH+](C)Cc1ccccc1,,C11879853,,0,0,0,0,0,0,0,0,0,0
O[C@@H](COc1c(OC)ccc(C[NH2+]C2(c3ccccc3)CC2)c1)C[NH+](C)Cc1ccccc1,,C12051539,,0,0,0,0,0,0,0,1,0,0
O[C@H](COc1c(OC)ccc(C[NH2+]C2CCCCC2)c1)C[NH+](C)Cc1ccccc1,,C12055353,,0,0,0,0,0,0,0,0,0,0
O[C@H](COc1cc(C[NH+](C)Cc2oc3ccccc3n2)ccc1)C[NH+](C)C1CCCCC1,,C12075748,,0,0,1,0,0,0,1,1,0,0
O[C@H](COc1ccc(C[NH2+]CCCC2CCCC2)cc1)C[NH+]1CCC(C(OC)=O)CC1,,C12092126,,0,0,0,0,0,0,0,0,0,0
O[C@@H](COc1c(OC)ccc(C[NH2+]CC2CCCCC2)c1)C[NH+](C)Cc1ccccc1,,C12193240,,0,0,0,0,0,0,0,0,0,0
O[C@@H](COc1cc(C[NH2+]Cc2c(C)cccc2)ccc1)C[NH+](C)C1CCCCC1,,C12303157,,0,0,0,0,0,0,0,0,0,0
O[C@@H](COc1c(C[NH2+]CC2(O)CCCCC2)cccc1)C[NH+](C)C1CCCCC1,,C12386479,,0,0,0,0,0,0,0,0,0,0
O[C@@H](COc1c(C[NH2+]C(C2CC2)C2CC2)cccc1)C[NH+]1CCc2ccccc2C1,,C12387155,,0,0,0,0,0,0,0,0,0,0
O(C)CC[NH+](C[C@@H]1C[NH+](C2Cc3ccccc3C2)CCC1)Cc1ccc(OCC)cc1,,C12432313,,0,0,0,0,0,0,0,0,0,0
O(C)CC[NH+](C[C@H]1C[NH+](C2Cc3ccccc3C2)CCC1)Cc1n(CC)c2ccccc2n1,,C12317152,,0,0,0,0,0,0,0,0,0,0
Brc1ccc(CN(CCCNC(=S)NCCCNc2[nH+]cccc2)c2[nH+]cccc2)cc1,,C13782012,,0,0,0,0,0,0,0,0,0,0
O(C)c1ccc(CC[NH+]2CCC(C[NH+](C)Cc3sc([C@@H]4OCCCC4)cc3)CC2)cc1,,C15080353,,0,0,0,0,0,0,0,1,0,0
O=C1[C@H](C[NH2+]CCC[NH+](CCCC)CCCC)[C@@H]2C[C@@H]3C(=C)CCC[C@@]3(C)C[C@@H]2O1,,C15955542,,0,0,0,0,0,0,0,0,0,0
O[C@@H](COc1cc(C[NH2+]CCCc2cnccc2)ccc1)C[NH+](C)C1CCCCC1,,C12436101,,0,0,1,0,0,0,0,1,0,0
O(C)c1ccc(-c2c(C[NH2+]Cc3ccc(C[NH+](C)C)cc3)cn(-c3ccccc3)n2)cc1,,C17319391,,0,0,0,0,0,0,0,0,0,0
ClC(Cl)(Cl)[C@H]([NH+](CC)CC)NC(=O)N[C@@H]([NH+](CC)CC)C(Cl)(Cl)Cl,,C03114921,,0,0,0,0,0,0,0,0,0,0
O(C)c1ccc(C[NH+](C[C@@H]2[NH+]3C[C@H](CC)[C@H](C2)CC3)Cc2ccc(OC)cc2)cc1,,C20462703,,0,0,0,0,0,0,0,1,0,0
Fc1ccc(CC[NH+]2CCC(CN(C)Cc3n(-c4ccc(OC)cc4)cc[nH+]3)CC2)cc1,,C20534154,,0,0,0,0,0,0,0,1,0,0
O=C([C@H](C[NH2+]C(C)(C)C)CN(C[C@H](C[NH2+]C(C)(C)C)C(=O)c1ccccc1)C(C)(C)C)c1ccccc1,,C16973529,,0,0,0,0,0,0,0,0,0,0
O=C(/C=C/c1ccc(/C=C\C(=O)C(C)(C)C[NH+](C)C)cc1)C(C)(C)C[NH+](C)C,,C17176610,,0,0,0,0,0,0,0,0,0,0
O([C@H](C)C[NH+](C)C)C(=O)C(/C=C/C)(/C=C/C)C(/C=C/C)(/C=C/C)C(O[C@H](C)C[NH+](C)C)=O,,C16989797,,0,0,0,0,0,0,0,0,0,0
O(CC)C(=O)[C@@H]1C(NC(=O)C[NH+]2CCC(Cc3ccccc3)CC2)=C2C=C(OCC)C=CC2=[NH+]1,,C38688898,,0,0,0,0,0,0,0,0,0,0
O=C1N(CC[NH+](C)C)C(=O)C2(N1CCC(C)C)CC[NH+](C[C@@H](C)CCC=C(C)C)CC2,,C14530564,,0,0,0,0,0,0,0,0,0,0
S(CC(=O)C=1C[NH+]=C2C(CC)=CC=CC=12)C=1N(Cc2ccccc2)[C@@H]([C@H]([NH+](C)C)CC)NN=1,,C39425150,,0,0,0,0,0,0,0,0,0,0
O(C)CC[NH+]1CCC(CN(C/C=C/c2ccccc2)C[C@@H]2[NH+](CC)CCC2)CC1,,C23359157,,0,0,0,0,0,0,0,0,0,0
N(C[C@@H]([NH+]1C[C@@H](Cc2ccccc2)[NH2+]CC1)c1ccc(Cc2ccccc2)cc1)Cc1ccccc1,,C39530974,,0,0,0,0,0,0,0,0,0,0
Oc1c(NC[C@@H]([NH+]2C[C@@H](Cc3ccccc3)[NH2+]CC2)c2ccc(Cc3ccccc3)cc2)cccc1,,C39530976,,0,0,0,0,0,0,0,1,0,0
O(C)Cc1oc(C[NH+](C[C@@H]2OCCC2)CC2CC[NH+](C3Cc4ccccc4C3)CC2)cc1,,C15078082,,0,0,0,0,0,0,0,0,0,0
O(CC)C(=O)[C@@H]1C(NC(=O)C[NH+]2CCC(Cc3ccccc3)CC2)=C2C=C(OC)C=CC2=[NH+]1,,C39582252,,0,0,0,0,0,0,0,0,0,0
O(CC)C(=O)CC[C@@H]1C(C)=C(C)C(C=2CCC/C(=C/3\C(C)=C(C)C(CCC(OCC)=O)=[NH+]\3)/C=2)=[NH+]1,,C39947815,,0,0,0,0,0,0,0,0,0,0
O=C(NCCC[NH2+]C1CCCCC1)NC[C@@H]1C[NH+](Cc2sccc2)CCC1,,C50137798,,0,0,0,0,0,0,0,0,0,0
O=C(CCC1CC[NH+](C[C@@H](C)CCC=C(C)C)CC1)N1CC[NH+](CC)CC1,,C14979902,,0,0,0,0,0,0,0,0,0,0
Clc1sc(C[NH+](CC=C)CC(=O)NC[C@H]([NH+](CC)CC)c2occc2)cc1,,C58338485,,0,0,0,0,0,0,0,0,0,0
Clc1c(COc2c(C[NH2+]CC[NH2+]CCO)c3ccccc3cc2)ccc(Cl)c1,,C23469469,,0,0,0,0,0,0,0,0,0,0
Clc1c([C@@H](C[NH2+]C[C@H](O)COc2ccc(OCC)cc2)C=2C[NH+]=C3C=CC=CC=23)cccc1,,C63230310,,0,0,1,0,0,0,0,0,0,0
O(CC)C(=O)N[C@H](CC=1C[NH+]=C2C=CC=CC=12)C(=O)NCCC=1C[NH+]=C2C=CC=CC=12,,C63349991,,0,0,0,0,0,0,0,0,0,0
S(CC(=O)c1ccccc1)[C@H]1N(c2ccccc2)C(CCCCC2[NH+]=C3C=CC=CC3=[NH+]2)=NN1,,C63532735,,0,0,0,0,0,0,0,1,0,0
Fc1c(OC[C@@H](O)C[NH2+]C[C@@H](c2ccccc2)C=2C[NH+]=C3C=CC=CC=23)cccc1,,C63806831,,0,0,0,0,0,0,0,1,0,0
FC(F)(F)C[NH+]1C[C@@H](CNC(=O)C[NH2+][C@H](C(C)(C)C)c2sccc2)CC1,,C64638255,,0,0,0,0,0,0,0,0,0,0
FC(F)Oc1c(OCC)cc(C[NH2+]Cc2cc(C[NH+](C)C(C)C)ccc2)cc1,,C65976651,,0,0,0,0,0,0,0,0,0,0
Clc1c(NC(=O)NCCNc2[nH+]cc(C(F)(F)F)cc2)cccc1,,C04299441,,0,0,0,0,0,0,0,1,0,0
S=C(NC1CC(C)(C)[NH2+]C(C)(C)C1)Nc1ccc([N+](=O)[O-])cc1,,C03904685,,0,0,0,0,0,0,0,0,0,0
Clc1c(Cl)ccc([C@@H](O)C[NH+]2CCC3(Oc4ccc(O)cc4[C@H](O)C3)CC2)c1,,C12293645,,0,0,0,0,0,0,0,0,0,0
Clc1c(NC(=O)[C@@H](C)[NH+]2CCC(C)CC2)c(N)cc(Cl)c1,,C21043713,,0,0,0,0,0,0,0,0,0,0
Clc1c(OC[C@H](O)C[NH+]2[C@H](C(=O)N)Cc3ccccc3C2)c(Cl)ccc1,,C21308856,,0,0,0,0,0,0,0,0,0,0
O[C@@](C)(C(C)(C)C)[C@@H]1[C@@]2(OC)CC[C@]3(C1)[C@@H]1[NH2+]CC[C@@]43[C@H]2Oc2c(O)ccc(C1)c42,,C22065365,,0,0,0,0,0,0,0,0,0,0
OC1=C(NC(=O)Nc2c(CC)cccc2)C(=[NH+]CC)c2ccccc2O1,,C28048757,,0,0,0,0,0,0,1,1,0,0
O(C)C(=O)c1c(C)c(C(=O)NC2CC(C)(C)[NH2+]C(C)(C)C2)[nH]c1CC,,C29787672,,0,0,0,0,0,0,0,0,0,0
O[C@H](COc1ccc2ccccc2c1)CNC1CC(C)(C)[NH2+]C(C)(C)C1,,C33402553,,0,0,0,0,0,0,0,0,0,0
Brc1sc([C@@H]([NH3+])c2ccc3OCC(=O)Nc3c2)cc1,,C35382354,,0,0,0,0,0,0,0,1,1,0
Brc1oc([C@H]([NH3+])c2c(Cl)cc3NC(=O)Cc3c2)cc1,,C35382696,,0,0,0,0,0,0,0,0,0,0
Ic1cc([C@H]([NH2+]C)c2ccc3NC(=O)Nc3c2)ccc1,,C35488451,,0,0,1,1,0,0,0,1,1,0
Brc1c(S(=O)(=O)NCC2([NH3+])CCCCCC2)ccc(C)c1,,C36266765,,0,0,0,0,0,0,0,0,0,0
Brc1c(NC(=O)[C@H]([NH3+])CCC)c(C(OC)=O)cc(Br)c1,,C37769920,,0,0,0,0,0,0,0,0,0,0
Brc1c(NC(=O)[C@@]([NH3+])(C)C2CC2)c(C(OC)=O)cc(Br)c1,,C37769948,,0,0,0,0,0,0,0,0,0,0
O=C(NC12CC3CC(C1)CC(C2)C3)N1CCC(C(=O)N)([NH+]2CCCCC2)CC1,,C04112521,,0,0,0,0,0,0,0,0,0,0
S(CC(=O)NC1CCCCC1)C=1N(c2cc(C)ccc2)C(N)=CC(=O)[NH+]=1,,C02795253,,0,0,1,0,0,0,0,0,0,0
Brc1c(OC)ccc([C@@H]([NH3+])c2ccc3NC(=O)Cc3c2)c1,,C38074025,,0,0,0,0,0,0,0,0,0,0
Brc1ccc(Oc2c(N)c(Nc3cccc4[nH+]c(C)ccc34)ncn2)cc1,,C40802272,,0,0,0,0,0,0,1,0,0,0
N(CCc1c[nH]c2ccccc12)c1[nH+]c2ccccc2c(NC2CC2)n1,,C41149879,,0,0,0,0,0,0,1,0,0,0
Brc1cc(N2[C@@H](C(=O)N)CCCC2)c(C[NH2+]CCC)cc1,,C42405740,,0,0,0,0,0,0,0,0,0,0
Clc1c(NC(=O)C[NH+](CC(C)C)C2CC2)c(N)cc(Cl)c1,,C42554310,,0,0,0,0,0,0,0,0,0,0
O=C(NCC1CC1)[C@@H]1[C@@H](C(=O)N[C@H](C)c2cccc3ccccc23)C[NH2+]C1,,C43222858,,0,0,0,0,0,0,0,0,0,0
Brc1c(N[C@@H]2C[NH+](C(C)C)CC2)cc2NC(=O)Nc2c1,,C45654467,,0,0,1,1,0,0,0,1,0,0
Clc1c([C@H](NS(=O)(=O)c2sc(C[NH3+])cc2)C)cccc1,,C49512484,,0,0,0,0,0,0,0,0,0,0
Oc1ccc2C=C(C(=O)N)/C(=[NH+]/c3ccc(-c4ccccc4)cc3)/Oc2c1,,C13896407,,0,0,0,0,0,0,0,1,0,0
Brc1c(Oc2c(C(=[NH2+])N)cccc2)c(Br)cc([N+](=O)[O-])c1,,C50441398,,0,0,0,0,0,0,0,0,0,0
S(CC=C)C1=[NH+]C(C)(C)C[C@]2(Oc3c(O)c(O)ccc3[C@@H](c3sccc3)C2)N1,,C04686001,,0,0,1,0,0,0,0,0,0,0
Brc1c([C@H]([NH2+]C)CC2CCCC2)cc2NC(=O)Nc2c1,,C52094508,,0,0,1,1,0,0,0,1,0,0
Brc1c([C@H]([NH2+]CC)C(CC)CC)cc2NC(=O)Nc2c1,,C52094616,,0,0,1,1,0,0,0,1,0,0
O=C(NC1CC1)C1CC[NH+](Cc2nc(N)c3c(sc4CCCCCc34)n2)CC1,,C55913868,,0,0,1,0,0,0,0,1,0,0
Clc1c(C(=O)NNC(=O)N[C@H](C)C[NH+]2C[C@@H](C)C[C@H](C)C2)cccc1,,C56945359,,0,0,0,0,0,0,0,0,0,0
Clc1c(C(=O)NNC(=O)N[C@H](C)C[NH+]2C[C@H](C)C[C@@H](C)C2)cccc1,,C56945361,,0,0,0,0,0,0,0,0,0,0
Brc1c(NC(=O)NCCNc2[nH+]cccc2)ccc(C)c1,,C43328446,,0,0,0,0,0,0,0,1,0,0
Clc1ccc(/C=N/[NH+]=C(\N)/N/N=C/c2ccc(Cl)cc2)cc1,,C38338242,,0,0,0,0,0,0,0,1,0,0
O=C(N)[C@@H]1C[NH+](Cc2c(NC(=O)[C@H]3CCCc4ccccc34)cccc2)CCC1,,C60331542,,0,0,0,0,0,0,0,0,0,0
Brc1cc([C@H](SC=2N(C(C)C)C(=O)NN=2)[C@H]([NH3+])CC)sc1,,C61595150,,0,0,1,0,1,0,0,0,0,0
Brc1c([C@@H]([NH2+]C)c2ncc(Br)cc2)cc2NC(=O)Nc2c1,,C61862780,,0,0,0,1,0,0,0,1,1,0
Brc1c([C@H]([NH2+]C)c2ncc(Br)cc2)cc2NC(=O)Nc2c1,,C61862781,,0,0,0,1,0,0,0,0,0,0
Clc1c(NC(=O)CC[NH+]2C(C)(C)CCC2)c(N)cc(Cl)c1,,C63065600,,0,0,0,0,0,0,0,0,0,0
Clc1c(NC(=O)CN2[C@@H]([C@H]([NH3+])C)CCCC2)c(Cl)ccc1,,C63195532,,0,0,0,0,0,0,0,0,0,0
Brc1c(S(=O)(=O)N[C@@H]2[C@H]([NH3+])CCCCC2)ccc(Br)c1,,C63213149,,0,0,0,0,0,0,0,0,0,0
S(CC=1Nc2cc(C)cc(C)c2C(=O)C=1)[C@H]1[NH+](C)[C@@H](c2occc2)NN1,,C63686406,,0,0,1,0,0,0,1,1,0,0
ClC=1C=CC2=[NH+]CC(CCNC(=O)[C@@H]3[C@H](CCC)NNS3)=C2C=1,,C63807109,,0,0,0,0,0,0,0,0,0,0
Brc1ccc2n(Cc3ccccc3)c(O)c(/N=[NH+]/C(=O)N)c2c1,,C18155583,,0,0,0,0,0,0,0,1,0,0
O=C(Nc1ccccc1)N1C[C@]2(/C(=[NH+]/C(C)(C)C)/Nc3ccccc3CN2)CC1,,C65266030,,0,0,0,0,0,0,0,0,0,0
O=C(NNC(=O)c1sc2CC[C@@H](C)Cc2c1)NC[C@@H]1C[NH+](C(C)C)CC1,,C65520421,,0,0,0,0,0,0,0,0,0,0
Clc1ccc(C[C@@H](CO)N2[C@H]([C@@H](c3ccccc3)NC2)c2[nH+]cc[nH]2)cc1,,C65526870,,0,0,0,0,0,0,0,1,0,0
O=C(NC1CC(C)(C)[NH2+]C(C)(C)C1)N1CCC(NC(=O)C2CCC2)CC1,,C66119503,,0,0,0,0,0,0,0,0,0,0
O=C(NNC(=O)CC1CCCCC1)N[C@H](C)C[NH+]1C[C@@H](C)CCC1,,C67409153,,0,0,0,0,0,0,0,0,0,0
Oc1c(/C=N/NC(=O)Cn2c(C)ccn2)ccc(O)c1,,C00355832,,0,0,1,1,0,0,0,1,0,0
O(CC(=O)NC(=O)NC)C(=O)c1[nH]c2ccccc2c1,,C05530809,,0,0,0,0,0,0,0,1,1,0
O=C(N/N=C/C=1NC(=O)NC(=O)C=1)c1ccccc1,,C01697908,,0,0,1,0,0,0,0,1,0,0
S([C@H](C)C(=O)Nc1noc(C)c1)c1sc(N)nn1,,C14253118,,0,0,1,0,0,1,0,1,1,0
S(CC(=O)Nc1c(N)cccc1)c1n(C)nnn1,,C19846067,,0,0,1,0,0,0,0,1,1,0
Nc1nc(N(C)Cc2scc(C)n2)c2cn[nH]c2n1,,C32511854,,0,1,1,0,1,0,1,1,1,0
O=C(NC(C)(C)C)NC(=O)C[NH+]1C[C@H](C(=O)[O-])CCC1,,C35296880,,0,0,0,0,0,0,0,0,0,0
S(c1n(C)nnn1)c1c(N)cc2NC(=O)CCc2c1,,C35341684,,0,0,1,0,0,0,0,1,1,0
O=C1NC=Nc2cc(N(C)Cc3noc(C)c3)c(N)cc12,,C36198291,,0,1,1,0,0,0,1,1,1,0
O=[N+]([O-])c1cc(C(=O)N[C@@H]2CC3([NH2+]CC2)CCC3)[n-]c1,,C36257844,,0,0,1,0,0,0,0,0,0,0
S(=O)(=O)(N(C)CC)c1c(NN)nc2SC=Cn12,,C37471373,,0,1,1,0,0,0,0,1,0,0
S(=O)(=O)(N(C)C(C)C)c1c(NN)nc2n1C=CC=C2,,C37556100,,0,1,1,0,0,0,0,1,0,0
O/N=C(\N)/c1c(C)c(C)nnc1-n1c(C)c(C)c(C)n1,,C40730271,,0,0,1,0,0,0,0,1,0,0
S(=O)(=O)(/N=C/1\NC=C(N)C(C)=C\1)[C@@H](C)C(OC)=O,,C42536830,,0,0,0,0,0,0,0,0,0,0
O=C(NCC(=O)NC(C)(C)C)Nc1scnn1,,C43128512,,0,0,1,0,0,0,0,0,0,0
O=S1(=O)C[C@@](Nc2ccc(N)c3nonc23)(C)CC1,,C44924338,,0,1,1,0,0,0,0,1,0,0
S(=O)(=O)(C)[C@H](C)C(=O)NNC(=O)c1c(O)cccc1,,C45876845,,0,0,1,0,0,0,0,0,0,0
S(=O)(=O)(N)c1c(NC2CC2)ccc([N+](=O)[O-])c1,,C46341105,,0,0,0,0,0,0,0,0,0,0
O=C(NC)CNC(=O)[C@@H]1CN(C(=O)NC(C)C)CCC1,,C47057759,,0,0,0,0,0,0,0,0,0,0
O=C(NC1=CN(CCC)C(=O)C=C1)c1c(N)nccn1,,C47288569,,0,0,1,1,0,0,0,1,1,0
O=C(NNC(=O)CC(C)C)Nc1n(C)nc(C)c1,,C48870202,,0,0,1,0,0,0,0,0,0,0
S(=O)(=O)(NNC(=O)NC)c1ccc2OCCc2c1,,C48962077,,0,0,1,0,0,0,0,0,0,0
O=C(NCC)NC1(C(=O)Nc2cn(C)nc2)CCCC1,,C48965964,,0,0,1,1,0,0,0,0,0,0
S(CC=1C(=O)Nc2ccccc2N=1)c1n(C)c(N)nn1,,C49125763,,0,0,1,0,0,0,1,1,0,0
O=C(NCc1c(C)n[nH]c1)NC1=CN(CC)C(=O)C=C1,,C49211632,,0,0,1,1,0,0,0,1,0,0
O=C(NNC(=O)c1c(C)n(C)nc1C)NC1CCCC1,,C49430969,,0,0,1,0,0,0,0,0,0,0
O=C(NNC(=O)c1c(C)n(C(C)(C)C)nc1)NC(C)C,,C49467893,,0,0,1,0,0,0,0,0,0,0
O=C(NNC(=O)c1c(CC)nns1)NC(C)C,,C49468557,,0,0,1,0,0,0,0,0,0,0
S(=O)(=O)(/N=C/1\NC=C(N)C(C)=C\1)c1cn(C)nc1,,C50252852,,0,0,1,0,0,0,0,1,0,0
O=C(N(C)Cc1cn(C)nc1)c1c(N)c(C(C)C)[nH]n1,,C50321228,,0,0,1,0,0,0,0,1,0,0
O/N=C(\N)/c1c(N(C)C2CC2)ccc([N+](=O)[O-])c1,,C50439957,,0,0,0,0,0,0,0,0,0,0
O(C)Cc1[nH]nc2OC(N)=C(C#N)[C@]3([C@H](C)OCC3)c12,,C01278193,,0,0,1,0,0,0,0,0,0,0
S(=O)(=O)(/N=C/1\NC=C(C)C=C\1)c1cnc(N)nc1,,C50634905,,0,0,0,0,0,0,0,1,0,0
O=[N+]([O-])c1c(C(=O)N[C@H]2[C@H](OC)CCC2)cc(N)cc1,,C50705384,,0,0,0,0,0,0,0,0,0,0
O=C1N(Cc2cnc(N)cc2)C(=O)N[C@@]1(C)c1occc1,,C50829178,,0,0,0,0,0,0,0,1,0,0
S(c1n(C)nc(C)c1N)c1ncnc2nc[nH]c12,,C51021898,,0,1,1,0,0,0,1,1,0,0
NNc1nc(Cn2ncnc2)nc2sc(C)c(C)c12,,C51147578,,0,0,1,0,0,0,0,1,0,0
O=C1N(Cc2c(NN)n(C)nc2C)C(=O)c2ccccc12,,C51147652,,0,0,0,0,0,0,1,1,0,0
O=[N+]([O-])c1cc(N)c(N[C@@H](C)C(=O)N(C)C)cc1,,C52840905,,0,0,0,0,0,0,0,0,0,0
O=[N+]([O-])c1cc(N)c(N[C@H](C)C(=O)N(C)C)cc1,,C52840907,,0,0,0,0,0,0,0,0,0,0
O=C(N/N=C/c1occc1)C[C@H]1C(=O)NCCN1,,C55116672,,0,0,0,0,0,0,0,0,0,0
O(C)[C@@H](C)C(=O)NNC(=O)c1n[nH]c2CCCCc12,,C55742557,,0,0,0,0,0,0,0,0,0,0
O=C(NNC(=O)/C=C/c1ccc2OCOc2c1)NC,,C56370579,,0,0,0,0,0,0,0,0,0,0
O=[N+]([O-])c1c(NN)ccc(C(=O)N(C)C(C)C)c1,,C51096162,,0,0,0,0,0,0,0,0,0,0
O=C1N(Cc2nc(NN)c3ccsc3n2)N=CC=C1,,C61404919,,0,0,0,0,0,0,1,1,0,0
O=C1N(Cc2nc(NN)c3ccsc3n2)N=C(C)C=C1,,C61811003,,0,0,1,0,0,0,1,1,0,0
O=C(Nc1c(C)cccc1)[C@@H](C)n1c(C)c(C(=O)N)nn1,,C62271993,,0,0,0,0,0,0,0,1,1,0
O=C(NC(C)C)NC(=O)C[NH+]1C[C@](C)(C(=O)[O-])CCC1,,C62875760,,0,0,0,0,0,0,0,0,0,0
O=C(N)COc1ccc([C@@H]2CC(=O)NC3=NN=C[C@@H]23)cc1,,C20738453,,0,0,0,0,0,0,0,0,0,0
O(C)C(=O)NNC(=O)N[C@H](C)c1c(C)oc(C)c1,,C65494675,,0,0,0,0,0,0,0,0,0,0
O=C(N/N=C/c1cc(OC)c(OC)c(OC)c1)C(=O)Nc1c(C#N)c2CCCCc2s1,,C04209408,,0,0,1,0,0,0,0,1,0,0
O([C@H](C(=O)NC(=O)NC)c1ccccc1)C(=O)CCCN1C(=O)c2cccc3cccc(C1=O)c23,,C08711064,,0,0,0,0,0,0,1,0,0,0
O=C(CN1C(=O)[C@](C)(CCc2ccccc2)NC1=O)N1CCC(N2C(=O)Nc3ccccc23)CC1,,C08726923,,0,0,0,0,0,0,0,0,0,0
S=C1N(CC(=O)NNC(=O)c2cc([N+](=O)[O-])ccc2)C(=O)/C(=C/C=C/c2ccccc2)/S1,,C08820397,,0,0,0,0,0,0,0,0,0,0
S(=O)(=O)(N[C@@H](C(C)C)C(=O)Nc1c(OCC)cccc1)c1ccc2N(C)C(=O)Oc2c1,,C09610495,,0,0,1,0,0,0,1,1,0,0
S(=O)(=O)(N(C)C(C)C)c1cc(C(O[C@H](C(=O)NC(=O)NC)c2ccccc2)=O)ccc1,,C09754198,,0,0,0,0,0,0,0,0,0,0
S(=O)(=O)(/N=C\1/NCCC/1)c1cc(NC(=O)CSc2n(C3CCCCC3)c(C)nn2)ccc1,,C10014839,,0,0,1,0,0,0,0,1,0,0
O(C)c1c(OC)ccc(CCN2C(=O)/C(=C/c3c[nH]c4ccc(OC)cc34)/C(=O)NC2=O)c1,,C12893017,,0,0,1,1,0,0,0,1,0,0
O=C(NNC(=O)C1=NN(CCC)C(=O)c2ccccc12)[C@H]1CN(Cc2ccccc2)C(=O)C1,,C12913736,,0,0,1,0,0,0,0,1,0,0
S(c1c(C(OCC(=O)Nc2oc(C)c3C(C)=NNC(=O)c23)=O)cccn1)c1ccccc1,,C13108367,,0,0,1,0,1,0,1,1,0,0
O=C(Nc1n(Cc2occc2)c(C)c(C)c1C#N)CN1C[C@H](C(=O)NC)Oc2ccccc12,,C12534165,,0,0,0,0,0,0,0,0,0,0
Clc1c(OC)ccc(NC(=O)CN(S(=O)(=O)c2c(C)cc3NC(=O)COc3c2)C)c1,,C15822312,,0,0,0,0,0,0,0,1,0,0
S(Cc1ccc(C#N)cc1)c1sc(NC(=O)CN2C(=O)[C@@](C)(C3CC3)NC2=O)nn1,,C16694647,,0,0,0,0,0,1,0,1,0,0
O([C@@H](CC)C(=O)Nc1noc(C)c1)C(=O)CCC=1NC(=O)c2c(sc3CCCCc23)N=1,,C16809100,,0,1,1,0,1,0,1,1,0,0
O=C(NNC(=O)[C@@H]1CN(c2ccc3OCCOc3c2)C(=O)C1)[C@H](Oc1c(C)c(C)ccc1)C,,C18102268,,0,0,1,0,0,0,0,0,0,0
Oc1c(OCC)cc(/C=C(/C(=O)Nc2c(C(OC)=O)c(C)c(C(=O)N(C)C)s2)\C#N)cc1,,C20175736,,0,0,0,0,0,0,0,0,0,0
Clc1c(S(=O)(=O)CCC(=O)Nc2ccc(C(OCC)=O)cc2)cc2OCC(=O)Nc2c1,,C20510194,,0,0,0,0,0,0,0,0,0,0
Clc1c(OC)cc(OC)c(NC(=O)CNC(=O)CN2C(=O)c3cc(C)sc3N=C2)c1,,C02940767,,0,0,1,0,0,0,0,1,0,0
S(=O)(=O)(N(C)CC(=O)Nc1cc(OC)cc(OC)c1)c1ccc2NC(=O)CCCc2c1,,C21532074,,0,0,0,0,0,0,0,1,0,0
Clc1ccc2N=CN(CC(=O)Nc3c(C(OCC)=O)c(C)c(C(=O)NC)s3)C(=O)c2c1,,C22320882,,0,0,1,0,0,0,1,0,0,0
S(=O)(=O)(N1C[C@H](C)C[C@H](C)C1)c1ccc(C(=O)Nc2c(C(=O)NC(OC)=O)ccs2)cc1,,C09384324,,0,0,0,0,0,0,0,1,0,0
Clc1cc(-n2c(SCC(=O)NN3C(=O)[C@@](C)(c4ccccc4)NC3=O)nnc2)ccc1,,C24882665,,0,0,0,0,0,0,0,0,0,0
Clc1cc(NC(=O)CNc2ccc(S(=O)(=O)N(C)C(C)C)cc2)c(-n2ncnc2)cc1,,C25073827,,0,0,0,0,0,1,1,1,0,0
O(CC)C(=O)C=1[C@H](c2oc(C)cc2)NC(=O)NC=1CN1C(=O)/C(=C/c2sccc2)/SC1=O,,C25671725,,0,0,0,0,0,0,0,0,0,0
O(CC(=O)N1C[C@H](C(=O)NC)Oc2ccccc12)C(=O)c1c(NC(=O)C)sc2CCCCc12,,C29355085,,0,0,0,0,0,0,0,1,0,0
S(CCO)c1c([N+](=O)[O-])cc(/C=C\2/C(=O)N(CC(=O)Nc3cc(C)ccc3)C(=O)S/2)cc1,,C32124833,,0,0,0,0,0,0,0,1,0,0
Fc1c(F)c(NC(=O)CNC(=O)[C@@H](OC(=O)C2=NN(c3ccccc3)C(=O)CC2)C)ccc1F,,C36225034,,0,0,0,0,0,0,0,0,0,0
O=C(NC1CCCCC1)[C@H](N(Cc1oc(C)cc1)C(=O)[C@H]1NC(=O)CC1)c1ccc2OCOc2c1,,C36601273,,0,0,0,0,0,0,0,0,0,0
S(CC(=O)Nc1sc2cc(F)ccc2n1)c1n(-c2cc(NC(=O)C)ccc2)nnn1,,C36732770,,0,0,1,0,0,1,0,1,0,0
S(CC(=O)C=1C(=O)N(C)C(=O)N(C)C=1N)c1n(-c2ccc(OC)cc2)c2ccccc2n1,,C03255047,,0,0,0,0,0,0,0,1,0,0
S(=O)(=O)(N1C[C@]2(C)CC(C)(C)C[C@H]1C2)c1cc(C(OCC(=O)NC(=O)NC)=O)ccc1,,C13005590,,0,0,0,0,0,0,0,0,0,0
O=[N+]([O-])c1cnc(NCCNC(=O)[C@@H]2[C@H](C(=O)N3CCc4ccccc4C3)CC=CC2)cc1,,C38729118,,0,0,1,0,0,0,0,0,0,0
O=[N+]([O-])c1cnc(NCCNC(=O)[C@H]2[C@H](C(=O)N3CCc4ccccc4C3)CC=CC2)cc1,,C38729124,,0,0,0,0,0,0,0,0,0,0
O(CC(=O)NC(=O)Cc1ccccc1)C(=O)CN1C(=O)[C@@]2(NC1=O)C[C@@H](C)CC(C)(C)C2,,C22220024,,0,0,0,0,0,0,0,0,0,0
S(=O)(=O)(NC(C)C)c1ccc(NC(=O)[C@H](OC(=O)[C@H]2OC(=O)c3ccccc3C2)C)cc1,,C10416987,,0,0,0,0,0,0,0,0,0,0
O=C(Nc1ccc(OC)cc1)C[C@@H]1C(=O)N/C(=N\N=C\c2cc(OC)c(OC)cc2)/S1,,C39843354,,0,0,0,1,0,0,0,1,0,0
S(=O)(=O)(NNC(=O)c1oc(COc2ccccc2)cc1)c1cc(S(=O)(=O)C)c(F)cc1,,C40158027,,0,0,0,0,0,0,0,1,0,0
Brc1ccc(OCc2n(C)c(SCc3c(C(OC)=O)cnc(N)n3)nn2)cc1,,C41663793,,0,0,0,0,1,1,1,1,0,0
O=[N+]([O-])c1cc(N2C(=O)[C@@H]3[C@H](/C=C/c4ccccc4)[NH2+][C@]([C@H](C)CC)(C(=O)[O-])[C@H]3C2=O)ccc1,,C44174833,,0,0,0,0,0,0,0,0,0,0
O([C@H](C)C(=O)NCC(=O)Nc1c(C)cccc1C)C(=O)C1=NN(C(C)C)C(=O)c2ccccc12,,C45276403,,0,0,1,0,0,0,0,1,0,0
S(=O)(=O)(N(C)CC(=O)Nc1cc(C(=O)C)ccc1)c1c(C)cc2NC(=O)[C@@H](CC)Oc2c1,,C46056191,,0,0,0,0,0,0,0,1,0,0
O([C@H](C)C(=O)c1c(C)c(C(=O)C)c(C)[nH]1)C(=O)CN1C(=O)C2(NC1=O)CCC(CC)CC2,,C18355298,,0,0,0,0,0,0,0,0,0,0
S(=O)(=O)(Nc1ccc(C)cc1)c1c(C)ccc(C(O[C@H](C)C(=O)N2C(=O)NCC2)=O)c1,,C58006950,,0,0,0,0,0,0,0,0,0,0
S(=O)(=O)(N(C)CCOc1c(F)cccc1)c1cc(c(OC)cc1)[C@]1(C)C(=O)NC(=O)N1,,C58914791,,0,0,0,0,0,0,0,1,0,0
Fc1cc(NC(=O)[C@H](C)N2CCN([C@H](C)C(=O)Nc3cc([N+](=O)[O-])ccc3)CC2)ccc1,,C59404108,,0,0,0,0,0,0,0,0,0,0
O=C(OC(C)(C)C)NC[C@H]1N(C(=O)CN2C(=O)[C@@]3(NC2=O)CCc2ccccc32)CCCC1,,C60195284,,0,0,0,0,0,0,0,0,0,0
O(CC(=O)NNC(=O)[C@H]1Oc2ccccc2OC1)C(=O)C1c2ccccc2Oc2ccccc12,,C10796841,,0,0,0,0,0,0,0,0,0,0
O(CC(=O)NNC(=O)[C@H]1Oc2ccccc2OC1)C(=O)c1c(C(=O)c2ccccc2)cccc1,,C11024412,,0,0,0,0,0,0,0,0,0,0
S(=O)(=O)(N(C)C)c1ccc(C(=O)Nc2ccc(S(=O)(=O)/N=C/3\NCCCCC\3)cc2)cc1,,C09662024,,0,0,0,0,0,0,0,1,0,0
Brc1c(NC(=O)NCCn2nnc3cc(S(=O)(=O)N(C)C)ccc23)cccc1,,C65029905,,0,0,1,0,0,0,0,1,1,0
O=C(NC)CN1C(=O)c2cnn(-c3c(C)cccc3)c2N=C1,,C04479072,,0,0,1,0,0,0,1,0,0,0
O=C1/C(=C/c2ccc3OCOc3c2)/C(=N)N2N=C(CC)SC2=N1,,C04613953,,0,0,1,0,0,0,1,1,0,0
O=C(NC1CCCC1)CN1C(=O)N(C2CCCC2)C(=O)C1=O,,C03544464,,0,0,0,0,0,0,0,0,0,0
O=C(NC[C@@H]1OCCC1)CN1S(=O)(=O)c2ccccc2C1=O,,C00532558,,0,0,0,0,0,0,0,0,0,0
O=C(Nc1c(C#N)c(C)c(C(=O)N(C)C)s1)c1cn(C)nc1,,C02778300,,0,0,1,0,0,0,0,1,0,0
S([C@H]1C(=O)NCCCC1)c1n(C[C@H]2OCCC2)nnn1,,C11468739,,0,0,1,0,0,0,0,0,0,0
O(CC)C(=O)C(=O)NC=1C(=O)N2C(C)=C(C)SC2=NC=1C,,C11768389,,0,0,1,1,0,0,0,1,0,0
ClC[C@H](O)CN1C(=O)N(C)c2nc3SCCn3c2C1=O,,C05286054,,0,1,1,0,0,0,0,1,0,0
O=C([O-])C1CC[NH+]([C@H]2C(=O)N(c3cc(OC)ccc3)C(=O)C2)CC1,,C09926536,,0,0,0,0,0,0,0,0,0,0
S=C1N(C)C(=O)C(=CNc2ccc3OCOc3c2)C(=O)N1C,,C16188941,,0,0,0,0,0,0,0,1,0,0
S=C1N(c2ccccc2)C(=O)N(c2cc([N+](=O)[O-])ccc2)C1=N,,C04795907,,0,0,0,0,0,0,1,1,0,0
S(CC(=O)N1C(=O)NCC1)C=1N(C)C(=O)c2ccsc2N=1,,C24912261,,0,0,1,0,0,0,0,1,0,0
O=C(NC)c1n(C)cc(C(=O)CN2C(=O)Oc3ccccc23)c1,,C27240443,,0,0,0,0,0,0,0,0,1,0
S([C@@H]1[C@@H](O)CS(=O)(=O)C1)c1n(C2CCCC2)nnn1,,C37488637,,0,0,1,0,0,0,0,0,0,0
O=C(N[C@H]1CS(=O)(=O)CC1)COc1ncnc2sccc12,,C03443821,,0,0,1,0,0,0,0,1,0,0
O=C1N(C)C(=O)C2=N/C(=N\CCc3sccc3)/N[C@H]2N1C,,C39560738,,0,0,0,0,0,0,0,0,0,0
OCCN1CCN(C=2SC=3N(C(=O)C=C(C)N=3)N=2)CC1,,C40489703,,0,0,1,0,0,0,0,1,0,0
O=C([O-])CC[NH+]1CCN(C(=O)N2C[C@@H](CC)OCC2)CC1,,C40579527,,0,0,0,0,0,0,0,0,0,0
Clc1c(S(=O)(=O)N2C(=O)NCC2)n2C=CSc2n1,,C40691512,,0,0,0,0,0,0,0,0,0,0
O=C(NCc1n2CCCCCc2nn1)[C@H]1Oc2ccccc2OC1,,C41820816,,0,0,1,0,0,0,0,1,0,0
S(=O)(=O)(C)N1CCN([C@H](C)C(=O)/N=C\2/SC=CN/2)CC1,,C42535851,,0,0,0,0,0,0,0,0,0,0
O=C(NCc1n2CCCc2nn1)[C@@H]1OC(=O)c2ccccc2C1,,C42663645,,0,0,1,1,0,0,0,1,0,0
O=C(NC1CC1)[C@@H]1[C@H]2O[C@]3(CN(c4noc(C)c4)C(=O)[C@H]13)C=C2,,C42731151,,0,0,0,0,0,0,0,0,0,0
O=C(NCc1n(CC)cnn1)[C@@H]1[C@H](C)Oc2ccccc2O1,,C44942446,,0,0,1,1,0,0,0,1,0,0
O=C(NC=1SCCN=1)CN1C(=O)OC(c2sccc2)=N1,,C48823456,,0,0,0,0,0,1,0,0,0,0
S(=O)(=O)(N[C@@H](C)C(=O)N1[C@H](c2onc(C)c2)CCC1)C,,C49041050,,0,0,1,0,0,0,0,0,0,0
S(=O)(=O)([C@@H](C)C(=O)NC)c1n(C)c(-c2sccc2)nn1,,C49103665,,0,0,1,0,0,0,0,1,0,0
O=C(N1CC(c2onc(-c3ccccc3)n2)C1)[C@@H]1NC(=O)CC1,,C49481202,,0,0,1,0,0,1,0,1,0,0
O=C(NC[C@@H]1OCCC1)N1CCN(CC(=O)N2CCCC2)CC1,,C53507169,,0,0,0,0,0,0,0,0,0,0
O=C([O-])c1c(C)c(C)[nH+]nc1N(C)[C@@H]1CS(=O)(=O)CC1,,C54534268,,0,0,0,0,0,0,0,0,0,0
O=C/1N(C)C(=O)C(C#N)=C(C)\C\1=C\Nc1sc(CC)nn1,,C05341836,,0,0,1,0,0,0,0,1,0,0
O[C@@H](CN1C(=O)N(C)C=C(C#N)C1=O)c1c(OC)ccc(C)c1,,C58105364,,0,0,0,0,0,0,0,1,0,0
O=C1N(C)c2cc(/C=C\3/C(=O)N(CC=C)C(=O)N/3)ccc2N1C,,C33482463,,0,0,1,0,0,0,0,1,1,0
O=S1(=O)N=C(NCCc2n3C=CC=Cc3nn2)c2ccccc12,,C22893657,,0,1,1,1,0,0,1,1,0,0
S(=O)(=O)(C)N1CCN(c2c(CO)n3C=CSc3n2)CC1,,C62085214,,0,0,1,0,0,0,0,0,0,0
O=C([O-])[C@@]1(CC)C[NH+](CC=2N=C3SC=NN3C(=O)C=2)CC1,,C62937152,,0,1,1,0,0,0,0,1,1,0
S(=O)(=O)(N[C@@H](C)C(=O)N1CCN(C(=O)C2CCCC2)CC1)C,,C63092623,,0,0,0,0,0,0,0,0,0,0
Clc1n(C)nc(C)c1S(=O)(=O)NCc1c(C)onc1C,,C63198980,,0,0,1,0,0,0,0,1,1,0
O=C1N(Cc2ccccc2)C(=O)C2=C(c3c(C)nn(C)c3)NO[C@H]12,,C13691077,,0,0,1,0,0,0,0,1,0,0
S(=O)(=O)(C)N1CCN(C(=O)N[C@H](C)[C@@H]2OCCC2)CC1,,C46973197,,0,0,0,0,0,0,0,0,0,0
O=C(NCc1c(C)nc2SC(C)=Nn12)c1nn(CC)cc1,,C65217034,,0,0,1,0,0,0,1,1,0,0
O=C1NC2=NN=C(c3sccc3)[C@H]2[C@H](c2n(CC)ncn2)C1,,C65398240,,0,0,1,0,0,0,0,1,0,0
O=C(N[C@@H]1Cn2c(C)nnc2CC1)c1noc2CCCCc12,,C65458376,,0,0,1,1,0,0,0,0,0,0
O=C(CN1CCN(C(=O)CC2CCCC2)CC1)N1C(=O)NCC1,,C65553684,,0,0,0,0,0,0,0,0,0,0
S(=O)(=O)(CCC)N1[C@H](C(=O)N2CCC(=O)NCC2)CCCC1,,C65902035,,0,0,0,0,0,0,0,0,0,0
S(=O)(=O)(N[C@H](C)C(=O)N1[C@H](C)CCCC1)c1nc(C)n(C)c1,,C66103092,,0,0,1,1,0,0,0,0,0,0
S(=O)(=O)([N-]c1sc2C(=O)CCCc2n1)c1[nH+]cn(C)c1,,C66255198,,0,0,0,0,0,0,0,1,1,0
Clc1cc(Cl)cc(NC(=O)CN2C(=O)N(C)C(=O)C2=O)c1,,C05629434,,0,0,0,0,0,0,0,1,0,0
O=C1[C@@H](C(C)C)N(CC=2N=C3SC(C)=NN3C(=O)C=2)CCN1,,C66499467,,0,1,1,0,0,0,0,1,0,0
O=C(N[C@H](C)c1c(C)n(C)nc1C)C(=O)c1c(C)n(C)nc1C,,C67305288,,0,0,1,0,0,0,0,0,0,0
S([C@@H](C)C(=O)NC(=O)NC)C=1NC(=O)c2c(sc3CCCCc23)N=1,,C04469096,,0,1,1,0,1,0,0,1,0,0
Clc1c(O)c(OC)cc([C@@H]2C(C(OCC)=O)=C(C)NC(=O)N2)c1,,C00074451,,0,0,0,0,0,0,0,0,0,0
O([C@H](C)C(=O)NC(=O)NC(C)(C)C)C(=O)c1[nH]c2ccccc2c1,,C07301759,,0,0,0,0,0,0,0,0,0,0
Clc1ccc2C(=O)N(CC=C)C(S[C@@H](C)C(=O)NC(=O)N)=Nc2c1,,C09085591,,0,0,1,0,0,0,0,1,0,0
Clc1ccc2C(=O)N(CC=C)C(S[C@H](C)C(=O)NC(=O)N)=Nc2c1,,C09085592,,0,0,1,0,0,0,0,1,0,0
Fc1c(CC(=O)NNC(=O)c2c(O)cn(-c3ccccc3)n2)cccc1,,C10159144,,0,0,1,0,0,0,0,1,0,0
S(Cc1sc(C(=O)Nc2ccc(C)cc2)nn1)c1sc(N)nn1,,C12748123,,0,0,1,0,0,1,1,1,0,0
Clc1ccc2oc([C@@H](NC(=O)CC[C@]3(C)C(=O)NC(=O)N3)C)cc2c1,,C19458523,,0,0,0,0,0,0,0,0,0,0
Clc1ccc2oc([C@@H](NC(=O)CC[C@@]3(C)C(=O)NC(=O)N3)C)cc2c1,,C19458527,,0,0,0,0,0,0,0,0,0,0
S(C)c1nn2[C@@H](c3c(OC(F)F)cccc3)C(C(=O)N)=C(C)Nc2n1,,C20413439,,0,0,0,0,0,0,0,0,0,0
O=C(NNC(=O)C12CC3CC(C1)CC(C2)C3)[C@@H](NC(=O)c1occc1)C,,C21895027,,0,0,0,0,0,0,0,0,0,0
S(Cc1nc(NC(=O)C)sc1)c1n(N)c(-c2ccc(C)cc2)nn1,,C24909589,,0,0,1,0,0,0,0,1,0,0
O=C(NN1C(=O)C2(NC1=O)CCCCC2)CNc1c(C)cccc1CC,,C25735872,,0,0,0,0,0,0,0,0,0,0
S(CC(=O)NC1CCCCC1)c1oc(-c2c(C)nc(N)s2)nn1,,C26505025,,0,0,1,0,0,1,0,1,0,0
O=C(NC(C)C)Cc1ccc(NC(=O)c2ccc3NC(=O)COc3c2)cc1,,C32455621,,0,0,0,0,0,0,0,1,0,0
Clc1c(C)c(C(=O)CN2C(=S)N(Nc3occc3)C(N)=N2)ccc1,,C36625667,,0,0,0,0,0,1,1,1,0,0
O(C)c1c([C@@H]2C(C#N)=C(N)Oc3[nH]nc(CCC)c23)ccc(OC)c1,,C04740108,,0,0,0,0,0,0,0,0,0,0
O(C)c1c(OC)ccc([C@@H]2C(C#N)=C(N)OC=3C=C(CCC)NC(=O)C2=3)c1,,C40568709,,0,0,0,1,0,0,0,0,0,0
O=C(NCCC(=O)Nc1n(C)nc(C)c1)NC12CC3CC(C1)CC(C2)C3,,C41829443,,0,0,1,0,0,0,0,0,0,0
S(=O)(=O)(/N=C\1/NCCCCC/1)c1ccc(NC(=O)NCC=C)cc1,,C43669592,,0,0,0,0,0,0,0,0,0,0
O=C(NNC(=O)c1c(C)oc(C)c1)N[C@H](c1occc1)c1ccccc1,,C45156072,,0,0,0,0,0,0,0,0,0,0
S(=O)(=O)(N)c1cc(NC(=O)c2cc(OC)cc(OC)c2)c(C)c(C)c1,,C47740756,,0,0,0,0,1,0,0,1,1,0
OCC(C)(C)N1CNC(=Nc2nc(C)c3cc(CC)ccc3n2)NC1,,C20634173,,0,0,1,0,0,0,0,0,0,0
S(CC(=O)Nc1scc(-c2c(C)cccc2)n1)c1n(N)c(C)nn1,,C53381219,,0,0,1,0,0,0,0,1,0,0
S(CC(=O)NNC(=O)c1c(O)cccc1)c1ccc2OCCOc2c1,,C05172066,,0,0,1,0,0,0,0,1,0,0
Brc1cc(C(=O)NNC(=O)c2cc(OC)cc(OC)c2)[nH]c1,,C28717441,,0,0,0,0,0,0,0,1,0,0
Clc1c(Cl)cc(Cl)c(N/N=C(\C)/C=2C(=O)NC(=O)NC=2C)n1,,C55008963,,0,0,1,0,0,0,0,1,0,0
O=C(NNC(=O)[C@H]1CN(c2ccc(C)cc2)C(=O)C1)Nc1c(C)cccc1,,C58864170,,0,0,0,0,0,0,0,0,0,0
Clc1n(C)nc(C)c1/C=C/C(=O)NNC(=O)Nc1c(C)cccc1,,C58864621,,0,0,1,0,0,0,0,0,0,0
O=C(Nc1cc([C@@]2(C)C(=O)NC(=O)N2)ccc1)[C@H](Oc1ccccc1)C,,C47191056,,0,0,0,0,0,0,0,1,0,0
S(CC(=O)N[C@H]1[C@@H](C)[C@@H](C)CCC1)c1n(N)c(-c2c(C)occ2)nn1,,C60384545,,0,0,1,0,0,0,0,1,0,0
O([C@@H](C)C(=O)NC(=O)N)C(=O)c1c2cc(C)ccc2nc2CCCCc12,,C03417126,,0,1,1,0,0,0,0,1,0,0
S([C@@H](C)C(=O)NC1(C#N)CCCCC1)c1c(C#N)cc(C#N)c(N)n1,,C21425851,,0,0,0,0,0,0,0,0,0,0
S(=O)(=O)(Nc1c(OC(C)C)cccc1)c1ccc2NC(=O)Nc2c1,,C55590361,,0,0,1,1,0,0,1,1,1,0
Clc1sc(C2=NO[C@H](C(=O)NNC(=O)NC(C)C)C2)cc1,,C63265647,,0,0,0,0,0,0,0,0,0,0
O=C(Nc1ccc(-n2c(N)c(C#N)cn2)cc1)c1nc(CC(C)C)sc1,,C63592182,,0,0,1,0,0,1,1,1,1,0
OCCN1[C@@H](c2cc(O)ccc2)C2=C(c3c(O)ccc(C)c3)N=N[C@H]2C1=O,,C05343216,,0,0,0,0,0,0,0,0,0,0
OCCN1[C@H](c2cc(O)ccc2)C2=C(c3c(O)ccc(C)c3)N=N[C@H]2C1=O,,C05343215,,0,0,0,0,0,0,0,0,0,0
OCCN1[C@@H](c2cc(O)ccc2)C2=C(c3c(O)ccc(C)c3)N=N[C@@H]2C1=O,,C05343216,,0,0,0,0,0,0,0,0,0,0
Clc1c(-n2nc(C(=O)Nc3scc(CC(=O)N)n3)cc2)cccc1,,C50297353,,0,0,1,0,0,0,1,1,0,0
O=C(NNC(=O)c1c(C)c(C)sc1-n1cccc1)NC[C@H]1OCCC1,,C65146591,,0,0,0,0,0,0,0,0,0,0
O=C(NNC(=O)/C(=C\c1c(C)n(C2CCCCC2)c(C)c1)/C#N)NCC,,C65190104,,0,0,0,0,0,0,0,0,0,0
Clc1cc(/C=C/C(=O)NNC(=O)NCC2CC2)cc2OCCOc12,,C65193320,,0,0,1,0,0,0,0,0,0,0
O=C(N[C@@H](C)CCc1ccccc1)C1=NNN2[C@@H]1C(=O)Nc1ccccc21,,C65237738,,0,0,0,0,0,0,0,0,0,0
Clc1c(Cn2ncc(C(=O)NNC(=O)NC3CCCC3)c2)cccc1,,C65920275,,0,0,1,0,0,0,0,0,0,0
O=C(N)CC[C@@H]1CN(CN2C(=O)C3(NC2=O)CCCCCCC3)CCC1,,C66080637,,0,0,0,0,0,0,0,0,0,0
O[C@@]1(CNC(=O)N[C@H]2CN(C(OC)=O)CCC2)CCCc2ccccc12,,C66926079,,0,0,0,0,0,0,0,0,0,0
S=C1N[C@H](c2nnsc2)C(C(=O)Nc2cc(OC)ccc2)=C(C)N1,,C67028433,,0,0,1,1,0,0,0,1,0,0
O=C(NNC(=O)CC1CCCCC1)N[C@H](C)C(=O)N1[C@@H](C)CCCC1,,C67082078,,0,0,0,0,0,0,0,0,0,0
O=C(OC(C)(C)C)N[C@H](C)C(=O)N[C@@H]1CCCC=2NC(=O)C=CC1=2,,C43963985,,0,0,0,0,0,0,0,0,0,0
OC=1C(/C=N/C[C@@H]2[NH+](C)CCc3cc4OCOc4c(OC)c23)C(=O)N(c2c(OC)cccc2)C(=O)N=1,,C08969603,,0,0,0,0,0,0,0,0,0,0
Fc1cc(N2C(=O)C(/C=N/C[C@@H]3[NH+](C)CCc4cc5OCOc5c(OC)c34)C(O)=NC2=O)ccc1,,C08994172,,0,0,0,0,0,0,0,0,0,0
O=[N+]([O-])c1cc(N2C(=O)[C@H]3[C@]4(C(=O)Nc5ccc(C)cc45)[NH+]4CCC[C@H]4[C@H]3C2=O)c(OC)cc1,,C09209591,,0,0,0,0,0,0,0,0,0,0
Clc1cc(C)cc2[C@]3(C(=O)Nc12)[NH+]1CCC[C@@H]1[C@H]1C(=O)N(c2c(OC)ccc([N+](=O)[O-])c2)C(=O)[C@@H]31,,C09331515,,0,0,0,0,0,0,0,0,0,0
O=C(/C=C/c1ccc2OCOc2c1)N1CC[NH+](CCNC(=O)[C@@H]2CN(c3ccccc3)C(=O)C2)CC1,,C09585575,,0,0,0,0,0,0,0,0,0,0
O=C(N1CCCCCC1)C1CC[NH+](CN2C(=O)[C@@](C)(c3ccc4OCCOc4c3)NC2=O)CC1,,C09641812,,0,0,0,0,0,0,0,0,0,0
S(=O)(=O)(Nc1nc(C[NH+]2CCOCC2)nc2sc3CCCc3c12)c1ccc2OCCOc2c1,,C09781778,,0,0,0,0,0,0,0,0,0,0
ClC=1C(=O)N(c2ccccc2)N=CC=1N1CC[NH+](CN2C(=O)[C@]3([C@@H](C)CCCC3)NC2=O)CC1,,C09867882,,0,0,1,0,0,0,0,0,0,0
S(=O)(=O)(NC[C@@H]([NH+]1CCC(C)CC1)c1occc1)c1ccc(N2S(=O)(=O)CCC2=O)cc1,,C11998439,,0,0,0,0,0,0,0,0,0,0
O(C)c1c(OC)cc2C=C([C@@H]([NH+]3C[C@H](C)CCC3)c3n(C4CCCCC4)nnn3)C(=O)Nc2c1,,C12712871,,0,0,0,0,0,0,0,0,0,0
O(C)CCn1c([C@H]([NH+]2CCN(c3c(C)c(C)ccc3)CC2)C=2C(=O)Nc3c(C)cccc3C=2)nnn1,,C06443134,,0,0,0,0,0,0,0,0,0,0
O[C@@H](C1CCN(C(=O)COc2nnc(N3CCN(c4[nH+]cccc4)CC3)cc2)CC1)c1sccc1,,C14882646,,0,0,0,0,0,0,0,0,0,0
Clc1c(C[NH+]2CCn3c([C@H](NC(=O)c4occc4)CC(C)C)nnc3CC2)cc2OCOc2c1,,C14987592,,0,0,0,0,0,0,0,0,0,0
Clc1cc(C)c2NC(=O)[C@]3([NH+]4CCC[C@@H]4[C@H]4C(=O)N(c5c(OC)ccc([N+](=O)[O-])c5)C(=O)[C@@H]34)c2c1,,C09108782,,0,0,0,0,0,0,0,0,0,0
OC=1[C@@H](/C=N/C[C@@H]2[NH+](C)CCc3cc4OCOc4c(OC)c23)C(=O)N(c2cc(C)c(C)cc2)C(=O)N=1,,C09334762,,0,0,0,0,0,0,0,0,0,0
Clc1cccc2[C@@]3(C(=O)Nc12)[NH+]1CCC[C@H]1[C@@H]1C(=O)N(c2c(C)cc([N+](=O)[O-])c(OC)c2)C(=O)[C@@H]31,,C09328504,,0,0,0,0,0,0,0,0,0,0
O=C1C(C[NH+](Cc2n(C3CCCC3)nnn2)Cc2ccc3OCOc3c2)=Cc2ccc(C)c(C)c2N1,,C00926505,,0,0,1,0,1,1,1,1,0,0
O=C1C([C@H](N2CC[NH+](C3CCCCC3)CC2)c2n(C3CCCC3)nnn2)=Cc2cc3OCOc3cc2N1,,C20080877,,0,0,0,0,0,0,0,0,0,0
Clc1c(S(=O)(=O)N(C)CC(=O)N2CC[NH+]([C@H](C)CCC)CC2)cc2OCC(=O)Nc2c1,,C21653008,,0,0,0,0,0,0,0,0,0,0
S(CC=1C=C(O)OC2=CC(=[NH+]C(=O)C)C=CC=12)c1n(c(CN2C(=O)CCC2)nn1)-c1ncccc1,,C23078043,,0,0,0,0,0,0,1,1,0,0
O(C)C(=O)c1c(C)c2C(=O)NC(CN3CC[NH+](CC(=O)N4C[C@H](C)C[C@@H](C)C4)CC3)=Nc2s1,,C23372403,,0,0,0,0,0,0,0,1,0,0
Clc1sc(S(=O)(=O)N2CC[NH+]([C@@H](C)C(=O)Nc3c(C)ccc([N+](=O)[O-])c3)CC2)cc1,,C26360665,,0,0,0,0,0,0,0,1,0,0
O=C(NC1CCCCC1)C[NH+]1CCN(C=2N(CC(=O)N3CC3)C(=O)c3c(sc4CCCCc34)N=2)CC1,,C34747621,,0,0,0,0,0,0,0,0,0,0
O=C(NC1CCCCC1)CN1C(N2CC[NH+](CC(=O)N3CCCCC3)CC2)=Nc2sc(C)c(C)c2C1=O,,C34748727,,0,0,0,0,0,0,0,0,0,0
Clc1cc([C@@H]2NC(=O)N(CC=C)C=3CN(CC(=O)N4CCN(c5[nH+]cccc5)CC4)C(=O)C2=3)ccc1,,C34792338,,0,0,0,0,0,0,0,0,0,0
Clc1c([C@H]2NC(=O)N(C)C=3CN(CC(=O)N4CCN(c5[nH+]cccc5)CC4)C(=O)C2=3)cccc1,,C34792890,,0,0,0,0,0,0,0,0,0,0
O=C(NCCN1CC[NH+](c2c(C)c(C)ccc2)CC1)[C@@H]1N(c2sc(N3C(=O)CCC3)nn2)CCC1,,C21927372,,0,0,0,0,0,0,0,0,0,0
BrC=1C=CC2=[NH+][C@H](C(OC)=O)C(NC(=O)CN3CCN(C(OCC)=O)CC3)=C2C=1,,C38599391,,0,0,0,0,0,0,0,0,0,0
BrC=1C=CC2=[NH+][C@@H](C(OC)=O)C(NC(=O)[C@H](C)N3CCN(C(=O)c4occc4)CC3)=C2C=1,,C38610355,,0,0,0,0,0,0,0,0,0,0
S(CC(=O)N[C@@H]1[C@H](C#N)[C@@H]([C@H](c2occc2)O1)c1occc1)C=1N=NC=2[C@@H]([NH+]=C3C=CC=CC=23)N=1,,C39154595,,0,0,0,0,0,0,0,0,0,0
O(C(C)(C)C)C(=O)N1CCN(C(OC(C)(C)C)=O)CC[NH2+]CCN(C(OC(C)(C)C)=O)CC1,,C39959761,,0,0,0,0,0,0,0,0,0,0
S(=O)(=O)(N1CCC(C(=O)NCc2cc(N(C)C)[nH+]cc2)CC1)c1c(C)ccc([N+](=O)[O-])c1,,C46624676,,0,0,0,0,0,0,0,0,0,0
S(C)C1=NSC=2N1C(=[NH2+])/C(=C/c1cc(OCC)c(OCc3ccc4OCOc4c3)cc1)/C(=O)N=2,,C20154838,,0,0,0,0,0,0,1,0,0,0
S(=O)(=O)(C)C1=NSC=2N1C(=[NH2+])/C(=C/c1cn(CCOc3cc(C)c(C)cc3)c3ccccc13)/C(=O)N=2,,C20205685,,0,0,0,0,0,0,0,0,0,0
S(=O)(=O)(C)C1=NSC=2N1C(=[NH2+])/C(=C/c1cn(CCOc3c(C)cccc3C)c3ccccc13)/C(=O)N=2,,C20205882,,0,0,0,0,0,0,0,0,0,0
S(=O)(=O)(C)C1=NSC=2N1C(=[NH2+])/C(=C/c1cc(OCC)c(OCc3cc(C)ccc3)cc1)/C(=O)N=2,,C20205997,,0,0,0,0,0,0,1,1,0,0
S(=O)(=O)(C)C1=NSC=2N1C(=[NH2+])/C(=C/c1cn(CCCOc3c(C)cccc3)c3ccccc13)/C(=O)N=2,,C20206095,,0,0,0,0,0,0,0,0,0,0
S(=O)(=O)(C)C1=NSC=2N1C(=[NH2+])/C(=C/c1ccc(OC(=O)c3cc(C)ccc3)cc1)/C(=O)N=2,,C20206164,,0,0,0,0,0,0,1,1,0,0
Clc1c(C(=O)Oc2ccc(/C=C/3\C(=O)N=C4SN=C(S(=O)(=O)C)N4C\3=[NH2+])cc2)cccc1,,C20206189,,0,0,0,0,0,0,1,1,0,0
S(=O)(=O)(CC)C1=NSC=2N1C(=[NH2+])/C(=C/c1ccc(OC(=O)c3ccc(F)cc3)cc1)/C(=O)N=2,,C20206810,,0,0,0,0,0,0,1,1,0,0
Clc1ccc(C(=O)Oc2ccc(/C=C/3\C(=O)N=C4SN=C(S(=O)(=O)CC)N4C\3=[NH2+])cc2)cc1,,C20206814,,0,0,0,0,0,0,1,1,0,0
O=[N+]([O-])c1c(-c2oc(/C=C\3/C(=O)N=C4SC(c5occc5)=NN4C/3=[NH2+])cc2)ccc(OCC)c1,,C20238791,,0,0,1,0,0,0,1,1,0,0
O=[N+]([O-])c1c(N2C(C)=CC(=O)C(C(=O)NCc3c(C[NH+]4[C@@H](C)CCCC4)cccc3)=N2)cccc1,,C58952618,,0,0,0,0,0,0,0,0,0,0
O=C(NC[C@H](c1ccc(OC)cc1)C=1C[NH+]=C2C=CC=CC=12)CN1C(=O)[C@@H](C#N)[C@H]2N(C1=O)CCC2,,C63204526,,0,0,0,0,0,0,0,1,0,0
S(=O)(=O)(Cc1ccccc1)N1CCN(C(=O)CS[C@H]2OC(C=3C[NH+]=C4C=CC=CC=34)=NN2)CC1,,C39938829,,0,0,0,0,0,0,0,0,0,0
O=C(CN1C(=O)[C@@H](CC=2C[NH+]=C3C=CC=CC=23)NC1=O)N1[C@@H](c2occc2)CC(c2ccc(C)cc2)=N1,,C63794437,,0,0,0,0,0,0,0,0,0,0
O=C(N(CC)C[C@@H]1Oc2ccccc2OC1)CN1C(=O)[C@H](CC=2C[NH+]=C3C=CC=CC=23)NC1=O,,C63855256,,0,0,0,0,0,0,0,1,0,0
S(=O)(=O)(NC[C@@H](c1ccccc1)C=1C[NH+]=C2C=CC=CC=12)c1cnc2N(C)C(=O)N(C)C(=O)c2c1,,C63991373,,0,0,1,0,0,0,1,1,0,0
OCCCCCN1C(=O)[C@@H]2N([C@@H](c3cc([N+](=O)[O-])ccc3)[C@@H]3[NH+]=C4C=CC=CC4=C3C2)C(=O)C1,,C64380641,,0,0,0,0,0,0,0,0,0,0
Brc1c(NC(=O)CSc2oc(C=3C[NH+]=C4C=CC=CC=34)nn2)ccc([N+](=O)[O-])c1,,C64677844,,0,0,1,0,0,1,0,1,0,0
FC(F)(F)C1(C(F)(F)F)[NH+]=C(c2cc([N+](=O)[O-])ccc2)NC=2N(C)C(=O)N(C)C(=O)C1=2,,C04453210,,0,0,0,0,0,0,0,0,0,0
O(C)c1c(OC)cc2C=C([C@H]([NH+]3CCC(C)CC3)c3n(C4CCCC4)nnn3)C(=O)Nc2c1,,C06148919,,0,0,0,0,0,0,0,0,0,0
O=C(NC(C)C)c1ccc(-n2c([C@H]3[NH+](C)CCc4cc5OCOc5c(OC)c34)nnn2)cc1,,C08876548,,0,0,0,0,0,0,0,0,0,0
O=[N+]([O-])c1ccc(N2C(=O)[C@H]3[C@]4(C(=O)Nc5ccc(OC)cc45)[NH+]4CCC[C@H]4[C@H]3C2=O)cc1,,C09209519,,0,0,0,0,0,0,0,0,0,0
O(C)c1c(OC)cc2C=C([C@H]([NH+]3C[C@H](C)CCC3)c3n(C(C)(C)CC)nnn3)C(=O)Nc2c1,,C12712888,,0,0,0,0,0,0,0,0,0,0
O=C1C(C[NH+](Cc2n(C(C)(C)C)nnn2)Cc2ccc3OCOc3c2)=Cc2ccc(C)cc2N1,,C12717516,,0,0,1,0,0,0,0,1,0,0
O=C1C(C[NH+](Cc2n(C(C)(C)C)nnn2)Cc2ccc3OCOc3c2)=Cc2cccc(C)c2N1,,C12832864,,0,0,1,0,1,0,0,1,0,0
O(C)CCn1c([C@H]([NH+]2CCN(c3c(C)ccc(C)c3)CC2)C=2C(=O)Nc3cc(C)c(C)cc3C=2)nnn1,,C06195818,,0,0,0,0,0,0,0,0,0,0
O=C1C([C@H]([NH+]2C[C@H](C)CCC2)c2n(C3CCCCC3)nnn2)=Cc2cc3OCOc3cc2N1,,C06283162,,0,0,0,0,0,0,0,0,0,0
O(C)CCn1c([C@@H]([NH+]2CCN(c3c(C)c(C)ccc3)CC2)C=2C(=O)Nc3c(C)cccc3C=2)nnn1,,C06443019,,0,0,0,0,0,0,0,0,0,0
O(C)CCN1C(=O)[C@@]2(C(=O)NC1=O)Cc1ccccc1N1CC[NH+](Cc3ccc4OCOc4c3)C[C@H]21,,C09429704,,0,0,0,0,0,0,0,0,0,0
O[C@H](C1CCN(C(=O)COc2nnc(N3CCN(c4[nH+]cccc4)CC3)cc2)CC1)c1sccc1,,C14882647,,0,0,0,0,0,0,0,1,0,0
O=[N+]([O-])c1cc(N2C(=O)[C@H]3[C@]4(C(=O)Nc5ccccc45)[NH+]4CCC[C@H]4[C@@H]3C2=O)c(OC)cc1,,C08996011,,0,0,0,0,0,0,0,0,0,0
O=[N+]([O-])c1cc(N2C(=O)[C@H]3[C@]4(C(=O)Nc5ccccc45)[NH+]4CCC[C@@H]4[C@@H]3C2=O)c(OC)cc1,,C08996013,,0,0,0,0,0,0,0,0,0,0
Oc1c([C@H]([NH+]2CCCCCC2)c2n(C[C@@H]3OCCC3)nnn2)cc2cc3OCOc3cc2n1,,C08617351,,0,0,0,0,0,0,0,1,0,0
O=[N+]([O-])c1ccc(N2C(=O)[C@H]3[C@@]4(C(=O)Nc5ccc(OC)cc45)[NH+]4CCC[C@@H]4[C@H]3C2=O)cc1,,C09357230,,0,0,0,1,0,0,0,0,0,0
S(=O)(=O)(N(C)C)c1cc(NC(=O)C[NH+]2[C@H](c3ccc4OCCCOc4c3)CCC2)c(OC)cc1,,C20806798,,0,0,0,0,0,0,0,0,0,0
S(=O)(=O)(N1CCC(C)CC1)c1cc([N+](=O)[O-])c(N2CC[NH+]([C@@H](C)C(=O)NC3CC3)CC2)cc1,,C22196013,,0,0,0,0,0,0,0,0,0,0
Clc1c([C@H]([NH+](C)C)CNC(=O)C=2C(=O)C=C(C)N(c3c([N+](=O)[O-])cccc3)N=2)cccc1,,C23192433,,0,0,0,0,0,0,0,0,0,0
O(C)C(=O)c1c(C)c2C(=O)NC(CN3CC[NH+](CC(=O)N4C[C@@H](C)C[C@H](C)C4)CC3)=Nc2s1,,C23372407,,0,0,0,0,0,0,0,1,0,0
O=C(NC1CCCCC1)CN1C(N2CC[NH+](CC(=O)N(C)C)CC2)=Nc2sc(C)c(CC)c2C1=O,,C34749304,,0,0,0,0,0,0,0,0,0,0
O=C1N=C(C[NH+]2CCN(c3n(-c4ccccc4)nnn3)CC2)Nc2sc3CCCCc3c12,,C34802342,,0,0,1,0,0,1,0,1,0,0
O=[N+]([O-])c1ccc2N3CC[NH+](CC(=O)N4CCCC4)C[C@@H]3[C@H](C(=O)NCCC(C)C)Cc2c1,,C35894387,,0,0,0,0,0,0,0,0,0,0
S(=O)(=O)(N1[C@@H](CC(=O)N2CCN(c3[nH+]cccc3)CC2)C(=O)NCC1)c1ccc(C)cc1,,C36355040,,0,0,0,0,0,0,0,0,0,0
O(C)c1c(OC)cc2C=C([C@H]([NH+]3CCCCCC3)c3n(C4CCCC4)nnn3)C(=O)Nc2c1,,C19550909,,0,0,0,0,0,0,0,0,0,0
O(C)c1c(OC)cc2C=C([C@@H]([NH+]3CCCCCC3)c3n(C4CCCC4)nnn3)C(=O)Nc2c1,,C19550907,,0,0,0,0,0,0,0,0,0,0
O=C1C([C@@H](N2CC[NH+](CCC)CC2)c2n(C(C)(C)C)nnn2)=Cc2cc3OCOc3cc2N1,,C19973370,,0,0,0,0,0,0,0,0,0,0
FC=1/C(=[N+]\2/C[C@@H](NC(=O)OC(C)(C)C)CC/2)/C=2Oc3ccccc3N3C=C(C(OCC)=O)C(O)=C(C=1)C=23,,C38804910,,0,0,0,0,0,0,1,1,0,0
S(CC(=O)N[C@H]1[C@@H](C#N)C(C)=C(C(OCC)=O)S1)C=1N=NC=2[C@H]([NH+]=C3C=CC=CC=23)N=1,,C39154611,,0,0,0,0,0,0,0,0,0,0
S(CC(=O)N[C@H]1[C@H](C#N)C(C)=C(C(OCC)=O)S1)C=1N=NC=2[C@H]([NH+]=C3C=CC=CC=23)N=1,,C39154612,,0,0,0,0,0,0,0,0,0,0
S(CC(=O)N1CCN(C(=O)c2occc2)CC1)[C@H]1N(C2CC2)C(C=2C[NH+]=C3C=CC=CC=23)=NN1,,C39991051,,0,0,0,0,0,0,0,0,0,0
S(=O)(=O)(CC)C1=NSC=2N1C(=[NH2+])/C(=C/c1cc(OC)c(OCc3c(C)cccc3)cc1)/C(=O)N=2,,C20206710,,0,0,0,0,0,0,1,1,0,0
S(=O)(=O)(C(C)C)C1=NSC=2N1C(=[NH2+])/C(=C/c1oc(-c3ccc([N+](=O)[O-])cc3)cc1)/C(=O)N=2,,C32961252,,0,0,0,0,0,0,0,0,0,0
Clc1c(COc2c(OC)cc(/C=C\3/C(=O)N=C4SC(S(=O)(=O)C)=NN4C/3=[NH2+])cc2)cccc1,,C20207672,,0,0,0,0,0,0,1,1,0,0
S(=O)(=O)(C)C=1SC=2N(C(=[NH2+])/C(=C\c3cn(CCCOc4ccccc4)c4ccccc34)/C(=O)N=2)N=1,,C20207821,,0,0,0,0,0,0,1,1,0,0
S(=O)(=O)(CC)C=1SC=2N(C(=[NH2+])/C(=C\c3ccc(OC(=O)c4c(F)cccc4)cc3)/C(=O)N=2)N=1,,C20208508,,0,0,0,0,0,0,1,1,0,0
Clc1c(-n2c(/C=C\3/C(=O)N=C4SC(C5CCCCC5)=NN4C/3=[NH2+])ccc2)ccc([N+](=O)[O-])c1,,C32964468,,0,0,1,0,0,0,0,0,0,0
S(=O)(=O)(CC(C)C)C=1SC=2N(C(=[NH2+])/C(=C\c3oc(SCc4occc4)cc3)/C(=O)N=2)N=1,,C20239084,,0,0,1,0,0,0,1,1,0,0
O(C)c1c(OCCn2c(/C=C\3/C(=O)N=C4SC(N5CCCCC5)=NN4C/3=[NH2+])ccc2)ccc(C)c1,,C20356591,,0,0,0,0,0,0,0,0,0,0
OC1=C([C@H]([NH+]2CCC3(OCCO3)CC2)c2cc(OC)c(OCC)cc2)Sc2n1nc(C)n2,,C09517282,,0,0,0,1,0,0,0,0,0,0
O=C(NCc1c(C[NH+]2C[C@@H](C)C[C@H](C)C2)cccc1)CN1C(=O)N(C)c2ncn(C)c2C1=O,,C59286516,,0,0,1,0,0,0,0,1,0,0
O=C(NC[C@H](c1ccc(OC)cc1)C=1C[NH+]=C2C=CC=CC=12)CN1C(=O)[C@H](C#N)[C@H]2N(C1=O)CCC2,,C63204522,,0,0,0,0,0,0,0,1,0,0
ClC1=N[C@H](N2C[C@H](C(=O)NCCC=3C[NH+]=C4C=C(OC)C=CC=34)CCC2)C2=NC=NC2=N1,,C63279655,,0,0,0,0,0,0,0,0,1,0
O(C)C(=O)c1c(NC(=O)N2[C@@H](C(=O)C(OCC)=O)[C@H]3[NH+]=C4C=CC=CC4=C3CC2)cccc1,,C63351500,,0,0,0,0,0,0,0,0,0,0
S(=O)(=O)(NCCC=1[C@@H](C)[NH+]=C2C=CC(OC)=CC=12)c1c(C)cc(N2S(=O)(=O)CCC2=O)cc1,,C63900047,,0,0,1,0,0,0,0,0,0,0
Clc1c(S(=O)(=O)N(C)C)cc(NC(=O)[C@H](OC(=O)c2ccc3C[NH+]=Nc3c2)C)cc1,,C64201855,,0,0,1,0,1,0,0,1,0,0
O=[N+]([O-])c1cc([C@H]2N3C(=O)CN(NC(=O)OC(C)(C)C)C(=O)[C@H]3CC=3[C@@H]2[NH+]=C2C=CC=CC=32)ccc1,,C64348827,,0,0,0,0,0,0,0,0,0,0
ClC=1C=CC2=[NH+][C@H]([C@@H]3ON=C(Cn4cc(S(=O)(=O)N5CCC(C)CC5)nc4)N3)C=C2C=1,,C64452276,,0,0,0,0,0,0,0,1,0,0
S(=O)(=O)(N1CCN(C(=O)CC=2C[NH+]=C3C=CC=CC=23)CC1)c1c(C)cc2NC(=O)[C@H](C)Oc2c1,,C64538927,,0,0,0,0,0,0,0,0,0,0
S(=O)(=O)(N(C)C)c1ccc2N3CCCC[C@H]3C(=O)N(CC(=O)NCC[NH+]3CCCCCC3)c2c1,,C35445403,,0,0,0,0,0,0,0,0,0,0
S(=O)(=O)(c1ccc(OC[C@@H](O)C[NH+](C)C)cc1)c1ccc(OC[C@@H](O)C[NH+](C)C)cc1,,C06078928,,0,0,0,0,0,0,0,0,0,0
O=C(NN1C(=O)C(c2ccccc2)(c2ccccc2)NC1=O)C[NH+]1CCN(c2[nH+]cccc2)CC1,,C09995140,,0,0,0,0,0,0,0,0,0,0
O=C(CC[NH+](CC)CC)N1CCC([C@@]2(CCC(C)C)C(=O)N(CC[NH+](C)C)C(=O)N2)CC1,,C11967061,,0,0,0,0,0,0,0,0,0,0
O(C)CC[NH+]1CCC(CNC(=O)C[C@@H]2[NH+](Cc3c(OCC)cccc3)CCNC2=O)CC1,,C12437914,,0,0,0,0,0,0,0,0,0,0
O(C)CCCN[C@H]1[NH+]=CNc2c3c(sc12)[nH+]c(N1CCOCC1)c1COC(C)(C)Cc31,,C27345017,,0,0,0,0,0,0,0,1,0,0
S(=O)(=O)(N1CCCC1)c1cc([C@@H]2C(/C=C(/C#N)\C3[NH+]=C4C=CC=CC4=[NH+]3)=CN(c3ccccc3)N2)ccc1,,C38664466,,0,0,0,0,0,0,0,0,0,0
Fc1c(N2CC[NH+](CC(=O)NC=3[C@@H](C(OCC)=O)[NH+]=C4C=CC(OCC)=CC=34)CC2)cccc1,,C38685615,,0,0,0,0,0,0,0,0,0,0
S(=O)(=O)(/N=C\1/[C@H](Nc2cc(C(OCC)=O)ccc2)[NH+]=C2C=CC=CC2=[NH+]/1)c1ccccc1,,C38981358,,0,0,0,0,0,0,0,1,0,0
O=[N+]([O-])c1cc(N2[C@@H](C)C(/C=C(/C#N)\[C@H]3[NH+]=C4C=C(OC)C=CC4=[NH+]3)=C[C@@H]2C)c(OC)cc1,,C39439910,,0,0,0,0,0,0,0,0,0,0
O=C(N[C@H]1[NH+](Cc2occc2)[C@@H](C)[C@@H](C)[C@H]1C#N)C[NH+](C)CC=1NC(=O)c2ccccc2N=1,,C39447423,,0,1,1,0,0,0,1,1,0,0
O=C(Oc1c(C(=O)N2C[C@@H](C(=O)NCC[NH+]3CCCCC3)C3(C2)CC[NH2+]CC3)cccc1)C,,C39627819,,0,0,0,0,0,0,0,0,0,0
O=C(NCCC[NH+]1[C@@H](C)CCCC1)[C@H]1C2(CN(C(=O)c3c(C)onc3C)C1)CC[NH2+]CC2,,C39628636,,0,0,1,0,0,0,0,0,0,0
O=C(C)N1CCC(C(=O)N2C[C@@H](C(=O)NCC(C)(C)C[NH+](C)C)C3(C2)CC[NH2+]CC3)CC1,,C39630819,,0,0,0,0,0,0,0,0,0,0
FC(F)(F)C(=O)N1[C@H](C(=O)N2C[C@@H](C(=O)NC[C@H]3[NH+](CC)CCC3)C3(C2)CC[NH2+]CC3)CCC1,,C39695453,,0,0,0,0,0,0,0,0,0,0
O(C)c1ccc(C[NH+](Cc2occc2)[C@@H]([C@H]2N(C(C)(C)C)NN=N2)[C@@H]2C(=O)[NH+]=C3C=CC(C)=CC3=C2)cc1,,C39710281,,0,0,0,0,0,0,0,0,0,0
O=[N+]([O-])c1ccc(N2CC[NH+]([C@H]([C@H]3N(C(C)(C)C)NN=N3)[C@@H]3C(=O)[NH+]=C4C=CC(CC)=CC4=C3)CC2)cc1,,C39710401,,0,0,0,0,0,0,0,0,0,0
Fc1c(N2CC[NH+]([C@@H]([C@H]3N(C(C)(C)C)NN=N3)[C@@H]3C(=O)[NH+]=C4C=CC(CC)=CC4=C3)CC2)cccc1,,C39710451,,0,0,0,0,0,0,0,0,0,0
O=C1[C@@H]([C@H]([NH+](C[C@H]2OCCC2)Cc2occc2)[C@H]2N(C(C)(C)C)NN=N2)C=C2C=C(CC)C=CC2=[NH+]1,,C39710537,,0,0,0,0,0,0,0,0,0,0
O(C)CCn1c([C@H]([NH+](Cc2cnccc2)Cc2ccc(OC)cc2)[C@@H]2C(=O)[NH+]=C3C=C(C)C=CC3=C2)nnn1,,C39710630,,0,0,0,0,0,1,0,0,0,0
O(C)CCn1c([C@@H](N2CC[NH+]([C@H]3Sc4ccccc4N3)CC2)[C@@H]2C(=O)[NH+]=C3C(C)=CC=CC3=C2)nnn1,,C39710790,,0,0,0,0,0,0,0,0,0,0
O=C1[C@H]([C@@H]([NH+](Cc2occc2)Cc2ccccc2)[C@H]2N(C(C)(C)C)NN=N2)C=C2C=CC=C(C)C2=[NH+]1,,C39710899,,0,0,0,0,0,0,0,0,0,0
O=C1[C@H]([C@@H]([NH+](C[C@H]2OCCC2)Cc2sccc2)[C@H]2N(C3CCCC3)NN=N2)C=C2C=CC=C(C)C2=[NH+]1,,C39710962,,0,0,0,0,0,0,0,0,0,0
O=C1[C@H]([C@@H]([NH+](Cc2occc2)Cc2cnccc2)[C@@H]2N(C(C)(C)CC)N=NN2)C=C2C(C)=CC=C(C)C2=[NH+]1,,C39711104,,0,0,0,0,0,1,0,0,0,0
O(C)CCn1c([C@H](N2CC[NH+](CC)CC2)[C@H]2C(=O)[NH+]=C3C=CC(OCC)=CC3=C2)nnn1,,C39711464,,0,0,0,0,0,0,0,0,0,0
O(C)CCn1c([C@@H](N2CC[NH+](CC)CC2)[C@@H]2C(=O)[NH+]=C3C=CC(OCC)=CC3=C2)nnn1,,C39711467,,0,0,1,0,0,0,0,0,0,0
ClC=1C=CC2=[NH+]C(=O)[C@H](/C(=N\NC(=O)c3ccc([N+](=O)[O-])cc3)/[C@H](O)[C@H](O)CO)[NH+]=C2C=1,,C40151335,,0,0,0,0,0,0,0,0,0,0
OC=1OC2=C/C(=[NH+]\C(OCC)=O)/C=CC2=C(C[NH+](C)C[C@@H]2Oc3ccccc3N(CC)C2)C=1,,C45511222,,0,0,0,0,0,0,0,1,1,0
S(=O)(=O)(C)c1ccc(C[NH+]2CC[C@H]3[NH+](C)[C@@H](CCC(=O)N4CCc5ccccc45)CNC(=O)[C@@H]23)cc1,,C22922771,,0,0,0,0,0,0,0,0,0,0
S(CC(=O)Nc1c(OC)cc2c(oc3ccccc23)c1)[C@H]1[NH+]=C2C=C([N+](=O)[O-])C=CC2=[NH+]1,,C63075039,,0,0,0,0,0,0,0,1,0,0
S(=O)(=O)(N[C@@H]1[C@@H](C)C(C)=NO1)c1ccc(NC(=O)CS[C@H]2[NH+]=C3C=C(OC)C=CC3=[NH+]2)cc1,,C63089220,,0,0,0,0,0,0,0,1,0,0
O(C)c1c([C@H]2N3C(=O)CN(CCC[NH+](C)C)C(=O)[C@@H]3CC=3[C@H]2[NH+]=C2C=CC=CC=32)cc(OC)cc1,,C63137647,,0,0,0,0,0,0,0,0,0,0
ClC=1C=CC2=[NH+]CC(CCNC(=O)[C@@H](NC(=O)C[C@H]3[NH+]=NC(=O)c4ccccc34)C)=C2C=1,,C63279859,,0,0,0,0,0,0,0,0,0,0
S(=O)(=O)(c1sc(NC(=O)CSC2[NH+]=C3C=CC=CC3=[NH+]2)nc1)c1ccc([N+](=O)[O-])cc1,,C63291805,,0,0,0,0,1,1,0,1,0,0
S(CC(=O)Nc1c(OCC)cccc1)[C@@H]1[NH+]=C2C=CC=CC2=C2[NH+]=C(CCC=3[C@@H](C)N=NC=3C)NN12,,C63708273,,0,0,0,0,0,0,0,0,0,0
O(CC(=O)N[C@@H]1C(C(OCC)=O)=C2CC(C)(C)[NH2+]C(C)(C)[C@H]2S1)C(=O)CC=1C[NH+]=C2C=CC=CC=12,,C63900636,,0,0,0,0,0,0,0,0,0,0
O(C)CCC(=O)N[C@H]1[C@@H](C(OC)=O)N(CCC=2C[NH+]=C3C=CC=CC=23)c2[nH+]cc(NC3CCC3)cc12,,C63985846,,0,0,0,0,0,0,0,0,0,0
O(C)C(=O)[C@@H]1N(CCC=2C[NH+]=C3C=CC=CC=23)c2[nH+]cc(NC3CCOCC3)cc2[C@@H]1NC(=O)[C@H]1COCC1,,C63993684,,0,0,0,0,0,0,0,0,0,0
O(C)C(=O)[C@H]1N(CCC=2C[NH+]=C3C=CC=CC=23)c2[nH+]cc(N[C@@H](C)CCC(C)=C)cc2[C@H]1NC(=O)C,,C63993935,,0,0,0,0,0,0,0,0,0,0
O(C)C(=O)[C@H]1N(CCC=2C[NH+]=C3C=CC=CC=23)c2[nH+]cc(NC3CCOCC3)cc2[C@@H]1NC(=O)C,,C63994209,,0,0,0,0,0,0,0,0,0,0
O(C)C(=O)[C@H]1N(CCC=2C[NH+]=C3C=CC=CC=23)c2[nH+]cc(N[C@H](C)CC(C)C)cc2[C@H]1NC(=O)C,,C63994238,,0,0,0,0,0,0,0,0,0,0
S(=O)(=O)(CC1CC1)[C@H]1N(C[C@H]2OCCC2)[C@@H](CN(C)CC2[NH+]=C3C=CC=CC3=[NH+]2)C=N1,,C64040626,,0,0,0,0,0,0,0,0,0,0
FC=1C=CC2=[NH+][C@@H](CN(C)C(=O)Cn3ncc(NC(=O)CCC(=O)c4ccccc4)c3)[NH+]=C2C=1,,C64058397,,0,0,0,0,0,0,0,1,0,0
O(C)CCN1C(=O)[C@](CC(=O)N(C)CC2[NH+]=C3C=C(C)C(C)=CC3=[NH+]2)(c2cc(OC)ccc2)CC1=O,,C64074259,,0,0,1,0,0,0,0,0,0,0
Clc1cc(N2[C@@H](SCC(=O)NCCC=3C[NH+]=C4C=C(OC)C=CC=34)N[NH2+]N2)ccc1,,C64137069,,0,0,0,0,0,0,0,0,0,0
Clc1c(N2[C@@H](SCC(=O)NCCC=3C[NH+]=C4C=C(OC)C=CC=34)N[NH2+]N2)cccc1,,C64164809,,0,0,0,0,0,0,0,1,0,0
S(CC(=O)NCCC=1C[NH+]=C2C=C(OC)C=CC=12)[C@H]1N(c2cc(OC)ccc2)N[NH2+]N1,,C64197106,,0,0,1,0,0,0,0,1,0,0
S(=O)(=O)(Nc1c(C(=O)N(C)Cc2oc([C@@H]3[C@H](C)C3)cc2)cccc1)C=1C=CC2=[NH+]C(=O)[NH+]=C2C=1,,C64202199,,0,0,0,0,0,0,1,1,0,0
[NH+](/N=C/C=C/c1ccc(-c2nc3n(c2)C=C(/C=C/C=N/NC2=[NH+]CCCN2)C=C3)cc1)=C1NCCCN1,,C27436586,,0,0,1,0,0,0,0,1,0,0
S(=O)(=O)(N1CCCC1)c1ccc2N(CC(=O)NCC[C@@H]3[NH+]=C4C=C(C)C=CC4=[NH+]3)C(=O)CCc2c1,,C64539386,,0,0,0,0,0,0,0,0,0,0
O=C(NC1[NH+]=C2C=CC=CC2=[NH+]1)[C@@H](NC(=O)c1cc(OCC)c(OCC)c(OCC)c1)[C@H](C)CC,,C65305959,,0,0,0,0,0,0,0,0,0,0
O[C@@H]1[C@]2(C)[C@]3(O)[C@@](C)([C@@H](OC(=O)C)[C@@H](OC(=O)CC[NH+](C)C)[C@H]2C(C)(C)CC1)O[C@@](C)(C=C)CC3=O,,C03803653,,0,0,0,0,0,0,0,0,0,0
O(C[C@@H](NC(=O)C([NH3+])(C)C)C(=O)N1C[C@@]2(Cc3ccccc3)C(=O)N(C)N=C2CC1)Cc1ccccc1,,C04393135,,0,0,0,0,0,0,0,0,0,0
O(C)c1c(OC)cc2C=C([C@@H]([NH+]3CCC(Cc4ccccc4)CC3)c3n(C(C)(C)C)nnn3)C(=O)Nc2c1,,C06014896,,0,0,0,0,0,0,0,0,0,0
Fc1ccc(C=2CC[NH+]([C@H](c3n(C(C)(C)C)nnn3)C=3C(=O)Nc4cc(OC)c(OC)cc4C=3)CC=2)cc1,,C06014992,,0,0,0,0,0,0,0,0,0,0
O=C(N1CC[NH+]([C@H](c2n(C(C)(C)C)nnn2)C=2C(=O)Nc3ccc(OCC)cc3C=2)CC1)c1occc1,,C06196758,,0,0,0,0,0,0,0,0,0,0
O(CC)c1ccc2NC(=O)C([C@@H]([NH+](Cc3sccc3)Cc3occc3)c3n(C(C)(C)C)nnn3)=Cc2c1,,C06196908,,0,0,0,0,0,0,0,0,0,0
Fc1c(N2CC[NH+]([C@H](c3n(CCOC)nnn3)C=3C(=O)Nc4cc5OCOc5cc4C=3)CC2)cccc1,,C06136299,,0,0,0,0,0,0,0,0,0,0
O=C(C[NH+]1[C@H](c2c(OC)ccc(OC)c2)CCC1)C=1C(=O)N(CC)C(=O)N(Cc2ccccc2)C=1N,,C08754912,,0,0,0,0,0,0,0,1,0,0
ClC(Cl)(Cl)[C@H]([NH2+]C[C@H]1Oc2ccccc2OC1)NC(OCCn1c(C)ncc1[N+](=O)[O-])=O,,C08836933,,0,0,1,1,0,0,0,0,0,0
O=[N+]([O-])c1c(C)n(Cc2c(OC)ccc(/C=N/NC(=O)CC[NH+]3[C@H](c4cnccc4)CCCC3)c2)nc1C,,C08994209,,0,0,1,0,0,0,0,1,0,0
S(=O)(=O)(N1C[C@H](C(=O)NCCC[NH+](CC)Cc2ccccc2)CCC1)c1ccc2N(C)C(=O)Oc2c1,,C09856362,,0,0,1,0,0,0,0,1,0,0
Clc1ccc(S(=O)(=O)N[C@@H](C(C)C)C(OCC(=O)N2CCN(c3[nH+]cccc3)CC2)=O)cc1,,C10305322,,0,0,0,0,0,0,0,0,0,0
O=C(Nc1c(C)cccc1C)C[NH+](CC(=O)Nc1c(C)cccc1C)CC=1N(C)C(=O)N(C)C(=O)C=1,,C10609070,,0,0,1,1,0,0,0,1,0,0
O(C)C(=O)c1nnn([C@H]2C[NH+](Cc3c(OCC=C)cccc3)[C@H](C(=O)Nc3ccc4COCc4c3)C2)c1,,C11787990,,0,0,0,0,0,0,0,0,0,0
S(=O)(=O)(NC[C@H]([NH+](C)C)c1ccc(OC)cc1)c1ccc(N2S(=O)(=O)CC(C)(C)C2=O)cc1,,C11997995,,0,0,0,0,0,0,0,0,0,0
O(CC)C(=O)[C@]1(CC)[NH2+][C@@H](c2cc(OC)c(OC)c(OC)c2)[C@H]2C(=O)N(c3ccc(C)cc3)C(=O)[C@H]12,,C12497338,,0,0,0,0,0,0,0,0,0,0
O(C)c1c(OC)ccc(CC[NH+](Cc2n(C(C)(C)C)nnn2)CC=2C(=O)Nc3cc(OC)ccc3C=2)c1,,C12833312,,0,0,1,1,0,1,0,1,0,0
O=C1C([C@@H]([NH+](Cc2occc2)Cc2cnccc2)c2n(C(C)(C)C)nnn2)=Cc2cc(C)cc(C)c2N1,,C06178008,,0,0,0,0,0,0,0,0,0,0
O(C)c1ccc2NC(=O)C(C[NH+](Cc3ccc(C)cc3)[C@H](CC)c3n(Cc4occc4)nnn3)=Cc2c1,,C13064144,,0,0,0,0,0,0,0,1,0,0
O(C)c1ccc2C=C(C[NH+](Cc3ccc(C)cc3)[C@H](CC)c3n(Cc4occc4)nnn3)C(=O)Nc2c1,,C13064317,,0,0,0,0,0,0,0,1,0,0
O=C1C(C[NH+](Cc2sccc2)[C@H](CC)c2n(C3CCCCC3)nnn2)=Cc2cc3OCCOc3cc2N1,,C13064415,,0,0,0,0,0,0,0,1,0,0
O=C1C(C[NH+](Cc2ccc3OCOc3c2)[C@@H](CC)c2n(Cc3occc3)nnn2)=Cc2ccc(C)c(C)c2N1,,C13065125,,0,0,0,0,0,1,0,1,0,0
O(CC)C(=O)Cn1c([C@@H]([NH+](Cc2ccc(C)cc2)CC=2C(=O)Nc3c(C)c(C)ccc3C=2)CC)nnn1,,C13065155,,0,0,0,0,0,0,0,1,0,0
O=C1C([C@@H]([NH+](C[C@H]2OCCC2)Cc2occc2)c2n(C[C@H]3OCCC3)nnn2)=Cc2cc(C)ccc2N1,,C06409203,,0,0,0,0,0,0,0,0,0,0
O=C1C(C[NH+](Cc2n(C[C@H]3OCCC3)nnn2)Cc2ccc3OCOc3c2)=Cc2c(C)cc(C)cc2N1,,C06301465,,0,0,1,0,0,1,1,1,0,0
S(CC(=O)NC=1C(=O)N(N(C)C=1C)c1ccccc1)c1n(c([C@H]([NH+](C)C)C)nn1)-c1ccccc1,,C02726055,,0,0,0,0,0,0,0,0,0,0
O(CC)c1ccc2NC(=O)C(C[NH+]([C@@H](C(C)C)c3n(Cc4occc4)nnn3)C3CCCC3)=Cc2c1,,C13500670,,0,0,0,0,0,1,1,1,0,0
S(C)c1scc(C(=O)N2CCc3n(CCOC)nc(C(=O)NC[C@H]4[NH+](CC)CCC4)c3C2)n1,,C14752170,,0,0,0,0,0,0,0,1,0,0
O(C)c1ccc2NC(=O)C([C@@H]([NH+]3CCN(c4c(C)ccc(C)c4)CC3)c3n(C[C@H]4OCCC4)nnn3)=Cc2c1,,C06195865,,0,0,0,0,0,0,0,0,0,0
Clc1cc(NC(=O)C[NH+](CC)CC(=O)Nc2cc(S(=O)(=O)N(C)C)c(OC)cc2)c(C)cc1,,C15420405,,0,0,0,0,0,0,0,0,0,0
S(=O)(=O)(N1CC[NH+](CC(=O)N[C@H](C(C)C)c2ccccc2)CC1)c1cc([N+](=O)[O-])c(OC)cc1,,C24773221,,0,0,0,0,0,0,0,0,0,0
S(CC(=O)Nc1oc(C)c2C(C)=NNC(=O)c12)C=1N(CC[NH+](C(C)C)C(C)C)C(=O)c2ccccc2N=1,,C32745267,,0,0,1,0,1,0,1,1,0,0
O=C(N)C[NH+]1CCN(C=2N(CC(=O)NCc3ccccc3)C(=O)c3c(sc4CCCCc34)N=2)CC1,,C34747420,,0,0,0,0,0,0,0,0,0,0
O=C(COc1ccccc1)N1CCN(C=2NC(=O)C=C(CN3CC[NH+](CCc4ccccc4)CC3)N=2)CCC1,,C35926601,,0,0,0,0,0,0,0,1,0,0
S(CC(=O)Nc1c(C(OCC)=O)c2CC(C)(C)[NH2+]C(C)(C)c2s1)c1n(-c2ccccc2)nnn1,,C15933662,,0,0,1,0,0,0,0,1,0,0
O=C1C(C[NH+](Cc2n(Cc3occc3)nnn2)Cc2ccc(C)cc2)=Cc2cc3OCCOc3cc2N1,,C13033857,,0,0,1,0,0,1,1,1,0,0
O=C(NC[C@H]1[NH+](CC)CCC1)CN1C(=O)[C@H](CC(C)C)N2C(=O)CCN(Cc3scnc3)[C@H]2C1,,C39225694,,0,0,1,0,0,0,0,0,0,0
S(=O)(=O)([N-]c1c(C(O[C@@H](C)C(=O)Nc2ccc(C)cc2)=O)cccc1)C=1C=CC2=[NH+]C(=O)[NH+]=C2C=1,,C39422745,,0,0,0,0,0,0,1,1,0,0
S(CC(=O)N/N=C/C=1C[NH+]=C2C=CC=CC=12)[C@@H]1N([C@H](c2cc(OC)c(OC)cc2)NN1)c1ccccc1,,C39923395,,0,0,0,1,0,0,0,0,0,0
Clc1ccc([C@@H]2C(C(OCC)=O)=C(CN3CC[NH+]([C@@H](C)C(=O)NC4CC4)CC3)NC(=O)N2)cc1,,C45681902,,0,0,0,0,0,0,0,0,0,0
O=C(NCc1c[nH+]c(N2C[C@H](C)O[C@@H](C)C2)cc1)CCCCCNC1=NS(=O)(=O)c2ccccc12,,C46841140,,0,0,0,0,0,0,0,0,0,0
O=C(Nc1ccc2OCOc2c1)COC=1C(=O)C=C(C[NH+]2CCc3cc(OC)c(OC)cc3C2)OC=1,,C49543656,,0,0,1,1,0,0,0,1,0,0
S(=O)(=O)(C)C=1SC=2N(C(=[NH2+])/C(=C\c3ccc(OCCCOc4c(C)cc(C)cc4)cc3)/C(=O)N=2)N=1,,C20207873,,0,0,0,0,0,0,1,1,0,0
S(=O)(=O)(C)C=1SC=2N(C(=[NH2+])/C(=C\c3ccc(OCCCOc4cc(OC)ccc4)cc3)/C(=O)N=2)N=1,,C20207908,,0,0,1,1,0,0,1,1,0,0
O=C(N/N=C\c1cc(OC)c(OC)cc1)C[NH+]1CCC(C(=O)N/N=C/c2cc(OC)c(OC)cc2)CC1,,C36011811,,0,0,0,1,0,0,0,0,0,0
Clc1c(N2CC[NH+](CC)CC2)c(NC(=S)NC(=O)c2cc([N+](=O)[O-])c(N3CCCC3)cc2)ccc1,,C59723582,,0,0,0,0,0,0,0,0,0,0
O(C)C(=O)[C@H](NC(=O)[C@H]1N([C@@H]2OC(=O)c3c(OC)c(OC)ccc23)C(=O)CC1)CC=1C[NH+]=C2C=CC=CC=12,,C63351231,,0,0,0,0,0,0,0,0,0,0
ClC=1C=CC2=[NH+]CC(CCN3C(=O)[C@H](CCC(=O)Nc4cc(C(OCC)=O)ccc4)NC3=O)=C2C=1,,C63376384,,0,0,0,0,0,0,0,0,0,0
Clc1cc(S(=O)(=O)/N=C\2/[C@@H](NCCc3ccc(S(=O)(=O)N)cc3)[NH+]=C3C=CC=CC3=N/2)ccc1,,C39001344,,0,0,0,0,1,0,0,1,0,0
O=C(NCCC=1C[NH+]=C2C=CC(OC)=CC=12)[C@H](CC)N1C(=O)c2c(C)n(-c3ccccc3)nc2C(C)=N1,,C64507227,,0,0,1,0,0,0,1,1,0,0
O=[N+]([O-])c1cc(C)c(NC(=O)C(=O)NC[C@@H]([NH+]2CCCC2)c2ccc3N(C)CCCc3c2)cc1,,C09135792,,0,0,0,0,0,0,0,0,0,0
S(c1sc(N)nn1)c1nc(C[NH+]2CCOCC2)nc2sc(C(OCC)=O)c(C)c12,,C09217277,,0,0,0,0,0,0,1,1,0,0
O(C)c1c(OC)cc2N=C(C[NH+](CC)CC=3NC(=O)c4c(sc5CCCc45)N=3)NC(=O)c2c1,,C09703475,,0,0,1,0,1,0,1,1,0,0
S(=O)(=O)(NC1=[NH+]CCC1)c1ccc(NC(=O)c2ccc3C(=O)N(CCCC)C(=O)c3c2)cc1,,C11000023,,0,0,0,0,0,0,0,1,0,0
Clc1c([N+](=O)[O-])cc(NC(=O)[C@@H]([NH+]2CCC(NS(=O)(=O)C)CC2)c2ccccc2)cc1,,C11103927,,0,0,0,0,0,0,0,0,0,0
Clc1c([N+](=O)[O-])cc(NC(=O)[C@H]([NH+]2CCC(NS(=O)(=O)C)CC2)c2ccccc2)cc1,,C11103930,,0,0,0,0,0,0,0,0,0,0
Oc1c(OC)cc([C@H]2[C@H]3C(=O)OC[C@@H]3[C@H](Nc3[nH+]cccc3)c3cc4OCOc4cc23)cc1OC,,C13473807,,0,0,0,0,0,0,0,0,0,0
OCC[NH+](CC=1C(=O)Nc2cc3OCOc3cc2C=1)[C@H](C(C)C)c1n(C2CCCCC2)nnn1,,C13500536,,0,0,1,0,0,0,1,1,0,0
O=C(NC(=O)C[NH+](C)[C@H](C)c1ccc(-n2ncnc2)cc1)Nc1ccc2OCOc2c1,,C15026788,,0,0,1,0,0,1,0,1,0,0
S(Cc1c([N+](=O)[O-])cc(C(=O)N)cc1)c1n(c(C[NH+]2CCCCC2)nn1)-c1ccccc1,,C16817606,,0,0,0,0,0,0,0,0,0,0
S(=O)(=O)(N[C@@H]1CS(=O)(=O)CC1)c1cc(C(=O)[NH+]=C2C=CC3=C(C)C=C(O)OC3=C2)ccc1,,C22241230,,0,0,0,0,0,0,0,1,0,0
O=[N+]([O-])c1ccc(NC(=O)C(=O)NC[C@H]([NH+](C)C)c2ccc3N(C)CCCc3c2)cc1,,C23859218,,0,0,0,0,0,0,0,0,0,0
Brc1ccc(NC(=O)CONc2c(C)c[nH+]c3N(C)C(=O)N(C)C(=O)c23)cc1,,C12309430,,0,0,1,0,0,0,0,1,0,0
Fc1c(NC(=O)CONc2c(CCC)c[nH+]c3N(C)C(=O)N(C)C(=O)c23)cccc1,,C12309624,,0,0,1,0,0,0,0,1,0,0
O(Nc1c(CCCC)c[nH+]c2N(C)C(=O)N(C)C(=O)c12)CC(=O)Nc1c(C)cc(C)cc1,,C12309763,,0,0,1,0,0,0,0,1,0,0
Fc1c(NC(=O)CONc2c(CCCC)c[nH+]c3N(C)C(=O)N(C)C(=O)c23)ccc(F)c1,,C12309770,,0,0,1,0,0,0,0,1,0,0
Clc1c(Cl)ccc(NC(=O)CONc2c(C(C)C)c[nH+]c3N(C)C(=O)N(C)C(=O)c23)c1,,C12310001,,0,0,1,0,0,0,1,1,0,0
O=[N+]([O-])c1c(C)c(NC(=O)C[NH+]2[C@H](c3c(C)n(-c4ccccc4)nc3C)C(=O)NCC2)ccc1,,C24214655,,0,0,1,0,0,0,0,0,0,0
Clc1c(NC(=O)[C@H](C)N2CC[NH+](CC(=O)NCC=C)CC2)ccc([N+](=O)[O-])c1,,C27558980,,0,0,0,0,0,0,0,0,0,0
O=[N+]([O-])c1c(N2CC[NH+](CC(=O)NN3C(=O)[C@@](CC)(c4ccccc4)NC3=O)CC2)cccc1,,C30911209,,0,0,0,0,0,0,0,0,0,0
Clc1c(Cl)cccc1C[NH+](C)CC(=O)Nc1c([N+](=O)[O-])cc2OCC(=O)Nc2c1,,C28934916,,0,0,0,0,0,0,0,1,0,0
Fc1c([C@@H]2N(C(=O)N[C@@H](CCC(OC)=O)C(OC)=O)CCc3[nH]c[nH+]c23)ccc(F)c1,,C20745884,,0,0,0,0,0,0,0,0,0,0
Brc1ccc([C@H]2N(C(=O)N[C@H](CC(OC)=O)C(OC)=O)CCc3[nH]c[nH+]c23)cc1,,C36569768,,0,0,0,0,0,0,0,0,0,0
Clc1cc(F)c([C@H]2N(C(=O)N[C@H](CC(OC)=O)C(OC)=O)CCc3[nH]c[nH+]c23)cc1,,C36579816,,0,0,0,0,0,0,0,0,0,0
Clc1cc(F)c([C@H]2N(C(=O)N[C@@H](CCC(OC)=O)C(OC)=O)CCc3[nH]c[nH+]c23)cc1,,C20744422,,0,0,0,0,0,0,0,0,0,0
O(CC)C(=O)c1c(NC(=O)C[NH+]2CCC3(OCCO3)CC2)c2cc3OCOc3cc2[nH]1,,C02211524,,0,0,0,0,0,0,0,1,0,0
O=[N+]([O-])c1c(NC(=O)C(=O)NC[C@H]([NH+]2CCCC2)c2ccc(N(C)C)cc2)ccc(C)c1,,C38636205,,0,0,0,0,0,0,0,0,0,0
S(CC(=O)N[C@H]1N(CC(C)C)C(=O)NC(=O)C1)C=1N=NC=2[C@H]([NH+]=C3C=CC=CC=23)N=1,,C38784368,,0,0,0,0,0,0,0,0,0,0
S(CC(=O)N[C@@H]1N(CCc2ccccc2)C(=O)NC(=O)C1)C=1N=NC=2[C@H]([NH+]=C3C=CC=CC=23)N=1,,C38784402,,0,0,0,0,0,0,0,0,0,0
S(CC(=O)N[C@@H]1N(C2CCCCC2)C(=O)NC(=O)C1)C=1N=NC=2[C@@H]([NH+]=C3C=CC=CC=23)N=1,,C38784438,,0,0,0,0,0,0,0,0,0,0
S(CC(=O)N[C@@H]1[C@H](C#N)C=2CCCC=2S1)[C@H]1N/C(=[NH+]\N=C\c2ccc(OCC)cc2)/N=N1,,C39404330,,0,0,0,0,0,0,0,0,0,0
O(CC)C(=O)C=1[C@H](CC)NC(=O)NC=1CN1CC[NH+](CC(=O)N2C[C@H](C)C[C@H](C)C2)CC1,,C36007413,,0,0,0,0,0,0,0,0,0,0
O=C(N/N=C/[C@H]1C(=O)[NH+]=C2C=CC(OC)=CC2=C1)C1=C(C)[C@@H](C#N)C(=O)N(c2ccccc2)N1,,C39940433,,0,0,0,0,0,0,0,0,0,0
Clc1ccc(NC(=O)C[C@H]2N(C(=O)CN3CCN(c4[nH+]cccc4)CC3)CCNC2=O)cc1,,C20676597,,0,0,0,0,0,0,0,0,0,0
O=[N+]([O-])c1c(NNC(=O)c2cccc3ccccc23)ncnc1N1CCN(c2[nH+]cccc2)CC1,,C40658741,,0,0,0,0,0,0,0,0,0,0
S(C(=[NH2+])N/N=C/c1c(F)cccc1)[C@@H]1C(=O)N(c2cc([N+](=O)[O-])ccc2)C(=O)C1,,C18153505,,0,0,0,0,0,0,0,0,0,0
O(CC)C(=O)c1c(NC(=O)CN2C(=O)c3cnn(C)c3N=C2)sc2C(C)(C)[NH2+]C(C)(C)Cc12,,C31755040,,0,0,1,0,0,0,1,0,0,0
O=[N+]([O-])c1ccc(N2C(=O)/C(=C(\NCCc3[nH+]c[nH]c3)/C)/C(c3ccccc3)=N2)cc1,,C17090561,,0,0,0,0,0,0,0,0,0,0
FC=1C=CC2=[NH+]CC(CCN3C(=O)[C@H](CCC(=O)NCc4ccc5OCOc5c4)NC3=O)=C2C=1,,C63279583,,0,0,0,0,0,0,0,1,0,0
O(C)C(=O)[C@H](N/C=C\1/C(=O)N(c2ccc(C)cc2)C(=O)NC/1=O)CC=1C[NH+]=C2C=CC=CC=12,,C63425005,,0,0,0,0,0,0,0,1,0,0
O(C)C(=O)[C@H](N/C=C\1/C(=O)N(c2cc(OC)ccc2)C(=O)NC/1=O)CC=1C[NH+]=C2C=CC=CC=12,,C63425852,,0,0,0,1,0,0,0,1,0,0
O(C)C(=O)[C@@H](N/C=C\1/C(=O)N(c2c(OC)cccc2)C(=O)NC/1=O)CC=1C[NH+]=C2C=CC=CC=12,,C63426798,,0,0,0,0,0,0,0,0,0,0
O(CC)C(=O)N1CCC(NC(=O)CNC(=O)N2CCC=3[C@@H]([NH+]=C4C=CC=CC=34)C2)CC1,,C63780997,,0,0,0,0,0,0,0,0,0,0
Clc1cc([C@H]2N(C(=O)N[C@@H](CCC(OC)=O)C(OC)=O)CCc3[nH]c[nH+]c23)c(F)cc1,,C20722276,,0,0,0,0,0,0,0,0,0,0
O=C(NC[C@@H]1Oc2ccccc2OC1)CN1C(=O)[C@H](CC=2C[NH+]=C3C=CC=CC=23)NC1=O,,C63842173,,0,0,0,0,0,0,0,0,0,0
N(Cc1ccc2OCOc2c1)C=1SCC(C2=C(C)N([C@@H](C)C2)c2n[nH]cn2)=N[NH+]=1,,C40000886,,0,0,0,0,0,0,0,1,0,0
O=[N+]([O-])c1cc(NC(=O)[C@H](C)N2C(=O)[C@H](CC=3C[NH+]=C4C=CC=CC=34)NC2=O)ccc1,,C63873788,,0,0,0,0,0,0,0,0,0,0
S=C1N(CN2CCN(c3nc[nH+]c4N(C)NCc34)CC2)N=C(/C=C/c2ccc(F)cc2)N1,,C38738943,,0,0,0,0,0,0,0,1,0,0
O=C(N[C@@H](C)c1ccc2OCOc2c1)CN1C(=O)[C@H](CC=2C[NH+]=C3C=CC=CC=23)NC1=O,,C64707799,,0,0,0,0,0,0,0,0,0,0
O=[N+]([O-])c1cc(OC)c(N2C(=O)[C@H]([NH2+]CCc3c[nH]c4ccc(C)cc34)CC2=O)cc1,,C40375140,,0,0,0,0,0,0,0,0,0,0
Clc1n([C@@H]2CS(=O)(=O)CC2)nc(C)c1/C=C/C(OCC(=O)Nc1ccc2n(CC)c3ccccc3c2c1)=O,,C03373917,,0,0,1,0,0,0,0,1,0,0
S(=O)(=O)(N(Cc1ccc2OCOc2c1)CC=1C(=O)Nc2cc(OC)ccc2C=1)c1ccc(OC)cc1,,C00917032,,0,0,1,0,0,0,0,1,0,0
Clc1c(CN(S(=O)(=O)c2cc(OC)c(-n3nnnc3)cc2)CCc2c[nH]c3ccccc23)cccc1,,C01325472,,0,0,0,0,0,0,1,1,0,0
S(=O)(=O)(N1CCCCC1)c1ccc(C(=O)Nc2c(C(OCC)=O)c3CCN(C(=O)C)Cc3s2)cc1,,C03007270,,0,0,0,0,0,0,0,0,0,0
O=C(NC1CCCCC1)[C@@H](N(C(=O)[C@@H]1Oc2ccccc2OC1)c1ccc(OCC)cc1)c1c(C)nn(C)c1,,C00931358,,0,0,0,0,0,0,0,0,0,0
O=C(NC1CCCCC1)[C@H](N(C(=O)[C@H]1Oc2ccccc2OC1)c1ccc(OCC)cc1)c1c(C)nn(C)c1,,C00931361,,0,0,0,0,0,0,0,0,0,0
O(C)C(=O)c1ccc(N([C@H](C(=O)NC2CCCCC2)c2occc2)C(=O)[C@H]2Oc3ccccc3OC2)cc1,,C00931050,,0,0,0,0,0,0,0,0,0,0
S(=O)(=O)(N(Cc1ccccc1)CC=1C(=O)Nc2cc3OCOc3cc2C=1)c1cc(C(OC)=O)ccc1,,C06238784,,0,0,1,0,0,0,1,1,0,0
O=C(N([C@@H](C(=O)NC1CCCC1)c1sccc1)c1cc(OC)cc(OC)c1)Cn1nnc2ccccc12,,C00901588,,0,0,0,0,0,0,1,0,0,0
S=C1N(Cc2ccc3OCOc3c2)C(=O)/C(=C/C=2C(=O)N3C=CC=CC3=NC=2NCCCOC)/S1,,C02335642,,0,0,1,0,0,0,1,1,0,0
S(CC(=O)Nc1c(C(OCC)=O)c2CC[C@@H](C)Cc2s1)c1oc([C@@H]2Oc3ccccc3OC2)nn1,,C08925222,,0,0,0,0,0,0,1,1,0,0
O=C(NCCn1ncc2C(=O)N(Cc3cccc4ccccc34)C=Nc12)[C@H]1CN(c2ccccc2)C(=O)C1,,C09016595,,0,0,0,0,0,0,1,1,0,0
O=C(Nc1c(C)cc(C)cc1)c1c(C)c2C(=O)N(CC(=O)c3ccc4OCC(=O)N(C)c4c3)C=Nc2s1,,C09043950,,0,0,0,0,0,0,0,1,0,0
S(=O)(=O)([C@H](CNC(=O)CN1C(=O)c2ccccc2C1=O)c1ccc(N(C)C)cc1)c1ccc(OC)cc1,,C09081171,,0,0,0,0,0,0,0,1,0,0
S(=O)(=O)([C@@H](CNC(=O)CN1C(=O)c2ccccc2C1=O)c1ccc(N(C)C)cc1)c1ccc(OC)cc1,,C09081172,,0,0,0,0,0,0,0,0,0,0
S(=O)(=O)(N[C@@H](Cc1ccccc1)C(=O)N(C)C1CCCCC1)c1ccc2N(C)C(=O)N(C)C(=O)c2c1,,C09636353,,0,0,1,0,0,0,0,1,0,0
Clc1ccc(CN2C(=O)c3cnn(CCNC(=O)[C@H]4CN(c5ccc(C)cc5)C(=O)C4)c3N=C2)cc1,,C09823794,,0,0,0,0,0,0,1,0,0,0
S=C1N(c2c(C)cc(C)cc2)C(=O)/C(=C\c2cc(OC)c(OCc3oc(C(OC)=O)cc3)cc2)/C(=O)N1,,C09973170,,0,0,0,0,0,0,0,1,0,0
Clc1sc(S(=O)(=O)N2[C@@H](C(=O)Nc3sc4CN(C(OCC)=O)CCc4n3)CCCC2)cc1,,C10814084,,0,0,0,0,0,0,0,1,0,0
Clc1ccc(S(=O)(=O)N2CCN(C(=O)CN3C(=O)[C@H](CCc4ccccc4)NC3=O)CC2)cc1,,C12484390,,0,0,0,0,0,0,0,0,0,0
O=C(NC1CCCCC1)[C@H](N(C(=O)c1nsnc1)c1cc(OC)ccc1)c1cc(OC)c(OC)cc1,,C13494398,,0,0,0,0,0,0,0,0,0,0
O(CC)C(=O)c1ccc(NC(=O)C[C@H]2N3C(=O)c4cnn(-c5cc(C)c(C)cc5)c4N=C3SC2)cc1,,C14013364,,0,0,0,0,0,0,1,0,0,0
S(CC(=O)Nc1scc(-c2ccccc2)n1)c1n(C)c([C@H](C)N2C(=O)COc3ccccc23)nn1,,C15019115,,0,0,1,0,0,0,0,1,0,0
O(C)C(=O)C=1[C@@H](c2cc(OC)c(OC(=O)C)cc2)C=2C(=O)C[C@@H](c3cc(OC)c(OC)cc3)CC=2NC=1C,,C00649162,,0,0,0,1,0,0,0,0,0,0
Clc1c(OC)ccc(NC(=O)CSc2n(C)c(CN(S(=O)(=O)C)c3ccc(F)cc3)nn2)c1,,C20193835,,0,0,0,0,0,0,0,1,0,0
O=C(Nc1sc([C@@H]2CN(c3ccc(CC)cc3)C(=O)C2)nn1)[C@@H]1CN(c2ccc(OC)cc2)C(=O)C1,,C20584192,,0,0,0,0,0,0,0,0,0,0
S(=O)(=O)(N(CC(=O)N[C@@H]1CC(C)(C)Oc2ccc(C)cc12)c1cc([N+](=O)[O-])ccc1)c1ccccc1,,C22313475,,0,0,0,0,0,0,0,0,0,0
O(C)c1c(OC)cc([C@@H]2c3c(C)noc3NC=3C[C@@H](c4cc(OC)c(OC)cc4)CC(=O)C2=3)c(OC)c1,,C28052690,,0,0,0,0,0,0,0,0,0,0
Clc1ccc([C@@]2(C)C(=O)N(CC(=O)N3CCN(S(=O)(=O)c4c(C)cc(C)cc4)CC3)C(=O)N2)cc1,,C32636227,,0,0,0,0,0,0,0,0,0,0
S(=O)(=O)(N(CC)CC)c1cc(N2C(=O)/C(=C\Nc3sc(CC)nn3)/c3ccccc3C2=O)ccc1,,C12483291,,0,0,1,0,0,0,0,1,0,0
S(=O)(=O)(N1CCN(CC(=O)Nc2c(C(OCC)=O)c(-c3oc(C)cc3)cs2)CC1)c1ccccc1,,C12568399,,0,0,0,0,0,0,0,0,0,0
O=C1C([C@H](N(Cc2cnccc2)Cc2ccccc2)c2n(C[C@@H]3OCCC3)nnn2)=Cc2cccc(C)c2N1,,C33936820,,0,0,1,0,0,0,0,0,0,0
S(=O)(=O)(CNC(=O)[C@@H](N(C(=O)c1cc([N+](=O)[O-])ccc1)C1CCCCC1)/C=C\C)c1ccc(C)cc1,,C36491104,,0,0,0,0,0,0,0,0,0,0
S(=O)(=O)(CNC(=O)[C@@H](N(C(=O)C(C)=C)C1CCCCC1)c1ccc([N+](=O)[O-])cc1)c1ccc(C)cc1,,C36491389,,0,0,0,0,0,0,0,0,0,0
Clc1cc(C(=O)N(C)[C@H](C(=O)NCS(=O)(=O)c2ccc(C)cc2)c2ccc([N+](=O)[O-])cc2)ccc1,,C36529641,,0,0,0,0,0,0,0,0,0,0
Clc1ccc([C@H](N(C)C(=O)c2cc([N+](=O)[O-])ccc2)C(=O)NCS(=O)(=O)c2ccc(C)cc2)cc1,,C36537723,,0,0,0,0,0,0,0,0,0,0
O=C(NC1=C(C(=O)c2ccccc2)N(CC)S(=O)(=O)c2ccccc12)CN1C(=O)c2ccccc2C1=O,,C36612555,,0,0,0,0,0,0,1,0,0,0
O=C(Nc1cc(C)cc(C)c1)CN1CCN(C(=O)C2=CN(CC)C=C3C(=O)N(c4ccccc4)N=C23)CC1,,C38485257,,0,0,0,0,0,0,1,1,0,0
O(CC)C(=O)c1c(NC(=O)[C@H](C)N2C(=O)C=CC(c3cc(OC)c(OC)cc3)=N2)sc2CCCCc12,,C38790886,,0,0,0,0,0,0,0,0,0,0
O(Cc1ccccc1)C(=O)N1[C@]2([C@@H](N(CC(=O)NCc3ccc4OCOc4c3)C2=O)c2ccccc2)CCC1,,C39265738,,0,0,0,0,0,0,0,1,0,0
S(=O)(=O)(O[C@@H]1[C@@H](O)[C@H]2O[C@H](c3ccccc3)OC[C@@H]2N(C(OC(C)(C)C)=O)C1)c1ccc(C)cc1,,C44167709,,0,0,0,0,0,0,0,0,0,0
O(CC(=O)N1[C@H](c2cc(OC)c(OC)cc2)C=C(c2sccc2)N1)C(=O)[C@@H]1Oc2ccccc2OC1,,C03449743,,0,0,0,0,0,0,0,0,0,0
O(C)c1c(OCCOc2c(C)cccc2)c(OC)cc(/C=C\2/C(=O)N=C3SC(C(C)C)=NN3C/2=N)c1,,C13940606,,0,0,1,0,0,0,1,1,0,0
O=C1C(CN(Cc2sccc2)[C@H](CC)c2n(C3CCCCC3)nnn2)=Cc2cc3OCCOc3cc2N1,,C57641292,,0,0,1,0,0,0,1,1,0,0
S(=O)(=O)(N(CC(=O)N/N=C/c1cccc2OCCOc12)c1ccc(C)cc1)c1ccc(OCC)cc1,,C20232220,,0,0,0,0,0,0,0,0,0,0
Clc1ccc(C(=O)Oc2ccc(/C=C/3\C(=O)N=C4SC(S(=O)(=O)CC)=NN4C\3=N)cc2)cc1,,C41084145,,0,0,0,0,0,0,0,1,0,0
S(=O)(=O)(CC)C1=NSC=2N1C(=N)/C(=C/c1cc(OCC)c(O[C@@H](C)c3ccccc3)cc1)/C(=O)N=2,,C20206479,,0,0,0,0,0,0,1,1,0,0
S(=O)(=O)(CC)C1=NSC=2N1C(=N)/C(=C/c1ccc(OCCOc3cc(C)cc(C)c3)cc1)/C(=O)N=2,,C20206670,,0,0,0,0,0,0,1,1,0,0
Clc1c(OCCOc2ccc(/C=C\3/C(=O)N=C4SC(S(=O)(=O)C)=NN4C/3=N)cc2)cccc1,,C20207744,,0,0,0,0,0,0,1,1,0,0
Clc1c(OC(=O)c2ccc(C)cc2)ccc(/C=C\2/C(=O)N=C3SC(S(=O)(=O)C)=NN3C/2=N)c1,,C20207981,,0,0,0,0,0,0,0,1,0,0
O=C(Nc1cc(OC)ccc1)N(Cc1n2CCCCCc2nn1)c1ccc(C)cc1,,C04518115,,0,0,1,1,0,0,0,0,0,0
O=[N+]([O-])c1ccc(-n2c(C)c(/C=C(/C(=O)Nc3cc(C)ccc3)\C#N)cc2C)cc1,,C02855352,,0,0,0,0,0,0,0,0,0,0
Clc1c([C@H]2C(C(=O)OC3CCCCC3)=C(C)NC(=O)C2)cc([N+](=O)[O-])cc1,,C00861250,,0,0,0,0,0,0,0,0,0,0
S(CC(=O)Nc1c(C)cc([N+](=O)[O-])cc1)c1ncnc2sc(C)c(C)c12,,C04976405,,0,0,1,0,0,0,0,1,0,0
O([C@@H](C)C(=O)Nc1ccc2OCOc2c1)C(=O)c1c2ccccc2nc2CCCc12,,C03482213,,0,1,1,0,0,0,0,1,0,0
Clc1c(C(=O)N[C@@H](C(C)C)c2ccc3OCCCOc3c2)ccc([N+](=O)[O-])c1,,C05407906,,0,0,0,0,0,0,0,0,0,0
S(CC1=CC(=O)Oc2c(C)c(O)ccc12)c1n(-c2c(C)cc(C)cc2)nnn1,,C05413853,,0,0,1,0,0,1,1,1,0,0
Brc1ccc(C(=O)C=2NC(c3ccc([N+](=O)[O-])cc3)=NOC=2)cc1,,C05715019,,0,0,0,0,0,0,1,1,0,0
S(CC(=O)NC1CCCCCCC1)c1oc(-c2ccc3OCOc3c2)nn1,,C03329759,,0,0,1,0,0,1,0,1,0,0
O=C(NN1C(C)=Nc2sc3C[C@H](C(C)(C)C)CCc3c2C1=O)c1n(CC)ncc1,,C02778931,,0,0,1,0,0,0,0,0,0,0
Clc1ccc2oc(C(OCC(=O)Nc3ccc4OCOc4c3)=O)c(C)c2c1,,C07456457,,0,0,0,0,0,0,0,1,0,0
O(C(C)C)C(=O)C=1[C@H](c2ccc(C(C)C)cc2)C=2C(=O)N(C)C(=O)N(C)C=2NC=1C,,C08236909,,0,0,0,0,0,0,0,0,0,0
Clc1c(C(=O)NC=2C(=O)N3c4ccccc4OC3=C(C(OCC)=O)C=2)cccc1,,C09029283,,0,0,0,0,0,0,1,1,0,0
Clc1c(C(=O)NC[C@H]2OC(=O)N(c3ccc4OCOc4c3)C2)cc(Cl)cc1,,C09120924,,0,0,0,0,0,0,0,1,0,0
S(=O)(=O)(Nc1ccc2N(C)C(=O)C(C)(C)COc2c1)c1c(OC)cc(C)c(C)c1,,C09165689,,0,0,0,0,0,0,0,0,0,0
Clc1ccc(C(=O)Nc2snc(-c3c(C)n(-c4c(F)cccc4)nn3)n2)cc1,,C09638174,,0,0,1,0,0,0,1,1,0,0
O(C)c1ccc([C@H]2CC(=O)C=3[C@H](c4ccc(CC)cc4)n4nnnc4NC=3C2)cc1,,C09660446,,0,0,0,0,0,1,0,0,0,0
O=C(CN1C(=O)N(CCC)c2ccccc12)N1[C@H](C)CC(=O)Nc2ccccc12,,C09762630,,0,0,0,0,0,0,0,0,0,0
O=C(N1CCC([C@@]2(CC)C(=O)N(CC(C)=C)C(=O)N2)CC1)c1oc2ccccc2c1,,C12200400,,0,0,0,0,0,0,0,0,0,0
Brc1c(OC)ccc(C(=O)N/N=C/c2c(Cl)ccc([N+](=O)[O-])c2)c1,,C12579614,,0,0,0,0,0,0,0,1,0,0
Clc1c(NC(=O)/C(=C/c2n(-c3ccc([N+](=O)[O-])cc3)ccc2)/C#N)cccc1,,C07918856,,0,0,0,0,0,0,0,0,0,0
O=C(N(CC)c1ccccc1)c1cc(NC=C2C(=O)OC(C)(C)OC2=O)ccc1,,C13618852,,0,0,0,0,0,0,0,0,0,0
Fc1ccc(-c2c(COC)nn3c2N=NC=2C(=O)C[C@H](c4c(O)cccc4)CC3=2)cc1,,C14607764,,0,0,1,0,0,0,1,1,0,0
Fc1ccc(-n2nc(C)c(-c3nc(C(=O)NC4CCCCCCC4)on3)c2)cc1,,C15729698,,0,0,1,0,0,0,1,1,0,0
O=[N+]([O-])c1cc(-n2c(C)c(/C=C(/C(=O)Nc3ccccc3)\C#N)cc2C)c(C)cc1,,C01216288,,0,0,0,0,0,0,0,0,0,0
O=C(N[C@@H](C)CC)CN1C(=O)N(S(=O)(=O)c2ccccc12)c1c(C)cccc1,,C15827117,,0,0,0,0,0,0,0,0,0,0
S(=O)(=O)(N1[C@@H](c2ccccc2)c2ccccc2NC1=S)c1ccc([N+](=O)[O-])cc1,,C16478545,,0,0,0,0,0,0,0,0,0,0
O=[N+]([O-])c1ccc([C@H]2CC(=O)NC=3C[C@@H](c4ccc(OC)cc4)CC(=O)C2=3)cc1,,C17080100,,0,0,0,0,0,0,0,0,0,0
O(Cc1n2N=C(c3[nH]nc(-c4ccccc4)c3)Sc2nn1)c1c(C)cccc1,,C22504955,,0,0,1,0,0,0,1,1,0,0
S([C@H](C)C(=O)Nc1c(C)c([N+](=O)[O-])ccc1)c1c(C#N)c(C)c2CCCc2n1,,C26523420,,0,0,0,0,0,0,0,1,0,0
Clc1c(OCn2nc(C(=O)Nc3ccc4OCOc4c3)cc2)c(Cl)ccc1,,C27972688,,0,0,1,0,0,0,0,1,1,0
O=C(N[C@H](C)c1n2C=CC=Cc2nn1)c1cccc2C(=O)C(C)=C(c3ccccc3)Oc12,,C32809133,,0,0,1,0,0,0,1,1,0,0
Oc1ccc(/N=C/2\C(=O)N(C/N=C\3/N(CCC)C(=O)SC/3)c3ccccc\23)cc1,,C28617583,,0,0,0,0,0,0,0,1,0,0
Clc1n(-c2ccc(C)cc2)nc(C)c1[C@H]1C(C(OCC)=O)=C(C)N(C)C(=O)N1,,C03437689,,0,0,0,0,0,0,0,0,0,0
O(Cc1n2N[C@@H]([C@H]3N=NC(C(C)C)=C3)Sc2nn1)c1cccc2ccccc12,,C38744607,,0,0,1,0,0,0,1,0,0,0
O(C)c1c(OC)ccc(/C=N/N=C/2\SC=C([C@@H]3C(=O)Oc4ccccc4C3)N\2)c1,,C38889730,,0,0,0,1,0,0,0,1,0,0
O=C(NC=1Sc2n(c(-c3sccc3)nn2)N=1)[C@H](Oc1cc(C)c(C)cc1)C,,C41008865,,0,1,1,0,0,0,1,1,0,0
S(=O)(=O)(c1c(C)ccc(C)c1)C1(C(=O)Nc2cc([N+](=O)[O-])ccc2)CCCC1,,C45344009,,0,0,0,0,0,0,0,0,0,0
S=C1N(Nc2sc3ccccc3n2)C(=O)/C(=C/c2cc([N+](=O)[O-])ccc2)/S1,,C14904601,,0,0,0,0,0,0,0,0,0,0
FC(F)(F)c1c(c(-c2c(O)c3OCOc3cc2)on1)-c1cn(-c2ccccc2)nc1,,C22525054,,0,0,1,0,0,0,1,1,0,0
O=C(Nc1scc(-c2ccc(C(C)(C)C)cc2)n1)CN1C(=O)N2C=CC=CC2=N1,,C58617338,,0,0,1,0,0,0,1,1,0,0
Clc1nnc(-n2nc(C)c3[C@H](c4c(OCC(C)C)cccc4)CC(=O)Nc23)cc1,,C32104148,,0,0,0,0,0,0,0,0,0,0
Clc1nnc(-n2nc(C)c3[C@H](c4ccc(OC(C)C)cc4)CC(O)=Nc23)cc1,,C32093315,,0,0,0,0,0,0,0,0,0,0
O=C(Nc1ccc(CC)cc1)CN1C(=O)N2C=Nc3sc4C[C@H](C)CCc4c3C2=N1,,C64945879,,0,0,1,0,0,1,1,1,0,0
S(=O)(=O)(N(C)C)c1c(Oc2ccc(C)cc2)cc2Oc3ccccc3NC(=O)c2c1,,C64986841,,0,0,0,0,0,0,0,0,0,0
O=C(Nc1cc(CC)ccc1)c1nn(-c2ccc(C)cc2)c2C(=O)N(C)C=Nc12,,C64998351,,0,0,0,0,1,1,1,1,0,0
O=C(Nc1c(C)cccc1)CN1C(=O)N(Cc2ccccc2)C(=O)c2nscc12,,C65184873,,0,0,0,0,0,1,1,0,0,0
Clc1c(NC(=O)CN2[C@@H](C)CO[C@@H](c3ccccc3)C2)ccc([N+](=O)[O-])c1,,C66853239,,0,0,0,0,0,0,0,1,0,0
Clc1ccc2N=C(CSc3n(-c4c(C)cc(C)cc4)nnn3)NC(=O)c2c1,,C07094579,,0,0,1,0,0,1,1,1,0,0
S(CC(=O)N1CCOc2ccc(C)cc12)C=1N(C(C)C)C(=O)c2[nH]c(C)cc2N=1,,C67236056,,0,1,1,0,0,0,0,1,0,0
Clc1c(C)c(NC(=O)CSc2n(C)nnn2)ccc1,,C03275288,,0,0,1,0,0,0,0,1,1,0
O(C)c1c(OC)ccc([C@H]2NC(=O)N(C)C=3CCCC(=O)C2=3)c1,,C05718760,,0,0,0,1,0,0,0,0,0,0
O=C(Nc1ccc(-n2nnnc2)cc1)C12CC3CC(C1)CC(C2)C3,,C06526823,,0,0,0,0,0,0,0,1,0,0
O=C1N(C)C=2CN(Cc3occc3)C(=O)C=2[C@H](c2sccc2)N1,,C06625657,,0,0,0,0,0,0,0,0,0,0
OCCn1c(C)c(C)c2-c3n(nc(-c4sccc4)n3)C=Nc12,,C06760554,,0,1,1,0,0,1,1,1,0,0
O=[N+]([O-])c1ccc(C(=O)N[C@H]2CC(C)(C)Cc3occc23)cc1,,C08236479,,0,0,0,0,0,0,0,0,0,0
O=C(NC=1SCCN=1)c1c(C)nn(-c2c(C)cc(C)cc2)n1,,C08986453,,0,0,1,0,0,1,0,1,0,0
O(CC)c1cc([C@@H]2n3ncnc3NC=3C[C@@H](C)CC(=O)C2=3)ccc1,,C10339501,,0,0,0,0,0,1,0,0,0,0
O(NC(=O)c1c(C)c2c(C)nc(-c3occc3)nc2s1)C,,C12825225,,0,0,1,0,0,0,1,1,1,0
ClC1=Cn2cc(CN3C(=O)[C@@H](CCC)NC3=O)nc2C=C1,,C12531490,,0,0,0,0,0,0,0,0,0,0
S=C1N(c2ccccc2)/C(=C/c2ccc([N+](=O)[O-])cc2)/C(=O)N1,,C16916847,,0,0,0,0,0,0,1,1,0,0
O=C(NC12CC3CC(C1)CC(C2)C3)CN1C(=O)N2CCC[C@@H]2C1=O,,C18408035,,0,0,0,0,0,0,0,0,0,0
Clc1c(C)cc2sc(NC(=O)C(C)(C)n3ncnc3)nc2c1,,C19125749,,0,0,0,0,0,0,0,1,0,0
O=C(N(C)Cc1n[nH]c2CCCCc12)c1noc(C(C)C)c1,,C19853853,,0,0,1,0,0,0,0,1,1,0
Clc1nnc(N/N=C(\C)/c2ccc3OCCOc3c2)cc1,,C20757219,,0,0,1,0,0,1,0,1,1,0
O=C(Nc1nn(-c2ccccc2)cc1)[C@H]1Oc2ccccc2OC1,,C24982679,,0,0,1,0,0,0,0,1,1,0
O=C1N(CN2C[C@H](CC)OCC2)C(=O)NC21CCCCCC2,,C12878348,,0,0,0,0,0,0,0,0,0,0
O(C)C(=O)c1c(NC(=O)c2nc3n(c2)C=CC=C3)ccs1,,C35163706,,0,0,1,0,0,0,1,1,0,0
S([C@H]1/C(=N/O)/[C@H]2CC[C@@H]1C2)c1n(-c2ccccc2)nnn1,,C05903260,,0,0,0,0,0,1,0,1,0,0
S(C)C=1NC(=O)C(C#N)=C(c2cc(OC)cc(OC)c2)N=1,,C35548530,,0,0,1,0,0,1,0,0,1,0
S([C@@H]1C/C(=N\O)/[C@H]2OC[C@@H]1O2)c1nc(C)cc(C(F)F)n1,,C04578081,,0,0,0,0,0,0,0,0,0,0
Clc1c([N+](=O)[O-])cc(NC2CCS(=O)(=O)CC2)cc1,,C37061124,,0,0,0,0,0,0,0,0,0,0
Clc1c(C(=O)Nc2c(C)cccc2)nc(S(=O)(=O)C)nc1,,C00408809,,0,0,1,0,0,0,0,1,0,0
Clc1c(NC[C@@H]2CS(=O)(=O)CC2)ccc([N+](=O)[O-])c1,,C37982176,,0,0,0,0,0,0,0,0,0,0
O=C(NC[C@H]1OC2(OC1)CCCCC2)[C@@H]1Oc2ccccc2OC1,,C38568581,,0,0,0,0,0,0,0,0,0,0
O(C)c1ccc(C=2[C@H]([C@@H]3NN=C4N3C(C)=CC=C4)C=NN=2)cc1,,C39412803,,0,0,0,0,0,0,0,0,0,0
O=C(N1CCC2=NN=C(CC3CCCCC3)[C@@H]2C1)[C@@H]1NC(=O)CC1,,C39430064,,0,0,0,0,0,0,0,0,0,0
O=[N+]([O-])c1cc(NC(=O)[C@@]23C(=O)C[C@@H](C2(C)C)CC3)ccc1,,C39854353,,0,0,0,0,0,0,0,0,0,0
O=C(N[C@H]1[C@]2(C)C(C)(C)[C@H](C1)CC2)CN1C(=O)N2C=CC=CC2=N1,,C40072656,,0,0,0,0,0,0,0,0,0,0
O=C(NC1CCCCC1)/C=C/c1ccc(-n2nnnc2)cc1,,C40180399,,0,0,0,0,0,0,0,1,0,0
S(=O)(=O)(NC1(C#N)CCCCCC1)Cc1noc(C)c1,,C40365074,,0,0,1,0,0,0,0,0,0,0
S(=O)(=O)(NC1(C#N)CCCCCCC1)c1c(C)onc1C,,C40367138,,0,0,1,0,0,0,0,0,0,0
O=C1N(CN2C[C@H](CC)OCC2)C(=O)N[C@]21[C@@H](C)CCCC2,,C46568916,,0,0,0,0,0,0,0,0,0,0
O=C(Nc1noc(C)c1)c1sc2nc(N(C)C)sc2c1,,C48911744,,0,1,1,0,0,0,1,1,1,0
O=C(Nc1c(C(C)(C)C)cccc1)C=1Sc2n(c(C)nn2)N=1,,C49660360,,0,0,1,1,0,0,1,1,1,0
Clc1c(C)c(NC(=O)C=2Sc3n(c(C4CC4)nn3)N=2)ccc1,,C49661722,,0,1,1,0,0,0,1,1,0,0
Clc1nc(CSc2ncnc3nc[nH]c23)nc2sccc12,,C51021858,,0,1,1,0,0,0,1,1,0,0
O=C(NCCCC)N1[C@H](c2n3CCCCCc3nn2)CCC1,,C51292218,,0,0,1,1,0,0,0,0,0,0
O(C)c1c(C)cc([C@@]2(C)C(=O)N(C[C@H](C)C#N)C(=O)N2)cc1,,C57844776,,0,0,0,0,0,0,0,0,0,0
O=C(NCCc1n2CCCCCc2nn1)N1[C@H](C)CCCC1,,C45385426,,0,0,1,0,0,0,0,0,0,0
S(=O)(=O)(Nc1ccc2N(C)C(=O)Oc2c1)c1c(C)cc(F)cc1,,C62179935,,0,0,1,0,0,0,1,1,1,0
CC(C)c1n2N[C@@H]([C@H]3N=NC(c4sccc4)=C3)Sc2nn1,,C63822313,,0,0,1,1,0,0,0,1,0,0
O=C(NC1(c2nc(C)on2)CCCCC1)[C@H]1Oc2ccccc2C1,,C23508381,,0,0,1,0,0,0,0,0,0,0
O=C(Nc1c(-n2cncc2)cccc1)c1c(C)c2C(=O)CCCc2o1,,C52927032,,0,0,0,0,0,1,1,1,0,0
O=C(N[C@@H](C)CC)c1oc(-c2c(C)c3ccccc3o2)nn1,,C35503492,,0,0,1,0,0,1,0,1,0,0
O=C(Nc1c(C)cccc1)[C@@H](C)N1C(=O)c2c(C)c(C)oc2N=C1,,C35378243,,0,1,0,0,0,0,1,1,0,0
Clc1c(NC(=O)Cn2ncc(C)c2)nc2ccccc2n1,,C64810066,,0,1,1,0,0,0,1,1,0,0
O=C(/N=C\1/N(C(C)(C)C)c2ccccc2N/1)CN1C(=O)C=CC=C1,,C65551850,,0,0,0,0,0,0,0,1,0,0
O=C(Nc1cn(C(C)(C)C)nc1)C=1C(=O)Oc2ccccc2C=1,,C65924380,,0,0,1,0,0,0,1,1,0,0
O=C(Nc1cn(C(C)C)nc1)c1c(C)c2c(C)nc(C)nc2s1,,C66673422,,0,0,1,0,0,0,0,1,0,0
O=C(NC(C)C)[C@H]1C[NH+]2[C@@H](Cn3nnc(C(C)(C)C)c3)C[C@@H]1CC2,,C08297978,,0,0,0,0,0,0,0,0,0,0
O=[N+]([O-])c1ccc(C[NH2+]C[C@@H]2Oc3ccccc3OC2)cc1,,C00341184,,0,0,0,0,0,0,0,1,0,0
O(C)c1c2[C@@H](Cc3[nH]nc(C)c3)[NH+](C)CCc2cc2OCOc12,,C08973477,,0,0,1,0,0,1,0,1,1,0
O=[N+]([O-])c1ccc(NC(=O)[C@@H](C)[NH+]2CCc3sccc3C2)cc1,,C10341473,,0,0,0,0,0,0,0,1,0,0
O=C(C[C@@H]1[NH+](CCC(C)C)CCNC1=O)N1OCCCC1,,C11816200,,0,0,0,0,0,0,0,0,0,0
[NH+](C)(C)C1(CNc2ncnc3n(C)ncc23)CCCCCC1,,C14262290,,0,1,1,0,0,0,0,1,0,0
O=[N+]([O-])c1ccc2CO[C@@H](C[NH2+]Cc3ccccc3)OCc2c1,,C27577312,,0,0,0,0,0,0,0,1,0,0
Fc1cc(-c2oc(C[NH2+]Cc3ccc4OCOc4c3)nn2)ccc1,,C30824893,,0,0,1,0,0,1,1,1,1,0
Fc1ccc(-c2oc(C[NH2+]Cc3ccc4OCOc4c3)nn2)cc1,,C30824934,,0,0,1,0,0,1,1,1,0,0
O=C(NC1CCCCCC1)CCc1onc(C=2CC[NH+](C)CC=2)n1,,C33069129,,0,0,1,0,0,0,0,0,0,0
O=[N+]([O-])c1c(C)ccc([C@H]([NH2+]C[C@@H]2CS(=O)(=O)CC2)C)c1,,C38083109,,0,0,0,0,0,0,0,0,0,0
Clc1cc(C(=O)N[C@@H]2CC[NH+]3CCC[C@H]23)c([N+](=O)[O-])cc1,,C38103330,,0,0,0,0,0,0,0,0,0,0
Clc1c(C(=O)NC2CC[NH+](CC)CC2)cc([N+](=O)[O-])cc1,,C38108361,,0,0,0,0,0,0,0,0,0,0
OCCC[NH+]1CN(c2ccc(C)cc2)C=2N(C(=O)C(C)=C(C)N=2)C1,,C38829881,,0,0,1,0,1,0,0,1,0,0
O=C(N/N=C/C=1C[NH+]=C2C=CC=CC=12)[C@@H]1N=N[C@H](C(C)(C)C)C1,,C39396472,,0,0,0,0,0,0,0,0,0,0
S(CC(=O)C=1C[NH+]=C2C=CC=CC=12)[C@@H]1N(C2CCCC2)N=NN1,,C39776901,,0,0,0,0,0,0,0,0,0,0
O=C(N/N=C/[C@@H]1C(=O)[NH+]=C2C=CC=CC2=C1)COc1ccccc1,,C39948065,,0,0,0,0,0,0,0,1,0,0
O=C(/[NH+]=C/1\C=CC2=N[C@H](C)[N-]C2=C\1)c1oc(C[NH+](C)C)cc1,,C40011893,,0,0,0,0,0,0,0,1,0,0
Brc1cc([N+](=O)[O-])c(N[C@H]2C[NH+]3CCC2CC3)nc1,,C40713361,,0,0,0,0,0,0,0,0,0,0
Brc1c([N+](=O)[O-])nn(CC[C@H]2[NH2+]CCCC2)c1,,C43499184,,0,0,0,0,0,0,0,0,0,0
Brc1c(C(=O)NC[C@H]([NH+](C)C)C)cc([N+](=O)[O-])cc1,,C45626512,,0,0,0,0,0,0,0,0,0,0
O=C(NCC(C)C)[C@@H]1C[NH+](CN2C(=O)Oc3ccccc23)CCC1,,C48279631,,0,0,1,0,0,0,0,0,0,0
Brc1cc([N+](=O)[O-])c(OC[C@@H]2C[NH2+]CC2)nc1,,C51888805,,0,0,1,0,0,0,0,0,0,0
O=[N+]([O-])c1ccc(OC)c2N[C@H](c3cc[nH+]cc3)[C@@H]3CC=C[C@@H]3c12,,C04450177,,0,0,0,0,0,0,0,0,0,0
O=[N+]([O-])c1ccc(OC)c2N[C@@H](c3cc[nH+]cc3)[C@@H]3CC=C[C@@H]3c12,,C01128326,,0,0,0,0,0,0,0,0,0,0
FC(F)(F)C=1N=C(N2CCN(c3[nH+]cccc3)CC2)NC(=O)C=1,,C57342444,,0,0,1,0,0,0,0,1,0,0
O=C(N[C@H]1C[NH+](CC)CCC1)N1CCN(C(=O)C(C)(C)C)CC1,,C57869697,,0,0,0,0,0,0,0,0,0,0
O=[N+]([O-])c1cc(OC)c2N[C@@H](c3cc[nH+]cc3)[C@H]3CC=C[C@H]3c2c1,,C59267209,,0,0,0,0,0,0,0,0,0,0
O(C)c1c(OC)cc(C)c(NCC=2[NH+]=C3SC=CN3C(=O)C=2)c1,,C15322510,,0,1,1,1,0,0,1,1,1,0
Clc1cc(C(=O)N[C@H]2CC[NH+]3CCCC[C@H]23)c([N+](=O)[O-])cc1,,C60722328,,0,0,0,0,0,0,0,0,0,0
Clc1nc(N[C@@H]2CC[NH+]3CCC[C@H]23)nc(N2CCCC2)n1,,C61539586,,0,0,1,0,0,0,0,0,0,0
O=[N+]([O-])c1ccc([C@@H](CN2CC[NH2+]CC2)N2CCCCC2)cc1,,C62269352,,0,0,0,0,0,0,0,0,0,0
Fc1c(c(Oc2cc([N+](=O)[O-])ccc2)ccc1)C1=[NH+]CCCN1,,C62564884,,0,0,0,0,0,0,0,0,0,0
Clc1cc(C(=O)N2[C@@H](C[NH2+]C)CCCC2)c([N+](=O)[O-])cc1,,C63167650,,0,0,0,0,0,0,0,0,0,0
O=C(Nc1c(OC)cccc1)[C@H]1[NH+]=C2C=C(OC)C(OC)=CC2=C1,,C63478522,,0,0,0,1,0,0,0,1,0,0
N(CCC=1C[NH+]=C2C=CC=CC=12)c1n(-c2ccccc2)nnn1,,C63796332,,0,1,1,0,0,1,1,1,1,0
O=C(NC=1C[NH+]=C2C=CC=CC=12)C=1N=N[C@H](c2oc(C)cc2)C=1,,C63846582,,0,0,0,0,0,0,0,1,0,0
O=C(Nc1c(N2C(=O)OCC2)cccc1)[C@@H]1[NH+]=C2C=CC(C)=CC2=C1,,C63856510,,0,0,0,0,0,0,0,1,0,0
O=C(Nc1c(-n2ncnc2)cccc1)CCC=1C[NH+]=C2C=CC=CC=12,,C64058327,,0,1,1,0,0,1,1,1,0,0
O=C(Nc1ccc([C@H]2[NH+]=NC=C2)cc1)[C@H]1[C@H](C)Oc2ccccc2O1,,C64415106,,0,0,0,0,0,0,0,1,0,0
O=C(N(C)CCC=1N[C@@H]([C@H]2[NH+]=C3C=CC(C)=CC3=C2)ON=1)C(C)C,,C64678584,,0,0,0,0,0,0,0,0,0,0
O=C(N(C)CCC=1N[C@@H]([C@@H]2C(C)=C3C=C(C)C=CC3=[NH+]2)ON=1)CC,,C64678730,,0,0,0,0,0,0,0,0,0,0
O(C)C(=O)C=1NN2CCN(CC=3C[NH+]=C4C(C)=CC=CC=34)C[C@H]2C=1,,C65507592,,0,0,0,0,0,0,0,0,0,0
N(C[C@H]1C(c2sccc2)=NN=C1)c1[nH+]cc(C)c(N(C)C)n1,,C65525919,,0,0,0,0,0,0,0,1,1,0
N(C[C@@H]1C(c2sccc2)=NN=C1)c1[nH+]cc(C)c(N(C)C)n1,,C65525920,,0,0,0,0,0,0,0,1,1,0
O=C1N(CN2C[C@H]([NH+]3CCCC3)CC2)C(=O)NC21CCCCCC2,,C66080995,,0,0,0,0,0,0,0,0,0,0
O=[N+]([O-])c1ccc2nc(N[C@H]3C[NH+](C4CC4)CC3)sc2c1,,C66465005,,0,0,1,0,0,0,0,0,0,0
O=C1[C@H](C(C)C)[NH+]([C@@H](C)c2onc(-c3ccccc3)n2)CCN1,,C66665741,,0,0,1,0,0,0,0,1,0,0
O(C)C(=O)[C@@H]1C[NH+]([C@H](C)C(=O)NC2(C#N)CCCCC2)CCC1,,C66834019,,0,0,0,0,0,0,0,0,0,0
O=C(NC1(C#N)CCCC1)C[NH+]1CCN(C(=O)C(C)(C)C)CCC1,,C67229428,,0,0,0,0,0,0,0,0,0,0
O=C1C([C@@H]([NH+]2CC3(CCC2)CCCCC3)c2n(C(C)(C)CC)nnn2)=Cc2cccc(C)c2N1,,C06149318,,0,0,0,0,0,0,0,0,0,0
OC=1[C@]2(C(=O)N(CCCCCC)C(=O)N=1)Cc1cc3cc(C)ccc3[nH+]c1N1CCCC[C@H]21,,C08739532,,0,0,0,0,0,0,0,0,0,0
O=C(Nc1n(C[C@H]2OCCC2)c(C)c(C)c1C#N)C[NH+]1[C@H](c2sc3ccccc3n2)CCC1,,C08860853,,0,0,1,0,0,0,1,1,0,0
O(C)c1c(OC)cc2CC[NH+](CN3C(=O)C4(NC3=O)CCCCCC4)[C@H](c3ccccc3)c2c1,,C08862105,,0,0,0,0,0,0,0,0,0,0
O=C(Nc1n(C[C@H]2OCCC2)c(C)c(C)c1C#N)C[NH+]1C[C@H](c2sc3ccccc3n2)CCC1,,C08945607,,0,0,1,0,0,0,0,1,0,0
S(=O)(=O)(N1CC[NH+](CC(=O)Nc2c(C#N)c3CCCc3s2)CC1)c1ccc2ccccc2c1,,C09507312,,0,0,0,0,0,0,0,0,0,0
O=C1N(Cc2ccc3OCOc3c2)C(=O)N[C@]1(CC)C1CC[NH+](Cc2cccc3ccccc23)CC1,,C11911228,,0,0,0,0,0,0,0,0,0,0
Fc1ccc(C=2CC[NH+]([C@H](c3n(C(C)(C)C)nnn3)C=3C(=O)Nc4cc(C)c(C)cc4C=3)CC=2)cc1,,C06320960,,0,0,0,0,0,0,0,0,0,0
Fc1ccc(C=2CC[NH+]([C@H](c3n(C4CCCC4)nnn3)C=3C(=O)Nc4c(C)cccc4C=3)CC=2)cc1,,C06443625,,0,0,0,0,0,0,0,0,0,0
O/C(/c1c(C)n(-c2ccccc2)nc1)=C/1\[C@H](N(CC[NH+](C)C)C(=O)C\1=O)c1ccc(C)cc1,,C09008090,,0,0,1,0,0,0,0,0,0,0
Brc1cc(F)c(NC(=O)[C@@H](C)[NH+]2CCN(c3c([N+](=O)[O-])cccc3)CC2)cc1,,C14923943,,0,0,0,0,0,0,0,1,0,0
O=C(Nc1c(OCC)cccc1)C[NH+]1S(=O)(=O)N(Cc2c(C)cccc2)CCC1,,C21629191,,0,0,0,0,0,0,0,0,0,0
O=C(NC1CCCCCC1)[C@@]1(C)N(CC[NH+]2[C@@H](C)CCCC2)C(=O)c2n(c(-c3occc3)cc2)C1,,C21864606,,0,0,0,0,0,0,0,0,0,0
O=C(C[NH+]1CCN(C(=O)[C@H](NC(=O)C23CC4CC(C2)CC(C3)C4)C(C)C)CC1)N1CCCCC1,,C22697546,,0,0,0,0,0,0,0,0,0,0
Clc1ccc(OCC[NH+]2CCN(CN3C(=O)C4(NC3=O)CCC(C)CC4)CC2)cc1,,C22804645,,0,0,0,0,0,0,0,0,0,0
Clc1ccc(OCC[NH+]2CCN(CN3C(=O)C4([C@@H](C)CCC[C@@H]4C)NC3=O)CC2)cc1,,C24439966,,0,0,0,0,0,0,0,0,0,0
Clc1c(C[NH+](C)CC=2Nc3scc(-c4ccc(F)cc4)c3C(=O)N=2)cc([N+](=O)[O-])cc1,,C25680010,,0,0,0,0,0,0,0,0,0,0
Oc1c(C[NH+]2CCC=CC2)c2OC=C(Oc3ccc(C(OCC)=O)cc3)C(=O)c2cc1,,C27099798,,0,0,0,0,0,0,0,0,1,0
OC=1OC2=CC(=[NH+]C(=O)C)C=CC2=C(COC(=O)COc2c(C(C)C)ccc(C)c2)C=1,,C28933131,,0,0,0,0,0,0,1,1,0,0
Clc1c(N2CCN(C(=O)NCCc3[nH+]c4n(CCCC4)c3)CC2)ncc(C(F)(F)F)c1,,C12544508,,0,0,0,0,0,0,0,1,0,0
O=C(Nc1c(C)cccc1)CN1C(N2CC[NH+](CC)CC2)=Nc2sc3CCCCc3c2C1=O,,C34747117,,0,0,0,0,0,0,1,0,0,0
O=C(NC1CCCCC1)CN1C(N2CC[NH+](CC(C)C)CC2)=Nc2sc(C)c(C)c2C1=O,,C34748425,,0,0,0,0,0,0,0,0,0,0
O=C(NC(C)(C)C)N(Cc1nn(-c2c(OC)cccc2)c2CC[NH+](CC)Cc12)C(C)C,,C35926157,,0,0,0,0,0,0,0,0,0,0
S(CC=1C=C(O)OC2=C/C(=[NH+]\C(=O)C)/C=CC=12)c1n(CC=C)c(-c2ccccc2)nn1,,C39221707,,0,0,1,1,0,0,0,1,0,0
O(/N=C(\C)/c1ccccc1)C[C@@H]1N(/N=C/[C@@H]2[NH+]=C3C=CC=CC3=C2)C(=O)c2ccccc2N1,,C39248311,,0,0,0,0,0,0,0,0,0,0
Clc1ccc([C@H]2C(/C=N/N3[C@H](c4ccncc4)[NH+]=NC3=S)=CN(c3ccccc3)N2)cc1,,C39336737,,0,0,0,0,0,0,0,0,0,0
Oc1c(CN2CC[NH+](CC)CC2)c2O/C(=C/c3cn(CC)c4ccc(OC)cc34)/C(=O)c2cc1,,C22935512,,0,0,0,0,0,0,1,1,0,0
Clc1cc(C)c(O[C@H](C)C(OCC=2C=C(O)OC3=C/C(=[NH+]\C(=O)C)/C=CC=23)=O)cc1,,C39514245,,0,0,0,0,0,0,1,1,0,0
S([C@H](CC)C(=O)Nc1sc2ccccc2n1)C=1N=NC=2[C@H]([NH+]=C3C=CC=CC=23)N=1,,C39708724,,0,0,0,0,0,0,0,0,0,0
FC(F)(F)c1cc(NC(=O)CN2C(=O)/C(=C/C=3C[NH+]=C4C=CC=CC=34)/SC2=O)c(OC)cc1,,C39934749,,0,0,0,0,0,0,0,1,0,0
S([C@@H](C)C(=O)N1CCN(c2ccccc2)CC1)[C@H]1N(C2CC2)C(C=2C[NH+]=C3C=CC=CC=23)=NN1,,C39982602,,0,0,0,0,0,0,0,0,0,0
Clc1ccc(CSc2oc(/C=C\3/C(=O)N=C4SC(c5occc5)=NN4C/3=[NH2+])cc2)cc1,,C20324619,,0,0,1,0,0,0,1,0,0,0
S(CC=1NC(=O)c2sccc2N=1)c1n(c([C@H](C)[NH+]2CCCCC2)nn1)-c1ccc(F)cc1,,C12550688,,0,0,1,0,0,0,0,1,0,0
O=C(N[C@@H](C)c1cccc2ccccc12)CN1CCN(CC=2[NH+]=C3N(C(=O)C=2)C=CC=C3)CC1,,C29522380,,0,0,1,0,0,0,0,1,0,0
S(=O)(=O)(NC1CC[NH+]([C@H](C)c2onc(-c3sccc3)n2)CC1)c1sccc1,,C59374144,,0,0,1,0,0,1,0,1,0,0
O=C(NC1(c2ccc3OCCOc3c2)CCCC1)C[NH+]1CCC(CN2C[C@H](C)O[C@@H](C)C2)CC1,,C60368448,,0,0,1,0,0,0,0,0,0,0
FC(F)(F)Oc1ccc(N(C)C(=O)C=2NN3[C@H](C(F)(F)F)C[C@@H](c4occc4)[NH+]=C3C=2)cc1,,C12469517,,0,0,0,0,1,0,0,0,1,0
Oc1c(C[NH+]2[C@H](C)CCCC2)c2O/C(=C\c3cc(OC)c(OC)c(OC)c3)/C(=O)c2c(C)c1,,C41511249,,0,0,0,0,1,0,1,0,0,0
O=C(COc1ccc(C(=O)N/N=C/C=2[C@@H](C)[NH+]=C3C=CC=CC=23)cc1)N1[C@@H](C)CCC[C@H]1C,,C39945874,,0,0,0,0,0,0,0,1,0,0
Clc1ccc(S(=O)(=O)/N=C\2/[C@H](Nc3cc(C(=O)C)ccc3)[NH+]=C3C=CC=CC3=N/2)cc1,,C39977143,,0,0,0,0,0,0,0,1,0,0
Fc1c(CCNC(=O)[C@H](C(C)C)N2C(=O)[C@@]3(C)N(C2=O)CCC=2[C@@H]3[NH+]=C3C=CC=CC=23)cccc1,,C63373166,,0,0,0,0,0,0,0,0,0,0
ClC=1C=CC2=[NH+][C@@H](C(OC)=O)C(NC(=O)[C@@H](C)N3CCN(c4c(C)c(C)ccc4)CC3)=C2C=1,,C63426651,,0,0,0,0,0,0,0,0,0,0
Clc1ccc(S(=O)(=O)/N=C\2/[C@@H](Nc3ccc(C(=O)C)cc3)[NH+]=C3C=CC=CC3=N/2)cc1,,C38965403,,0,0,0,0,0,0,0,1,0,0
Brc1ccc(C2=NN(C(=O)CCCC(=O)[O-])[C@@H](C3[NH+]=C4C=CC=CC4=[NH+]3)C2)cc1,,C63712274,,0,0,0,0,0,0,0,0,0,0
Clc1cc(S(=O)(=O)/N=C\2/[C@@H](Nc3cc(C(=O)C)ccc3)[NH+]=C3C=CC=CC3=N/2)ccc1,,C38966599,,0,0,0,0,0,0,0,1,0,0
S(=O)(=O)(/N=C\1/[C@@H](Nc2ccc(OC)cc2)[NH+]=C2C=CC=CC2=N/1)c1cc(C)ccc1,,C38975308,,0,0,0,0,0,0,0,1,0,0
S(=O)(=O)(/N=C\1/[C@@H](Nc2cc(OC)ccc2)[NH+]=C2C=CC=CC2=N/1)c1cc(C)ccc1,,C38979926,,0,0,0,1,0,0,0,1,0,0
S(CC(=O)Nc1ccc2n(CC)c3ccccc3c2c1)c1oc(C=2C[NH+]=C3C=CC=CC=23)nn1,,C64055390,,0,0,1,0,0,1,0,1,0,0
S([C@@H](C)c1onc(-c2sccc2)n1)[C@H]1N(C2CC2)C(C=2C[NH+]=C3C=CC=CC=23)=NN1,,C64069914,,0,0,0,0,0,0,0,1,0,0
O=C(NC[C@@H]([C@H]1SC=CC1)C=1C[NH+]=C2C=CC=CC=12)N1CCC(C(=O)N2CCOCC2)CC1,,C64185873,,0,0,0,0,0,0,0,0,0,0
O/N=C(/C[C@H]1[NH+](C)CCc2cc3OCOc3c(OC)c12)\c1ccc(OC)cc1,,C04028277,,0,0,0,0,0,0,0,1,0,0
Cl[C@@H]1C[C@H]([N+](=O)[O-])[C@H]([NH2+][C@H]2CC[C@@H]3N(C4CCCCC4)N=N[C@H]3C2)CC1,,C05282814,,0,0,0,0,0,0,0,0,0,0
O=C(Nc1n(C2CCCC2)ncc1)C[NH+]1[C@@H](c2ccc3OCCOc3c2)CCC1,,C08724397,,0,0,1,0,0,1,0,0,0,0
O=C1N(C[C@H]2Oc3ccccc3OC2)C(=O)N[C@]1(CC)C1CC[NH+](CCC)CC1,,C12154495,,0,0,0,0,0,0,0,0,0,0
[NH+](C)(C)CCNC=1n2nc(-c3occc3)nc2-c2c(sc3CCCc23)N=1,,C12323339,,0,0,1,0,1,1,1,0,0,0
O=C(Nc1n(C2CCCC2)ncc1)C[NH+]1CCC(c2oc3ccccc3n2)CC1,,C12866682,,0,0,1,1,0,0,0,0,0,0
O=C(C[NH+](C)Cc1ccc2OCOc2c1)N1[C@H](C)CC(=O)Nc2ccccc12,,C15370040,,0,0,0,0,0,0,0,1,0,0
FC(F)(F)[C@H]1C[NH+]([C@H](C)C(=O)Nc2c(OC)ccc([N+](=O)[O-])c2)CCC1,,C16591614,,0,0,0,0,0,0,0,0,0,0
Oc1c([C@H]([NH+]2CCCC2)c2n(C(C)(C)C)nnn2)cc2ccc(C)c(C)c2n1,,C08582815,,0,0,0,0,0,0,0,0,0,0
S(=O)(=O)(NCC1CC[NH+](C2CCCC2)CC1)c1ccc([N+](=O)[O-])cc1,,C22999902,,0,0,0,0,0,0,0,0,0,0
Cc1nc(-c2cc(N3CCc4n[nH]c(CC5CCCC5)c4C3)[nH+]cc2)on1,,C23145827,,0,0,1,0,0,1,1,1,0,0
O(Nc1c(CC)c[nH+]c2N(C)C(=O)N(C)C(=O)c12)Cc1c(C)ccc(C)c1,,C12309532,,0,0,1,0,0,0,0,1,0,0
FC(F)(F)c1n2N=C(NC[C@@H]([NH+]3CCCCC3)c3occc3)C=Cc2nn1,,C24893263,,0,0,1,0,0,0,0,1,0,0
OC=1OC2=CC(=[NH+]C(=O)C)C=CC2=C(COC(=O)c2cc(N(C)C)ccc2)C=1,,C28932610,,0,0,0,0,0,0,0,1,0,0
O=[N+]([O-])c1ccc2N3CC[NH+](C4CCCC4)C[C@H]3[C@@H](C(=O)NC3CC3)Cc2c1,,C35543921,,0,0,0,0,0,0,0,0,0,0
FC(F)(F)[C@@H]1C[NH+]([C@@H](C)C(=O)Nc2c(OC)ccc([N+](=O)[O-])c2)CCC1,,C36389910,,0,0,0,0,0,0,0,0,0,0
O=C(C[C@@H]1[NH+](CCC(C)C)CCNC1=O)N1CC(=O)N(C2CCCCC2)CC1,,C15068429,,0,0,0,0,0,0,0,0,0,0
O=C(Nc1ccc2OCOc2c1)[C@@H]([NH+]1CCC2(OCCO2)CC1)c1ccccc1,,C03742128,,0,0,0,0,0,0,0,0,0,0
O(C)C(=O)c1ccc(C(=O)/[NH+]=C/2\C=CC3=[NH+][C@@H](c4cnccc4)[N-]C3=C\2)cc1,,C38533057,,0,0,1,1,0,0,0,1,0,0
S=C1N(/N=C/c2c(O)c(OC)ccc2)[C@H](c2ccc(OCC)cc2)[NH+]=N1,,C38965328,,0,0,0,0,0,0,0,0,0,0
S=C1N(/N=C/c2cc(OCC)c(O)cc2)[C@H](c2cc(OC)ccc2)[NH+]=N1,,C38971829,,0,0,0,0,0,0,0,0,0,0
O(C)C(=O)[C@@H]1C(NC(=O)/C=C/c2ccc3OCOc3c2)=C2C=CC=CC2=[NH+]1,,C39016107,,0,0,0,0,0,0,0,1,0,0
S(CC(=O)Nc1c(C)cc(OC)cc1)C=1N=NC=2[C@@H]([NH+]=C3C=CC=CC=23)N=1,,C39154576,,0,0,0,0,0,0,0,1,0,0
O=C(N(C)CC=1[C@@H](C)N=NC=1C)C[C@H]1[NH+](CC2CCCCC2)CCNC1=O,,C39360144,,0,0,0,0,0,0,0,0,0,0
O=C([O-])[C@@H](Oc1c(OC)cccc1/C=C(/C#N)\C1[NH+]=C2C=CC=CC2=[NH+]1)C,,C39715379,,0,0,0,0,0,0,0,1,0,0
S(CC(=O)Nc1c(OCC)cccc1)C=1N=NC=2[C@@H]([NH+]=C3C=CC(C)=CC=23)N=1,,C39981039,,0,0,0,0,0,0,0,0,0,0
S(CC(=O)NCc1ccc(C)cc1)C=1N=NC=2[C@H]([NH+]=C3C=CC(OC)=CC=23)N=1,,C39981232,,0,0,0,0,0,0,0,1,0,0
S(CC(=O)NCc1cc(OC)ccc1)C=1N=NC=2[C@H]([NH+]=C3C=CC(C)=CC=23)N=1,,C40011312,,0,0,1,1,0,0,0,0,0,0
O(C)C(=O)[C@H]1Oc2ccccc2N(C(=O)NC[C@@H]([NH+](C)C)c2sccc2)C1,,C43529798,,0,0,0,0,0,0,0,0,0,0
OC=1OC2=C/C(=[NH+]\C(=O)N(C[C@@H]3OCCC3)Cc3cnccc3)/C=CC2=C(C)C=1,,C48054580,,0,0,1,0,0,0,0,1,0,0
O=C(Nc1c(OC)cccc1)C[NH+]1CCC(c2sc(-c3occc3)nn2)CC1,,C49366336,,0,0,1,0,0,0,0,1,0,0
O=C(Nc1cc(C)cc(C)c1)C[NH+]1CCC(c2oc(-c3occc3)nn2)CC1,,C49377288,,0,0,1,0,0,0,0,1,0,0
O(C)c1cccc2C=C(c3nc(NN=C4CC[NH+](C)CC4)sc3)C(=O)Oc12,,C04539589,,0,0,1,0,0,0,1,1,0,0
Clc1cc([N+](=O)[O-])c(NCc2c[nH+]c(N3C[C@H](C)O[C@@H](C)C3)cc2)cc1,,C52218668,,0,0,0,0,0,0,0,0,0,0
S(=O)(=O)(NC1CC[NH+](Cc2c(F)cccc2)CC1)c1ccc([N+](=O)[O-])cc1,,C55643233,,0,0,0,0,0,0,0,1,0,0
O=C(Nc1c(C)c(C=2Sc3n(c(C)nn3)N=2)ccc1)C[NH+]1[C@@H](C)CCCC1,,C57334066,,0,0,1,1,0,0,1,1,1,0
O=C(Nc1c(C)c(C=2Sc3n(N=2)cnn3)ccc1)C[NH+]1[C@H](C)CCCC1,,C57334074,,0,0,1,1,0,0,1,1,1,0
O(C)c1ccc(OCc2n3N[C@@H]([C@H]4[NH+]=C5C=CC=CC5=C4)Sc3nn2)cc1,,C63281149,,0,0,0,0,0,0,0,1,0,0
ClC=1C=CC2=[NH+]CC(CCNS(=O)(=O)c3cc([N+](=O)[O-])ccc3)=C2C=1,,C63547607,,0,0,0,0,0,0,0,1,0,0
S(=O)(=O)(/N=C\1/[C@H](NCc2occc2)[NH+]=C2C=CC=CC2=N/1)c1ccc(F)cc1,,C38980436,,0,0,0,0,0,0,0,1,0,0
O=[N+]([O-])c1c(NCCC(=O)N2CCC(C=3C[NH+]=C4C=CC=CC=34)CC2)cccc1,,C64186361,,0,0,0,0,0,0,0,0,0,0
O=C(/[NH+]=C\1/S[C@@H](c2cc(OC)c(OC)cc2)N=N/1)Nc1ccc(C)cc1,,C39037410,,0,0,0,1,0,0,0,1,0,0
O=C(/[NH+]=C\1/S[C@H](c2cc(OC)c(OC)cc2)N=N/1)Nc1ccc(C)cc1,,C39037411,,0,0,0,0,0,0,0,1,0,0
O=C(OC(C)(C)C)N[C@H](C)C(=O)N(C)C1CC[NH+](C2CCOCC2)CC1,,C65174183,,0,0,0,0,0,0,0,0,0,0
O(CC)C(=O)N1CCN(C(=O)NC[C@@H]([NH+](C)C)c2ccc(C)cc2)CC1,,C65467206,,0,0,0,0,0,0,0,0,0,0
S(=O)(=O)(NC1CC[NH+](Cc2c(F)cccc2)CC1)c1sc([N+](=O)[O-])cc1,,C66001102,,0,0,0,0,0,0,0,1,0,0
O(C)C(=O)N1C[C@@H](NC(=O)N(C)C2CC[NH+](C3CCC(C)CC3)CC2)CCC1,,C66195189,,0,0,0,0,0,0,0,0,0,0
O[C@H](COc1ccc2OCOc2c1)C[NH+]1[C@H](c2cccc3OCCOc23)CCC1,,C66898823,,0,0,1,0,0,0,0,1,0,0
O(C(C)(C)C)C(=O)N1C[C@@H](C[NH2+]C2(c3nc(C)on3)CCCCC2)CCC1,,C67377955,,0,0,1,0,0,0,0,0,0,0
O=C(NC[C@H]1[NH+](CC2CCCCC2)CCC1)N1CCC(c2onc(C)n2)CC1,,C67481920,,0,0,1,0,0,0,0,0,0,0
Fc1ccc(N2C(=O)[C@@H]3[C@H](c4occc4)[NH2+][C@](C)(C(OC)=O)[C@@H]3C2=O)cc1,,C04885312,,0,0,0,0,0,0,0,0,0,0
Fc1ccc(N2C(=O)[C@@H]3[C@H](c4occc4)[NH2+][C@@](C)(C(OCC)=O)[C@@H]3C2=O)cc1,,C04885321,,0,0,0,0,0,0,0,0,0,0
O(CC)C(=O)c1c(C)oc2N=C(C[NH+]3CC[C@H]4CCCC[C@@H]4C3)NC(=O)c12,,C08987811,,0,0,1,0,0,0,0,1,0,0
O=C1NC(C[NH+]2CCN(c3ncnc4sccc34)CC2)=Nc2sc(C)c(C)c12,,C09664515,,0,1,1,0,0,0,0,1,0,0
O=C(C)N1CCN(C(=O)C[C@H]2[NH+](CC3CCCCC3)CCNC2=O)CCC1,,C12386632,,0,0,0,0,0,0,0,0,0,0
O/N=C(/C[C@H]1[NH+](C)CCc2cc3OCOc3c(OC)c12)\c1c(C)oc(C)c1,,C12659591,,0,0,0,0,0,0,0,1,0,0
O=C(CN1C(=O)c2[nH]c3ccccc3c2N=C1)N1CCC([NH+]2CCCCC2)CC1,,C14001104,,0,0,1,0,0,0,0,0,0,0
O(C)c1cccc2C=C(c3[nH]c4n(C5CC[NH+](C)CC5)ncc4n3)COc12,,C19300592,,0,1,1,0,0,0,0,1,0,0
O=C(C[NH+]1CCC=2N=C(N3CCCC3)NC(=O)C=2C1)N1[C@@H](C)CCC[C@H]1C,,C19496057,,0,0,1,0,0,0,0,0,0,0
O=C(Nc1ccc(-n2nnnc2)cc1)[C@H]1[NH+](Cc2sccc2)CCCC1,,C20775144,,0,0,0,1,0,0,0,1,0,0
O=C1NC(C)=NC(C2CCN(c3[nH+]c(N(C)C)nc4CCCCc34)CC2)=C1,,C23214101,,0,0,1,0,0,0,0,1,0,0
O=C1N(C[NH+]2CCC(c3oc4ccccc4n3)CC2)C(=O)N[C@@H]1CC(C)C,,C23845380,,0,0,0,0,0,0,0,0,0,0
O=C1[C@@H]([NH+](Cc2oc3ccccc3n2)CCN1)c1c(C)n(-c2ccccc2)nc1C,,C24134057,,0,0,0,0,0,0,1,0,0,0
Fc1ccc(N2C(=O)[C@@H]3[C@H](c4occc4)[NH2+][C@](CC)(C(OC)=O)[C@@H]3C2=O)cc1,,C04885357,,0,0,0,0,0,0,0,0,0,0
S=C1N(c2c(OC)cccc2)C(=O)/C(=C\C2[NH+]=C3C=CC=CC3=[NH+]2)/C([O-])=N1,,C38596240,,0,0,0,0,0,0,0,0,0,0
O(C)c1ccc2OC3(CC(=O)c2c1)CC[NH+](CC=1N=C(C2CC2)NC(=O)C=1)CC3,,C39226863,,0,0,0,0,0,0,0,1,0,0
O(C)c1ccc(C=2[C@@H](C=3[NH+]=C4N([C@H](C)C5CC5)NC(C)=C4N=3)C=NN=2)cc1,,C39478718,,0,0,0,0,0,0,1,0,0,0
S(CC(=O)Nc1sccn1)C=1N=NC=2[C@@H]([NH+]=C3C=CC(CC)=CC=23)N=1,,C39697664,,0,0,0,0,0,0,0,0,0,0
O=C(Nc1scc(C2=[NH+]C=CC2)n1)CN1C(=O)[C@H](C)Oc2ccccc12,,C39732943,,0,0,0,0,0,0,0,0,0,0
S(CC(=O)Nc1cc(OC)ccc1)C=1N=NC=2[C@H]([NH+]=C3C=CC=CC=23)N=1,,C39980982,,0,0,1,1,0,0,0,1,0,0
O=C(CN1C(=O)C2(NC1=O)CCCC2)N1C(=[NH+]C2CCCCC2)C=CC=C1,,C29026030,,0,0,0,0,0,0,0,0,0,0
O=C(CN1C(=O)[C@@]2(NC1=O)C[C@H](C)CC(C)(C)C2)N1/C(=[NH+]/C(C)C)/C=CC=C1,,C23197445,,0,0,0,0,0,0,0,0,0,0
O(Cc1oc(-c2oc(N3CC[NH2+]CC3)c(C#N)n2)cc1)c1c(C)cccc1,,C40165768,,0,0,1,0,0,1,1,1,0,0
O=C(NC1CC[NH+](C2CC2)CC1)N1CCN(CC(=O)N2CCCCCC2)CC1,,C45410260,,0,0,0,0,0,0,0,0,0,0
O=C(NC1CCN(c2[nH+]cccc2)CC1)CN1C(=O)[C@H](C)Oc2ccccc12,,C46619610,,0,0,0,0,0,0,0,0,0,0
S(=O)(=O)(N1CCC2(N(C)C(=O)[C@H]([C@@H](C)CC)[NH2+]2)CC1)c1cccc2cccnc12,,C36029192,,0,0,0,0,0,0,0,0,0,0
S(=O)(=O)(C)N1CCN(C(=O)NCC2([NH+]3CCCCC3)CCCCC2)CC1,,C53523131,,0,0,0,0,0,0,0,0,0,0
O=C(N[C@H](C)C(C)C)N1CCN(CC=2[NH+]=C3SC=CN3C(=O)C=2)CC1,,C55071092,,0,0,1,0,0,0,0,1,0,0
O=C(NCC1CC[NH+](CC)CC1)CN1C(=O)N(C)C2(C1=O)CCCCC2,,C57000997,,0,0,0,0,0,0,0,0,0,0
O[C@@H]1CN(CC=2[NH+]=C3N(C(=O)C=2)C=C(C)C=C3)Cc2c(OC)ccc(OC)c12,,C30588549,,0,0,1,0,0,0,0,1,0,0
O=C(N[C@](C)(C(C)C)C#N)C[NH+]1C[C@@H](c2n3CCCCCc3nn2)CCC1,,C58918729,,0,0,1,0,0,0,0,0,0,0
N(C)(C)c1ccc(CN2[C@H](c3onc(C(C)C)n3)Cc3[nH+]c[nH]c3C2)cc1,,C15675718,,0,0,1,0,0,1,1,0,0,0
O(C(C)(C)C)C(=O)N1CCC(NC(=O)N2CC[NH+](C3CC3)CCC2)CC1,,C61864809,,0,0,0,0,0,0,0,0,0,0
O=C(NCC(C)C)c1c(N2C(=O)[C@@]3(C)N(C2=O)CCC=2[C@H]3[NH+]=C3C=CC=CC=23)cccc1,,C63362216,,0,0,0,0,0,0,0,0,0,0
Brc1c(C)nn([C@H](C)C(=O)N[C@@H]2[NH+]=Nc3nc(C)cc(C)c23)c1,,C63541011,,0,0,1,0,0,0,0,1,0,0
O=C(Nc1noc(C)c1)C(=O)N1[C@H](C(C)C)[C@@H]2[NH+]=C3C=CC=CC3=C2CC1,,C63870649,,0,0,1,0,0,0,0,0,0,0
Oc1ccc2C(COC(=O)C=3CC(=O)[NH+]=C4C=CC=CC=34)=CC(=O)Oc2c1,,C38636970,,0,0,0,0,0,0,1,1,0,0
O(C)CCN1N=C[C@@H](NC(=O)N2CCC(C=3C[NH+]=C4C=CC=CC=34)=CC2)C1,,C63944521,,0,0,0,0,0,0,0,0,0,0
O=C(NC[C@H]([NH+](C)C)c1ccc(C)cc1)N1CCC(c2onc(C)n2)CC1,,C64228613,,0,0,1,0,0,0,0,0,0,0
O=C(N1CCN([C@H]2NN(c3ccc(C)cc3)C(=O)C=C2)CC1)[C@@H]1[NH+]=C2C=CC=CC2=C1,,C64502991,,0,0,0,0,0,0,0,0,0,0
O=C(N(C)CCC=1N[C@@H]([C@H]2C(C)=C3C=C(C)C=CC3=[NH+]2)ON=1)c1occc1,,C65182801,,0,0,0,0,0,0,0,0,0,0
Clc1c(CN2C(=O)N(CC)C(CC3CC[NH2+]CC3)=N2)cc2OCOc2c1,,C65409510,,0,0,1,0,0,1,0,0,0,0
O=C(NCc1n(CC)cnn1)N(C)C1CC[NH+](C2CCC(C)CC2)CC1,,C66149224,,0,0,1,1,0,0,0,0,0,0
O=C(N[C@@H](C)c1n(C)cnn1)N(C)C1CC[NH+](C2CCC(C)CC2)CC1,,C66149225,,0,0,1,1,0,0,0,0,0,0
O=C(N[C@H](C)c1onc(C)n1)N(C)C1CC[NH+](C2CCC(C)CC2)CC1,,C66194835,,0,0,1,0,0,0,0,0,0,0
O=C(N[C@@H](C)c1onc(C)n1)N(C)C1CC[NH+](C2CCC(C)CC2)CC1,,C66194836,,0,0,1,0,0,0,0,0,0,0
S(=O)(=O)(/N=C/1\SC=C(C[NH+]2C[C@H](C)CCC2)N\1)c1cn(CC)nc1,,C66249374,,0,0,1,0,0,0,0,1,0,0
O=C(N[C@@H]1[C@H](n2c[nH+]cc2)CCC1)c1nc(-c2ccc3OCCOc3c2)sc1,,C66760689,,0,0,0,0,0,0,0,1,0,0
[NH2+](Cc1n2CCCCCc2nn1)Cc1c(-c2oc3ccccc3c2)nn(C)c1,,C67184180,,0,1,1,0,0,1,1,1,1,0
O[C@H](C[NH+]1CCOc2ccccc2C1)CN1C(=O)ON=C1c1ccccc1,,C67485677,,0,0,1,0,0,0,1,1,1,0
O(C)c1c(OC)cc([C@H]2NC(=O)c3c(sc4C[NH+](C)CCc34)N2)cc1OC,,C04854417,,0,0,0,0,0,0,0,0,0,0
O=C(NN1C(=O)C2(NC1=O)CCCCC2)C[NH+]1CCC(c2ccccc2)=CC1,,C07442669,,0,0,0,0,0,0,0,0,0,0
O(C)c1ccc(CNC2=[NH+][C@@H]([C@H]3CCC=CC3)N3C(=O)C=C(C)N=C3N2)cc1,,C09426314,,0,0,1,0,0,0,0,1,0,0
Oc1c(C[NH+]2C[C@H](n3nnc(C(=O)NC4CCCC4)c3)CCC2)cccc1,,C12031139,,0,0,0,0,0,0,0,0,0,0
O[C@@H](C[NH+]1CCC2(Oc3ccc(OC)cc3[C@H](O)C2)CC1)c1ccc2OCCOc2c1,,C19562225,,0,0,0,0,0,0,0,0,0,0
O=C(N(C)C)c1c(C)c(C#N)c(NC(=O)C=2C(=[NH2+])Oc3ccc4ccccc4c3C=2)s1,,C17096914,,0,0,0,0,0,0,0,1,0,0
O=C(NCc1nc(C)[nH]n1)C[NH+]1C[C@H](c2ccccc2)Oc2ccccc2C1,,C20450457,,0,0,0,0,1,1,0,1,0,0
OC1=N[C@H](c2c([N+](=O)[O-])cccc2)Nc2sc3C[NH+](C(C)C)CCc3c12,,C23402538,,0,0,0,0,0,0,0,0,0,0
O=C(Nc1sccc1)N1CC([NH+]2CCC3(N(c4ccccc4)CNC3=O)CC2)C1,,C24912163,,0,0,0,0,0,0,0,0,0,0
Clc1ccc([C@@H]2N(C(=O)NCCCC(OC)=O)CCc3[nH]c[nH+]c23)cc1,,C31810109,,0,0,0,0,0,0,0,0,0,0
OCCN1CC[NH+](Cc2c(O)ccc3C(=O)/C(=C/c4oc(C)cc4)/Oc23)CC1,,C22939623,,0,0,0,0,0,0,1,1,0,0
Clc1ccc(CC(=O)N[C@H](C)C(=O)N2CCC3([NH2+]CCC4=NC=N[C@H]34)CC2)cc1,,C39271971,,0,0,0,0,0,0,0,0,0,0
FC(F)(F)[C@@H]1C[NH+](CC(=O)N[C@@H]2O[C@@H](C)C=3C(C)=NNC(=O)C2=3)CCC1,,C39462114,,0,0,1,0,1,0,0,0,0,0
FC(F)(F)[C@@H]1C[NH+](CC(=O)N[C@@H]2O[C@H](C)C=3C(C)=NNC(=O)C2=3)CCC1,,C39462115,,0,0,1,0,1,0,0,0,0,0
O=C(NCCC(C)C)[C@@H]1C2(CN(C(=O)[C@H]3Oc4ccccc4OC3)C1)CC[NH2+]CC2,,C39601339,,0,0,0,0,0,0,0,0,0,0
O=C(Cc1c(C)cccc1)N1C[C@H](C(=O)NC[C@H]2OC(C)(C)OC2)C2(C1)CC[NH2+]CC2,,C39659681,,0,0,0,0,0,0,0,0,0,0
O=C(NCc1nc2n(c1)C=CC=C2)[C@@H]1C2(CN(C(=O)[C@@H]3CCC=CC3)C1)CC[NH2+]CC2,,C39672059,,0,0,1,0,0,0,0,0,0,0
O=C(NCCn1c(C)cc(C)n1)[C@@H]1C2(CN(C(=O)C3(C)CCCCC3)C1)CC[NH2+]CC2,,C39674991,,0,0,1,0,0,0,0,0,0,0
O(C)c1c([C@H]2C(C#N)=C(N)OC=3[C@@H]2C(=O)[NH+]=C2C=CC=CC=32)ccc(OC)c1,,C39921248,,0,0,0,0,0,0,0,0,0,0
FC1(F)Oc2cc(NC(=O)C(=O)NC[C@H](C)[NH+]3[C@@H](C)CCCC3)ccc2O1,,C41645658,,0,0,0,0,0,0,0,0,0,0
O=C(NCC[NH+]1C[C@@H](C)C[C@H](C)C1)C(=O)Nc1ccc2OC(C)(C)Oc2c1,,C41723363,,0,0,0,0,0,0,0,0,0,0
S([C@@H](C(C)C)C(=O)N1CCN(c2[nH+]cccc2)CC1)c1sc(N)nn1,,C42934364,,0,0,1,0,1,0,0,0,0,0
Clc1cnc(NC(=O)C[NH+]2C[C@@H](C(=O)Nc3sccn3)CCC2)cc1,,C47263425,,0,0,1,0,1,0,0,0,0,0
O=C(NCC1CC[NH+](C2CCCC2)CC1)C(=O)Nc1cc2CCC(=O)N3CCc(c1)c23,,C49509378,,0,0,0,0,0,0,0,0,0,0
O=C(NC[C@@H](C)N1CC[NH+](CC)CC1)C(=O)/N=C/1\Sc2ccccc2N\1,,C47998850,,0,0,1,0,0,0,0,0,0,0
Clc1ccc2NC(=O)[C@]3([NH2+][C@@H](CC(C)C)[C@H]4C(=O)N(CCOC)C(=O)[C@@H]34)c2c1,,C05347299,,0,0,0,0,0,0,0,0,0,0
S=C(NCC)N1CCC2(N(Cc3ccc4OCOc4c3)C(=O)[C@H](C)[NH2+]2)CC1,,C35664998,,0,0,0,0,0,0,0,0,0,0
O=C(NC1CC1)[C@@H]1C[NH+](CN2C(=O)C3(NC2=O)CCCCCCC3)CCC1,,C50900864,,0,0,0,0,0,0,0,0,0,0
O=C(Nc1oc(C)c2C(C)=NNC(=O)c12)C[NH+](CC1CCCCC1)C1CC1,,C53360439,,0,1,1,0,1,0,0,1,0,0
O=C(N[C@H](C)C[NH+]1C[C@@H](C)CCC1)NC=1C(=O)N(N(C)C=1C)c1ccccc1,,C56519454,,0,0,1,0,0,0,0,0,0,0
O=C(NC[C@@H](C(C)C)[NH+]1CCC(C)CC1)c1cc(C)nc2N(C)NC(=O)c12,,C58130286,,0,1,1,0,0,0,0,0,0,0
O=C(Nc1cccc2CN(C(=O)Nc3c(N4CCCC4)[nH+]ccc3)CCc12)C,,C56616122,,0,0,0,0,0,0,0,1,0,0
O=C1N([C@@H](C)CC)C(=O)NC([O-])=C1[C@H]1[NH+](C)CCC=2[C@@H]1[NH+]=C1C=CC=CC=21,,C63375376,,0,0,1,0,0,0,0,0,0,0
Brc1cc([C@H]2[NH+]=N[C@@H]([C@@H]3C(NCc4ccncc4)=CN=N3)N2)ccc1,,C63393351,,0,0,1,0,0,0,0,0,0,0
O=C(N)C1(C2CCCCC2)CC[NH+]([C@H]2C(=O)N(c3c(OC)cccc3)C(=O)C2)CC1,,C36618846,,0,0,0,0,0,0,0,0,0,0
O=C(NCCC=1C[NH+]=C2C=CC=CC=12)CN1[C@H](c2sccc2)NOC1=O,,C64121053,,0,0,0,0,0,0,0,0,0,0
O=C(NCCC=1C[NH+]=C2C=CC=CC=12)CN1[C@@H](c2sccc2)NOC1=O,,C64121054,,0,0,0,0,0,0,0,0,0,0
O=C(NN1C(=O)[C@](CC)(c2ccccc2)NC1=O)CC=1C[NH+]=C2C=CC=CC=12,,C64139413,,0,0,0,0,0,0,0,0,0,0
ClC1=CC=CC2=C(O)[C@@H]([C@H]3ON=C(c4c(OCC)cccc4)N3)C(=O)[NH+]=C12,,C65248618,,0,0,0,0,0,0,0,1,0,0
ClC1=CC=CC2=C(O)[C@H]([C@H]3ON=C(c4c(OCC)cccc4)N3)C(=O)[NH+]=C12,,C65248618,,0,0,0,0,0,0,0,1,0,0
O=C(N1C[C@@]2(/C(=[NH+]/C(C)(C)C)/Nc3ccccc3CN2)CC1)c1nn(CC)cc1,,C65266017,,0,0,0,0,0,0,0,0,0,0
C([NH+]1[C@@H]([C@H](c2ccccc2)NC1)c1ccc(-c2cncnc2)cc1)c1n[nH]cn1,,C65469455,,0,0,0,0,0,0,1,1,0,0
O=C(NCCC[NH+]1CCCC1)CN1C(=O)[C@]2(NC1=O)C[C@H](C)CC(C)(C)C2,,C66067643,,0,0,0,0,0,0,0,0,0,0
S=C1N(C[NH+]2C[C@H](CCC(=O)N)CCC2)N=NN1c1cc(C)c(C)cc1,,C66080453,,0,0,0,0,0,1,0,0,0,0
O=C(NC1CCN(c2[nH+]cccc2)CC1)N1CCC(NC(=O)C2CCC2)CC1,,C66121115,,0,0,0,0,0,0,0,0,0,0
O(C)c1c(C[C@@H]2C[NH+]([C@@H](C)c3nc(N)nc(N(C)C)n3)CCC2)cccc1,,C66894432,,0,0,1,0,0,0,0,0,0,0
O=C(NC1CCN(C(=O)NCc2[nH+]c3n(CCCC3)c2)CC1)CC1CCCC1,,C66926163,,0,0,0,0,0,0,0,0,0,0
O=C(NCC(C)(C)[NH+]1C[C@@H](C)CCC1)C(=O)Nc1sc(C(C)C)nn1,,C67392653,,0,0,1,0,0,0,0,0,0,0
Clc1c(NC(=O)C(=O)N[C@H](C)C[NH+]2C[C@@H](C)CCC2)cc2OCCOc2c1,,C67397878,,0,0,1,0,0,0,0,0,0,0
Fc1cc(OCc2[nH]nc(C(=O)N[C@@H]3[C@@H]([NH+]4CCCC4)COC3)c2)ccc1,,C67513590,,0,0,0,0,0,0,0,1,0,0
Brc1ccc(N2C(=O)[C@H]([NH+]3CCN(c4[nH+]cccc4)CC3)CC2=O)cc1,,C01056557,,0,0,0,0,0,0,0,0,0,0
C(C[NH+]1CCOCCOCC[NH+](CCC=C)CCOCCOCC1)C=C,,C05283045,,0,0,0,0,0,0,0,0,0,0
S(=O)(=O)(C[C@H](C[NH+]1CCC(C)CC1)[NH+]1CCC(C)CC1)c1ccc([N+](=O)[O-])cc1,,C04776308,,0,0,0,0,0,0,0,0,0,0
O(C)C(=O)[C@H]1[NH+](Cc2ccc(CC)cc2)C[C@@H](NC(=O)[C@H]2[NH+](C)Cc3ccccc3C2)C1,,C12131776,,0,0,0,0,0,0,0,0,0,0
O=C1[C@@H](C[NH+]2CCN(c3[nH+]cccc3)CC2)[C@@H]2[C@H](O1)C[C@@]1(C)CCC[C@H](C)[C@@]31O[C@H]23,,C12658309,,0,0,0,0,0,0,0,0,0,0
O(C)CC[NH+]1C[C@]2(C[NH+](C3CCN(c4ccc5OCOc5c4)CC3)CC2)CCC1,,C12436059,,0,0,0,0,0,0,0,0,0,0
OC=1Oc2ccccc2/C(=[NH+]/CC[NH+]2CCN(C(=O)/C=C/c3occc3)CC2)/C=1,,C22472597,,0,0,0,0,0,0,0,1,0,0
BrC=1C=CC2=[NH+][C@H](C(OCC)=O)C(NC(=O)C[NH+](C)C)=C2C=1,,C38582447,,0,0,0,0,0,0,0,0,0,0
ClC=1C=CC2=[NH+][C@H](C(OC)=O)C(NC(=O)C[NH+]3CCSCC3)=C2C=1,,C38597230,,0,0,0,0,0,0,0,0,0,0
BrC=1C=CC2=[NH+][C@@H](C(OC)=O)C(NC(=O)[C@@H](C)[NH+]3CCc4ccccc4C3)=C2C=1,,C38605119,,0,0,0,0,0,0,0,1,0,0
BrC=1C=CC2=[NH+][C@H](C(OC)=O)C(NC(=O)[C@H](C)[NH+]3C[C@@H](C)CCC3)=C2C=1,,C38605667,,0,0,0,0,0,0,0,0,0,0
FC(F)(F)[C@@H]1/C(=N\N[C@@H]2N=NC(c3ccccc3)=C2)/C(=O)[NH+]=C2C=CC=CC2=[NH+]1,,C39738292,,0,0,0,0,0,0,0,0,0,0
FC(F)(F)[C@@H]1/C(=N\N[C@H]2N=NC(c3ccc(C)cc3)=C2)/C(=O)[NH+]=C2C=CC=CC2=[NH+]1,,C39738297,,0,0,0,0,0,0,0,0,0,0
S(CC(=O)C=1C[NH+]=C2C=CC=CC=12)[C@H]1N(C2CC2)C(N2CCCC2)=[NH+]N1,,C39747022,,0,0,0,0,0,0,0,0,0,0
S(=O)(=O)(N(C)CCOc1ccc(OC)cc1)C=1C=CC2=[NH+]C(=O)[NH+]=C2C=1,,C39751898,,0,0,0,0,0,0,1,1,0,0
O(C)c1c(OC)cc2CC[NH2+][C@@H]([C@@H]3C(=O)[NH+]=C4C=CC(OC)=CC4=C3)c2c1,,C40011056,,0,0,0,1,0,0,0,1,0,0
O=C(NCC(C)(C)[NH+]1CCc2ccccc2C1)C[NH+](C)[C@@H]1CS(=O)(=O)CC1,,C45578167,,0,0,0,0,0,0,0,0,0,0
S(CC[NH+]1CCCC1)c1n(C)c([C@@H]2[NH+](CC(=O)N3CCCCCC3)CCC2)nn1,,C05001602,,0,0,0,0,0,0,0,0,0,0
O(CC)c1ccc(N2C(=O)[C@H]([NH2+]CCC=3C[NH+]=C4C=CC=CC=34)CC2=O)cc1,,C63266068,,0,0,0,0,0,0,0,0,0,0
O(C)C(=O)[C@H]1N(C(=O)C[NH+]2CCCCCC2)C[C@@H]2[NH+]=C3C=CC=CC3=C2C1,,C63351327,,0,0,0,0,0,0,0,0,0,0
O(C)C(=O)[C@@H]1C(NC(=O)[C@H](C)[NH+]2CCC(Cc3ccccc3)CC2)=C2C=CC=CC2=[NH+]1,,C63398569,,0,0,0,0,0,0,0,0,0,0
O(C)C(=O)[C@@H]1C(NC(=O)[C@@H](C)[NH+]2CCC(Cc3ccccc3)CC2)=C2C=CC=CC2=[NH+]1,,C63398570,,0,0,0,0,0,0,0,0,0,0
O(C)C(=O)[C@H]1C(NC(=O)[C@H](C)[NH+]2CCC(Cc3ccccc3)CC2)=C2C=CC=CC2=[NH+]1,,C63398572,,0,0,0,0,0,0,0,0,0,0
S(=O)(=O)(N(CC(C)C)CC(C)C)C=1C(C)=CC2=[NH+]C(=O)C(=O)[NH+]=C2C=1,,C06938610,,0,0,0,0,0,0,0,1,0,0
O(C)C=1C=CC2=[NH+]CC(CC[NH2+][C@@H]3C(=O)N(c4cccc5ccccc45)C(=O)C3)=C2C=1,,C63633139,,0,0,0,0,0,0,0,0,0,0
O=C(NCc1c(OCC)cccc1)C1CCN([C@@H]2[NH+]=C3C=C(C)C=CC3=[NH+]2)CC1,,C63694686,,0,0,0,0,0,0,0,0,0,0
S(CC1=CC(=O)Oc2cc(O)ccc12)[C@@H]1[NH+]=C2C=C(OCC)C=CC2=[NH+]1,,C63731679,,0,0,1,0,1,0,1,1,1,0
FC=1C=CC2=[NH+][C@@H](CN(C)C(=O)[C@@H]3NN(C)C(=O)c4ccccc34)[NH+]=C2C=1,,C63847716,,0,0,0,0,0,0,0,0,0,0
FC=1C=CC2=[NH+][C@H](CN(C)C(=O)[C@H]3NN(C)C(=O)c4ccccc34)[NH+]=C2C=1,,C63847721,,0,0,0,0,0,0,0,0,0,0
ClC=1C=CC2=[NH+]CC(CC[NH2+][C@@H]3C(=O)N(c4ccc(OC)cc4)C(=O)C3)=C2C=1,,C63867172,,0,0,0,0,0,0,0,0,0,0
S=C1N(/N=C/c2c(O)cc(N(CC)CC)cc2)[C@@H](c2[nH+]cccc2)N=[NH+]1,,C38980597,,0,0,0,0,0,0,0,0,0,0
S(CC(=O)C=1C=CC2=[NH+]C(=O)[NH+]=C2C=1)c1ncnc2sc(CC)cc12,,C38639722,,0,0,1,0,0,0,1,1,0,0
Fc1cc(C[C@@H]2N(C(=O)C=3C=CC4=[NH+]C(=O)C(=O)[NH+]=C4C=3)CCC2)ccc1,,C63964887,,0,0,0,0,0,0,0,1,0,0
O=C1N(C)C2(C(=O)N1CC(C)C)CC[NH+](C[C@H]1[NH+]=C3C=CC=CC3=C1)CC2,,C63993772,,0,0,0,0,0,0,0,0,0,0
Cn1nc(c(C[NH+]2CC[C@H]3[NH+]=C4C=CC(C)=CC4=C3C2)c1)-c1ccc2OCCOc2c1,,C64040497,,0,0,0,0,0,1,0,0,0,0
Cn1nc(c(C[NH+]2CC[C@@H]3[NH+]=C4C=CC(C)=CC4=C3C2)c1)-c1ccc2OCCOc2c1,,C64040498,,0,0,0,0,0,1,1,1,0,0
O=C1N(Cc2cscc2)C(=O)N[C@]1(C)C1CC[NH+](C[C@@H]2[NH+]=C3C=CC=CC3=C2)CC1,,C64045434,,0,0,0,0,0,0,0,0,0,0
O=C(CC[C@@H]1ONC(CCC)=[NH+]1)N1CCC(C=2C[NH+]=C3N=CC=CC=23)=CC1,,C64059641,,0,0,1,0,0,0,0,0,0,0
O=C(Nc1ccc2OCOc2c1)CC[NH+]1CCC(C=2C[NH+]=C3C=CC=CC=23)CC1,,C64076601,,0,0,0,0,0,0,0,0,0,0
O=C(NCCC1[NH+]=C2C=CC=CC2=[NH+]1)[C@H]1[C@H](CC)N(Cc2sccc2)C(C)=CC1=O,,C64084013,,0,0,0,0,0,0,0,0,0,0
S(=O)(=O)(N(CC=C)[C@H]1CCc2ccccc12)C=1C=CC2=[NH+]C(=O)C(=O)[NH+]=C2C=1,,C64085805,,0,0,0,0,0,0,0,1,0,0
O=C(NCc1cc(N2[C@H](C)N=CC2)[nH+]cc1)CCCC=1C[NH+]=C2C=CC=CC=12,,C64098113,,0,0,0,0,0,0,0,1,0,0
FC=1C=CC2=[NH+][C@@H](C(=O)N3CCN(c4[nH+]cccc4)CC3)C(NC(=O)c3ccccc3)=C2C=1,,C64392578,,0,0,0,0,0,0,0,1,0,0
O=C(Nc1scc(C)n1)CN1CCN(CC2[NH+]=C3C=CC=CC3=[NH+]2)CC1,,C64410886,,0,0,1,0,0,0,0,0,0,0
O=C(NCC[NH+](C)C1CCCCC1)[C@H](C)C1CCN(C(=O)[C@@H]2[NH+]=C3C=CC=CC3=C2)CC1,,C64540665,,0,0,0,0,0,0,0,0,0,0
O=C1N(CC)[C@@H](CC2CC[NH+](CC=3C[NH+]=C4C(C)=CC=CC=34)CC2)NN1C,,C65490853,,0,0,0,0,0,0,0,0,0,0
O=C(NCC[NH+]1C[C@@H](C)C[C@H](C)C1)N(C)C1CC[NH+](C2CCOCC2)CC1,,C66178485,,0,0,0,0,0,0,0,0,0,0
O=C(NC[C@@H]1C[NH+](C(C)C)CC1)N(C)C1CC[NH+](C2CCOCC2)CC1,,C66190986,,0,0,0,0,0,0,0,0,0,0
O=C(N[C@H]1C[NH+](C(C)C)CC1)N1CCC(CC(=O)N2CC[NH+](CC)CC2)CC1,,C66701660,,0,0,0,0,0,0,0,0,0,0
O=C1N(C)C(=O)C(C[NH2+]Cc2c(C[NH+]3C[C@@H](C)C[C@H](C)C3)cccc2)=CN1C,,C67189303,,0,0,1,1,0,0,0,1,0,0
[NH2+](C1CCC(N2N=N[C@H]3CCCC[C@H]23)CC1)C1(C#N)CCCC1,,C05282899,,0,0,0,0,0,0,0,0,0,0
Oc1c(C[NH+]2C[C@H](C)O[C@@H](C)C2)c2OC(=O)C=3CCCC=3c2cc1,,C00122775,,0,0,1,0,0,0,0,0,0,0
O(CC)c1c(OCC)c2OC3(CC(=O)c2cc1)CC[NH2+]CC3,,C11849212,,0,0,0,0,0,0,0,0,0,0
O=C(C)N1CCC(C(=O)N[C@H]2C[NH+](C3CCCCCC3)CCC2)CC1,,C12053238,,0,0,0,0,0,0,0,0,0,0
[NH+]1(C2CCSCC2)CCc2[nH]nc(-c3ccc4OCOc4c3)c2C1,,C15066469,,0,0,1,0,0,1,0,1,0,0
[NH2+]([C@@H](C)c1cc(-n2nnnc2)ccc1)[C@@H]1[C@H](C)CCCC1,,C19945644,,0,0,0,0,0,0,0,1,0,0
O[C@@H]1[C@@H](N2CCN(Cc3[nH+]c4n(c3)C=C(C)C=C4)CC2)CCCC1,,C20542487,,0,0,0,0,0,0,0,0,0,0
S(Cc1cc([N+](=O)[O-])ccc1)C1=[NH+][C@H]2CCCC[C@@H]2N1,,C09513723,,0,0,0,0,0,0,0,0,0,0
O=C(N[C@H]1[C@H](C)CCCC1)C[NH+]1CCC2(OCCO2)CC1,,C26933595,,0,0,0,0,0,0,0,0,0,0
C(=C/c1ccccc1)\c1n2N=C([C@H]3C[NH2+]CCC3)Sc2nn1,,C32217549,,0,0,1,0,0,0,1,1,0,0
N(C1CCC([NH+]2N=N[C@H]3CCCC[C@@H]23)CC1)C1(C#N)CCCC1,,C32599580,,0,0,0,0,0,0,0,0,0,0
[NH2+](Cc1oc2ccccc2c1)[C@H](C)c1n2CCCc2nn1,,C35255283,,0,0,1,1,0,0,0,1,0,0
Clc1c(C[NH2+][C@@H]2CCCc3occc23)cc([N+](=O)[O-])cc1,,C35368234,,0,0,0,0,0,0,0,0,0,0
O(CC)c1cc(OCC)c2C(=O)C[C@@]3(Oc2c1)C[NH2+]CC3,,C36141103,,0,0,0,0,0,0,0,0,0,0
S(=O)(=O)(N(C)C1CCCCC1)N1[C@H](C)C[C@H]2C[NH2+]C[C@H]12,,C36266302,,0,0,0,0,0,0,0,0,0,0
[NH+](C)(Cc1onc(-c2ccc(C)cc2)n1)C1CCNCC1,,C36301097,,0,0,1,1,0,1,0,1,0,0
N([C@@H]1[C@H](C)C[NH+](C)[C@H](C)C1)c1cc(-c2ocnn2)ccc1,,C36908329,,0,1,1,0,0,1,0,1,0,0
ClC1=CC(C(F)(F)F)=Cn2c([C@@H]3[NH2+]C[C@H](OC)C3)nnc12,,C36964238,,0,0,1,0,0,0,0,0,0,0
O=C1N(CCc2c[nH]c3ccccc23)C=NC=2[C@H]1[NH+]=C1C=CC(C)=CC=21,,C38550061,,0,0,0,0,0,0,0,1,0,0
O=C1CCCC=2C3=C(C)N=N[C@H]3[NH2+][C@H](c3ccc(N(C)C)cc3)C1=2,,C39337311,,0,0,0,0,0,0,0,0,0,0
O=C1N(C(C)C)C[C@@H](c2[nH+]cc(-c3oc4ccccc4c3)[nH]2)C1,,C23398153,,0,0,0,0,0,0,0,0,0,0
O(C)C(=O)[C@H]1[C@H]2/C(=C\C)/C[NH2+][C@H]1CC1=C(C(=O)C2)N=C2C=CCC=C12,,C39560270,,0,0,0,0,0,0,0,0,0,0
Clc1ccc(N2C(=O)/C(=C\C=3C[NH+]=C4C=CC=CC=34)/C(=O)N2)cc1,,C39720061,,0,0,0,0,0,0,0,1,0,0
O=C1N(C[NH+](C)C2CCCC2)C(=O)N[C@@]21C[C@H](C)CC(C)(C)C2,,C14163789,,0,0,0,0,0,0,0,0,0,0
O=C(N/N=C/[C@@H]1C(=O)[NH+]=C2C=CC=CC2=C1)c1cccc2ccccc12,,C39941699,,0,0,0,0,0,0,0,1,0,0
O=C(N/N=C/[C@H]1C(=O)[NH+]=C2C=CC=CC2=C1)C1CCCCC1,,C39948135,,0,0,0,0,0,0,0,0,0,0
O=C1N(C[NH+]2[C@H](C)CCCC2)C(=O)NC21CCC(C)CC2,,C40018378,,0,0,0,0,0,0,0,0,0,0
[NH2+](C)[C@@H](Cn1c(C)c(C)c(C)n1)c1ccc2OCOc2c1,,C44033047,,0,0,0,0,0,1,0,1,1,0
[NH2+](Cc1n(-c2ccccc2)nnn1)[C@H]1[C@H](C)[C@@H](C)CCC1,,C48694539,,0,1,1,0,0,1,0,1,1,0
[NH2+]=C1N(c2ccc(-c3n4CCCCCc4nn3)cc2)Cc2ccccc12,,C04137213,,0,0,1,0,0,0,0,1,0,0
O=C(/N=C/1\SC=C(C[NH+]2C[C@H](C)C[C@H](C)C2)N\1)c1cocc1,,C22295898,,0,0,0,0,0,0,0,1,0,0
Clc1c(C)n(-c2c(C[NH2+]CC)n3C=CSc3n2)nc1C,,C50587398,,0,1,0,0,0,1,1,1,0,0
S(Cc1c(NC)n(C)[nH+]c1C)c1ncnc2ccccc12,,C50839027,,0,0,1,0,0,0,1,1,0,0
O=C1N(C)c2ccc([C@H]([NH2+]CC)c3c(C)occ3)cc2O1,,C51362205,,0,0,1,0,0,0,1,1,0,0
O=C1N(CC)c2ccc([C@@H]([NH2+]C)c3c(C)cco3)cc2O1,,C51363309,,0,0,1,0,0,0,0,1,1,0
Brc1c(N2[C@H](C)C[NH2+]CC2)ccc([N+](=O)[O-])c1,,C54374775,,0,0,0,0,0,0,0,0,0,0
Clc1c(-n2c(C[NH2+]C(C)C)nnn2)c(Cl)ccc1C,,C54744396,,0,0,1,0,0,1,0,0,1,0
Clc1c(F)cc(-n2c(C[NH2+]C(C)(C)C)nnn2)cc1,,C54762564,,0,0,1,0,0,1,0,1,1,0
S=C1N(Cc2c[nH+]c(N3CCCCCC3)cc2)C(=O)[C@@H](C)N1,,C55179147,,0,0,0,0,0,0,0,0,0,0
C[C@H]1CN(c2nc(N3CC[NH2+]CC3)c3CCCc3n2)CCC1,,C57328780,,0,0,0,0,0,0,0,0,0,0
Cc1n(CC[C@H]2[NH2+]CCCC2)c2cc3OCOc3cc2n1,,C57866667,,0,1,1,0,0,0,0,1,0,0
Brc1cc([C@H]2C(C(=O)C)=C(C)N=C3[NH+]=CNN23)ccc1,,C13123142,,0,0,0,0,0,0,0,0,0,0
O=C1N(C)C(=O)c2ccc(N[C@H]3C[NH+](C4CC4)CC3)cc12,,C61980072,,0,0,0,0,0,0,0,1,0,0
Clc1c([N+](=O)[O-])cc(N[C@@H]2C[NH+](C3CC3)CC2)cc1,,C61981718,,0,0,0,0,0,0,0,0,0,0
O[C@H]1[C@@H]([NH+](C)CCCC)C(C)(C)Oc2c1ccc1OCOc21,,C62182190,,0,0,1,0,0,0,0,0,0,0
O=C(NCCC(C)C)[C@H]1N(C)C=2C(C(=O)[NH+]=C3C=CC=CC=23)=C1,,C63480600,,0,0,0,0,0,0,0,0,0,0
O=C(NCCC(C)C)[C@@H]1N(C)C=2C(C(=O)[NH+]=C3C=CC=CC=23)=C1,,C63480602,,0,0,0,0,0,0,0,1,0,0
BrC=1C=CC2=[NH+][C@@H](C(=O)N/N=C/c3occc3)C=C2C=1,,C63637417,,0,0,0,0,0,0,0,1,0,0
CC=1C=CC2=[NH+][C@H]([C@H]3ON=C(Cc4cnccc4)N3)C=C2C=1,,C64083714,,0,0,0,0,0,0,0,1,0,0
[NH2+](Cc1cccc2OCCOc12)[C@@H](C)c1ccc2OCOc2c1,,C42791109,,0,0,1,0,0,0,0,1,1,0
Clc1c(NC(=O)CN2C(=O)[C@](C)(c3ccc([N+](=O)[O-])cc3)NC2=O)ccc(C)c1,,C04307473,,0,0,0,0,0,0,0,0,0,0
Cl/C(/C)=C/Cn1c(N/N=C(\C)/c2ccc(O)cc2)nc2N(C)C(=O)N(C)C(=O)c12,,C05147722,,0,1,1,0,0,0,1,1,1,0
S(=O)(=O)(Nc1ccc(NS(=O)(=O)c2ccccc2)cc1)c1c([N+](=O)[O-])cccc1,,C02817433,,0,0,0,0,0,0,0,1,1,0
S(CC(=O)NC(=O)N[C@@H]1[C@H](C)CCCC1)c1n(-c2c(OCC)cccc2)nnn1,,C07777291,,0,0,0,0,0,0,0,0,0,0
Clc1ccc(-n2c(SCC(=O)N/N=C/c3c(-c4ccccc4)n[nH]c3)nnn2)cc1,,C00680563,,0,0,1,0,0,0,0,1,0,0
Clc1c([C@@]2(C)C(=O)N(CC(=O)Nc3c(C)c([N+](=O)[O-])ccc3)C(=O)N2)cccc1,,C03593513,,0,0,0,0,0,0,0,0,0,0
O=[N+]([O-])c1cc(NC(=O)[C@@H](OC(=O)c2ccc3S[C@H](C)C(=O)Nc3c2)C)ccc1,,C08713291,,0,0,0,0,0,0,0,1,0,0
O=[N+]([O-])c1c(NC(=O)[C@@H](OC(=O)c2ccc3S[C@H](C)C(=O)Nc3c2)C)cccc1,,C08716287,,0,0,0,0,0,0,0,1,0,0
S(CC(=O)Nc1c(OC)cc(OC)cc1)c1n2C(C(C)(C)C)=CC(=O)Nc2nn1,,C09018747,,0,1,1,0,1,0,0,1,0,0
S(Cc1nc(N)nc(N(C)C)n1)C=1N(c2nccc(C)c2)C(=O)c2ccccc2N=1,,C10534689,,0,0,1,0,0,0,1,0,0,0
Clc1cc([N+](=O)[O-])c(NC(=O)COC(=O)c2ccc3S[C@@H](C)C(=O)Nc3c2)cc1,,C10985213,,0,0,0,0,0,0,0,1,0,0
Clc1c([N+](=O)[O-])cc(NC(=O)COC(=O)c2ccc3S[C@@H](C)C(=O)Nc3c2)cc1,,C10985294,,0,0,0,0,0,0,0,1,0,0
S([C@H](C)C(=O)NC(=O)NCC)c1n-2c(N(CCC(C)C)C(=O)c3ccccc-23)nn1,,C10058477,,0,0,1,0,0,0,0,0,0,0
O=C(Nc1n(C=2NC(=O)C=C(CCC)N=2)nc(-c2sccc2)c1)c1noc(C2CC2)c1,,C11854849,,0,0,1,0,0,1,0,0,0,0
O=C(Nc1n(C=2NC(=O)C=C(CC)N=2)nc(-c2occc2)c1)[C@@H](Oc1ccccc1)C,,C12006826,,0,0,1,0,0,1,0,1,0,0
Clc1ccc(NC(=O)C[C@H]2C(O)=N/C(=N/N=C(/C)\c3ccc([N+](=O)[O-])cc3)/S2)cc1,,C12378791,,0,0,0,0,0,0,0,0,0,0
S([C@H](C)C(=O)NC(=O)NC)c1n-2c(N(CCCCC)C(=O)c3ccccc-23)nn1,,C05641099,,0,1,1,0,0,0,1,1,0,0
S(=O)(=O)(N)c1ccc2N(CC(OCC)=O)/C(=N/C(=O)c3ccc(C#N)cc3)/Sc2c1,,C09809534,,0,0,0,0,1,0,0,1,0,0
S(CC(=O)Nc1ccc([N+](=O)[O-])cc1)c1nnc(NC(=O)c2ccc(C)cc2)cc1,,C13701694,,0,0,0,0,0,0,0,1,0,0
Clc1c(NC(=S)NC(=O)c2cc([N+](=O)[O-])cc([N+](=O)[O-])c2)ccc(Cl)c1,,C13979314,,0,0,0,0,0,0,0,1,0,0
Clc1c(NC(=S)NC(=O)c2cc([N+](=O)[O-])cc([N+](=O)[O-])c2)cc(Cl)cc1,,C13989444,,0,0,0,0,0,0,0,1,0,0
O[C@H](COc1c(C)ccc(C)c1)CN1C(=O)[C@@](C)(c2ccc([N+](=O)[O-])cc2)NC1=O,,C15236650,,0,0,0,0,0,0,0,0,0,0
S(=O)(=O)(Nc1c([N+](=O)[O-])ccc(NS(=O)(=O)c2ccccc2)c1)c1ccccc1,,C16491524,,0,0,0,0,0,0,0,0,0,0
Clc1ccc(-c2n(C)c(SCC(=O)NC(=O)Nc3ccc4OCOc4c3)nn2)cc1,,C16622891,,0,0,0,0,0,0,0,1,0,0
Clc1ccc(N2C(=O)[C@H](CC(=O)Nc3c(O)cc([N+](=O)[O-])cc3)SC2=O)cc1,,C16925354,,0,0,1,0,0,0,0,0,0,0
Clc1ccc(N2C(=O)[C@@H](CC(=O)Nc3c(O)cc([N+](=O)[O-])cc3)SC2=O)cc1,,C16925358,,0,0,0,0,0,0,0,1,0,0
S(c1ncccn1)C1=C(/C=N/NC(=O)c2c(O)cccc2)C(=O)N2C=CC=CC2=N1,,C01263484,,0,0,1,0,0,0,1,1,0,0
S(CC(=O)NNC(=O)c1cc([N+](=O)[O-])ccc1)c1n(-c2c(C)c(C)ccc2)ccn1,,C21609403,,0,0,0,0,0,0,0,1,0,0
S(CN1C(=O)c2ccccc2N=N1)c1n(N)c(-c2ccc(OC(F)F)cc2)nn1,,C03536277,,0,0,1,0,0,0,1,1,0,0
O=[N+]([O-])c1c(CC(=O)NNC(=O)c2c(-c3ccccc3)nn(-c3ccccc3)c2)cccc1,,C21876184,,0,0,0,0,0,0,0,0,0,0
O(CC(=O)NC(=O)Nc1c(C)cc(C)cc1)C(=O)[C@@H](C)N1C(=O)c2cc(C)ccc2C1=O,,C22522856,,0,0,0,0,0,0,0,0,0,0
Oc1cc(/C=N/Nc2n(CCc3ccccc3)c3C(=O)N(C)C(=O)N(C)c3n2)ccc1,,C25540237,,0,1,1,0,1,0,1,1,0,0
Clc1cc([N+](=O)[O-])c(NC(=O)CN2C(=O)[C@@](C)(c3ccc4CCCc4c3)NC2=O)cc1,,C31711965,,0,0,0,0,0,0,0,0,0,0
Clc1ccc2N=CN(CC3=C(C(OCC)=O)[C@@H](c4oc(C)cc4)NC(=O)N3)C(=O)c2c1,,C31741098,,0,0,0,0,0,0,0,1,0,0
Oc1c(NC(=O)C[C@H]2C(=O)N(c3c(C)ccc(C)c3)C(=O)S2)cc([N+](=O)[O-])cc1,,C16924109,,0,0,1,0,0,0,0,0,0,0
O=[N+]([O-])c1ccc([C@H](N(C(=O)[C@H]2NC(=O)CC2)C2CCCCC2)C(=O)NC(C)(C)C)cc1,,C36490863,,0,0,0,0,0,0,0,0,0,0
O=[N+]([O-])c1ccc([C@@H](N(C(C)(C)C)C(=O)[C@H]2NC(=O)CC2)C(=O)NC2CCCCC2)cc1,,C36591515,,0,0,0,0,0,0,0,0,0,0
S(=O)(=O)(N)c1ccc2N(CCOCC)/C(=N/C(=O)c3n(C(C)C)ncc3)/Sc2c1,,C38502178,,0,0,1,0,1,0,0,1,0,0
O=C1N(CCCCCC=2S[C@@H]3NN[C@H]([C@H]4N=NC(C)=C4)N3N=2)C(=O)c2ccccc12,,C38742312,,0,0,0,0,0,0,0,0,0,0
O=[N+]([O-])c1ccc(C(=O)N/N=C/2\CCCc3oc(C(=O)NC4CCCC4)c(C)c\23)cc1,,C40812135,,0,0,0,0,0,0,0,1,0,0
Clc1c([N+](=O)[O-])cc(C(=O)N/N=C/2\CCCc3oc(C(=O)NC(C)C)c(C)c\23)cc1,,C40813441,,0,0,0,0,0,0,0,1,0,0
Brc1c(O)c(OC)cc(/C=N/NC(=O)COc2ccc([N+](=O)[O-])cc2)c1,,C40840495,,0,0,1,0,0,0,0,1,0,0
S(CC=1N=C2N(C(=O)C=1)OC(C)=C2)c1sc(NC(=O)Nc2c(C)cccc2)nn1,,C41089666,,0,1,1,0,0,0,1,1,0,0
S(Cc1nc(N)c2c(C(OCC)=O)c(C)oc2n1)c1oc(-c2ccccc2)nn1,,C06984348,,0,0,1,0,0,1,1,1,0,0
S([C@H](C)C(=O)Nc1ccc([N+](=O)[O-])cc1)c1n(CC)c(-c2ccc(O)cc2)nn1,,C04976629,,0,0,0,0,1,0,0,1,0,0
O=[N+]([O-])c1c(-n2cncc2)ccc(C(=O)NNC(=O)c2sc3CCCCCCc3c2)c1,,C57675991,,0,0,1,0,0,0,0,0,0,0
O=[N+]([O-])c1ccc(/C=C/C(=O)Nc2c(C(=O)Nc3sc(CC)nn3)cccc2)cc1,,C59329727,,0,0,1,0,0,0,0,1,0,0
O=[N+]([O-])c1c(/C=C/C(=O)Nc2c(C(=O)Nc3sc(CC)nn3)cccc2)cccc1,,C59329834,,0,0,1,0,0,1,1,1,0,0
Clc1c(NC(=O)[C@H](C)n2c(C)cc(C)n2)ccc(NC(=O)c2cc([N+](=O)[O-])ccc2)c1,,C60098289,,0,0,0,0,0,0,0,1,0,0
S(=O)(=O)(/N=C\1/NCCCCC/1)c1ccc(NC(=O)c2sc([N+](=O)[O-])cc2)cc1,,C12949640,,0,0,0,0,0,0,0,1,0,0
O=[N+]([O-])c1c(N2CCC(C(=O)N)([NH+]3CCCCC3)CC2)ccc(N2C(=O)[C@@H](C)CC2=O)c1,,C04030475,,0,0,0,0,0,0,0,0,0,0
S(=O)(=O)(N(CC(=O)NN=C1CC[NH+](C)CC1)c1ccccc1)c1c([N+](=O)[O-])cccc1,,C00706038,,0,0,0,0,0,0,0,0,0,0
O=C(NN1C(=O)C2(NC1=O)CCC(C)CC2)C[NH+]1CCN(c2c(OC)cccc2)CC1,,C07114619,,0,0,0,0,0,0,0,0,0,0
O=C(NN1C(=O)C(c2ccccc2)(c2ccccc2)NC1=O)C[NH+]1CCN(C(=O)C2CC2)CC1,,C08745334,,0,0,0,0,0,0,0,0,0,0
OCN1C(=O)N(C[NH+]2CCN(c3ncccn3)CC2)C(=O)[C@]1(C)c1ccc2OCCCOc2c1,,C08983496,,0,0,0,0,0,0,0,0,0,0
Clc1c([N+](=O)[O-])cc(NC(=O)[C@H]2[NH+]3C=Cc4ccccc4[C@@H]3[C@H]3C(=O)NC(=O)[C@@H]23)cc1,,C09281090,,0,0,0,0,0,0,0,0,0,0
O=C(NC[C@@H]1[NH+](CC)CCC1)CNC(=O)C=1C(=O)c2cc3OCOc3cc2N(CC)C=1,,C09304073,,0,0,1,0,0,0,0,1,0,0
O(C)c1c(OC)cc([C@@H]2C(C#N)=C(N)OC=3C=C(C)N(CC[NH+](C)C)C(=O)C2=3)c(OC)c1,,C02710065,,0,0,0,0,0,0,0,0,0,0
O=C(C[NH+]1CCN(C(=O)CN2C(=O)C(c3ccccc3)(c3ccccc3)NC2=O)CC1)N1CCCC1,,C09503187,,0,0,0,0,0,0,0,0,0,0
S(=O)(=O)(Nc1cc(S(=O)(=O)NC2=[NH+]CCC2)ccc1)c1ccc2OCCCOc2c1,,C09638949,,0,0,0,0,0,0,0,1,1,0
O(CC)C(=O)CNC(=O)c1c(C)c2c(N3CCN(c4[nH+]cccc4)CC3)nc(C)nc2s1,,C10013211,,0,0,1,0,0,0,0,1,0,0
O[C@@H](COc1cc(C)c(C)cc1)Cn1c(N2CC[NH2+]CC2)nc2N(C)C(=O)N(C)C(=O)c12,,C10385034,,0,0,1,0,1,0,0,1,0,0
Clc1c(C[NH+]2CCn3c(CNC(=O)CCc4cnccc4)nnc3CC2)cc2OCOc2c1,,C11785362,,0,0,1,0,0,0,0,1,0,0
Fc1c(C[NH+]2[C@@H](CC(=O)N(C)Cc3onc(-c4cnccc4)n3)C(=O)NCC2)cccc1,,C12430194,,0,0,1,1,0,1,0,1,0,0
O=C1C([C@@H]([NH+]2C[C@@H](C)CCC2)c2n(C[C@H]3OCCC3)nnn2)=Cc2cc3OCCOc3cc2N1,,C12713587,,0,0,0,0,0,0,0,1,0,0
S(=O)(=O)(C)N1CC[NH+](CC(=O)NCCN2C(=O)/C(=C/c3c(F)cccc3)/SC2=O)CCC1,,C12775926,,0,0,0,0,0,0,0,0,0,0
OC=1C(/C=N/CC[NH+]2CCN(C(=O)C)CC2)C(=O)N(c2cccc3ccccc23)C(=O)N=1,,C09374173,,0,0,0,0,0,0,0,0,0,0
O=C1C([C@@H](N2CC[NH+](CC)CC2)c2n(C3CCCC3)nnn2)=Cc2cc3OCOc3cc2N1,,C19527952,,0,0,0,0,0,0,0,1,1,0
O(C)CCn1c([C@H](N2CC[NH+](CC)CC2)C=2C(=O)Nc3cc4OCOc4cc3C=2)nnn1,,C19973380,,0,0,0,0,0,1,0,1,1,0
O=C(NN1C(=O)[C@](CC)(c2ccccc2)NC1=O)C[NH+]1CCN(C(=O)[C@@H]2OCCC2)CC1,,C21581501,,0,0,0,0,0,0,0,0,0,0
Clc1ccc([C@H](C(OCC)=O)[NH+]2CCN(C(=O)CN3C(=O)NC(=O)C=C3)CC2)cc1,,C24716069,,0,0,1,0,1,0,0,0,0,0
O=C(N)CN1C(N2CC[NH+](CC(=O)N3CCCC3)CC2)=Nc2sc(C)c(C)c2C1=O,,C34748763,,0,0,1,0,0,0,0,0,0,0
O=[N+]([O-])c1ccc2N3CC[NH+](CC(=O)N4CCCC4)C[C@@H]3[C@H](C(=O)NCC3CC3)Cc2c1,,C35870184,,0,0,0,0,0,0,0,0,0,0
S=C1N(c2cc(OC)c(OC)c(OC)c2)C(=O)/C(=C\C2[NH+]=C3C=CC=CC3=[NH+]2)/C([O-])=N1,,C38592531,,0,0,0,0,0,0,0,0,0,0
S=C1N(C[NH+]2CCN(c3ncnc4n(C)ncc34)CC2)N=C(/C=C/C=2O[C@@H](C)CC=2)N1,,C38769560,,0,1,1,0,0,0,0,1,0,0
O=C([C@H](NC(=O)c1ccc2OCOc2c1)Cc1ccccc1)N1CCC2([NH2+]CCC3=NC=N[C@H]23)CC1,,C39232255,,0,0,0,0,0,0,0,0,0,0
Fc1ccc(C=2[C@H](C[NH+]3CCN4C(=O)C=C(OC)[C@@H](C(=O)N5C[C@@H](O)CCC5)[C@H]4CC3)C=NN=2)cc1,,C39353694,,0,0,0,0,0,0,0,0,0,0
S(=O)(=O)(Oc1ccccc1)[P@@]1(=O)OC[C@H]2[NH+](N1)C[C@@H]1CC(=O)C(OCC)=C[C@H]1C2,,C39469781,,0,0,0,0,0,0,0,0,0,0
S(=O)(=O)(Oc1ccccc1)[P@@]1(=O)OC[C@H]2[NH+](N1)C[C@@H]1C=C(OC)C(OCC)=C[C@@H]1C2,,C39469792,,0,0,0,0,0,0,0,0,0,0
O=C(NCc1ccc2OCOc2c1)[C@@H]1C2(CN(C(=O)c3n(C(C)(C)C)nc(C)c3)C1)CC[NH2+]CC2,,C39610286,,0,0,1,0,0,0,0,1,0,0
O=C(Oc1c(C(=O)N2C[C@H](C(=O)NC[C@@H]3OC(C)(C)OC3)C3(C2)CC[NH2+]CC3)cccc1)C,,C39658952,,0,0,0,0,0,0,0,0,0,0
O=C(NC[C@@H]1OC(C)(C)OC1)[C@@H]1C2(CN(C(=O)[C@H]3Oc4ccccc4OC3)C1)CC[NH2+]CC2,,C39659587,,0,0,0,0,0,0,0,0,0,0
Clc1c(C(=O)N2C[C@H](C(=O)NCc3scc(C)n3)C3(C2)CC[NH2+]CC3)cnc2n(C)nc(C)c12,,C39672669,,0,0,1,0,0,0,0,1,0,0
O=C(N[C@H](C)C=1[C@@H](C)N=NC=1C)[C@H]1C2(CN(C(=O)[C@H]3Oc4ccccc4OC3)C1)CC[NH2+]CC2,,C39674464,,0,0,0,0,0,0,0,0,0,0
O=C(NCc1cn(Cc2ccccc2)nc1)[C@H]1C2(CN(C(=O)[C@H]3Oc4ccccc4OC3)C1)CC[NH2+]CC2,,C39676098,,0,0,1,0,0,0,0,1,0,0
O=C(C(C)C)N1CCC(NC(=O)[C@H]2C3(CN(C(=O)[C@@H]4Oc5ccccc5OC4)C2)CC[NH2+]CC3)CC1,,C39686082,,0,0,0,0,0,0,0,0,0,0
O=C(NCCn1nccc1)[C@H]1C2(CN(C(=O)[C@H]3Oc4ccccc4OC3)C1)CC[NH2+]CC2,,C39694605,,0,0,1,0,0,1,0,0,0,0
S(CC(=O)N1CCN(C(=O)c2occc2)CC1)[C@@H]1OC(C=2C[NH+]=C3C=CC=CC=23)=NN1,,C39982471,,0,0,0,0,0,0,0,0,0,0
S(=O)(=O)(C)C1=NSC=2N1C(=[NH2+])/C(=C/c1cc(OCC)c(OC(=O)c3occc3)cc1)/C(=O)N=2,,C15934958,,0,0,0,0,0,0,1,1,0,0
S(=O)(=O)(C)C1=NSC=2N1C(=[NH2+])/C(=C/c1c(C)n(c(C)c1)-c1cc(OC)ccc1)/C(=O)N=2,,C13574283,,0,0,0,1,0,0,0,0,0,0
S(=O)(=O)(CC)C=1SC=2N(C(=[NH2+])/C(=C\c3c(C)n(c(C)c3)-c3cc(OC)ccc3)/C(=O)N=2)N=1,,C20208607,,0,0,0,1,0,0,1,0,0,0
S(=O)(=O)(C)C1=NSC=2N1C(=[NH2+])/C(=C/c1oc(-c3c([N+](=O)[O-])cc(OC)cc3)cc1)/C(=O)N=2,,C20239051,,0,0,0,0,0,0,0,1,0,0
Clc1c([N+](=O)[O-])cc(NC(=O)c2c[n+](CC=C)cc3c(O)n(-c4ccccc4)nc23)cc1,,C56904736,,0,0,0,0,0,0,1,0,0,0
O=C(OC(C)(C)C)NC(C)(C)C(=O)N1CCN(CC=2[NH+]=C3SC=CN3C(=O)C=2)CC1,,C60201127,,0,0,1,0,0,0,0,1,0,0
OCCCN1C(=O)[C@H]2N([C@@H](c3cc([N+](=O)[O-])ccc3)[C@H]3[NH+]=C4C=CC=CC4=C3C2)C(=O)C1,,C63140134,,0,0,0,0,0,0,0,0,0,0
OCCN1C(=O)[C@H]2N([C@@H](c3cc(OC)c(OC)c(OC)c3)[C@H]3[NH+]=C4C=CC=CC4=C3C2)C(=O)C1,,C63140202,,0,0,0,0,0,0,0,0,0,0
O=C(CN1C(=O)[C@H](CC=2C[NH+]=C3C=CC=CC=23)NC1=O)C1=C(C)N([C@H](C)C1)[C@H]1CS(=O)(=O)CC1,,C63182698,,0,0,0,0,0,0,0,0,0,0
S(=O)(=O)(N1CCCC1)C=1[C@@H](C)N(Cc2nc([C@H]3[NH+]=C4C=CC=CC4=C3)on2)NC=1C,,C63620019,,0,0,1,0,0,0,0,0,0,0
O=C(NCCCN1CC[NH+](C2CCCCC2)CC1)CN1C(C)=Nc2onc(C)c2C1=O,,C64960627,,0,0,1,0,0,0,0,1,0,0
S(=O)(=O)(N(C)C)c1ccc2N3CCCC[C@@H]3C(=O)N(CC(=O)NCC[NH+]3CCCC3)c2c1,,C64966437,,0,0,0,0,0,0,0,0,0,0
O=[N+]([O-])c1c(C)n(CC(=O)N[C@@H]2[C@@H](C)CCCC2)nc1C,,C04548869,,0,0,0,0,0,0,0,0,0,0
S(C)c1c(NC(=O)[C@@H](C)n2ncc([N+](=O)[O-])c2)cccc1,,C01423703,,0,0,0,0,0,0,0,0,0,0
OC[C@@H]1[C@@H](c2ccc([N+](=O)[O-])cc2)OC(c2ccncc2)=N1,,C01729931,,0,0,0,0,0,0,0,0,0,0
O=[N+]([O-])c1ccc(CC(=O)N/N=C(\C)/c2ccncc2)cc1,,C05381581,,0,0,1,1,0,0,0,1,0,0
O=C(Nc1c(C)cccc1C)COc1cc(-n2nnnc2)ccc1,,C00420451,,0,0,0,1,0,1,1,1,1,0
S(=O)(=O)(N[C@H]1C(=O)SCC1)c1cc([N+](=O)[O-])ccc1,,C04419272,,0,0,0,0,0,0,0,0,0,0
S(=O)(=O)(N/N=C(/C)\c1n[n+]([O-])ccc1)c1ccccc1,,C05566082,,0,0,1,0,0,0,0,1,0,0
O(C(C)(C)C)C(=O)N1[C@@H](C)CN(c2[nH+]cc(C(=O)[O-])cc2)CC1,,C06744056,,0,0,0,0,0,0,0,0,0,0
O=C(N[C@H](C)CC)[C@@H](C)N1C(=O)c2n(C(C)=N1)c1ccoc1c2,,C06807354,,0,0,0,0,0,0,0,0,0,0
O=C(NCc1n2C=CC=Cc2nn1)CCc1oc2ccccc2n1,,C08328715,,0,1,1,1,0,0,1,1,0,0
Clc1ccc(N2C(=O)C(/C=N/CCOC)C(O)=NC2=O)cc1,,C09358951,,0,0,0,0,0,0,0,0,0,0
S([C@@H](C)C(OCC)=O)c1n2C(C)=C(C)C(=O)Nc2nn1,,C04250441,,0,0,1,0,0,0,0,1,0,0
O=C(N(C)CCc1c[nH]nc1)c1nnn(C2CCCCC2)c1,,C11663053,,0,0,1,0,0,0,0,1,0,0
O=[N+]([O-])c1c(C(=O)NCc2nc3SC=Cn3c2)cccc1,,C16672864,,0,0,1,0,0,0,1,1,0,0
O(C)c1cc(OC)cc([C@H](C(C#N)C#N)[C@@H]2C(=O)N=C(C)N2)c1,,C20459361,,0,0,0,0,0,0,0,0,0,0
O(CC)C(=O)N1CCC2(C(C(=O)NC(C)C)=C(C)C(=O)O2)CC1,,C20531907,,0,0,0,0,0,0,0,0,0,0
S([C@H](C)C(=O)Nc1sc(C)nn1)c1ccc([N+](=O)[O-])cc1,,C23123486,,0,0,1,0,0,0,0,1,0,0
N(Cc1c(C)n(C)nc1C)c1nc(C(C)C)nc2c(C)nn(C)c12,,C32651257,,0,1,1,0,0,0,1,1,0,0
S(Cc1c(C)onc1C)C=1N(Cc2occc2)C(=O)NN=1,,C00156385,,0,0,1,0,1,1,1,1,0,0
Clc1n(C)c(COc2c(CO)cc([N+](=O)[O-])cc2)nc1,,C35415003,,0,0,0,0,0,0,0,1,1,0
S(=O)(=O)(C)c1c(NCc2oc([N+](=O)[O-])cc2)cccc1,,C37304027,,0,0,0,0,0,0,0,1,1,0
O=C(N/N=C/c1oc(N(C)C)cc1)[C@@H]1Oc2ccccc2OC1,,C01029400,,0,0,0,0,0,0,0,1,0,0
S(CC(=O)Nc1sc2cccc(C)c2n1)c1n(C)nnn1,,C01125790,,0,0,1,0,0,0,1,1,0,0
O=[N+]([O-])c1c(NC[C@H]2CS(=O)(=O)CC2)ccc(OC)c1,,C37987084,,0,0,0,0,0,0,0,0,0,0
Brc1c([N+](=O)[O-])cc(CNCc2n(C)cnn2)cc1,,C37989058,,0,0,1,1,0,0,0,1,1,0
O=[N+]([O-])c1c(NC[C@@H]2OCCOC2)cc2nc(C)sc2c1,,C38062087,,0,0,1,0,0,0,0,1,0,0
S(CC(=O)Nc1onc(C)c1)c1nnc(-c2occc2)cc1,,C36652419,,0,0,1,0,0,1,1,1,0,0
Brc1c([N+](=O)[O-])nn(CC(=O)N[C@H](C)CC)c1,,C40445646,,0,0,0,0,0,0,0,0,0,0
OCCN1CCN(c2c([N+](=O)[O-])c3ncsc3cc2)CC1,,C40452406,,0,0,1,0,0,0,0,0,0,0
O=C(NCC1CC1)CCN1C(=O)c2n(c(C)nn2)-c2ccccc12,,C40842286,,0,1,1,1,0,1,1,1,0,0
O(CCC)C(=O)C=1[C@@H](c2cnccc2)n2ncnc2NC=1C,,C40983121,,0,0,0,0,0,1,0,0,0,0
Brc1cc([N+](=O)[O-])c(N(CC)CC(=O)NC)nc1,,C42388386,,0,0,1,0,0,0,0,0,0,0
S(=O)(=O)(NC[C@@H]1OCCCC1)c1c([N+](=O)[O-])cccc1,,C49064587,,0,0,0,0,0,0,0,0,0,0
Clc1sc(CNC(=O)Cn2nc([N+](=O)[O-])cc2)cc1,,C49304603,,0,0,1,0,0,0,0,1,1,0
S(CC(=O)Nc1scc(C)n1)c1c([N+](=O)[O-])cccn1,,C49418399,,0,0,1,0,0,0,0,1,0,0
O=C(N/N=C/C=C/1\N(C)c2ccccc2C\1(C)C)Cn1ncnc1,,C12524137,,0,0,0,1,0,0,0,0,0,0
O=C(Nc1c(C(=O)C)cc2OCOc2c1)CCn1ncc(C)c1,,C58043784,,0,0,1,0,0,1,0,1,1,0
Fc1c(N[C@@H]2C(=O)N(C(C)C)C(=O)C2)ccc([N+](=O)[O-])c1,,C43474256,,0,0,0,0,0,0,0,0,0,0
Clc1c([N+](=O)[O-])cc(/C=C/C(=O)NCC(=O)N(C)C)cc1,,C61528300,,0,0,0,0,0,0,0,0,0,0
Clc1nc(NC[C@@H]2OCCOC2)nc(N2CCCC2)n1,,C61538319,,0,0,1,0,0,0,0,0,0,0
Clc1nc(NCCC(F)(F)F)nc(-n2ncnc2)n1,,C63101895,,0,1,1,1,0,1,0,1,0,0
Clc1c([N+](=O)[O-])c(NCCc2scc(C)n2)ncn1,,C63138448,,0,0,1,0,0,0,0,1,1,0
Clc1c([N+](=O)[O-])cc(NC(=O)CS(=O)(=O)CC)cc1,,C64697450,,0,0,0,0,0,0,0,0,0,0
O=[N+]([O-])c1ccc(NC(=O)c2nc(COC)sc2)cc1,,C65050571,,0,0,1,0,0,0,0,1,1,0
S(=O)(=O)(Nc1n(C2CCCCC2)ncc1)c1cn(CC)nc1,,C66248377,,0,0,1,0,0,0,0,1,0,0
O=[N+]([O-])[C@@H]1[C@@H](C(=O)Nc2n(-c3ccccc3)nc(C3CC3)c2)C1,,C66662419,,0,0,1,1,0,1,0,1,0,0
O=C(N[C@@H](C)c1onc(C)n1)N(C)Cc1c(C)ncs1,,C66702756,,0,0,1,0,0,1,0,1,1,0
N(Cc1c(C)n(CC)nc1C)c1n(-c2ccccc2)nnn1,,C66817057,,0,0,1,1,0,1,1,1,1,0
O=C(Oc1ccc(C#N)cc1)CC1=C(C)N2NC(=O)C=C2N=C1C,,C67019196,,0,0,0,0,0,0,1,0,0,0
O=C(N[C@@H](C)c1c(C)oc(C)c1)c1cc(C)c(-n2nnnc2)cc1,,C67077910,,0,0,1,0,0,0,0,1,0,0
O=C(NC1CC[NH+](Cc2n(C(C)(C)C)nnn2)CC1)C1CCCCC1,,C04910208,,0,0,1,0,0,0,0,0,0,0
O=C(C)c1c(C)c(C(=O)C[NH+]2CCN(C(=O)c3occc3)CC2)[nH]c1C,,C07813086,,0,0,0,0,0,0,0,1,0,0
S(=O)(=O)(N(CC)c1ccccc1)c1c[nH+]c(N2CC(=O)NCC2)cc1,,C07984914,,0,0,0,0,0,0,0,1,0,0
O=C(NCc1n2CC[NH+](C[C@@H]3CCC=CC3)CCc2nn1)c1c(C)oc(C)c1,,C11872294,,0,0,1,0,0,0,0,1,0,0
C([NH+]1[C@H](c2ncccc2)c2[nH]cnc2CC1)c1onc(-c2ccccc2)n1,,C11936332,,0,0,1,1,0,1,1,1,1,0
O(C)C(=O)[C@@]1(C(C)C)[NH2+][C@H](c2c(OC)cccc2)[C@H]2C(=O)N(C)C(=O)[C@H]12,,C12495749,,0,0,0,0,0,0,0,0,0,0
Clc1ccc2oc(/C(/C=O)=C\NC34C[NH+]5CN(C3)CN(C4)C5)nc2c1,,C19318881,,0,0,1,0,0,0,0,0,0,0
Clc1c(S(=O)(=O)N2CC[NH+](CCC)CC2)cc2OCC(=O)Nc2c1,,C20491830,,0,0,0,0,0,0,0,0,0,0
Fc1c(CONc2c(C)c[nH+]c3N(C)C(=O)N(C)C(=O)c23)cccc1,,C12309394,,0,0,1,0,0,0,0,1,0,0
O=C1N2N=C(C[NH2+][C@H](C)c3ccc(-n4cncc4)cc3)SC2=NC(C)=C1,,C24988095,,0,0,1,0,0,0,1,1,0,0
O=C(N[C@H](C)CC)C[NH+]1CCN(C(=O)[C@H]2Oc3ccccc3OC2)CC1,,C32774802,,0,0,0,0,0,0,0,0,0,0
Brc1c([N+](=O)[O-])cc(C[NH2+][C@@H](C)c2n(C)cnn2)cc1,,C37293646,,0,0,1,1,0,0,0,1,0,0
O=C(NCc1c(N(C)C)[nH+]ccc1)CN1C(=O)c2ccccc2C=N1,,C32690218,,0,0,0,0,0,0,1,1,0,0
O(C)C(=O)[C@@H]1C(NC(=O)CN2C[C@@H](C)O[C@@H](C)C2)=C2C=C(C)C=CC2=[NH+]1,,C38610617,,0,0,0,0,0,0,0,0,0,0
O(C)C(=O)[C@@H]1C(NC(=O)CN2C[C@@H](C)O[C@@H](C)C2)=C2C(C)=CC=CC2=[NH+]1,,C38689007,,0,0,0,0,0,0,0,0,0,0
S(C[C@@H](O)CN1CCOCC1)C=1N=NC=2[C@@H]([NH+]=C3C=CC=CC=23)N=1,,C39777187,,0,0,0,0,0,0,0,0,0,0
O=[N+]([O-])c1cc(C)c(NC(=O)[C@@H](C)[NH+]2CCC(OC)CC2)cc1,,C42567207,,0,0,0,0,0,0,0,0,0,0
O(CC)C(=O)N1CCN(C(=O)NCC2([NH+](C)C)CCCC2)CC1,,C43147126,,0,0,0,0,0,0,0,0,0,0
O=C(NCC([NH+](C)C)(C)C)N1CCN(CC(=O)N2CCCCC2)CC1,,C43189941,,0,0,0,0,0,0,0,0,0,0
OC(C)(C)c1nnn(C2CCN(C(=O)[C@]3(C)C[NH+](CC)CCC3)CC2)c1,,C48115523,,0,0,1,0,0,0,0,0,0,0
O=C(Nc1sccn1)C[NH+]1CC(c2onc(-c3sccc3)n2)C1,,C49484609,,0,0,1,0,0,1,0,1,0,0
O=C1N(CN2CCN(c3[nH+]cccc3)CC2)C(=O)N[C@]1(C)C1CC1,,C52569338,,0,0,0,0,0,0,0,0,0,0
S(=O)(=O)(NCc1c[nH+]c(N2C[C@@H](C)O[C@@H](C)C2)cc1)N1C[C@@H](C)CCC1,,C56062259,,0,0,0,0,0,0,0,0,0,0
O=C(Nc1ccc2OCOc2c1)[C@H](C)N1CCN(c2[nH+]cccc2)CC1,,C25777058,,0,0,0,0,0,0,0,1,0,0
O=C(N[C@@H]1[C@@H]([NH+]2CCCCC2)CS(=O)(=O)C1)Cc1noc2ccccc12,,C60362734,,0,0,0,0,0,0,0,0,0,0
O=C(NCC1([NH+](C)C)CCCC1)N1C[C@H](c2onc(C)n2)CCC1,,C61795242,,0,0,1,0,0,0,0,0,0,0
S(=O)(=O)(N(C)C)c1cc([N+](=O)[O-])c([C@@H](C)[C@H]([NH2+]C)C)cc1,,C63032167,,0,0,0,0,0,0,0,0,0,0
S([C@@H]1N(Cc2occc2)C(C=2C[NH+]=C3C=CC=CC=23)=NN1)[C@H]1C(=O)OCC1,,C39769035,,0,0,0,0,0,0,0,0,0,0
O(C)C=1C=CC2=[NH+][C@H](CNc3nc(C)nc4oc(C)nc34)C=C2C=1,,C63856820,,0,1,1,0,0,0,1,1,0,0
O(C)C=1C=CC2=[NH+][C@@H](CNc3nc(C)nc4oc(C)nc34)C=C2C=1,,C63856821,,0,1,1,0,0,0,1,1,0,0
S(CC(=O)N1C[C@H](C)O[C@@H](C)C1)[C@H]1OC(C=2C[NH+]=C3C=CC=CC=23)=NN1,,C64055393,,0,0,0,0,0,0,0,0,0,0
O(C)CC(=O)N(C)CCC=1N[C@H]([C@@H]2[NH+]=C3C=CC=CC3=C2)ON=1,,C64678284,,0,0,0,0,0,0,0,0,0,0
S(=O)(=O)(NCc1c[nH+]c(N2CCC(C)CC2)cc1)c1c(C)n(C)nc1C,,C64945593,,0,0,1,0,0,0,0,1,0,0
O[C@H](C[NH+]1CCC(c2onc(C)n2)CC1)c1ccc2OCOc2c1,,C65255185,,0,0,1,0,0,0,0,0,0,0
S(=O)(=O)(C)N1CCC(Nc2c(C)c(C)[nH+]c(N(C)C)n2)CC1,,C65374303,,0,0,0,0,0,0,0,0,0,0
O=C(N1[C@H]([C@@H]2ONC(C(C)C)=[NH+]2)CCCC1)[C@H]1N=NC(C2CC2)=C1,,C65384181,,0,0,0,0,0,0,0,0,0,0
[NH2+](Cc1onc(-c2occc2)n1)Cc1nc(C)c2CCCCc2n1,,C65409582,,0,0,1,0,0,0,1,1,0,0
O=C(Nc1c[nH+]c(N(CC)CC)cc1)N(C)[C@H]1CS(=O)(=O)CC1,,C65458348,,0,0,0,0,0,0,0,0,0,0
O=C(Nc1c(C)n(C)nc1C)C[NH+]1CCC(c2cn(CC)nc2)CC1,,C65466050,,0,0,1,0,0,0,0,1,0,0
O=C(NCCc1[nH+]c2n(c1)C=CC=C2)CN1C(=O)N(C)c2ccccc12,,C21135692,,0,0,1,0,0,0,1,1,0,0
O=C(NC1CC[NH+](CN2C(=O)c3ccccc3N=N2)CC1)C1CCC1,,C66079887,,0,0,0,0,0,0,0,0,0,0
O=C(N[C@@H](C)CC[NH+](C)C)N1C[C@@H](C(=O)N2CCOCC2)CCC1,,C66191093,,0,0,0,0,0,0,0,0,0,0
O=C(NC[C@@H]1[NH+](CCCC)CCCC1)N1CCN(C(=O)N(C)C)CC1,,C66599457,,0,0,0,0,0,0,0,0,0,0
O=C(NC[C@@H]1OCCC1)N1CCC(CC(=O)N2CC[NH+](CC)CC2)CC1,,C66687544,,0,0,0,0,0,0,0,0,0,0
O(C)C(=O)[C@@H]1C[NH+]([C@H](C)C(=O)Nc2ccc3OCOc3c2)CCC1,,C66835741,,0,0,1,0,0,0,0,0,0,0
O=C(Cc1nc(N2C(=O)NCC2)sc1)N1[C@@H](C[NH+]2CCCC2)CCC1,,C66944281,,0,0,0,0,0,0,0,0,0,0
O=C(NC[C@H](C)[NH+]1CCC(C)CC1)c1c(-n2nnnc2)cccc1,,C67271464,,0,0,1,0,0,1,0,0,0,0
S(=O)(=O)(NC)c1oc(C(=O)N2C[C@@H]([NH+](C)C)Cc3ccccc23)cc1,,C67339664,,0,0,0,0,0,0,0,1,0,0
Clc1ccc(-c2nn(C[NH+]3C[C@H](CNC(=O)C)CCC3)nn2)cc1,,C67382890,,0,0,0,0,0,1,0,0,0,0
S(=O)(=O)(C)N1C[C@@H]([NH2+]Cc2cc(OC)c3OCOc3c2)CCC1,,C67503633,,0,0,1,0,0,0,0,0,0,0
O(C)C(=O)/C(=C/C=C1N(CC)C=C(C(OC)=O)C(N)=C1C#N)/C#N,,C05641540,,0,0,0,0,0,0,0,0,0,0
S(=O)(=O)(C)c1cc(C(OCC(=O)NC(=O)NC(C)C)=O)c(C)cc1,,C06003585,,0,0,0,0,0,0,0,0,0,0
O(CC(=O)C=1C(=O)N(C)C(=O)N(C)C=1N)C(=O)c1ccc(C)cc1,,C02620638,,0,0,1,0,0,0,0,1,0,0
O=C(N[C@@H]1CS(=O)(=O)CC1)CN1C(=O)[C@](C)(CCC(C)C)NC1=O,,C06608785,,0,0,0,0,0,0,0,0,0,0
O([C@@H](C)C(=O)NC(=O)NC1CCCCC1)C(=O)CN1C(=O)CSC1,,C07782686,,0,0,0,0,0,0,0,0,0,0
O(C)CC(=O)Nc1n(C=2NC(=O)C=C(C)N=2)nc(-c2sccc2)c1,,C11854354,,0,0,1,0,0,1,1,1,0,0
S(CC(=O)Nc1sc(C(=O)C)c(C)n1)c1c(C)nnc(O)n1,,C15859737,,0,0,1,0,1,0,0,1,0,0
O=C(/C(=C/c1c(OCC=C)cccc1)/C#N)C=1C(=O)N(C)C(=O)N(C)C=1N,,C16881545,,0,0,1,0,0,0,0,0,0,0
Clc1c(C)cc(OCC(=O)NNC(=O)C2=NN(C)C(=O)CC2)cc1,,C17241319,,0,0,1,0,0,0,0,0,0,0
S(CC(=O)NN1C(=O)[C@](C)(CC)NC1=O)c1ccc2OCCOc2c1,,C18551759,,0,0,0,0,0,0,0,0,0,0
OCCN1CC[NH+]([C@H](c2occc2)C2=C([O-])n3nc(C)nc3S2)CC1,,C22459046,,0,0,1,0,0,1,0,0,0,0
Clc1c(COC(=O)CCC=2C(=O)NC(=O)NC=2C)nns1,,C28477561,,0,0,1,1,0,0,0,1,0,0
S(CC(=O)NNC(=O)C)c1n(c(-c2occc2)nn1)-c1ccccc1,,C05886649,,0,0,1,0,0,0,1,0,0,0
O=C(Nc1cnc(-n2ncnc2)cc1)CCNC(=O)C1CCCC1,,C33008216,,0,0,1,0,0,1,0,1,1,0
S(CC(=O)Nc1oc(C)c2C(C)=NNC(=O)c12)c1scnn1,,C13009806,,0,1,1,1,1,0,1,1,1,0
S(CC(=O)Nc1sc(C)nn1)C=1OC(=C2C=CC(=O)C=C2)NN=1,,C04160855,,0,0,1,0,0,0,0,1,0,0
O(CC)C(=O)C(=O)Nc1nn(C)c2NC(=O)C[C@@H](c3sccc3)c12,,C38520260,,0,0,0,0,1,0,0,1,0,0
O[C@@H]1[C@@H](NC(=O)C)[C@H](Oc2ccc(C=O)cc2)O[C@@H]2COC(C)(C)O[C@@H]12,,C39715746,,0,0,0,0,0,0,0,0,0,0
O=C(NN1C(=O)[C@](C)(c2ccccc2)NC1=O)CCN1C(=O)SCC1,,C40007642,,0,0,0,0,0,0,0,0,0,0
S(=O)(=O)(N(C)CC(=O)Nc1ccc(C(=O)C)cc1)c1c(C)[nH]nc1C,,C41209544,,0,0,1,0,0,0,0,1,0,0
O=C(NCc1c(C)ccs1)C(=O)Nc1cc(-n2nnnc2)ccc1,,C41950250,,0,0,1,0,0,1,0,1,0,0
O=C(NCCc1n2CCCCCc2nn1)Nc1sc(CC)nn1,,C43344939,,0,0,1,1,1,0,0,1,1,0
S([C@H](C)C(=O)NC(=O)NC[C@@H]1OCCC1)c1n(C(C)C)cnn1,,C43595715,,0,0,1,0,0,0,0,0,0,0
S(=O)(=O)(N)c1oc(C(OCC(=O)N2CCc3ccccc3C2)=O)cc1,,C46658108,,0,0,0,0,1,0,0,1,1,0
O=C(NC(C)C)CN1CCN(C(=O)N[C@H]2CCCc3n(C)ncc23)CC1,,C47003069,,0,0,0,0,0,0,0,0,0,0
O=C(NC)NCCN1C(=O)/C(=C/c2ccc3OCOc3c2)/SC1=O,,C47463915,,0,0,0,0,0,0,0,1,1,0
O=C(NCc1cc(Cn2ncnc2)ccc1)Nc1sc(CC)nn1,,C47706908,,0,0,1,0,1,1,0,1,0,0
O=C(N1CCc2[nH]nc(COc3ccccc3)c2C1)C1=NNC(=O)CC1,,C48219832,,0,0,1,0,1,0,0,1,0,0
O=C(NCc1n2C=CC=Cc2nn1)C(=O)Nc1c(C)cc(N(C)C)cc1,,C48959405,,0,1,1,1,0,0,0,1,0,0
Clc1c(OCC)c(NC(=O)C(=O)N[C@@H](C)c2n(C)cnn2)ccc1,,C54877910,,0,0,1,1,0,0,0,1,0,0
Clc1cc(-n2ncc(C(=O)NNC(=O)c3nccnc3)c2)ccc1,,C56324368,,0,0,1,0,0,0,0,1,0,0
O=C(NCc1cnc(-n2ncnc2)cc1)c1n[nH]c(-c2sc(C)cc2)c1,,C58202382,,0,0,1,0,0,0,0,1,0,0
Clc1c(/C=C/C(=O)Nc2cn(CC(=O)NC)nc2)n2C=CSc2n1,,C58536746,,0,1,1,0,0,1,1,1,0,0
S([C@@H](C)c1oc(C)nn1)c1nc(N/N=C/c2c(F)cccc2)[nH]n1,,C59879056,,0,0,1,1,0,0,1,1,0,0
O=C(NNC(=O)c1n(C)ccc1)CCN1C(=O)Oc2ccccc12,,C61224939,,0,0,1,0,0,0,0,1,0,0
O=C(N[C@H](C)[C@H]1C[C@H]2CC[C@@H]1C2)C(=O)Nc1ccc(-n2nnnc2)cc1,,C61751888,,0,0,0,1,0,0,0,1,0,0
O(C)C(=O)[C@@H]1N(C(=O)CNC(=O)CNC(=O)C)[C@H]2CCCC[C@@H]2C1,,C53446711,,0,0,0,0,0,0,0,0,0,0
O=C(N[C@@H](C)c1c(C)n(C)nc1C)Nc1ccc(-n2ncnc2)cc1,,C65360552,,0,0,0,0,0,0,0,1,0,0
O=C(OC(C)(C)C)NCCNC(=O)C1CCN(C(=O)N(C)C)CC1,,C65406094,,0,0,0,0,0,0,0,0,0,0
O=C(NCCc1n2C=CC=Cc2nn1)NCc1c(OC)nc(C)cc1,,C66126049,,0,1,1,0,0,0,1,1,0,0
FC(F)c1n(C)ncc1C(=O)NNC(=O)[C@@H]1Oc2ccccc2OC1,,C66269266,,0,0,1,0,0,0,0,1,0,0
O=C(NNC(=O)c1cn(-c2c(C)cccc2)nc1)Cn1c(C)cc(C)n1,,C66370612,,0,0,1,0,0,0,0,1,0,0
O=C(NCc1[nH]nc(-c2sccc2)n1)CN(C)c1nccnc1,,C66427989,,0,0,1,1,0,0,1,1,0,0
O=C(NCc1c(C)n(CC)nc1C)[C@@H](C)N1C(=O)C2(NC1=O)CCCC2,,C66477208,,0,0,1,0,0,0,0,0,0,0
Clc1c(C(=O)NCC=2N(C)C(=S)NN=2)nc(N(CC)CC)nc1,,C66625540,,0,0,1,0,0,0,0,1,0,0
S=C1N(CC)C(CNC(=O)CN2C(=O)[C@H](C)Oc3ccccc23)=NN1,,C66636706,,0,0,1,0,0,0,0,1,0,0
S(=O)(=O)(N(C)C1CCN(C(=O)NCC(=O)NC(C)C)CC1)CC,,C66908184,,0,0,0,0,0,0,0,0,0,0
S(=O)(=O)(C)N1C[C@H](NC(=O)CNC(=O)OC(C)(C)C)CCC1,,C67234469,,0,0,0,0,0,0,0,0,0,0
O=C(NCC)Cn1nc(NC(=O)c2ccc(-n3ncc(C)c3)cc2)cc1,,C67242246,,0,0,1,0,0,0,0,1,0,0
S(=O)(=O)(C)N1C[C@@H](NC(=O)N(C)CC(=O)NC(C)(C)C)CCC1,,C67624227,,0,0,0,0,0,0,0,0,0,0
Clc1c(NCCNC(=O)CO/N=C/[C@@H](C#N)c2ccc(Cl)cc2)[nH+]cc(C(F)(F)F)c1,,C08762150,,0,0,0,0,0,0,0,0,0,0
S(=O)(=O)(N[C@H](C(C)C)C(=O)NC[C@H]([NH+]1CCCC1)c1cc(OC)ccc1)c1ccc(C)cc1,,C12780218,,0,0,0,1,0,0,0,0,0,0
O=C(NC[C@H]([NH+]1CCC(C)CC1)c1sccc1)[C@@H](NC(=O)c1cc(OC)cc(OC)c1)C(C)C,,C12790903,,0,0,0,0,0,0,0,0,0,0
Clc1cc([C@@H]([NH2+]CCC(=O)Nc2c(C(OC)=O)c(C)c(C(OC)=O)s2)C)ccc1,,C12864242,,0,0,0,0,0,0,0,0,0,0
O[C@H](COc1ccc(C[NH2+]CCc2c(OC)cccc2)cc1)c1ccc2N(C)C(=O)N(C)c2c1,,C13719217,,0,0,1,0,0,0,0,1,0,0
O[C@@H](COc1ccc(C[NH2+]CCc2c(OC)cccc2)cc1)c1ccc2N(C)C(=O)N(C)c2c1,,C13719221,,0,0,1,0,0,0,0,1,0,0
O[C@H](COc1ccc(C[NH2+]CCCOCCCC)cc1)c1ccc2N(C)C(=O)N(C)c2c1,,C13720046,,0,0,1,1,0,0,0,1,0,0
Brc1c(OCC=C)c(OC)cc(C[NH2+]CCNc2ccc([N+](=O)[O-])cc2)c1,,C16195400,,0,0,0,0,0,0,0,0,0,0
Clc1c(OCC=C)c(OC)cc(C[NH2+]CCNc2c(Cl)cc([N+](=O)[O-])cc2)c1,,C16195410,,0,0,0,0,0,0,0,0,0,0
Clc1c(OC(F)F)ccc(NC(=O)C[NH+](CCC)CC(=O)Nc2c(OC)cccc2)c1,,C16378123,,0,0,0,0,0,0,0,1,0,0
S(=O)(=O)(Nc1c(OC)cccc1)c1c(NC[C@@H]([NH+](C)C)c2ccccc2)ccc([N+](=O)[O-])c1,,C20834426,,0,0,0,0,0,0,0,0,0,0
O=C(NC[C@H]([NH+](CC)CC)Cc1ccccc1)CN1C(=O)[C@](C)(c2ccc(OC)cc2)NC1=O,,C23196931,,0,0,0,0,0,0,0,0,0,0
Clc1ccc2C(=O)N(C)C([C@H](N(CCCCCC[NH3+])C(=O)COc3ccccc3)C)=Nc2c1,,C34707143,,0,1,1,0,0,0,1,0,0,0
O[C@H](COCc1ccccc1)C[NH+](CCOC)CC=1NC(=O)c2c(-c3ccccc3)csc2N=1,,C35745621,,0,0,0,0,0,0,0,1,0,0
O[C@H](COC(=O)CCC)C[NH+](CC(C)C)CC=1NC(=O)c2c(-c3cc(OC)ccc3)csc2N=1,,C35746166,,0,0,1,1,0,0,0,0,0,0
O[C@H](C[NH+](CC=1NC(=O)c2c(C)c(C(OCC=C)=O)sc2N=1)C(C)C)Cc1ccccc1,,C35746673,,0,0,1,0,1,0,0,1,1,0
O[C@@H](COCC#C)C[NH+](CC=1NC(=O)c2c(-c3ccc(OC)cc3)csc2N=1)C1CCCCC1,,C35747449,,0,0,0,0,0,0,0,1,0,0
O[C@H](COc1c(C)cccc1)C[NH+](CC=1NC(=O)c2c(-c3cc(OC)ccc3)csc2N=1)C1CC1,,C35747534,,0,0,1,1,0,0,0,0,0,0
O[C@@H](COc1ccccc1)C[NH+](Cc1occc1)CC=1NC(=O)c2cc(C(C)C)sc2N=1,,C35780911,,0,0,1,0,0,0,1,1,0,0
O[C@@H](COC(=O)CCC)C[NH+](CC=1NC(=O)c2c(sc3CCCc23)N=1)C1CCCCC1,,C36159094,,0,1,1,0,0,0,0,1,0,0
O[C@@H](COC(=O)CCC)C[NH+](CCC(C)C)CC=1NC(=O)c2c(sc3CCCc23)N=1,,C36159193,,0,1,1,0,0,0,0,1,0,0
O[C@H](COCc1ccccc1)C[NH2+][C@H](C(C)C)c1onc(-c2ccc([N+](=O)[O-])cc2)n1,,C36160367,,0,0,0,0,0,1,0,1,0,0
O[C@@H](COCc1ccccc1)C[NH2+][C@H](C(C)C)c1onc(-c2ccc([N+](=O)[O-])cc2)n1,,C36160376,,0,0,0,0,0,0,0,1,0,0
O[C@@H](COc1c(C)cccc1)C[NH2+][C@H](C(C)C)c1onc(-c2ccc([N+](=O)[O-])cc2)n1,,C36160702,,0,0,0,0,0,0,0,1,0,0
O[C@@H](COC(=O)CCC)C[NH+](Cc1occc1)CC=1NC(=O)c2c(sc3C[C@H](C)CCc23)N=1,,C36204996,,0,0,0,0,0,0,1,1,0,0
O[C@H](COC(=O)CCC)C[NH+](CC(C)C)CC=1NC(=O)c2c(-c3ccc(C)cc3)csc2N=1,,C36205563,,0,0,0,0,0,0,0,1,0,0
Clc1ccc(-c2csc3N=C(C[NH+](CCOC)C[C@@H](O)COC(C)(C)C)NC(=O)c23)cc1,,C36206155,,0,0,0,0,0,1,0,1,0,0
O[C@H](COC(C)C)C[NH+](Cc1occc1)CC=1NC(=O)c2c(-c3c(C)ccc(C)c3)csc2N=1,,C36206505,,0,0,0,0,0,0,0,1,0,0
O[C@@H](COCC)C[NH+](CC=1NC(=O)c2c(-c3c(OC)cccc3)csc2N=1)C1CCCCC1,,C36206576,,0,0,0,0,0,0,0,1,0,0
O[C@@H](COC(C)(C)C)C[NH+](CC=1NC(=O)c2c(C)c(C(OC)=O)sc2N=1)C1CCCCC1,,C36206969,,0,1,0,0,0,0,0,1,0,0
O[C@H](COCC#C)C[NH+](Cc1occc1)CC=1NC(=O)c2c(-c3c(C)ccc(C)c3)csc2N=1,,C36207088,,0,0,0,0,0,0,0,0,0,0
O[C@@H](COCC#C)C[NH+](CCC(C)C)CC=1NC(=O)c2c(-c3c(OC)cccc3)csc2N=1,,C36207161,,0,0,0,0,0,0,0,1,0,0
O[C@@H](COc1c(C)cccc1)C[NH+](CC=1NC(=O)c2c(C)c(C(OCC=C)=O)sc2N=1)C(C)C,,C36207354,,0,0,1,0,1,0,1,1,0,0
O[C@@H](COCC=C)C[NH+](Cc1occc1)CC=1NC(=O)c2c(-c3c(C)cccc3)csc2N=1,,C36207660,,0,0,0,0,0,0,1,1,0,0
Clc1ccc(OC[C@@H](O)C[NH+](CCCOC)CC=2NC(=O)c3cc(C(C)C)sc3N=2)cc1,,C36313124,,0,0,1,0,0,0,0,1,0,0
S(=O)(=O)(Oc1ccccc1)[C@H]1[NH2+]CCN([C@@H](CNOC)c2ccc(CC(C)C)cc2)C1,,C39533566,,0,0,0,0,0,0,0,0,0,0
O=C([C@H](C)CCCC)N1C[C@H](C(=O)NCCc2cc(OC)cc(OC)c2)C2(C1)CC[NH2+]CC2,,C39653126,,0,0,0,0,0,0,0,0,0,0
O[C@@H](C[NH+](CC(C)C)CC=1NC(=O)c2c(C(C)C)c(C(OCC)=O)sc2N=1)CCC=C,,C36207278,,0,0,1,0,0,0,0,0,1,0
O=[N+]([O-])c1ccc(NCCCC(=O)NC[C@@H]([NH+]2CCCC2)c2c(OC)cccc2)cc1,,C23795151,,0,0,0,0,0,0,0,0,0,0
O=[N+]([O-])c1ccc(NCCCC(=O)NC[C@H]([NH+]2CCCC2)c2c(OC)cccc2)cc1,,C23795155,,0,0,0,0,0,0,0,0,0,0
S(=O)(=O)(N(C)C(C)C)c1ccc(NC(=O)NC[C@H]([NH+](CC)CC)c2cscc2)cc1,,C58865389,,0,0,0,0,0,0,0,0,0,0
FC(F)(F)COc1c(C)cc(C[NH+](C)CC(=O)NNC(=O)c2cc([N+](=O)[O-])ccc2)cc1C,,C59577815,,0,0,0,0,0,0,0,1,0,0
S(C)CC[C@@H](NC(=O)c1cc([N+](=O)[O-])ccc1)C(=O)NCC(C)(C)[NH+]1C[C@H](C)C[C@H](C)C1,,C59990288,,0,0,0,0,0,0,0,0,0,0
S(C)CC[C@@H](NC(=O)c1cc([N+](=O)[O-])ccc1)C(=O)NC[C@H]([NH+](C)C)c1ccc(CC)cc1,,C32732930,,0,0,0,0,0,0,0,0,0,0
S(C)CC[C@@H](NC(=O)c1cc([N+](=O)[O-])ccc1)C(=O)NC[C@H]([NH+](CC)CC)c1ccccc1,,C60391012,,0,0,0,0,0,0,0,0,0,0
S(C)CC[C@@H](NC(=O)c1cc([N+](=O)[O-])ccc1)C(=O)NC[C@@H]([NH+](CC)CC)c1ccccc1,,C60391013,,0,0,0,0,0,0,0,0,0,0
O=C(Nc1c(OCC)ccc(OCC)c1)C[NH+](CCC)CC=1NC(=O)c2sccc2N=1,,C12780812,,0,0,1,0,0,0,0,1,0,0
O(CC(=O)NC(CC)CC)C(=O)[C@@H](NC(=O)c1sccc1)CC=1C[NH+]=C2C=CC=CC=12,,C63135155,,0,0,0,0,0,0,0,0,0,0
Fc1ccc(C(=O)N[C@@H](CC=2C[NH+]=C3C=CC=CC=23)C(OCC(=O)Nc2cc(OC)ccc2)=O)cc1,,C63229071,,0,0,0,1,0,0,0,1,0,0
S(=O)(=O)(N(CC)CC)c1cc(NC(=O)C=2CC(=O)[NH+]=C3C=CC=CC=23)c(NCCCC)cc1,,C39946026,,0,0,0,0,0,0,0,1,0,0
Clc1ccc([C@@H]2N(CC[NH2+]CCO)C(=O)C(O)=C2C(=O)c2ccccc2)cc1,,C04576455,,0,0,0,0,0,0,0,0,0,0
Clc1c(NC(=O)C[NH+](C)[C@H](C)C(=O)NC(=O)NC(C)(C)C)cccc1,,C15108966,,0,0,0,0,0,0,0,0,0,0
S(=O)(=O)(N(C)C)c1cc(NC(=S)NC2C[C@H](C)[NH2+][C@@H](C)C2)ccc1,,C26780233,,0,0,0,0,0,0,0,0,0,0
OCC[NH+](CCO)[C@@H](C)C(=O)Nc1c(C(=O)c2ccccc2)cc(C)cc1,,C26893315,,0,0,0,0,0,0,0,0,0,0
O=C(C[NH+]1[C@H](CC)c2ccsc2CC1)C1=C(N)N(C2CC2)C(=O)NC1=O,,C30223900,,0,0,1,1,1,1,0,1,0,0
Clc1c(Cl)ccc([C@H]([NH2+][C@H](C)C(=O)C=2C(=O)N(C)C(=O)N(C)C=2N)C)c1,,C32791559,,0,0,1,0,0,0,0,0,0,0
Ic1oc(C[NH2+][C@@H](C)c2ccc(S(=O)(=O)N)cc2)cc1,,C37278059,,0,0,0,0,1,0,0,1,1,0
Brc1c(NC(=O)CCC[NH3+])c(C(OC)=O)cc(Br)c1,,C37769905,,0,0,0,0,0,0,0,0,0,0
OC(C)(C)CCC[C@@H](NC(=O)[C@H]1C2(CN(C(=O)[C@H](C)CC)C1)CC[NH2+]CC2)C,,C39631478,,0,0,0,0,0,0,0,0,0,0
OC(C)(C)CCC[C@@H](NC(=O)[C@H]1C2(CN(C(=O)CC)C1)CC[NH2+]CC2)C,,C39631528,,0,0,0,0,0,0,0,0,0,0
O=C([C@H](C)CC)N1C[C@H](C(=O)NCc2[nH]c3ccccc3c2)C2(C1)CC[NH2+]CC2,,C39671444,,0,0,0,0,0,0,0,0,0,0
O=C(NCCc1c(C)[nH]c2ccccc12)[C@H]1C2(CN(C(=O)C3CCC3)C1)CC[NH2+]CC2,,C39673996,,0,0,0,0,0,0,0,0,0,0
O=C(Nc1ccccc1)CC[C@H]1[NH+]2C[C@@H](NCc3ccccc3)C[C@H]2C(=O)NC1,,C22922288,,0,0,0,0,0,0,0,0,0,0
Brc1c(NC(=O)[C@@H]([NH3+])CCSC)ccc(C(OCC)=O)c1,,C40462723,,0,0,0,0,0,0,0,0,0,0
O[C@@H](CNC(=O)NC[C@@H]([NH+](C)C)c1sccc1)c1ccc(OC)cc1,,C41447423,,0,0,0,0,0,0,0,1,0,0
Fc1c(C(=O)NNC(=O)NC[C@H]([NH+]2CCCCC2)c2occc2)cccc1,,C43137128,,0,0,0,0,0,0,0,1,0,0
O=C(NC[C@H]1CC[C@H]2C(C)(C)[C@@H]1C2)c1nc([C@@H]([NH3+])Cc2ccccc2)oc1,,C43213185,,0,0,0,0,0,0,0,0,0,0
Oc1ccc(CCNC(=O)[C@H]2[NH2+][C@@H](c3cc(OC)ccc3)CSC2)cc1,,C44164069,,0,0,0,1,0,0,0,0,0,0
Brc1c(OCC)c(C[NH2+]CCCS(=O)(=O)N)cc(Br)c1,,C45069421,,0,0,0,0,0,0,0,0,0,0
Brc1cc(OC[C@H](O)C[NH+]2CCC(CC(=O)N)CC2)ccc1,,C48026304,,0,0,0,0,0,0,0,0,0,0
Brc1c(S(=O)(=O)N[C@@H](C)CC[NH+](C)C)c(N)cc(Br)c1,,C49554809,,0,0,0,0,0,0,0,0,0,0
O=C(N)COc1ccc(CNC(=O)C[NH+](C)[C@H]2CCc3ccccc23)cc1,,C52490708,,0,0,0,0,1,0,0,1,0,0
O=C(N)Cn1c(C)c(C[NH2+]C[C@@H]2Oc3ccccc3OC2)c2ccccc12,,C55307437,,0,0,0,0,0,0,0,1,1,0
O=C(N)Cn1c(C)c(C[NH2+][C@H](C)c2nc3SC=Cn3c2)c2ccccc12,,C55575467,,0,0,0,0,0,0,1,1,0,0
S(CCNC(=O)Cn1c(NCCO)[nH+]c2ccccc12)c1ccc(C)cc1,,C07675833,,0,0,0,0,1,0,0,1,0,0
Fc1c([C@@H](O)CNC(=O)NC[C@H]([NH+](CC)CC)c2cscc2)cccc1,,C59119345,,0,0,0,0,0,0,0,0,0,0
FC(F)(F)c1ccc(CNC(=O)[C@H]2N(C(=O)NCC)Cc3[nH]c[nH+]c3C2)cc1,,C15676188,,0,0,0,0,0,0,0,1,0,0
Brc1cc(N)c(S(=O)(=O)NCC[NH+](C)CCOC)cc1,,C61377336,,0,0,0,0,1,0,0,0,0,0
Brc1ccc([C@@H](SC=2N(CC)C(=O)NN=2)[C@H]([NH3+])CC)cc1,,C61594327,,0,0,1,0,0,0,0,0,0,0
Brc1cc([C@H](SC=2N(CCC)C(=O)NN=2)[C@H]([NH3+])C)ccc1,,C61594903,,0,0,1,0,1,0,0,0,0,0
Brc1sc([C@@H](SC=2N(CCC)C(=O)NN=2)[C@@H]([NH3+])C)cc1,,C61594936,,0,0,1,0,1,0,0,0,1,0
Clc1ccc(C2(O)CC[NH+](C[C@H](O)CN3C(=O)C(C)(C)NC3=O)CC2)cc1,,C61721632,,0,0,0,0,0,0,0,0,0,0
Clc1ccc(CC(=O)NCCC(=O)N2CCC3(NCCc4[nH]c[nH+]c34)CC2)cc1,,C20573050,,0,0,0,0,0,0,0,0,0,0
Brc1c(S(=O)(=O)NCC[NH+](C)C2CC2)cc(Cl)cc1N,,C61992631,,0,0,0,0,0,0,0,0,0,0
O=C(NC[C@@H](C)[NH+]1C[C@H](C)CCC1)C(=O)Nc1c(C)cc(C(=O)NC)cc1,,C62121165,,0,0,0,0,0,0,0,0,0,0
FC(F)(F)C=1C=C(NC(=O)NCCCC[NH+]2[C@@H](C)CCCC2)C(=O)NC=1,,C63161737,,0,0,0,0,0,0,0,0,0,0
FC=1C=CC2=[NH+]CC(CCNC(=O)C[C@@H]3[C@H](C)c4c(O)cc(O)cc4OC3=O)=C2C=1,,C63490818,,0,0,1,0,1,0,0,0,0,0
S(=O)(=O)(N)[C@H]1SC(CNC(=O)CCCC=2C[NH+]=C3C=CC=CC=23)=CC1,,C63908257,,0,0,0,0,0,0,0,0,0,0
O([C@@H](C(=O)C=1C[NH+]=C2C=CC=CC=12)c1ccccc1)C(=O)C=1[C@@H](N)ONC=1C,,C64156046,,0,0,0,0,0,0,0,0,0,0
O(C)C=1C=CC2=[NH+]CC(CCN3C(N)=C([C@@H]4Sc5ccccc5N4)C(=O)C3)=C2C=1,,C64538585,,0,0,0,0,0,0,0,0,0,0
Clc1ccc(C2([NH2+]CN3C(=S)N(C)C(CCC(=O)N)=N3)CCCC2)cc1,,C66079136,,0,0,0,0,0,0,0,1,0,0
[NH+](\C[C@H]1OCCC1)=C(\N)/NCc1ccc(CN2CCc3ccccc23)cc1,,C66242922,,0,0,0,0,0,0,0,0,0,0
Brc1ccc(C2(CN/C(=[NH+]/C[C@@H]3OCCC3)/N)CCOCC2)cc1,,C66246669,,0,0,0,0,0,0,0,0,0,0
O=C(Nc1c(C(=O)N)c2CCCc2s1)[C@H](C)N1CCC([NH+](CC)CC)CC1,,C66543060,,0,0,0,0,0,0,0,0,0,0
Clc1ccc(CNC(=O)NCC(=O)NC[C@H]2C[NH+](CC)CCC2)cc1,,C66641837,,0,0,0,0,0,0,0,0,0,0
Fc1c(CC(=O)NNC(=O)NCC2([NH+]3CCSCC3)CCCC2)cccc1,,C66977174,,0,0,0,0,0,0,0,0,0,0
S(=O)(=O)(N)c1oc(C(=O)NC[C@@H]2[NH+](CC3CCCCC3)CCC2)cc1,,C67332218,,0,0,0,0,1,0,0,0,0,0
Brc1cc(C)c(NC(=O)NC[C@H](O)C[NH+]2CCC(C)CC2)c(C)c1,,C67544516,,0,0,0,0,0,0,0,0,0,0
S(CCC#N)c1c(NC(=O)NC[C@@H](O)C[NH+]2CCC(C)CC2)cccc1,,C67577835,,0,0,0,0,0,0,0,0,0,0
O[C@@H](CNC(=O)NCc1ccc(COC(C)C)cc1)C[NH+]1CCC(C)CC1,,C67621872,,0,0,0,0,0,0,0,0,0,0
O=[N+]([O-])c1c(N2CCC(C(=O)N)([NH+]3CCCCC3)CC2)ccc(N2C(=O)[C@@H]3C[C@@H](C)CC[C@@H]3C2=O)c1,,C04030469,,0,0,0,0,0,0,0,0,0,0
O=C1C([C@H]([NH+]2CCC(Cc3ccccc3)CC2)c2n(C(C)(C)C)nnn2)=Cc2cc3OCOc3cc2N1,,C06015056,,0,0,0,0,0,0,0,0,0,0
OC1=C([C@@H]([NH+]2CCC3(OCCO3)CC2)c2ccc([N+](=O)[O-])cc2)Sc2n1nc(-c1occc1)n2,,C08601803,,0,0,0,0,0,0,1,0,0,0
OC=1N(c2c(OC)ccc(OC)c2)C(=O)NC(=O)C=1[C@@H]1[NH+](C)CCc2cc3OCOc3c(OC)c12,,C02157243,,0,0,0,0,0,0,0,0,0,0
O=[N+]([O-])c1cc(N2C(=O)[C@H]3[C@@H](C(=O)c4ccc(OC)cc4)[NH+]4C=Cc5ccccc5[C@H]4[C@H]3C2=O)ccc1,,C09272548,,0,0,0,0,0,0,0,0,0,0
O=[N+]([O-])c1cc(C(=O)[C@H]2[C@]3(C(=O)Nc4ccccc34)[NH+]3CCC[C@H]3[C@@]32C(=O)Nc2ccccc32)ccc1,,C02146422,,0,0,0,0,0,0,0,0,0,0
O=[N+]([O-])c1ccc2N3CC[NH+](C/C=C/c4ccccc4)C[C@@H]3[C@]3(C(=O)N(C(C)C)C(=O)NC3=O)Cc2c1,,C09418856,,0,0,0,0,0,0,0,0,0,0
O=C(N)C1([NH+]2CCCCC2)CCN(c2n(Cc3ccc(C)cc3)c3C(=O)N(C)C(=O)N(C)c3n2)CC1,,C08775045,,0,0,0,0,0,0,0,0,0,0
O=C1N(CC[NH+]2CCCCC2)C(=O)c2n3CC(C)=NN(Cc4cccc5ccccc45)c3nc2N1C,,C10047897,,0,0,0,0,0,0,0,0,0,0
O(CC)c1ccc(N2C(C)=Cn3c2nc2N(C)C(=O)N(C[C@@H](C)C[NH+]4[C@@H](C)CCCC4)C(=O)c32)cc1,,C10107697,,0,0,1,0,0,1,1,1,0,0
Clc1cc(C)c2nc(N(CC[NH+]3CCOCC3)C(=O)c3cc([N+](=O)[O-])cc([N+](=O)[O-])c3)sc2c1,,C10785573,,0,0,0,0,0,0,1,0,0,0
O=[N+]([O-])c1c(n(C)cn1)N1CCN(c2nc(C[NH+]3CCC(C)CC3)nc3sc4CCCc4c23)CC1,,C09201923,,0,0,1,0,0,0,0,0,0,0
O=C1C(C[NH+](Cc2n(C3CCCCC3)nnn2)Cc2ccc3OCOc3c2)=Cc2cc(C)cc(C)c2N1,,C12833024,,0,0,0,0,1,0,1,1,0,0
O(C)c1ccc2NC(=O)C([C@H]([NH+]3CCN(c4c(C)ccc(C)c4)CC3)c3n(C(C)(C)C)nnn3)=Cc2c1,,C06195692,,0,0,0,0,0,0,0,0,0,0
O=C1C(C[NH+]([C@@H](CC)c2n(C3CCCCC3)nnn2)C2CCCCC2)=Cc2cc3OCCOc3cc2N1,,C13064418,,0,0,1,0,0,0,0,1,0,0
O=C1C(C[NH+]([C@@H](C(C)C)c2n(C3CCCCC3)nnn2)C2CCCC2)=Cc2cc3OCOc3cc2N1,,C13500687,,0,0,0,0,0,0,0,1,0,0
O=[N+]([O-])c1ccc2N3CC[NH+](Cc4ccc5OCOc5c4)C[C@@H]3[C@]3(C(=O)N(CC=C)C(=O)NC3=O)Cc2c1,,C09348681,,0,0,0,0,0,0,0,0,0,0
O=[N+]([O-])c1cc(C(=O)[C@H]2[C@@]3(C(=O)Nc4c(C)cccc34)[NH+]3CCC[C@H]3[C@]32C(=O)Nc2ccccc32)ccc1,,C16011521,,0,0,0,0,0,0,0,0,0,0
O=[N+]([O-])c1cc(C(=O)[C@H]2[NH+]3C=Cc4ccccc4[C@@H]3[C@@H]3C(=O)N(c4ccc(C(=O)C)cc4)C(=O)[C@@H]23)ccc1,,C09348904,,0,0,0,0,0,0,0,0,0,0
O=[N+]([O-])c1cc(C(=O)[C@H]2[C@@]3(C(=O)Nc4ccccc34)[NH+]3CCC[C@H]3[C@@]32C(=O)Nc2ccccc32)ccc1,,C16042025,,0,0,0,0,0,0,0,0,0,0
O=[N+]([O-])c1cc(C(=O)[C@H]2[C@@]3(C(=O)Nc4ccccc34)[NH+]3CCC[C@@H]3[C@@]32C(=O)Nc2ccccc32)ccc1,,C16042027,,0,0,0,0,0,0,0,0,0,0
OC=1[C@@]2(C(=O)N(CCC)C(=O)N=1)Cc1cc([N+](=O)[O-])ccc1N1CC[NH+](Cc3ccc4OCOc4c3)C[C@H]21,,C09111343,,0,0,0,0,0,0,0,0,0,0
SC=1N(c2ccc(OCC)cc2)C(=O)C([C@@H]2[NH+](C)CCc3cc4OCOc4c(OC)c23)=C(O)N=1,,C09013880,,0,0,0,0,0,0,0,0,0,0
O=[N+]([O-])c1cc(N2C(=O)[C@H]3[C@H](Cc4ccccc4)[NH2+][C@@]4(C(=O)Nc5ccccc45)[C@@H]3C2=O)c(OC)cc1,,C09012130,,0,0,0,0,0,0,0,0,0,0
O(CC)c1ccc2NC(=O)C([C@@H](N3CC[NH+](C4CCCCC4)CC3)c3n(C4CCCC4)nnn3)=Cc2c1,,C20080470,,0,0,0,0,0,0,0,1,0,0
O=C1N(CCCCC)C(=O)NC(=O)[C@]21CC=1C(=O)N3C=CC=CC3=[NH+]C=1N1CCc3ccccc3[C@H]21,,C09167931,,0,0,0,0,0,0,0,0,0,0
O=C1N(CCCCCC)C(=O)NC(=O)[C@@]21CC=1C(=O)N3C=CC=CC3=[NH+]C=1N1CCc3ccccc3[C@H]21,,C09172723,,0,0,0,0,0,0,0,0,0,0
S(CC(=O)NC1CC(C)(C)[NH2+]C(C)(C)C1)c1n(c(-c2cc([N+](=O)[O-])ccc2)nn1)-c1ccccc1,,C20830745,,0,0,1,1,0,0,1,0,0,0
Clc1c(NC(=O)[C@H](C)[NH+]2CCN(S(=O)(=O)c3c([N+](=O)[O-])cccc3)CC2)ccc([N+](=O)[O-])c1,,C21849138,,0,0,0,0,0,0,0,1,0,0
O=[N+]([O-])c1cc(N2C(=O)[C@@H]3[C@@H](Cc4ccccc4)[NH2+][C@]4(C(=O)Nc5ccccc45)[C@@H]3C2=O)c(OC)cc1,,C16010216,,0,0,0,0,0,0,0,0,0,0
S(=O)(=O)(NCc1occc1)c1cc(N2C(=O)/C(=C/Nc3[nH+]c(C)ccc3)/c3ccccc3C2=O)ccc1,,C18230170,,0,0,0,0,0,0,0,1,0,0
S(=O)(=O)(N1[C@H](C(=O)N2CCN(c3[nH+]cccc3)CC2)CCCC1)c1ccc2n(CCC)nnc2c1,,C33263087,,0,0,1,1,0,0,1,1,0,0
S(=O)(=O)(N1CC[NH+](C2CCCCC2)CC1)c1c(C)ccc(-c2c(C)nn3C(=O)CCC(=O)Nc23)c1,,C33276528,,0,0,1,0,0,0,0,0,0,0
O=[N+]([O-])c1ccc2N3CC[NH+](CCOc4ccccc4)C[C@@H]3[C@H](C(=O)N3CCN(C(=O)C)CC3)Cc2c1,,C35544717,,0,0,0,0,0,0,0,0,0,0
O=[N+]([O-])c1ccc2N3CC[NH+](CCOc4ccccc4)C[C@@H]3[C@H](C(=O)N3C[C@@H](C)O[C@@H](C)C3)Cc2c1,,C35894874,,0,0,0,0,0,0,0,0,0,0
Clc1cc(N2CC[NH+](CC=3N=C(N4CCN(C(=O)C5CCC5)CC4)NC(=O)C=3)CC2)c(OC)cc1,,C35926664,,0,0,0,0,0,0,0,0,0,0
O=C1N(CCCCC)C(=O)NC(=O)[C@]21CC=1C(=O)N3C=CC=C(C)C3=[NH+]C=1N1CCc3ccccc3[C@H]21,,C09447442,,0,0,0,0,0,0,0,0,0,0
O=C1N(CCc2ccccc2)C(=O)NC(=O)[C@]21CC=1C(=O)N3C=CC=C(C)C3=[NH+]C=1N1CCCCC[C@H]21,,C09232874,,0,0,0,0,0,0,0,0,0,0
O=C1N(CCc2ccccc2)C(=O)NC(=O)[C@]21CC=1C(=O)N3C=CC=C(C)C3=[NH+]C=1N1CCCCC[C@@H]21,,C09232879,,0,0,0,0,0,0,0,0,0,0
FC(F)(F)[C@H]1N2NC(C(=O)NC3CCN(C(OCC)=O)CC3)=CC2=[NH+][C@H](c2ccc3OCOc3c2)C1,,C03012220,,0,0,0,0,0,0,0,1,0,0
O=C(N(CCC[NH+](C)C)c1sc2ccc(C)c(C)c2n1)Cn1cnc2N(C)C(=O)N(C)C(=O)c12,,C36645514,,0,0,1,0,0,0,1,1,0,0
S(=O)(=O)(Oc1ccccc1)C=1C(OCC)=C[C@H]2C[C@H]3[NH+](N[P@@](=O)(c4c(O)cccc4)OC3)C[C@@H]2C=1,,C39467544,,0,0,0,0,0,0,0,0,0,0
Clc1cc(N2CCN([C@H]([C@H]3C(=O)[NH+]=C4C=C(C)C=CC4=C3)c3n(CCOC)nnn3)CC2)c(C)cc1,,C39710593,,0,0,0,0,0,0,0,1,0,0
O(CC)c1c(N2C(C)=Cn3c2nc2N(C)C(=O)N(CCC[NH+]4[C@@H](C)CCC[C@H]4C)C(=O)c32)cccc1,,C13516092,,0,0,1,0,0,1,0,0,0,0
O=[N+]([O-])c1c(-c2oc(/C=C\3/C(=O)N=C4SC(C5CCCCC5)=NN4C/3=[NH2+])cc2)ccc(OCC)c1,,C32969753,,0,0,1,0,0,0,1,1,0,0
O=C(C[C@H]1[NH+](C)CCc2cc3OCOc3c(OC)c12)C[C@@H]1N(C)CCc2cc3OCOc3c(OC)c12,,C20112682,,0,0,1,0,0,0,0,0,0,0
O(C)C(=O)c1ccc([C@H]2N3C(=O)N(c4ccc5OCCOc5c4)C(=O)[C@@H]3CC=3[C@H]2[NH+]=C2C=CC=CC=32)cc1,,C63350642,,0,0,0,0,0,0,0,0,0,0
O(C)C(=O)c1ccc([C@@H]2N3C(=O)N(c4ccc5OCCOc5c4)C(=O)[C@@H]3CC=3[C@H]2[NH+]=C2C=CC=CC=32)cc1,,C63350643,,0,0,0,0,0,0,0,0,0,0
O=C(Cn1ncc(NC(=O)c2ccc3OCOc3c2)c1)N1[C@@H](C(C)C)[C@@H]2[NH+]=C3C=CC=CC3=C2CC1,,C64084060,,0,0,0,0,0,0,0,1,0,0
O=[N+]([O-])c1cc([C@@H]2N3C(=O)CN(CCc4ccc(OC)cc4)C(=O)[C@H]3CC=3[C@@H]2[NH+]=C2C=CC=CC=32)ccc1,,C64348626,,0,0,0,0,0,0,0,0,0,0
Clc1ccc(C(=O)CSC=2N(c3c(C)cccc3)C(=O)c3c(sc4C[NH+](C)CCc34)N=2)cc1,,C01248672,,0,0,0,0,0,0,1,0,0,0
Clc1ccc(C(=O)[C@@H]2[NH+]3C=Cc4ccccc4[C@@H]3[C@H]3C(=O)N(c4ccc(Cl)cc4)C(=O)[C@H]23)cc1,,C08766869,,0,0,0,0,0,0,0,0,0,0
O=C([C@H]1[NH+]2C=Cc3ccccc3[C@@H]2[C@H]2C(=O)N(c3ccc4ccccc4c3)C(=O)[C@@H]12)c1ccc(OC)cc1,,C08767599,,0,0,0,0,0,0,0,0,0,0
Clc1ccc(C=2C(=O)c3ccc(OCC[NH+]4C[C@@H]5CN6C(=O)C=CC=C6[C@H](C4)C5)cc3OC=2)cc1,,C08878071,,0,0,1,0,0,0,1,1,0,0
Clc1c(Cl)c(Cl)c2C(=O)N(C[C@@H]([NH+](C)C)c3cn(C)c4ccccc34)C(=O)c2c1Cl,,C02317153,,0,0,0,0,0,0,1,0,0,0
Clc1ccc(-n2c(SCC(=O)N3CCc4ccccc34)nnc2[C@H](C)[NH+]2CCCCC2)cc1,,C09125982,,0,0,0,0,0,0,0,0,0,0
Fc1c(N2CC[NH+]([C@H]3CCc4c(sc5N=CN(CC6CCCCC6)C(=O)c45)C3)CC2)cccc1,,C11912400,,0,0,1,0,0,0,0,0,0,0
O=C(N1CCN(c2[nH+]cccc2)CC1)[C@H]1C2(C1)CCN(C(=O)C1(c3ccccc3)CCCCC1)CC2,,C12158839,,0,0,0,0,0,0,0,0,0,0
Clc1ccc(-n2c(SCC(=O)N3C[C@]4(C)CC(C)(C)C[C@H]3C4)nnc2[C@@H](C)[NH+]2CCCCC2)cc1,,C12531939,,0,0,0,0,0,0,0,0,0,0
S(Cc1ccccc1)c1n(C(C)C)c([C@H]2C[NH+](CC(=O)N3CCCc4ccccc34)CCC2)nn1,,C13565136,,0,0,0,0,0,0,0,1,0,0
O=C(CN1C(=O)c2ccccc2C(Cc2ccccc2)=N1)N1CCC[C@@H]2C[NH+](CCC(C)C)CC[C@@H]12,,C14982460,,0,0,0,0,0,0,0,0,0,0
O=C1N(c2ccccc2)[C@@]2(C(=O)N(C[NH+]3CCC(Cc4ccccc4)CC3)c3ccccc23)S[C@@H]1C,,C16608086,,0,0,0,0,0,0,0,0,0,0
Clc1c(N2CCC3(N(C(=O)c4cc(C(F)(F)F)ccc4)CCO3)CC2)[nH+]cc(C(F)(F)F)c1,,C03111067,,0,0,0,0,0,0,0,0,0,0
Clc1ccc(-n2c(SCC(=O)N(C)[C@@H]3CCCc4ccccc34)nnc2[C@H]([NH+](C)C)C)cc1,,C24090498,,0,0,1,0,0,0,0,0,0,0
S(c1n(C)c(Cc2sccc2)nn1)c1nc(C[NH+]2CCC(C)CC2)nc2sc(C)c(C)c12,,C24774238,,0,0,1,0,0,1,1,0,0,0
Clc1c(C(=O)[C@@H]2[NH+]3C=Cc4ccccc4[C@H]3[C@H]3C(=O)N(c4ccc(F)cc4)C(=O)[C@H]23)ccc(Cl)c1,,C35828581,,0,0,0,0,0,0,0,0,0,0
S(CC(=O)N1CCN(C(=O)CC[NH+]2[C@H](c3ccccc3)c3ccsc3CC2)CC1)c1ccccc1,,C35938554,,0,0,0,0,0,0,0,0,0,0
BrC=1C=CC2=[NH+]C(=O)[C@H](C3=NN(C(=O)C)[C@H](c4ccccc4)C3)C(c3ccccc3)=C2C=1,,C38604782,,0,0,0,0,0,0,0,0,0,0
O=C1N(N(C)[C@H](C)[C@@H]1N1C(/C=C/C=2[C@@H](C)[NH+]=C3C=CC=CC=23)=Nc2ccccc2C1=O)c1ccccc1,,C38696655,,0,0,0,0,0,0,0,0,0,0
Clc1c(C)cc2OC=3C(=O)N(CC[NH+](C)C)[C@@H](c4cc(OCc5ccccc5)ccc4)C=3C(=O)c2c1,,C38714472,,0,0,0,0,0,0,1,0,0,0
Brc1ccc([C@H]2N(CC[NH+](CC)CC)C(=O)C=3Oc4ccc(CC)cc4C(=O)C2=3)cc1,,C38728511,,0,0,0,0,0,0,0,0,0,0
ClC=1C=CC2=[NH+]C(=O)[C@H](C3=NN(C(=O)C)[C@H](c4ccc(N(C)C)cc4)C3)C(c3ccccc3)=C2C=1,,C38787589,,0,0,0,0,0,0,0,0,0,0
Clc1ccc(S(=O)(=O)N(C[C@H]2C(=O)[NH+]=C3C=CC(OC)=CC3=C2)c2c(OC)cccc2)cc1,,C38989642,,0,0,0,0,0,0,0,1,0,0
Brc1c(S(=O)(=O)N(C[C@H]2C(=O)[NH+]=C3C=CC(CC)=CC3=C2)Cc2ccccc2)cccc1,,C39325191,,0,0,0,0,0,0,0,0,0,0
BrC=1C=CC2=[NH+]C(=O)[C@@H](C3=NN(C(=O)C)[C@H](c4ccc(F)cc4)C3)C(c3ccccc3)=C2C=1,,C39706805,,0,0,0,0,0,0,0,0,0,0
ClC=1C=CC2=[NH+]C(=O)[C@@H](C3=NN(C(=O)CC)[C@@H](c4ccc(N(C)C)cc4)C3)C(c3ccccc3)=C2C=1,,C39964328,,0,0,0,0,0,0,0,0,0,0
Clc1c(C[NH+]2CC[C@H]3N(Cc4cc(C(F)(F)F)ccc4)C(=O)CC[C@H]3C2)cc2OCOc2c1,,C43609856,,0,0,0,0,0,0,0,1,0,0
Clc1cc(Cl)cc(N2C(=O)N(C)[C@]3([C@H](c4ccc(C#N)cc4)CN(c4[nH+]cccc4)C3)C2=O)c1,,C49125339,,0,0,0,0,0,0,0,0,0,0
ClC(F)(F)Oc1ccc(N2C(=O)[C@@H](N3CC[NH+](C45CC6CC(C4)CC(C5)C6)CC3)CC2=O)cc1,,C22916501,,0,0,0,0,0,0,0,0,0,0
ClC=1C=CC2=[NH+]C(=O)[C@@H](SC3=NC(=O)CC(c4ccc(OC)cc4)=N3)C(c3ccccc3)=C2C=1,,C63083833,,0,0,0,0,0,0,0,0,0,0
O(C)c1c(CN2C(=O)[C@H]3N([C@@H](c4ccc(C(C)C)cc4)[C@@H]4[NH+]=C5C=CC=CC5=C4C3)C(=O)C2)cccc1,,C63139573,,0,0,0,0,0,0,0,0,0,0
O(C)c1ccc(CCN2C(=O)[C@H]3N([C@@H](c4ccc(C(C)C)cc4)[C@H]4[NH+]=C5C=CC=CC5=C4C3)C(=O)C2)cc1,,C63140104,,0,0,0,0,0,0,0,0,0,0
Clc1ccc(CCN2C(=O)[C@H]3N([C@H](c4cc(C)ccc4)[C@@H]4[NH+]=C5C=CC=CC5=C4C3)C(=O)C2)cc1,,C63140838,,0,0,0,0,0,0,0,0,0,0
Brc1ccc([C@H]2N3C(=O)CN(Cc4sccc4)C(=O)[C@@H]3CC=3[C@@H]2[NH+]=C2C=CC=CC=32)cc1,,C63141654,,0,0,0,0,0,0,0,0,0,0
S([C@H](C)C(=O)N1[C@H](C)Cc2ccccc12)c1n(c(C=2C[NH+]=C3C=CC=CC=23)nn1)-c1ccc(OCC)cc1,,C63221850,,0,0,0,0,0,1,0,0,0,0
Clc1c([C@H]2CN3C(=O)CN(CCc4ccccc4)C(=O)[C@]3(C)[C@H]3[NH+]=C4C=CC=CC4=C23)cccc1,,C63362829,,0,0,0,0,0,0,0,0,0,0
Clc1c([C@H]2CN3C(=O)CN(CCc4ccc(Cl)cc4)C(=O)[C@]3(C)[C@H]3[NH+]=C4C=CC=CC4=C23)cccc1,,C63362937,,0,0,0,0,0,0,0,0,0,0
O(C)c1c(OCCC)ccc([C@@H]2CN3C(=O)CN([C@@H](C)CC)C(=O)[C@]3(C)[C@@H]3[NH+]=C4C=CC=CC4=C23)c1,,C63372695,,0,0,0,0,0,0,0,0,0,0
Clc1ccc([C@@H]2CN3C(=O)CN(Cc4ccc(F)cc4)C(=O)[C@]3(C)[C@@H]3[NH+]=C4C=CC=CC4=C23)cc1,,C63372819,,0,0,0,0,0,0,0,0,0,0
O(C)c1c(OC(C)C)ccc([C@H]2CN3C(=O)CN(CCCC)C(=O)[C@]3(C)[C@H]3[NH+]=C4C=CC=CC4=C23)c1,,C63372990,,0,0,0,0,0,0,0,0,0,0
Fc1ccc(CCN2C(=O)[C@@]3(C)N(C(=O)C2)C[C@@H](c2ccc(CC)cc2)C=2[C@@H]3[NH+]=C3C=CC=CC=23)cc1,,C63373883,,0,0,0,0,0,0,0,0,0,0
Clc1cc(CN2C(=O)[C@@]3(C)N(C(=O)C2)C[C@@H](c2ccc(CC)cc2)C=2[C@@H]3[NH+]=C3C=CC=CC=23)ccc1,,C63373991,,0,0,0,0,0,0,0,0,0,0
Clc1ccc(CCN2C(=O)[C@@]3(C)N(C(=O)C2)C[C@@H](c2ccc(C)cc2)C=2[C@@H]3[NH+]=C3C=CC=CC=23)cc1,,C63374868,,0,0,0,0,0,0,0,0,0,0
O(C)c1c(OC(C)C)ccc([C@@H]2CN3C(=O)CN(CC(C)C)C(=O)[C@]3(C)[C@H]3[NH+]=C4C=CC=CC4=C23)c1,,C63374945,,0,0,0,0,0,0,0,0,0,0
O(C)c1c(OC(C)C)ccc([C@H]2CN3C(=O)CN(C4CCCC4)C(=O)[C@]3(C)[C@H]3[NH+]=C4C=CC=CC4=C23)c1,,C63375005,,0,0,0,0,0,0,0,0,0,0
O(CC)c1c(OCCC)ccc([C@@H]2CN3C(=O)CN(C4CCCC4)C(=O)[C@]3(C)[C@@H]3[NH+]=C4C=CC=CC4=C23)c1,,C63375028,,0,0,0,0,0,0,0,0,0,0
Clc1ccc([C@@H]2CN3C(=O)CN(CCc4ccc(F)cc4)C(=O)[C@]3(C)[C@H]3[NH+]=C4C=CC=CC4=C23)cc1,,C63375092,,0,0,0,0,0,0,0,0,0,0
O(C)c1c(OC(C)C)ccc([C@@H]2CN3C(=O)CN(CCC(C)C)C(=O)[C@]3(C)[C@@H]3[NH+]=C4C=CC=CC4=C23)c1,,C63375134,,0,0,0,0,0,0,0,0,0,0
S=C1N(c2ccc(C(OCC)=O)cc2)C(=O)[C@@H]2N1[C@@H](c1ccc(F)cc1)[C@H]1[NH+]=C3C=CC=CC3=C1C2,,C63446241,,0,0,0,0,0,0,0,0,0,0
ClC=1C=CC2=[NH+][C@H]3[C@@H](N(S(=O)(=O)c4cccc5nsnc45)CCC3=C2C=1)c1ccc(C)cc1,,C63625076,,0,0,0,1,0,0,0,0,0,0
O(C)CCN1C(=O)[C@@H]2[C@@H](CC(C)C)[NH2+][C@@]3(C(=O)Nc4c(C)c(C)ccc34)[C@@H]2C1=O,,C05352326,,0,0,0,0,0,0,0,0,0,0
Brc1c(C[NH+](C)CC(=O)Nc2oc(C)c3C(C)=NNC(=O)c23)cccc1,,C11290506,,0,1,1,0,1,0,1,1,0,0
Fc1c(C[NH+]2[C@@H](CC(=O)NCc3nc4n(c3)C=CC=C4)C(=O)NCC2)cccc1,,C11935572,,0,0,1,0,0,0,1,1,0,0
FC(F)(F)c1cc(C[NH+]2[C@H](CC(=O)NCc3nocc3)C(=O)NCC2)ccc1,,C12710384,,0,0,0,0,0,1,0,1,0,0
O=C(NCC1([NH+]2CCCCC2)CCCCC1)CNC1=NS(=O)(=O)c2ccccc12,,C12750123,,0,0,0,0,0,0,0,0,0,0
O=C(Nc1n(C2CC[NH+](C3CCSCC3)CC2)ncc1)Nc1c(OC)cccc1,,C12762679,,0,0,1,0,0,0,0,1,0,0
O=C(NC1CC[NH+](CN2C(=O)C3(NC2=O)CCCCCC3)CC1)c1ccccc1,,C13000086,,0,0,0,0,0,0,0,0,0,0
O=C(NN1C(=O)[C@@](C)(CCc2ccccc2)NC1=O)C[NH+]1CCc2ccccc2C1,,C21577966,,0,0,0,0,0,0,0,0,0,0
S(C)c1c(NC(=O)C[NH+]2[C@@H](c3c(C)n(-c4ccccc4)nc3C)C(=O)NCC2)cccc1,,C24214618,,0,0,0,0,0,0,0,1,0,0
O=C(NC1CC(C)(C)[NH2+]C(C)(C)C1)Cc1c(C)n(-c2nc(C)cc(C)n2)nc1C,,C24680953,,0,0,0,0,0,0,0,1,0,0
O=C(NC1CCCCCC1)C[NH+]1[C@H](c2c(C)n(-c3ccccc3)nc2C)C(=O)NCC1,,C32759605,,0,0,0,0,0,0,0,0,0,0
O(C)C(=O)c1c(NC(=O)[C@@H]2Oc3ccccc3OC2)sc2C(C)(C)[NH2+]C(C)(C)Cc12,,C33416027,,0,0,0,0,0,0,0,1,0,0
S(=O)(=O)(N[C@H]1C[C@H]2[NH+](C)CCc3cccc1c23)c1ccc(NC(OC)=O)cc1,,C33811790,,0,0,0,0,0,0,0,0,0,0
Clc1c([C@@H]2C(C(OCC)=O)=C(CN3C[C@@H](C)[NH2+]CC3)N(C)C(=O)N2)cccc1,,C35990894,,0,0,0,0,0,0,0,0,0,0
Fc1c(C[NH+]2CCC(CNC(=O)CN3C(=O)c4[nH]c5ccccc5c4C=N3)CC2)cccc1,,C09211347,,0,0,0,0,0,1,0,0,0,0
Clc1cc([C@H]2N(C)C(SCC(=O)N/N=C/C=3C[NH+]=C4C=CC=CC=34)=NN2)ccc1,,C38654417,,0,0,0,0,0,0,0,0,0,0
O=C(NC[C@H]1N=NC=2CCCCCC1=2)C[C@@H]1[NH+](Cc2ccccc2)CCNC1=O,,C39412661,,0,0,0,0,0,0,0,0,0,0
O=C(NC[C@@H](C)CC)[C@@H]1C2(CN(C(=O)c3n(C(C)(C)C)nc(C)c3)C1)CC[NH2+]CC2,,C39606484,,0,0,1,0,0,0,0,0,0,0
S([C@@H](C)C(=O)c1c(C)c(C(=O)C)c(C)[nH]1)[C@@H]1OC(C=2C[NH+]=C3C=CC=CC=23)=NN1,,C39990898,,0,0,0,0,0,0,0,1,0,0
O=C(NC[C@H]([NH+]1CCC(C)CC1)c1sccc1)CN1C(=O)NC(=O)c2ccccc12,,C40017826,,0,0,1,0,1,0,0,1,0,0
O=C(Nc1ccc(C)cc1)C[C@@H]1C(=O)N/C(=N/N=C/C=2C[NH+]=C3C=CC=CC=23)/S1,,C39354234,,0,0,0,0,0,0,0,0,0,0
Clc1c(C(OC)=O)cc(NC(=O)C(=O)NC[C@H](C)[NH+]2C[C@H](C)CCC2)cc1,,C41652118,,0,0,0,0,0,0,0,0,0,0
Clc1c(OC)cc(NC(=O)C(=O)NCC[NH+]2C[C@H](C)C[C@@H](C)C2)c(OC)c1,,C41726888,,0,0,0,0,0,0,0,0,0,0
FC1(F)Oc2cc(NC(=O)C(=O)NCCCC[NH+]3[C@@H](C)CCCC3)ccc2O1,,C41787454,,0,0,0,0,0,0,0,0,0,0
Clc1ccc2NC(=O)[C@@]3([NH2+][C@@H](CC(C)C)[C@@H]4C(=O)N(CCCOC)C(=O)[C@H]34)c2c1,,C20548675,,0,0,0,0,0,0,0,0,0,0
Clc1c(N2CC[NH+](CC(=O)N3CCc4cc(S(=O)(=O)N)ccc34)CC2)cccc1,,C46551467,,0,0,0,0,0,0,0,0,0,0
Fc1ccc2c(C=3CC[NH+](CC(=O)Nc4c([N+](=O)[O-])cccc4)CC=3)c[nH]c2c1,,C47274112,,0,0,0,0,0,0,0,1,0,0
O=C(NC[C@@H]([NH+]1CCCC1)c1occc1)Nc1c(C)c(N2C(=O)CCC2)ccc1,,C47845076,,0,0,0,0,0,0,0,0,0,0
O=C(NC(=O)[C@@H](C)[NH+]1CCC(C(=O)N(C)CCCC)CC1)NC1CCCCC1,,C53240279,,0,0,0,0,0,0,0,0,0,0
O=C(NC1CC[NH+]([C@H](C)C(=O)N2C[C@@H](C)O[C@H](C)C2)CC1)NC1CCCCC1,,C55027993,,0,0,0,0,0,0,0,0,0,0
O=C(NCc1ccc2OCOc2c1)C[NH+]1CCC(NC(=O)c2sccc2)CC1,,C60040314,,0,0,0,0,0,0,0,0,0,0
O=C(Nc1ccc2OCCOc2c1)[C@@H](C)[NH+]1CCC(NC(=O)c2sc(C)cc2)CC1,,C60269694,,0,0,0,0,0,0,0,0,0,0
FC(F)[C@@H]1[NH+]=C2N([C@H](C(F)F)C1)NC(C(=O)Nc1c(C(OC)=O)cccc1)=C2,,C13124537,,0,0,0,0,0,0,0,1,0,0
O=C(Nc1ccc(C)cc1)C[C@H]1C(=O)N/C(=N\N=C\C=2C[NH+]=C3C=CC=CC=23)/S1,,C39354236,,0,0,0,0,0,0,0,0,0,0
O=C(/N=C\1/Sc2ccccc2N/1)[C@H](NC(=O)[C@@H]1[NH+]=C2C=CC=C(OC)C2=C1)C,,C63328791,,0,0,0,0,0,0,0,0,0,0
O[C@@H]1N(CC(C)C)C(=O)N(CC(C)C)C(=O)[C@H]1[C@H]1NCCC=2[C@@H]1[NH+]=C1C=CC=CC=21,,C63375801,,0,0,0,0,0,0,0,0,0,0
O[C@H]1N(CCCC(C)C)C(=O)NC(=O)[C@@H]1[C@H]1N(C)CCC=2[C@@H]1[NH+]=C1C=CC=CC=21,,C63384679,,0,0,0,0,0,0,0,0,0,0
S(=O)(=O)([C@H]1C(=O)[NH+]=C2C=C(C(=O)Nc3cc(C)ccc3)C=CC2=C1O)c1ccccc1,,C09429686,,0,0,0,0,0,0,0,1,0,0
O=C(Nc1c(C)cc(C)cc1C)CN1C(=O)[C@@H](CC=2C[NH+]=C3C=CC=CC=23)NC1=O,,C63786801,,0,0,0,0,0,0,0,0,0,0
O=C(NCCC=1C[NH+]=C2C=CC=CC=12)CN1C(=O)[C@@]2(NC1=O)CCc1ccccc21,,C63855260,,0,0,0,0,0,0,0,0,0,0
O=C(NNC(=O)[C@H]1N(C(=O)C2CCCCC2)CCC1)CC=1C[NH+]=C2C=CC=CC=12,,C64364138,,0,0,0,0,0,0,0,0,0,0
O(/N=C(/N)\c1cc(N2CCCCC2)[nH+]cc1)CC(=O)N(C(C)C)c1ccccc1,,C64430510,,0,0,0,0,0,0,0,0,0,0
O=C(NCCC=1C[NH+]=C2C=CC=CC=12)CN1C(=O)CCN2N[C@H](c3ccc(C)cc3)C[C@H]12,,C64538254,,0,0,0,0,0,0,0,0,0,0
ClC=1C=CC2=[NH+][C@H](CNC(=O)C[C@H]3N(Cc4cocc4)CCNC3=O)C=C2C=1,,C64636240,,0,0,0,0,0,0,0,1,0,0
Fc1c(CNC(=O)C[NH2+]C23CC4(n5nc(C)nn5)C[C@H](C2)C[C@H](C3)C4)cccc1,,C65396701,,0,0,1,0,0,0,0,1,0,0
O=C(NC[C@H]([NH+](C)C)c1ccc(C)cc1)Nc1c(OC)ccc(C(=O)N(C)C)c1,,C65414517,,0,0,0,0,0,0,0,0,0,0
O=C(N[C@H]1C[C@@H](C)CCC1)CN1CCN(C(=O)NCC[NH+]2CCCCC2)CC1,,C66687123,,0,0,0,0,0,0,0,0,0,0
O=C(Nc1c(OCC)cccc1)[C@@H](C)[NH+]1CCC(NC(=O)c2c(C)occ2)CC1,,C66890951,,0,0,0,0,0,0,0,0,0,0
O=C(NC[C@H]1[NH+](Cc2ccccc2)CCCC1)CN1C(=O)[C@@](C)(C2CC2)NC1=O,,C67360957,,0,0,0,0,0,0,0,0,0,0
O=C(N[C@H]1C[NH+](C2CCCCCC2)CC1)C(=O)Nc1nn(-c2ccccc2)cc1,,C67565925,,0,0,0,0,0,0,0,0,0,0
O(C)c1c(N2CC[NH+]([C@@H](c3n(C(C)(C)CC)nnn3)C=3C(=O)Nc4cc(C)c(C)cc4C=3)CC2)cccc1,,C06077514,,0,0,0,0,0,0,0,0,0,0
Fc1ccc(C=2CC[NH+]([C@@H](c3n(C(C)(C)CC)nnn3)C=3C(=O)Nc4cc5OCOc5cc4C=3)CC=2)cc1,,C06149231,,0,0,0,0,0,0,0,0,0,0
Clc1cc(N2CC[NH+]([C@H](c3n(C4CCCC4)nnn3)C=3C(=O)Nc4ccc(CC)cc4C=3)CC2)ccc1,,C06135189,,0,0,0,0,0,0,0,0,0,0
Clc1c(NCCN2C(=O)[C@H]3[C@H](N(c4ccccc4)O[C@@H]3C2=O)c2ccccc2)[nH+]cc(C(F)(F)F)c1,,C08762145,,0,0,0,0,0,0,0,0,0,0
S=C1N(Cc2ccc(F)cc2)C(=O)/C(=C/C=2C(=O)N3C=C(C)C=CC3=NC=2N2CC[NH+](CC)CC2)/S1,,C08858071,,0,0,0,0,0,0,0,0,0,0
S=C1N(c2ccccc2)C(=O)C([C@@H]2[NH+](C)CCc3cc4OCOc4c(OC)c23)=C(O)N1c1ccccc1,,C02100562,,0,0,0,0,0,0,0,0,0,0
Clc1c(NC(=O)[C@H]2[NH+]3C=Cc4ccccc4[C@@H]3[C@H]3C(=O)N(C4CCCCC4)C(=O)[C@@H]23)cc([N+](=O)[O-])cc1,,C09185575,,0,0,0,0,0,0,0,0,0,0
Clc1c([N+](=O)[O-])cc(NC(=O)[C@@H]2[NH+]3C=Cc4ccccc4[C@H]3[C@H]3C(=O)N(C4CCCCC4)C(=O)[C@H]23)cc1,,C09350021,,0,0,0,0,0,0,0,0,0,0
S(=O)(=O)(N1C[C@H](C)C[C@H](C)C1)c1ccc(C(=O)Nc2c(C(OCC)=O)c3CC[NH+](C)Cc3s2)cc1,,C09369204,,0,0,0,0,0,0,0,0,0,0
Brc1ccc(C(=O)[C@@H](C(=O)N2CC[NH+](C/C=C/c3ccccc3)CC2)N2C(=O)C=CC=C2)cc1,,C09850824,,0,0,0,0,0,0,0,0,0,0
Fc1c(N2CC[NH+]([C@H](c3n(C4CCCCC4)nnn3)C=3C(=O)Nc4cc(C)c(C)cc4C=3)CC2)cccc1,,C06194813,,0,0,0,0,0,0,0,0,0,0
Clc1cc(N2CC[NH+]([C@H](c3n(C(C)(C)C)nnn3)C=3C(=O)Nc4c(C)cc(C)cc4C=3)CC2)c(C)cc1,,C06280597,,0,0,0,0,0,0,0,0,0,0
Fc1ccc(C=2CC[NH+]([C@H](c3n(C4CCCC4)nnn3)C=3C(=O)Nc4cc(OC)c(OC)cc4C=3)CC=2)cc1,,C06239463,,0,0,0,0,0,0,0,0,0,0
Clc1c(C[NH+]2CCN(c3cccc4C(=O)N(C[C@H]5Oc6ccccc6OC5)C(=O)c34)CC2)c(F)ccc1,,C20362917,,0,0,0,0,0,0,1,1,0,0
FC(F)(F)c1ccc(/C(=N/OC)/C2CC[NH+](C3(C)CCN(C(=O)c4c(C)[n+]([O-])ccc4C)CC3)CC2)cc1,,C27523068,,0,0,0,0,0,0,0,0,0,0
S=C1N([C@H](C)c2ccccc2)C(=O)/C(=C/C2=C(N(CC)C(=O)C(C#N)=C2C)N2CC[NH+](CC)CC2)/S1,,C33479168,,0,0,0,0,0,0,0,0,0,0
Clc1c([N+](=O)[O-])cc(S(=O)(=O)N2CC[NH+]([C@H](C)C=3N(CCC)C(=O)c4ccccc4N=3)CC2)cc1,,C33741387,,0,1,0,0,0,0,0,1,0,0
S(CC(=O)N1CCCCC1)c1nc(N2CC[NH+](CC(=O)N3CC3)CC2)c2c(sc3CCCCc23)n1,,C34756651,,0,0,1,0,0,0,0,0,0,0
Clc1ccc(S(=O)(=O)N2CCc3nc(N4CC[NH+](C5CCCCC5)CC4)nc(N(C)C)c3C2)cc1,,C34756694,,0,0,0,0,0,0,0,1,0,0
O=C(COc1ccccc1)N1CCN(C(=O)CC[NH+]2[C@@H](c3c(C)cccc3)c3ccsc3CC2)CCC1,,C34830245,,0,0,0,0,0,0,0,0,0,0
S(=O)(=O)(N1CCN(C(=O)CC[NH+]2[C@H](c3c(C)cccc3)c3ccsc3CC2)CCC1)c1ccccc1,,C34830611,,0,0,0,0,0,0,0,0,0,0
Brc1c(O)c(OC)cc([C@H]2N(CC[NH+](CC)CC)C(=O)C=3Oc4ccc(C)cc4C(=O)C2=3)c1,,C35486172,,0,0,0,0,0,0,0,0,0,0
Brc1c(O)c(OC)cc([C@@H]2N(CCC[NH+](C)C)C(=O)C=3Oc4cc(C)c(C)cc4C(=O)C2=3)c1,,C35487000,,0,0,0,0,0,0,0,0,0,0
Brc1ccc2c(CC(=O)Nc3c(C(OCC)=O)c4CC[NH+](C)Cc4s3)c(OC)ccc2c1,,C35550787,,0,0,0,0,0,0,1,0,0,0
S=C1N(C2CCCCC2)C(=O)/C(=C\C2=C(N(CCCC)C(=O)C(C#N)=C2C)N2CC[NH+](CC)CC2)/S1,,C33812670,,0,0,0,0,0,0,0,0,0,0
S=C1N(C[C@H]2OCCC2)C(=O)/C(=C\C2=C(N(CCCC)C(=O)C(C#N)=C2C)N2CC[NH+](C)CC2)/S1,,C33812718,,0,0,0,0,0,0,0,0,0,0
Brc1ccc2nc(N3CC[NH+](CCNC(=O)/C=C\c4ccc([N+](=O)[O-])cc4)CC3)sc2c1,,C38774067,,0,0,0,0,0,0,0,0,0,0
Clc1ccc(S(=O)(=O)N2[C@H](C(=O)Nc3c(C(OC)=O)c4CC[NH+](C(C)C)Cc4s3)CCC2)cc1,,C36660444,,0,0,0,0,0,0,0,1,0,0
S(=O)(=O)(Oc1ccccc1)C=1C(SC)=C[C@@H]2C[C@@H]3[NH+](N[P@@](=O)(Cc4ccccc4)OC3)C[C@@H]2C=1,,C39466691,,0,0,0,0,0,0,0,0,0,0
S(=O)(=O)(C)C1=NN(c2ccc(OC)cc2)[C@@H]2C(=O)N(c3ccc(C4(C[NH+]5CCCC5)CC4)cc3)CC[C@H]12,,C40390812,,0,0,0,0,0,0,0,0,0,0
FC(F)(F)c1c([C@@H]2NC(=O)N(C)C=3CN([C@@H](CC(C)C)C(=O)N(C)C4CC[NH+](C)CC4)C(=O)C2=3)cccc1,,C40426481,,0,0,0,0,0,0,0,0,0,0
FC(F)(F)c1c([C@H]2NC(=O)N(C)C=3CN([C@@H](CC(C)C)C(=O)N(C)C4CC[NH+](C)CC4)C(=O)C2=3)cccc1,,C40426483,,0,0,0,0,0,0,0,0,0,0
S(=O)(=O)(C[C@@]12[C@H](NC(=O)[C@@H]3C[NH+]4CCC3CC4)C[C@@H](C1(C)C)CC2)N1CCC2(CC1)CCc1ccccc21,,C40645958,,0,0,0,0,0,0,0,0,0,0
ClC=1C(C)=C[C@@H]2C(C[NH+]3CCC(C)CC3)=C3CN4C(=O)[C@@H]5COC(=O)[C@](O)(CC)C[C@H]5C=C4C3=N[C@@H]2C=1,,C40689076,,0,0,0,0,0,0,0,0,0,0
Clc1cc(S(=O)(=O)N2CCC3(N(Cc4ccc5OCOc5c4)C(=O)[C@H](CC(C)C)[NH2+]3)CC2)ccc1,,C36029909,,0,0,0,0,0,0,0,0,0,0
Clc1c(C=2SC=3N(C(=[NH2+])/C(=C/c4cc(OCC)c(OCc5ccccc5)cc4)/C(=O)N=3)N=2)cccc1,,C19853973,,0,0,1,0,0,0,1,1,0,0
S(=O)(=O)(C[C@]12[C@@H](N3C(=O)[C@@H]([NH2+]CC)CC3=O)C[C@H](C1(C)C)CC2)N1CCC2(CC1)CCc1ccccc21,,C28227859,,0,0,0,0,0,0,0,0,0,0
O(C)c1c(OC)cccc1[C@@H]1N2C(=O)CN(CCc3ccc(OC)cc3)C(=O)[C@@H]2CC=2[C@H]1[NH+]=C1C=CC=CC=21,,C63137126,,0,0,0,0,0,0,0,0,0,0
O(C)c1c(OC)ccc([C@H]2N3C(=O)CN(CCc4ccc(OC)cc4)C(=O)[C@@H]3CC=3[C@H]2[NH+]=C2C=CC=CC=32)c1,,C63137603,,0,0,0,0,0,0,0,0,0,0
Clc1c(Cl)ccc(CN2C(=O)[C@H]3N([C@H](c4ccc(OC)cc4)[C@@H]4[NH+]=C5C=CC=CC5=C4C3)C(=O)C2)c1,,C63140563,,0,0,0,0,0,0,0,0,0,0
O[C@@H](CN1C(=O)[C@H]2N([C@H](c3cc(OC)c(OCC)cc3)[C@H]3[NH+]=C4C=CC=CC4=C3C2)C(=O)C1)c1ccccc1,,C63142009,,0,0,0,0,0,0,0,0,0,0
O=C(NCCC(c1ccccc1)c1ccccc1)[C@H](C)N1C(=O)[C@@]2(C)N(C1=O)CCC=1[C@@H]2[NH+]=C2C=CC=CC=12,,C63362077,,0,0,0,0,0,0,0,0,0,0
O=C(NCCCc1ccccc1)c1c(N2C(=O)[C@@]3(C)N(C2=O)CCC=2[C@@H]3[NH+]=C3C=CC(OC)=CC=23)cccc1,,C63362880,,0,0,0,0,0,0,0,0,0,0
O(C)c1c(OCCC)ccc([C@@H]2CN3C(=O)CN(C[C@H]4OCCC4)C(=O)[C@]3(C)[C@H]3[NH+]=C4C=CC=CC4=C23)c1,,C63372220,,0,0,0,0,0,0,0,0,0,0
O(C)c1c(OCCC)ccc([C@H]2CN3C(=O)CN(C[C@H]4OCCC4)C(=O)[C@]3(C)[C@@H]3[NH+]=C4C=CC=CC4=C23)c1,,C63372225,,0,0,0,0,0,0,0,0,0,0
O=C(NCC(C)C)c1c(N2C(=O)N3[C@H](c4cc(OC)ccc4)[C@@H]4[NH+]=C5C=CC=CC5=C4C[C@H]3C2=O)cccc1,,C63374787,,0,0,0,0,0,0,0,0,0,0
O=C(N[C@@H](C)CC)c1ccc(N2C(=O)N3[C@@H](c4cc(OC)ccc4)[C@@H]4[NH+]=C5C=CC=CC5=C4C[C@H]3C2=O)cc1,,C63375413,,0,0,0,1,0,0,0,0,0,0
O=C(NCC(C)C)c1c(N2C(=O)N3[C@@H](c4ccc(OC)cc4)[C@H]4[NH+]=C5C=CC=CC5=C4C[C@H]3C2=O)cccc1,,C63375742,,0,0,0,0,0,0,0,0,0,0
O=C(NCCC=1C[NH+]=C2C=CC(OC)=CC=12)COc1cc2OC(C)(C)CCc2c2OC(=O)C=3CCCC=3c12,,C63384844,,0,0,1,0,0,0,0,1,0,0
ClC=1C=CC2=[NH+][C@@H](C(=O)N3CCN(S(=O)(=O)c4ccc5N(CCC)C(=O)Sc5c4)CC3)C=C2C=1,,C65032979,,0,0,1,0,0,0,0,1,0,0
O=C(N(C)C1CC[NH+](C)CC1)CC[C@H]1C[NH+](Cc2cccc3OCOc23)CCC1,,C11873090,,0,0,1,0,0,0,0,0,0,0
O=C(N(C)C1CC(C)(C)[NH2+]C(C)(C)C1)C[C@@H]1[NH+](CC(C)(C)C)CCNC1=O,,C11874585,,0,0,0,0,0,0,0,0,0,0
ClC=1C=CC2=[NH+][C@H](C(OC)=O)C(NC(=O)C[NH+]3[C@@H](CC)CCCC3)=C2C=1,,C38596856,,0,0,0,0,0,0,0,0,0,0
O(C)C(=O)[C@@H]1C(NC(=O)C[NH+]2C[C@H](C)N(c3cc(C)ccc3)CC2)=C2C=C(C)C=CC2=[NH+]1,,C38605053,,0,0,0,0,0,0,0,0,0,0
S(=O)(=O)(/N=C\1/[C@@H](NCc2c(OC)cccc2)[NH+]=C2C=CC=CC2=[NH+]/1)c1sccc1,,C38965203,,0,0,0,0,0,0,0,1,0,0
S(=O)(=O)(/N=C\1/[C@@H](Nc2c(OCC)cccc2)[NH+]=C2C=CC=CC2=[NH+]/1)c1ccc(F)cc1,,C38965623,,0,0,0,0,0,0,0,0,0,0
Clc1c(C)c(N[C@H]2[C@@H]([C@H]3C(=O)[NH+]=C4C=CC(OC)=CC4=C3)[NH+]=C3N2C=CC=C3)ccc1,,C38971013,,0,0,0,0,0,0,0,1,0,0
S(=O)(=O)(/N=C\1/[C@@H](Nc2ccc(C)cc2)[NH+]=C2C=CC=CC2=[NH+]/1)c1ccc(OC)cc1,,C38974984,,0,0,0,0,0,0,0,0,0,0
BrC=1C=NC2=[NH+][C@H](/C(=C/c3cc(OCC)c(O)c([N+](=O)[O-])c3)/C#N)[NH+]=C2C=1,,C39350889,,0,0,0,0,0,0,0,1,0,0
O=[N+]([O-])c1cc(N2[C@H](C)C(/C=C(\C#N)/C3[NH+]=C4C=CC=CC4=[NH+]3)=C[C@H]2C)ccc1,,C39353224,,0,0,0,0,0,0,0,0,0,0
O=[N+]([O-])c1cc(OC)c(N2[C@H](C)C(/C=C(\C#N)/C3[NH+]=C4C=CC=CC4=[NH+]3)=C[C@H]2C)cc1,,C39370793,,0,0,0,0,0,0,0,0,0,0
O[C@H]1N(c2cc(C)c(C)cc2)NC(C)=C1/C=C(\C#N)/C1[NH+]=C2C=CC=CC2=[NH+]1,,C39698201,,0,0,0,0,0,0,0,0,0,0
O[C@@H]1N(c2cc(C)c(C)cc2)NC(C)=C1/C=C(\C#N)/C1[NH+]=C2C=CC=CC2=[NH+]1,,C39698202,,0,0,0,0,0,0,0,0,0,0
BrC=1C=CC2=[NH+][C@@H]3N/C(=[NH+]\N=C\c4c(Cl)cc(Cl)cc4)/N=NC3=C2C=1,,C39699708,,0,0,0,0,0,0,0,0,0,0
O=C(Oc1c(OC)cc(/C=C(\C#N)/[C@@H]2[NH+]=C3C=C(C)C=CC3=[NH+]2)cc1OC)C,,C39715474,,0,0,0,0,0,0,0,1,0,0
S(=O)(=O)(Nc1c(OC(F)(F)F)cccc1)C=1C=CC2=[NH+]C(=O)[NH+]=C2C=1,,C39733031,,0,0,0,0,0,0,1,1,0,0
O=[N+]([O-])c1cc(N2[C@@H](C)C(/C=C(/C#N)\C3[NH+]=C4C=CC=CC4=[NH+]3)=C[C@@H]2C)ccc1,,C39943301,,0,0,0,0,0,0,0,0,0,0
ClC=1C=CC2=C(C3=C(C(=O)NC3=O)C=3C[NH+]=C4C=C(OC)C=CC=34)C[NH+]=C2C=1,,C39956943,,0,0,0,0,0,0,1,0,1,0
S(=O)(=O)(N(Cc1ccc(C(C)C)cc1)C1CC1)C=1C=CC2=[NH+]C(=O)[NH+]=C2C=1,,C39991356,,0,0,0,0,0,0,0,1,0,0
O(C)C=1C=CC2=C[C@@H]([C@@H]3[C@H]([NH2+]Cc4ccccc4)N4C=C(C)C=CC4=N3)C(=O)[NH+]=C2C=1,,C40011176,,0,0,0,0,0,0,0,1,0,0
Brc1ccc(N/N=C(/C=O)\[C@@H]2C(=O)[NH+]=C3C=CC=CC3=[NH+]2)cc1,,C40151150,,0,0,0,0,0,0,0,0,0,0
N(C)(Cc1[nH+]c2n(C(N(C)[C@@H]3C[NH+](C)CC3)=CC=C2)c1)[C@H]1CCCc2cccnc12,,C38225405,,0,0,0,0,0,0,0,1,0,0
S(CC1[NH+]=C2C=CC=CC2=[NH+]1)[C@@H]1N([C@@H](c2occc2)NN1)c1ccc(C)cc1,,C63165452,,0,0,0,0,0,0,0,1,0,0
O(C)C=1C(OC)=CC=2C(=[NH+][C@@H]3C(N4C[C@]5(C)CC(C)(C)C[C@H]4C5)=[NH+]C=NC=23)C=1,,C63350365,,0,0,0,0,0,0,0,0,0,0
O=C(NC1[NH+]=C2C=CC=CC2=[NH+]1)C[C@@H]1[C@H](C)c2cc3c(C)coc3cc2OC1=O,,C63385381,,0,0,0,0,0,0,0,0,0,0
O(c1ccc(N2C(N)=C([C@@H]3[NH+]=C4C=C(C)C=CC4=[NH+]3)C(=O)C2)cc1)c1ccccc1,,C63515053,,0,0,0,0,0,0,0,1,0,0
Clc1c(C(=O)Nc2c(C3[NH+]=C4C=CC=CC4=[NH+]3)cccc2)cc([N+](=O)[O-])cc1,,C63637945,,0,0,0,0,0,0,0,0,0,0
O=C(Oc1ccc2C(=O)[C@H]([C@H](C(C)C)Oc2c1)C1[NH+]=C2C=CC=CC2=[NH+]1)C(C)C,,C63698187,,0,0,0,0,0,0,0,0,0,0
S(CC(=O)N1[C@@H](C)CC(=O)Nc2ccccc12)[C@@H]1[NH+]=C2C=C(C)C=CC2=[NH+]1,,C63746545,,0,0,0,0,0,0,0,1,0,0
S=C1N(C[C@H]2OCCC2)[C@H](C=2C[NH+]=C3C=CC=CC=23)NN1C[NH+]1CCCC1,,C63775675,,0,0,0,0,0,0,0,0,0,0
S=C1N(C[C@H]2OCCC2)[C@H](C=2C[NH+]=C3C=CC=CC=23)NN1CN1CC[NH+](CC)CC1,,C63775691,,0,0,0,0,0,0,0,0,0,0
O(C)C=1C=CC2=C(CCNC=3[NH+]=N[C@H](c4ccc(C)cc4)C(=O)N=3)C[NH+]=C2C=1,,C63952552,,0,0,0,0,0,0,0,0,0,0
FC(F)(F)c1cc(Cn2nnc(C(=O)N(C)CC3[NH+]=C4C=CC=CC4=[NH+]3)c2)ccc1,,C64015556,,0,0,0,0,0,1,0,1,0,0
O=C(NC[C@@H]1[NH+]=C2C=C(OC)C=CC2=[NH+]1)[C@H]1CN(CC2CCCCC2)C(=O)CC1,,C64024367,,0,0,1,0,0,0,0,0,0,0
O(C)C(=O)[C@H]1C2(N(CC=C)C(=O)C1)CC[NH+](CC=1C[NH+]=C3C=CC=CC=13)CC2,,C64044291,,0,0,0,0,0,0,0,0,0,0
O=C(CC=1C[NH+]=C2C=CC=CC=12)N1CCC(N2[C@@H](Cc3c(C)cccc3)Nc3ccc[nH+]c23)CC1,,C64058013,,0,0,0,0,0,0,0,0,0,0
Clc1c(C(F)(F)F)cc([N+](=O)[O-])c(N[C@H](C)C=2C=CC3=[NH+]C(=O)[NH+]=C3C=2)c1,,C64104177,,0,0,0,0,0,0,0,1,0,0
Br[C@@H]1[C@H](CS[C@H]2[NH+]=C3C=C([N+](=O)[O-])C=CC3=[NH+]2)N=C2N1C(C)=CC=C2,,C64277625,,0,0,0,0,0,0,0,1,0,0
S(=O)(=O)(N1CCN(C[C@H]2[NH+]=C3C=C(OC)C=CC3=[NH+]2)CC1)c1sccc1,,C64410871,,0,0,0,0,0,0,0,0,0,0
O=C(NC1[NH+]=C2C=CC=CC2=[NH+]1)C[C@H]1[C@H](C)c2cc3CCC(C)(C)Oc3cc2OC1=O,,C64416833,,0,0,0,0,0,0,0,0,0,0
Brc1cc([C@@H]2CC(=O)N[C@H]3N(C4[NH+]=C5C=CC=CC5=[NH+]4)NC(C)=C23)c(F)cc1,,C64450311,,0,0,0,0,0,0,0,0,0,0
Clc1ccc([C@H]2CC(=O)N[C@H]3N(C4[NH+]=C5C=CC=CC5=[NH+]4)NC(C)=C23)cc1,,C64450336,,0,0,0,0,0,0,0,0,0,0
Fc1cc(F)cc([C@@H]2CC(=O)N[C@@H]3N(C4[NH+]=C5C=CC=CC5=[NH+]4)NC(C)=C23)c1,,C64450337,,0,0,0,0,0,0,0,0,0,0
O=C1N[C@@H]2N(C3[NH+]=C4C=CC=CC4=[NH+]3)NC(C)=C2[C@H](c2c(C)sc3ccccc23)C1,,C64450379,,0,0,0,0,0,0,0,0,0,0
Fc1c(F)ccc([C@H]2CC(=O)N[C@H]3N(C4[NH+]=C5C=CC=CC5=[NH+]4)NC(C)=C23)c1,,C64450416,,0,0,0,0,0,0,0,0,0,0
Clc1c(CC(=O)N[C@@H](C(C)C)C(=O)NC2[NH+]=C3C=CC=CC3=[NH+]2)cccc1,,C65305783,,0,0,0,0,0,0,0,0,0,0
C([C@H]([NH+]1CCCC1)c1occc1)N1[C@@H]([C@H](c2ccccc2)NC1)c1[nH+]cc[nH]1,,C65371746,,0,0,0,0,0,0,0,0,0,0
FC=1C=CC2=[NH+][C@H](C=3NN4CCCN(C(=O)[C@H]5C6(C5)CCC6)C[C@@H]4C=3)[NH+]=C2C=1,,C65406534,,0,0,0,0,0,0,0,0,0,0
Clc1c(C)ccc(NC(=O)CS[C@H]2[NH+]=C3C=C([N+](=O)[O-])C=CC3=[NH+]2)c1,,C65548074,,0,0,0,0,0,0,0,1,0,0
O=C(NC1CC[NH+](C2CC2)CC1)C[NH+]1CCC(C(=O)NC2CCCCC2)CC1,,C65964043,,0,0,0,0,0,0,0,0,0,0
Clc1c(C[NH+]2C[C@H](O)[C@@H](N3CCN(c4[nH+]cccc4)CC3)C2)cc2OCOc2c1,,C20201690,,0,0,0,0,0,0,0,0,0,0
O=[N+]([O-])c1cc(/C=[NH+]/[C@@H]2[C@@H](/[NH+]=C/c3cc([N+](=O)[O-])ccc3)CCCC2)ccc1,,C02182650,,0,0,0,0,0,0,0,0,0,0
BrC=1C=CC2=[NH+][C@H](C(OC)=O)C(NC(=O)C[NH+]3CCSCC3)=C2C=1,,C38599558,,0,0,0,0,0,0,0,0,0,0
O(C)C(=O)[C@@H]1C(NC(=O)[C@@H](C)N2CC[NH+](C3CCCCC3)CC2)=C2C=CC=CC2=[NH+]1,,C38603886,,0,0,0,0,0,0,0,0,0,0
BrC=1C=CC2=[NH+][C@@H](C(OC)=O)C(NC(=O)[C@H](C)[NH+]3CCSCC3)=C2C=1,,C38605014,,0,0,0,0,0,0,0,0,0,0
ClC=1C=CC2=[NH+][C@H](C(OC)=O)C(NC(=O)[C@@H](C)[NH+]3CCSCC3)=C2C=1,,C38610189,,0,0,0,0,0,0,0,0,0,0
ClC=1C=CC2=[NH+][C@H](C(OC)=O)C(NC(=O)[C@H](C)[NH+]3C[C@@H](C)CCC3)=C2C=1,,C38611530,,0,0,0,0,0,0,0,0,0,0
O(C)c1ccc(N[C@@H]2[C@@H]([C@H]3C(=O)[NH+]=C4C=CC(OC)=CC4=C3)[NH+]=C3N2C=CC=C3)cc1,,C38965902,,0,0,0,0,0,0,0,1,0,0
S(=O)(=O)(/N=C\1/[C@H](NCc2sccc2)[NH+]=C2C=CC=CC2=[NH+]/1)c1c(C)cc(C)cc1,,C38970959,,0,0,0,0,0,0,0,0,0,0
O(C)C=1C=CC2=[NH+]C(=O)[C@H]([C@H]3[C@@H](Nc4cc(C)c(C)cc4)N4C=CC=CC4=[NH+]3)C=C2C=1,,C38975667,,0,0,0,0,0,0,0,0,0,0
S(=O)(=O)(/N=C\1/[C@H](NC[C@H]2OCCC2)[NH+]=C2C=CC=CC2=[NH+]/1)c1ccccc1,,C38979905,,0,0,0,0,0,0,0,1,0,0
S(=O)(=O)(/N=C\1/[C@H](NC2CCCCC2)[NH+]=C2C=CC=CC2=[NH+]/1)c1sccc1,,C38980539,,0,0,0,0,0,0,0,1,0,0
S(=O)(=O)(/N=C\1/[C@@H](NC2CCCCC2)[NH+]=C2C=CC=CC2=[NH+]/1)c1sccc1,,C38980541,,0,0,0,0,0,0,0,1,0,0
Clc1c(CN[C@H]2/C(=N/S(=O)(=O)c3sccc3)/[NH+]=C3C=CC=CC3=[NH+]2)cccc1,,C38981270,,0,0,0,0,0,0,0,1,0,0
Clc1cc(S(=O)(=O)/N=C\2/[C@H](NCCCC)[NH+]=C3C=CC=CC3=[NH+]/2)ccc1,,C38984539,,0,0,0,0,0,0,0,1,0,0
BrC=1C=NC2=[NH+][C@H](/C(=C/c3cc(OC)c(OCC=C)cc3)/C#N)[NH+]=C2C=1,,C39351924,,0,0,0,0,0,0,0,0,0,0
Brc1c(/C=C(\C#N)/[C@H]2[NH+]=C3C=C(OC)C=CC3=[NH+]2)cc2OCOc2c1,,C39369620,,0,0,0,0,0,0,0,1,0,0
Brc1c(OCC#N)c(OC)cc(/C=C(/C#N)\C2[NH+]=C3C=CC=CC3=[NH+]2)c1,,C39702794,,0,0,0,0,0,0,0,1,0,0
O=C1[C@H]([C@@H]([NH+]2CCc3ccccc3C2)[C@H]2N(C(C)(C)C)NN=N2)C=C2C=C(CC)C=CC2=[NH+]1,,C39710378,,0,0,0,0,0,0,0,0,0,0
O=C1[C@@H]([C@@H]([NH+]2CCc3ccccc3C2)[C@H]2N(C(C)(C)C)NN=N2)C=C2C=C(CC)C=CC2=[NH+]1,,C39710379,,0,0,0,0,0,0,0,0,0,0
Cl[C@H]1[C@H](C(=O)Nc2n(C3[NH+]=C4C=CC=CC4=[NH+]3)nc(C)c2)Sc2ccccc12,,C39927390,,0,0,0,0,0,1,0,1,0,0
Cl[C@H]1[C@H](C(=O)Nc2n(C3[NH+]=C4C=CC=CC4=[NH+]3)nc(C)c2)Sc2cc(Cl)ccc12,,C39927419,,0,0,0,0,0,1,0,1,0,0
Cl[C@@H]1[C@@H](C(=O)Nc2n(C3[NH+]=C4C=CC=CC4=[NH+]3)nc(C)c2)Sc2cc(Cl)ccc12,,C39927420,,0,0,0,0,0,1,0,0,0,0
Brc1c(/C=N/NC2=[NH+][C@H]3[NH+]=C4C=CC(C)=CC4=C3N=N2)cc2OCOc2c1,,C39935146,,0,0,0,0,0,0,0,0,0,0
O=C1[C@H]([C@H]2[C@H]([NH2+]C[C@H]3OCCC3)N3C=C(C)C=CC3=N2)C=C2C=CC=C(C)C2=[NH+]1,,C40011152,,0,0,0,0,0,0,0,0,0,0
S=C1N(C[NH+]2CCC(C[NH+]3CCCCCC3)CC2)N2C(C)=CC(C)=NC2=N1,,C54488002,,0,1,1,0,0,0,0,1,0,0
S(=O)(=O)(N1[C@@H](c2sccc2)c2ccsc2CC1)C=1C=CC2=[NH+]C(=O)[NH+]=C2C=1,,C12761706,,0,0,0,0,0,0,0,1,1,0
S(CCC1[NH+]=C2C=CC=CC2=[NH+]1)[C@H]1C(=O)N(c2ccc(OC)cc2)C(=O)C1,,C63099029,,0,0,0,0,0,0,0,0,0,0
O=C(Nc1cc(C2[NH+]=C3C=CC=CC3=[NH+]2)ccc1)C=1C(=O)Oc2ccccc2C=1,,C63172776,,0,0,0,0,0,0,1,1,0,0
BrC=1C=CC2=[NH+][C@@H]3N=C(N/N=C/c4ccc(N(C)C)cc4)[NH+]=NC3=C2C=1,,C39699710,,0,0,0,0,0,0,0,1,0,0
Clc1ccc(N2C(=S)N(C[NH+](C)C[C@H]3OC(C)=CC3)N=C2C=2C[NH+]=C3C=CC=CC=23)cc1,,C63234392,,0,0,1,0,0,0,1,0,0,0
S(CC(=O)N1CCC([C@H]2NN=C3N2C=CC=C3)CC1)CC1[NH+]=C2C=CC=CC2=[NH+]1,,C63294810,,0,0,0,0,0,0,0,0,0,0
O=C(N=C1[NH+]=C2C=CC=CC2=[NH+]1)CC=1C(=O)Oc2c(C)c3occ(C)c3cc2C=1C,,C06624387,,0,0,0,0,0,0,0,1,0,0
O=C(N=C1[NH+]=C2C=CC=CC2=[NH+]1)CCC=1C(=O)Oc2cc3occ(C)c3cc2C=1C,,C06624212,,0,0,1,0,0,0,1,1,0,0
Clc1c(OCC(=O)N=C2[NH+]=C3C=CC=CC3=[NH+]2)cc2OC(=O)C(C)=C(C)c2c1,,C06664236,,0,0,1,0,0,0,1,1,0,0
Clc1c(OCC(=O)NC2[NH+]=C3C=CC=CC3=[NH+]2)cc2OC(=O)C=3CCCCC=3c2c1,,C63492937,,0,0,1,0,0,0,0,1,0,0
O=C(N/N=C/c1c(C)n(C)nc1)[C@@]1(C)C(C)(C)[C@H](C2[NH+]=C3C=CC=CC3=[NH+]2)CC1,,C63541025,,0,0,1,0,0,0,0,1,0,0
S=C1N(/N=C/C=2[C@@H](c3sccc3)NN(c3ccccc3)C=2)[C@@H](c2cc[nH+]cc2)N=[NH+]1,,C39336744,,0,0,0,0,0,0,0,0,0,0
Clc1c(NC(=O)CS[C@@H]2[NH+]=C3C=C(OC)C=CC3=[NH+]2)ccc([N+](=O)[O-])c1,,C63730916,,0,0,0,0,0,0,0,1,0,0
Brc1c([C@H]2OC(CS[C@@H]3[NH+]=C4C=C(OC)C=CC4=[NH+]3)=NN2)cccc1,,C63743043,,0,0,0,0,0,0,0,1,0,0
S(C[C@@H]1C(=O)[NH+]=C2C=CC=CC2=[NH+]1)c1sc(NC(=O)c2sccc2)nn1,,C63751907,,0,0,0,0,0,0,0,1,0,0
O=C1N(CC)C2(C(=O)N1C1Cc3ccccc3C1)CC[NH+](CC=1C[NH+]=C3C=CC=CC=13)CC2,,C63994223,,0,0,0,0,0,0,0,0,0,0
S(CC(=O)NC[C@H]1Oc2c(-c3c(C)ncc(C)n3)cccc2C1)[C@H]1[NH+]=C2C=C(C)C=CC2=[NH+]1,,C64002394,,0,0,1,0,0,0,1,0,0,0
O=C(C[C@H]1[NH+](Cc2c(OCC)cccc2)CCNC1=O)N1CCC=2[C@H]([NH+]=C3C=CC=CC=23)C1,,C64093432,,0,0,0,0,0,0,0,0,0,0
Clc1ccc(Cn2nnc(C(=O)N(C)CC[C@@H]3[NH+]=C4C=C(F)C=CC4=[NH+]3)c2)cc1,,C64111091,,0,0,0,0,0,1,0,1,0,0
Br[C@@H]1[C@@H](CS[C@H]2[NH+]=C3C=C([N+](=O)[O-])C=CC3=[NH+]2)N=C2N1C(C)=CC=C2,,C64277624,,0,0,0,0,0,0,0,1,0,0
O=C(N(C)CC1[NH+]=C2C=CC=CC2=[NH+]1)[C@H]1NOC(COc2cnc(C)cc2)=C1,,C64622470,,0,0,1,0,0,0,0,1,0,0
FC=1C=CC2=[NH+][C@H]([C@@H]3N(C(=O)c4nnn(CC5CCCCC5)c4)CCC3)[NH+]=C2C=1,,C64636545,,0,0,1,0,0,0,0,0,0,0
O=C(N1CCC=2[C@H]([NH+]=C3C=CC=CC=23)C1)[C@H]1[C@@H](CC)N(C[C@H]2[NH+](CC)CCC2)C(C)=CC1=O,,C64640539,,0,0,0,0,0,0,0,0,0,0
O=C(N(CC)CC[C@@H]1[NH+]=C2C=C(C)C=CC2=[NH+]1)C[C@H]1N2[C@H](C(C)=CC=C2)N=C1,,C65435799,,0,0,0,0,0,0,0,0,0,0
OC1=N[C@H](c2cc(OCc3ccccc3)ccc2)Nc2sc3C[NH+](CC)CCc3c12,,C04556410,,0,0,0,0,0,0,1,0,0,0
Clc1c(NC(=O)C[NH+](C)CC(=O)N[C@@H]2[C@H](C)[C@H](C)CCC2)c(Cl)ccc1,,C08152475,,0,0,0,0,0,0,0,0,0,0
Fc1c(NC(=O)[C@H]([NH2+][C@H](C(C)C)c2ccc3OCCOc3c2)C)c(F)ccc1,,C11093924,,0,0,0,0,0,0,0,0,0,0
Clc1cc(CNC(=O)C[C@@H]2[NH+](Cc3cccc4ccccc34)CCNC2=O)ccc1,,C11933226,,0,0,0,0,0,0,0,0,0,0
O=C(NC(c1ccccc1)c1ccccc1)C[C@@H]1[NH+](CC=C(C)C)CCNC1=O,,C12716334,,0,0,0,0,0,0,0,0,0,0
Clc1c(NC(=O)C[NH+](C)CC(=O)N[C@H]2[C@H](C)CCCC2)c(Cl)ccc1,,C12864534,,0,0,0,0,0,0,0,0,0,0
Brc1ccc2[nH]c(C(=O)NC[C@@H]([NH+]3CCCC3)c3cc(OC)ccc3)cc2c1,,C13010747,,0,0,1,1,0,0,0,1,0,0
Clc1c(NC(=O)C[NH+](C)CC(=O)Nc2c(C)c(C)ccc2)c(C)cc(C)c1,,C13057437,,0,0,0,0,0,0,0,1,0,0
Clc1c(NC(=O)C[NH+](C)CC(=O)Nc2c(C)ccc(C)c2)c(C)cc(C)c1,,C13063479,,0,0,0,0,0,0,0,1,0,0
Fc1c(C[C@]2(C3CC[NH+](CC=4[C@H]5C(C)(C)[C@H](C5)CC=4)CC3)C(=O)NC(=O)N2)cccc1,,C14879424,,0,0,0,0,0,0,0,0,0,0
Brc1c(C(=O)NNC(=O)C[NH+](C)Cc2cc(Cl)c(Cl)cc2)cccc1,,C16632313,,0,0,0,0,0,0,0,1,0,0
S(C)c1c(NC(=O)[C@H]([NH+](C)CC(=O)Nc2c(C)c(C)ccc2)C)cccc1,,C16636655,,0,0,0,0,0,0,0,1,0,0
O[C@@H]([C@H](N1CCC([NH+]2CCCCC2)CC1)c1ccc(C)cc1)C(=O)c1c[nH]c2ccccc12,,C15017787,,0,0,0,0,0,0,0,0,0,0
Clc1c(CCNC(=O)C[C@H]2[NH+](Cc3cc(F)ccc3)CCNC2=O)cccc1,,C20779272,,0,0,0,0,0,0,0,0,0,0
Brc1cc(C)c(NC(=O)C[NH+](C)[C@@H](C)C(=O)NC(C)(C)CC)cc1,,C26357747,,0,0,0,0,0,0,0,0,0,0
O=C(NC[C@H]([NH+](C)C)c1cscc1)NCc1ccc2cc(OC)ccc2c1,,C26392293,,0,0,0,0,0,0,0,1,0,0
O=C(Nc1c(CC)cccc1)CNC(=O)C[NH+]1[C@H](CC)c2ccsc2CC1,,C30223789,,0,0,0,0,0,0,0,0,0,0
O=C(NC[C@@H](C)[NH+]1CCCCCC1)c1c(NC(=O)c2cc(C)ccc2)cccc1,,C32344990,,0,0,0,0,0,0,0,1,0,0
Clc1c(NC(=O)[C@@H]2[NH+](CC(=O)NC3CCCC3)CCC2)ccc(Cl)c1,,C32825461,,0,0,0,0,0,0,0,0,0,0
Clc1c(C(=O)N2CCC3(SC[C@@H](C(=O)NC[C@H](C)CC)[NH2+]3)CC2)ccc(Cl)c1,,C35374413,,0,0,0,0,0,0,0,0,0,0
O[C@@H](C[NH+](CC=1NC(=O)c2c(sc3CCCCc23)N=1)C1CCCCC1)CC,,C36156737,,0,1,1,0,0,0,0,1,0,0
OC(C)(C)C[NH+](CC=1NC(=O)c2c(-c3c(C)cccc3)csc2N=1)C1CCCCC1,,C36205778,,0,0,1,0,0,0,0,1,0,0
Brc1c(NC(=O)C[NH+](C)[C@H](C)C(=O)Nc2c(F)c(F)c(F)cc2)cccc1,,C03435119,,0,0,0,0,0,0,0,1,0,0
Clc1c([C@@H](Nc2[nH+]c(C)ccc2)c2c(NC(=O)c3occc3)sc(C)c2)cccc1,,C38546959,,0,0,0,0,0,0,0,0,0,0
O=C(Nc1c([C@H](Nc2[nH+]ccc(C)c2)c2ccc(C)cc2)cc(C)s1)c1occc1,,C38547005,,0,0,0,0,0,0,0,0,0,0
O=C(N[C@H](C)c1ccc(CC)cc1)[C@H]1C2(CN(C(=O)C3(C)CCCCC3)C1)CC[NH2+]CC2,,C39696070,,0,0,0,0,0,0,0,0,0,0
O=C(Nc1c([C@H](Nc2[nH+]ccc(C)c2)c2cscc2)c2CCCCc2s1)c1occc1,,C43220774,,0,0,0,0,0,0,0,0,0,0
O=C(N[C@H](C)c1cccc2ccccc12)[C@@H]1[C@@H](C(=O)N(C)Cc2ccccc2)C[NH2+]C1,,C43222995,,0,0,0,0,0,0,0,0,0,0
BrC1=Cn2c(C[C@@H]([NH3+])C(OCC)=O)c(-c3ccc(Cl)cc3)nc2C=C1,,C44360745,,0,0,1,0,0,0,1,1,0,0
O=C(NC12CC3CC(C1)CC(C2)C3)[C@H](C)[NH+]1C[C@H](C(=O)NCCCC)CCC1,,C51062706,,0,0,0,0,0,0,0,0,0,0
Clc1c(C(=O)NCC(=O)N[C@H](C)C[NH+]2C[C@@H](C)CCC2)ccc(Cl)c1,,C55406512,,0,0,0,0,0,0,0,0,0,0
O=C(NC[C@H]([NH+](C)C)c1sccc1)CNC(=O)C12CC3CC(C1)CC(C2)C3,,C57381842,,0,0,0,0,0,0,0,0,0,0
Brc1cc(C)c(NC(=O)C[NH+](C)CC(=O)NC(C)(C)CC)cc1,,C07680619,,0,0,0,0,0,0,0,0,0,0
Clc1c(NC(=O)[C@H]([NH+](C)CC(=O)Nc2ccc(C)cc2)C)c(C)cc(C)c1,,C30542954,,0,0,0,0,0,0,0,0,0,0
Brc1cc(Cl)c(NC(=O)NC[C@H]([NH+](C)C)c2occc2)cc1,,C43420518,,0,0,0,0,0,0,0,0,0,0
O=C(NCC(C)(C)[NH+]1C[C@H](C)CCC1)CNC(=O)C12CC3CC(C1)CC(C2)C3,,C59991024,,0,0,0,0,0,0,0,0,0,0
O=C(NCCC=1C[NH+]=C2C=CC(OC)=CC=12)/C=C/1\N[C@@H](c2ccccc2)SC\1,,C63281713,,0,0,0,0,0,0,0,0,0,0
O=C(NCCC=1CCCCC=1)[C@@H]1C(NC(=O)c2cc(C)ccc2)=C2C=C(C)C=CC2=[NH+]1,,C63752864,,0,0,0,0,0,0,0,0,0,0
Fc1ccc([C@H]2C(CCC(=O)N3[C@@H](C(=O)N)Cc4ccccc4C3)=C3C=CC=CC3=[NH+]2)cc1,,C63853957,,0,0,0,0,0,0,0,0,0,0
O=C(NC[C@@H](c1ccccc1)C=1C[NH+]=C2C=CC=CC=12)CC=1[C@@H](C)N(C)NC=1C,,C63908586,,0,0,0,0,0,0,0,0,0,0
N(C)(C[C@H]1[C@H](c2ccccc2)NN(c2c(C)ccc(C)c2)C1)Cc1[nH+]cc(C)[nH]1,,C64084038,,0,0,0,0,0,0,0,1,0,0
O[C@H]1CN(CC(=O)NCCC=2C[NH+]=C3C=CC=CC=23)c2c3ccccc3ccc2C1,,C64155872,,0,0,0,0,0,0,0,0,0,0
ClC=1C=C(CNC(=O)C[C@H]2NC(=O)CC2)C2=[NH+][C@H](c3ccccc3)C(C)=C2C=1,,C64609943,,0,0,0,0,0,0,0,0,0,0
FC(F)(F)[C@@H]1N(CCNC(=O)CC=2C[NH+]=C3C=CC=CC=23)c2ccccc2N1,,C64637054,,0,0,0,0,0,0,0,0,0,0
S(=O)(=O)(/[NH+]=C(\[NH+]=C(\[S-])/Nc1ccccc1)/c1ccccc1)c1ccc(C)cc1,,C13482078,,0,0,0,0,0,0,0,0,0,0
O=C(/N=C(/NCCC=1C[NH+]=C2C=CC=CC=12)\Nc1ccccc1)c1ccc(C)cc1,,C65329866,,0,0,0,0,0,0,0,0,0,0
O=C(Nc1c(C)cccc1CC)[C@H](C)[NH+]1CCC(C(=O)NC2CCCCC2)CC1,,C65964912,,0,0,0,0,0,0,0,0,0,0
O=C(NC1CC[NH+]([C@H](C)C(=O)Nc2c(CC)cccc2)CC1)CC1CCCCC1,,C66902618,,0,0,0,0,0,0,0,0,0,0
Clc1ccc([C@H](O)C2CCN(C(=O)NCC([NH+](C)C)(CC)CC)CC2)cc1,,C67623775,,0,0,0,0,0,0,0,0,0,0
Clc1ccc([C@H](O)C2CCN(C(=O)N[C@H](C[NH+](C)C)CC(C)C)CC2)cc1,,C67624482,,0,0,0,0,0,0,0,0,0,0
Clc1c(C)c2NC(=O)[C@]3([NH2+][C@H](CCSC)[C@H]4C(=O)N(CCc5ccccc5)C(=O)[C@@H]34)c2cc1,,C08790239,,0,0,0,0,0,0,0,0,0,0
FC(F)(F)C1(C(F)(F)F)[NH+]=C(CCc2ccccc2)NC=2N(c3ccccc3)C(=O)NC(=O)C1=2,,C08868538,,0,0,0,0,0,0,0,0,0,0
Clc1ccc(NC(=O)C(=O)NC[C@@H]([NH+]2CCc3ccccc3C2)c2ccc(N(C)C)cc2)cc1,,C10129626,,0,0,0,0,0,0,0,0,0,0
OC1(c2ccc3oc(C(=O)NCc4ccc5OCOc5c4)cc3c2)CC[NH+](Cc2sccc2)CC1,,C12571235,,0,0,0,0,0,0,0,1,0,0
O=C1[C@@]2([NH2+][C@@H](Cc3ccccc3)[C@H]3C(=O)N(CCc4ccccc4)C(=O)[C@@H]23)c2cc(CC)ccc2N1,,C12882358,,0,0,0,0,0,0,0,0,0,0
OCC[NH+]1CCN(C(=O)CN2[C@H](c3ccccc3)C=3C(=O)CC(C)(C)CC=3Nc3ccccc23)CC1,,C09264116,,0,0,0,0,0,0,0,0,0,0
Brc1c(NC(=O)C[NH+](C)[C@@H](C)C(=O)Nc2c(C#N)c3CCCCCc3s2)cccc1,,C15144248,,0,0,0,0,0,0,0,0,0,0
S=C1N(CC)C(=O)/C(=C/C=2C(=O)N3C=C(C)C=CC3=NC=2NC2CC(C)(C)[NH2+]C(C)(C)C2)/S1,,C02672075,,0,0,0,0,0,0,1,0,0,0
Fc1ccc(-c2ccc3c(C(=O)c4ccn5[C@H](c6cnccc6)SCc45)cn(CC[NH3+])c3c2)cc1,,C26737918,,0,0,1,0,0,0,0,0,0,0
FC(F)(F)Oc1ccc(CNC(=O)[C@@H]2C3(CN(C(=O)c4c(C)ccs4)C2)CC[NH2+]CC3)cc1,,C39599998,,0,0,0,0,0,0,0,0,0,0
O=C(N[C@H]1[C@H](OCc2ccccc2)CCC1)[C@H]1C2(CN(C(=O)c3c(C)ccs3)C1)CC[NH2+]CC2,,C39609127,,0,0,0,0,0,0,0,0,0,0
Clc1c(Cl)ccc(CNC(=O)[C@H]2C3(CN(C(=O)[C@H](Oc4ccccc4)C(C)C)C2)CC[NH2+]CC3)c1,,C39609795,,0,0,0,0,0,0,0,0,0,0
Clc1c(F)ccc(CNC(=O)[C@@H]2C3(CN(C(=O)[C@@H]4Oc5ccccc5OC4)C2)CC[NH2+]CC3)c1,,C39622978,,0,0,0,0,0,0,0,0,0,0
Clc1c(C(=O)N2C[C@@H](C(=O)NCc3c(Cl)cccc3)C3(C2)CC[NH2+]CC3)c(Cl)ccc1,,C39623072,,0,0,0,0,0,0,0,0,0,0
Brc1c(C(=O)N2C[C@H](C(=O)N[C@H]3[C@@H](C)CCCC3)C3(C2)CC[NH2+]CC3)n(CC)nc1C,,C39636054,,0,0,1,0,0,0,0,0,0,0
FC(F)(F)c1cc(CNC(=O)[C@H]2C3(CN(C(=O)c4cc(F)cc(F)c4)C2)CC[NH2+]CC3)ccc1,,C39636757,,0,0,0,0,0,0,0,0,0,0
Clc1c(Cl)cccc1C(=O)N1C[C@H](C(=O)NCc2cc(C(F)(F)F)ccc2)C2(C1)CC[NH2+]CC2,,C39636802,,0,0,0,0,0,0,0,0,0,0
Clc1c(F)c(C(=O)N2C[C@@H](C(=O)NCCc3c(OCC)cccc3)C3(C2)CC[NH2+]CC3)ccc1,,C39652704,,0,0,0,0,0,0,0,0,0,0
Brc1ccc(CCNC(=O)[C@H]2C3(CN(C(=O)[C@H](Oc4ccccc4)C)C2)CC[NH2+]CC3)cc1,,C39652885,,0,0,0,0,0,0,0,0,0,0
Brc1ccc(CCNC(=O)[C@@H]2C3(CN(C(=O)C4(C)CCCCC4)C2)CC[NH2+]CC3)cc1,,C39652888,,0,0,0,0,0,0,0,0,0,0
Brc1ccc(CCNC(=O)[C@H]2C3(CN(C(=O)C4(C)CCCCC4)C2)CC[NH2+]CC3)cc1,,C39652889,,0,0,0,0,0,0,0,0,0,0
O=C(NCCc1ccc(CC)cc1)[C@@H]1C2(CN(C(=O)c3cccc4C(=O)c5ccccc5-c34)C1)CC[NH2+]CC2,,C39654242,,0,0,0,0,0,0,0,1,0,0
Clc1c(OC)c(C(=O)N2C[C@@H](C(=O)NCCc3ccc(CC)cc3)C3(C2)CC[NH2+]CC3)cs1,,C39654499,,0,0,0,0,0,0,0,0,0,0
Brc1ccc([C@H](NC(=O)[C@@H]2C3(CN(C(=O)c4c(F)ccc(Cl)c4)C2)CC[NH2+]CC3)C)cc1,,C39657077,,0,0,0,0,0,0,0,0,0,0
Clc1c(C(=O)N2C[C@@H](C(=O)NCCSCc3ccccc3)C3(C2)CC[NH2+]CC3)c(Cl)ccc1,,C39658334,,0,0,0,0,0,0,0,0,0,0
Clc1c(F)c(C(=O)N2C[C@@H](C(=O)NCCSCc3ccccc3)C3(C2)CC[NH2+]CC3)ccc1,,C39658522,,0,0,0,0,0,0,0,0,0,0
Brc1c(C(=O)N2C[C@@H](C(=O)NC3CCCCCCC3)C3(C2)CC[NH2+]CC3)n(CC)nc1C,,C39659890,,0,0,1,0,0,0,0,0,0,0
O=C(N[C@@H](C#N)c1ccccc1)[C@@H]1C2(CN(C(=O)c3cccc4C(=O)c5ccccc5-c34)C1)CC[NH2+]CC2,,C39662261,,0,0,0,0,0,0,0,1,0,0
Clc1c(C(=O)N2C[C@H](C(=O)NC[C@H](Oc3ccc(C)cc3)C)C3(C2)CC[NH2+]CC3)ccc(Cl)c1,,C39665895,,0,0,0,0,0,0,0,0,0,0
Clc1c(C(=O)N2C[C@H](C(=O)NC[C@H](Oc3ccc(C)cc3)C)C3(C2)CC[NH2+]CC3)c(Cl)ccc1,,C39665939,,0,0,0,0,0,0,0,0,0,0
Fc1c(C(=O)N2C[C@@H](C(=O)NC[C@@H](Oc3ccc(C)cc3)C)C3(C2)CC[NH2+]CC3)c(F)ccc1C,,C39666100,,0,0,0,0,0,0,0,0,0,0
Clc1c(C(=O)N2C[C@@H](C(=O)NC[C@@H](Oc3ccc(C)cc3)C)C3(C2)CC[NH2+]CC3)c(F)c(C)cc1,,C39666104,,0,0,0,0,0,0,0,0,0,0
Clc1c(C(=O)N2C[C@@H](C(=O)NC[C@H](Oc3c(Cl)cccc3)C)C3(C2)CC[NH2+]CC3)c(Cl)ccc1,,C39666370,,0,0,0,0,0,0,0,0,0,0
Clc1c(O[C@H](C)CNC(=O)[C@H]2C3(CN(C(=O)c4c(C(F)(F)F)cccc4)C2)CC[NH2+]CC3)cccc1,,C39666390,,0,0,0,0,0,0,0,0,0,0
FC(F)(F)C(=O)N1[C@H](C(=O)N2C[C@H](C(=O)NCCc3c(C)cc(C)cc3)C3(C2)CC[NH2+]CC3)CCC1,,C39666964,,0,0,0,0,0,0,0,0,0,0
Clc1c(F)c(C(=O)N2C[C@@H](C(=O)NCc3ccc(OC(F)F)cc3)C3(C2)CC[NH2+]CC3)c(F)cc1,,C39673436,,0,0,0,0,0,0,0,0,0,0
Clc1c(C(=O)N2C[C@@H](C(=O)N[C@@H](C)C=3[C@H](C)N=NC=3C)C3(C2)CC[NH2+]CC3)ccc(Cl)c1,,C39674137,,0,0,0,0,0,0,0,0,0,0
Brc1cc(C(=O)N2C[C@H](C(=O)NCCOc3c(Cl)cccc3)C3(C2)CC[NH2+]CC3)ccc1,,C39681250,,0,0,0,0,0,0,0,0,0,0
FC(F)(F)c1ccc(C(=O)N2C[C@H](C(=O)NCCOc3cc(F)ccc3)C3(C2)CC[NH2+]CC3)cc1,,C39685300,,0,0,0,0,0,0,0,0,0,0
Clc1c(C(=O)N2C[C@@H](C(=O)N[C@@H](C)Cc3ccc(F)cc3)C3(C2)CC[NH2+]CC3)ccc(Cl)c1,,C39688370,,0,0,0,0,0,0,0,0,0,0
Clc1c(C)c(CNC(=O)[C@@H]2C3(CN(C(=O)c4c(Cl)cccc4Cl)C2)CC[NH2+]CC3)ccc1,,C39694957,,0,0,0,0,0,0,0,0,0,0
O=C(N[C@@H](CC)c1ccccc1)[C@H]1C2(CN(C(=O)c3cccc4C(=O)c5ccccc5-c34)C1)CC[NH2+]CC2,,C39695210,,0,0,0,0,0,0,1,1,0,0
Clc1c(Cl)ccc(C(=O)N2C[C@H](C(=O)N[C@@H](C)c3ccc(CC)cc3)C3(C2)CC[NH2+]CC3)c1,,C39695885,,0,0,0,0,0,0,0,0,0,0
S(CC(=O)N/N=C/C=1C[NH+]=C2C=CC=CC=12)[C@@H]1N(c2ccccc2)C(=O)[C@@H]2[C@H](SC=3CCCCC2=3)N1,,C39926558,,0,0,0,0,0,0,0,0,0,0
Brc1ccc2NC(=O)[C@]3([NH2+][C@@H](CC(C)C)[C@@H]4C(=O)N(CCc5ccccc5)C(=O)[C@H]34)c2c1,,C16024818,,0,0,0,0,0,0,0,0,0,0
Brc1c(NC(=O)C[NH+](C)C[C@H](O)COC)c(Br)cc(Br)c1,,C50119488,,0,0,0,0,0,0,0,0,0,0
Brc1ccc(N2C(=O)[C@H](SC(=[NH2+])N/N=C(\C)/c3ccc(Cl)cc3)CC2=O)cc1,,C16675663,,0,0,0,0,0,0,0,0,0,0
O=C1[C@]2(N[C@H](CC=3C[NH+]=C4C=CC=CC=34)[C@H]3C(=O)N(c4ccccc4)C(=O)[C@@H]23)c2cc(C)cc(C)c2N1,,C63479868,,0,0,0,0,0,0,0,0,0,0
Cl[C@@H]1[C@@H](C(=O)NCCC=2C[NH+]=C3C=CC=CC=23)NN2C(C(F)(F)F)=CC(c3sccc3)=N[C@@H]12,,C63541085,,0,0,0,0,0,0,0,0,0,0
O=C(NCCC=1C[NH+]=C2C=CC(C)=CC=12)CCC(=O)N1CCS[C@@H]2N(c3ccccc3)N[C@@H](C)[C@@H]12,,C63666772,,0,0,0,0,0,0,0,0,0,0
S(=O)(=O)(N(CC=1C(=O)Nc2c(C)cc(C)cc2C=1)C1CCCC1)c1ccc([N+](=O)[O-])cc1,,C00914460,,0,0,0,0,0,0,0,0,0,0
O(C)c1ccc2NC(=O)C([C@H](N3CCCc4ccccc34)c3n(C(C)(C)CC)nnn3)=Cc2c1,,C00910983,,0,0,0,0,0,0,0,0,0,0
Clc1c(OC)ccc(NC(=O)CN2C(=O)c3c(C)c(C(OC(C)C)=O)sc3N=C2)c1,,C01961254,,0,0,1,0,0,0,1,1,0,0
O=C(CN1C(=O)[C@](C)(c2ccc(C(C)(C)C)cc2)NC1=O)c1c(C)n(c(C)c1)-c1noc(C)c1,,C08948470,,0,0,0,0,0,0,0,0,0,0
S(CC(=O)NC=1SCC(c2ccc(C)cc2)=NN=1)c1nnc2c(n(CC)c3ccccc23)n1,,C09408691,,0,1,1,0,0,0,0,1,0,0
O(CC(=O)Nc1c(C#N)c2CCCCCc2s1)C(=O)[C@@H](C)N1C(=O)c2ccccc2C1=O,,C03341219,,0,0,0,0,0,0,0,1,0,0
Brc1c([N+](=O)[O-])cc(C(OCC(=O)Nc2c(C#N)c3CCCCc3s2)=O)cc1,,C09849027,,0,0,0,0,0,0,0,1,0,0
O(C)C(=O)c1c(NC(=O)CN2C(=O)N(c3ccccc3)C(=O)c3c(C)c(C)sc23)cccc1,,C09937866,,0,0,0,0,0,0,1,0,0,0
O([C@H](C)C(=O)Nc1ccc2C(=O)c3ccccc3C(=O)c2c1)C(=O)/C=C/c1c(C)n(C)nc1C,,C10439478,,0,0,1,0,0,0,1,1,0,0
Brc1c(OCC(=O)N/N=C/c2oc([N+](=O)[O-])cc2)ccc(Br)c1,,C12583657,,0,0,0,0,0,0,0,1,0,0
O(CC(=O)Nc1n(C2CCCC2)c(C)c(C)c1C#N)C(=O)/C=C/c1ccc2OCCOc2c1,,C12804977,,0,0,1,0,0,0,0,0,0,0
S(CC(=O)N1CC(=O)Nc2ccccc12)c1n(c(-c2cc(OC)ccc2)nn1)-c1ccccc1,,C02628547,,0,0,1,0,0,0,0,0,0,0
S([C@H](C)C(=O)Nc1onc(C)c1)C=1N(Cc2occc2)C(=O)c2c(sc3C[C@H](C)CCc23)N=1,,C14562691,,0,0,1,0,0,1,0,1,0,0
Clc1c(CC)c(NC(=O)c2cc([N+](=O)[O-])c(Sc3n(C)cnn3)cc2)c(CC)cc1,,C14664180,,0,0,1,0,0,0,0,0,0,0
O(CC=C)c1c([C@@H]2CC(=O)Nc3n(-c4nc(-c5ccc(C)cc5)cnn4)nc(C)c23)cccc1,,C15670087,,0,0,0,0,0,0,1,1,0,0
O(CC=1N=C2SC(CC)=NN2C(=O)C=1)C(=O)c1c(NC(=O)c2c(C)cccc2)cccc1,,C15771727,,0,0,1,0,0,0,1,1,0,0
Clc1c(NC(=O)CSc2n(C)c(CC=3C(=O)N4C=C(C)C=CC4=NC=3C)nn2)cccc1,,C15859183,,0,0,1,0,0,0,1,1,0,0
Clc1c(NC(=O)CSc2n(C)c(CC=3C(=O)N4C=C(C)C=CC4=NC=3C)nn2)ccc(C)c1,,C15859204,,0,0,1,0,0,0,1,1,0,0
O=C1N(c2c(C)cccc2)C(=O)NC(=O)[C@]1(CCc1ccncc1)Cc1ccc2OCOc2c1,,C01129103,,0,0,0,1,0,0,0,0,0,0
S([C@H](C)C(=O)Nc1c(C(=O)C)cccc1)c1n-2c(N(CCC)C(=O)c3ccccc-23)nn1,,C16872754,,0,1,1,0,0,0,1,1,0,0
S([C@H](C)C(=O)Nc1ccc2OCCOc2c1)c1n(c(N2CCCCC2)nn1)-c1ccc(C)cc1,,C19355321,,0,0,1,1,0,0,0,0,0,0
O(C)C(=O)[C@@H]1[C@@H](C)CC=2NC(C)=C(C(OC(C)C)=O)[C@H](C=3C(=O)c4ccccc4OC=3)C=2C1=O,,C04766258,,0,0,0,0,0,0,0,0,0,0
O([C@H](C)C(=O)Nc1scc(-c2ccccc2)n1)C(=O)[C@H](C)N1C(=O)c2ccccc2C1=O,,C20817481,,0,0,0,0,0,0,0,0,0,0
O=[N+]([O-])c1cc([C@H]2CC(=O)NC=3C[C@@H](c4cc(OC)c(OC(C)C)cc4)CC(=O)C2=3)ccc1,,C20882669,,0,0,0,0,0,0,0,0,0,0
O([C@H](C)C(=O)Nc1ccc2OCCOc2c1)C(=O)c1ccc2C(=O)O[C@@H](c3ccccc3)Cc2c1,,C21543507,,0,0,0,0,0,0,0,1,0,0
S([C@@H](C)C(=O)N1C(=O)NCC1)c1n(c(-c2cc(C)ccc2)nn1)-c1ccc(OCC)cc1,,C21603205,,0,0,1,0,0,1,0,1,0,0
Clc1ccc(-c2nc(C=3C(=O)c4ccc(C)nc4N(CC(=O)N[C@@H](C)CC)C=3)on2)cc1,,C21654958,,0,0,1,0,0,1,1,1,0,0
O=C(NC1CCCCC1)[C@@]1(C)N(Cc2occc2)C(=O)c2n(C1)c1c(OC)ccc(OC)c1c2,,C21856348,,0,0,0,0,0,0,0,1,0,0
S(=O)(=O)(N(C)C)c1cc(NC(=O)c2n(-c3ccccc3)nc(-c3occc3)c2)c(C)c(C)c1,,C22191905,,0,1,1,0,0,0,1,1,0,0
S(CC(=O)c1c(C)[nH]c(C)c1)c1n-2c(N(c3cc(OC)ccc3)C(=O)c3ccccc-23)nn1,,C25147112,,0,0,0,1,0,0,0,1,0,0
Brc1c(NC(=O)CSC=2N(C(C)C)C(=O)c3ccccc3N=2)ccc([N+](=O)[O-])c1,,C25184962,,0,0,1,0,0,0,1,1,0,0
Clc1cc(C)c(NS(=O)(=O)c2c(OCC)ccc(N3S(=O)(=O)C[C@@H](C)C3=O)c2)cc1,,C32525446,,0,0,0,0,0,0,0,0,1,0
O=C(NCc1ccc(C)cc1)CN1C(=O)c2c(n(-c3ccc(C)cc3)nc2C(C)=N1)-n1cccc1,,C33058036,,0,0,1,1,0,0,1,0,0,0
O=[N+]([O-])c1cc(/C=C\2/C(=O)N(c3sccn3)C(=N)S/2)c(OCc2ccc(C)cc2)cc1,,C33570098,,0,0,0,0,0,0,1,1,0,0
O(CC(=O)Nc1noc(C)c1)C(=O)c1c2ccccc2nc2/C(=C/c3occc3)/C[C@H](C)Cc12,,C08890452,,0,0,1,0,0,0,0,1,0,0
S(CC(=O)Nc1ccc2OCCOc2c1)c1n(c(-c2occc2)nn1)-c1ccc(C)cc1,,C01057997,,0,0,1,0,0,0,1,1,0,0
S(CCCn1c(N2C[C@@H](C)C[C@H](C)C2)nc2N(C)C(=O)NC(=O)c12)c1sc2ccccc2n1,,C02349999,,0,1,1,0,0,0,1,1,0,0
Brc1c(-c2n(C)c(SCC(=O)Nc3cc([N+](=O)[O-])ccc3)nn2)cccc1,,C39753266,,0,0,1,0,0,0,0,1,0,0
FC(F)(F)c1cc(Cn2nnc3C(=O)N(CC(=O)Nc4cc(F)c(F)cc4)C=Nc23)ccc1,,C40477173,,0,0,1,0,0,1,1,1,0,0
Clc1c(COc2c(OCC)cc([C@@H]3n4nnnc4NC=4CCCC(=O)C3=4)cc2)cccc1,,C40920025,,0,0,0,0,0,0,0,0,0,0
Clc1c(NC(=O)CN2C(=O)c3nnn(Cc4cc(C(F)(F)F)ccc4)c3N=C2)cccc1,,C44837016,,0,0,1,0,0,1,1,1,0,0
FC(F)(F)c1cc(Cn2nnc3C(=O)N(CC(=O)Nc4c(C)cc(C)cc4C)C=Nc23)ccc1,,C44837042,,0,0,1,0,0,1,1,0,0,0
O([C@@H](C)C(=O)N1[C@H](CC)CCCC1)C(=O)CN1C(=O)C2(NC1=O)CCC(C(C)(C)C)CC2,,C45329471,,0,0,0,0,0,0,0,0,0,0
Clc1c(COc2c(/C=C\3/C(=O)N(c4sccn4)C(=N)S/3)cc([N+](=O)[O-])cc2)cccc1,,C13017241,,0,0,0,0,0,1,1,1,0,0
O=C(Nc1c(OC)ccc(OC)c1)CN1C(=O)N(c2c(C)ccc(C)c2)C(=O)c2sccc12,,C57492516,,0,0,1,0,0,0,1,1,0,0
O=C(Nc1c(C(=O)c2occc2)c2CC[C@H](C)Cc2s1)Cc1ccc(-n2nnnc2)cc1,,C58758991,,0,0,0,0,0,0,0,1,0,0
S(CC(=O)Nc1scc(-c2ccc(OC)cc2)n1)c1nnc2c(n(C)c3ccccc23)n1,,C59271750,,0,0,1,0,0,1,1,1,0,0
S(Cc1onc(-c2cc(C(F)(F)F)ccc2)n1)[C@H]1N=NC(=O)[C@@H]2N1NC(c1sccc1)=C2,,C64390659,,0,0,1,1,0,0,0,1,0,0
Clc1ccc(C=2N(CC(=O)NC[C@H]3OCCC3)c3n([C@@H](c4ccccc4)C=2)nnn3)cc1,,C64792958,,0,0,0,0,0,1,0,0,0,0
Clc1cc(NC(=O)CN2C(=O)N3c4ccsc4C(=O)N(CCC(C)C)C3=N2)c(C)cc1,,C65305156,,0,1,1,0,0,0,1,1,0,0
Oc1c([C@H](Nc2sccn2)c2cc([N+](=O)[O-])ccc2)ccc2cccnc12,,C01463222,,0,0,0,0,0,0,1,0,0,0
O=C(NC[C@@H]1Oc2ccccc2OC1)Nc1c(-c2ccccc2)onc1C,,C01025541,,0,0,1,0,0,1,0,1,0,0
Clc1c(NC(=O)c2cc(NC(=O)C(C)C)ccc2)ccc([N+](=O)[O-])c1,,C04680232,,0,0,0,0,0,0,0,1,1,0
S=C(NC(=O)c1oc2ccccc2c1)Nc1c(F)ccc([N+](=O)[O-])c1,,C02313280,,0,0,0,0,0,0,0,1,0,0
O=[N+]([O-])c1ccc(/C=C/C(=O)Nc2c(C(=O)NC)c(C)c(C)s2)cc1,,C05144950,,0,0,0,0,1,0,0,1,0,0
S(C)c1c(c(NC(=O)c2cscc2)[nH]n1)-c1ccc([N+](=O)[O-])cc1,,C03179831,,0,0,1,0,0,1,1,1,0,0
FC(F)Oc1c(NC(=O)CN2C(=O)C3(NC2=O)CCCCC3)cccc1,,C03505348,,0,0,0,0,0,0,0,0,0,0
Brc1c(O)ccc(/C=N/NC(=O)c2cc([N+](=O)[O-])ccc2)c1,,C05569059,,0,0,1,0,0,0,0,1,0,0
O=C(N[C@H](C(C)C)C(=O)Nc1sc(-c2ccc(C)cc2)nn1)N(C)C,,C06814995,,0,0,0,0,0,0,0,1,1,0
O=C(NN1C(=O)C2(NC1=O)CCCCC2)COc1cc(C)c(C(C)C)cc1,,C06993184,,0,0,0,0,0,0,0,0,0,0
S(=O)(=O)(Nc1c(C)cccc1CC)c1oc(C2=NNC(=O)C=C2)cc1,,C06887552,,0,0,1,1,0,0,0,1,0,0
S(=O)(=O)(NNC(=O)c1ccc2OCOc2c1)c1ccc(C(C)C)cc1,,C07428730,,0,0,0,0,0,0,0,1,0,0
Clc1ccc(SCCNc2[nH]c3C(=O)N(C)C(=O)N(C)c3n2)cc1,,C03766879,,0,0,1,0,1,0,1,1,0,0
O=C(NNC(=O)c1ccc2OCOc2c1)Cc1coc2ccc3ccccc3c12,,C08271696,,0,0,0,0,0,0,0,1,0,0
O=C(Nc1n(C=2NC(=O)C=3CCCCC=3N=2)nc(C)c1)Cc1c(C)cccc1,,C09018072,,0,1,0,0,0,1,1,1,0,0
Clc1ccc(CC(=O)Nc2n(C=3NC(=O)C=4CCCCC=4N=3)nc(C)c2)cc1,,C09018098,,0,0,0,0,0,1,1,1,0,0
S(Cc1onc(-c2sccc2)n1)c1n(N)c(-c2ccc(F)cc2)nn1,,C14094263,,0,0,1,0,0,0,1,1,0,0
Oc1c(OC)cc([C@@H]2Nc3c(OC)ccc([N+](=O)[O-])c3[C@@H]3[C@H]2CC=C3)cc1,,C14458979,,0,0,0,0,0,0,0,0,0,0
O=[N+]([O-])c1c(/C=C/C(=O)NNC(=O)C23CC4CC(C2)CC(C3)C4)cccc1,,C15900697,,0,0,0,0,0,0,0,0,0,0
Oc1c(/C=N\NC(=O)[C@@H]2Oc3cc4ccccc4cc3OC2)ccc(OC)c1,,C16677679,,0,0,0,1,1,0,0,0,0,0
O(C)c1ccc(-c2c(-c3[nH]c4n([C@H](C)C5CC5)nc(C)c4n3)c[nH]n2)cc1,,C19791502,,0,0,1,0,0,1,1,1,1,0
O=C(NC1CCCC1)c1c(NC2CCCC2)nc2N=C3N(C(=O)c2c1)C=CC=C3,,C20059582,,0,0,1,0,0,0,1,1,0,0
Oc1c(OC)cccc1[C@H]1Nc2c(OC)ccc([N+](=O)[O-])c2[C@H]2[C@H]1CC=C2,,C20693947,,0,0,0,0,0,0,0,0,0,0
O([C@H](C)C(=O)NC(=O)NCC)C(=O)c1c(C)c2ccc3ccccc3c2o1,,C28854165,,0,0,0,0,0,0,0,0,0,0
O([C@H](C)C(=O)NC(=O)Nc1ccccc1)C(=O)C=1COc2ccccc2C=1,,C11188207,,0,0,0,0,0,0,0,0,0,0
O=C(Nc1c(C)cc(C)cc1)C[C@@H]1C(=O)Nc2n1nc(-c1ccc(C)cc1)n2,,C31814208,,0,0,1,0,1,1,0,1,0,0
Clc1cccc2c(C(=O)NC(=S)Nc3nn(CC)nn3)cccc12,,C32127869,,0,0,1,0,0,0,0,1,0,0
O=C(NCC(C)C)CN1C(=O)C=2[C@@H](c3ccc(C)cc3)NC(=O)N(C)C=2C1,,C35966985,,0,0,0,0,0,0,0,0,0,0
Oc1c([C@@H](NC(=O)C(C)C)c2cc([N+](=O)[O-])ccc2)ccc2cccnc12,,C00855781,,0,0,0,0,0,0,0,0,0,0
O(C)c1c(/C=C/C=2S[C@@H]3NN[C@H]([C@H]4N=NC(C(C)C)=C4)N3N=2)cccc1,,C38742734,,0,0,0,0,0,0,0,0,0,0
O(C)c1c(OC2CCCC2)ccc([C@@H]2C(C#N)=C(N)O[C@@H]3N=NC(C)=C23)c1,,C39327573,,0,0,0,0,0,0,0,0,0,0
O=C(Nc1c(N(C)C)cccc1)CN1C(=O)[C@]2(NC1=O)C[C@H](C)CC(C)(C)C2,,C23151967,,0,0,0,0,0,0,0,0,0,0
Brc1cc(/C=N/NC(=O)[C@H]2N=NC(c3occc3)=C2)c(O)cc1,,C39571137,,0,0,1,0,0,0,0,1,0,0
O=C(Nc1cc(C(=O)Nc2c(C(=O)C)cc3OCOc3c2)ccc1)[C@@H]1[C@H](C)C1,,C41762794,,0,0,0,0,0,0,0,1,0,0
O=[N+]([O-])c1cc(/C=C\2/C(=O)NC(=N)S/2)c(OCc2cc(C)ccc2)cc1,,C47155297,,0,0,0,0,0,0,0,1,0,0
Clc1cnc(NC(=O)[C@H](OC(=O)c2ccc3NC(=O)CCc3c2)C)cc1,,C48252965,,0,0,0,0,0,0,0,1,0,0
Brc1cc(-c2n(N)c(SCc3nc(CC)on3)nn2)ccc1,,C52889982,,0,0,1,1,0,0,0,1,0,0
O=C(Nc1c(C)c(C)ccc1)C=1[C@@H](c2c(OC)cccc2)n2ncnc2NC=1C,,C54616550,,0,0,0,0,0,0,0,0,0,0
Clc1cc(CSc2n(N)c(-c3occc3)nn2)c2OCOCc2c1,,C04601515,,0,0,1,0,0,0,0,1,0,0
O=C(NNC(=O)c1cc(-c2occc2)nc2ccccc12)/C=C/c1occc1,,C58189619,,0,0,1,1,0,0,1,1,0,0
O=C(N[C@@H](C)c1cc(NC(=O)C)ccc1)N(C)Cc1ccc2OCOc2c1,,C45720314,,0,0,1,0,0,1,0,1,0,0
S(CC(=O)N[C@H]1C=Cc2ccccc12)c1[nH]c2ccc([N+](=O)[O-])cc2n1,,C59449050,,0,0,0,0,0,0,0,0,0,0
Clc1c(-c2n(N)c(SCc3nc(CC)on3)nn2)ccc(Cl)c1,,C52876295,,0,0,1,1,0,0,1,1,0,0
O=C(/N=C(/Nc1ccccc1)\N=C\1/NC([O-])=C(C)C(C)=N/1)c1ccccc1,,C18179894,,0,0,1,0,0,0,0,1,0,0
O=C(Nc1[nH]nc(CCCC)c1)c1cc(C)nc2n3CCCCCc3nc12,,C64079102,,0,0,1,0,1,1,1,1,0,0
O=C(Nc1c(OC)cccc1)C=1[C@@H](c2c(C)ccs2)n2ncnc2NC=1C,,C08609837,,0,0,0,0,0,1,0,0,0,0
O=C(Nc1n(-c2cc(C)cc(C)c2)nc(C)c1)C=1C(=O)NC(c2occc2)=CC=1,,C65721579,,0,0,0,0,1,1,0,1,0,0
Clc1c(-n2ncc(C(=O)NNC(=O)OC(C)(C)C)c2)ccc(Cl)c1,,C65890438,,0,0,1,0,0,0,0,1,0,0
S(=O)(=O)(Nc1n(C2CCCC2)ncc1)c1ccc2NC(=O)c3cccc1c23,,C66248841,,0,0,1,0,0,0,1,1,1,0
Clc1c(/C(/C)=C\C(=O)NNC(=O)c2cc([N+](=O)[O-])ccc2)cccc1,,C66265694,,0,0,0,0,0,0,0,0,0,0
O(C)C(=O)C1[C@@H](c2c(OC)cc(OC)cc2)C=2C(=O)C[C@H](c3cc(OC)c(OC)cc3)CC=2N=C1C,,C06148648,,0,0,0,0,0,0,0,0,0,0
O(C)C(=O)c1c(C)nc(N2[C@@H](c3cc(OCC=C)ccc3)C=3C(=O)c4ccccc4OC=3C2=O)s1,,C03643338,,0,0,0,0,0,0,0,0,0,0
S(=O)(=O)(CCC(=O)/N=C\1/N(CCSC)c2ccc([N+](=O)[O-])cc2S/1)c1ccc(F)cc1,,C09564021,,0,0,0,0,0,0,0,1,0,0
S(=O)(=O)(N(C)C[C@@H]1OCCC1)c1ccc(C(=O)/N=C/2\N(C)c3c(OCC)cccc3S\2)cc1,,C09832181,,0,0,0,0,0,0,0,1,0,0
S(=O)(=O)(N(C)C1CC1)c1ccc(C(=O)/N=C\2/N(CC(OCC)=O)c3ccc(F)cc3S/2)cc1,,C10099810,,0,0,0,0,0,0,0,1,0,0
S(CC(=O)N1[C@H](C)CCC[C@H]1C)c1n(Cc2occc2)c(COc2cccc3cccnc23)nn1,,C00904971,,0,0,0,0,0,0,1,0,0,0
S(CC(=O)N1[C@@H](c2occc2)CC(c2ccc(OC)cc2)=N1)c1n(C)c(Cc2sccc2)nn1,,C13117095,,0,0,0,0,0,0,1,1,0,0
O=C(N([C@H](C)CC)[C@@H]1CS(=O)(=O)CC1)COc1ccc2C(=O)C(Oc3ccccc3)=C(C)Oc2c1,,C13128048,,0,0,0,0,0,0,0,0,0,0
S(CC(=O)N(C)[C@@H](C)c1sc2ccccc2n1)c1n(-c2ccc(OC(F)(F)F)cc2)nnn1,,C13164010,,0,0,1,0,0,1,1,1,0,0
O(CC)C(=O)[C@]1(C#N)[C@H]([C@@H](C(=O)c2ccc(OC(=O)C)cc2)N2[C@H]1C=Cc1ccccc21)c1occc1,,C09015567,,0,0,0,0,0,0,0,0,0,0
O=[N+]([O-])c1c(N(C)C)ccc(/C=C\2/C(=O)N(Cc3ccc(C#N)cc3)/C(=C/C(=O)C(C)(C)C)/S/2)c1,,C09562940,,0,0,0,0,0,0,0,0,0,0
S(CC(OCC)=O)c1n-2c(N(c3ccc(C)cc3)C(=O)c3c-2sc2COC(C)(C)Cc32)nn1,,C02272074,,0,0,0,0,0,0,1,0,0,0
S(CC(=O)N1[C@@H](c2ccc(OC)cc2)CC(c2ccccc2)=N1)c1n(Cc2sccc2)nnn1,,C14129352,,0,0,1,0,0,1,0,1,0,0
O=[N+]([O-])c1cc(C(=O)N(CCC)CC(=O)N2[C@H](c3ccc(OC)cc3)c3ccsc3CC2)ccc1,,C16507753,,0,0,0,0,0,0,0,1,0,0
Clc1ccc(-c2oc(SCC(O[C@H](C)C(=O)c3ccc4N(C(=O)C)CCc4c3)=O)nn2)cc1,,C16808200,,0,0,1,0,0,0,1,1,0,0
S(=O)(=O)(N(C)C)c1ccc2n(CC)c(COC(=O)c3nc(-c4ccc(C)cc4)sc3)nc2c1,,C17940011,,0,0,0,0,0,0,0,1,0,0
O(C)C(=O)[C@@H]1C[C@]2(C)[C@@](OC(=O)C)(C(=O)COC(=O)C)CC[C@H]2[C@@H]2CCC=3[C@](C)([C@H]12)C=CC(=O)C=3,,C20310453,,0,0,0,0,0,0,0,0,0,0
O(C)C(=O)[C@H]1C[C@@]2(C)[C@@](OC(=O)C)(C(=O)COC(=O)C)CC[C@H]2[C@@H]2CCC=3[C@](C)([C@H]12)C=CC(=O)C=3,,C20310462,,0,0,0,0,0,0,0,0,0,0
Brc1c(C)nc2sc3C(=O)N(c4ccc(C(OCC)=O)cc4)N=Nc3c2c1COC,,C09185187,,0,0,1,0,0,1,1,1,0,0
S(=O)(=O)(N(C)C)c1cc(C(O[C@H](C)C(=O)N2CCCc3ccccc23)=O)c(N2CCCC2)cc1,,C20982480,,0,0,0,0,0,0,0,0,0,0
S(CC(=O)N(C)C1CCC(C)CC1)c1n-2c(N(c3cc(OC)ccc3)C(=O)c3ccccc-23)nn1,,C22039193,,0,0,0,0,0,0,0,1,0,0
S(CC(=O)C(C#N)=C1N(C)c2ccccc2N1C)c1n(Cc2ccccc2)c(-c2c(C)occ2)nn1,,C22986733,,0,0,0,0,0,0,1,0,0,0
S(CC(=O)N1[C@@H](c2occc2)CC(c2occc2)=N1)C=1N(C2CCCC2)C(=O)c2ccccc2N=1,,C23222934,,0,0,0,0,0,0,1,0,0,0
O=C(N(C/C=C/c1ccccc1)c1ccc2OCCOc2c1)CN1C(=O)N(C)C2(C1=O)CCCCC2,,C24592903,,0,0,0,0,0,0,0,1,0,0
Clc1c(N2CCN(C(=O)CSc3n-4c(N(CC=C)C(=O)c5ccccc-45)nn3)CC2)cccc1,,C30553736,,0,1,1,0,0,0,0,0,0,0
Clc1c([N+](=O)[O-])cc(S(=O)(=O)N(CC(C)C)CC(=O)N2[C@@H](C)c3ccccc3CC2)cc1,,C35005629,,0,0,0,0,0,0,0,0,0,0
O=[N+]([O-])c1ccc(C(=O)N(CC(=O)N2[C@@H](c3ccccc3)c3n(ccc3)-c3ccccc23)C2CC2)cc1,,C35229752,,0,0,0,0,0,0,0,0,0,0
S(CC(=O)/N=C\1/N(CC(OC)=O)c2ccc(OC)cc2S/1)CC(=O)N1C[C@@H](C)C[C@H](C)C1,,C35340341,,0,0,0,0,0,0,0,1,0,0
O(CC)c1c(OCCC)ccc([C@H]2N(c3sc(C)nn3)C(=O)C=3Oc4ccc(C)cc4C(=O)C2=3)c1,,C35485686,,0,0,0,0,0,0,0,0,0,0
O(CC)c1c(OCC=C)ccc([C@@H]2N(c3sc(C)nn3)C(=O)C=3Oc4ccc(C)cc4C(=O)C2=3)c1,,C35485689,,0,0,0,0,0,0,0,0,0,0
O(CC)c1c(OCCC)ccc([C@@H]2N(c3sc(CC)nn3)C(=O)C=3Oc4ccccc4C(=O)C2=3)c1,,C35490747,,0,0,0,0,0,0,0,0,0,0
O(C)c1c(OCC=C)ccc([C@H]2N(c3sc(CC)nn3)C(=O)C=3Oc4ccc(C)cc4C(=O)C2=3)c1,,C35491005,,0,0,0,0,0,0,0,0,0,0
O=C(COC1=CC=CN2C(=O)C(c3nn(c(C)c3)-c3ccccc3)=C(C)N=C12)c1cc(OC)ccc1,,C35924574,,0,0,0,1,0,0,0,1,0,0
S(CC(=O)N1[C@H](c2occc2)CC(c2sccc2)=N1)c1n(CC=C)c(-c2c(C)occ2)nn1,,C36252295,,0,0,0,0,0,0,1,0,0,0
Brc1c(-c2oc(CSc3n-4c(N(CC=C)C(=O)c5ccccc-45)nn3)nn2)cccc1,,C03365165,,0,1,1,0,0,1,1,1,0,0
S(=O)(=O)(Oc1ccccc1)c1c(C)n(OC)c-2c1CCC(=O)c1c(OCC)c3ccccc3nc-21,,C39457602,,0,0,0,0,0,0,1,1,0,0
S(=O)(=O)(Oc1ccccc1)N1[C@@]2([C@H](S(=O)(=O)Oc3ccccc3)CCC1)C[C@H](OCC)CC2,,C39513577,,0,0,0,0,0,0,0,0,0,0
O(CC(=O)N1[C@@H](c2occc2)CC(c2ccc(C)cc2)=N1)C(=O)[C@@H]1N(C(=O)c2sccc2)CCC1,,C39615152,,0,0,0,0,0,0,0,0,0,0
O(CC)c1c(OCC)ccc([C@H]2N(c3sc(CCC)nn3)C(=O)C=3Oc4ccccc4C(=O)C2=3)c1,,C39837677,,0,0,0,0,0,0,0,0,0,0
O=C(Oc1ccc(/C=C\2/C(=O)n3c(-c4ccncc4)nnc3S/2)cc1)/C=C/c1ccc(OC)cc1,,C39868091,,0,0,1,1,0,0,1,1,0,0
O(C)c1c(OCC=C)ccc([C@H]2N(c3sc(C)nn3)C(=O)C=3Oc4c(C)cc(C)cc4C(=O)C2=3)c1,,C40041423,,0,0,0,0,0,0,0,0,0,0
S(Cc1scc(C(=O)N2C[C@@H](C)O[C@@H](C)C2)n1)c1n(c(-c2cnccc2)nn1)-c1c(C)cccc1,,C16461641,,0,0,1,0,0,1,1,1,0,0
S(c1scc(C)n1)c1c([N+](=O)[O-])cc(C(O[C@@H](C)C(=O)N2CCc3ccccc3C2)=O)cc1,,C45276656,,0,0,0,0,0,0,0,0,0,0
Clc1c(-n2nc(C)c3cc(C(OCC=4N=C5SC(CC)=NN5C(=O)C=4)=O)sc23)cccc1,,C45483616,,0,0,1,0,0,0,1,1,0,0
S([C@H](C)C(=O)N(C(C)C)C(C)C)c1oc(C2=NN(Cc3ccccc3)C(=O)c3ccccc23)nn1,,C16830197,,0,0,0,0,0,0,1,0,0,0
S(=O)(=O)(N1CCCC1)c1oc(CSC=2N(c3ncc(C)cc3)C(=O)c3ccccc3N=2)cc1,,C46849799,,0,0,1,0,0,0,1,1,0,0
S(=O)(=O)(N1C[C@H](C)C[C@H](C)C1)c1ccc(C(=O)/N=C\2/N(C)C(C)=C(C(OCC)=O)S/2)cc1,,C16837238,,0,0,0,0,0,0,0,0,0,0
S(=O)(=O)(N(C)C[C@H]1OCCC1)c1ccc(C(=O)/N=C/2\N(C)c3ccc(OCC)cc3S\2)cc1,,C09832057,,0,0,1,0,0,0,0,1,0,0
Clc1c(N2C(=O)[C@@H]3[C@H](N(c4ccccc4)O[C@@H]3C2=O)c2c(OC)cc(OC)c(OC)c2)cccc1,,C13811289,,0,0,0,0,0,0,0,0,0,0
O(CC)c1c(OCC)ccc(CN2C(=O)c3sccc3N3C(=O)N(Cc4ccc(C)cc4)N=C23)c1,,C64946656,,0,0,0,0,0,0,0,0,0,0
S(CC(=O)N(C)[C@H]1CS(=O)(=O)CC1)C=1N(c2c(OC)ccc(C)c2)C(=O)c2c(C)c(C)sc2N=1,,C03450660,,0,0,0,0,0,0,0,0,0,0
Brc1ccc(S(=O)(=O)N2[C@H](c3n(C)c(SCc4ccc([N+](=O)[O-])cc4)nn3)CCC2)cc1,,C01396990,,0,0,0,0,0,0,0,1,0,0
S=C1N(c2ccccc2)C(=O)C(=Cc2cc(OC)c(OCC(OCC)=O)cc2)C(=O)N1c1ccccc1,,C08860798,,0,0,0,0,0,0,0,0,0,0
S(=O)(=O)(N1C[C@H](C)O[C@@H](C)C1)c1ccc(C(=O)/N=C\2/N(CC#C)c3ccc([N+](=O)[O-])cc3S/2)cc1,,C09001202,,0,0,0,0,0,0,0,0,0,0
S=C1N([C@@H]2CS(=O)(=O)CC2)C(=O)/C(=C/C=2C(=O)N3C=CC=C(C)C3=NC=2N(CCC)CCC)/S1,,C09003978,,0,0,0,0,0,0,1,0,1,0
Clc1cc(c(OC(=O)C)cc1)C=1O[C@H](N(C(=O)C)N=1)c1cc(OCC)c(OC(=O)c2occc2)cc1,,C09586707,,0,0,0,0,0,0,0,0,0,0
O=C(N(/N=C/C=1C(=O)c2ccccc2OC=1)c1sc2cc(OC)ccc2n1)[C@@H]1Oc2ccccc2OC1,,C09629644,,0,0,1,0,0,0,1,1,0,0
O(C)CCOC(=O)C1[C@H](C=2C(=O)c3ccccc3OC=2)C=2C(=O)C[C@@H](c3c(OC)cccc3)CC=2N=C1C,,C09804900,,0,0,0,0,0,0,0,0,0,0
S(=O)(=O)(N(C)C(C)C)c1ccc(C(=O)N(Cc2cnccc2)c2sc3cc(OCC)ccc3n2)cc1,,C10099116,,0,0,1,0,0,1,1,0,0,0
S(CC(=O)N1[C@@H](c2ccc(F)cc2)CC(c2sccc2)=N1)c1n(CCOC)c(-c2ccncc2)nn1,,C10612312,,0,0,1,1,0,1,0,1,0,0
S(=O)(=O)(N1CCC(C(=O)/N=C\2/N(CCOC)c3c(OC)ccc(OC)c3S/2)CC1)c1sccc1,,C12464593,,0,0,0,0,0,0,0,1,0,0
S(=O)(=O)(N1[C@H](C(=O)/N=C\2/N(CCOCC)c3c(OC)ccc(OC)c3S/2)CCC1)c1sccc1,,C12465080,,0,0,0,0,0,0,0,1,0,0
Clc1c(S(=O)(=O)N2CCC(C(OCC(=O)N3CCc4ccccc4C3)=O)CC2)cc([N+](=O)[O-])cc1,,C12555470,,0,0,0,0,0,0,0,0,0,0
O=C(O[C@H]1[C@]2(C)[C@H](C(C)(C)CC1)C[C@@H](OC(=O)C)[C@@]13[C@H](OC(=O)C)[C@@H](C(=C)C1=O)C[C@@H](OC(=O)C)[C@@H]23)C,,C13407103,,0,0,0,0,0,0,0,0,0,0
O(CC(=O)N1[C@@H](c2ccc(OC)cc2)CC(c2ccccc2)=N1)C(=O)C=1C(=O)c2ccc(C)nc2N(CC)C=1,,C16044900,,0,0,1,0,0,0,0,0,0,0
S=C1N(CC=C)C(=O)/C(=C/C=2C(=O)N3C=CC=CC3=NC=2N2CCN(c3ccc(OC)cc3)CC2)/S1,,C16735050,,0,0,0,0,0,0,0,0,0,0
Brc1cc(N(S(=O)(=O)c2ccc(C)cc2)CC(=O)N2CCN(C(OCC)=O)CC2)ccc1,,C20235490,,0,0,0,0,0,0,0,0,0,0
Clc1ccc(Cn2c(N3CCN(C(=O)/C=C/c4ccccc4)CC3)nc3N(C)C(=O)N(C)C(=O)c23)cc1,,C21314815,,0,0,1,0,0,0,1,0,0,0
Clc1c(Cl)cc2C(=O)N([C@H](CCS(=O)(=O)C)C(OCc3cc([N+](=O)[O-])ccc3)=O)C(=O)c2c1,,C24522231,,0,0,0,0,0,0,0,0,0,0
S(=O)(=O)(N(C(=O)c1c(OC)cccc1OC)c1ccc2oc(C)c(C(=O)COC)c2c1)c1ccccc1,,C26570476,,0,0,0,0,0,0,0,1,0,0
S(=O)(=O)(N(CC(=O)N(Cc1ccc(F)cc1)C1CCN(C(=O)N(C)C)CC1)C1CC1)c1ccc(C)cc1,,C34909809,,0,0,0,0,0,0,0,0,0,0
S([C@@H](C)C(=O)N1CCN(c2ccc([N+](=O)[O-])cc2)CC1)C=1N(C)C(=O)C(Cc2ccc(F)cc2)=C(C)N=1,,C35158225,,0,0,0,0,0,0,0,0,0,0
Clc1c(C(=O)N(CC(=O)N2[C@@H](c3occc3)c3n(ccc3)-c3ccccc23)C2CC2)ccc([N+](=O)[O-])c1,,C35228817,,0,0,0,0,0,0,0,0,0,0
Fc1ccc2OC=3C(=O)N([C@H](c4cc(OCC)c(OCCCC)cc4)C=3C(=O)c2c1)c1sc(CC)nn1,,C35512239,,0,0,0,0,0,0,0,0,0,0
Brc1ccc2OC=3C(=O)N(CCN4CCOCC4)[C@@H](c4ccc([N+](=O)[O-])cc4)C=3C(=O)c2c1,,C35515516,,0,0,0,0,0,0,0,0,0,0
Clc1ccc(OCC(=O)N2CCC3(N(c4ccccc4)CN(CC(=O)N4CCCCC4)C3=O)CC2)cc1,,C35744007,,0,0,0,0,0,0,0,0,0,0
Clc1ccc([C@H]2N(C(=O)CN(CCN3CCOCC3)C(=O)c3occc3)N=C(c3sccc3)C2)cc1,,C35947879,,0,0,0,0,0,0,0,0,0,0
Clc1c(-c2nnc(N3CCN(C(=O)CN(Cc4ccccc4)C(=O)c4occc4)CC3)cc2)cccc1,,C36061675,,0,0,1,0,0,0,0,0,0,0
O=C(CN(CC=C)C(=O)c1ccc2OCOc2c1)N1[C@H](COc2cc(OC)ccc2)c2ccsc2CC1,,C36117525,,0,0,0,1,0,0,0,0,0,0
Fc1ccc([C@H]2N(C(=O)C)CCc3ccc(OCc4oc(C(=O)N5CCN(C(=O)C)CC5)cc4)cc23)cc1,,C37606579,,0,0,0,0,0,0,0,0,0,0
S(=O)(=O)(N(C)C)c1cc(C(OCC(=O)N2[C@H](c3ccc(OC)cc3)CC(c3ccccc3)=N2)=O)ccc1,,C08774754,,0,0,0,0,0,0,0,0,0,0
S(Cc1n(-c2ccc(C)cc2)nnc1C(=O)N1C[C@@H]2CN3C(=O)C=CC=C3[C@H](C1)C2)c1nc(C)cc(C)n1,,C38491162,,0,0,0,0,0,0,0,0,0,0
O(CCN1C(=O)/C(=C\c2c(-c3ccc(OC(C)C)cc3)nn(-c3ccccc3)c2)/C(C)=C(C#N)C1=O)C(=O)C,,C38608832,,0,0,0,0,0,0,0,0,0,0
S(=O)(=O)(C(C)C)c1cc(C(=O)N(CCn2c(C)cc(C)n2)c2sc3cccc(OCC)c3n2)ccc1,,C38902692,,0,0,1,0,0,0,1,1,0,0
Clc1ncnc2N(C)c3c(SC)cc(S(=O)(=O)C(C)C)cc3CC(S(=O)(=O)C(C)C)=Nc12,,C39480664,,0,0,0,0,0,0,0,0,0,0
S=C1N(CC(C)C)C(=O)/C(=C\C2=C(N(CCC)C(=O)C(C#N)=C2C)N2CCC(C(OCC)=O)CC2)/S1,,C39770234,,0,0,0,0,0,0,0,0,0,0
S=C1N(CCCOC)C(=O)/C(=C\C2=C(N(CCCC)C(=O)C(C#N)=C2C)N2C[C@@H](C)O[C@H](C)C2)/S1,,C39770775,,0,0,1,0,0,0,0,0,0,0
S=C1N(C[C@H]2OCCC2)C(=O)/C(=C\C2=C(N(CCCC)C(=O)C(C#N)=C2C)N2C[C@@H](C)O[C@@H](C)C2)/S1,,C39770780,,0,0,0,0,0,0,0,0,0,0
S=C1N(Cc2occc2)C(=O)/C(=C\C2=C(N(CCCC)C(=O)C(C#N)=C2C)N2C[C@@H](C)O[C@@H](C)C2)/S1,,C39770784,,0,0,0,0,0,0,1,0,0,0
Fc1ccc2OC=3C(=O)N([C@@H](c4cc(OCC)c(OCC=C)cc4)C=3C(=O)c2c1)c1sc(CCC)nn1,,C39840620,,0,0,0,0,0,0,0,0,0,0
Fc1ccc2OC=3C(=O)N([C@H](c4cc(OCC)c(OCC)cc4)C=3C(=O)c2c1)c1sc(CC(C)C)nn1,,C39840665,,0,0,0,0,0,0,0,0,0,0
Fc1ccc2OC=3C(=O)N(c4sc(CC(C)C)nn4)[C@@]4(C(=O)N(CC=C)c5ccccc45)C=3C(=O)c2c1,,C39890158,,0,0,0,0,0,0,0,0,0,0
S=C1N(C)C(=O)/C(=C\c2c(C)n(c(C)c2)-c2c(C)cc([N+](=O)[O-])cc2)/C(=O)N1c1ccc(OCC)cc1,,C59595778,,0,0,0,0,0,0,0,0,0,0
O(CC)C(=O)CN1C(=O)SC=2[C@H](c3ccc(N(C)C)cc3)[C@@H]3C(=O)N(c4ccccc4)C(=O)[C@@H]3SC1=2,,C15087357,,0,0,0,0,0,0,0,0,0,0
Brc1ccc(N2[C@@]3(N(C)N=CN3C(=O)c3ccc(OC)cc3)SC(C(OCC)=O)=N2)cc1,,C59942150,,0,0,0,0,0,0,0,0,0,0
S(=O)(=O)(N(C)C[C@H]1OCCC1)c1ccc(C(=O)/N=C/2\N(CCOC)c3ccc(OC)cc3S\2)cc1,,C09832321,,0,0,0,0,0,0,0,1,0,0
Clc1c(S(=O)(=O)N2CCc3ccccc3C2)cc(C(OCC2=NC(=O)[C@@H]3SC=CC3=N2)=O)cc1,,C38663974,,0,0,0,0,0,0,0,0,0,0
S(CCSC=1[C@@H](C#N)C2([C@H](C#N)C(=O)N=1)CCCCC2)C=1[C@H](C#N)C2([C@@H](C#N)C(=O)N=1)CCCCC2,,C57054397,,0,0,0,0,0,0,0,0,0,0
S(=O)(=O)(N1CCc2n(C)nc(CN(C(=O)c3ccccc3)c3ccccc3)c2C1)c1c(C)n(C)nc1C,,C64566853,,0,0,1,0,0,0,0,0,0,0
O(CC)C(=O)CN1C(=O)SC=2[C@H](c3sccc3)[C@H]3C(=O)N(c4ccc(OC)cc4)C(=O)[C@@H]3SC1=2,,C15087293,,0,0,1,0,0,0,0,0,0,0
Clc1ccc(S(=O)(=O)/C(=C/C=2C(=O)N3C=CC=C(C)C3=NC=2Oc2c(F)cccc2)/C#N)cc1,,C02367996,,0,0,0,0,0,0,0,0,0,0
Cl[C@@]12[C@H]([C@H](S(=O)(=O)c3ccc(C)cc3)SC)c3ccccc3N(CC)C1=NC(=O)N(C)C2=O,,C05732630,,0,0,0,0,0,0,0,0,0,0
Clc1ccc(-c2n(c(SCC(=O)N(C)[C@H]3CS(=O)(=O)CC3)nn2)-c2ccc(C)cc2)cc1,,C03400119,,0,0,0,0,0,0,0,0,0,0
Brc1ccc(C2=Nc3c(C(=O)N(C)Cc4c(C)nn(C)c4)cnn3C(C(F)(F)F)=C2)cc1,,C02753584,,0,0,1,0,0,0,0,1,0,0
Clc1cc(N2CCN(C(=O)C(=O)c3cn(CC(=O)N4CCCCC4)c4ccccc34)CC2)ccc1,,C09519434,,0,0,0,0,0,0,0,0,0,0
Clc1ccc2OC=C([C@H]3C(C(OC[C@@H]4OCCC4)=O)C(C)=NC=4CC(C)(C)CC(=O)C3=4)C(=O)c2c1,,C00805498,,0,0,0,0,0,0,0,0,0,0
S(CC(=O)N1CC[C@H](C)Sc2ccccc12)c1n(C[C@@H]2OCCC2)c(N2CCCCC2)nn1,,C12108192,,0,0,1,1,0,0,0,0,0,0
S(=O)(=O)(N1[C@@H](C(=O)/N=C\2/N(CCOC)c3c(F)cc(F)cc3S/2)CCC1)c1sccc1,,C12354701,,0,0,0,0,0,0,0,0,0,0
O(C)c1ccc(CN2[C@@H](c3c(C=4C(=O)Oc5ccccc5C=4)nn(-c4ccccc4)c3)SCC2=O)cc1,,C03231021,,0,0,0,0,0,0,0,0,0,0
Clc1cc(N(S(=O)(=O)c2cc(C(=O)N(C)Cc3ccc4OCCOc4c3)ccc2)C)ccc1,,C12851636,,0,0,0,0,0,0,0,1,0,0
BrC1=CN2C(=O)C=C(CSC=3N(Cc4occc4)C(=O)c4ccccc4N=3)N=C2C=C1,,C13070919,,0,0,1,0,0,0,1,1,0,0
S(=O)(=O)(N1CCCCC1)c1c(C(OCC(=O)N2CC[C@H](C)Sc3ccccc23)=O)cccc1,,C13107078,,0,0,0,0,0,0,0,0,0,0
Clc1ccc(S(=O)(=O)CCCC(=O)/N=C\2/N(CC#C)c3cc4OCCOc4cc3S/2)cc1,,C12631400,,0,0,1,0,0,0,0,1,0,0
Brc1ccc2OC=3C(=O)N(Cc4occc4)[C@@H](c4cc(OC)c(OC)cc4)C=3C(=O)c2c1,,C13770450,,0,0,0,1,0,0,0,0,0,0
Fc1ccc(-n2ncc3C(=O)N4[C@H](CC(=O)N5CCC(Cc6ccccc6)CC5)CSC4=Nc23)cc1,,C14012268,,0,0,1,0,0,0,1,0,0,0
O=C(N1CCC([C@H](N(C)C(=O)c2c(C)occ2)Cc2ccccc2)CC1)[C@H]1Oc2ccccc2OC1,,C14974249,,0,0,0,0,0,0,0,0,0,0
O=C(N(C)[C@@H](C)c1ccc2OCCOc2c1)C[C@]1(c2c(C)cccc2)C(=O)N(C2CCCC2)C(=O)C1,,C14996007,,0,0,0,0,0,0,0,0,0,0
Clc1c(C)c(N2C(=O)CN(C(=O)CN(Cc3occc3)C(=O)c3ccc(Cl)cc3)C2)ccc1,,C16646558,,0,0,0,0,0,0,0,0,0,0
Fc1ccc2OC=3C(=O)N(Cc4ccc5OCOc5c4)[C@@H](c4ccc(OCCC)cc4)C=3C(=O)c2c1,,C03656153,,0,0,0,0,0,0,1,0,0,0
O=C(N1CC2(CC)C(=O)C(CCC)(C1)CN(C(=O)[C@@H]1CC(C)(C)OCC1)C2)[C@H]1CC(C)(C)OCC1,,C16889152,,0,0,0,0,0,0,0,0,0,0
FC(F)(F)c1cc(CN2C(=O)c3c(sc4C[C@@H](N(C)Cc5c(C)non5)CCc34)N=C2)ccc1,,C19939749,,0,0,1,0,0,1,0,1,0,0
S(CC(=O)N1CCCCC1)C=1N(c2ccc(OC)cc2)C(=O)c2c(sc3CN(C)CCc23)N=1,,C20393389,,0,0,0,0,0,0,1,1,0,0
BrC1(Br)C(=O)N2[C@H](C(OCc3ccc([N+](=O)[O-])cc3)=O)C(C)(C)S[C@H]12,,C21984787,,0,0,0,0,0,0,0,0,0,0
O=C(CN1C(=O)c2ccsc2N=C1)N1[C@@H](c2ccc(OC)cc2)CC(c2ccc3ccccc3c2)=N1,,C23064724,,0,0,0,0,0,0,0,0,0,0
Brc1sc(S(=O)(=O)N2CCN(C(=O)[C@@H](Oc3ccc(OC)cc3)C)CC2)cc1,,C30775548,,0,0,0,0,0,0,0,0,0,0
S(=O)(=O)(C)N1C[C@H](C(=O)N2CCN(C/C=C/c3ccccc3)CC2)Oc2ccc(C(C)(C)C)cc12,,C30944735,,0,0,0,0,0,0,0,0,0,0
S=C1N(CCc2ccc(OC)cc2)C(=O)/C(=C\C=2C(=O)N3C=CC=CC3=NC=2N2CCCC2)/S1,,C33369009,,0,0,0,1,0,0,1,1,0,0
S=C1N([C@@H](C)CC)C(=O)/C(=C/C2=C(N(C)C(=O)C(C#N)=C2C)N2CCN(c3ccccc3)CC2)/S1,,C33450747,,0,0,0,0,0,0,0,0,0,0
S=C1N(CCC(C)C)C(=O)/C(=C/C2=C(N(CC)C(=O)C(C#N)=C2C)N2C[C@H](C)O[C@@H](C)C2)/S1,,C33474939,,0,0,0,0,0,0,0,0,0,0
S=C1N(Cc2ccc(OC)cc2)C(=O)/C(=C\C=2C(=O)N3C=C(C)C=CC3=NC=2N2CCCCC2)/S1,,C35300218,,0,0,0,0,0,0,0,1,0,0
Fc1ccc2OC=3C(=O)N([C@@H](c4cc(OCc5ccccc5)ccc4)C=3C(=O)c2c1)c1sc(CC)nn1,,C35512218,,0,0,0,0,0,0,0,0,0,0
Clc1cc(CN2C(=O)[C@@]3(S(=O)(=O)CC(=O)N3c3ccc(OCC)cc3)c3ccccc23)ccc1,,C08597808,,0,0,0,0,0,0,0,0,0,0
Clc1ccc2OC=3C(=O)N([C@H]4CS(=O)(=O)CC4)[C@@H](c4cc(OCCCC)ccc4)C=3C(=O)c2c1,,C38648753,,0,0,0,0,0,0,0,0,0,0
O=C(N([C@H]1CS(=O)(=O)CC1)C1CCCCC1)CN1C(=O)c2c(C)c(-c3ccccc3)sc2N=C1,,C22017502,,0,0,0,0,0,0,0,0,0,0
Clc1ccc(N2C(=O)C[C@@H](C(=O)Oc3cc(C)c(N4C(=O)[C@@H]5[C@@H](C4=O)[C@@H]4C[C@H]5C=C4)cc3)C2)cc1,,C13857144,,0,0,0,0,0,0,0,1,0,0
S(=O)(=O)(N1[C@H](C(OCC(=O)N2CC[C@H](C)Sc3ccccc23)=O)CCCC1)c1ccccc1,,C39654524,,0,0,0,0,0,0,0,0,0,0
S=C1N(Cc2ccc(OC)cc2)C(=O)/C(=C\C2=C(N(CC)C(=O)C(C#N)=C2C)N2CCCC2)/S1,,C39769254,,0,0,0,0,0,0,0,0,0,0
S=C1N(Cc2occc2)C(=O)/C(=C\C2=C(N(CC)C(=O)C(C#N)=C2C)N2C[C@H](C)C[C@H](C)C2)/S1,,C39769376,,0,0,0,0,0,0,1,0,0,0
Fc1ccc(CN2C(=O)[C@@]3(N(CCCOC)C(=O)C=4Oc5ccccc5C(=O)C3=4)c3ccccc23)cc1,,C39889634,,0,0,0,0,0,0,0,0,0,0
Fc1ccc2OC=3C(=O)N(CCCOC)[C@@]4(C(=O)N(Cc5c(C)cccc5)c5ccccc45)C=3C(=O)c2c1,,C39890269,,0,0,0,0,0,0,0,0,0,0
S([C@H](C)C(=O)N(C)[C@@H]1CS(=O)(=O)CC1)C=1N(c2c(C(C)C)cccc2)C(=O)c2ccccc2N=1,,C16718125,,0,0,0,0,0,0,0,0,0,0
Clc1cc(CN(Cc2occc2)C(=O)c2nn([C@H]3CS(=O)(=O)CC3)c3CCCCc23)ccc1,,C40987953,,0,0,0,0,0,0,0,0,0,0
S=C1N(C)C(=O)/C(=C\c2c(C)n(c(C)c2)-c2ccc(C(OCC)=O)cc2)/C(=O)N1c1ccccc1,,C59595608,,0,0,0,0,0,0,0,0,0,0
FC(F)(F)Oc1ccc(N2/C(=N/C(=O)COc3ccccc3)/S[C@H]3CS(=O)(=O)C[C@@H]23)cc1,,C32639196,,0,0,0,0,0,0,0,0,0,0
S(=O)(=O)(N1CCN(CC2=NC(=O)C=3C(S[C@H]4CCCCC=34)=N2)CC1)c1c(C(F)(F)F)cccc1,,C40051657,,0,0,0,0,0,0,0,0,0,0
S(=O)(=O)(N1CCc2n(C)nc(CN(C(=O)c3ccccc3)c3ccccc3)c2C1)c1c(C)cccc1,,C64566847,,0,0,0,0,0,0,0,0,0,0
Brc1ccc(CN2C(=O)N3c4ccsc4C(=O)N(Cc4ccc(OC)cc4)C3=N2)cc1,,C64946310,,0,0,0,0,0,0,0,0,0,0
FC(F)(F)c1ccc(-c2nc(CN3C(=O)N(c4ccc(F)cc4)C(=O)c4sccc34)on2)cc1,,C65112834,,0,0,0,0,0,0,1,0,0,0
Fc1ccc(N2C(=O)[C@@H]3[C@@H](c4ccccc4)C=4SC(=O)N(CC(OCC)=O)C=4S[C@H]3C2=O)cc1,,C15087361,,0,0,1,0,0,0,0,0,0,0
Fc1ccc(N2C(=O)[C@H]3[C@@H](c4ccccc4)C=4SC(=O)N(CC(OCC)=O)C=4S[C@@H]3C2=O)cc1,,C15087361,,0,0,1,0,0,0,0,0,0,0
F[C@H]1C[C@H]2[C@H]([C@]3(C)CCC(=O)C=C13)CC[C@]1(C)[C@]3(C(OCOC(=O)CC)=O)OC(C)(C)O[C@@H]3C[C@@H]21,,C04565800,,0,0,0,0,0,0,0,0,0,0
O=C(Oc1c([C@]23Oc4cc(OC(=O)C)ccc4C4(CCCC4)[C@H]2CCC3)ccc(OC(=O)C)c1)C,,C00630105,,0,0,0,0,0,0,0,0,0,0
Clc1ccc(S(=O)(=O)N(C)CC(OCC2=CC(=O)Oc3ccc4ccccc4c23)=O)cc1,,C08631172,,0,0,1,0,0,1,1,1,0,0
Clc1ccc(C2=NN(C(=O)CSc3oc(Cc4ccccc4)nn3)[C@@H](c3occc3)C2)cc1,,C08861263,,0,0,0,0,0,0,1,0,0,0
S(=O)(=O)(N1[C@H](C(=O)/N=C\2/N(CC#C)c3ccc(SC)cc3S/2)CCC1)c1ccc(OC)cc1,,C08841974,,0,0,0,0,0,0,0,0,0,0
Clc1c(S(=O)(=O)N2CCCCC2)cc(C(OCC(=O)N2CCCc3ccccc23)=O)cc1,,C09440903,,0,0,0,0,0,0,0,1,0,0
Fc1ccc(/C=C/2\CCC[C@@H]3[C@@H](N(C(=O)COC(=O)c4nccnc4)N=C\23)c2ccc(F)cc2)cc1,,C09443365,,0,0,0,0,0,0,0,0,0,0
Clc1c(CN2C(=O)N(c3ccc(OCC)cc3)C(=O)c3c(C)c(C(=O)N(C)C)sc23)cccc1,,C02956736,,0,0,0,0,0,0,0,0,0,0
S(=O)(=O)(N1[C@@H](C(=O)/N=C/2\N(CCOC)c3cc(C)cc(C)c3S\2)CCC1)c1sccc1,,C09327313,,0,0,0,0,0,0,0,0,0,0
Brc1cc(/C=C\2/C(=O)c3ccc(O[C@@H](C)C(OCC)=O)cc3O/2)c2OCOCc2c1,,C09577464,,0,0,0,0,0,0,0,1,0,0
O(CN1C(=O)c2ccccc2C1=O)C(=O)[C@@H]1[C@@H](N(c2ccc(C)cc2)C(=O)CC1)c1sccc1,,C09603387,,0,0,0,0,0,0,0,0,0,0
S(CCN1C(=O)c2ccccc2C1=O)C=1N(Cc2occc2)C(=O)c2c(sc3CCCc23)N=1,,C09955623,,0,0,1,0,0,0,1,1,0,0
S(=O)(=O)(C)N1[C@H](c2c(-c3ccccc3)nn(-c3ccccc3)c2)CC(c2cc(OC)ccc2)=N1,,C10434525,,0,0,0,0,0,0,0,0,0,0
S(=O)(=O)(N1[C@H](C(=O)/N=C\2/N(CCOC)c3c(F)cccc3S/2)CCC1)c1ccc(F)cc1,,C12345463,,0,0,0,0,0,0,0,0,0,0
Clc1ccc(S(=O)(=O)N2[C@H](C(=O)/N=C\3/N(CCOC)c4c(F)cccc4S/3)CCC2)cc1,,C12347060,,0,0,0,0,0,0,0,1,0,0
S(=O)(=O)(N(C)CCCN1c2ccccc2CCc2ccccc12)c1ccc2N(C)C(=O)N(C)c2c1,,C12428062,,0,0,1,0,0,0,0,1,0,0
S(CC(=O)c1c(C)n(c(C)c1)-c1ccc(C(OC)=O)cc1)c1n-2c(Sc3ccccc-23)nn1,,C00707055,,0,0,0,0,0,0,1,1,0,0
Clc1ccc(-c2oc(CN(S(=O)(=O)c3cccc4cc(C)cnc34)C3CCCC3)nn2)cc1,,C12553410,,0,0,0,0,0,0,1,0,0,0
O(CC(=O)c1c(n(C)c2ccccc12)-c1ccccc1)C(=O)c1c(C)c2C(=O)N3CCCC3=Nc2s1,,C13062648,,0,0,1,0,0,0,0,1,0,0
O(Cc1oc(-c2ccccc2)nn1)C(=O)[C@H]1[C@@H](N(c2ccc(C)cc2)C(=O)CC1)c1sccc1,,C13108950,,0,0,0,0,0,0,1,1,0,0
O=[N+]([O-])c1ccc(C(=O)N(CC(=O)N2[C@H](c3ccc(C)cc3)c3ccsc3CC2)[C@H](C)CC)cc1,,C16501023,,0,0,0,0,0,0,0,0,0,0
O=[N+]([O-])c1cc(C(=O)N(CC=C)CC(=O)N2[C@@H](c3c(C)cccc3)c3ccsc3CC2)ccc1,,C16530660,,0,0,0,0,0,0,0,0,0,0
S([C@H](C(=O)N(C)C)c1ccccc1)C=1N(c2ccc(C)cc2)C(=O)/C(=C/c2ccc3OCOc3c2)/N=1,,C17660622,,0,0,0,0,0,0,0,0,0,0
Clc1cc(F)c(C(OCC(=O)c2c(C)n(c(C)c2)C=2C(=O)N(N(C)C=2C)c2ccccc2)=O)cc1,,C18807860,,0,0,0,0,0,0,0,1,0,0
BrC1=CN2C(=O)C=C(CSc3oc(COc4c(C)ccc(C)c4)nn3)N=C2C=C1,,C20891457,,0,1,1,0,0,1,1,1,0,0
S(=O)(=O)(C)N1CCCc2cc(C(=O)COC(=O)C3c4ccccc4Oc4ccccc34)ccc12,,C21173531,,0,0,0,0,0,0,0,0,0,0
S(CC(=O)c1ccc2OCOc2c1)C=1N(C[C@@H]2OCCC2)C(=O)c2c(sc3CCCCc23)N=1,,C21182204,,0,0,0,0,0,0,0,0,0,0
S(=O)(=O)(N(C)C)c1ccc2n(CC)c(CSc3n(-c4ccccc4)c4CCCCc4n3)nc2c1,,C21226282,,0,0,0,0,0,0,0,0,0,0
Clc1c(S(=O)(=O)N2CCc3ccccc23)cc(C(OCC(=O)N2C[C@H](C)C[C@H](C)C2)=O)cc1,,C13142009,,0,0,0,0,0,0,0,0,0,0
O(CC(=O)N1[C@H](c2ccccc2)CSc2ccccc12)C(=O)C=1C(=O)C=C(C)N(c2ccccc2)N=1,,C25852334,,0,0,1,0,0,0,0,0,0,0
S(=O)(=O)(N1CCc2ccccc12)c1ccc(/C=C/C(OCC(=O)N2CCc3ccccc23)=O)cc1,,C28365180,,0,0,0,0,0,0,0,1,0,0
S([C@H](C)C(=O)/C=C\1/N(C)c2ccccc2C/1(C)C)c1n(CC)c(CN2C(=O)CCCCC2)nn1,,C29866853,,0,0,0,0,0,0,0,0,0,0
S(Cc1scc(C(=O)N2CCC(C)CC2)n1)c1n(c(-c2cnccc2)nn1)-c1ccc(C)cc1,,C00965722,,0,0,1,0,0,0,1,1,0,0
O(CC)c1c(OCC)ccc([C@@H]2N(c3ncccc3)C(=O)C=3Oc4cc(C)c(C)cc4C(=O)C2=3)c1,,C35514477,,0,0,0,0,0,0,0,0,0,0
O(CC)c1c(OCC)ccc([C@@H]2N(c3ncc(C)cc3)C(=O)C=3Oc4ccc(C)cc4C(=O)C2=3)c1,,C35514875,,0,0,0,0,0,0,0,0,0,0
S(CC(=O)N1[C@H](c2sccc2)CC(c2sccc2)=N1)c1n(-c2c(OC)cccc2)cnn1,,C36849680,,0,0,0,0,0,0,0,0,0,0
O=C(N(C)Cc1occc1)COc1ccc2CCN(C(=O)c3occc3)[C@H](c3cc(C)ccc3)c2c1,,C37604665,,0,0,0,0,0,0,0,1,0,0
O=S1(=O)C[C@@H](N2[C@H](c3cc(OCCCCC)ccc3)C=3C(=O)c4cc(C)ccc4OC=3C2=O)CC1,,C38648595,,0,0,0,0,0,0,0,0,0,0
O=S1(=O)C[C@@H](N2[C@H](c3cc(OCCCC)ccc3)C=3C(=O)c4cc(C)c(C)cc4OC=3C2=O)CC1,,C38649090,,0,0,0,0,0,0,0,0,0,0
ClN1[C@@]2([C@H](S(=O)(=O)Oc3ccccc3)CCC1)C[C@@H](S(=O)(=O)Oc1ccccc1)CC2,,C39513892,,0,0,0,0,0,0,0,0,0,0
O(CC(=O)N([C@@H]1CS(=O)(=O)CC1)C1CCCCC1)C(=O)c1sc-2c(COc3ccccc-23)c1,,C09817670,,0,0,1,0,0,0,0,1,0,0
O(CC(=O)N1CCN(c2ccccc2)CC1)C(=O)[C@H]1[C@@H](C(=O)N2CCc3ccccc23)CCCC1,,C39622632,,0,0,0,0,0,0,0,0,0,0
O=C(Oc1c(OCC)cc(/C=C\2/C(=O)c3c(C)cc(C)cc3O/2)cc1)[C@@H]1Oc2ccccc2OC1,,C40129759,,0,0,0,0,0,0,1,1,0,0
S(C)c1n2C=CC=Cc2c(C(OCC(=O)N2[C@H](c3sccc3)CC(c3sccc3)=N2)=O)n1,,C48311358,,0,0,0,0,0,0,0,0,0,0
S(=O)(=O)(C(F)(F)F)c1ccc2N(CC)/C(=C/C=C/3\C(=O)N(CC)C(=S)O\3)/N(CC)c2c1,,C16134273,,0,0,0,0,0,0,0,1,0,0
S(CC(=O)/C(/C#N)=C/1\N(C)c2ccccc2S\1)c1n(c(-c2occc2)nn1)-c1ccccc1,,C12524892,,0,0,0,0,0,0,1,0,0,0
O=C(O[C@@H]1[C@@H](C(C)C)CC[C@@H](C)C1)c1cc(C2CC2)nc2n([C@@H]3CS(=O)(=O)CC3)nc(C)c12,,C57565352,,0,0,1,0,0,0,0,0,0,0
O(C)C(=O)C=1S[C@@]2(N(Cc3ccccc3)C(C)=C(C(=O)C)S2)N(c2ccc(OC)cc2)N=1,,C59121878,,0,0,0,0,0,0,0,0,0,0
Brc1cc(/C=C\2/C(=O)c3c(C)cc(OCC(OCC)=O)cc3O/2)c2OCOCc2c1,,C41432164,,0,0,0,0,0,0,0,0,0,0
Clc1ccc(OCCN2CCN(S(=O)(=O)c3c(C)sc([C@@H]4N=NC(C)=C4)c3)CC2)cc1,,C65137699,,0,0,0,0,0,0,0,0,0,0
O=[N+]([O-])c1cc(-c2c(C(OCC)=O)c(NC(=O)c3cccc4ccccc34)sc2)ccc1,,C01921910,,0,0,0,0,0,0,0,0,0,0
Clc1ccc(-c2oc(/C=C(/C(=O)Nc3c([N+](=O)[O-])cc(C)cc3)\C#N)cc2)cc1,,C05698326,,0,0,0,0,0,0,0,0,0,0
Oc1c(N2C(=O)/C(=C\C=C\c3ccccc3)/N=C2c2ccccc2)ccc([N+](=O)[O-])c1,,C05946241,,0,0,0,0,0,0,1,0,0,0
O=C(Nc1ccc(C(C)(C)C)cc1)/C(=C/c1occc1)/n1c(-c2ccccc2)nnn1,,C06053634,,0,0,0,0,0,0,0,0,0,0
O=C(Nc1c(C#N)c2CC[C@@H](C(C)(C)C)Cc2s1)Cn1nc(-c2c(C)cccc2)nn1,,C08590800,,0,0,1,0,0,0,1,0,0,0
Brc1c(OCC(=O)N/N=C(\C)/c2ccc([N+](=O)[O-])cc2)ccc2ccccc12,,C08721755,,0,0,0,0,0,0,0,1,0,0
Brc1c(Cl)cc(-c2oc(/C=N/Nc3ncc([N+](=O)[O-])cc3)cc2)cc1,,C08741311,,0,0,1,0,0,0,0,1,0,0
O(Cc1ccccc1)C(=O)C=1[C@@H](c2cc(Oc3ccccc3)ccc2)n2ncnc2NC=1C,,C08843542,,0,0,0,0,0,1,0,0,0,0
Clc1c(Cc2sc(NC(=O)c3cc([N+](=O)[O-])c(Cl)cc3)nn2)ccc(Cl)c1,,C00841324,,0,0,0,0,0,0,0,1,0,0
Clc1c(CN/N=C/c2c(C)n(c(C)c2)-c2c(OC)cc([N+](=O)[O-])cc2)c(Cl)ccc1,,C09196593,,0,0,0,0,0,0,0,1,0,0
[S@](=O)(Oc1ccc([N+](=O)[O-])cc1)N1[C@H](c2[nH]c3ccccc3c2)c2ccccc2C=C1,,C09424587,,0,0,0,0,0,0,0,0,0,0
O(CC(=O)Nc1cccc2C(=O)c3ccccc3C(=O)c12)C(=O)c1ccc(OC(C)C)cc1,,C09534307,,0,0,1,0,0,0,1,1,0,0
S(=O)(=O)(Nc1ccc2O[C@@H]3CC[C@@H](C(C)(C)CC)C[C@H]3c2c1)c1cc([N+](=O)[O-])ccc1,,C06142735,,0,0,0,0,0,0,0,1,0,0
S(CC1=CC(=O)Oc2c(C)c(O)ccc12)c1n(C2CCCCC2)c(-c2occc2)nn1,,C10014881,,0,0,1,0,0,0,1,1,0,0
O([C@H](C)C(=O)Nc1ccc2C(=O)c3ccccc3C(=O)c2c1)C(=O)COc1cc(C)ccc1,,C10366076,,0,0,0,0,0,0,1,1,0,0
Brc1c(C)cc(OCC(=O)N/N=C/c2cc([N+](=O)[O-])c(Cl)cc2)cc1,,C12484963,,0,0,0,0,0,0,0,1,0,0
Fc1ccc(/C=C(\NC(=O)c2ccccc2)/C(OCN2C(=O)c3ccccc3C2=O)=O)cc1,,C12655324,,0,0,0,0,0,0,0,0,0,0
Clc1c(C)cc(OCC(OCC(=O)Nc2ccc3OC4(Oc3c2)CCCC4)=O)cc1,,C13125975,,0,0,0,0,0,0,0,1,0,0
O=C(NC1CCCC1)/C(=C/C=1C(=O)N2C=CC=C(C)C2=NC=1Oc1cc(C)cc(C)c1)/C#N,,C13769904,,0,0,0,0,0,0,0,0,0,0
O(CC)C(=O)Nc1ccc2C(COC(=O)c3sc4CC[C@H](C)Cc4c3)=CC(=O)Oc2c1,,C03380961,,0,0,0,0,0,0,1,1,0,0
Brc1ccc2oc(C(=O)Nc3c([N+](=O)[O-])cc(OCC)cc3)c(C)c2c1,,C16391771,,0,0,0,0,0,0,0,1,0,0
Clc1c(-c2oc(/C=C(/C(=O)Nc3c(C)ccc(C)c3)\C#N)cc2)ccc([N+](=O)[O-])c1,,C16411795,,0,0,0,0,0,0,0,0,0,0
Clc1c([N+](=O)[O-])cc(C(=O)Nc2c(C(OCC)=O)c3CC[C@@H](CC)Cc3s2)cc1,,C17100855,,0,0,0,0,0,0,0,1,0,0
Clc1cc(C(O[C@H](C(=O)Nc2c([N+](=O)[O-])cc(C)cc2)c2ccccc2)=O)c(F)cc1,,C18799217,,0,0,0,0,0,0,0,0,0,0
Clc1c(/C=N/N2C(=S)NN=C2c2ccc(C(C)(C)C)cc2)cc([N+](=O)[O-])cc1,,C02326785,,0,0,0,0,1,1,0,1,0,0
O=[N+]([O-])c1cc(C(=O)N(CC=2C(=O)Nc3ccc(C)cc3C=2)c2c(C)cc(C)cc2)ccc1,,C13661751,,0,0,0,0,0,0,0,0,0,0
Clc1ccc(-c2c(COC)nn3C(C)=C(C(=O)Nc4c(C)cc(C)cc4)N=Nc23)cc1,,C21006167,,0,0,1,0,0,0,1,1,0,0
O=[N+]([O-])c1c(C)ccc([C@H]2CC(=O)NC=3C[C@H](c4ccc(OC(C)C)cc4)CC(=O)C2=3)c1,,C21254659,,0,0,0,0,0,0,0,0,0,0
O=C(NC1CCCCC1)CN1C(=O)N(S(=O)(=O)c2ccccc12)c1cc(CC)ccc1,,C21657822,,0,0,0,0,0,0,0,0,0,0
S(c1c([N+](=O)[O-])cc(/C=C(\C(=O)Nc2c(OC)cccc2)/C#N)cc1)c1ccc(C)cc1,,C32124886,,0,0,0,0,0,0,0,1,0,0
Clc1c(NC(=O)CSC=2N(CCC(C)C)C(=O)c3nn(C)cc3N=2)ccc(C)c1,,C33265335,,0,1,1,1,0,1,1,1,0,0
Clc1c(NC(=O)/C(=C\c2c(OCc3ccc([N+](=O)[O-])cc3)cccc2)/C#N)cccc1,,C00853118,,0,0,0,0,0,0,0,1,0,0
N(N(N(C)C)c1nc(-n2c(C)cc(C)n2)nc2sc(C)c(C)c12)c1c(C)cccc1,,C34786964,,0,0,0,0,0,0,1,0,0,0
Clc1ccc(N2CCN3[C@@H]([C@@H](C(=O)NCC(C)C)Cc4cc([N+](=O)[O-])ccc34)C2)cc1,,C35894636,,0,0,0,0,0,0,0,0,0,0
O=[N+]([O-])c1ccc(C(=O)N([C@@H](C(=O)NC(C)(C)C)C2CCCCC2)C2CCCCC2)cc1,,C36492570,,0,0,0,0,0,0,0,0,0,0
Clc1cc(N([C@@H](/C=C\C)C(=O)NC(C)(C)C)C(=O)c2cc([N+](=O)[O-])ccc2)ccc1,,C36553142,,0,0,0,0,0,0,0,0,0,0
Clc1cc(N([C@@H](/C=C/C)C(=O)NC(C)(C)C)C(=O)c2ccc([N+](=O)[O-])cc2)ccc1,,C36554495,,0,0,0,0,0,0,0,0,0,0
O=C(Nc1c(OCC)cccc1)CN1C(=O)c2c(sc3C[C@@H](C(C)(C)C)CCc23)N=N1,,C01321031,,0,0,1,0,0,0,1,1,0,0
O=C/1N(CC=C)c2ccc(C)cc2\C\1=N/NC=1N(c2ccccc2)C(=O)c2ccccc2N=1,,C15776868,,0,0,1,0,0,0,1,1,0,0
Brc1cc(F)c(NC(=O)[C@H](OC(=O)c2c([N+](=O)[O-])cc(Cl)cc2)C)cc1,,C39547869,,0,0,0,0,0,0,0,0,0,0
Clc1ccc(OCC=2SC=3N([C@H]([C@H]4N=NC(c5ccc(F)cc5)=C4)NN=3)N=2)cc1,,C39592489,,0,0,0,0,0,0,0,1,0,0
Clc1ccc(-c2nc(SCC(=O)N/N=C/c3c([N+](=O)[O-])cccc3)sc2)cc1,,C40924690,,0,0,1,0,0,1,0,1,0,0
Brc1c(C)c(Cl)c(C)cc1OCC(=O)N/N=C/c1c([N+](=O)[O-])cccc1,,C40950683,,0,0,0,0,0,0,0,1,0,0
Clc1c(C)cc(O[C@H](C)C(=O)NC=2Sc3n(c(-c4ccc(C)cc4)nn3)N=2)cc1C,,C41005939,,0,0,1,0,0,0,1,1,0,0
O([C@H](C)C(=O)Nc1cccc2C(=O)c3ccccc3C(=O)c12)C(=O)[C@H](Oc1ccccc1)C,,C45371721,,0,0,0,0,0,0,1,1,0,0
S(Cc1onc(-c2ccc(C(F)(F)F)cc2)n1)c1oc(-c2c[nH]c3ccccc23)nn1,,C45795287,,0,0,1,0,0,1,1,1,0,0
Oc1ccc(/C=N\N=C\2/N(Cc3occc3)C(=O)/C(=C/c3ccc(OC)cc3)/S/2)cc1,,C47137338,,0,0,0,0,1,0,0,1,0,0
FC(F)(F)c1cc(CC(=O)N/N=C/c2c(C)n(c(C)c2)-c2cc([N+](=O)[O-])ccc2)ccc1,,C59136476,,0,0,0,0,0,0,0,1,0,0
Brc1ccc(C(=O)N/N=C\c2oc(-c3ccc([N+](=O)[O-])cc3)cc2)cc1,,C33350929,,0,0,0,0,0,0,0,1,0,0
O=C(Nc1c(C)cc(C)cc1)N(C)CCc1nc(COc2cc(C)cc(C)c2)on1,,C64840330,,0,0,1,0,0,1,0,1,0,0
O=C(N([C@H](C(=O)NC1CCCCC1)c1n(C)ccc1)c1cc(C(=O)C)ccc1)Cn1nnc2ccccc12,,C00922746,,0,0,0,0,0,0,1,0,1,0
S(=O)(=O)(N(CC(=O)NC=1C(=O)N(N(C)C=1C)c1ccccc1)c1cc(OC)ccc1)c1ccc(C)cc1,,C00656697,,0,0,0,0,0,0,0,0,0,0
S(CC(=O)Nc1c(C)ccc([N+](=O)[O-])c1)C=1N(CCOC)C(=O)c2c(sc3CCCCc23)N=1,,C08639739,,0,0,1,0,0,0,1,0,0,0
S(CC(=O)Nc1cc([N+](=O)[O-])c(F)cc1)C=1N(CCOC)C(=O)c2c(sc3CCCCc23)N=1,,C08639979,,0,0,1,0,0,0,0,0,0,0
O(C)C(=O)c1c(NC(=O)COC(=O)c2ccc3C(=O)N(C(C)C)C(=O)c3c2)sc2C[C@H](C)CCc12,,C01973461,,0,0,0,0,0,0,0,1,0,0
O=[N+]([O-])c1cc([C@H]2N3C(=O)CN(CCc4ccc(OC)cc4)C(=O)[C@@H]3Cc3c4ccccc4[nH]c23)ccc1,,C02150534,,0,0,0,0,0,0,0,0,0,0
Clc1c([N+](=O)[O-])cc(S(=O)(=O)N(CC(=O)NC[C@H]2OCCC2)c2ccc(Cl)cc2)cc1,,C09141420,,0,0,0,0,0,0,0,0,0,0
Clc1ccc2C(=O)N(C[C@H]3OCCC3)C(SCC(=O)Nc3c(F)ccc([N+](=O)[O-])c3)=Nc2c1,,C09181373,,0,0,0,0,0,0,1,0,0,0
O(C)C(=O)c1c(NC(=O)C=2C(=O)Oc3ccc4ccccc4c3C=2)sc2CN(C(OCC)=O)CCc12,,C09347555,,0,0,1,0,0,0,1,1,0,0
S(=O)(=O)(N(CC(=O)N1CC(=O)Nc2ccccc12)c1c(OC)ccc(OC)c1)c1ccc(C)cc1,,C09427014,,0,0,0,0,0,0,0,0,0,0
Fc1c(N2C(=O)c3c(NC(=O)C=4C(=O)Oc5ccccc5C=4)scc3C(C(OCC)=O)=N2)cccc1,,C10247186,,0,0,0,0,0,0,1,1,0,0
O(Cc1nc(N(C(=O)C)c2c(C)cc(C)cc2)sc1)C(=O)CN1C(=O)[C@]2([C@H](C)CCCC2)NC1=O,,C10695464,,0,0,0,0,0,0,0,0,0,0
Clc1c(NC(=O)[C@@H](SC=2N(C[C@@H]3OCCC3)C(=O)c3ccccc3N=2)C)ccc([N+](=O)[O-])c1,,C11363454,,0,0,0,0,0,0,0,1,0,0
Clc1c(NC(=O)[C@H](SC=2N(C[C@@H]3OCCC3)C(=O)c3ccccc3N=2)C)ccc([N+](=O)[O-])c1,,C11363455,,0,0,0,0,0,0,1,1,0,0
Brc1cc(-c2n(C)c(SCC(=O)N/N=C(\C)/c3ccc([N+](=O)[O-])cc3)nn2)ccc1,,C12363932,,0,0,1,0,0,0,0,1,0,0
S(CC(=O)Nc1c(C(OC)=O)c2CCCCc2s1)c1n-2c(C(C)=Cc3cc4OCOc4cc-23)nn1,,C12470447,,0,0,1,0,0,0,1,1,0,0
Fc1cc(N([C@H](C(=O)NC2CCCCC2)c2occc2)C(=O)Cn2nc(-c3ccccc3)nn2)ccc1,,C12475225,,0,0,0,0,0,0,0,0,0,0
Fc1c(N([C@@H](C(=O)NC(C)(C)C)c2sccc2)C(=O)Cn2nc(-c3oc(C)cc3)nn2)cccc1,,C12478798,,0,0,0,0,0,0,1,0,0,0
Clc1ccc(OC(C)(C)C(=O)NCCN2C(=O)/C(=C/c3ccc([N+](=O)[O-])cc3)/SC2=O)cc1,,C03561531,,0,0,0,0,0,0,0,1,0,0
Fc1c(N([C@H](C(=O)NC2CCCC2)c2ccc(F)cc2)C(=O)Cn2nc(-c3oc(C)cc3)nn2)cccc1,,C12702619,,0,0,0,0,0,0,1,0,0,0
Fc1cc(N([C@H](C(=O)NC2CCCCC2)c2c(C)nn(C)c2)C(=O)Cn2nnc3ccccc23)ccc1,,C00922707,,0,0,0,0,0,0,1,0,0,0
Clc1cc([N+](=O)[O-])c(N2CCN(C(=O)[C@@H](NS(=O)(=O)c3c(F)cccc3)C(C)C)CC2)cc1,,C18042401,,0,0,0,0,0,0,0,0,0,0
Clc1cc([N+](=O)[O-])c(N2CCN(C(=O)[C@@H](NS(=O)(=O)c3ccc(C)cc3)C(C)C)CC2)cc1,,C18042697,,0,0,0,0,0,0,0,0,0,0
O=[N+]([O-])c1c(C)c(NC(=O)[C@@H]2[C@H](N(c3ccc(OC)cc3)C(=O)CC2)c2c(OC)cccc2)ccc1,,C19164867,,0,0,0,0,0,0,0,0,0,0
S(CC)CCOC(=O)C=1[C@H](c2c([N+](=O)[O-])cc3OCOc3c2)C=2C(=O)CC(C)(C)CC=2NC=1C,,C02927447,,0,0,0,0,0,0,0,0,0,0
O(C)c1ccc2C=C([C@H](N3CCN(c4c(C)c(C)ccc4)CC3)c3n(C4CCCC4)nnn3)C(=O)Nc2c1,,C20080261,,0,0,0,0,0,0,0,0,0,0
O(CC(=O)Nc1c(C(=O)C)cc2OCOc2c1)C(=O)[C@H]1[C@H](C(=O)N2CCc3ccccc23)CCCC1,,C21281073,,0,0,0,0,0,0,0,1,0,0
O=C(Nc1c(OCC)cccc1)CN1C=C(c2onc(-c3ccc(C)cc3)n2)C(=O)c2ccc(C)nc12,,C21655368,,0,0,0,0,0,1,1,1,0,0
S(=O)(=O)(N1CCCCCC1)c1cc(NC(=O)[C@H](Sc2ccc([N+](=O)[O-])cc2)C)c(OC)cc1,,C23123251,,0,0,0,0,0,0,0,0,0,0
Clc1c(NC(=O)[C@H](Sc2n(C[C@@H]3OCCC3)c(-c3sccc3)nn2)C)cc([N+](=O)[O-])cc1,,C28677779,,0,0,1,0,0,0,0,0,0,0
O=C(CN1C(=O)[C@](C)(c2ccc(C(C)(C)C)cc2)NC1=O)N1[C@@H](c2occc2)CC(c2occc2)=N1,,C32835691,,0,0,0,0,0,0,0,0,0,0
Clc1c([N+](=O)[O-])cc(C(=O)N[C@@H](C(C)C)C(=O)N2C[C@@H](C)N(C(=O)CCC3CCCC3)CC2)cc1,,C34998514,,0,0,0,0,0,0,0,0,0,0
O(CC)C(=O)[C@H]1[C@@H](c2occc2)CC=2NC(C)=C(C(OCC)=O)[C@@H](c3ccc4OCOc4c3)C=2C1=O,,C35171284,,0,0,0,0,0,0,0,0,0,0
Oc1c(OCC)cc([C@H]2N(c3sc(C(OC)=O)c(C)n3)C(=O)C=3Oc4ccc(C)cc4C(=O)C2=3)cc1,,C35512403,,0,0,0,0,0,0,0,0,0,0
O(CC)C(=O)C=1[C@@H](c2ccc(C(C)C)cc2)NC(=O)N(C)C=1CN1CCN(C(=O)c2occc2)CC1,,C36005229,,0,0,0,0,0,0,0,0,0,0
Clc1c(NC(=O)[C@H](OC(=O)c2ccc(N3C(=O)CCC3)cc2)c2ccccc2)ccc([N+](=O)[O-])c1,,C36186537,,0,0,0,0,0,0,0,0,0,0
O=[N+]([O-])c1ccc(CN2C(=O)N(CC(=O)Nc3c(C)cccc3)C(=O)c3c2sc2CCCc32)cc1,,C37640428,,0,0,0,0,0,0,1,0,0,0
O(CC)C(=O)c1c(NC(=O)[C@H](C)N2C(=O)C=CC(c3ccc4OCOc4c3)=N2)sc2CCCCCc12,,C38827732,,0,0,1,0,0,0,0,1,0,0
S(=O)(=O)(Oc1ccccc1)N1C(=O)c2cc3c(OCC)cccc3nc2C=2N[C@H](SC)CC(=O)C1=2,,C39453263,,0,0,0,0,0,0,1,1,0,0
S([C@H](C)C(=O)Nc1n(C(C)C)ncc1)c1n-2c(N(Cc3ccccc3)C(=O)c3ccccc-23)nn1,,C09946976,,0,0,1,1,0,0,0,0,0,0
O=C(Oc1ccc2C=C(C(=O)NCCc3ccccc3)C(=O)Oc2c1)[C@H](C)N1C(=O)c2ccccc2C1=O,,C40897342,,0,0,0,0,0,0,1,1,0,0
O=C(Nc1c(OCC)cccc1)N1CCN(CC=2N=C3SC(c4sccc4)=NN3C(=O)C=2)CC1,,C41077438,,0,1,1,0,0,0,1,1,0,0
Clc1cc(NC(=O)COc2c(C)ccc(C)c2)c(OCC=2N=C3N(N(C(C)C)C=N3)C(=O)C=2)cc1,,C41089786,,0,0,1,0,0,1,1,1,0,0
Clc1cc(NC(=O)COc2cc(C)cc(C)c2)c(OCC=2N=C3N(N(C(C)C)C=N3)C(=O)C=2)cc1,,C41089789,,0,0,1,0,0,1,1,1,0,0
Clc1n(Cc2c(Cl)cccc2Cl)nc(C)c1/C=N/NC(=O)c1ccc(-n2nnnc2)cc1,,C45334191,,0,0,0,0,0,1,0,1,0,0
O=C1C(CN(Cc2ccc3OCOc3c2)[C@@H](CC)c2n(C(C)(C)C)nnn2)=Cc2ccc(C)cc2N1,,C01374098,,0,0,1,0,0,0,0,0,0,0
Brc1ccc(OCC(=O)Nc2sc(S(=O)(=O)c3ccc([N+](=O)[O-])cc3)cn2)cc1,,C01891969,,0,0,0,0,1,0,1,1,0,0
S(Cc1ccccc1)C=1SC=2N(C(=N)/C(=C/c3oc(-c4ccc([N+](=O)[O-])cc4)cc3)/C(=O)N=2)N=1,,C01853025,,0,0,0,0,0,0,1,1,0,0
O=C1C([C@@H](N(C[C@H]2OCCC2)Cc2occc2)c2n(C3CCCCC3)nnn2)=Cc2cc(C)c(C)cc2N1,,C57608781,,0,0,0,0,0,0,0,0,0,0
O=C1C(CN(Cc2ccc3OCOc3c2)[C@@H](CC)c2n(C3CCCCC3)nnn2)=Cc2ccc(C)cc2N1,,C57640729,,0,0,0,0,0,0,0,0,0,0
S([C@@H](CCCC)C(=O)[O-])C=1N(c2cc(OC)c(OC)cc2)C(=O)c2[nH]c3ccccc3c2N=1,,C10245096,,0,0,1,1,0,0,0,0,0,0
S([C@H](C)C(=O)Nc1c(OC(F)F)cccc1)c1n(CCC(=O)[O-])c(-c2ccc(C)cc2)nn1,,C13018765,,0,0,0,0,0,0,0,0,0,0
Clc1cc(F)c(NC(=O)[C@@H](Sc2n(CCC(=O)[O-])c(-c3ccc(OC)cc3)nn2)C)cc1,,C13021055,,0,0,1,0,0,0,0,1,0,0
Brc1c(NC(=O)COc2c([N+](=O)[O-])cc(C(=O)[O-])cc2)c(Br)cc(C)c1,,C13053940,,0,0,0,0,0,0,0,1,1,0
FC(F)(F)c1c([C@H]2C(C(OCCOC)=O)=C(C)N(c3ccc(C(=O)[O-])cc3)C(=O)N2)cccc1,,C13060330,,0,0,0,0,0,0,0,0,0,0
S(CC(=O)Nc1c(C(C)C)cccc1)c1n(CC(=O)[O-])c(-c2ccc(OCC)cc2)nn1,,C13194929,,0,0,0,0,0,0,0,1,0,0
Brc1cc(C)c(NC(=O)CSc2n(CC(=O)[O-])c(-c3ccc(OC)cc3)nn2)cc1,,C13201167,,0,0,0,0,0,0,0,1,0,0
S(CC(=O)Nc1ccc(N(CC)CC)cc1)c1n(CC(=O)[O-])c(-c2ccc(C)cc2)nn1,,C13204805,,0,0,0,1,0,0,0,1,0,0
Clc1c(OC(F)F)ccc(NC(=O)[C@H](Sc2n(CC(=O)[O-])c(-c3cc(C)ccc3)nn2)C)c1,,C13205606,,0,0,0,0,0,0,0,1,0,0
S(CC(=O)N[C@@H](C)c1ccc(CC(C)C)cc1)c1nn2C(C)=C(CCC(=O)[O-])C(C)=Nc2n1,,C13210571,,0,0,1,0,0,0,0,1,0,0
S(=O)(=O)(NCc1ccc(C(=O)[O-])cc1)c1ccc(C(=O)/C=C/c2cn(-c3ccccc3)nc2)cc1,,C13216653,,0,0,1,0,0,0,0,1,0,0
S(CC(=O)Nc1c(C(=O)c2ccccc2)cccc1)C=1N(CCC(=O)[O-])C(=O)c2ccccc2N=1,,C13221125,,0,0,1,0,0,0,0,1,0,0
Clc1cc(NC(=O)CSc2n(c(N3CCCC3)nn2)-c2ccc(C)cc2)c(C(=O)[O-])cc1,,C13223378,,0,0,1,1,0,0,0,1,0,0
Clc1cc(C(=O)[O-])c(NC(=O)CSc2n(CC=C)c(COc3cc(C)ccc3)nn2)cc1,,C13242906,,0,0,0,0,0,0,1,1,0,0
Clc1c(Cn2nc(C)c3cc(C(=O)N(C)CC(=O)Nc4c(C(=O)[O-])cccc4)sc23)cccc1,,C13261642,,0,0,1,0,0,1,1,1,0,0
S(CC(=O)N/N=C/c1c(C(=O)[O-])cccc1)c1n(c(-c2ccccc2)nn1)-c1ccccc1,,C13338159,,0,0,1,0,0,0,1,1,0,0
S(CC(=O)Nc1c(OCC)cccc1)C=1N(CC=C)C(=O)c2ccc(C(=O)[O-])cc2N=1,,C13364193,,0,0,1,0,0,0,1,1,0,0
S=C1N(c2ccc3OCCOc3c2)C(C)=C(C(OC(C)C)=O)[C@@H](c2ccc(C(=O)[O-])cc2)N1,,C13460265,,0,0,0,0,0,0,0,0,0,0
S(=O)(=O)(N(CC)CC)c1cc(NC(=O)[C@@H]2[C@@H](C(=O)[O-])CC=CC2)c(Oc2cc(C)ccc2)cc1,,C13467612,,0,0,0,0,0,0,0,0,0,0
S(=O)(=O)(N(CC)CC)c1cc(NC(=O)[C@@H]2[C@H](C(=O)[O-])CC=CC2)c(Oc2cc(C)ccc2)cc1,,C13467615,,0,0,0,0,0,0,0,0,0,0
S(=O)(=O)(N(CC(=O)Nc1c(C(=O)[O-])cccc1)c1ccc(Oc2ccccc2)cc1)C,,C15836211,,0,0,0,0,0,0,0,1,0,0
O=C([O-])/C=C/1\C(=O)N(CCc2c[nH]c3ccc(OC)cc23)/C(=N/c2c(OC)cccc2)/S\1,,C16957165,,0,0,0,0,0,0,0,1,0,0
S(Cc1ccc(C(=O)[O-])cc1)c1nn2[C@H](c3ccc(C)cc3)C(C(OCC)=O)=C(C)Nc2n1,,C20134251,,0,0,0,0,0,0,0,0,0,0
Clc1cc(CSc2nc([O-])cc(CC(=O)Nc3sc(C(OCC)=O)c(C)n3)n2)ccc1,,C23242806,,0,0,1,0,0,1,1,1,0,0
S(=O)(=O)(Nc1cc(C(=O)[O-])c(N(C)CCCc2c(C)n(C)nc2C)cc1)c1c(C)ccc(C)c1,,C33253688,,0,0,1,0,0,0,0,1,0,0
S(Cc1c(C)cccc1)c1nc([O-])c2[C@H](c3c(OC)c(OC)c(OC)cc3)CC(=O)Nc2n1,,C13567355,,0,0,0,0,0,0,0,0,0,0
Clc1c(CN2C(=O)N(CC(=O)NC3CCCCC3)C(=O)c3c(C)c(C(=O)[O-])sc23)cccc1,,C34779440,,0,0,0,0,0,0,1,1,0,0
O(C)C(=O)C=1[C@@H](c2cc(OC)c(OC)cc2)N2C(/C=C(\[O-])/N[C@H](C)CC)=CSC2=NC=1C,,C35697766,,0,0,0,0,0,0,0,0,0,0
O(CC)C(=O)C=1[C@H](c2cc(OC)c(OC)cc2)N2C(/C=C(\[O-])/NCC3CC3)=CSC2=NC=1C,,C36058902,,0,0,0,0,0,0,0,0,0,0
O(C(C)(C)C)C(=O)C=1[C@H](c2cc(OC)c(OC)cc2)N2C(/C=C(\[O-])/NC(C)C)=CSC2=NC=1C,,C36061386,,0,0,0,0,0,0,0,0,0,0
O(C)C(=O)C=1[C@@H](c2cc(OC)c(OC)cc2)N2C(/C=C(\[O-])/N[C@H](C)CC)=CSC2=NC=1CC,,C36064509,,0,0,0,0,0,0,0,0,0,0
O=[N+]([O-])c1cc(C(=O)N(C)[C@@H](C(=O)NC(C)(C)CC(C)(C)C)c2ccc(C)cc2)c([O-])cc1,,C36530307,,0,0,0,0,0,0,0,0,0,0
O=[N+]([O-])c1cc(C(=O)N([C@H](C(=O)NC2CCCCC2)c2ccccc2)C(C)(C)C)c([O-])cc1,,C36585887,,0,0,0,0,0,0,0,0,0,0
Clc1c(OC)ccc(NC(=O)[C@H](Sc2n([C@H](C(C)C)C(=O)[O-])c(-c3sccc3)nn2)C)c1,,C13272226,,0,0,0,0,0,0,0,0,0,0
Clc1c(C#N)ccc(NC(=O)[C@@H](Sc2n([C@H](C(C)C)C(=O)[O-])c(-c3sccc3)nn2)C)c1,,C13272249,,0,0,1,0,0,0,0,0,0,0
S(CC)c1sc(N2[C@H](c3cc(O)ccc3)C(C(=O)c3oc4ccccc4c3)=C([O-])C2=O)nn1,,C40000456,,0,0,1,1,0,1,1,1,0,0
S(CC)c1sc(N2[C@H](c3ccc(O)cc3)C(C(=O)c3ccc(OCC=C)cc3)=C([O-])C2=O)nn1,,C40003162,,0,0,0,0,0,0,0,0,0,0
O(CC)C(=O)C=1[C@@H](c2cc(OC)ccc2)N2C(/C=C(\[O-])/NCc3ncccc3)=CSC2=NC=1C,,C40400498,,0,0,0,0,0,0,0,0,0,0
Clc1cc(c([O-])cc1)-c1[nH]nc2C(=O)N([C@H]3CS(=O)(=O)CC3)[C@@H](c3ccc(OCCC)cc3)c12,,C38702034,,0,0,0,0,1,0,0,0,0,0
O=[N+]([O-])c1scc(C[C@@H](NC(OCC2c3ccccc3-c3ccccc23)=O)C(=O)[O-])c1,,C44320529,,0,0,0,0,0,0,0,1,0,0
S(CC1=CC(=O)Nc2sc(C(=O)[O-])c(C)c12)c1n(Cc2occc2)c(Cc2ccccc2)nn1,,C13409290,,0,0,0,0,0,0,1,1,0,0
S(CC=1NC(=O)c2ccc(C(=O)[O-])cc2N=1)C=1N(CC=C)C(=O)c2c(sc3CCCc23)N=1,,C13345867,,0,0,1,0,0,0,1,1,0,0
Brc1c(OCc2ccccc2)ccc(/C=C\C2=C([N+](=O)[O-])C(=O)NC([O-])=N2)c1,,C30840448,,0,0,0,0,0,0,0,0,0,0
S(CC(=O)Nc1ccc(C(=O)[O-])cc1)c1n(CC=C)c(COc2c(C)c(C)ccc2)nn1,,C59176602,,0,0,0,0,0,0,0,1,0,0
O=C([O-])COc1c(OC)cc(/C=C\2/C(=O)N/C(=N\c3ccc(OC)cc3)/S/2)cc1CC=C,,C59679032,,0,0,0,0,0,0,0,1,0,0
S(CC(=O)n1c2CCCCc2c2CCCCc12)c1sc(NC(=O)c2c(C(=O)[O-])cccc2)nn1,,C59854392,,0,0,0,0,0,0,0,1,0,0
[S-]c1n(CC=C)c(-c2c(C)nc(NC(=O)CCc3cc(OC)cc(OC)c3)s2)nn1,,C12946606,,0,0,1,0,1,1,1,1,0,0
S([C@@H](C)C(=O)N1CCc2ccccc12)c1nc([O-])c(-c2c(NC(=O)C(C)C)cccc2)nn1,,C64774635,,0,0,0,0,0,1,0,1,0,0
Brc1ccc(C(=O)Nc2cc(C(=O)[O-])c(N(C)Cc3n(CCC)nc(C)c3)nc2)cc1,,C64978982,,0,0,1,0,1,0,0,1,0,0
Clc1cc([N+](=O)[O-])c(C(=O)Nc2c([N-]S(=O)(=O)c3sccc3)cccc2)cc1,,C23172620,,0,0,0,0,0,0,0,1,0,0
O=[N+]([O-])c1cc(C(=O)Nc2c(C(OCC)=O)c3CCCCc3s2)ccc1,,C00825436,,0,0,0,0,0,0,0,1,0,0
Brc1cc(C(OC)=O)c(NC(=O)c2ccc([N+](=O)[O-])cc2)cc1,,C00942048,,0,0,0,0,0,0,0,1,0,0
Clc1c([N+](=O)[O-])cc(NC(=O)COC(=O)c2sc(Cl)cc2)cc1,,C04242914,,0,0,0,0,0,0,0,1,0,0
Clc1c(C)cc(OCC(=O)Nc2c(OC)cc([N+](=O)[O-])cc2)cc1C,,C04694302,,0,0,0,0,0,0,0,1,0,0
Brc1c(OC)ccc(/C=N/NC(=O)c2cc([N+](=O)[O-])ccc2)c1,,C04989923,,0,0,0,0,0,0,0,1,0,0
O=[N+]([O-])c1ccc(NC(=O)COC(=O)c2sc3CCCCCc3c2)cc1,,C05362435,,0,0,0,0,0,0,0,1,0,0
Clc1c(NC(=O)[C@@H](OC(=O)c2cc(C)c([N+](=O)[O-])cc2)C)cccc1,,C01981394,,0,0,0,0,0,0,0,1,0,0
Clc1c([N+](=O)[O-])cc(/C=N/NC(=O)[C@@H](Oc2cc(C)ccc2)C)cc1,,C05619737,,0,0,0,0,0,0,0,1,0,0
Clc1c([N+](=O)[O-])cc(/C=N/NC(=O)[C@H](Oc2cc(C)ccc2)C)cc1,,C05619753,,0,0,0,0,0,0,0,1,0,0
O=[N+]([O-])c1c(C)c(C(O[C@H](C)C(=O)NC23CC4CC(C2)CC(C3)C4)=O)ccc1,,C05972933,,0,0,0,0,0,0,0,0,0,0
Clc1c(NC(=O)[C@@H](Sc2nc(C)c(C)c(C)n2)C)cc([N+](=O)[O-])cc1,,C02621475,,0,0,1,0,0,0,0,1,0,0
Clc1c(C(OCC(=O)Nc2c([N+](=O)[O-])cccc2C)=O)c(Cl)ccc1,,C07108697,,0,0,0,0,0,0,0,0,0,0
Clc1c(Cl)cccc1NC(=O)COc1c([N+](=O)[O-])cc(C=O)cc1,,C07397188,,0,0,0,0,0,0,0,1,1,0
O(C)C(=O)c1ccc(C(O[C@H](C)C=2NC(=O)c3c(C)c(C)sc3N=2)=O)cc1,,C09480206,,0,0,0,0,0,0,1,0,0,0
O=[N+]([O-])c1cc(NC(=O)[C@@H](OC(=O)[C@H]2Sc3cc(C)ccc3C2)C)ccc1,,C12965438,,0,0,0,0,0,0,0,1,0,0
O=[N+]([O-])c1ccc(OCC(=O)Nc2c(C#N)c3CCCCCc3s2)cc1,,C14737904,,0,0,0,0,0,0,0,1,0,0
Clc1c(Sc2sc(NC[C@@H]3OCCC3)nn2)ccc([N+](=O)[O-])c1,,C15140908,,0,0,0,0,0,0,0,0,0,0
Clc1ccc(-c2[nH]c(Sc3c([N+](=O)[O-])cc(C=O)cc3)nn2)cc1,,C05635517,,0,0,0,0,0,0,0,1,0,0
O=[N+]([O-])c1ccc(OC)c2N[C@H](c3cc(OC)c(OC)cc3)[C@@H]3CC=C[C@H]3c12,,C20715147,,0,0,0,0,0,0,0,0,0,0
O=[N+]([O-])c1c(OCC(=O)Nc2c(C#N)c3CC[C@@H](C)Cc3s2)cc(C)cc1,,C21614691,,0,0,0,0,0,0,0,0,0,0
O(CC=1Sc2n(c(-c3[nH]nc(C(C)C)c3)nn2)N=1)c1c(C)cccc1C,,C22502468,,0,1,1,0,0,1,1,1,1,0
O(CC(=O)Nc1ccc2OCOc2c1)C(=O)c1c(C)c2cc(CC)ccc2o1,,C28572896,,0,0,0,0,0,0,0,1,0,0
Oc1c(C)cc([N+](=O)[O-])cc1/C=N/c1c(C(OCC)=O)c(C)c(C)s1,,C35396485,,0,0,1,0,0,0,0,1,0,0
Fc1c(F)c(NC(=O)[C@H](OC(=O)c2c([N+](=O)[O-])cccc2)C)ccc1F,,C35567908,,0,0,0,0,0,0,0,0,0,0
FC(F)(F)c1cc([N+](=O)[O-])c(N(N[C@H]2OC(=O)c3ccccc23)C)cc1,,C04389698,,0,0,0,0,0,0,0,0,0,0
Clc1c(C)c(NC(=O)c2cc(OCc3n(C(C)C)nnn3)ccc2)ccc1,,C40794751,,0,0,1,0,0,0,1,1,0,0
O(CC)C(=O)N/N=C/1\CCCc2oc(C(=O)Oc3ccc(C)cc3)c(C)c\12,,C40825636,,0,0,0,0,0,0,0,1,0,0
Clc1c([N+](=O)[O-])cc(/C=N\NC(=O)[C@@H](Oc2cc(C)ccc2)C)cc1,,C40840599,,0,0,0,0,0,0,0,1,0,0
Clc1c(OCC(=O)N/N=C/c2cc([N+](=O)[O-])ccc2)cc(Cl)cc1,,C40902792,,0,0,0,0,0,0,0,1,0,0
Clc1ccc2O[C@H](C(=O)Nc3c(OC(F)F)ccc([N+](=O)[O-])c3)Cc2c1,,C42918308,,0,0,0,0,0,0,0,0,0,0
Clc1c(NC(=O)COc2c(C=O)cc(Cl)cc2)cc([N+](=O)[O-])cc1,,C44772208,,0,0,0,0,0,0,0,1,1,0
O=[N+]([O-])c1cccc2C(=O)N(CN[C@@H](C(C)(C)C)c3sccc3)C(=O)c12,,C48365728,,0,0,0,0,0,0,1,1,0,0
S(=O)(=O)(C(F)(F)F)c1cc([N+](=O)[O-])c(NCc2nc(C)sc2)cc1,,C52402888,,0,0,0,0,0,0,0,0,1,0
S(CC(=O)Nc1c([N+](=O)[O-])cccc1)c1n(-c2cc(C)cc(C)c2)ccn1,,C07058415,,0,0,0,0,0,0,0,1,0,0
S(C)c1cc(C(=O)Nc2n(Cc3ccc(C)cc3)ncc2)c([N+](=O)[O-])cc1,,C57819807,,0,0,0,0,0,1,0,1,0,0
S(CC(=O)c1ccc2OCOc2c1)c1oc(-c2c[nH]c3ccccc23)nn1,,C31685082,,0,0,1,0,0,1,1,1,0,0
Fc1cc(OCC(=O)N/N=C/2\[C@]3(C)C(C)(C)[C@H](C\2)CC3)c([N+](=O)[O-])cc1,,C58393464,,0,0,0,0,0,0,0,0,0,0
S(=O)(=O)(Nc1ccccc1)c1ccc(/N=C/c2c([N+](=O)[O-])cccc2)cc1,,C19945682,,0,0,0,0,0,0,0,1,0,0
O=[N+]([O-])c1cc(-n2nc(C(=O)N[C@@H](C(C)(C)C)c3sccc3)cc2)ccc1,,C59279926,,0,0,0,0,0,0,0,0,0,0
O=C(OC1CCCCC1)C=1[C@@H](c2ccc(N(C)C)cc2)N2NC=NC2=NC=1C,,C01291752,,0,0,0,0,0,1,0,0,0,0
O=[N+]([O-])c1cc(C)c(NC(=O)COc2c(C=O)c3ccccc3cc2)cc1,,C28783107,,0,0,0,0,0,0,1,1,1,0
S(CC(=O)/N=C\1/N(CCC)c2ccccc2N/1)c1ccc([N+](=O)[O-])cc1,,C07796402,,0,0,1,0,0,0,1,1,0,0
Clc1c(C)c(NC(=O)CCn2ncc3ccc([N+](=O)[O-])cc23)ccc1,,C47239542,,0,0,1,0,0,0,1,1,1,0
O=[N+]([O-])c1c(NCc2ccc(C)cc2)ccc(N2C(=O)[C@@H]3CC=CC[C@@H]3C2=O)c1,,C04683983,,0,0,0,0,0,0,0,0,0,0
O=C(Nc1n(C(C)(C)C)nc(C(C)(C)C)c1)c1cnc2n(C(C)C)ncc2c1,,C66664728,,0,0,1,0,0,0,0,1,0,0
O=C(OC(C)(C)C)N(C)C1(C)CCN(C(=O)N[C@@H](C)c2oc(C)cc2)CC1,,C66697798,,0,0,0,0,0,0,0,0,0,0
O=[N+]([O-])c1c(C)c(NC(=O)CN2C(C)(C)CO[C@@H](c3ccccc3)C2)ccc1,,C66897273,,0,0,0,0,0,0,0,1,0,0
Clc1c(OCC(=O)Nc2c(Cl)ccc([N+](=O)[O-])c2)ccc(C=O)c1,,C67009710,,0,0,0,0,0,0,0,1,1,0
S(C(=O)N(C)C)c1cc(NC(=O)/C=C/c2ccc([N+](=O)[O-])cc2)ccc1,,C67023320,,0,0,0,0,0,0,0,1,0,0
O=[N+]([O-])c1cc(CNC(=O)N(C)Cc2c(CC)oc3ccccc23)ccc1,,C67536647,,0,0,0,0,0,0,0,0,0,0
O=[N+]([O-])c1c(NC(=O)CCCN2C(=O)c3ccccc3C2=O)ccc(C)c1,,C04828580,,0,0,0,0,0,0,1,1,0,0
O=C(OC1CCCCC1)C=1[C@H](c2ccc(N(C)C)cc2)n2nnnc2NC=1C,,C01291977,,0,0,0,0,0,0,0,0,0,0
O=[N+]([O-])c1c(C(=O)Nc2c(C#N)c(C)c(C(OCC)=O)s2)cccc1,,C01930581,,0,0,0,0,0,0,0,1,0,0
Clc1c(NC(=O)[C@@H](Sc2n3C=CC=Cc3nn2)C)ccc([N+](=O)[O-])c1,,C05212863,,0,0,1,0,0,0,1,1,0,0
S(CC(=O)Nc1c([N+](=O)[O-])cccc1)c1nc(C)nc2c1oc1ccccc21,,C05252906,,0,0,1,0,0,1,1,0,0,0
S(=O)(=O)(N(CC(=O)Nc1c(C)ccc(C)c1)c1cc([N+](=O)[O-])ccc1)C,,C01146616,,0,0,0,0,0,0,0,1,0,0
O=[N+]([O-])c1cc(COC(=O)Cc2c[nH]c3ccccc23)c2OCOCc2c1,,C06383939,,0,0,0,0,0,0,0,1,0,0
O=[N+]([O-])c1cc(C#N)c(NC(=O)C2=CN(Cc3c(C)cccc3)C(=O)C=C2)cc1,,C07573962,,0,0,1,0,0,0,0,1,0,0
O=[N+]([O-])c1ccc2C(=O)N(CC(=O)N[C@H](C)c3ccc(CC)cc3)C(=O)c2c1,,C07706559,,0,0,0,0,0,0,0,0,0,0
Clc1c([N+](=O)[O-])cc(/C=N/NC(=O)COc2ccc(C#N)cc2)cc1,,C08183195,,0,0,0,0,0,0,0,1,0,0
Clc1cc([N+](=O)[O-])c(OCC(=O)N[C@H](C)c2ccc3OCCOc3c2)cc1,,C08363316,,0,0,0,0,0,0,0,1,0,0
O=[N+]([O-])C=1C(=O)Oc2ccccc2C=1NC(=O)[C@@H](Oc1ccc(C)cc1)C,,C08751266,,0,0,1,0,0,0,0,0,0,0
O=[N+]([O-])c1ccc(/C=C\C(=O)NC[C@@H]2OC(=O)N(c3ccccc3)C2)cc1,,C09068472,,0,0,0,0,0,0,0,0,0,0
Clc1c(NC(=O)COc2ccc3C=CC(=O)Oc3c2)cc([N+](=O)[O-])cc1,,C03598910,,0,0,1,1,0,0,1,1,1,0
O=[N+]([O-])c1cc(/C=N/OCC(=O)N[C@@H](C)c2oc3ccccc3c2)ccc1,,C12974846,,0,0,0,0,0,0,0,1,0,0
O=[N+]([O-])c1cc(NC(=O)COc2ccc3C(C)=CC(=O)Oc3c2)c(C)cc1,,C15411301,,0,0,1,0,0,0,1,1,1,0
S(Cc1onc(-c2ccc(C)cc2)n1)c1n(-c2ccc(O)cc2)nnn1,,C15440455,,0,0,1,0,0,1,1,1,0,0
O=[N+]([O-])c1c(-n2ncnc2)ccc(C(=O)N[C@@H](C)C23CC4CC(C2)CC(C3)C4)c1,,C15659483,,0,0,0,0,0,0,0,1,0,0
S(=O)(=O)(N(C)CC(=O)Nc1c(C)c(C)ccc1)c1c(C)ccc([N+](=O)[O-])c1,,C16085302,,0,0,0,0,0,0,0,1,0,0
O=C(Nc1n(-c2ncnc3n(-c4c(C)cc(C)cc4)ncc23)nc(C)c1)CCC,,C09661257,,0,0,1,0,0,1,1,1,0,0
S=C1N(/N=C/c2cc([N+](=O)[O-])ccc2)C(c2cc(OC(C)C)ccc2)=NN1,,C02399549,,0,0,0,0,1,1,1,1,0,0
O=[N+]([O-])c1cc(COC(=O)c2c(C)[nH]c3ccccc23)c2OCOCc2c1,,C21737378,,0,0,0,0,0,0,0,1,0,0
O=[N+]([O-])c1ccc(NC(=O)CCCN2C(=O)c3cc(C)ccc3C2=O)cc1,,C22561083,,0,0,0,0,0,0,1,1,0,0
O=[N+]([O-])c1ccc([C@@]2(C)C(=O)N(CN(C)Cc3c(C)cccc3)C(=O)N2)cc1,,C23383996,,0,0,0,0,0,0,0,0,0,0
Clc1cc([N+](=O)[O-])c(OCC(=O)c2c(C)c(C(OC)=O)c(C)[nH]2)cc1,,C25029963,,0,0,0,0,0,0,0,0,0,0
O=[N+]([O-])c1cc(/C=N/NC(=O)[C@H]2CN(c3ccc(CC)cc3)C(=O)C2)ccc1,,C01211562,,0,0,0,0,0,0,0,0,0,0
FC(F)Oc1c([C@H]2N3NC=NC3=NC(c3cc([N+](=O)[O-])ccc3)=C2)cccc1,,C04716253,,0,0,0,0,0,0,0,0,0,0
O=C1N(CC)C(=O)c2n(C)c(N/N=C/c3ccc(C(C)C)cc3)nc2N1C,,C36693394,,0,0,1,1,0,0,1,1,0,0
Clc1ccc(C=2N=N[C@H](C(=O)N/N=C/c3ccc([N+](=O)[O-])cc3)C=2)cc1,,C38926315,,0,0,0,0,0,0,0,1,0,0
S(CC(=O)N[C@H]1N=NC(C)=C1)C1=Nc2ccccc2C=2N1C(=O)[C@@H](C(C)C)N=2,,C39556100,,0,0,0,0,0,0,0,0,0,0
Clc1cc(C(O[C@H](C)C(=O)N[C@](C)(C(C)C)C#N)=O)c([N+](=O)[O-])cc1,,C22112432,,0,0,0,0,0,0,0,0,0,0
Clc1ccc([C@@]2(CC)C(=O)N(Cc3onc(-c4occc4)n3)C(=O)N2)cc1,,C40057041,,0,0,1,0,0,0,1,0,0,0
O=[N+]([O-])c1c(NC[C@H]2OCCC2)ncnc1N1C[C@]2(C)CC(C)(C)C[C@H]1C2,,C40585688,,0,0,0,0,0,0,0,0,0,0
S(=O)(=O)(NCCc1cc(F)cc2COCOc12)c1c(C)ccc([N+](=O)[O-])c1,,C41630019,,0,0,1,0,0,0,0,1,0,0
FC(F)(F)Oc1c(NC(=O)c2cn(-c3ccc([N+](=O)[O-])cc3)nc2)cccc1,,C45767375,,0,0,1,0,0,1,0,1,0,0
S(CC(=O)Nc1c([N+](=O)[O-])cccc1)C=1N(C)C(=O)c2cc(C)ccc2N=1,,C46876953,,0,0,1,0,0,0,1,1,0,0
FC(F)(F)Oc1ccc([C@H](O)CN2C(=O)c3cc([N+](=O)[O-])ccc3C2=O)cc1,,C51260900,,0,0,0,0,0,0,1,0,0,0
O=[N+]([O-])c1ccc2[nH]c(C(OCCn3c(C)nc4ccccc34)=O)cc2c1,,C56221119,,0,0,1,0,0,0,1,1,1,0
S(=O)(=O)(N(C)C)c1c(C)c(C)cc(C(=O)Nc2c(C)c([N+](=O)[O-])ccc2)c1,,C19174322,,0,0,0,0,0,0,0,1,1,0
OC1=C([C@@H](N(C)CCCC)c2ccc([N+](=O)[O-])cc2)Sc2n1ncn2,,C41634643,,0,1,1,0,0,1,1,1,1,0
Clc1c(NC(=O)CCCN2C(=O)Oc3cc([N+](=O)[O-])ccc23)ccc(C)c1,,C18078308,,0,0,1,0,0,0,0,1,0,0
S(CC(=O)Nc1ccc2OC3(Oc2c1)CCCC3)c1n(C(C)C)nnn1,,C21733704,,0,0,1,0,0,0,0,1,1,0
O=[N+]([O-])c1sc(C(O[C@H](C)C(=O)Nc2cccc3ncccc23)=O)cc1,,C23344713,,0,0,1,0,0,0,1,1,0,0
S(CC(=O)Nc1ccc([N+](=O)[O-])cc1)C=1N(CC)C(=O)c2ccccc2N=1,,C06094699,,0,0,1,0,0,0,1,1,0,0
S([C@@H](C)C(=O)Nc1c([N+](=O)[O-])cccc1)C=1N(C)C(=O)c2ccccc2N=1,,C04937427,,0,0,1,0,0,0,0,1,0,0
O(C)c1nnc(-n2nc(C)c3[C@@H](c4cc(OC(C)C)ccc4)CC(=O)Nc23)cc1,,C32095451,,0,0,0,0,0,0,1,0,0,0
O=C(OC1CCCCC1)C=1[C@H](c2c(OC)cccc2)n2nnnc2NC=1C,,C01291963,,0,0,0,0,0,0,0,0,0,0
Clc1sc(C(=O)CN2C(=O)[C@](C)(c3ccc([N+](=O)[O-])cc3)NC2=O)cc1,,C08646916,,0,0,0,0,0,0,0,0,0,0
S([C@@H](C)C(=O)Nc1c(F)cc(F)c([N+](=O)[O-])c1)c1ccc([N+](=O)[O-])cc1,,C66960980,,0,0,0,0,0,0,0,1,0,0
FC(F)(F)[C@H]1C[C@@H](NC(=O)c2nnn(-c3cc([N+](=O)[O-])ccc3)c2)CCC1,,C67134975,,0,0,1,0,0,0,0,1,0,0
Clc1c(C(=O)NC(=O)Nn2cnnc2)c(C)cc(Cl)n1,,C00162962,,0,0,1,0,0,0,0,1,0,0
O(CC(=O)N1[C@H](C)Cc2ccccc12)C(=O)C=1NC(=O)NC(=O)C=1,,C03233336,,0,0,1,0,0,0,0,1,0,0
Oc1c(OC)ccc(/C=C\2/C(=O)C=3C(=O)N(C)C(=O)N(CCC)C=3N/2)c1,,C07713283,,0,0,1,1,0,0,1,1,1,0
O[C@@H]1[C@H](Oc2ccc(C=O)cc2)O[C@@H]2CO[C@@H](c3occc3)O[C@H]2[C@@H]1O,,C08379410,,0,0,0,0,0,0,0,1,0,0
Cl[C@H]1[C@H](NC(=O)Nc2cc([N+](=O)[O-])ccc2)CS(=O)(=O)C1,,C11027302,,0,0,0,0,0,0,0,0,0,0
ClCC(=O)Nc1n(C=2NC(=O)C=C(C)N=2)nc(-c2occc2)c1,,C12006199,,0,0,1,0,0,1,0,1,0,0
S(CC(=O)C=1C(=O)N(C)C(=O)N(C)C=1N)c1n(C)c2ccccc2n1,,C12542065,,0,0,1,0,0,0,1,1,0,0
FC(F)n1c(C)cc(C(=O)Nc2c(C(=O)NC)nn(C)c2)n1,,C02732839,,0,0,1,0,0,0,0,1,0,0
O=C(N[C@]1(C)CS(=O)(=O)CC1)CN1C(=O)[C@]2([C@@H](C)CCCC2)NC1=O,,C14141066,,0,0,0,0,0,0,0,0,0,0
Oc1c(OCC)cc([C@H]2CC(=O)NC=3N(C)C(=O)N(C)C(=O)C2=3)cc1,,C21776899,,0,0,0,0,0,0,0,0,0,0
OCc1nnn(C2CCN(C(=O)c3c(C4CCCCC4)n[nH]c3)CC2)c1,,C23128446,,0,0,1,0,0,0,0,1,0,0
O=C(NC[C@@H]1Oc2ccccc2OC1)NCc1n2CCCc2nn1,,C31030604,,0,0,1,0,0,0,0,1,0,0
O=C(NC)[C@H](C)N1C(=O)[C@](C)(c2ccc3OCOc3c2)NC1=O,,C32936340,,0,0,0,0,0,0,0,0,0,0
O=C(Nc1ccc(-n2nnnc2)cc1)c1ccc2SCCC(=O)Nc2c1,,C36759060,,0,0,0,0,0,0,0,1,1,0
S(=O)(=O)(Nc1cccc2NC(=O)COc12)c1ccc2N(C)C(=O)Cc2c1,,C36125917,,0,0,0,0,0,0,0,1,0,0
O=[N+]([O-])c1c(C(=O)NNC(=O)[C@@]23C(=O)C[C@@H](C2(C)C)CC3)cccc1,,C39854391,,0,0,0,0,0,0,0,0,0,0
O=C(Nc1nn(C)cc1)CN1C(=O)[C@]2(NC1=O)CCCc1ccccc21,,C39996401,,0,0,0,0,0,0,0,0,0,0
Cl[C@H]1[C@@H](NC(=O)Nc2ccc([N+](=O)[O-])cc2)CS(=O)(=O)C1,,C40169333,,0,0,0,0,0,0,0,0,0,0
O=C(NC[C@H]1Oc2ccccc2OC1)C(=O)Nc1c(C)n(C)nc1C,,C40266908,,0,0,1,0,0,0,0,1,0,0
Clc1c([N-]S(=O)(=O)N2CC[NH2+]CC2)cc([N+](=O)[O-])cc1,,C40860633,,0,0,0,0,0,0,0,0,0,0
O=C(N[C@H](C)[C@H]1OCCC1)C(=O)Nc1ccc2C(=O)N(C)C(=O)c2c1,,C41918831,,0,0,0,0,0,0,0,1,0,0
O=C(NNC(=O)c1nccnc1)c1c(C)nc(-c2oc(C)cc2)s1,,C42026062,,0,0,1,0,0,0,0,1,0,0
S([C@@H](C)C(=O)N1CCCC1)c1n(N)c(-n2c(C)cc(C)n2)nn1,,C43872735,,0,0,1,0,0,0,0,1,0,0
O=C(NNC(=O)C1=CC(=O)N(C)C=C1)c1ccc2OCOc2c1,,C44598093,,0,0,1,0,0,0,0,1,0,0
O=C(Nc1ccc(-n2ncnc2)cc1)c1ccc2OCC(=O)Nc2c1,,C44697212,,0,0,0,0,0,0,0,1,1,0
O=C(NNC(=O)C=1C(=O)N2C=CC=CC2=NC=1)c1c(C)occ1,,C46865178,,0,0,1,0,0,0,0,1,0,0
S([C@@H](C)c1oc(C)nn1)c1n(N)c(-c2c(C)occ2)nn1,,C48187277,,0,0,1,1,0,0,0,1,0,0
O=[N+]([O-])c1cc(C(=O)N[C@H]2C(=O)NCCC2)c(N(C)C)cc1,,C50636571,,0,0,0,0,0,0,0,0,0,0
O(C)c1c([C@@H]2CC(=O)Nc3n[nH]cc23)cc2OCOc2c1OC,,C35324654,,0,0,0,0,0,0,0,0,1,0
O=C(NNC(=O)c1ccccc1)CN1C(=O)c2oc3ccccc3c2N=C1,,C15826478,,0,0,0,0,0,0,0,1,0,0
O=C(Nc1sc(C2CCCCC2)nn1)C(=O)Nc1scnn1,,C59771022,,0,0,1,0,0,0,0,1,0,0
O=C(N[C@@H](C)C(C)C)Nc1cnc2N(C)C(=O)N(C)C(=O)c2c1,,C61380504,,0,0,1,0,0,0,0,1,1,0
S(=O)(=O)(C)N1[C@@H](C(=O)NNC(=O)c2cocc2)Cc2ccccc2C1,,C61633592,,0,0,0,0,0,0,0,1,0,0
O=C1N[C@H]2N(C3=NC=NC4=NC=N[C@H]34)NC(C)=C2[C@H](c2ccccc2)C1,,C38598721,,0,0,0,0,0,0,0,0,0,0
O=C(Nc1c(-c2nc(C(C)C)[nH]n2)cccc1)C1=NN(C)C(=O)CC1,,C58265865,,0,0,1,0,0,1,0,0,0,0
O=C(Nc1nc(C=2S[C@@H](C)CC=2)[nH]n1)C1=NN(C)C(=O)C=C1,,C64303404,,0,0,1,1,0,1,0,1,0,0
O[C@@]1(C)[C@H](C(=O)C)[C@@H]([C@H](C#N)C(O)=N1)c1cc([N+](=O)[O-])ccc1,,C04860766,,0,0,0,0,0,0,0,0,0,0
O=C(NC)[C@@H]1N=N[C@@H]2NC(=O)C[C@@H](c3c(C)oc(-c4ccccc4)n3)[C@@H]12,,C65461761,,0,0,0,0,0,0,0,0,0,0
O=C(NC)[C@@H]1N=N[C@@H]2NC(=O)C[C@H](c3c(C)oc(-c4ccccc4)n3)[C@@H]12,,C65461763,,0,0,0,0,0,0,0,0,0,0
O=C(N1[C@@H](C)c2nc(N)nc(-c3ccncc3)c2C1)[C@@H]1N=NC(C(C)C)=C1,,C65508932,,0,0,1,0,0,1,0,1,0,0
O=C(N[C@H]1C(=O)NCCCC1)N1C[C@H](c2n(C)cnn2)CCC1,,C65553420,,0,0,1,1,0,0,0,0,0,0
O=C(NC1CCCC1)[C@H](NC(=O)C1=CN2CCS(=O)(=O)N=C2C=C1)C,,C66453967,,0,0,1,0,0,0,0,0,0,0
O=C(NNC(=O)c1nnc(-n2cncc2)cc1)c1c(C)ccs1,,C66783171,,0,0,1,0,0,0,0,1,0,0
O=C(Nc1onc(C)c1)CN1C(=O)[C@]2([C@H](C)CCCC2)NC1=O,,C66964855,,0,0,0,0,0,0,0,0,0,0
O=C(NC=1n2nccc2N=CC=1)c1cccc2NC(=O)COc12,,C67022193,,0,1,1,0,0,0,1,1,0,0
S=C1N(C)C(CNC(=O)CN2C(=O)c3cc(C)ccc3C2=O)=NN1,,C67050039,,0,0,1,0,0,0,0,1,0,0
O=C(NCc1c(C)n(CC)nc1C)Nc1cnc2n(C)nc(C)c2c1,,C67261209,,0,1,1,0,0,0,1,1,0,0
O=C(NCc1noc(C)c1)CN1C(=O)[C@@]2([C@@H](C)CCCC2)NC1=O,,C67498046,,0,0,1,0,0,0,0,0,0,0
O=C(NCc1c(C)onc1C)Nc1cnc2n(C)nc(C)c2c1,,C67546186,,0,1,1,0,0,0,1,1,0,0
FC(F)c1sc(NC(=O)NCc2n3CCCCc3nn2)nn1,,C67586972,,0,0,1,0,1,0,0,1,1,0
Nc1n(c(c(C#N)c1C#N)-c1occc1)-c1ccccc1,,C00493843,,0,0,0,0,0,0,1,1,0,0
Clc1c(O)c(OCC)cc(/C=C/2\C(=O)NC(=O)S\2)c1,,C01012976,,0,0,0,0,0,0,0,0,1,0
O=C(NC1CCCCC1)N1[C@@H](C(=O)NC)Cc2ccccc12,,C10256263,,0,0,0,0,0,0,0,0,0,0
Nc1ncc(/C=N/n2c3ccccc3c3ccccc23)cn1,,C13957148,,0,0,0,0,0,0,0,1,0,0
Fc1ccc(N2C(=O)/C(=C\c3cc(O)c(O)cc3)/C(C)=N2)cc1,,C16694331,,0,0,0,1,0,0,1,1,0,0
O=C(N[C@@H](C)[C@@H]1OCCC1)Nc1c(C#N)c(C)c(C)s1,,C24686099,,0,0,0,0,0,0,0,0,0,0
S(=O)(=O)(N1[C@@H](C)CCCC1)N1CCCc2cc(N)ccc12,,C20019235,,0,0,0,0,0,0,0,0,0,0
O(C(C)(C)C)C(=O)n1c(C)c(N)c(-c2cscc2)n1,,C34793639,,0,0,0,0,0,0,0,0,0,0
NC=1C(C#N)(C#N)[C@H](CCC)[C@@H]2CN(C)CC=C2C=1C#N,,C34954490,,0,0,0,0,0,0,0,0,0,0
NC=1C(C#N)(C#N)[C@H](CCC)[C@H]2CN(CC)CC=C2C=1C#N,,C34954504,,0,0,0,0,0,0,0,0,0,0
O=C(Nc1n(C)nc(C)c1)c1ccc2[nH]c(C)c(C)c2c1,,C35238062,,0,0,1,0,0,0,1,1,1,0
S(=O)(=O)(N1[C@H](CC)CO[C@@H](C)C1)c1c(N)cccc1C,,C36128805,,0,0,0,0,0,0,0,0,0,0
FC(F)(F)c1n2N=C(c3ccc(N)cc3)Sc2nn1,,C36153801,,0,0,1,0,0,0,1,1,0,0
S(CC=1N=C2N(C(=O)C=1)C=C(C)C=C2)c1c(N)cncc1,,C37182733,,0,1,1,1,0,0,1,1,1,0
O=C1Nc2cc(N[C@H](C)c3c(C)ncs3)ccc2OC1,,C37220260,,0,0,1,1,0,0,0,1,1,0
O=C([O-])C1CCC(Nc2[nH+]nc(C)c3ccccc23)CC1,,C37561851,,0,0,1,0,0,0,0,1,0,0
S(C)c1ccc([C@H]2C(C#N)=C(N)O[C@H]3N=NC(C)=C23)cc1,,C39022074,,0,0,0,0,0,0,0,0,0,0
O=C(N[C@H](C)c1oc2ccccc2c1)C1=CNC(=O)C=C1,,C18203620,,0,0,0,1,0,0,0,1,0,0
O=C([O-])[C@@H]1CN(C(=O)[C@@H]2[NH2+][C@H]3CCCC[C@H]3C2)CCC1,,C40471975,,0,0,0,0,0,0,0,0,0,0
S=C(N)c1c(-n2nnc3ccccc23)nc(C)cc1C,,C40514914,,0,0,1,0,0,0,1,1,0,0
Brc1ccc(C(Sc2n(N)cnn2)=O)cc1,,C41107559,,0,0,1,0,0,0,0,1,0,0
Clc1c(Cl)c(Cl)cnc1C(=O)Nc1n[nH]cc1,,C42414330,,0,0,0,0,0,0,0,1,1,0
O=C(C[C@@H]1[NH2+]CCC1)N1[C@H](C(=O)[O-])c2ccccc2CC1,,C43594753,,0,0,0,0,0,0,0,0,0,0
OC1(CNC(=O)C=2C(=O)Oc3ccccc3C=2)CCCC1,,C44158422,,0,0,1,0,0,0,0,0,1,0
O=C(N[C@H]1C(=O)NCCCC1)N(C)[C@H](C)c1sccc1,,C44968034,,0,0,0,0,0,0,0,0,0,0
S(=O)(=O)(N1C[C@@H](C)OC(C)(C)C1)c1c(C)c(N)ccc1,,C45665958,,0,0,0,0,0,0,0,0,0,0
OCc1c(O)ccc2C(=O)/C(=C/c3cc(OC)ccc3)/Oc12,,C45918902,,0,0,1,0,0,0,1,1,1,0
Clc1ccc2cc(C(=O)Nc3sc(C)nn3)[nH]c2c1,,C47435810,,0,0,1,0,0,0,1,1,1,0
ClC=1C(=O)NN=CC=1NC[C@H]1COc2ccccc2C1,,C48278888,,0,0,1,0,0,0,0,1,0,0
Brc1ccc(NNC(=O)c2snnc2)cc1,,C48733526,,0,0,0,1,0,0,0,1,0,0
S(=O)(=O)(N(C)C(C)C)N1CCCc2c(N)cccc12,,C49042658,,0,0,0,0,0,0,0,0,0,0
O=C(Nc1scc(-c2[nH]ccc2)n1)N(C)C1CCCC1,,C49206013,,0,0,0,0,0,0,0,0,0,0
O=C(N[C@H](C)c1c(C)nc(C)s1)/N=C/1\SC(C)=CN\1,,C49210698,,0,0,0,0,0,0,0,0,0,0
O=C1N(c2scc(C3CC3)n2)C(=O)c2cccc(N)c12,,C49235790,,0,0,0,0,0,0,1,1,0,0
FC(F)(F)c1cc(N)cc(-c2n3C=NC(C)=Cc3nn2)c1,,C50194746,,0,0,1,0,0,0,1,1,0,0
Fc1cc(F)cc(-c2nc(-c3nc(N)sc3)on2)c1,,C55189528,,0,0,1,0,0,0,1,1,0,0
S(Cc1nc(N)c2ccccc2n1)c1oc(C)c(C)n1,,C55238307,,0,0,1,0,0,0,1,1,0,0
O[C@H](C(=O)Nc1ccc2OCOc2c1)c1ccc(C)cc1,,C57594665,,0,0,0,0,0,0,0,1,1,0
S([C@H](C)C(=O)N1C[C@H](C)C[C@@H](C)C1)c1sc(N)nn1,,C16684946,,0,0,1,0,0,0,0,0,0,0
O=C(Nc1c(C)cc(C)cc1)c1sc2N=CNC(=O)c2c1,,C59432165,,0,0,1,0,0,0,1,1,1,0
Fc1c(F)cc(F)cc1-n1c(-c2ccc(N)cc2)nnn1,,C61122153,,0,0,0,0,0,1,1,1,1,0
[NH2+](Cc1nnn[n-]1)C1c2ccccc2Cc2ccccc12,,C61669881,,0,0,0,0,0,0,0,1,1,0
Clc1cc(Cl)c2S(=O)(=O)N=C(NC3CC3)Nc2c1,,C62323597,,0,0,0,0,0,0,0,0,0,0
O=C(N1C[C@](C)(C(=O)[O-])CC1)[C@H]1[NH2+][C@H]2CCCC[C@H]2C1,,C62915503,,0,0,0,0,0,0,0,0,0,0
O=C(N1C[C@](C)(C(=O)[O-])CC1)[C@@H]1[NH2+][C@H]2CCCC[C@H]2C1,,C62915505,,0,0,0,0,0,0,0,0,0,0
O=C(N1C[C@@](CC)(C(=O)[O-])CC1)[C@@H]1[NH2+][C@H]2CCCC[C@H]2C1,,C62917152,,0,0,0,0,0,0,0,0,0,0
FC(F)(F)C1=NN=C2OC(N)=C(C#N)[C@@H](c3sccc3)[C@@H]12,,C00076419,,0,0,0,0,0,0,0,0,0,0
Oc1c(c(O)cc(C)c1)C=1[C@H](c2scc(C)n2)C=NN=1,,C00125058,,0,0,0,0,0,0,0,1,0,0
Oc1cc(N[C@H]2C(=O)N(c3cc(C)ccc3)C(=O)C2)ccc1,,C40827314,,0,0,0,1,1,0,0,1,1,0
O=C(NC)c1[nH]c2c(c(OCC)cc3C[C@@H](C)Oc23)c1,,C58428252,,0,0,1,0,0,0,0,1,0,0
Clc1c(COc2c(OCC)c(C=C3C(=O)NC(=O)NC3=O)ccc2)ccc(Cl)c1,,C06600254,,0,0,0,0,0,0,0,1,0,0
S(=O)(=O)(N[C@@H](C)C(=O)NCc1ccc2OCOc2c1)c1c(C)c(C)cc(C)c1C,,C07911626,,0,0,0,0,0,0,0,0,0,0
S(CC(=O)Nc1n(C2CCCCC2)c(C)c(C)c1C#N)c1sc(NC)nn1,,C08251500,,0,0,1,0,0,0,0,1,0,0
Clc1ccc(-c2oc(CNC(=O)CCN3C(=O)C4(NC3=O)CCCC4)cc2)cc1,,C08339119,,0,0,0,0,0,0,0,0,0,0
O(CC)C(=O)NC(=O)c1c(NC(=O)c2ccc(C(=O)C)cc2)sc2C[C@@H](C)CCc12,,C09298235,,0,0,0,0,0,0,0,1,0,0
S(=O)(=O)(N[C@H](C(C)C)C(=O)NC1CCCCCC1)c1ccc2OCCCOc2c1,,C09336164,,0,0,0,0,0,0,0,0,0,0
Clc1c(-c2n(C)c(SCC(=O)NNC(=O)c3ccc(F)cc3)nn2)cccc1,,C09809850,,0,0,1,0,0,0,0,1,0,0
O(CC)C(=O)C1=C(N)OC=2CCCC(=O)C=2[C@]21C(=O)N(CCC(C)C)c1ccccc21,,C10339237,,0,0,0,0,0,0,0,0,0,0
O=C(COc1c(C(=O)N)ccc(C)c1)N1[C@@H](c2occc2)CC(c2sccc2)=N1,,C10714617,,0,0,0,0,0,0,0,0,0,0
S(C)c1c(C(=O)Nc2n(C=3NC(=O)C=C(CC)N=3)nc(-c3sccc3)c2)cccc1,,C11854663,,0,0,1,0,0,0,0,0,0,0
O[C@H]1[C@H](NC(=O)C)[C@H](Oc2ccc([C@@H](C)CC)cc2)O[C@@H]2CO[C@@H](c3ccccc3)O[C@H]12,,C12276944,,0,0,0,0,0,0,0,0,0,0
O=C(NCCc1c[nH]c2ccccc12)COc1ccc2N=C3N(C(=O)c2c1)CCCCC3,,C12899896,,0,1,1,1,0,0,1,1,0,0
O=C(Nc1c(C(=O)NC[C@H]2OCCC2)cccc1)CN1C(=O)c2cccc3cccc1c23,,C13566660,,0,0,0,0,0,0,1,0,0,0
S(CC1=CC(=O)Oc2cc3CCCc3cc12)c1n(N)c(COc2ccc(F)cc2)nn1,,C16371247,,0,0,0,0,0,1,1,1,0,0
Clc1cc(NC(=O)C[C@@H]2C(=O)N(c3c(OCC)cccc3)C(=O)S2)c(O)cc1,,C16924485,,0,0,1,0,0,0,0,1,0,0
Clc1ccc(NC(=O)c2c(C)c(C(OC)=O)c(NC(=O)c3c(C)occ3)s2)cc1,,C17098209,,0,0,0,0,0,0,0,1,0,0
O(CC(=O)N(C)Cc1cscc1)C(=O)c1c(N)c2C(=O)c3ccccc3C(=O)c2cc1,,C19312374,,0,0,0,0,0,0,1,1,1,0
O(C)c1c(OCCCC)ccc([C@H]2C(C#N)(C#N)C(N)=C(C#N)C=3[C@@H]2CN(C)CC=3)c1,,C19816395,,0,0,0,1,0,0,0,0,0,0
Clc1c(N2C(C)=CC(=O)C(C(=O)Nc3c(C(=O)N[C@@H](C)CC)cccc3)=N2)cccc1,,C21597929,,0,0,1,0,0,0,0,1,0,0
O(C)C(=O)c1ccc2[nH]c3CCN(C(=O)[C@H](NC(=O)c4sccc4)C(C)C)Cc3c2c1,,C23134259,,0,0,0,0,0,0,0,1,0,0
Clc1ccc(Cc2sc(NC(=O)CN3C(=O)[C@@](C)(C4CC4)NC3=O)nc2)cc1,,C23268932,,0,0,0,0,0,0,0,0,0,0
Clc1ccc(/C(=N\N=C\2/S[C@@H](CC(=O)Nc3ccc(OC)cc3)C(=O)N/2)/C)cc1,,C24521799,,0,0,0,1,0,0,0,1,0,0
S(=O)(=O)(NCc1ccc2OCOc2c1)c1cc(C(=O)N[C@H]2[C@H](C)CCCC2)ccc1,,C24579909,,0,0,1,0,0,0,0,1,0,0
S([C@H](C)C(=O)C(C#N)=C1Nc2ccccc2N1)C=1N(CC=C)C(=O)c2sccc2N=1,,C24713333,,0,0,1,1,0,0,0,1,0,0
Clc1c(C(=O)NNC(=O)CSc2n(-c3cc(Cl)ccc3)cnn2)cccc1,,C25524746,,0,0,1,0,0,0,0,0,0,0
O=C(Nc1c(C(=O)Nc2c(OC)cccc2)cccc1)[C@H]1CN(c2ccccc2)C(=O)C1,,C27546976,,0,0,0,0,0,0,0,1,0,0
Oc1ccc(C(=O)O[C@H]2[C@@H]3[C@](O)(C(C)C)C[C@H](OC(=O)C)[C@@]3(C)CC(=O)C(C)=C2)cc1,,C31170180,,0,0,0,0,0,0,0,0,0,0
S([C@H](C)C(=O)NC(=O)NCC)C=1N(CC)C(=O)c2c(-c3sccc3)csc2N=1,,C09751303,,0,0,1,0,0,0,0,0,0,0
O=C(NC1CCCCC1)N1[C@H](C)CN(C(=O)[C@H](NC(=O)C2CC2)[C@@H](C)CC)CC1,,C35098515,,0,0,0,0,0,0,0,0,0,0
O=C(NC1CC1)[C@@H](C(C)C)N1C(=O)C=2[C@@H](c3c(C)cc(C)cc3)NC(=O)N(CC)C=2C1,,C35966270,,0,0,0,0,0,0,0,0,0,0
S(Cc1onc(-c2cc(C(F)(F)F)ccc2)n1)c1n(N)c(C(F)(F)F)nn1,,C36647562,,0,0,1,0,0,1,1,1,0,0
S([C@@H](C)C(=O)NC(=O)NC)C=1N(CCC(C)C)C(=O)c2c(sc3CCCCc23)N=1,,C16049552,,0,0,0,0,0,0,0,0,0,0
O=C(NCC(=O)Nc1c(C)cc(C)cc1C)COc1ncnc2sc3CCCCc3c12,,C39561627,,0,0,1,0,0,0,0,1,0,0
S(CC(=O)NC(=O)NC)c1n(c(Cc2ccccc2)nn1)-c1c(C)cc(C)cc1,,C39593024,,0,0,0,0,0,0,0,0,0,0
Clc1cc(NC(=O)[C@H](OC(=O)c2ccc3S[C@H](C)C(=O)Nc3c2)C)c(OC)cc1,,C39606836,,0,0,0,0,0,0,0,1,0,0
S(CCC)c1nn2[C@@H](c3cnccc3)C(C(=O)Nc3ccccc3)=C(C)Nc2n1,,C40983140,,0,0,1,0,0,0,0,0,0,0
FC(F)(F)c1cc([C@@]2(C)C(=O)N(CC(=O)N[C@](C)(C(C)C)C#N)C(=O)N2)ccc1,,C42178590,,0,0,0,0,0,0,0,0,0,0
S(c1n(C)c(CCC(=O)N)nn1)c1ncnc2scc(-c3ccc(C)cc3)c12,,C45351842,,0,0,1,0,0,1,1,1,0,0
Clc1ccc(OCCNC(=O)CN2C(=O)[C@]3(NC2=O)C[C@H](C)CC(C)(C)C3)cc1,,C23746056,,0,0,0,0,0,0,0,0,0,0
O=C(NC=1C(=O)N([C@@H](CC)C(=O)Nc2c(C)c(C)ccc2)N=C(c2ccccc2)C=1)C,,C46079188,,0,0,0,0,0,0,0,0,0,0
Fc1cc(Cn2ccc3C=CN(CC(=O)Nc4ccc(NC(=O)C)cc4)C(=O)c23)ccc1,,C49409747,,0,0,0,0,0,0,0,0,0,0
O=C(Nc1sc2cc(OCC)ccc2n1)CN(C)C(=O)c1c[nH]c2ccccc12,,C49414044,,0,0,1,0,0,0,1,1,0,0
Clc1c(NC(=O)C[C@@H]2N(NC(=O)c3ccccc3)C(=S)N(CC)C2=O)cccc1,,C33788257,,0,0,0,0,0,0,0,0,0,0
O=C(N[C@H](C)c1c(C)c2ccccc2o1)Cc1nc(NC(=O)c2occc2)sc1,,C46650758,,0,0,0,0,0,0,0,1,1,0
Clc1c(C)cc(O)c(C=2N=N[C@@H]3C(=O)N(CCO)[C@@H](c4ccc(OCC)cc4)C=23)c1,,C08845379,,0,0,0,0,0,0,0,0,0,0
Clc1cc(N2[C@H](SCC(=O)N[C@@H](C)CC)N=C3N=NC(C)=C3C2=N)c(C)cc1,,C63731264,,0,0,0,0,0,0,0,0,0,0
Clc1c(C)cc(O)c(C2=NN=C3C(=O)N(CCO)[C@H](c4cc(OCC)ccc4)[C@H]23)c1,,C09293064,,0,0,0,0,1,0,0,0,0,0
Clc1c(C)cc(O)c(C2=NN=C3C(=O)N(CCCO)[C@@H](c4cc(OC)ccc4)[C@H]23)c1,,C09124456,,0,0,0,0,0,0,0,0,0,0
S(Cc1cc(C)ccc1)C1=NC(=O)[C@@H]2[C@H](c3cc(OCC)c(O)cc3)CC(=O)NC2=N1,,C64773133,,0,0,0,0,0,0,0,0,0,0
Clc1c(NC(=O)CSC=2N(CC(C)C)C(=O)c3[nH]c(C)cc3N=2)cccn1,,C67239371,,0,1,1,0,0,0,1,1,0,0
O[C@]1(C)[C@@H](C(=O)C)[C@H](c2ccc([N+](=O)[O-])cc2)C(C(=O)C)=C(Nc2ccc(C)cc2)C1,,C04004711,,0,0,0,0,0,0,0,0,0,0
S(CC(=O)NC(=O)NC)C=1N(CCCCC)C(=O)c2c(sc3CCCCc23)N=1,,C05865411,,0,0,1,0,0,0,0,0,0,0
S(=O)(=O)(NC(=O)Nc1c(C(OCC)=O)c2CCCCc2s1)c1ccc(C)cc1,,C02235791,,0,0,0,0,0,0,0,1,0,0
Clc1c(Cl)ccc([C@@H](NC(=O)CN2C(=O)[C@](C)(c3ccc(OC)cc3)NC2=O)C)c1,,C08888898,,0,0,0,0,0,0,0,0,0,0
O=C(Nc1c(C(=O)C)cccc1)CN1C(=O)[C@](C)(c2ccc(C(C)(C)C)cc2)NC1=O,,C08947553,,0,0,0,0,0,0,0,0,0,0
S(CC(=O)Nc1ccc(C(F)(F)F)cc1)c1n2C(C(C)(C)C)=CC(=O)Nc2nn1,,C09018754,,0,1,1,0,1,0,0,1,0,0
Clc1ccc2C(=O)N(CC=C)C(SCC(=O)NC(=O)N[C@H]3[C@H](C)CCCC3)=Nc2c1,,C09353684,,0,0,1,0,0,0,0,1,0,0
Oc1c(OC)cc(/C=C/C(OCC=2NC(=O)c3c(sc4C[C@@H](C)CCc34)N=2)=O)cc1,,C03284383,,0,0,1,1,0,0,0,1,0,0
S(=O)(=O)(N[C@H](C(=O)Nc1c(C)cc(C)cc1)c1ccccc1)c1cccc2nsnc12,,C09501488,,0,0,1,0,0,0,1,0,0,0
Clc1c(/C=C/C(=O)Nc2ccc(S(=O)(=O)Nc3c(C)c(C)no3)cc2)cccc1,,C00851998,,0,0,1,0,0,0,0,1,0,0
S(CC(=O)NC(=O)NC12CC3CC(C1)CC(C2)C3)c1n(C)c(Cc2sccc2)nn1,,C09690063,,0,0,1,0,0,0,0,0,0,0
O=C(NNC=1N(CC)C(=O)c2ccccc2N=1)Cn1c(-c2ccccc2)cc2ccccc12,,C09857335,,0,0,0,0,0,0,0,0,0,0
S(=O)(=O)(N)c1ccc2N(CCOC)/C(=N/C(=O)Cc3cc(C)c(C)cc3)/Sc2c1,,C10064187,,0,0,0,0,1,0,1,1,0,0
Clc1c(OC)cc(OC)c(NC(=O)CCC=2NC(=O)c3c(sc4CCCCc34)N=2)c1,,C11600241,,0,0,1,0,1,0,1,1,0,0
S(CC(=O)Nc1c(C(OCC)=O)c(C)c(C)s1)C=1NC(=O)C=2CCCCC=2N=1,,C11905505,,0,0,1,0,0,0,0,1,0,0
O=C(NNC(=O)c1c(C)nc(-c2ccccc2)s1)COc1ccc(C)c2[C@@H](C)CC(=O)c12,,C12815990,,0,0,1,0,0,0,0,1,0,0
Clc1c(Cl)ccc([C@H](NC(=O)CN2C(=O)[C@@](C)(c3cc(OC)ccc3)NC2=O)C)c1,,C13138943,,0,0,0,1,0,0,0,0,1,0
O(CC)C(=O)C=1[C@@H](c2ccc(OCCC)cc2)C=2C(=O)Oc3ccccc3C=2OC=1N,,C14162562,,0,0,0,0,0,0,0,0,0,0
Ic1c(NCC(=O)Nc2c(OC)cc([N+](=O)[O-])cc2)cccc1,,C15289701,,0,0,0,0,0,0,0,1,0,0
O=C(NN1C(=O)c2c(-c3ccccc3)csc2N=C1)C[C@H](NC(=O)c1ccccc1)C,,C15602491,,0,1,1,0,0,1,1,0,0,0
Clc1cc(/C=C/C(=O)Nc2c(C(=O)NC[C@@H]3OCCC3)cccc2)cc2OCCCOc12,,C15639223,,0,0,1,0,0,0,0,1,0,0
Brc1ccc(OCc2oc([C@H]3C(C#N)=C(N)OC(C)=C3C(OC)=O)cc2)cc1,,C01003127,,0,0,0,0,0,0,0,0,0,0
Brc1c(OC)ccc(NC(=S)NC(=O)c2c(Cl)cc([N+](=O)[O-])cc2)c1,,C16226705,,0,0,0,0,0,0,0,1,0,0
Clc1cc(C(F)(F)F)c(NC(=O)[C@@H](Sc2n(-c3ccc(O)cc3)nnn2)C)cc1,,C16859635,,0,0,0,0,0,1,1,1,0,0
Clc1ccc([C@@H]2[C@@H](C(=O)Nc3cc(OC)ccc3)Sc3n(c(CCC)nn3)N2)cc1,,C20445864,,0,0,1,1,0,0,0,0,0,0
S([C@@H](C)C(=O)N1[C@@H](C)Cc2ccccc12)c1n(N)c(-c2ccc(OC(F)F)cc2)nn1,,C21695260,,0,0,1,0,0,0,0,1,0,0
Clc1cc(C)c(NC(=O)CN2C(=O)[C@@](C)(c3ccc(OC(F)F)cc3)NC2=O)cc1,,C21706275,,0,0,0,0,0,0,0,0,0,0
Brc1c([N+](=O)[O-])cc(C(=O)Nc2c(C(=O)NCc3ccccc3)cccc2)cc1,,C22020790,,0,0,0,0,0,0,0,1,0,0
S(CC(=O)NC(=O)Nc1c(C)cc(C)cc1)C=1N(CCC)C(=O)c2ccccc2N=1,,C23550816,,0,0,1,0,0,0,1,1,0,0
O(CC(=O)NC(=O)Nc1c(C)cc(C)cc1)C(=O)Cc1coc2cc3CCCc3cc12,,C23551423,,0,0,0,0,0,0,0,1,0,0
S(CC(=O)N1C[C@@H](C)CCC1)c1n(N)c(COc2ccc(C(C)(C)C)cc2)nn1,,C25186001,,0,0,0,0,0,0,0,0,0,0
O(C)c1ccc2[nH]cc(CCN3[C@@H](c4ccccc4)c4c(-c5occc5)n[nH]c4C3=O)c2c1,,C31807133,,0,0,0,0,0,0,1,0,0,0
O=C(NNC(=O)C=1C(=O)Oc2cc(OCCC)ccc2C=1)[C@@]12C(=C)C(C)(C)[C@@H](C1)CC2,,C33811342,,0,0,1,0,0,0,0,1,0,0
S(CC(=O)NC(=O)NC1CC1)C=1N(CC(C)C)C(=O)c2c(sc3C[C@@H](C)CCc23)N=1,,C36240528,,0,0,0,0,0,0,0,0,0,0
Oc1c(C(=O)N([C@H](C(=O)NC(C)(C)C)c2ccc3OCOc3c2)C(C)(C)C)cccc1,,C36584313,,0,0,0,0,0,0,0,0,0,0
Clc1c([C@H](NC(=O)CN2C(=O)[C@](C)(c3ccc(OC)cc3)NC2=O)C)ccc(Cl)c1,,C36624369,,0,0,0,0,0,0,0,0,0,0
Clc1ccc(COc2c(OCC)cccc2[C@@H]2C(C#N)=C(N)O[C@H]3N=NC(C)=C23)cc1,,C38889307,,0,0,0,0,0,0,0,0,0,0
S(CC1=NN=C2OC(N)=C(C#N)[C@H](c3cc(OC)c(OC)cc3)[C@@H]12)c1ccc(C)cc1,,C39930437,,0,0,0,1,0,0,0,0,0,0
O=C(Nc1c(C(=O)NC)c2CCCCc2s1)c1ccc(OCc2c(C)nsn2)cc1,,C40795164,,0,0,1,0,0,1,0,1,0,0
O(CC)C(=O)c1c(NC(=O)C[C@@H]2C(=O)Nc3cc(C)ccc3O2)sc2CCCCc12,,C40801546,,0,0,0,0,0,0,0,1,0,0
O=C(N/N=C/1\CCCc2oc(C(=O)Nc3c(C)cccc3)c(C)c\12)COc1ccccc1,,C40816131,,0,0,0,0,0,0,0,1,0,0
S([C@H](C)C(=O)N1C(C)(C)C(=O)Nc2ccccc12)c1sc(NCC(C)C)nn1,,C18664140,,0,0,1,0,0,0,0,1,0,0
O[C@@H](/C(/C)=C/[C@@](O)(C)C1=C(C)C(OC)=C(C)C(=O)O1)/C(/C)=C/[C@@]1(C)O[C@@H](C)[C@]2(C)O[C@H]12,,C49601564,,0,0,1,0,0,0,0,0,0,0
Clc1c(N(S(=O)(=O)C)CC(=O)N/N=C(\C)/c2c(O)cccc2)cc(Cl)cc1,,C09891939,,0,0,1,0,0,0,0,1,0,0
Oc1c(C)cc(C)cc1-c1n[nH]c2C(=O)N(Cc3cnccc3)[C@H](c3ccc(OCC)cc3)c12,,C09124438,,0,0,0,0,0,0,1,0,0,0
Oc1c(C)cc(C)cc1-c1n[nH]c2C(=O)N(Cc3cnccc3)[C@@H](c3ccc(OCC)cc3)c12,,C09124439,,0,0,1,0,0,0,0,0,0,0
Ic1ccc(NCC(=O)N/N=C(/C)\c2ccc([N+](=O)[O-])cc2)cc1,,C59720813,,0,0,0,0,0,0,0,1,0,0
Clc1cc(O[C@H](C)C(=O)Nc2ccc(S(=O)(=O)/N=C\3/NCCCCC/3)cc2)ccc1,,C09957478,,0,0,0,0,0,0,0,1,0,0
Clc1c([C@@H]2C(C#N)=C(N)OC3=NN=C(c4c(OCC)cc(OCC)cc4)[C@H]23)c(F)ccc1,,C00718505,,0,0,0,0,0,0,0,0,0,0
OCCN1[C@H](c2ccc(OCCC)cc2)C2=C(c3c(O)cc(C)cc3C)N=N[C@H]2C1=O,,C06743263,,0,0,0,0,0,0,0,0,0,0
Brc1ccc2NC(=O)[C@]3(C(C#N)=C(N)OC(C)=C3C(OCCOC)=O)c2c1,,C01827740,,0,0,0,0,0,0,0,0,0,0
S(C)CC(=O)Nc1sc2C[C@@H]3[C@](C)(CO)[C@H](O)CC[C@@]3(C)[C@H](CC(=O)N(C)CC=C)c2n1,,C04260510,,0,0,0,0,0,0,0,0,0,0
Clc1c(NC(=O)COC(=O)c2c(C)ccs2)c(Cl)cc(S(=O)(=O)N)c1,,C03414232,,0,0,0,0,0,0,0,1,0,0
OC[C@@H](NC(=O)[C@@H](NC(=O)[C@H]1N2C(=O)c3ccccc3[C@H]2SC1)C(C)C)C(C)C,,C06623761,,0,0,0,0,0,0,0,0,0,0
Clc1c(Cl)ccc([C@@H]2C(C(OC(C)C)=O)=C(N)OC=3C(=O)C=C(CO)OC2=3)c1,,C08748162,,0,0,0,0,0,0,0,0,0,0
OC1(O)c2ccccc2[C@]2(O)OC(c3ccc(OC)cc3)=C3C(=O)C(=O)N(CCCC)[C@]123,,C03624658,,0,0,0,0,0,0,0,0,0,0
S(C)c1ccc(C2=NN(C(=O)C)[C@H]([NH2+][C@H](Cc3c[nH]c4ccccc34)C(=O)[O-])C2)cc1,,C08955206,,0,0,0,0,0,0,0,0,0,0
S(=O)(=O)([C@@H](CNC(=O)C(=O)NCCc1ccc(O)cc1)c1ccccc1)c1sccc1,,C08967853,,0,0,0,1,0,0,0,1,0,0
S(=O)(=O)(N)c1ccc(CNC(=O)CC=2C(=O)Oc3cc4oc(C)c(C)c4cc3C=2C)cc1,,C09134767,,0,0,0,0,1,0,0,1,0,0
S(=O)(=O)(N)c1ccc(CNC(=O)COC(=O)c2sc3CC[C@@H](C)Cc3c2)cc1,,C10437400,,0,0,0,0,1,0,0,1,0,0
O=C(NCc1sc(-c2nc(NC(=O)C[C@@H](NC(=O)C)c3ccc(C)cc3)sc2)cc1)C,,C11744402,,0,0,0,0,0,0,0,0,0,0
Brc1ccc(Cc2sc(NC(=O)CSc3n(N)c(C)nn3)nc2)cc1,,C01906741,,0,0,1,0,0,1,1,1,0,0
S=C(Nc1c(C)cc(C)cc1)N(CCO)CC=1C(=O)Nc2cc3OCOc3cc2C=1,,C06195362,,0,0,0,0,0,0,0,1,0,0
O=C(NC[C@@H](NC(=O)c1[n+]([O-])cccc1)c1ccccc1)Nc1c(C(C)C)cccc1C(C)C,,C13737224,,0,0,0,0,0,0,0,0,0,0
Clc1c(S(=O)(=O)Nc2ccc(Cl)cc2)cc(NC(=O)CCNC(=O)C)cc1,,C13777905,,0,0,0,0,0,0,0,1,0,0
Brc1cc(C)c(NC(=O)CNC(=O)CN2C(=O)C3(NC2=O)CCCC3)cc1,,C14165767,,0,0,0,0,0,0,0,0,0,0
O=C(N(Cc1ccccc1)C1=C(N)N(Cc2ccccc2)C(=O)NC1=O)CCC(C)C,,C14383023,,0,0,0,0,1,0,0,0,0,0
Oc1c([C@H]2[NH2+][C@@](CCC)(C(=O)[O-])[C@H]3C(=O)N(c4cccc5ccccc45)C(=O)[C@H]23)cccc1,,C15277549,,0,0,0,0,0,0,0,0,0,0
S(=O)(=O)(N[C@@H](CCSC)C(=O)NNC(=O)c1sc2CCCc2c1)c1ccc(C)cc1,,C17446440,,0,0,0,0,0,0,0,0,0,0
S(=O)(=O)(NCCC(=O)N[C@@H](C)CCc1ccccc1)c1ccc2NC(=O)CCc2c1,,C20234815,,0,0,0,0,0,0,0,0,0,0
S([C@H](C)C(=O)NC(=O)N)C=1N(C[C@H]2OCCC2)C(=O)c2c(sc3C[C@@H](C)CCc23)N=1,,C22299816,,0,0,0,0,0,0,0,0,0,0
S(CC(=O)N)c1sc(SCc2nc(CC(=O)Nc3ccc(C)cc3)sc2)nn1,,C22533826,,0,0,1,0,0,0,0,1,0,0
S(=O)(=O)(NCc1ccccc1)c1cc(C(=O)NNC(=O)CCc2sccc2)ccc1,,C23147971,,0,0,0,0,0,0,0,1,0,0
S(=O)(=O)(N=C1C=C(NNC(=O)C2=CCNC=C2)C(=O)c2ccccc12)c1ccccc1,,C16779715,,0,0,0,0,0,0,0,1,0,0
S(=O)(=O)(NC(C)C)Cc1ccc(CNC(=O)C[C@@H]2C(=O)Nc3ccccc3S2)cc1,,C29422313,,0,0,0,0,0,0,0,0,0,0
Oc1c(NC(=O)[C@@H](NC(=O)[C@@H]2CN(c3ccccc3)C(=O)C2)Cc2ccccc2)cccc1,,C32095332,,0,0,0,0,0,0,0,1,0,0
O=C(Nc1cc(C(=O)NC2CC2)ccc1)CN1C(=O)[C@]2(NC1=O)CCCCc1ccccc21,,C32856054,,0,0,0,0,0,0,0,0,0,0
S(CC(=O)Nc1ccc(C)cc1)[C@H](C)C(=O)N[C@H](C)c1ccc2OCC(=O)Nc2c1,,C33118791,,0,0,0,0,0,0,0,1,0,0
Oc1c(C)cc([C@@H]2[NH2+][C@]([C@@H](C)CC)(C(=O)[O-])[C@H]3C(=O)N(C4CCCCC4)C(=O)[C@H]23)cc1C,,C33629715,,0,0,0,0,0,0,0,0,0,0
Brc1ccc(C(=O)NC(=S)Nc2cc(S(=O)(=O)/N=C/3\NCCC\3)ccc2)cc1,,C35176923,,0,0,0,0,0,0,0,1,0,0
Clc1ccc2SCC[C@@H](NC(=O)CCCC[C@H]3S(=O)(=O)C[C@H]4NC(=O)N[C@H]34)c2c1,,C35277497,,0,0,0,0,0,0,0,0,0,0
Fc1c(CO[C@@H]2[C@H](O)[C@H](O)C[C@@](OCc3c(C#N)cccc3)(C(=O)NCC3CC3)C2)cccc1,,C37421836,,0,0,0,0,0,0,0,0,0,0
Clc1ccc(/C=C\2/C(=O)N(CC(=O)NNC(=O)c3c(O)cccc3)C(=O)S/2)cc1,,C01090099,,0,0,1,0,0,0,0,1,0,0
Brc1c(C(=O)CSC=2N(N)[C@@H]([C@H]3N=NC=4CCCC3=4)NN=2)cccc1,,C38556431,,0,0,0,0,0,0,0,0,0,0
OC12CC3(CC(=O)NNC(=O)C4=NN(CC)C(=O)c5ccccc45)C[C@H](C1)C[C@H](C2)C3,,C18285475,,0,0,1,0,0,0,0,1,0,0
Brc1ccc(S(=O)(=O)N[C@@H](C(C)C)C(=O)NCCNC(=O)C(C)C)cc1,,C36656199,,0,0,0,0,0,0,0,0,0,0
O=C(CCCCCC)N1C[C@@H](C(=O)NC2CCC(C(=O)[O-])CC2)C2(C1)CC[NH2+]CC2,,C39658082,,0,0,0,0,0,0,0,0,0,0
Fc1cc(F)cc(C(=O)N2C[C@@H](C(=O)NCC3CCC(C(=O)[O-])CC3)C3(C2)CC[NH2+]CC3)c1,,C39662703,,0,0,0,0,0,0,0,0,0,0
S(=O)(=O)(N[C@@H](CCSC)C(=O)NC[C@H]1C(=O)NC(=C)C=C1C)c1c(F)cccc1,,C39733467,,0,0,0,0,0,0,0,0,0,0
Brc1ccc(C(=O)C[C@H]2C(=O)N/C(=N\c3ccc(S(=O)(=O)N)cc3)/S2)cc1,,C39843303,,0,0,0,0,1,0,0,1,0,0
S(CC(=O)N[C@@H]1[C@@H](C(=O)NCc2ccccc2)[C@@H]2CCCC[C@@H]2S1)c1[nH]ncn1,,C39940657,,0,0,0,0,0,0,0,1,0,0
Oc1ccc(C[C@]2(C(=O)[O-])[NH2+][C@@H](c3c(C)ccc(C)c3)[C@@H]3C(=O)N(c4c(C)cccc4)C(=O)[C@@H]23)cc1,,C33870864,,0,0,0,0,0,0,0,0,0,0
OC[C@@H](NC(=O)[C@@H](NC(=O)[C@H]1C(C)(C)S[C@H]2N1C(=O)c1ccccc21)[C@H](C)CC)C,,C43746282,,0,0,0,0,0,0,0,0,0,0
Brc1sc(S(=O)(=O)c2c(N)nc(SCC(=O)NC(C)C)nc2)cc1,,C45925239,,0,0,0,0,1,1,0,1,0,0
FC(F)(F)c1cc(NC(=O)COc2c(OC)cc(/C=C\3/C(=O)NC(=N)S/3)cc2)ccc1,,C15056709,,0,0,0,0,0,0,0,1,1,0
Brc1ccc(CC(=O)N(CC)C2=C(N)N(CCCC)C(=O)NC2=O)cc1,,C21084090,,0,0,1,0,1,1,0,1,0,0
Brc1cc(Cl)c(NC(=O)CCC2=C(C)n3ncc(C(=O)N)c3N=C2C)cc1,,C59020812,,0,0,1,0,1,0,1,1,0,0
Brc1ccc(-n2c(C)c(C(=O)Nc3scc(CC(=O)N)n3)c(C)n2)cc1,,C59420104,,0,0,1,0,0,0,0,1,1,0
S=C1NC(=O)C(CCC(=O)Nc2scc(C3=C(C)N(CCC)[C@H](C)C3)n2)=C(C)N1,,C39929945,,0,0,1,0,1,0,0,1,0,0
Clc1c(C)cc(O)c(C=2N=N[C@@H]3C(=O)N(CCO)[C@@H](c4cc(OC)c(O)cc4)C=23)c1,,C08845283,,0,0,0,0,0,0,0,0,0,0
Clc1c([C@H]2N(C(=O)CCC(=O)[O-])N=C(c3c(NS(=O)(=O)C)cccc3)C2)cccc1,,C10233924,,0,0,0,0,0,0,0,1,0,0
S([C@@H](C)C(=O)[O-])C=1N(c2cc(OC)c(OC)cc2)C(=O)c2[nH]c3ccccc3c2N=1,,C10245087,,0,0,1,1,0,0,0,0,0,0
S([C@@H](C)C(=O)Nc1c(OC)ccc(C)c1)c1n(CC(=O)[O-])c(-c2sccc2)nn1,,C13019759,,0,0,1,0,0,0,0,1,0,0
Clc1c(S(=O)(=O)Nc2cc(S(=O)(=O)N(CC)CC)ccc2)cc(C(=O)[O-])cc1,,C13041029,,0,0,0,0,0,0,0,0,0,0
S(CC(=O)N(C)C1CCC(C)CC1)C=1N(C[C@H](O)C)C(=O)c2ccc(C(=O)[O-])cc2N=1,,C13052193,,0,1,1,0,0,0,0,0,0,0
O=C(N[C@H](c1sccc1)c1ccc(C)cc1)CN1C(=O)c2c(C(=O)[O-])c(C)oc2N=C1,,C13057404,,0,0,0,0,0,0,0,0,0,0
Clc1cc(/C=C/C(=O)c2cc(S(=O)(=O)NCCC(=O)[O-])ccc2)cc2OCOc12,,C13078244,,0,0,1,0,0,0,0,1,0,0
Clc1cc(NC(=O)CN(S(=O)(=O)c2ccc(/C=C/C(=O)[O-])cc2)C)c(OC)cc1,,C13088163,,0,0,0,0,0,0,0,1,0,0
Clc1ccc2C(=O)N(CCC(=O)[O-])C(SCC(=O)NC3(C#N)CCCCC3)=Nc2c1,,C13177076,,0,0,1,0,0,0,0,1,0,0
Clc1ccc(-c2n(CC(=O)[O-])c(SCC(=O)N[C@@](C)(C#N)C3CC3)nn2)cc1,,C13204306,,0,0,0,0,0,0,0,1,0,0
Clc1cc(CNc2c(C(=O)[O-])cc(S(=O)(=O)N(C)C)cc2)cc2OCCCOc12,,C13212356,,0,0,0,0,0,0,0,1,0,0
Clc1c(NC(=O)[C@H](Sc2nn3C(C)=C(CC(=O)[O-])C(C)=Nc3n2)C)ccc(Cl)c1,,C13221788,,0,0,1,0,0,0,1,1,0,0
Clc1cc(C)c(NC(=O)CSc2nn3C(C)=C(CC(=O)[O-])C(C)=Nc3n2)cc1,,C13221834,,0,0,1,0,0,0,1,1,0,0
S(CC(=O)Nc1n(C[C@@H]2OCCC2)c(C)c(C)c1C#N)c1c(C(=O)[O-])c(C)cc(C)n1,,C13237797,,0,0,0,0,0,0,0,1,0,0
S(CC(=O)Nc1c(C#N)ccs1)C=1N([C@H](C(C)C)C(=O)[O-])C(=O)c2ccccc2N=1,,C13238253,,0,0,0,0,0,0,0,0,0,0
S(=O)(=O)(N(CCC)CC=1NC(=O)c2sccc2N=1)c1c(C)c(C)cc(C(=O)[O-])c1,,C13252467,,0,0,1,0,0,0,1,1,0,0
S(=O)(=O)(N[C@@H](c1n(C)ccn1)c1ccc(OC)cc1)c1c(C)c(C)cc(C(=O)[O-])c1,,C13269962,,0,0,0,0,0,0,0,0,0,0
Clc1c(NC(=O)[C@H](Sc2nn3C(C)=C(CC(=O)[O-])C(C)=Nc3n2)C)cccc1,,C13270920,,0,0,1,0,0,0,1,1,0,0
S(CC(=O)Nc1ccc(C#N)cc1)c1n([C@@H](C(C)C)C(=O)[O-])c(-c2sccc2)nn1,,C13271350,,0,0,1,0,0,0,0,0,0,0
S(=O)(=O)(N1[C@H](C)CCC[C@H]1C)c1ccc(NC(=O)/C=C/c2oc(C)c(C(=O)[O-])c2)cc1,,C13415286,,0,0,0,0,0,0,0,1,0,0
S(=O)(=O)(N1[C@@H](C)CCC[C@@H]1C)c1ccc(NC(=O)/C=C/c2oc(C)c(C(=O)[O-])c2)cc1,,C13415295,,0,0,0,0,0,0,0,1,0,0
FC(F)Oc1ccc(CCNC(=O)CN2C(=O)c3c(C)c(C(=O)[O-])sc3N=C2)cc1,,C13418404,,0,0,1,0,0,0,1,1,0,0
Brc1ccc(S(=O)(=O)N(C)CC(=O)N/N=C/c2ccc(C(=O)[O-])cc2)cc1,,C16186921,,0,0,0,0,0,0,0,1,0,0
Oc1cc(C)c(N2C(=O)/C(=C\c3cc(OC)c(O[C@@H](CC)C(=O)[O-])cc3)/SC2=O)cc1,,C16913068,,0,0,0,0,0,0,0,0,0,0
O=C(Nc1c(C(=O)[O-])ccc(C)c1)CN1C(=O)/C(=C/c2ccc(OC)cc2)/SC1=O,,C16920634,,0,0,0,0,0,1,0,1,0,0
Brc1cc(N(S(=O)(=O)C)CC(=O)N/N=C/c2c(C(=O)[O-])cccc2)ccc1,,C20060523,,0,0,0,0,0,0,0,1,0,0
S(C(F)F)c1nc([O-])c(CCC(=O)NC=2C(=O)N(N(C)C=2C)c2ccccc2)c(C)n1,,C25462371,,0,0,1,0,0,0,0,1,0,0
S=C1N(CCCC)C(=O)/C(/C([O-])=N1)=C/1\NN(C(=O)CC)[C@H](c2ccc(OCC)cc2)C\1,,C26580671,,0,0,0,0,0,0,0,0,0,0
FC(F)(F)c1n(-c2nnc([O-])cc2)ncc1C(=O)NCCc1cccc2cccnc12,,C29454455,,0,0,0,1,0,0,1,1,0,0
[S-]c1n(CC=C)c(-c2c(C)nc(NC(=O)CN3C(=O)c4ccccc4C3=C)s2)nn1,,C30671528,,0,0,1,0,0,1,1,1,0,0
S(CC(=O)Nc1c(C(OCC)=O)c(-c2ccc(C)cc2)cs1)c1nc([O-])cnn1,,C32522426,,0,0,0,1,0,0,0,1,0,0
S(CC(=O)N1C[C@@H]2CN3C(=O)C=CC=C3[C@H](C1)C2)C=1NC(=O)C(CCCC)=C([O-])N=1,,C15958243,,0,0,1,0,1,0,0,0,0,0
Clc1c(S(=O)(=O)N2CCN(CC(=O)NC(C)(C)C)CC2)cc(C(=O)[O-])c(Cl)c1,,C13088928,,0,0,0,0,0,0,0,0,0,0
S(CC(=O)N[C@H]1[C@@H](C)[C@H](C)CCC1)c1nn2C(C)=C(CCC(=O)[O-])C(C)=Nc2n1,,C39711864,,0,0,1,0,0,0,0,1,0,0
S([C@@H](C)C(=O)N[C@H]1[C@@H](C)CCCC1)c1nn2C(C)=C(CCC(=O)[O-])C(C)=Nc2n1,,C39711880,,0,0,1,0,0,0,0,1,0,0
S([C@@H](C)C(=O)N[C@@H]1[C@@H](C)[C@@H](C)CCC1)c1nn2C(C)=C(CCC(=O)[O-])C(C)=Nc2n1,,C39711894,,0,1,1,0,0,0,0,1,0,0
S(CC)c1sc(N2[C@H](c3ccc(O)cc3)C(C(=O)c3occc3)=C([O-])C2=O)nn1,,C39999492,,0,0,0,0,0,0,0,0,0,0
S(CC)c1sc(N2[C@H](c3cc(O)ccc3)C(C(=O)c3oc(C)cc3)=C([O-])C2=O)nn1,,C39999626,,0,0,1,1,0,1,1,0,0,0
S([C@H](C)C(=O)N[C@@H]1C(C(OCC)=O)=C(c2ccccc2)CS1)c1nc([O-])c(C)nn1,,C40005565,,0,0,1,1,0,0,0,0,0,0
ClC=1C=C(C(F)(F)F)c2n(c(CNS(=O)(=O)c3cc(C(=O)[O-])ccc3)nn2)C=1,,C40562716,,0,0,1,0,0,0,1,1,0,0
S(CC=1NC(=O)c2c(C)c(C(=O)[O-])sc2N=1)c1n(CCOC)c2ccccc2n1,,C13256326,,0,0,1,0,0,0,1,1,0,0
O=C([O-])c1cn(-c2ccc(OC)cc2)c2[C@H](c3c(OC)c(OC)ccc3)CC(=O)Nc12,,C40312666,,0,0,0,0,0,0,0,0,0,0
O=C([O-])c1ccc(-c2oc(/C=C/3\C(=O)N=C4SC(CCCC)=NN4C\3=N)cc2)cc1,,C30819153,,0,0,0,0,0,0,1,1,0,0
Clc1c(C#N)ccc(S(=O)(=O)[N-]c2c(N/C=C(\C(OCC)=O)/C#N)cccc2)c1,,C59769213,,0,0,0,0,0,0,0,1,0,0
Clc1ccc(S(=O)(=O)NCc2oc(/C=C/3\C([O-])=C(C(OC)=O)C(C)=N\3)cc2)cc1,,C08686869,,0,0,0,0,0,0,0,1,0,0
Fc1c(-n2cc(C(=O)[O-])c3NC(=O)C[C@@H](c4c(OC)cc(OC)c(OC)c4)c23)cccc1,,C61721007,,0,0,0,0,0,0,0,0,0,0
O=C(/C=C/c1cc(OC)c(OC)cc1)C=1C(=O)N(CCC=2CCCCC=2)C(=O)NC=1[O-],,C18204219,,0,0,1,0,1,0,0,1,0,0
Fc1cc(-n2cc(C(=O)[O-])c3NC(=O)C[C@@H](c4c(OC)cc(OC)c(OC)c4)c23)ccc1,,C44893920,,0,0,0,0,0,0,0,0,0,0
S(=O)(=O)([N-]c1scc(CC(=O)NC=2C=C[C@H]3N=CC=C3C=2)n1)c1ccc(OC)cc1,,C39979749,,0,0,0,0,0,0,0,1,0,0
Oc1c(OC)ccc([C@@H]2/C(=C(\OC(C)C)/[O-])/C(C)=NC=3C[C@H](C)[C@@H](C(OC)=O)C(=O)C2=3)c1,,C00816249,,0,0,0,0,0,0,0,0,0,0
S(CC(=O)Nc1c(C)cc(C)cc1C)c1nnc2c(n(CC(=O)[O-])c3ccccc23)n1,,C08873364,,0,0,1,0,0,0,1,1,0,0
S([C@@H](C)C(=O)NC=1C(=O)N(N(C)C=1C)c1ccccc1)c1c(C(=O)[O-])c(C)cc(C)n1,,C13033415,,0,0,0,0,0,0,0,0,0,0
S(CC1=CC(=O)Oc2cc(C)ccc12)C=1N(CCO)C(=O)c2ccc(C(=O)[O-])cc2N=1,,C13045628,,0,0,1,0,0,0,1,1,0,0
S(CC(=O)N1[C@H](C)Cc2ccccc12)C=1N(C[C@H](O)C)C(=O)c2ccc(C(=O)[O-])cc2N=1,,C13051214,,0,0,1,0,0,0,0,1,0,0
S(CC(=O)N(C)Cc1c(C)cccc1)C=1N(C[C@H](O)C)C(=O)c2ccc(C(=O)[O-])cc2N=1,,C13052001,,0,1,1,0,0,0,1,1,0,0
S(CC(=O)c1c(C)n(C(C)C)c(C)c1)C=1N(C[C@H](O)C)C(=O)c2ccc(C(=O)[O-])cc2N=1,,C13052125,,0,0,0,0,0,0,0,1,0,0
S(CC(=O)N(CC)c1ccc(F)cc1)C=1N(C[C@@H](O)C)C(=O)c2ccc(C(=O)[O-])cc2N=1,,C13052204,,0,0,1,0,0,0,1,1,0,0
Brc1cc(/C=N/n2c(SCC(=O)[O-])nnc2-c2c(C)occ2)c(O)cc1,,C13077901,,0,0,1,0,0,1,1,1,0,0
Brc1cc(C(=O)[O-])c(NC(=O)c2cc(S(=O)(=O)N(C)C)c(OC)cc2)cc1,,C13178448,,0,0,0,0,0,0,0,1,1,0
S([C@@H](C)C(=O)Nc1c(C#N)cccc1)c1n(CCC(=O)[O-])c(-c2sccc2)nn1,,C13192617,,0,0,1,0,0,0,0,1,0,0
S([C@@H](C)C(=O)Nc1cc(C(=O)C)ccc1)c1n(CC(=O)[O-])c(-c2sccc2)nn1,,C13203175,,0,0,1,0,0,0,0,1,0,0
Clc1ccc(-c2n(CC(=O)[O-])c(SCC(=O)Nc3c(C(=O)C)cccc3)nn2)cc1,,C13203932,,0,0,0,0,0,0,0,1,0,0
Clc1ccc(-c2n(CC(=O)[O-])c(SCC(=O)NC3(C#N)CCCC3)nn2)cc1,,C13204346,,0,0,0,0,0,0,0,1,0,0
S([C@H](C)C(=O)Nc1cc(C(=O)C)ccc1)c1n(CC(=O)[O-])c(-c2ccc(C)cc2)nn1,,C13205095,,0,0,0,0,0,0,0,1,0,0
S([C@H](C)C(=O)Nc1cc(C(=O)C)ccc1)c1n(CC(=O)[O-])c(-c2cc(C)ccc2)nn1,,C13205105,,0,0,1,0,0,0,0,1,0,0
Clc1cc(C)c(NC(=O)CSc2nn3C(C)=C(CCC(=O)[O-])C(C)=Nc3n2)cc1,,C13209954,,0,0,1,0,0,0,1,1,0,0
S([C@@H](C)C(=O)Nc1c(C)cc(C)cc1C)c1nn2C(C)=C(CCC(=O)[O-])C(C)=Nc2n1,,C13210364,,0,0,1,0,0,0,0,1,0,0
Clc1c(NC(=O)CSc2nn3C(C)=C(CC(=O)[O-])C(C)=Nc3n2)ccc(Cl)c1,,C13221705,,0,0,1,0,0,0,1,1,0,0
S(CC(=O)Nc1c(C(C)(C)C)cccc1)c1nn2C(C)=C(CC(=O)[O-])C(C)=Nc2n1,,C13221842,,0,0,1,0,0,0,0,1,0,0
Clc1c([C@@H](NC(=O)CSc2nn3C(C)=C(CC(=O)[O-])C(C)=Nc3n2)C)cccc1,,C13222255,,0,0,1,0,0,0,0,1,0,0
S(CC(=O)N[C@@H](C)c1cc(C)c(C)cc1)c1nn2C(C)=C(CC(=O)[O-])C(C)=Nc2n1,,C13222314,,0,0,1,0,0,0,0,1,0,0
S(CC(=O)Nc1c(C#N)ccs1)c1n([C@@H](C(C)C)C(=O)[O-])c(-c2sccc2)nn1,,C13238858,,0,0,1,0,0,0,0,1,0,0
Clc1c(OCc2n(C)c(SCC(=O)Nc3c(C)cccc3C(=O)[O-])nn2)cccc1,,C13242083,,0,0,0,0,0,0,1,1,0,0
S(=O)(=O)(N(Cc1ccccc1)CC=1NC(=O)c2ccccc2N=1)c1ccc(C(=O)[O-])cc1,,C13249591,,0,0,1,0,0,0,1,1,0,0
Clc1cc(C(=O)[O-])c(NS(=O)(=O)CCN2C(=O)c3c(C)c(C)sc3N=C2)cc1,,C13269205,,0,0,1,0,0,0,1,1,0,0
S([C@@H](C)C(=O)Nc1ccc2CCCc2c1)c1nn2C(C)=C(CCC(=O)[O-])C(C)=Nc2n1,,C13270840,,0,0,1,0,0,0,1,1,0,0
Brc1cc(Cl)c(Oc2c([N+](=O)[O-])cc(C(=O)NCC(=O)[O-])cc2)cc1,,C13275270,,0,0,0,0,0,0,0,0,1,0
Clc1cc(NC(=O)CN(S(=O)(=O)c2sc(CC(=O)[O-])cc2)C)c(OC)cc1,,C13308020,,0,0,0,0,0,0,0,1,0,0
Clc1ccc(C(=O)Oc2ccc(/C=N/N=C\3/S[C@H](CC(=O)[O-])C(=O)N/3)cc2)cc1,,C16115718,,0,0,0,0,0,0,0,1,0,0
Brc1ccc(S(=O)(=O)N(C)CC(=O)N/N=C/c2c(C(=O)[O-])cccc2)cc1,,C16187151,,0,0,0,0,0,0,0,1,0,0
S(=O)(=O)([N-]c1c(C(=O)N/N=C/c2ccc(-n3cncc3)cc2)cccc1)c1sccc1,,C19631897,,0,0,0,0,0,1,0,1,0,0
Brc1ccc([C@@H]2N(CCO)C(=O)C([O-])=C2C(=O)c2ccc([N+](=O)[O-])cc2)cc1,,C06445686,,0,0,0,0,0,0,0,0,0,0
Oc1c(OCC)cc([C@H]2N(c3noc(C)c3)C(=O)C([O-])=C2C(=O)c2sccc2)cc1,,C08913976,,0,0,0,0,0,0,0,0,0,0
S=C1N(CCCC)C(=O)/C(/C([O-])=N1)=C/1\NN(C(=O)CC)[C@H](c2ccc(OC)cc2)C\1,,C21788717,,0,0,0,0,0,0,0,0,0,0
S([C@@H](C)C(=O)NC1CCCCC1)c1nc(C2CC2)nc2N(C3CC3)C([O-])=NC(=O)c12,,C23561759,,0,0,1,1,0,0,0,1,0,0
Oc1c(OCC)cc([C@H]2N(c3noc(C)c3)C(=O)C([O-])=C2C(=O)c2ccccc2)cc1,,C33445527,,0,0,0,0,0,0,0,0,0,0
Oc1c(OCC)cc([C@H]2N(CCOC)C(=O)C([O-])=C2C(=O)c2ccc3O[C@@H](C)Cc3c2)cc1,,C35002980,,0,0,0,0,0,0,0,0,0,0
Oc1c(OCC)cc([C@@H]2N(CCOC)C(=O)C([O-])=C2C(=O)c2ccc3O[C@@H](C)Cc3c2)cc1,,C35002983,,0,0,1,0,0,0,0,0,0,0
S([C@@H](C)C(=O)NCC1CCCCC1)c1nc(C2CC2)nc2N(C3CC3)C([O-])=NC(=O)c12,,C12924568,,0,0,1,1,0,0,0,1,0,0
S(CC1=NC(=O)C2=C(C)[C@H](C(=O)[O-])SC2=N1)c1[nH]nc(-c2ccc(CC)cc2)n1,,C39692232,,0,0,1,0,0,0,1,1,0,0
S(CC)c1sc(N2[C@@H](c3ccc(O)cc3)C(C(=O)c3oc(C)cc3)=C([O-])C2=O)nn1,,C39999589,,0,0,0,0,0,0,0,0,0,0
O=C([O-])c1cn(-c2c(OC)cc(OC)cc2)c2[C@@H](c3c(OC)cccc3)CC(=O)Nc12,,C49543195,,0,0,0,0,0,0,0,0,0,0
O=C([O-])c1cn(-c2cc(OC)ccc2)c2[C@@H](c3c(OC)cc(OC)cc3)CC(=O)Nc12,,C49543246,,0,0,0,1,0,0,0,0,0,0
Fc1ccc(-n2c(-c3sccc3)nc(C(OCC(=O)/C(/C(=N)C)=C(/[O-])\C)=O)n2)cc1,,C58551515,,0,0,1,0,0,0,1,0,0,0
S(C[C@H](O)COc1cc(C)cc(C)c1)c1nc(C2CC2)nc2N(C3CC3)C([O-])=NC(=O)c12,,C58557214,,0,0,1,1,0,0,0,1,0,0
FC(F)(F)c1cnc(-n2c(C)c(C(=O)/C(/C#N)=C(\[O-])/Nc3c(OCC)cccc3)cn2)cc1,,C59369375,,0,0,0,0,0,0,0,1,0,0
S(=O)(=O)([N-]c1c(C(OC)=O)c(C)c(/C(/C)=C/C#N)s1)c1ccc(NC(=O)C)cc1,,C59461109,,0,0,0,0,0,0,0,1,0,0
OCCOc1c(OC)cc(/C=C\2/C(=O)N(c3cccc4ccccc34)C(=O)N=C/2[O-])cc1,,C59861193,,0,0,0,0,0,0,0,0,0,0
S(=O)(=O)([N-]c1scc(CC(=O)NC=2C=C[C@@H]3N=CC=C3C=2)n1)c1ccc(OC)cc1,,C39979750,,0,0,0,0,0,0,0,1,0,0
O=C([O-])c1c(N(C)CCc2c(C)n(CC)nc2C)ncc(NC(=O)c2sccc2)c1,,C64978951,,0,0,1,0,0,0,0,1,0,0
S(C)C[C@H](NC(=O)COc1cc2OC(C)(C)CCc2c2OC(=O)C=3CCCCC=3c12)C(=O)[O-],,C08879140,,0,0,1,0,0,0,0,1,0,0
Clc1c(C(OCC)=O)cc(NC(=O)CN2C(=O)/C(=C\c3ccc(C(=O)[O-])cc3)/SC2=O)cc1,,C09235472,,0,0,0,0,0,0,0,1,0,0
Brc1c(C)ccc(C(=O)N[C@H]2C(=O)N3C(C(=O)[O-])=C(COC(=O)C)CS[C@@H]23)c1,,C09431570,,0,0,0,0,0,0,0,0,0,0
S(=O)(=O)(Nc1cc(S(=O)(=O)N(C)C)c(OCC)cc1)c1ccc(/C=C/C(=O)[O-])cc1,,C13031153,,0,0,0,0,0,0,0,1,0,0
S(CC(=O)NC[C@@H]1Oc2ccccc2OC1)c1n(CCC(=O)[O-])c(-c2cc(C)ccc2)nn1,,C13035501,,0,0,1,0,0,0,0,1,0,0
Brc1c(Oc2c([N+](=O)[O-])cc(C(=O)NCC(=O)[O-])cc2)ccc(Br)c1,,C13210876,,0,0,0,0,0,0,0,0,1,0
Clc1c(CCNC(=O)CSc2nn3C(C)=C(CC(=O)[O-])C(C)=Nc3n2)ccc(Cl)c1,,C13221849,,0,1,1,0,0,0,1,1,0,0
S(=O)(=O)(C)c1c(NC(=O)CSc2n([C@@H](C(C)C)C(=O)[O-])c(-c3sccc3)nn2)cccc1,,C13272118,,0,0,1,0,0,0,0,1,0,0
Brc1c(NC(=O)CN2C(=O)C(C(=O)[O-])=CC([N+](=O)[O-])=C2)c(Br)cc(C)c1,,C13316677,,0,0,0,0,0,0,0,0,0,0
Clc1c(S(=O)(=O)N(C)C)cc(C(=O)Nc2c(C(=O)[O-])cc3OCCCOc3c2)cc1,,C13332731,,0,0,0,0,0,0,0,1,1,0
S(CC(=O)N[C@@H](Cc1ccccc1)C(=O)C)C=1N([C@H](C)C(=O)[O-])C(=O)c2ccccc2N=1,,C13334051,,0,0,0,0,0,0,0,1,0,0
Clc1n(Cc2ccc(C)cc2)nc(C)c1/C=C/C(=O)c1ccc(S(=O)(=O)NCC(=O)[O-])cc1,,C13366230,,0,0,1,0,0,0,0,1,0,0
Brc1c(/C=C/C(=O)c2ccc(S(=O)(=O)NCCC(=O)[O-])cc2)cc2OCOc2c1,,C13366391,,0,0,0,0,0,0,0,1,0,0
Clc1c(S(=O)(=O)N2C[C@@H](C)O[C@H](C)C2)cc(C(=O)N[C@@H](CC(=O)[O-])c2sccc2)cc1,,C13388365,,0,0,0,0,0,0,0,0,0,0
Clc1c(NC(=O)CSc2nn3C(C)=C(CCC(=O)[O-])C(C)=Nc3n2)cc2OCOc2c1,,C13444947,,0,0,1,0,0,0,1,1,0,0
S=C1N(NC(=O)Cc2ccccc2)C(=O)/C(=C\c2cc(OCC)c(OCC(=O)[O-])cc2)/S1,,C16916094,,0,0,0,0,0,0,0,1,0,0
Clc1cc(C(=O)NN2C(=O)/C(=C\c3cc(OCC)c(O[C@@H](C)C(=O)[O-])cc3)/SC2=S)ccc1,,C16917048,,0,0,0,0,0,0,0,0,0,0
S(=O)(=O)([N-]c1ccc2[nH+]c(N3CCN(CCC#N)CC3)cc(C(=O)[O-])c2c1)c1cc(F)c(F)cc1,,C15862643,,0,0,0,0,0,0,0,0,0,0
S(C)CC[C@@H](NC(=O)COc1cc2OC(C)(C)CCc2c2OC(=O)C=C(c3ccccc3)c12)C(=O)[O-],,C25108222,,0,0,1,0,0,1,0,1,0,0
Brc1ccc(C(=O)CN2C(=O)N(CCO)C(=O)c3c(C)c(C(=O)[O-])sc23)cc1,,C27531883,,0,0,0,0,0,0,0,0,0,0
O=C(N[C@@H](C)C(=O)[O-])C[C@H]1C(=O)N=C(N2[C@H](c3ccc(CC)cc3)CC(c3ccccc3)=N2)S1,,C28067115,,0,0,0,0,0,0,0,0,0,0
O=C(N[C@@H](C)C(=O)[O-])C[C@H]1C(=O)N=C(N2[C@@H](c3ccc(CC)cc3)CC(c3ccccc3)=N2)S1,,C28067120,,0,0,0,0,0,0,0,0,0,0
O=C([O-])CCNC(=O)C[C@@H]1C(=O)N=C(N2[C@@H](c3ccc(C)cc3)CC(c3sccc3)=N2)S1,,C28160319,,0,0,0,0,0,0,0,0,0,0
O[C@@]1(C)C(=O)[C@]2(C)[C@H](C(=O)CC/C=C/C)[C@@H]([C@]3(C)C([O-])=C(C)C(=O)O3)[C@H]1C(C(=O)/C=C/C=C/C)C2=O,,C31157964,,0,0,0,0,0,0,0,0,0,0
Clc1ccc(NC(=O)CN2C(=O)/C(=C/3\C(=O)N(CCC(=O)[O-])C(=S)S\3)/c3ccccc23)cc1,,C33518770,,0,0,0,0,0,0,0,1,0,0
Brc1ccc(C(=O)C=2[C@H](N(CCOCCO)C(=O)C=2[O-])c2cc([N+](=O)[O-])ccc2)cc1,,C34704197,,0,0,0,0,0,0,0,0,0,0
Clc1c(O[C@H]2[C@@H](NC(=O)C)[C@H](O[C@H](C)C(=O)[O-])[C@H]3OC(C)(C)OC[C@@H]3O2)ccc(Cl)c1,,C35056922,,0,0,0,0,0,0,0,0,0,0
Clc1ccc(S[C@H]2[C@@H](NC(=O)C)[C@H](O[C@@H](C)C(=O)[O-])[C@H]3O[C@H](c4occc4)OC[C@@H]3O2)cc1,,C35057379,,0,0,0,0,0,0,0,0,0,0
Clc1c(O[C@@H]2[C@H](NC(=O)C)[C@H](OCC(=O)[O-])[C@H]3OC(C)(C)OC[C@H]3O2)ccc(Cl)c1,,C35057518,,0,0,0,0,0,0,0,0,0,0
S([C@@H]1[C@H](NC(=O)C)[C@@H](OCC(=O)[O-])[C@H]2O[C@@H](c3ccccc3)OC[C@H]2O1)c1ccccc1,,C35057802,,0,0,0,0,0,0,0,0,0,0
Oc1cc([C@H]2N(c3sc(C(OCC=C)=O)c(C)n3)C(=O)C([O-])=C2C(=O)c2c(C)nc(C)s2)ccc1,,C35565867,,0,0,1,0,0,0,0,0,0,0
Ic1cc(C(=O)[O-])c(NC(=O)CN2CCN(S(=O)(=O)C)CC2)cc1,,C13274917,,0,0,0,0,0,0,0,0,0,0
S(CC(=O)C=1[C@@H](C)N(Cc2ccc3OCOc3c2)[C@H](C)C=1)C=1NC(=O)C(CCC(=O)[O-])=C(C)N=1,,C39667969,,0,0,1,0,0,0,0,0,0,0
S(=O)(=O)(N1[C@H](C)Cc2ccccc12)c1cc(C(=O)N[C@@H](CC(=O)[O-])c2ccc(OC)cc2)ccc1,,C39680432,,0,0,0,0,0,0,0,1,0,0
S(CC=1NC(=O)C=2[C@@H](C(=O)[O-])[C@@H](C)OC=2N=1)c1n(c(-c2ccccc2)nn1)-c1ccccc1,,C39690569,,0,0,1,0,0,0,1,1,0,0
S(CC=1NC(=O)C=2[C@@H](C(=O)[O-])[C@H](C)OC=2N=1)c1n(c(-c2occc2)nn1)-c1ccc(F)cc1,,C39693211,,0,0,1,0,0,0,1,0,0,0
S(CC=1NC(=O)c2ccc(C(=O)[O-])cc2N=1)[C@@H]1N(CCOC)C(=O)C=2C(S[C@@H]3CCCCC=23)=N1,,C39722353,,0,0,1,0,0,0,0,1,0,0
S(CC=1NC(=O)c2c(C)c(C(=O)[O-])sc2N=1)C=1N(CC=C)C(=O)[C@H]2C(C3CC3)=CS[C@@H]2N=1,,C39722706,,0,0,1,0,0,0,0,1,0,0
OCCN1[C@H](c2cc(OCc3ccccc3)ccc2)C(C(=O)c2ccc3OCCOc3c2)=C([O-])C1=O,,C40096598,,0,0,0,0,0,0,0,0,0,0
S(=O)(=O)(N(C)C)c1ccc(C(=O)C=2[C@H](N(CCO)C(=O)C=2[O-])c2ccc(C(C)C)cc2)cc1,,C40110671,,0,0,0,0,0,0,0,0,0,0
Clc1ccc(C(=O)C[C@@H]2C(=O)N/C(=N\N=C\c3c(C(=O)[O-])c(OC)c(OC)cc3)/S2)cc1,,C40142551,,0,0,0,0,0,0,0,0,0,0
O=C(N[C@H]1[C@@H](OCc2ccccc2)O[C@H]2CO[C@H](c3ccccc3)O[C@H]2[C@@H]1O[C@H](C)C(=O)[O-])C,,C44699124,,0,0,0,0,0,0,0,0,0,0
Brc1c([N-]S(=O)(=O)c2cc(S(=O)(=O)NC3CC3)ccc2)cc2OCCOc2c1,,C45800194,,0,0,0,0,0,0,0,0,0,0
S(CC1=CC(=O)Nc2sc(C(=O)[O-])c(C)c12)c1n(C)c([C@H]2Oc3ccccc3OC2)nn1,,C13417834,,0,0,0,0,0,0,1,1,0,0
O(C)C(=O)c1c(NC(=O)/C(/[O-])=C/C(=O)c2c(/N=C/3\CC(=O)C(=O)c4ccccc\34)cccc2)cccc1,,C05316355,,0,0,0,0,0,0,0,0,0,0
S(=O)(=O)([O-])c1c(N/N=C/2\C(=O)N(c3ccccc3)N=C\2c2ccccc2)ccc2ccccc12,,C59461673,,0,0,0,0,0,0,1,1,0,0
FC(F)(F)c1cc(-n2c(C)c(C(=O)/C(/[O-])=N/c3nc(-c4nc(C)ccc4)[nH]n3)c(C)n2)ccc1,,C32912041,,0,0,1,0,0,0,0,1,0,0
Clc1c(COc2c(OCC)cc(/C=N/N=C\3/S[C@H](CC(=O)[O-])C(=O)N/3)cc2)cccc1,,C13544806,,0,0,0,0,0,0,0,0,0,0
S=C1N(CCC=2CCCCC=2)C(=O)C(/C=N/C=2C(=O)N(N(C)C=2C)c2ccccc2)=C([O-])N1,,C17195947,,0,0,0,0,1,0,0,0,0,0
Brc1c(-c2nc(/N=C(\[O-])/COc3ccc4[C@H](C)CC(=O)Oc4c3)[nH]n2)cccc1,,C64151344,,0,0,1,0,0,1,1,1,0,0
Clc1c(C(=O)N/C(=C/c2cc([N+](=O)[O-])ccc2)/C(=O)NCCC(=O)[O-])cccc1,,C02983006,,0,0,0,0,0,0,0,0,0,0
O=C(Nc1ccc(C(=O)[O-])cc1)C[C@@H]1C(=O)N/C(=N\N=C(/C)\c2ccc(OC)cc2)/S1,,C09288071,,0,0,0,0,0,0,0,1,0,0
Brc1ccc(O[C@@H](CC)C(=O)NNC(=O)c2c(C(=O)[O-])cccc2)cc1,,C10151751,,0,0,0,0,0,0,0,1,0,0
S(CC(=O)NC(=O)Nc1ccccc1)c1n(CC(=O)[O-])c(-c2ccc(C)cc2)nn1,,C13020498,,0,0,0,0,0,0,1,1,0,0
S(CC(=O)N)c1sc(SCc2n(CC)c3ccc(C(=O)[O-])cc3n2)nn1,,C13035865,,0,0,1,0,0,0,0,1,0,0
Clc1c(C(=O)[O-])cc(S(=O)(=O)Oc2ccc(CC[C@]3(C)C(=O)NC(=O)N3)cc2)cc1,,C13089176,,0,0,0,0,0,0,0,1,0,0
Brc1c(C(=O)[O-])cc(S(=O)(=O)NCCNc2ccc([N+](=O)[O-])cc2)cc1,,C13185947,,0,0,0,0,0,0,0,1,0,0
S(CC(=O)NC(=O)N[C@@H]1[C@H](C)CCCC1)c1n(CC(=O)[O-])c(-c2ccc(C)cc2)nn1,,C13205857,,0,0,0,0,0,0,0,1,0,0
S(CC(=O)NC(=O)Nc1cc(C)c(C)cc1)c1n(CC(=O)[O-])c(-c2sccc2)nn1,,C13239165,,0,0,1,0,0,0,1,1,0,0
Brc1c(S(=O)(=O)NC[C@H](O)c2ccc([N+](=O)[O-])cc2)cc(C(=O)[O-])cc1,,C13247322,,0,0,0,0,0,0,0,1,0,0
S(=O)(=O)(/N=C\1/NCCCCC/1)c1ccc(NC(=O)CC2(C(=O)[O-])CCCCC2)cc1,,C13249918,,0,0,0,0,0,0,0,0,0,0
Clc1c(S(=O)(=O)NCc2ccc(CS(=O)(=O)NC)cc2)cc(C(=O)[O-])c(Cl)c1,,C13270096,,0,0,0,0,0,0,0,1,0,0
Brc1c(C(=O)NNS(=O)(=O)c2scc(C(=O)[O-])c2)cccc1,,C13299867,,0,0,0,0,0,0,0,1,1,0
S(=O)(=O)(NNC(=O)COc1cc(C(F)(F)F)ccc1)c1cc(C(=O)[O-])ccc1,,C13346516,,0,0,0,0,0,0,0,1,1,0
Brc1c(OCC(=O)NNC(=O)c2c(C(=O)[O-])cccc2)ccc(CC)c1,,C13977601,,0,0,0,0,0,0,0,1,0,0
S=C1N(NC(=O)c2cc(O)ccc2)C(=O)/C(=C/c2ccc(O[C@@H](C)C(=O)[O-])cc2)/S1,,C16929686,,0,0,0,1,0,0,0,1,0,0
S=C1N(NC(=O)c2cc(O)ccc2)C(=O)/C(=C/c2cc(O[C@H](CC)C(=O)[O-])ccc2)/S1,,C16929707,,0,0,0,1,0,0,0,1,0,0
O=[N+]([O-])c1cc(NC(=O)c2c(NC(=O)[C@H]3[C@@H](C(=O)[O-])CCCC3)scc2)ccc1,,C17091040,,0,0,0,0,0,0,0,1,0,0
Clc1c(/C=C(\NC(=O)c2occc2)/C(=O)N[C@H](C(C)C)C(=O)[O-])ccc(Cl)c1,,C26580548,,0,0,0,0,0,0,0,0,0,0
O=C(NC(=O)c1ccccc1)Nc1c(C(=O)[O-])c([C@H]2Oc3ccccc3OC2)cs1,,C26803545,,0,0,0,0,0,0,0,1,0,0
Brc1c(C(=O)N/C(=C/c2ccc3OCOc3c2)/C(=O)NCCC(=O)[O-])cccc1,,C02276706,,0,0,0,0,0,0,0,1,0,0
O=C([O-])[C@@H]1[C@H](C(=O)Nc2c(C(=O)NC3CCCC3)c3CCCc3s2)[C@@H]2O[C@H]1CC2,,C35897633,,0,0,0,0,0,0,0,0,0,0
Clc1ccc(/C=C(/NC(=O)c2occc2)\C(=O)N[C@@H](Cc2ccccc2)C(=O)[O-])cc1,,C15746143,,0,0,0,0,0,0,0,0,0,0
O[C@H]1C[C@]2(C)[C@@](O)(C(=O)COC(=O)CCC(=O)[O-])CC[C@H]2[C@H]2CCC=3[C@](C)(CCC(=O)C=3)[C@@H]12,,C12402842,,0,0,0,0,0,0,0,0,0,0
O=C(N[C@@H](Cc1c[nH]c2ccccc12)C(=O)[O-])CC[C@@H]1[C@H](C)c2cc3c(C)coc3cc2OC1=O,,C38557429,,0,0,0,0,0,0,0,0,0,0
S([C@H](C)C(=O)NC(=O)Nc1ccccc1)c1n(CCC(=O)[O-])c(-c2sccc2)nn1,,C13443753,,0,0,1,0,0,0,0,1,0,0
Clc1ccc([C@@H](C(=O)N)N2CCN(c3cc(C(=O)[O-])c([N+](=O)[O-])cc3)CC2)cc1,,C13461528,,0,0,0,0,0,0,0,1,0,0
Clc1c(-c2oc(/C=C/3\C(=O)N([C@H](CC(=O)N)C(=O)[O-])C(=S)S\3)cc2)cc(Cl)cc1,,C39861960,,0,0,0,0,0,0,0,1,0,0
O=C(N)COc1ccc([C@@H]2N(CC=C)C(=O)C([O-])=C2C(=O)c2oc3ccccc3c2)cc1,,C40028361,,0,0,0,0,0,0,0,0,0,0
O[C@H]1C[C@@]2(C)[C@@](O)(C(=O)COC(=O)CCC(=O)[O-])CC[C@H]2[C@H]2CCC=3[C@](C)([C@@H]12)C=CC(=O)C=3,,C43735356,,0,0,0,0,0,0,0,0,0,0
Brc1c([N+](=O)[O-])cc(C[C@@H](NC(=O)OC(C)(C)C)C(=O)[O-])c(O)c1,,C44319340,,0,0,1,0,0,0,0,0,0,0
O[C@@H]1C[C@@]2(C)[C@](O)(C(=O)COC(=O)CCC(=O)[O-])CC[C@H]2[C@@H]2CCC=3[C@@](C)(CCC(=O)C=3)[C@@H]12,,C44865514,,0,0,0,0,0,0,0,0,0,0
Clc1cc(CSCC(=O)NNC(=O)c2c([O-])cn(-c3ccccc3)n2)ccc1,,C10158809,,0,0,1,0,0,0,0,1,0,0
S(=O)(=O)(NNC(=O)c1oc(COc2ccccc2)cc1)c1scc(C(=O)[O-])c1,,C45645094,,0,0,0,0,0,0,0,1,1,0
Brc1ccc(C2(C(=O)NNC(=O)c3c([O-])cn(-c4ccccc4)n3)CC2)cc1,,C45799158,,0,0,1,0,0,0,0,1,0,0
S=C1N([C@@H](C)C(=O)Nc2ccc(C(=O)[O-])cc2)C(=O)/C(=C/c2c(O)cccc2)/S1,,C15047240,,0,0,0,0,0,0,0,1,0,0
S(CC(=O)Nc1c(C#N)c(C)c(C)s1)c1c(C#N)c2NC(=O)C=C([O-])c2s1,,C12372704,,0,0,1,0,0,0,0,1,0,0
Brc1cc(C(=O)[O-])c(N/N=C/2\C(=O)N(CCCO)C(=O)C(C#N)=C\2C)cc1,,C20035585,,0,0,0,0,0,0,0,1,0,0
Clc1c(/C=N/N2C(=N)S[C@@H](C(=O)Nc3ccc(C(=O)[O-])cc3)CC2=O)cccc1,,C58836170,,0,0,0,0,0,0,0,0,0,0
O=C([O-])CC[C@H]1N[C@@]2(C(=O)Nc3c(CC)cccc23)[C@@H]2C(=O)N(CCc3ccccc3)C(=O)[C@H]12,,C15959464,,0,0,0,0,0,0,0,0,0,0
O=C([O-])CC[C@H]1N[C@]2(C(=O)Nc3c(C)cccc23)[C@@H]2C(=O)N(CCc3ccccc3)C(=O)[C@H]12,,C15968479,,0,0,0,0,0,0,0,0,0,0
Ic1cc(C(=O)[O-])c(NC(=O)N(C)C[C@H](O)COC)cc1,,C62824836,,0,0,0,0,0,0,0,0,0,0
[S-]c1n(C)c(-c2c(C)nc(NC(=O)CNC(=O)[C@@H]3SC(CC)=C(C)C3)s2)nn1,,C39779544,,0,0,1,0,1,1,0,1,0,0
Clc1c(CNC(=O)CSC2=C(C#N)C3=NC(=O)NC([O-])=C3S2)cccc1,,C04987703,,0,1,1,0,0,0,1,1,0,0
O(CC)c1c(OCC#C)ccc([C@H]2CC(=O)N[C@@H]3N(c4nnc([O-])cc4)NC(C)=C23)c1,,C63821994,,0,0,1,0,0,0,0,0,0,0
O(C)c1c(OCC(C)C)c([C@@H]2CC(=O)N[C@@H]3N(c4nnc([O-])cc4)NC(C)=C23)ccc1,,C63822236,,0,0,0,0,0,0,0,0,0,0
O(C)c1c(OC(C)C)ccc([C@@H]2CC(=O)N[C@H]3N(c4nnc([O-])cc4)NC(C)=C23)c1,,C63822287,,0,0,1,0,0,0,0,0,0,0
O(C)c1c(OC(C)C)cc([C@H]2CC(=O)N[C@H]3N(c4nnc([O-])cc4)NC(C)=C23)cc1,,C63822782,,0,0,0,0,0,0,0,0,0,0
Clc1ccc(-c2n(CC(=O)N[C@@H]3SC/C(=C/C(OCC)=O)/N3)c([S-])nn2)cc1,,C64155792,,0,0,0,0,0,0,0,0,0,0
O(CC)C(=O)C1=C([O-])/C(=C/c2oc(CNC(=O)C(=O)Nc3ccc(C)cc3)cc2)/N=C1C,,C19794374,,0,0,0,0,0,0,0,1,0,0